t,o,h,l,c,v
1412688600,24.8575,25.03,24.6825,24.6875,168376732
1412775000,24.69,25.2775,24.5775,25.2,229618696
1412861400,25.385,25.595,25.1525,25.255,309506100
1412947800,25.1725,25.5075,25.075,25.1825,265326368
1413207000,25.3325,25.445,24.9525,24.9525,214333472
1413293400,25.0975,25.13,24.6425,24.6875,254754248
1413379800,24.4925,24.7875,23.795,24.385,403734400
1413466200,23.8875,24.43,23.8525,24.065,288618092
1413552600,24.375,24.75,24.2025,24.4175,272718752
1413811800,24.57875,24.99,24.555,24.94,310069116
1413898200,25.755,25.755,25.3175,25.6175,378495616
1413984600,25.71,26.0275,25.65,25.7475,273052584
1414071000,26.02,26.26275,25.9075,26.2075,284298696
1414157400,26.295,26.3725,26.1325,26.305,188215664
1414416600,26.2125,26.37,26.175,26.2775,136750804
1414503000,26.35,26.685,26.3375,26.685,192243796
1414589400,26.6625,26.8425,26.59,26.835,210751516
1414675800,26.73975,26.8375,26.475,26.745,162619172
1414762200,27.0025,27.01,26.8025,27,178557140
1415025000,27.055,27.575,27.0025,27.35,209130200
1415111400,27.34,27.3725,26.93,27.15,166297460
1415197800,27.275,27.325,27.03125,27.215,149743620
1415284200,27.15,27.1975,26.95,27.175,139873828
1415370600,27.1875,27.33,27.1375,27.2525,134766140
1415629800,27.255,27.3325,27.1675,27.2075,108782188
1415716200,27.175,27.4375,27.1,27.425,109769008
1415802600,27.345,27.8575,27.3425,27.8125,187769724
1415889000,27.95,28.3625,27.9,28.205,238091420
1415975400,28.2875,28.5475,28.2625,28.545,176254380
1416234600,28.5675,29.32,28.325,28.4975,186986848
1416321000,28.485,28.9225,28.4725,28.8675,176895912
1416407400,28.86,28.935,28.45,28.6675,167476640
1416493800,28.7275,29.215,28.7125,29.0775,173582148
1416580200,29.3775,29.3925,29.0075,29.1175,228717192
1416839400,29.2125,29.6925,29.155,29.65625,189803296
1416925800,29.7675,29.9375,29.3625,29.4,275361760
1417012200,29.485,29.775,29.4575,29.75,163327544
1417185000,29.8175,29.85,29.5125,29.7325,99257608
1417444200,29.7025,29.8125,27.8175,28.7675,335256148
1417530600,28.375,28.9375,28.1875,28.6575,237395760
1417617000,28.9375,29.0875,28.7775,28.9825,172253760
1417703400,28.9425,29.3,28.8225,28.8725,168623104
1417789800,28.9975,29.02,28.66,28.75,153275580
1418049000,28.525,28.662,27.905,28.1,230659400
1418135400,27.5475,28.575,27.3375,28.53,240832144
1418221800,28.6025,28.7125,27.885,27.9875,178261272
1418308200,28.065,28.45,27.835,27.905,165886312
1418394600,27.615,27.9675,27.395,27.4325,224112552
1418653800,27.675,27.9,26.5875,27.05625,268872328
1418740200,26.5925,27.54,26.565,26.68625,243162932
1418826600,26.78,27.46,26.705,27.3525,213647092
1418913000,27.9675,28.1625,27.665,28.1625,236024872
1418999400,28.065,28.31,27.915,27.945,353719080
1419258600,28.04,28.3725,27.9925,28.235,180670196
1419345000,28.3075,28.3325,28.115,28.135,104113676
1419431400,28.145,28.1775,28.0025,28.0025,57918444
1419604200,28.025,28.63,28.0025,28.4975,134883804
1419863400,28.4475,28.6925,28.425,28.4775,110395680
1419949800,28.41,28.48,28.0275,28.13,119525908
1420036200,28.205,28.2825,27.5525,27.595,165613404
1420209000,27.8475,27.86,26.8375,27.3325,212818504
1420468200,27.0725,27.1625,26.3525,26.5625,257141964
1420554600,26.635,26.8575,26.1575,26.565,263188464
1420641000,26.8,27.05,26.67375,26.9375,160423736
1420727400,27.3075,28.0375,27.175,27.9725,237458188
1420813800,28.1675,28.3125,27.5525,28.0025,214798108
1421073000,28.15,28.1575,27.2,27.3125,198603160
1421159400,27.8575,28.2,27.2275,27.555,268367712
1421245800,27.26,27.6225,27.125,27.45,195826352
1421332200,27.5,27.515,26.665,26.705,240055984
1421418600,26.7575,26.895,26.3,26.4975,314053380
1421764200,26.96,27.241675,26.625,27.18,199599628
1421850600,27.2375,27.765,27.0675,27.3875,194303588
1421937000,27.565,28.1175,27.43,28.1,215185636
1422023400,28.075,28.4375,27.8825,28.245,185859312
1422282600,28.435,28.59065,28.2,28.275,222459916
1422369000,28.105,28.12,27.2575,27.285,382274996
1422455400,29.40625,29.53,28.8275,28.8275,585908252
1422541800,29.08,29.7975,28.89,29.725,337745728
1422628200,29.6,30,29.2125,29.29,334981844
1422887400,29.5125,29.7925,29.02,29.6575,250956400
1422973800,29.625,29.7725,29.4025,29.6625,207662996
1423060200,29.625,30.1275,29.57725,29.89,280598972
1423146600,30.005,30.0575,29.8125,29.985,168984980
1423233000,30.005,30.0625,29.6125,29.7325,174826268
1423492200,29.6375,29.96,29.6075,29.93,155559188
1423578600,30.0425,30.5375,30.04,30.505,248034024
1423665000,30.6925,31.23,30.625,31.22,294247188
1423751400,31.515,31.87,31.3925,31.615,297897864
1423837800,31.82,31.82,31.4125,31.77,217088876
1424183400,31.8725,32.22,31.73,31.9575,252609620
1424269800,31.90625,32.195,31.8625,32.17875,179566948
1424356200,32.12,32.2575,32.0825,32.1125,149449524
1424442600,32.155,32.375,32.0125,32.37375,195793676
1424701800,32.505,33.25,32.415,33.25,283896440
1424788200,33.235,33.4,32.7925,33.0425,276912520
1424874600,32.89,32.9,32.0375,32.1975,298846984
1424961000,32.19625,32.7175,31.6525,32.60375,365150116
1425047400,32.5,32.6425,32.06,32.115,248059388
1425306600,32.3125,32.57,32.075,32.2725,192386652
1425393000,32.24,32.38,32.0225,32.34,151265132
1425479400,32.275,32.39,32.08,32.135,126665360
1425565800,32.145,32.1875,31.44,31.6025,226068584
1425652200,32.1,32.3425,31.565,31.65,291368240
1425907800,31.99,32.3925,31.265,31.785,354113948
1425994200,31.6025,31.805,30.95,31.1275,275426328
1426080600,31.1875,31.1925,30.5275,30.56,275755896
1426167000,30.5775,31.225,30.4075,31.1125,193450876
1426253400,31.1,31.348775,30.645,30.8975,207309132
1426512600,30.97,31.2375,30.7175,31.2375,143497200
1426599000,31.475,31.83,31.4125,31.76,204092416
1426685400,31.75,32.29,31.5925,32.1175,261083780
1426771800,32.1875,32.311275,31.85,31.87375,183237960
1426858200,32.0625,32.1,31.29,31.475,274780544
1427117400,31.78,31.9625,31.63,31.8025,150838696
1427203800,31.8075,32.01,31.64,31.6725,131369216
1427290200,31.635,31.705,30.845,30.845,206620708
1427376600,30.69,31.22,30.65,31.06,190291476
1427463000,31.1425,31.175,30.7275,30.8125,158184604
1427722200,31.0125,31.6,31,31.5925,188398680
1427808600,31.5225,31.6225,31.08875,31.1075,168362212
1427895000,31.205,31.28,30.775,31.0625,162485748
1427981400,31.2575,31.39,31.0475,31.33,128880524
1428327000,31.1175,31.8775,31.0825,31.8375,148775900
1428413400,31.91,32.03045,31.495,31.5025,140049072
1428499800,31.4625,31.6,31.2425,31.4,149316972
1428586200,31.4625,31.645,31.165,31.64,129935896
1428672600,31.4875,31.8025,31.315,31.775,160751812
1428931800,32.0925,32.1425,31.6525,31.7125,145460492
1429018200,31.75,31.8225,31.4775,31.575,102098372
1429104600,31.6025,31.7825,31.5025,31.695,115881676
1429191000,31.57,31.775,31.5275,31.5425,113475948
1429277400,31.3875,31.535,31.115,31.1875,207828184
1429536600,31.3925,32.03,31.2925,31.9,188217240
1429623000,32.025,32.05,31.6675,31.7275,129740228
1429709400,31.7475,32.2175,31.58,32.155,150618020
1429795800,32.075,32.605,32.035,32.4175,183083608
1429882200,32.6225,32.6575,32.3075,32.57,178103620
1430141400,33.0775,33.2825,32.7875,33.1625,387816828
1430227800,33.61375,33.635,32.3925,32.64,475695880
1430314200,32.54,32.8975,32.075,32.16,253544332
1430400600,31.875,31.97,31.145,31.2875,332781692
1430487000,31.525,32.5325,31.325,32.2375,234050552
1430746200,32.375,32.6425,32.065,32.175,203953112
1430832600,32.0375,32.11245,31.445,31.45,197085664
1430919000,31.64,31.6875,30.84,31.2525,288564040
1431005400,31.1925,31.52,31.005,31.315,175763580
1431091800,31.67,31.905,31.5275,31.905,222201528
1431351000,31.8475,31.89,31.40625,31.58,168143028
1431437400,31.4,31.72,31.205,31.46625,192640128
1431523800,31.5375,31.7975,31.4675,31.5025,138776940
1431610200,31.8525,32.2375,31.79,32.2375,180813824
1431696600,32.2675,32.3725,32.0525,32.1925,152832136
1431955800,32.095,32.68,32.09,32.5475,203531672
1432042200,32.6725,32.72,32.41,32.5175,178532960
1432128600,32.5,32.745,32.335,32.515,145819728
1432215000,32.5175,32.9075,32.4575,32.8475,158921456
1432301400,32.9,33.2425,32.85,33.135,182383888
1432647000,33.15,33.2275,32.28,32.405,282790240
1432733400,32.585,33.065,32.5125,33.01125,183332984
1432819800,32.965,32.9875,32.775,32.945,122933236
1432906200,32.8075,32.8625,32.475,32.57,203537808
1433165400,32.8,32.8475,32.5125,32.63375,128451188
1433251800,32.465,32.66375,32.33,32.49,134670508
1433338200,32.665,32.735,32.475,32.53,123934168
1433424600,32.395,32.645,32.2275,32.34,153800472
1433511000,32.375,32.4225,32.09,32.1625,142507200
1433770200,32.225,32.3025,31.7075,31.95,210699144
1433856600,31.675,32.02,31.405,31.855,224301680
1433943000,31.98,32.335,31.9625,32.22,156349000
1434029400,32.295,32.545,32.11875,32.1475,141563548
1434115800,32.04625,32.0825,31.7775,31.7925,147544984
1434375000,31.525,31.81,31.4275,31.73,175955784
1434461400,31.7575,31.9625,31.5925,31.9,125976524
1434547800,31.93,31.97,31.685,31.825,131672284
1434634200,31.8075,32.0775,31.805,31.97,141628880
1434720600,31.9275,31.955,31.6,31.65,218867548
1434979800,31.8725,32.015,31.77,31.9025,136157380
1435066200,31.87,31.9025,31.7198,31.7575,121075452
1435152600,31.8025,32.45,31.78,32.0275,221123420
1435239000,32.215,32.3,31.875,31.875,127752400
1435325400,31.9175,31.9975,31.6275,31.6875,176267364
1435584600,31.365,31.6175,31.12,31.1325,196645708
1435671000,31.3925,31.53,31.215,31.35625,177482728
1435757400,31.725,31.735,31.4975,31.65,120955244
1435843800,31.6075,31.6725,31.4425,31.61,108843808
1436189400,31.235,31.5575,31.2125,31.5,112241724
1436275800,31.4725,31.5375,30.9425,31.4225,187787244
1436362200,31.12,31.16,30.635,30.6425,243046456
1436448600,30.9625,31.015,29.805,30.0175,314380152
1436535000,30.485,30.9625,30.3025,30.82,245417896
1436794200,31.2575,31.43875,31.08,31.415,165762152
1436880600,31.51,31.5925,31.26,31.4025,127072556
1436967000,31.43,31.7875,31.395,31.705,134596800
1437053400,31.935,32.1425,31.8375,32.1275,144889788
1437139800,32.27,32.405,32.0775,32.405,184658840
1437399000,32.7425,33.2425,32.675,33.0175,235600812
1437485400,33.2125,33.23,32.58,32.6875,307025708
1437571800,30.4975,31.375,30.4975,31.305,461802428
1437658200,31.55,31.7725,31.265,31.29,203997808
1437744600,31.33,31.435,30.975,31.125,168649328
1438003800,30.7725,30.9025,30.53,30.6925,177822160
1438090200,30.845,30.9775,30.6375,30.845,134472388
1438176600,30.7875,30.875,30.5675,30.7475,148046612
1438263000,30.58,30.642475,30.4275,30.5925,134513072
1438349400,30.65,30.660625,30.2275,30.325,171539812
1438608600,30.375,30.6425,29.38,29.61,279903872
1438695000,29.355,29.425,28.3125,28.66,496554492
1438781400,28.2375,29.36,28.025,28.85,397250452
1438867800,28.9925,29.125,28.52875,28.7825,211612160
1438954200,28.645,29.0625,28.625,28.88,154681620
1439213400,29.1325,29.9975,29.1325,29.93,219806388
1439299800,29.4525,29.545,28.3325,28.3725,388331256
1439386200,28.1325,28.855,27.4075,28.81,406742440
1439472600,29.01,29.1,28.635,28.7875,194143156
1439559000,28.58,29.0775,28.5025,28.99,171718064
1439818200,29.01,29.4125,28.875,29.29,163538980
1439904600,29.1075,29.36,29.0025,29.125,138242832
1439991000,29.025,29.13,28.67,28.7525,193146040
1440077400,28.52,28.5875,27.9075,28.1625,274006488
1440163800,27.6075,27.975,26.41125,26.44,513101884
1440423000,23.7175,27.2,23,25.78,648825168
1440509400,27.7775,27.7775,25.875,25.935,414406396
1440595800,26.77125,27.4725,26.2625,27.4225,387098444
1440682200,28.0575,28.31,27.505,28.23,338464224
1440768600,28.0425,28.3275,27.885,28.3225,212657628
1441027800,28.0075,28.6325,28,28.19,224917084
1441114200,27.5375,27.97,26.84,26.93,307383440
1441200600,27.5575,28.085,27.28275,28.085,247555248
1441287000,28.1225,28.195,27.51,27.5925,212935760
1441373400,27.2425,27.6125,27.1275,27.3175,199985244
1441719000,27.9125,28.14,27.58,28.0775,219374504
1441805400,28.44,28.505,27.4425,27.5375,340043216
1441891800,27.5675,28.320625,27.475,28.1425,251571324
1441978200,27.9475,28.5525,27.94,28.5525,199661892
1442237400,29.145,29.2225,28.715,28.8275,233453724
1442323800,28.9825,29.1325,28.605,29.07,173364620
1442410200,29.0625,29.135,28.86,29.1025,148693956
1442496600,28.915,29.1225,28.42875,28.48,256450564
1442583000,28.0525,28.575,27.9675,28.3625,297141164
1442842200,28.4175,28.8425,28.415,28.8025,200887860
1442928600,28.345,28.545,28.130025,28.35,201384636
1443015000,28.4075,28.68,28.325,28.58,143026864
1443101400,28.3125,28.875,28.0925,28.75,200877900
1443187800,29.11,29.1725,28.505,28.6775,224607704
1443447000,28.4625,28.6425,28.11,28.11,208436044
1443533400,28.2075,28.3775,26.965,27.265,293461536
1443619800,27.5425,27.885,27.1825,27.575,265892132
1443706200,27.2675,27.405,26.8275,27.395,255716400
1443792600,27.0025,27.7534,26.8875,27.595,232079032
1444051800,27.47,27.84245,27.2675,27.695,208258972
1444138200,27.6575,27.935,27.44125,27.8275,195427908
1444224600,27.935,27.9425,27.3525,27.695,187062200
1444311000,27.5475,27.5475,27.0525,27.375,247918308
1444397400,27.5,28.07,27.3725,28.03,211064560
1444656600,28.1825,28.1875,27.86,27.9,121868816
1444743000,27.705,28.1125,27.67,27.9475,132197024
1444829400,27.8225,27.88,27.39,27.5525,177849796
1444915800,27.7325,28.025,27.6225,27.965,150693808
1445002200,27.945,28,27.6325,27.76,156930436
1445261400,27.7,27.9375,27.5275,27.9325,119036612
1445347800,27.835,28.5425,27.705,28.4425,195871052
1445434200,28.5,28.895,28.425,28.44,169307896
1445520600,28.5825,28.875,28.525,28.875,166616356
1445607000,29.175,29.807,29.0825,29.77,237467656
1445866200,29.52,29.5325,28.73,28.82,265335124
1445952600,28.85,29.135,28.4975,28.6375,279537600
1446039000,29.2325,29.825,29.015,29.8175,342205408
1446125400,29.675,30.1725,29.5675,30.1325,204909336
1446211800,30.2475,30.305,29.8625,29.875,197461016
1446474600,29.9675,30.34,29.9025,30.295,128813068
1446561000,30.1975,30.8725,30.175,30.6425,182075904
1446647400,30.7825,30.955,30.405,30.5,179544200
1446733800,30.4625,30.6725,30.045,30.23,158210720
1446820200,30.2775,30.4525,30.155,30.265,132169132
1447079400,30.24,30.4525,30.0125,30.1425,135485620
1447165800,29.225,29.5175,29.01525,29.1925,236511724
1447252200,29.0925,29.355,28.8025,29.0275,180871884
1447338600,29.065,29.205,28.9125,28.93,130102316
1447425000,28.8,28.8925,28.0675,28.085,183249612
1447684200,27.845,28.56,27.75,28.54375,152426804
1447770600,28.73,28.7625,28.33,28.4225,110467756
1447857000,28.94,29.3725,28.875,29.3225,186698788
1447943400,29.41,29.9375,29.19,29.695,173183280
1448029800,29.8,29.98,29.7125,29.825,137148384
1448289000,29.8175,29.9325,29.335,29.4375,129930112
1448375400,29.3325,29.8375,29.28,29.72,171212688
1448461800,29.8025,29.8075,29.48,29.5075,85553232
1448634600,29.5725,29.6025,29.4,29.4525,52185780
1448893800,29.4975,29.8525,29.4375,29.575,156721288
1448980200,29.6875,29.7025,29.215,29.335,139409496
1449066600,29.2625,29.5275,29.02,29.07,133546252
1449153000,29.1375,29.1975,28.555,28.8,166278036
1449239400,28.8225,29.8125,28.7775,29.7575,231107908
1449498600,29.745,29.965,29.4525,29.57,128336996
1449585000,29.38,29.65,29.215,29.5575,137237800
1449671400,29.41,29.4225,28.77,28.905,185445428
1449757800,29.01,29.235,28.8775,29.0425,116850908
1449844200,28.7975,28.8475,28.21275,28.295,187544644
1450103400,28.045,28.17,27.4475,28.12,260014436
1450189800,27.985,28.2,27.5875,27.6225,213292420
1450276200,27.7675,27.9975,27.2,27.835,224953868
1450362600,28.005,28.0625,27.245,27.245,179091308
1450449000,27.2275,27.38,26.4525,26.5075,385813308
1450708200,26.82,26.8425,26.3925,26.8325,190362440
1450794600,26.85,26.93,26.61275,26.8075,131157468
1450881000,26.8175,27.2125,26.8,27.1525,130629416
1450967400,27.25,27.25,26.9875,27.0075,54386720
1451313000,26.8975,26.9225,26.545175,26.705,106816840
1451399400,26.74,27.3575,26.715,27.185,123724972
1451485800,27.145,27.175,26.795,26.83,100855108
1451572200,26.7525,26.7575,26.205,26.315,163649264
1451917800,25.6525,26.342,25.5,26.3375,270597548
1452004200,26.4375,26.4625,25.6025,25.6775,223163968
1452090600,25.14,25.5925,24.9675,25.175,273829552
1452177000,24.67,25.0325,24.1075,24.1125,324377712
1452263400,24.6375,24.7775,24.19,24.24,283192064
1452522600,24.7425,24.765,24.335,24.6325,198957508
1452609000,25.1375,25.1725,24.709975,24.99,196616908
1452695400,25.08,25.2975,24.325,24.3475,249758524
1452781800,24.49,25.12,23.935,24.88,252680508
1452868200,24.05,24.4275,23.84,24.2825,319335564
1453213800,24.6025,24.6625,23.875,24.165,212350988
1453300200,23.775,24.547425,23.355,24.1975,289337664
1453386600,24.265,24.47,23.735,24.075,208645852
1453473000,24.6575,25.365,24.5925,25.355,263201868
1453732200,25.38,25.3825,24.8025,24.86,207178100
1453818600,24.9825,25.22,24.5175,24.9975,300308008
1453905000,24.01,24.157225,23.335,23.355,533478696
1453991400,23.4475,23.63,23.0975,23.5225,222715300
1454077800,23.6975,24.335,23.5875,24.335,257666016
1454337000,24.1175,24.1775,23.85,24.1075,163774164
1454423400,23.855,24.01,23.57,23.62,149428860
1454509800,23.75,24.21,23.52,24.0875,183857176
1454596200,23.965,24.3325,23.7975,24.15,185886608
1454682600,24.13,24.23,23.4225,23.505,185672256
1454941800,23.2825,23.925,23.26,23.7525,216085500
1455028200,23.5725,23.985,23.4825,23.7475,177324780
1455114600,23.98,24.0875,23.525,23.5675,169374404
1455201000,23.4475,23.68,23.1475,23.425,200298844
1455287400,23.5475,23.625,23.2525,23.4975,161405524
1455633000,23.755,24.2125,23.6525,24.16,196231664
1455719400,24.1675,24.5525,24.0375,24.53,179452972
1455805800,24.71,24.7225,24.02275,24.065,156083932
1455892200,24,24.189975,23.95,24.01,141496692
1456151400,24.0775,24.225,23.98,24.22,137123032
1456237800,24.1,24.125,23.6375,23.6725,127770532
1456324200,23.495,24.095,23.33,24.025,145022980
1456410600,24.0125,24.19,23.8125,24.19,110330636
1456497000,24.3,24.505925,24.145,24.2275,115964524
1456756200,24.215,24.5575,24.1625,24.1725,140865108
1456842600,24.4125,25.1925,24.355,25.1325,201628588
1456929000,25.1275,25.2225,24.91,25.1875,132678240
1457015400,25.145,25.427475,25.1125,25.375,147822968
1457101800,25.5925,25.9375,25.3425,25.7525,184220400
1457361000,25.5975,25.7075,25.24,25.4675,143663240
1457447400,25.195,25.44,25.1,25.2575,126247556
1457533800,25.3275,25.395,25.0675,25.28,108806732
1457620200,25.3525,25.56,25.0375,25.2925,134054308
1457706600,25.56,25.57,25.375,25.565,109632948
1457962200,25.4775,25.7275,25.445,25.63,100304248
1458048600,25.99,26.295,25.9625,26.145,160270936
1458135000,26.1525,26.5775,26.1475,26.4925,153213972
1458221400,26.38,26.6175,26.24,26.45,137682820
1458307800,26.585,26.625,26.2975,26.48,176820684
1458567000,26.4825,26.9125,26.285025,26.4775,142010712
1458653400,26.3125,26.8225,26.3025,26.68,129777500
1458739800,26.62,26.7675,26.475,26.5325,102813980
1458826200,26.3675,26.5625,26.2225,26.4175,104531820
1459171800,26.5,26.5475,26.265,26.2975,77645488
1459258200,26.2225,26.9475,26.22,26.92,124760332
1459344600,27.1625,27.605,27.15,27.39,182404596
1459431000,27.43,27.475,27.22,27.2475,103553796
1459517400,27.195,27.5,27.05,27.4975,103495800
1459776600,27.605,28.0475,27.5675,27.78,149424816
1459863000,27.3775,27.6825,27.355,27.4525,106314608
1459949400,27.5575,27.745,27.3,27.74,105616308
1460035800,27.4875,27.605,27.03025,27.135,127207480
1460122200,27.2275,27.4425,27.0425,27.165,94326960
1460381400,27.2425,27.6525,27.2075,27.255,117630072
1460467800,27.335,27.625,27.165,27.61,108929300
1460554200,27.7,28.085,27.7,28.01,133029264
1460640600,27.905,28.0975,27.8325,28.025,101895692
1460727000,28.0275,28.075,27.4325,27.4625,187755876
1460986200,27.2225,27.2375,26.735,26.87,243285844
1461072600,26.97,27,26.5575,26.7275,129539516
1461159000,26.66,27.0225,26.515,26.7825,122444120
1461245400,26.7325,26.7325,26.38,26.4925,126210100
1461331800,26.2525,26.62,26.155,26.42,134732484
1461591000,26.25,26.4125,26.1275,26.27,112126352
1461677400,25.9775,26.325,25.9775,26.0875,224064660
1461763800,24,24.6775,23.92,24.455,458408568
1461850200,24.4025,24.47,23.5625,23.7075,328970760
1461936600,23.4975,23.68,23.1275,23.435,274125912
1462195800,23.49125,23.52,23.1,23.41,192640416
1462282200,23.55,23.935,23.42,23.795,227325108
1462368600,23.8,23.975,23.455,23.5475,164101900
1462455000,23.5,23.5175,23.17,23.31,143562000
1462541400,23.3425,23.3625,22.9625,23.18,174799544
1462800600,23.25,23.4425,23.1475,23.1975,131745744
1462887000,23.3325,23.3925,23.0275,23.355,134747344
1462973400,23.37,23.3925,23.115,23.1275,114876436
1463059800,23.18,23.195,22.3675,22.585,305258760
1463146200,22.5,22.9175,22.5,22.63,177571060
1463405400,23.0975,23.5975,22.9125,23.47,245039024
1463491800,23.6375,23.675,23.2525,23.3725,187667756
1463578200,23.54,23.8025,23.4725,23.64,168249564
1463664600,23.66,23.66,23.3925,23.55,121768400
1463751000,23.66,23.8575,23.63,23.805,128103872
1464010200,23.9675,24.2975,23.9175,24.1075,152074572
1464096600,24.305,24.5225,24.21,24.475,140560696
1464183000,24.6675,24.935,24.5275,24.905,154568432
1464269400,24.92,25.1825,24.66,25.1025,225324636
1464355800,24.86,25.1175,24.81125,25.0875,145364960
1464701400,24.9,25.1,24.705,24.965,169228848
1464787800,24.755,24.885,24.5825,24.615,116693140
1464874200,24.4,24.46,24.1575,24.43,160766400
1464960600,24.4475,24.5675,24.3625,24.48,114019552
1465219800,24.4975,24.785,24.3875,24.6575,93170016
1465306200,24.8125,24.9675,24.74,24.7575,89637800
1465392600,24.755,24.89,24.67,24.735,83392524
1465479000,24.625,24.9975,24.615,24.9125,106405416
1465565400,24.6325,24.836425,24.62,24.7075,126851744
1465824600,24.6725,24.78,24.275,24.335,152081976
1465911000,24.33,24.61875,24.1875,24.365,127727776
1465997400,24.455,24.6025,24.2575,24.285,117780908
1466083800,24.1125,24.4375,24.0175,24.3875,125307260
1466170200,24.155,24.1625,23.825,23.8325,244032876
1466429400,24,24.1425,23.7575,23.775,137647604
1466515800,23.735,24.0875,23.669,23.9775,142185432
1466602200,24.0625,24.2225,23.8375,23.8875,116876488
1466688600,23.985,24.0725,23.8125,24.025,128960748
1466775000,23.2275,23.66375,23.1625,23.35,301245424
1467034200,23.25,23.2625,22.875,23.01,186488752
1467120600,23.225,23.415,23.035,23.3975,161779656
1467207000,23.4925,23.6375,23.4075,23.6,146124024
1467293400,23.61,23.9425,23.575,23.9,143345424
1467379800,23.8725,24.11625,23.8325,23.9725,104106160
1467725400,23.8475,23.85,23.615,23.7475,110820840
1467811800,23.65,23.915,23.5925,23.8825,123796360
1467898200,23.925,24.125,23.905,23.985,100558232
1467984600,24.1225,24.2225,24.0125,24.17,115648412
1468243800,24.1875,24.4125,24.1825,24.245,95179780
1468330200,24.2925,24.425,24.28,24.355,96669852
1468416600,24.3525,24.4175,24.21,24.2175,103568684
1468503000,24.3475,24.7475,24.33,24.6975,155675988
1468589400,24.73,24.825,24.625,24.695,120547960
1468848600,24.675,25.0325,24.65,24.9575,145975468
1468935000,24.89,25,24.835,24.9675,95119696
1469021400,25,25.115,24.93375,24.99,105103872
1469107800,24.9575,25.25,24.7825,24.8575,130808112
1469194200,24.815,24.825,24.5775,24.665,113254676
1469453400,24.5625,24.71,24.23,24.335,161531684
1469539800,24.205,24.4925,24.105,24.1675,224959288
1469626200,26.06625,26.0875,25.6875,25.7375,369379280
1469712600,25.7075,26.1125,25.705,26.085,159479356
1469799000,26.0475,26.1375,25.92,26.0525,110934752
1470058200,26.1025,26.5375,26.1025,26.5125,152671484
1470144600,26.5125,26.5175,26,26.12,135266224
1470231000,26.2025,26.46,26.1925,26.4475,120810564
1470317400,26.395,26.5,26.32,26.4675,109634600
1470403800,26.5675,26.9125,26.545,26.87,162213608
1470663000,26.88,27.0925,26.79,27.0925,112148880
1470749400,27.0575,27.235,27.0025,27.2025,105260816
1470835800,27.1775,27.225,26.94,27,96034020
1470922200,27.13,27.2325,26.9625,26.9825,109938024
1471008600,26.945,27.11,26.945,27.045,74641736
1471267800,27.035,27.385,27.02,27.37,103472836
1471354200,27.4075,27.5575,27.3025,27.345,135177792
1471440600,27.275,27.3425,27.085,27.305,101423904
1471527000,27.3075,27.4,27.255,27.27,87938812
1471613400,27.1925,27.4225,27.09,27.34,101472288
1471872600,27.215,27.275,26.9625,27.1275,103280920
1471959000,27.1475,27.33,27.1325,27.2125,85030676
1472045400,27.14125,27.1875,26.92,27.0075,94700324
1472131800,26.8475,26.97,26.67,26.8925,100344992
1472218200,26.8525,26.9875,26.5775,26.735,111065164
1472477400,26.655,26.86,26.5725,26.705,99881200
1472563800,26.45,26.625,26.375,26.5,99455780
1472650200,26.415,26.642475,26.41,26.525,118649624
1472736600,26.535,26.7,26.405,26.6825,106806092
1472823000,26.925,27,26.705,26.9325,107209800
1473168600,26.975,27.075,26.8775,26.925,107521564
1473255000,26.9575,27.19,26.7675,27.09,169457312
1473341400,26.8125,26.8175,26.31,26.38,212008104
1473427800,26.16,26.43,25.7825,25.7825,186227936
1473687000,25.6625,26.43,25.6325,26.36,181171080
1473773400,26.8775,27.1975,26.81,26.9875,248704760
1473859800,27.1825,28.2575,27.15,27.9425,449361272
1473946200,28.465,28.9325,28.3725,28.8925,362452708
1474032600,28.78,29.0325,28.51,28.73,319547644
1474291800,28.7975,29.045,28.3125,28.395,188092184
1474378200,28.2625,28.53,28.1275,28.3925,138057076
1474464600,28.4625,28.49725,28.11025,28.3875,144012740
1474551000,28.5875,28.735,28.5,28.655,124295936
1474637400,28.605,28.6975,27.8875,28.1775,209924604
1474896600,27.91,28.3475,27.8875,28.22,119477768
1474983000,28.25,28.295,28.085,28.2725,98429648
1475069400,28.4225,28.66,28.3575,28.4875,118564340
1475155800,28.29,28.45,27.95,28.045,143547960
1475242200,28.115,28.3425,27.95,28.2625,145516424
1475501400,28.1775,28.2625,28.07,28.13,86807040
1475587800,28.265,28.5775,28.1575,28.25,118947340
1475674200,28.35,28.415,28.1725,28.2625,85812356
1475760600,28.425,28.585,28.2825,28.4725,115117252
1475847000,28.5775,28.64,28.3775,28.515,97433772
1476106200,28.755,29.1875,28.68,29.0125,144943824
1476192600,29.425,29.6725,29.05,29.075,256164172
1476279000,29.3375,29.495,29.1875,29.335,150347148
1476365400,29.1975,29.36,28.93,29.245,140769624
1476451800,29.47,29.5425,29.2825,29.4075,142608764
1476711000,29.3325,29.46,29.195,29.3875,94499584
1476797400,29.545,29.5525,29.3625,29.3675,98213912
1476883800,29.3125,29.44,29.2275,29.28,80138376
1476970200,29.215,29.345,29.0825,29.265,96503204
1477056600,29.2025,29.2275,29.07,29.15,92770660
1477315800,29.275,29.435,29.25,29.4125,94154692
1477402200,29.4875,29.59,29.3275,29.5625,192515880
1477488600,28.5775,28.925,28.3275,28.8975,264536876
1477575000,28.8475,28.965,28.525,28.62,138248180
1477661400,28.4675,28.8025,28.3625,28.43,151446648
1477920600,28.4125,28.5575,28.3,28.385,105677592
1478007000,28.365,28.4425,27.6325,27.8725,175303248
1478093400,27.85,28.0875,27.8075,27.8975,113326836
1478179800,27.745,27.865,27.3875,27.4575,107730408
1478266200,27.1325,27.5625,27.0275,27.21,123347988
1478529000,27.52,27.6275,27.365,27.6025,130240000
1478615400,27.5775,27.93,27.425,27.765,97016716
1478701800,27.47,27.83,27.0125,27.72,236705444
1478788200,27.7725,27.7725,26.4575,26.9475,228538164
1478874600,26.78,27.2175,26.6375,27.1075,136575592
1479133800,26.9275,26.95225,26.02,26.4275,204702016
1479220200,26.6425,26.92,26.539825,26.7775,129058040
1479306600,26.675,27.5575,26.65,27.4975,235362088
1479393000,27.4525,27.5875,27.2075,27.4875,110528012
1479479400,27.43,27.635,27.415,27.515,113715668
1479738600,27.53,27.9975,27.5025,27.9325,117058284
1479825000,27.9875,28.105,27.85,27.95,103862136
1479911400,27.84,27.8775,27.5825,27.8075,109705576
1480084200,27.7825,27.9675,27.7375,27.9475,45903688
1480343400,27.8575,28.11625,27.8475,27.8925,108775932
1480429800,27.695,28.0075,27.5175,27.865,114115000
1480516200,27.9,28.05,27.5675,27.63,144649032
1480602600,27.59125,27.735,27.2575,27.3725,148347448
1480689000,27.2925,27.5225,27.2125,27.475,106111988
1480948200,27.5,27.5075,27.0625,27.2775,137298160
1481034600,27.375,27.59,27.2975,27.4875,104781848
1481121000,27.315,27.7975,27.29,27.7575,119994876
1481207400,27.715,28.1075,27.65,28.03,108273264
1481293800,28.0775,28.675,28.0775,28.4875,137610508
1481553000,28.3225,28.75,28.1225,28.325,105497508
1481639400,28.46,28.98,28.4375,28.7975,174935244
1481725800,28.76,29.05,28.745,28.7975,136127336
1481812200,28.845,29.1825,28.8075,28.955,186098176
1481898600,29.1175,29.125,28.91125,28.9925,177404536
1482157800,28.95,29.345,28.9375,29.16,111117692
1482244200,29.185,29.375,29.17,29.2375,85699860
1482330600,29.2,29.35,29.195,29.265,95132660
1482417000,29.0875,29.1275,28.91,29.0725,104343416
1482503400,28.8975,29.13,28.8975,29.13,56997936
1482849000,29.13,29.45,29.1225,29.315,73187420
1482935400,29.38,29.50415,29.05,29.19,83623568
1483021800,29.1125,29.277375,29.1,29.1825,60158076
1483108200,29.1625,29.3,28.8575,28.955,122345060
1483453800,28.95,29.0825,28.69,29.0375,115127460
1483540200,28.9625,29.1275,28.9375,29.005,84472464
1483626600,28.98,29.21605,28.9525,29.1525,88774348
1483713000,29.195,29.54,29.1175,29.4775,127007600
1483972200,29.4875,29.8575,29.485,29.7475,134247792
1484058600,29.6925,29.845,29.575,29.7775,97848204
1484145000,29.685,29.9825,29.65,29.9375,110354372
1484231400,29.72375,29.825,29.5525,29.8125,108344880
1484317800,29.7775,29.905,29.7025,29.76,104447792
1484663400,29.585,30.06,29.555,30,137759372
1484749800,30,30.125,29.9275,29.9975,94851844
1484836200,29.85,30.0225,29.8425,29.945,102389164
1484922600,30.1125,30.1125,29.93365,30,130391568
1485181800,30,30.2025,29.9425,30.02,88200872
1485268200,29.8875,30.025,29.875,29.9925,92844152
1485354600,30.105,30.525,30.07,30.47,130346692
1485441000,30.4175,30.61,30.4,30.485,105350304
1485527400,30.535,30.5875,30.4,30.4875,82251776
1485786600,30.2325,30.4075,30.165,30.4075,121510012
1485873000,30.2875,30.3475,30.155,30.3375,196803972
1485959400,31.7575,32.6225,31.7525,32.1875,447940160
1486045800,31.99375,32.3475,31.945,32.1325,134841644
1486132200,32.0775,32.2975,32.04,32.27,98029204
1486391400,32.2825,32.625,32.225,32.5725,107383696
1486477800,32.635,33.0225,32.6125,32.8825,152735364
1486564200,32.8375,33.055,32.805,33.01,92016288
1486650600,32.9125,33.11125,32.78,33.105,113399436
1486737000,33.115,33.235,33.0125,33.03,80261832
1486996200,33.27,33.455,33.1875,33.3225,92141684
1487082600,33.3675,33.7725,33.3125,33.755,132904892
1487169000,33.88,34.0675,33.655,33.8775,142492400
1487255400,33.9175,33.975,33.70995,33.83625,90338220
1487341800,33.775,33.9575,33.775,33.93,88792788
1487687400,34.0575,34.1875,33.995,34.175,98028624
1487773800,34.1075,34.28,34.0275,34.2775,83347728
1487860200,34.345,34.37,34.075,34.1325,83152744
1487946600,33.9775,34.165,33.82,34.165,87106340
1488205800,34.285,34.35875,34.07,34.2325,81029704
1488292200,34.27,34.35875,34.175,34.2475,93931440
1488378600,34.4725,35.0375,34.39875,34.9475,145658340
1488465000,35,35.06965,34.69,34.74,104843936
1488551400,34.695,34.9575,34.6475,34.945,86284484
1488810600,34.84125,34.9425,34.648975,34.835,87000176
1488897000,34.765,34.995,34.6975,34.88,69785188
1488983400,34.7375,34.95,34.705,34.75,74828944
1489069800,34.685,34.6975,34.2625,34.67,88623616
1489156200,34.8125,34.839275,34.66,34.785,78451204
1489411800,34.7125,34.8575,34.705,34.8,69686868
1489498200,34.825,34.9125,34.71,34.7475,61236260
1489584600,34.8525,35.187525,34.75625,35.115,102767096
1489671000,35.18,35.255,35.065,35.1725,76927992
1489757400,35.25,35.25,34.9725,34.9975,175539808
1490016600,35.1,35.375,35.0575,35.365,86168152
1490103000,35.5275,35.7,34.9325,34.96,158119648
1490189400,34.96125,35.4,34.94,35.355,103440660
1490275800,35.315,35.3961,35.1525,35.23,81385204
1490362200,35.375,35.435,35.0875,35.16,89582252
1490621400,34.8475,35.305,34.655,35.22,94300376
1490707800,35.2275,36.01,35.155,35.95,133499220
1490794200,35.92,36.1225,35.7975,36.03,116694844
1490880600,36.0475,36.125,35.875,35.9825,84829008
1490967000,35.93,36.0675,35.7525,35.915,78646604
1491226200,35.9275,36.03,35.7625,35.925,79942856
1491312600,35.8125,36.2225,35.7925,36.1925,79565416
1491399000,36.055,36.365,35.9525,36.005,110871416
1491485400,36.0725,36.13,35.8625,35.915,84596136
1491571800,35.9325,36.045,35.8175,35.835,66688792
1491831000,35.9,35.9698,35.725,35.7925,75733588
1491917400,35.735,35.8375,35.015,35.4075,121517504
1492003800,35.4,35.5375,35.2525,35.45,81400000
1492090200,35.4775,35.595,35.2625,35.2625,71291520
1492435800,35.37,35.47,35.2175,35.4575,66328376
1492522200,35.3525,35.51,35.2775,35.3,58790176
1492608600,35.47,35.5,35.1125,35.17,69313500
1492695000,35.305,35.73,35.29,35.61,93217420
1492781400,35.61,35.67,35.4625,35.5675,69283712
1493040600,35.875,35.9875,35.795,35.91,68537332
1493127000,35.9775,36.225,35.9675,36.1325,73215752
1493213400,36.1175,36.15,35.84405,35.92,80164964
1493299800,35.980625,36.04,35.8275,35.9475,56985388
1493386200,36.0225,36.075,35.8175,35.9125,83441432
1493645400,36.275,36.8,36.24,36.645,134411772
1493731800,36.885,37.0225,36.71,36.8775,181408776
1493818200,36.3975,36.8725,36.0675,36.765,182788136
1493904600,36.63,36.785,36.4525,36.6325,93487488
1493991000,36.69,37.245,36.69,37.24,109310900
1494250200,37.2575,38.425,37.2575,38.2525,195009652
1494336600,38.4675,38.72,38.3625,38.4975,156521452
1494423000,38.4075,38.485,38.0275,38.315,103222768
1494509400,38.1125,38.5175,38.0775,38.4875,109020232
1494595800,38.675,39.105,38.6675,39.025,130108068
1494855000,39.0025,39.1625,38.7625,38.925,104038876
1494941400,38.985,39.015,38.68,38.8675,80193912
1495027800,38.4,38.6425,37.4275,37.5625,203070712
1495114200,37.8175,38.335,37.7825,38.135,134272860
1495200600,38.345,38.495,38.1575,38.265,107843152
1495459800,38.5,38.645,38.2275,38.4975,91865748
1495546200,38.725,38.725,38.3275,38.45,79675484
1495632600,38.46,38.5425,38.1675,38.335,76876616
1495719000,38.4325,38.5875,38.2575,38.4675,76942392
1495805400,38.5,38.56,38.3275,38.4025,87710548
1496151000,38.355,38.6075,38.3325,38.4175,80507404
1496237400,38.4925,38.5425,38.095,38.19,97804656
1496323800,38.2925,38.3325,38.055,38.295,65616352
1496410200,38.395,38.8625,38.2225,38.8625,111082860
1496669400,38.585,38.6125,38.365,38.4825,101326648
1496755800,38.475,38.9525,38.445,38.6125,106499704
1496842200,38.755,38.995,38.62,38.8425,84278588
1496928600,38.8125,38.885,38.6,38.7475,85003192
1497015000,38.7975,38.7975,36.505,37.245,259530628
1497274200,36.435,36.5225,35.6275,36.355,289229320
1497360600,36.79,36.8625,36.2875,36.6475,136661780
1497447000,36.875,36.875,35.96,36.29,126124928
1497533400,35.83,36.11995,35.5525,36.0725,128661492
1497619800,35.945,36.125,35.55,35.5675,201444372
1497879000,35.915,36.685,35.915,36.585,130165616
1497965400,36.7175,36.7175,36.235,36.2525,99600292
1498051800,36.38,36.517325,36.1525,36.4675,85063004
1498138200,36.4425,36.675,36.279975,36.4075,76425176
1498224600,36.2825,36.79,36.2775,36.57,141757556
1498483800,36.7925,37.07,36.345,36.455,102769444
1498570200,36.2525,36.54,35.905,35.9325,99047564
1498656600,36.1225,36.5275,35.790025,36.4575,88329728
1498743000,36.1775,36.2825,35.57,35.92,125997472
1498829400,36.1125,36.24,35.945,36.005,92096428
1499088600,36.22,36.325025,35.775,35.875,57111392
1499261400,35.9225,36.1975,35.680925,36.0225,86278228
1499347800,35.755,35.875,35.6025,35.6825,96515128
1499434200,35.725,36.1875,35.725,36.045,76806848
1499693400,36.0275,36.4875,35.8425,36.265,84362544
1499779800,36.1825,36.4625,36.095,36.3825,79127344
1499866200,36.4675,36.545,36.205,36.435,99537912
1499952600,36.375,37.1225,36.36,36.9425,100797492
1500039000,36.9925,37.3325,36.8325,37.26,80528244
1500298200,37.205,37.725,37.1425,37.39,95173824
1500384600,37.3,37.5325,37.1675,37.52,71475168
1500471000,37.62,37.855,37.4875,37.755,83691876
1500557400,37.875,37.935,37.5475,37.585,68974992
1500643800,37.4975,37.61,37.22,37.5675,105010520
1500903000,37.645,38.11,37.475,38.0225,85972640
1500989400,37.95,38.46,37.95,38.185,75415728
1501075800,38.3375,38.4825,38.265,38.365,63123804
1501162200,38.4375,38.4975,36.825,37.64,129905348
1501248600,37.4725,37.5575,37.2975,37.375,68854612
1501507800,37.475,37.5825,37.0325,37.1825,79383680
1501594200,37.275,37.555,37.1025,37.5125,141474580
1501680600,39.82,39.9375,39.04,39.285,279747200
1501767000,39.2625,39.3025,38.755,38.8925,108389184
1501853400,39.0175,39.35,38.9225,39.0975,82239408
1502112600,39.265,39.73,39.167525,39.7025,87481284
1502199000,39.65,40.4575,39.5675,40.02,144823584
1502285400,39.815,40.3175,39.7775,40.265,104526120
1502371800,39.975,40,38.6575,38.83,163217092
1502458200,39.15,39.6432,39.0175,39.37,105028384
1502717400,39.83,40.0525,39.6875,39.9625,88490936
1502803800,40.165,40.54875,40.035,40.4,117861948
1502890200,40.485,40.6275,40.0375,40.2375,110686448
1502976600,40.13,40.1775,39.46,39.465,111762260
1503063000,39.465,39.875,39.18,39.375,109712276
1503322200,39.375,39.4725,38.777525,39.3025,105474112
1503408600,39.5575,40,39.505,39.945,86418340
1503495000,39.7675,40.1175,39.72,39.995,77596324
1503581400,40.1075,40.185,39.6375,39.8175,79275672
1503667800,39.9125,40.14,39.8175,39.965,101920252
1503927000,40.035,40.5,39.9825,40.3675,103863888
1504013400,40.025,40.78,40,40.7275,118067640
1504099800,40.95,40.9725,40.6525,40.8375,109078336
1504186200,40.91,41.13,40.87,41,107140384
1504272600,41.2,41.235,40.9075,41.0125,66364204
1504618200,40.9375,41.0625,40.14,40.52,118145256
1504704600,40.6775,40.7475,40.13,40.4775,86606904
1504791000,40.5225,40.56,40.09,40.315,87714008
1504877400,40.215,40.2875,39.6325,39.6575,114446140
1505136600,40.125,40.5125,39.9725,40.375,126323192
1505223000,40.6525,40.99,39.6925,40.215,286856184
1505309400,39.9675,39.99,39.4775,39.9125,179629444
1505395800,39.7475,39.85,39.5225,39.57,95042996
1505482200,39.6175,40.2425,39.5,39.97,196458408
1505741400,40.0275,40.125,39.49875,39.6675,113077740
1505827800,39.8775,39.9425,39.61,39.6825,83242528
1505914200,39.475,39.565,38.4575,39.0175,211805456
1506000600,38.95,38.95,38.1875,38.3475,150046644
1506087000,38.005,38.0675,37.64,37.9725,186581772
1506346200,37.4975,37.9575,37.29,37.6375,177549344
1506432600,37.945,38.48,37.9225,38.285,146640180
1506519000,38.45,38.679725,38.385,38.5575,102016908
1506605400,38.4725,38.57,38.175,38.32,88021820
1506691800,38.3025,38.5325,38,38.53,105199240
1506951000,38.565,38.6125,38.18,38.4525,74795368
1507037400,38.5025,38.7725,38.4775,38.62,64921172
1507123800,38.4075,38.465,38.115,38.37,80655000
1507210200,38.545,38.86,38.5125,38.8475,85135076
1507296600,38.7425,38.8725,38.64,38.825,69630232
1507555800,38.9525,39.1825,38.87125,38.96,65051692
1507642200,39.01375,39.5,38.775,38.975,62468056
1507728600,38.9925,39.245,38.9375,39.1375,67622560
1507815000,39.0875,39.3425,38.932475,39,64500216
1507901400,39.1825,39.32,39.1025,39.2475,65576752
1508160600,39.475,40,39.4125,39.97,96485808
1508247000,39.945,40.2175,39.8075,40.1175,75989100
1508333400,40.105,40.1775,39.9,39.94,65496656
1508419800,39.1875,39.27,38.755,38.995,170336664
1508506200,39.1525,39.4375,38.99,39.0625,95896584
1508765400,39.2225,39.4225,38.875,39.0425,87937308
1508851800,39.0725,39.355,39.05,39.275,71028920
1508938200,39.2275,39.3875,38.8175,39.1025,84828392
1509024600,39.3075,39.457375,39.195,39.3525,68001876
1509111000,39.8225,40.9,39.675,40.7625,177816640
1509370200,40.9725,42.0175,40.93,41.68,178803088
1509456600,41.975,42.412475,41.735,42.26,144187312
1509543000,42.4675,42.485,41.4025,41.7225,134551048
1509629400,41.91,42.125,41.32,42.0275,165573492
1509715800,43.5,43.565,42.78,43.125,237594524
1509978600,43.09125,43.7475,42.93,43.5625,140105224
1510065000,43.4775,43.8125,43.4,43.7025,97445940
1510151400,43.665,44.06,43.5825,44.06,97638108
1510237800,43.7775,44.02375,43.285,43.97,117930384
1510324200,43.7775,43.845,43.5675,43.6675,100582000
1510583400,43.375,43.625,43.35,43.4925,67928320
1510669800,43.26,43.37,42.795,42.835,99129948
1510756200,42.4925,42.579925,42.095,42.27,116632280
1510842600,42.795,42.9675,42.575,42.775,94549936
1510929000,42.76,42.8475,42.41,42.5375,87598176
1511188200,42.5725,42.64,42.39,42.495,65049788
1511274600,42.695,43.425,42.695,43.285,100525180
1511361000,43.34,43.75,43.2625,43.74,102355700
1511533800,43.775,43.875,43.661475,43.7425,55391304
1511793000,43.7625,43.77,43.335,43.5225,82867208
1511879400,43.575,43.7175,42.965,43.2675,105715208
1511965800,43.1575,43.23,41.79,42.37,166665456
1512052200,42.6075,43.035,42.11,42.9625,166108872
1512138600,42.4875,42.9175,42.125,42.7625,159037152
1512397800,43.12,43.155,42.4075,42.45,130169540
1512484200,42.265,42.88,42.1,42.41,109400616
1512570600,41.875,42.551175,41.615,42.2525,114240000
1512657000,42.2575,42.61,42.2275,42.33,102693232
1512743400,42.6225,42.75,42.205,42.3425,93420924
1513002600,42.3,43.2225,42.1975,43.1675,141095036
1513089000,43.0375,43.0975,42.86525,42.925,77636920
1513175400,43.125,43.385,43,43.0675,95273788
1513261800,43.1,43.2825,42.9125,43.055,81906164
1513348200,43.4075,43.5425,43.115,43.4925,160677228
1513607400,43.72,44.3,43.715,44.105,117684456
1513693800,43.7575,43.8475,43.5225,43.635,109745788
1513780200,43.7175,43.855,43.3125,43.5875,93902596
1513866600,43.5425,44.005,43.525,43.7525,83799584
1513953000,43.67,43.856,43.625,43.7525,65397776
1514298600,42.7,42.8675,42.41975,42.6425,132742144
1514385000,42.525,42.695,42.4275,42.65,85992852
1514471400,42.75,42.9625,42.62,42.77,65920748
1514557800,42.63,42.6475,42.305,42.3075,103999688
1514903400,42.54,43.075,42.315,43.065,102223736
1514989800,43.1325,43.6375,42.99,43.0575,118071596
1515076200,43.135,43.3675,43.02,43.2575,89738388
1515162600,43.36,43.8425,43.2625,43.75,94640072
1515421800,43.5875,43.9025,43.4825,43.5875,82271064
1515508200,43.6375,43.765,43.3525,43.5825,86335988
1515594600,43.29,43.575,43.25,43.5725,95839580
1515681000,43.6475,43.87215,43.6225,43.82,74670916
1515767400,44.045,44.34,43.9125,44.2725,101672320
1516113000,44.475,44.8475,44.035,44.0475,118263788
1516199400,44.0375,44.8125,43.7675,44.775,137547344
1516285800,44.8425,45.025,44.5625,44.815,124773408
1516372200,44.6525,44.895,44.3525,44.615,129700268
1516631400,44.325,44.445,44.1504,44.25,108434204
1516717800,44.325,44.86,44.205,44.26,130756584
1516804200,44.3125,44.325,43.3,43.555,204420360
1516890600,43.62625,43.7375,42.6325,42.7775,166116016
1516977000,43,43,42.515,42.8775,156572044
1517236200,42.54,42.54,41.7675,41.99,202561624
1517322600,41.38125,41.8425,41.175,41.7425,184192740
1517409000,41.7175,42.110425,41.625,41.8575,129915720
1517495400,41.79125,42.155,41.69,41.945,188923148
1517581800,41.5,41.7,40.025,40.125,346375300
1517841000,39.775,40.97,39,39.1225,290954088
1517927400,38.7075,40.93,38.5,40.7575,272975352
1518013800,40.77125,40.85,39.767125,39.885,206434320
1518100200,40.0725,40.25,38.7575,38.7875,217562064
1518186600,39.2675,39.4725,37.56,39.1025,282690432
1518445800,39.625,40.9725,39.3775,40.6775,243278156
1518532200,40.4875,41.1875,40.4125,41.085,130196652
1518618600,40.76125,41.885,40.72,41.8425,162579732
1518705000,42.4475,43.2725,42.25,43.2475,204588684
1518791400,43.09,43.705,42.9425,43.1075,160704364
1519137000,43.0125,43.565,42.855,42.9625,135722160
1519223400,43.2075,43.53,42.7525,42.7675,149886492
1519309800,42.95,43.4875,42.9275,43.125,123967760
1519396200,43.4175,43.9125,43.385,43.875,135249440
1519655400,44.0875,44.8475,44.0525,44.7425,152648696
1519741800,44.775,45.12,44.54,44.5975,155712500
1519828200,44.815,45.15375,44.5125,44.53,151128552
1519914600,44.635,44.94375,43.165,43.75,195207880
1520001000,43.2,44.075,43.1125,44.0525,153815800
1520260200,43.8025,44.435,43.63,44.205,113605464
1520346600,44.4775,44.5625,44.0325,44.1675,95154024
1520433000,43.735,43.9625,43.5675,43.7575,126813848
1520519400,43.87,44.28,43.7675,44.235,95096428
1520605800,44.49,45,44.3475,44.995,128740648
1520861400,45.0725,45.5975,45.0525,45.43,128828324
1520947800,45.6475,45.875,44.81,44.9925,126774116
1521034200,45.08,45.13,44.4525,44.61,117473424
1521120600,44.625,45.06,44.517525,44.6625,90975192
1521207000,44.6625,44.78,44.405,44.505,157618752
1521466200,44.33,44.3675,43.415,43.825,133787084
1521552600,43.81,44.2,43.735,43.81,78597400
1521639000,43.76,43.7725,42.815,42.8175,148219740
1521725400,42.5,43.17,42.15,42.2125,165963068
1521811800,42.0975,42.48,41.235,41.235,164115136
1522071000,42.0175,43.275,41.61,43.1925,150164944
1522157400,43.42,43.7875,41.73,42.085,163690316
1522243800,41.8125,42.505,41.2975,41.62,166674180
1522330200,41.95125,42.9375,41.725,41.945,153594020
1522675800,41.97,42.235,41.1175,41.67,150347164
1522762200,41.91,42.186375,41.22,42.0975,121112184
1522848600,41.22,43.0025,41.1925,42.9025,138421956
1522935000,43.145,43.5576,43.02,43.2,107732788
1523021400,42.7425,43.12,42.05,42.095,140021160
1523280600,42.47,43.2725,42.46125,42.5125,116070872
1523367000,43.25,43.5,42.8825,43.3125,114456964
1523453400,43.0575,43.4808,42.925,43.11,89726560
1523539800,43.3525,43.75,43.26,43.535,91557140
1523626200,43.695,43.96,43.4625,43.6825,100497020
1523885400,43.757525,44.0475,43.707525,43.955,86313680
1523971800,44.1225,44.734125,44.1025,44.56,106421768
1524058200,44.4525,44.705,44.22,44.46,83018152
1524144600,43.7375,43.8475,43.165,43.2,139235200
1524231000,42.64875,42.8046,41.3575,41.43,261964560
1524490200,41.7087,41.73,41.0225,41.31,146061908
1524576600,41.4175,41.5825,40.305025,40.735,134768068
1524663000,40.655,41.355,40.6025,40.9125,113528336
1524749400,41.03,41.4325,40.8425,41.055,111852056
1524835800,41,41.0825,40.1575,40.58,142623356
1525095000,40.53255,41.815,40.46,41.315,169709696
1525181400,41.60255,42.3,41.3175,42.275,214277504
1525267800,43.80625,44.4375,43.45,44.1425,266157484
1525354200,43.97,44.375,43.610275,44.2225,136272720
1525440600,44.5625,46.0625,44.5425,45.9575,224805268
1525699800,46.295,46.9175,46.1875,46.29,169805692
1525786200,46.2475,46.555,45.91625,46.5125,113611108
1525872600,46.6375,46.85,46.305,46.84,92844964
1525959000,46.935,47.5925,46.9125,47.51,111957156
1526045400,47.3725,47.515,46.8625,47.1475,104848884
1526304600,47.2525,47.3825,46.965,47.0375,83115088
1526391000,46.695,46.7675,46.275,46.61,94780636
1526477400,46.5175,47.115,46.5,47.045,76732256
1526563800,47,47.2275,46.59,46.7475,69176116
1526650200,46.7975,46.95255,46.5325,46.5775,73190912
1526909400,47,47.3175,46.72765,46.9075,73603148
1526995800,47.09375,47.22,46.695,46.79,60962816
1527082200,46.5875,47.125,46.44,47.09,80233660
1527168600,47.1925,47.21,46.5525,47.0375,92935900
1527255000,47.0575,47.4125,46.9125,47.145,69843852
1527600600,46.9,47.1875,46.7175,46.975,90056300
1527687000,46.93,47,46.695,46.875,74762188
1527773400,46.805,47.0575,46.535,46.7175,109931172
1527859800,46.9978,47.565,46.9375,47.56,93770040
1528119000,47.90875,48.355,47.8375,47.9575,105064696
1528205400,48.26625,48.485,48.09,48.3275,86263852
1528291800,48.4075,48.52,47.98,48.495,83734476
1528378200,48.535,48.55,48.08375,48.365,85388720
1528464600,47.7925,48,47.4425,47.925,106627196
1528723800,47.8375,47.9925,47.5525,47.8075,73233840
1528810200,47.84625,48.15275,47.7875,48.07,67644564
1528896600,48.105,48.22,47.61,47.675,86553572
1528983000,47.8875,47.8925,47.555,47.7,86440296
1529069400,47.5075,47.54,47.065,47.21,246876640
1529328600,46.97,47.305,46.8,47.185,73939460
1529415000,46.285,46.5825,45.8625,46.4225,134313820
1529501400,46.5875,46.8,46.4325,46.625,82514804
1529587800,46.8125,47.0875,46.235,46.365,102847592
1529674200,46.53,46.5375,46.175,46.23,108801788
1529933400,45.85,46.23,45.1825,45.5425,126652384
1530019800,45.7475,46.6325,45.635,46.1075,98276804
1530106200,46.30695,46.82,46.0075,46.04,101141312
1530192600,46.025,46.5525,45.95,46.375,69460940
1530279000,46.5725,46.7975,45.7275,46.2775,90950664
1530538200,45.955,46.825,45.855,46.795,70925372
1530624600,46.9475,46.9875,45.885,45.98,55819224
1530797400,46.315,46.6025,46.07,46.35,66416992
1530883800,46.355,47.1085,46.3,46.9925,69940980
1531143000,47.375,47.67,47.325,47.645,79026536
1531229400,47.6775,47.82,47.545025,47.5875,63756596
1531315800,47.125,47.444975,46.9025,46.97,75325880
1531402200,47.3825,47.8525,47.3275,47.7575,72164524
1531488600,47.77,47.96,47.725,47.8325,50079168
1531747800,47.88,48.1625,47.60375,47.7275,60172440
1531834200,47.4375,47.9675,47.3,47.8625,62138092
1531920600,47.945,47.95,47.4825,47.6,65573524
1532007000,47.4225,48.1375,47.4225,47.97,81147008
1532093400,47.945,48.1075,47.5425,47.86,82824168
1532352600,47.67,47.99,47.39,47.9025,63957460
1532439000,48.1125,48.415025,48.0125,48.25,74791592
1532525400,48.26505,48.7125,48.1075,48.705,67305932
1532611800,48.6525,48.99,48.4025,48.5525,76303856
1532698200,48.7475,48.7975,47.525,47.745,96095888
1532957400,47.975,48.05,47.2675,47.4775,84118140
1533043800,47.575,48.035,47.335,47.5725,157492152
1533130200,49.7825,50.44,49.3275,50.375,271742864
1533216600,50.145,52.095,50.0875,51.8475,249616048
1533303000,51.7575,52.185,51.370075,51.9975,133789584
1533562200,52,52.3125,51.7675,52.2675,101701548
1533648600,52.33,52.375,51.69,51.7775,102349548
1533735000,51.5125,51.9525,51.13,51.8125,90101948
1533821400,51.82,52.445,51.8,52.22,93970504
1533907800,51.84,52.275,51.6675,51.8825,98444808
1534167000,51.925,52.738,51.925,52.2175,103563520
1534253400,52.53875,52.64,52.065,52.4375,82992040
1534339800,52.305,52.685,52.0825,52.56,115230256
1534426200,52.9375,53.453025,52.8675,53.33,114001468
1534512600,53.36,54.4875,53.29,54.395,141707988
1534771800,54.525,54.795,53.7775,53.865,121150780
1534858200,54.2,54.2975,53.50625,53.76,104639020
1534944600,53.525,54.09,53.46,53.7625,76072524
1535031000,53.6625,54.2625,53.65,53.8725,75532896
1535117400,54.15,54.225,53.7775,54.04,73905424
1535376600,54.2875,54.685,54.0825,54.485,82100468
1535463000,54.7525,55.135,54.73,54.925,91107064
1535549400,55.0375,55.8725,54.8525,55.745,109019216
1535635800,55.8125,57.065,55.6,56.2575,195175296
1535722200,56.6275,57.2175,56.5,56.9075,173360536
1536067800,57.1025,57.295,56.6575,57.09,109560528
1536154200,57.2475,57.4175,56.275,56.7175,133331840
1536240600,56.5575,56.8375,55.325,55.775,137159904
1536327000,55.4625,56.3425,55.1775,55.325,150479240
1536586200,55.2375,55.4625,54.1175,54.5825,158065812
1536672600,54.5025,56.07475,54.14,55.9625,142996196
1536759000,56.235,56.25,54.96,55.2675,197114960
1536845400,55.88,57.0875,55.6425,56.6025,166825508
1536931800,56.4375,56.71,55.6305,55.96,127997156
1537191000,55.5375,55.7375,54.3175,54.47,148780532
1537277400,54.4475,55.4625,54.28,54.56,126286848
1537363800,54.625,54.905,53.825,54.5925,108495332
1537450200,55.06,55.57,54.7875,55.0075,106435176
1537536600,55.195,55.34,54.3225,54.415,384986992
1537795800,54.205,55.315,54.1575,55.1975,110773432
1537882200,54.9375,55.705,54.925,55.5475,98217516
1537968600,55.25,55.9375,54.94,55.105,95938824
1538055000,55.955,56.61,55.885,56.2375,120724908
1538141400,56.1975,56.46,56.005,56.435,91717456
1538400600,56.9875,57.355,56.5875,56.815,94403208
1538487000,56.8125,57.5,56.6575,57.32,99152680
1538573400,57.5125,58.3675,57.445,58.0175,114619196
1538659800,57.695,58.0875,56.6825,56.9975,128168000
1538746200,56.99,57.1025,55.145,56.0725,134321852
1539005400,55.5525,56.2,55.05,55.9425,118655692
1539091800,55.91,56.8175,55.56155,56.7175,107564116
1539178200,56.365,56.5875,54.0125,54.09,167962216
1539264600,53.63,54.875,53.08,53.6125,212497568
1539351000,55.105,55.72,54.21,55.5275,161351404
1539610200,55.29,55.4575,54.3175,54.34,123164028
1539696600,54.7325,55.7475,54.190675,55.5375,116735852
1539783000,55.575,55.66,54.835,55.2975,91541588
1539869400,54.465,54.935,53.25,54.005,130325260
1539955800,54.515,55.315,54.3575,54.8275,132314904
1540215000,54.9475,55.84,54.735,55.1625,115168328
1540301400,53.9575,55.8125,53.675,55.6825,155071384
1540387800,55.65,56.0575,53.635,53.7725,163700652
1540474200,54.4275,55.345,54.1875,54.95,119423072
1540560600,53.975,55.0475,53.1675,54.075,189033500
1540819800,54.7975,54.9225,51.5225,53.06,183742080
1540906200,52.7875,53.795,52.3175,53.325,146639960
1540992600,54.22,55.1125,54.155,54.715,153435732
1541079000,54.7625,55.59,54.2025,55.555,233292720
1541165400,52.3875,53.4125,51.3575,51.87,365314616
1541428200,51.075,51.0975,49.5425,50.3975,264654676
1541514600,50.48,51.18,50.4225,50.9425,127531524
1541601000,51.4925,52.515,51.0325,52.4875,133697736
1541687400,52.495,52.53,51.6875,52.1225,101450544
1541773800,51.3875,51.5025,50.5625,51.1175,137463000
1542033000,49.75,49.9625,48.4475,48.5425,204542072
1542119400,47.9075,49.295,47.862525,48.0575,187531744
1542205800,48.475,48.62,46.4825,46.7,243203828
1542292200,47.0975,47.9925,46.725,47.8525,185915204
1542378600,47.625,48.742375,47.365,48.3825,147713012
1542637800,47.5,47.675,46.2475,46.465,167683488
1542724200,44.5925,45.3675,43.8775,44.245,271300988
1542810600,44.9325,45.0675,44.1375,44.195,124496840
1542983400,43.735,44.14875,43.025,43.0725,94495888
1543242600,43.56,43.7375,42.565,43.655,179994080
1543329000,42.8775,43.6925,42.72,43.56,165549508
1543415400,44.1825,45.3225,43.7325,45.235,184250156
1543501800,45.665,45.7,44.425,44.8875,167079968
1543588200,45.0725,45.0825,44.2575,44.645,158126196
1543847400,46.115,46.235,45.3025,46.205,163192008
1543933800,45.2375,45.597475,44.0675,44.1725,165377128
1544106600,42.94,43.695,42.605,43.68,172393640
1544193000,43.3725,43.6225,42.075,42.1225,169126524
1544452200,41.25,42.5225,40.8325,42.4,248103976
1544538600,42.915,42.9475,41.75,42.1575,189126660
1544625000,42.6,42.98,42.255,42.275,142510696
1544711400,42.6225,43.1425,42.3875,42.7375,127591308
1544797800,42.25,42.27,41.32,41.37,162814840
1545057000,41.3625,42.0875,40.6825,40.985,177151688
1545143400,41.345,41.8825,41.0975,41.5175,135366072
1545229800,41.5,41.8625,39.7725,40.2225,196189188
1545316200,40.1,40.5275,38.825,39.2075,259091840
1545402600,39.215,39.54,37.4075,37.6825,382977536
1545661800,37.0375,37.8875,36.6475,36.7075,148676928
1545834600,37.075,39.3075,36.68,39.2925,234330176
1545921000,38.96,39.1925,37.5175,39.0375,212468260
1546007400,39.375,39.63,38.6375,39.0575,169165696
1546266600,39.6325,39.84,39.12,39.435,140013864
1546439400,38.7225,39.7125,38.5575,39.48,148158948
1546525800,35.995,36.43,35.5,35.5475,365248780
1546612200,36.1325,37.137475,35.95,37.065,234428280
1546871400,37.175,37.2075,36.475,36.9825,219111056
1546957800,37.39,37.955,37.13,37.6875,164101256
1547044200,37.8225,38.6325,37.4075,38.3275,180396324
1547130600,38.125,38.4925,37.715,38.45,143122680
1547217000,38.22,38.425,37.8775,38.0725,108092964
1547476200,37.7125,37.8175,37.305,37.5,129756744
1547562600,37.5675,38.3475,37.5125,38.2675,114841296
1547649000,38.27,38.97,38.25,38.735,122278824
1547735400,38.55,39.415,38.315,38.965,119284640
1547821800,39.375,39.47,38.99515,39.205,135004092
1548167400,39.1025,39.1825,38.155,38.325,121575880
1548253800,38.5375,38.785,37.925,38.48,92522280
1548340200,38.5275,38.62,37.935,38.175,101766196
1548426600,38.87,39.5325,38.58,39.44,134191572
1548685800,38.9475,39.0825,38.415,39.075,104768232
1548772200,39.0625,39.5325,38.5275,38.67,166348956
1548858600,40.8125,41.5375,40.0575,41.3125,244439120
1548945000,41.5275,42.25,41.14,41.61,162958596
1549031400,41.74,42.245,41.4825,41.63,130672552
1549290600,41.8525,42.91375,41.82,42.8125,125982328
1549377000,43.215,43.77,43.087525,43.545,144406512
1549463400,43.6625,43.8925,43.213275,43.56,112958364
1549549800,43.1,43.485,42.585,42.735,126966760
1549636200,42.2475,42.665,42.105,42.6025,95279864
1549895400,42.7625,42.8025,42.3125,42.3575,83973700
1549981800,42.525,42.75,42.425,42.7225,89134092
1550068200,42.8475,43.12,42.48,42.545,89960932
1550154600,42.4275,42.815375,42.345,42.7,87342988
1550241000,42.8125,42.925,42.4375,42.605,98507256
1550586600,42.4275,42.86,42.3725,42.7325,75891304
1550673000,42.7975,43.33,42.7475,43.0075,104457448
1550759400,42.95,43.0925,42.575,42.765,68998680
1550845800,42.895,43.25,42.845,43.2425,75652616
1551105000,43.54,43.9675,43.4875,43.5575,87493432
1551191400,43.4275,43.825,43.2933,43.5825,68280844
1551277800,43.3025,43.75,43.1825,43.7175,111341556
1551364200,43.58,43.7275,43.23,43.2875,112861664
1551450600,43.57,43.7875,43.2225,43.7425,103544668
1551709800,43.9225,44.4375,43.4925,43.9625,109744812
1551796200,43.985,44,43.635,43.8825,78949676
1551882600,43.6675,43.8725,43.485,43.63,83241536
1551969000,43.4675,43.61,43.005,43.125,99185496
1552055400,42.58,43.2675,42.375,43.2275,95997432
1552311000,43.8725,44.78,43.8375,44.725,128044136
1552397400,45,45.6675,44.8425,45.2275,129870336
1552483800,45.5625,45.825,45.23,45.4275,124130096
1552570200,45.975,46.025,45.64,45.9325,94318032
1552656600,46.2125,46.8325,45.935,46.53,156171648
1552915800,46.45,47.0975,46.4475,47.005,104879328
1553002200,47.0875,47.2475,46.48,46.6325,126585476
1553088600,46.5575,47.3725,46.1825,47.04,124140924
1553175000,47.505,49.0825,47.4525,48.7725,204136948
1553261400,48.835,49.4225,47.695,47.7625,169630664
1553520600,47.8775,47.995,46.65,47.185,175381172
1553607000,47.916,48.22,46.145,46.6975,199202152
1553693400,47.1875,47.44,46.6375,47.1175,119393708
1553779800,47.2375,47.38975,46.8825,47.18,83121452
1553866200,47.4575,47.52,47.135,47.4875,94255844
1554125400,47.91,47.92,47.095,47.81,111447856
1554211800,47.7725,48.615,47.7625,48.505,91062928
1554298200,48.3125,49.125,48.2875,48.8375,93087320
1554384600,48.6975,49.0925,48.285,48.9225,76457100
1554471000,49.1125,49.275,48.9825,49.25,74106576
1554730200,49.105,50.0575,49.085,50.025,103526788
1554816600,50.08,50.7125,49.8075,49.875,143072948
1554903000,49.67,50.185,49.545,50.155,86781152
1554989400,50.2125,50.25,49.610775,49.7375,83603232
1555075800,49.8,50.035,49.0525,49.7175,111042672
1555335000,49.645,49.9625,49.5025,49.8075,70146584
1555421400,49.865,50.3425,49.64,49.8125,102785540
1555507800,49.885,50.845,49.6525,50.7825,115627120
1555594200,50.78,51.0375,50.63,50.965,96783064
1555939800,50.7075,51.235,50.585,51.1325,77758180
1556026200,51.1075,51.9375,50.975,51.87,93291964
1556112600,51.84,52.12,51.7625,51.79,70162436
1556199000,51.7075,51.94,51.28,51.32,74172824
1556285400,51.225,51.25,50.53,51.075,74596408
1556544600,51.1,51.4925,50.965,51.1525,88818864
1556631000,50.765,50.85,49.7775,50.1675,186139692
1556717400,52.47,53.8275,52.3075,52.63,259309312
1556803800,52.46,53.1625,52.0325,52.2875,127985296
1556890200,52.7225,52.96,52.5575,52.9375,83569512
1557149400,51.0725,52.21,50.875,52.12,129772452
1557235800,51.47,51.854375,50.20625,50.715,155054792
1557322200,50.475,51.335,50.4375,50.725,105358016
1557408600,50.1,50.42,49.165,50.18,139634428
1557495000,49.35475,49.7125,48.1925,49.295,164834848
1557754200,46.9275,47.37,45.7125,46.43,229722492
1557840600,46.6025,47.425,46.3525,47.165,146118708
1557927000,46.5675,47.9375,46.505,47.73,106178872
1558013400,47.4775,48.117225,47.21,47.52,132125456
1558099800,46.7325,47.725,46.69,47.25,131516360
1558359000,45.88,46.08725,45.070975,45.7725,154449160
1558445400,46.305,47,46.175,46.65,113459392
1558531800,46.165,46.4275,45.6375,45.695,118994224
1558618200,44.95,45.135,44.4525,44.915,146118944
1558704600,45.05,45.535,44.655,44.7425,94858744
1559050200,44.73,45.1475,44.4775,44.5575,111792640
1559136600,44.105,44.8375,44,44.345,113924660
1559223000,44.4875,44.8075,44.1675,44.575,84873648
1559309400,44.0575,44.4975,43.7475,43.7675,108174336
1559568600,43.9,44.48,42.5675,43.325,161584276
1559655000,43.86,44.9575,43.63,44.91,123871844
1559741400,46.07,46.2475,45.285,45.635,119093708
1559827800,45.77,46.3675,45.537225,46.305,90105244
1559914200,46.6275,47.98,46.4425,47.5375,122737572
1560173400,47.9525,48.8425,47.905,48.145,104883404
1560259800,48.715,49,48.4,48.7025,107731528
1560346200,48.4875,48.9925,48.34625,48.5475,73012756
1560432600,48.675,49.1975,48.4,48.5375,86698500
1560519000,47.88625,48.396575,47.575,48.185,75045896
1560778200,48.225,48.74,48.0425,48.4725,58676576
1560864600,49.0125,50.0725,48.8025,49.6125,106204016
1560951000,49.92,49.97,49.3275,49.4675,84496940
1561037400,50.0925,50.1525,49.5075,49.865,86055952
1561123800,49.7,50.2125,49.5375,49.695,191202356
1561383000,49.635,50.04,49.5425,49.645,72881684
1561469400,49.6075,49.815,48.8225,48.8925,84281336
1561555800,49.4425,50.2475,49.3375,49.95,104270048
1561642200,50.0725,50.3925,49.8925,49.935,83598868
1561728600,49.67,49.87375,49.2625,49.48,124442568
1561987800,50.7925,51.1225,50.1625,50.3875,109266956
1562074200,50.3525,50.783075,50.34,50.6825,67740868
1562160600,50.82,51.11,50.672525,51.1025,45448180
1562333400,50.8375,51.27,50.725,51.0575,69062072
1562592600,50.2025,50.35,49.6025,50.005,101354512
1562679000,49.8,50.3775,49.7025,50.31,82312060
1562765400,50.4625,50.9325,50.39,50.8075,71588552
1562851800,50.8275,51.0975,50.4275,50.4375,80767368
1562938200,50.6125,51,50.55,50.825,70380848
1563197400,51.0225,51.4675,51,51.3025,67789680
1563283800,51.1475,51.5275,50.875,51.125,67467264
1563370200,51.0125,51.272875,50.8175,50.8375,56429800
1563456600,51,51.47,50.925,51.415,74328644
1563543000,51.4475,51.625,50.59,50.6475,83717228
1563802200,50.9125,51.8075,50.9025,51.805,89111728
1563888600,52.115,52.2275,51.8225,52.21,73420840
1563975000,51.9175,52.2875,51.7925,52.1675,59966268
1564061400,52.2225,52.31,51.6825,51.755,55638248
1564147800,51.87,52.4325,51.785,51.935,70475496
1564407000,52.115,52.66,52.11,52.42,86693556
1564493400,52.19,52.54,51.8275,52.195,135742872
1564579800,54.105,55.3425,52.825,53.26,277125444
1564666200,53.475,54.5075,51.685875,52.1075,216071688
1564752600,51.3825,51.6075,50.4075,51.005,163448488
1565011800,49.4975,49.66225,48.145,48.335,209571876
1565098200,49.0775,49.51675,48.51,49.25,143299148
1565184600,48.8525,49.89,48.455,49.76,133457600
1565271000,50.05,50.8825,49.8475,50.8575,108038092
1565357400,50.325,50.69,49.8225,50.2475,98478984
1565616600,49.905,50.5129,49.7875,50.12,89927556
1565703000,50.255,53.035,50.2075,52.2425,190159144
1565789400,50.79,51.61,50.646725,50.6875,146189772
1565875800,50.865,51.285,49.9175,50.435,111533452
1565962200,51.07,51.79,50.96,51.625,115254496
1566221400,52.655,53.182675,52.50625,52.5875,97727660
1566307800,52.72,53.3375,52.58,52.59,107678116
1566394200,53.2475,53.4125,52.9008,53.16,86258988
1566480600,53.2975,53.60875,52.6875,53.115,89071276
1566567000,52.3575,53.01275,50.25,50.66,187531372
1566826200,51.465,51.7975,51.264325,51.6225,104264520
1566912600,51.965,52.1375,50.8825,51.04,103589376
1566999000,51.025,51.43,50.83,51.3825,63830528
1567085400,52.125,52.33,51.66375,52.2525,84030608
1567171800,52.54,52.6125,51.8,52.185,84650244
1567517400,51.6075,51.745,51.055,51.425,80238296
1567603800,52.0975,52.37,51.83,52.2975,76867280
1567690200,53,53.4925,52.8775,53.32,95787936
1567776600,53.5125,53.605,53.1275,53.315,77449176
1568035800,53.71,54.11,52.7675,53.5425,109237604
1568122200,53.465,54.195,52.9275,54.175,127111724
1568208600,54.5175,55.9275,54.4325,55.8975,177158584
1568295000,56.2,56.605,55.715,55.77125,128906676
1568381400,55,55.1975,54.255,54.6875,159053184
1568640600,54.4325,55.0325,54.39,54.975,84632564
1568727000,54.99,55.205,54.78,55.175,73545872
1568813400,55.265,55.7125,54.86,55.6925,102572372
1568899800,55.5025,55.94,55.0925,55.24,88751504
1568986200,55.345,55.64,54.36825,54.4325,231908376
1569245400,54.7375,54.96,54.4125,54.68,77678592
1569331800,55.2575,55.6225,54.2975,54.42,125737468
1569418200,54.6375,55.375,54.28505,55.2575,89924024
1569504600,55,55.235,54.7075,54.9725,76353248
1569591000,55.135,55.24,54.32035,54.705,101445140
1569850200,55.225,56.145,55.1975,55.9925,105274332
1569936600,56.2675,57.055,56.05,56.1475,144748652
1570023000,55.765,55.895,54.4825,54.74,143069028
1570109400,54.6075,55.24,53.783,55.205,121410744
1570195800,56.41,56.8725,55.9725,56.7525,139022212
1570455000,56.5675,57.4825,56.46,56.765,123557076
1570541400,56.455,57.015,56.0825,56.1,117130800
1570627800,56.7575,56.9475,56.41,56.7575,76117696
1570714200,56.9825,57.61,56.825,57.5225,115851936
1570800600,58.2375,59.41,58.076875,59.0525,167960840
1571059800,58.725,59.53355,58.667525,58.9675,97653936
1571146200,59.0975,59.4125,58.72,58.83,92161932
1571232600,58.3425,58.81,58.3,58.5925,77146776
1571319000,58.7725,59.0375,58.38,58.82,69091588
1571405400,58.6475,59.395,58.5725,59.1025,97508664
1571664600,59.38,60.2475,59.33,60.1275,89469932
1571751000,60.29,60.55,59.90545,59.99,90736004
1571837400,60.525,60.81,60.305,60.795,79730180
1571923800,61.1275,61.2,60.45125,60.895,71665020
1572010200,60.79,61.6825,60.72,61.645,73477184
1572269400,61.855,62.3125,61.68,62.2625,96572964
1572355800,62.2425,62.4375,60.6425,60.8225,142839468
1572442200,61.19,61.325,60.3025,60.815,124522088
1572528600,61.81,62.2925,59.315,62.19,139162080
1572615000,62.385,63.9825,62.29,63.955,151125336
1572877800,64.3325,64.46125,63.845,64.375,103271808
1572964200,64.2625,64.5475,64.08,64.2825,79897708
1573050600,64.1925,64.3725,63.84125,64.31,75864496
1573137000,64.685,65.0875,64.5275,64.8575,94940332
1573223400,64.6725,65.11,64.2125,65.035,70081980
1573482600,64.575,65.6175,64.57,65.55,82029836
1573569000,65.3875,65.6975,65.23,65.49,87388904
1573655400,65.2825,66.195,65.2675,66.1175,103270372
1573741800,65.9375,66.22,65.525,65.66,89582224
1573828200,65.92,66.445,65.7525,66.44,100374664
1574087400,66.45,66.8575,66.0575,66.775,86803588
1574173800,66.975,67,66.34815,66.5725,76278388
1574260200,66.385,66.52075,65.1,65.7975,106439676
1574346600,65.9225,66.00125,65.295,65.5025,121395112
1574433000,65.6475,65.795,65.21,65.445,65325052
1574692200,65.6775,66.61,65.63,66.5925,84118068
1574778600,66.735,66.79,65.625,66.0725,105339528
1574865000,66.395,66.995,66.3275,66.96,65544488
1575037800,66.65,67,66.475,66.8125,46617452
1575297000,66.8175,67.0625,65.8625,66.04,94774200
1575383400,64.5775,64.8825,64.0725,64.8625,117509072
1575469800,65.2675,65.8275,65.17,65.435,67241552
1575556200,65.9475,66.4725,65.6825,66.395,74645372
1575642600,66.87,67.75,66.825,67.6775,106189972
1575901800,67.5,67.7,66.2275,66.73,128730580
1575988200,67.15,67.5175,66.465,67.12,90529532
1576074600,67.2025,67.775,67.125,67.6925,78893564
1576161000,66.945,68.139975,66.83025,67.865,137748168
1576247400,67.865,68.825,67.7325,68.7875,133731224
1576506600,69.25,70.1975,69.245,69.965,128324420
1576593000,69.8925,70.4425,69.7,70.1025,114303192
1576679400,69.95,70.475,69.78,69.935,116098748
1576765800,69.875,70.295,69.7375,70.005,98507788
1576852200,70.5575,70.6625,69.64,69.86,276130972
1577111400,70.1325,71.0625,70.093375,71,98711532
1577197800,71.1725,71.2225,70.729925,71.0675,48478856
1577370600,71.205,72.495,71.175,72.4775,93336016
1577457000,72.78,73.4925,72.03,72.45,146371744
1577716200,72.365,73.1725,71.305,72.88,144238456
1577802600,72.4825,73.42,72.38,73.4125,100990500
1577975400,74.06,75.15,73.7975,75.0875,135647456
1578061800,74.2875,75.145,74.125,74.3575,146535512
1578321000,73.4475,74.99,73.1875,74.95,118578576
1578407400,74.96,75.225,74.37,74.5975,111510620
1578493800,74.29,76.109975,74.289,75.7975,132363784
1578580200,76.80875,77.6075,76.55,77.4075,170486168
1578666600,77.65,78.1675,77.0625,77.5825,140869088
1578925800,77.91,79.2675,77.7875,79.24,122086888
1579012200,79.175,79.3925,78.0425,78.17,162613828
1579098600,77.9625,78.875,77.3875,77.835,121923528
1579185000,78.3975,78.925,78.0225,78.81,108829016
1579271400,79.0675,79.685,78.75,79.6825,137816468
1579617000,79.2975,79.755,79,79.1425,110843256
1579703400,79.645,79.9975,79.3275,79.425,101832460
1579789800,79.48,79.89,78.9125,79.8075,104471972
1579876200,80.0625,80.8325,79.3797,79.5775,146537520
1580135400,77.515,77.9425,76.22,77.2375,161940020
1580221800,78.15,79.6,78.0475,79.4225,162233944
1580308200,81.1125,81.9625,80.345,81.085,216599712
1580394600,80.135875,81.0225,79.6875,80.9675,126743232
1580481000,80.2325,80.67,77.0725,77.3775,199588384
1580740200,76.075,78.3725,75.555,77.165,173985604
1580826600,78.8275,79.91,78.408625,79.7125,136616536
1580913000,80.88,81.19,79.7375,80.3625,118826872
1580999400,80.6425,81.305,80.0662,81.3025,105425540
1581085800,80.5925,80.85,79.5,80.0075,117684048
1581345000,78.545,80.3875,78.4625,80.3875,109348860
1581431400,80.9,80.975,79.6775,79.9025,94323120
1581517800,80.3675,81.805,80.3675,81.8,113730292
1581604200,81.0475,81.555,80.8375,81.2175,94747568
1581690600,81.185,81.495,80.7125,81.2375,80113788
1582036200,78.84,79.9375,78.6525,79.75,152762180
1582122600,80,81.1425,80,80.905,93983964
1582209000,80.6575,81.1625,79.5525,80.075,100565956
1582295400,79.655,80.1125,77.625,78.2625,129705660
1582554600,74.315,76.045,72.3075,74.545,222195312
1582641000,75.2375,75.6325,71.5325,72.02,230673456
1582727400,71.6325,74.47,71.625,73.1625,198713724
1582813800,70.275,71.5,68.24,68.38,320605524
1582900200,64.315,69.6025,64.0925,68.34,426884920
1583159400,70.57,75.36,69.43,74.7025,341397356
1583245800,75.9175,76,71.45,72.33,319475408
1583332200,74.11,75.85,73.2825,75.685,219178272
1583418600,73.88,74.8875,72.8525,73.23,187572876
1583505000,70.5,72.705,70.3075,72.2575,226176984
1583760600,65.9375,69.5225,65.75,66.5425,286744832
1583847000,69.285,71.61,67.3425,71.335,285290080
1583933400,69.3475,70.305,67.965,68.8575,256379880
1584019800,63.985,67.5,62,62.0575,418474068
1584106200,66.2225,69.98,63.2375,69.4925,370732128
1584365400,60.4875,64.77,60,60.5525,322423460
1584451800,61.8775,64.4025,59.6,63.215,324055860
1584538200,59.9425,62.5,59.28,61.6675,300233624
1584624600,61.84625,63.21,60.6525,61.195,271857020
1584711000,61.795,62.9575,57,57.31,401693384
1584970200,57.02,57.124925,53.1525,56.0925,336752832
1585056600,59.09,61.9225,58.575,61.72,287531092
1585143000,62.6875,64.5625,61.075,61.38,303602040
1585229400,61.63,64.67,61.59,64.61,252560676
1585315800,63.1875,63.9675,61.7625,61.935,204216612
1585575000,62.685,63.88,62.35,63.7025,167976440
1585661400,63.9,65.6225,63,63.5725,197002004
1585747800,61.625,62.18,59.7825,60.2275,176218552
1585834200,60.085,61.2875,59.225,61.2325,165933972
1585920600,60.7,61.425,59.743525,60.3525,129880068
1586179800,62.725,65.7775,62.345,65.6175,201820284
1586266200,67.7,67.925,64.75,64.8575,202887324
1586352600,65.685,66.8425,65.3075,66.5175,168895284
1586439000,67.175,67.5175,66.175,66.9975,162116492
1586784600,67.0775,68.425,66.4575,68.3125,131022924
1586871000,70,72.0625,69.5125,71.7625,194994688
1586957400,70.6,71.5825,70.1575,71.1075,131154564
1587043800,71.845,72.049375,70.58755,71.6725,157125160
1587130200,71.1725,71.73625,69.215,70.7,215249912
1587389400,69.4875,70.42,69.2125,69.2325,130015000
1587475800,69.07,69.3125,66.3575,67.0925,180991572
1587562200,68.4025,69.475,68.05,69.025,117057368
1587648600,68.9675,70.4375,68.7175,68.7575,124814328
1587735000,69.3,70.7525,69.25,70.7425,126508732
1587994200,70.45,71.135,69.9875,70.7925,117087572
1588080600,71.27,71.4575,69.55,69.645,112004748
1588167000,71.1825,72.4175,70.9725,71.9325,137280816
1588253400,72.49,73.6325,72.0875,73.45,183063872
1588339800,71.5625,74.75,71.4625,72.2675,240616700
1588599000,72.2925,73.4225,71.5793,73.29,133567944
1588685400,73.765,75.25,73.615,74.39,147751180
1588771800,75.115,75.81,74.7175,75.1575,142333752
1588858200,75.805,76.2925,75.4925,75.935,115215056
1588944600,76.41,77.5875,76.0725,77.5325,134047940
1589203800,77.025,79.2625,76.81,78.7525,145946244
1589290200,79.4575,79.922,77.7275,77.8525,162301052
1589376600,78.0375,78.9875,75.8025,76.9125,200622556
1589463000,76.1275,77.4475,75.3825,77.385,158929076
1589549400,75.0875,76.975,75.0525,76.9275,166348376
1589808600,78.2925,79.125,77.581025,78.74,135372500
1589895000,78.7575,79.63,78.2525,78.285,101729540
1589981400,79.17,79.88,79.05,79.8075,111504860
1590067800,79.665,80.2225,78.9675,79.2125,102688844
1590154200,78.9425,79.8075,78.8375,79.7225,81803016
1590499800,80.875,81.06,79.125,79.1825,125521816
1590586200,79.035,79.6775,78.2725,79.5275,112945096
1590672600,79.1925,80.86,78.9075,79.5625,133796412
1590759000,79.8125,80.2875,79.1175,79.485,153598128
1591018200,79.4375,80.5875,79.3025,80.4625,81018612
1591104600,80.18625,80.86,79.7325,80.835,87642816
1591191000,81.165,81.55,80.575,81.28,104491216
1591277400,81.0975,81.405,80.195,80.58,87560364
1591363800,80.8375,82.9375,80.8075,82.875,137250200
1591623000,82.5625,83.4,81.83,83.365,95654536
1591709400,83.035,86.4025,83.0025,85.9975,147712364
1591795800,86.975,88.6925,86.5225,88.21,166651752
1591882200,87.3275,87.765,83.87,83.975,201662452
1591968600,86.18,86.95,83.555825,84.7,200146052
1592227800,83.3125,86.42,83.145,85.7475,138808920
1592314200,87.865,88.3,86.18,88.02,165428728
1592400600,88.7875,88.85,87.7725,87.8975,114406504
1592487000,87.8525,88.3625,87.305,87.9325,96820384
1592573400,88.65875,89.14,86.2875,87.43,264475808
1592832600,87.835,89.865,87.7875,89.7175,135445264
1592919000,91,93.095,90.567525,91.6325,212155476
1593005400,91.25,92.1975,89.63,90.015,192623396
1593091800,90.175,91.25,89.3925,91.21,137522512
1593178200,91.1025,91.33,88.255,88.4075,205256844
1593437400,88.3125,90.5434,87.82,90.445,130646076
1593523800,90.02,91.495,90,91.2,140223284
1593610200,91.28,91.84,90.9775,91.0275,110737236
1593696600,91.9625,92.6175,90.91,91.0275,114041468
1594042200,92.5,93.945,92.4675,93.4625,118655652
1594128600,93.8525,94.655,93.0575,93.1725,112424456
1594215000,94.18,95.375,94.09,95.3425,117091880
1594301400,96.2625,96.3175,94.6725,95.6825,125642608
1594387800,95.335,95.98,94.705175,95.92,90257320
1594647000,97.265,99.955,95.2575,95.4775,191649140
1594733400,94.84,97.255,93.8775,97.0575,170989364
1594819800,98.99,99.2475,96.49,97.725,153197932
1594906200,96.5625,97.405,95.905,96.5225,110577672
1594992600,96.9875,97.1475,95.84,96.3275,92186900
1595251800,96.41625,98.5,96.0625,98.3575,90317908
1595338200,99.1725,99.25,96.7425,97,103645836
1595424600,96.6925,97.975,96.6025,97.2725,89001652
1595511000,96.998375,97.0775,92.00975,92.845,197004432
1595597400,90.9875,92.97,89.145,92.615,185438864
1595856600,93.71,94.905,93.48,94.81,121214192
1595943000,94.3675,94.54965,93.2475,93.2525,103625500
1596029400,93.75,95.23,93.7125,95.04,90329256
1596115800,94.1875,96.2975,93.7675,96.19,158130020
1596202200,102.88375,106.415,100.825,106.26,374295468
1596461400,108.2,111.636425,107.8925,108.9375,308151388
1596547800,109.1325,110.79,108.3875,109.665,172792368
1596634200,109.3775,110.3925,108.8975,110.0625,121991952
1596720600,110.405,114.4125,109.7975,113.9025,202428900
1596807000,113.205,113.675,110.2925,111.1125,198045612
1597066200,112.6,113.775,110,112.7275,212403424
1597152600,111.96875,112.4825,109.106675,109.375,187902376
1597239000,110.4975,113.275,110.2975,113.01,165944820
1597325400,114.43,116.0425,113.9275,115.01,210082064
1597411800,114.82875,115,113.045,114.9075,165565208
1597671000,116.0625,116.0875,113.962525,114.6075,119561444
1597757400,114.3525,116,114.0075,115.5625,105633540
1597843800,115.98325,117.1625,115.61,115.7075,145538008
1597930200,115.75,118.392,115.733375,118.275,126907188
1598016600,119.2625,124.868,119.25,124.37,338054640
1598275800,128.6975,128.785,123.93625,125.8575,345937768
1598362200,124.6975,125.1793,123.0525,124.825,211495788
1598448600,126.179125,126.9925,125.0825,126.5225,163022268
1598535000,127.1425,127.485,123.8325,125.01,155552384
1598621400,126.0125,126.4425,124.5775,124.8075,187629916
1598880600,127.58,131,126,129.04,225702688
1598967000,132.76,134.8,130.53,134.18,152470142
1599053400,137.59,137.98,127,131.4,200118991
1599139800,126.91,128.84,120.5,120.88,257599640
1599226200,120.07,123.7,110.89,120.96,332607163
1599571800,113.95,118.99,112.68,112.82,231366563
1599658200,117.26,119.14,115.26,117.32,176940455
1599744600,120.36,120.5,112.5,113.49,182274391
1599831000,114.57,115.23,110,112,180860325
1600090200,114.72,115.93,112.8,115.355,140150087
1600176600,118.33,118.829,113.61,115.54,184642039
1600263000,115.23,116,112.04,112.13,155026675
1600349400,109.72,112.2,108.71,110.34,178010968
1600435800,110.4,110.88,106.09,106.84,287104882
1600695000,104.54,110.19,103.1,110.08,195713815
1600781400,112.68,112.86,109.16,111.81,183055373
1600867800,111.62,112.11,106.77,107.12,150718671
1600954200,105.17,110.25,105,108.22,167743349
1601040600,108.43,112.44,107.67,112.28,149981441
1601299800,115.01,115.32,112.78,114.96,137672403
1601386200,114.55,115.31,113.57,114.09,100060526
1601472600,113.79,117.26,113.62,115.81,142675184
1601559000,117.64,117.72,115.83,116.79,116120440
1601645400,112.89,115.37,112.22,113.02,144711986
1601904600,113.91,116.65,113.55,116.5,106243839
1601991000,115.7,116.12,112.25,113.16,161498212
1602077400,114.62,115.55,114.13,115.08,96848985
1602163800,116.25,116.4,114.5901,114.97,83477153
1602250200,115.28,117,114.92,116.97,100506865
1602509400,120.06,125.18,119.2845,124.4,240226769
1602595800,125.27,125.39,119.65,121.1,262330451
1602682200,121,123.03,119.62,121.19,151062308
1602768600,118.72,121.2,118.15,120.71,112559219
1602855000,121.28,121.548,118.81,119.02,115393808
1603114200,119.96,120.419,115.66,115.98,120639337
1603200600,116.2,118.98,115.63,117.51,124423728
1603287000,116.67,118.705,116.45,116.87,89945980
1603373400,117.45,118.04,114.59,115.75,101987954
1603459800,116.39,116.55,114.28,115.04,82572645
1603719000,114.01,116.55,112.88,115.05,111850657
1603805400,115.49,117.28,114.5399,116.6,92276772
1603891800,115.05,115.43,111.1,111.2,143937823
1603978200,112.37,116.93,112.2,115.32,146129173
1604064600,111.06,111.99,107.72,108.86,190573476
1604327400,109.11,110.68,107.32,108.77,122866899
1604413800,109.66,111.49,108.73,110.44,107624448
1604500200,114.14,115.59,112.35,114.95,138235482
1604586600,117.95,119.62,116.8686,119.03,126387074
1604673000,118.32,119.2,116.13,118.69,114457922
1604932200,120.5,121.99,116.05,116.32,154515315
1605018600,115.55,117.59,114.13,115.97,138023390
1605105000,117.19,119.63,116.44,119.49,112294954
1605191400,119.62,120.53,118.57,119.21,103350674
1605277800,119.44,119.6717,117.87,119.26,81688586
1605537000,118.92,120.99,118.146,120.3,91183018
1605623400,119.55,120.6741,118.96,119.39,74270973
1605709800,118.61,119.82,118,118.03,76322111
1605796200,117.59,119.06,116.81,118.64,74112972
1605882600,118.64,118.77,117.29,117.34,73604287
1606141800,117.18,117.6202,113.75,113.85,127959318
1606228200,113.91,115.85,112.59,115.17,113874218
1606314600,115.55,116.75,115.17,116.03,76499234
1606487400,116.57,117.49,116.22,116.59,46691331
1606746600,116.97,120.97,116.81,119.05,169410176
1606833000,121.01,123.4693,120.01,122.72,128166803
1606919400,122.02,123.37,120.89,123.08,89004195
1607005800,123.52,123.78,122.21,122.94,78967630
1607092200,122.6,122.8608,121.52,122.25,78260421
1607351400,122.31,124.57,122.25,123.75,86711990
1607437800,124.37,124.98,123.09,124.38,82225512
1607524200,124.53,125.95,121,121.78,115089193
1607610600,120.5,123.87,120.15,123.24,81312170
1607697000,122.43,122.76,120.55,122.41,86939786
1607956200,122.6,123.35,121.54,121.78,79075988
1608042600,124.34,127.9,124.13,127.88,157572262
1608129000,127.41,128.37,126.56,127.81,98208591
1608215400,128.9,129.58,128.045,128.7,94359811
1608301800,128.96,129.1,126.12,126.655,192541496
1608561000,125.02,128.31,123.449,128.23,121251553
1608647400,131.61,134.405,129.65,131.88,169351825
1608733800,132.16,132.43,130.78,130.96,88223692
1608820200,131.32,133.46,131.1,131.97,54930064
1609165800,133.99,137.34,133.51,136.69,124486237
1609252200,138.05,138.789,134.3409,134.87,121047324
1609338600,135.58,135.99,133.4,133.72,96452124
1609425000,134.08,134.74,131.72,132.69,99116586
1609770600,133.52,133.6116,126.76,129.41,143301887
1609857000,128.89,131.74,128.43,131.01,97664898
1609943400,127.72,131.0499,126.382,126.6,155087970
1610029800,128.36,131.63,127.86,130.92,109578157
1610116200,132.43,132.63,130.23,132.05,105158245
1610375400,129.19,130.17,128.5,128.98,100620880
1610461800,128.5,129.69,126.86,128.8,91951145
1610548200,128.76,131.45,128.49,130.89,88636831
1610634600,130.8,131,128.76,128.91,90221755
1610721000,128.78,130.2242,127,127.14,111598531
1611066600,127.78,128.71,126.938,127.83,90757329
1611153000,128.66,132.49,128.55,132.03,104319489
1611239400,133.8,139.67,133.59,136.87,120529544
1611325800,136.28,139.85,135.02,139.07,114459360
1611585000,143.07,145.09,136.54,142.92,157611713
1611671400,143.6,144.3,141.37,143.16,98390555
1611757800,143.43,144.3,140.41,142.06,140843759
1611844200,139.52,141.99,136.7,137.09,142621128
1611930600,135.83,136.74,130.21,131.96,177523812
1612189800,133.75,135.38,130.93,134.14,106239823
1612276200,135.73,136.31,134.61,134.99,83305367
1612362600,135.76,135.77,133.61,133.94,89880937
1612449000,136.3,137.4,134.59,137.39,84183061
1612535400,137.35,137.42,135.86,136.76,75693830
1612794600,136.03,136.96,134.92,136.91,71297214
1612881000,136.62,137.877,135.85,136.01,76774213
1612967400,136.48,136.99,134.4,135.39,73046563
1613053800,135.9,136.39,133.77,135.13,64280029
1613140200,134.35,135.53,133.6921,135.37,60145130
1613485800,135.49,136.01,132.79,133.19,80576316
1613572200,131.25,132.22,129.47,130.84,98085249
1613658600,129.2,129.995,127.41,129.71,96856748
1613745000,130.24,130.71,128.8,129.87,87668834
1614004200,128.01,129.72,125.6,126,103916419
1614090600,123.76,126.71,118.39,125.86,158273022
1614177000,124.94,125.56,122.23,125.35,111039904
1614263400,124.68,126.4585,120.54,120.99,148199540
1614349800,122.59,124.85,121.2,121.26,164560394
1614609000,123.75,127.93,122.79,127.79,116307892
1614695400,128.41,128.72,125.01,125.12,102260945
1614781800,124.81,125.71,121.84,122.06,112966340
1614868200,121.75,123.6,118.62,120.13,178154975
1614954600,120.98,121.935,117.57,121.42,153766601
1615213800,120.93,121,116.21,116.36,154376610
1615300200,119.03,122.06,118.79,121.085,129525780
1615386600,121.69,122.17,119.45,119.98,111943326
1615473000,122.54,123.21,121.26,121.96,103026514
1615559400,120.4,121.17,119.16,121.03,88105050
1615815000,121.41,124,120.42,123.99,92590555
1615901400,125.7,127.22,124.715,125.57,115227936
1615987800,124.05,125.8599,122.336,124.76,111932636
1616074200,122.88,123.18,120.32,120.53,121469755
1616160600,119.9,121.43,119.675,119.99,185549522
1616419800,120.33,123.87,120.26,123.39,111912284
1616506200,123.33,124.24,122.14,122.54,95467142
1616592600,122.82,122.9,120.065,120.09,88530485
1616679000,119.54,121.66,119,120.59,98844681
1616765400,120.35,121.48,118.92,121.21,94071234
1617024600,121.65,122.58,120.7299,121.39,80819203
1617111000,120.11,120.4031,118.86,119.9,85671919
1617197400,121.65,123.52,121.15,122.15,118323826
1617283800,123.66,124.18,122.49,123,75089134
1617629400,123.87,126.1601,123.07,125.9,88651175
1617715800,126.5,127.13,125.65,126.21,80171253
1617802200,125.83,127.92,125.14,127.9,83466716
1617888600,128.95,130.39,128.52,130.36,88844591
1617975000,129.8,133.04,129.47,132.995,106686703
1618234200,132.52,132.85,130.63,131.24,91419983
1618320600,132.44,134.66,131.93,134.43,91266545
1618407000,134.94,135,131.655,132.03,87222782
1618493400,133.82,135,133.64,134.5,89347102
1618579800,134.3,134.67,133.28,134.16,84922386
1618839000,133.51,135.47,133.34,134.84,94264215
1618925400,135.02,135.53,131.81,133.11,94812349
1619011800,132.36,133.75,131.3001,133.5,68847136
1619098200,133.04,134.15,131.41,131.94,84566456
1619184600,132.16,135.12,132.16,134.32,78756779
1619443800,134.83,135.06,133.56,134.72,66905069
1619530200,135.01,135.41,134.11,134.39,66015804
1619616600,134.31,135.02,133.08,133.58,107760097
1619703000,136.47,137.07,132.45,133.48,151100953
1619789400,131.78,133.56,131.065,131.46,109839466
1620048600,132.04,134.07,131.83,132.54,75135100
1620135000,131.19,131.4899,126.7,127.85,137564718
1620221400,129.2,130.45,127.97,128.1,84000900
1620307800,127.89,129.75,127.13,129.74,78128334
1620394200,130.85,131.2582,129.475,130.21,78973273
1620653400,129.41,129.54,126.81,126.85,88071229
1620739800,123.5,126.27,122.77,125.91,126142826
1620826200,123.4,124.64,122.25,122.77,112172282
1620912600,124.58,126.15,124.26,124.97,105861339
1620999000,126.25,127.89,125.85,127.45,81917951
1621258200,126.82,126.93,125.17,126.27,74244624
1621344600,126.56,126.99,124.78,124.85,63342929
1621431000,123.16,124.915,122.86,124.69,92611989
1621517400,125.23,127.72,125.1,127.31,76857123
1621603800,127.82,128,125.21,125.43,79295436
1621863000,126.01,127.94,125.94,127.1,63092945
1621949400,127.82,128.32,126.32,126.9,72009482
1622035800,126.955,127.39,126.42,126.85,56575920
1622122200,126.44,127.64,125.08,125.28,94625601
1622208600,125.57,125.8,124.55,124.61,71311109
1622554200,125.08,125.35,123.94,124.28,67637118
1622640600,124.28,125.24,124.05,125.06,59278862
1622727000,124.68,124.85,123.13,123.54,76229170
1622813400,124.07,126.16,123.85,125.89,75169343
1623072600,126.17,126.32,124.8321,125.9,71057550
1623159000,126.6,128.46,126.2101,126.74,74403774
1623245400,127.21,127.75,126.52,127.13,56877937
1623331800,127.02,128.19,125.94,126.11,71186421
1623418200,126.53,127.44,126.1,127.35,53522373
1623677400,127.82,130.54,127.07,130.48,96906490
1623763800,129.94,130.6,129.39,129.64,62746332
1623850200,130.37,130.89,128.461,130.15,91815026
1623936600,129.8,132.55,129.65,131.79,96721669
1624023000,130.71,131.51,130.24,130.46,108953309
1624282200,130.3,132.41,129.21,132.3,79663316
1624368600,132.13,134.08,131.62,133.98,74783618
1624455000,133.77,134.32,133.23,133.7,60214200
1624541400,134.45,134.64,132.93,133.41,68710998
1624627800,133.46,133.89,132.81,133.11,70783746
1624887000,133.41,135.245,133.35,134.78,62111303
1624973400,134.8,136.49,134.35,136.33,64556081
1625059800,136.17,137.41,135.87,136.96,63261393
1625146200,136.6,137.33,135.76,137.27,52485781
1625232600,137.9,140,137.745,139.96,78945572
1625578200,140.07,143.15,140.07,142.02,108181793
1625664600,143.535,144.89,142.66,144.57,104911589
1625751000,141.58,144.06,140.665,143.24,105575458
1625837400,142.75,145.65,142.6522,145.11,99890800
1626096600,146.21,146.32,144,144.5,76299719
1626183000,144.03,147.46,143.63,145.64,100827099
1626269400,148.1,149.57,147.68,149.15,127050785
1626355800,149.24,150,147.09,148.48,106820297
1626442200,148.46,149.76,145.88,146.39,93251426
1626701400,143.75,144.07,141.67,142.45,121434571
1626787800,143.46,147.0997,142.96,146.15,96350036
1626874200,145.53,146.13,144.63,145.4,74993460
1626960600,145.935,148.195,145.81,146.8,77338156
1627047000,147.55,148.7177,146.92,148.56,71447416
1627306200,148.27,149.83,147.7,148.99,72434089
1627392600,149.12,149.21,145.55,146.77,104818578
1627479000,144.81,146.97,142.54,144.98,118931191
1627565400,144.685,146.55,144.58,145.64,56699475
1627651800,144.38,146.33,144.11,145.86,70440626
1627911000,146.36,146.95,145.25,145.52,62879961
1627997400,145.81,148.045,145.18,147.36,64786618
1628083800,147.27,147.79,146.28,146.95,56368271
1628170200,146.98,147.84,146.17,147.06,46397674
1628256600,146.35,147.11,145.63,146.14,54126813
1628515800,146.2,146.7,145.52,146.09,48908689
1628602200,146.44,147.71,145.3,145.6,69023081
1628688600,146.05,146.72,145.53,145.86,48493463
1628775000,146.19,149.05,145.84,148.89,73779113
1628861400,148.97,149.4444,148.27,149.1,59375009
1629120600,148.535,151.19,146.47,151.12,103558782
1629207000,150.23,151.68,149.09,150.19,92229735
1629293400,149.8,150.72,146.15,146.36,86325990
1629379800,145.03,148,144.5,146.7,86960310
1629466200,147.44,148.5,146.78,148.19,60549630
1629725400,148.31,150.19,147.89,149.71,60131810
1629811800,149.45,150.86,149.15,149.62,48606428
1629898200,149.81,150.32,147.8,148.36,58991297
1629984600,148.35,149.12,147.51,147.54,48597195
1630071000,147.48,148.75,146.83,148.6,55802388
1630330200,149,153.49,148.61,153.12,90956723
1630416600,152.66,152.8,151.29,151.83,86453117
1630503000,152.83,154.98,152.34,152.51,80313711
1630589400,153.87,154.72,152.4,153.65,71171317
1630675800,153.76,154.63,153.09,154.3,57866066
1631021400,154.97,157.26,154.39,156.69,82278261
1631107800,156.98,157.04,153.975,155.11,74420207
1631194200,155.49,156.11,153.95,154.07,57305730
1631280600,155,155.48,148.7,148.97,140893235
1631539800,150.63,151.42,148.75,149.55,102404329
1631626200,150.35,151.07,146.91,148.12,109296295
1631712600,148.56,149.44,146.37,149.03,83281315
1631799000,148.44,148.97,147.221,148.79,68034149
1631885400,148.82,148.82,145.76,146.06,129868824
1632144600,143.8,144.84,141.27,142.94,123478863
1632231000,143.93,144.6,142.78,143.43,75833962
1632317400,144.45,146.43,143.7001,145.85,76404341
1632403800,146.65,147.08,145.64,146.83,64838170
1632490200,145.66,147.4701,145.56,146.92,53477869
1632749400,145.47,145.96,143.82,145.37,74150729
1632835800,143.25,144.75,141.69,141.91,108972340
1632922200,142.47,144.45,142.03,142.83,74602044
1633008600,143.66,144.378,141.28,141.5,89056664
1633095000,141.9,142.92,139.1101,142.65,94639581
1633354200,141.76,142.21,138.27,139.14,98322008
1633440600,139.49,142.24,139.36,141.11,80861062
1633527000,139.47,142.15,138.37,142,83221119
1633613400,143.06,144.215,142.72,143.29,61732656
1633699800,144.03,144.1781,142.56,142.9,58773155
1633959000,142.27,144.81,141.81,142.81,64452219
1634045400,143.23,143.25,141.0401,141.51,73035859
1634131800,141.235,141.4,139.2,140.91,78762721
1634218200,142.11,143.88,141.51,143.76,69907100
1634304600,143.77,144.895,143.51,144.84,67940334
1634563800,143.445,146.84,143.16,146.55,85589175
1634650200,147.01,149.17,146.55,148.76,76378894
1634736600,148.7,149.7539,148.12,149.26,58418788
1634823000,148.81,149.64,147.87,149.48,61420990
1634909400,149.69,150.18,148.64,148.69,58883443
1635168600,148.68,149.37,147.6211,148.64,50720556
1635255000,149.33,150.84,149.0101,149.32,60893395
1635341400,149.36,149.73,148.49,148.85,56094929
1635427800,149.82,153.165,149.72,152.57,100077888
1635514200,147.215,149.94,146.4128,149.8,124953168
1635773400,148.985,149.7,147.8,148.96,74588258
1635859800,148.66,151.57,148.65,150.02,69121987
1635946200,150.39,151.97,149.82,151.49,54511534
1636032600,151.58,152.43,150.64,150.96,60394616
1636119000,151.89,152.2,150.06,151.28,65463883
1636381800,151.41,151.57,150.16,150.44,55020868
1636468200,150.2,151.428,150.0601,150.81,56787930
1636554600,150.02,150.13,147.85,147.92,65187092
1636641000,148.96,149.43,147.681,147.87,40999950
1636727400,148.43,150.4,147.48,149.99,63804008
1636986600,150.37,151.88,149.43,150,59222803
1637073000,149.94,151.488,149.34,151,59256210
1637159400,150.995,155,150.99,153.49,88807000
1637245800,153.71,158.67,153.05,157.87,137827673
1637332200,157.65,161.02,156.5328,160.55,117305597
1637591400,161.68,165.7,161,161.02,117467889
1637677800,161.12,161.8,159.0601,161.41,96041899
1637764200,160.75,162.14,159.64,161.94,69463623
1637937000,159.565,160.45,156.36,156.81,76959752
1638196200,159.37,161.19,158.7901,160.24,88748217
1638282600,159.985,165.52,159.92,165.3,174048056
1638369000,167.48,170.3,164.53,164.77,152423003
1638455400,158.735,164.2,157.8,163.76,136739174
1638541800,164.02,164.96,159.72,161.84,118023116
1638801000,164.29,167.8799,164.28,165.32,107496982
1638887400,169.08,171.58,168.34,171.18,120405352
1638973800,172.125,175.96,170.7,175.08,116998901
1639060200,174.91,176.75,173.92,174.56,108923739
1639146600,175.205,179.63,174.69,179.45,115402731
1639405800,181.115,182.13,175.53,175.74,153237019
1639492200,175.25,177.74,172.21,174.33,139380382
1639578600,175.11,179.5,172.3108,179.3,131063257
1639665000,179.28,181.14,170.75,172.26,150185843
1639751400,169.93,173.47,169.69,171.14,195923441
1640010600,168.28,170.58,167.46,169.75,107499114
1640097000,171.555,173.2,169.12,172.99,91185905
1640183400,173.04,175.86,172.15,175.64,92135303
1640269800,175.85,176.8499,175.27,176.28,68356567
1640615400,177.085,180.42,177.07,180.33,74919582
1640701800,180.16,181.33,178.53,179.29,79144339
1640788200,179.33,180.63,178.14,179.38,62348931
1640874600,179.47,180.57,178.09,178.2,59773014
1640961000,178.085,179.23,177.26,177.57,64062261
1641220200,177.83,182.88,177.71,182.01,104701220
1641306600,182.63,182.94,179.12,179.7,99310438
1641393000,179.61,180.17,174.64,174.92,94537602
1641479400,172.7,175.3,171.64,172,96903955
1641565800,172.89,174.14,171.03,172.17,86709147
1641825000,169.08,172.5,168.17,172.19,106765552
1641911400,172.32,175.18,170.82,175.08,76138312
1641997800,176.12,177.18,174.82,175.53,74805173
1642084200,175.78,176.62,171.79,172.19,84505760
1642170600,171.34,173.78,171.09,173.07,80440780
1642516200,171.51,172.54,169.405,169.8,91168729
1642602600,170,171.08,165.94,166.23,94814990
1642689000,166.98,169.68,164.18,164.51,91420515
1642775400,164.415,166.33,162.3,162.41,122848858
1643034600,160.02,162.3,154.7,161.62,162706686
1643121000,158.98,162.76,157.02,159.78,115798367
1643207400,163.5,164.3894,157.82,159.69,108275308
1643293800,162.45,163.84,158.28,159.22,121954638
1643380200,165.71,170.35,162.8,170.33,179935660
1643639400,170.16,175,169.51,174.78,115541590
1643725800,174.01,174.84,172.31,174.61,86213911
1643812200,174.745,175.88,173.33,175.84,84914256
1643898600,174.48,176.2399,172.12,172.9,89418074
1643985000,171.68,174.1,170.68,172.39,82465400
1644244200,172.86,173.9458,170.95,171.66,77251204
1644330600,171.73,175.35,171.43,174.83,74829217
1644417000,176.05,176.65,174.9,176.28,71285038
1644503400,174.14,175.48,171.55,172.12,90865899
1644589800,172.33,173.08,168.04,168.64,98670687
1644849000,167.37,169.58,166.56,168.88,86185530
1644935400,170.97,172.95,170.25,172.79,64286320
1645021800,171.85,173.34,170.05,172.55,61177398
1645108200,171.03,171.91,168.47,168.88,69589344
1645194600,169.82,170.5413,166.19,167.3,82772674
1645540200,164.98,166.69,162.15,164.32,91162758
1645626600,165.54,166.15,159.75,160.07,90009247
1645713000,152.58,162.85,152,162.74,141147540
1645799400,163.84,165.12,160.8738,164.85,91974222
1646058600,163.06,165.42,162.43,165.12,95056629
1646145000,164.695,166.6,161.97,163.2,83474425
1646231400,164.39,167.36,162.95,166.56,79724750
1646317800,168.47,168.91,165.55,166.23,76678441
1646404200,164.49,165.55,162.1,163.17,83819592
1646663400,163.36,165.02,159.04,159.3,96418845
1646749800,158.82,162.88,155.8,157.44,131148280
1646836200,161.475,163.41,159.41,162.95,91454905
1646922600,160.2,160.39,155.98,158.52,105342033
1647009000,158.93,159.28,154.5,154.73,96970102
1647264600,151.45,154.12,150.1,150.62,108732111
1647351000,150.9,155.57,150.38,155.09,92964302
1647437400,157.05,160,154.46,159.59,102300157
1647523800,158.61,161,157.63,160.62,75615376
1647610200,160.51,164.48,159.76,163.98,123511692
1647869400,163.51,166.35,163.015,165.38,95811352
1647955800,165.51,169.42,164.91,168.82,81532007
1648042200,167.99,172.64,167.65,170.21,98062674
1648128600,171.06,174.14,170.21,174.07,90131418
1648215000,173.88,175.28,172.75,174.72,80546156
1648474200,172.17,175.73,172,175.6,90371916
1648560600,176.69,179.01,176.34,178.96,100589440
1648647000,178.55,179.61,176.7,177.77,92633154
1648733400,177.84,178.03,174.4,174.61,103049285
1648819800,174.03,174.88,171.94,174.31,78751328
1649079000,174.57,178.49,174.44,178.44,76545983
1649165400,177.5,178.3,174.415,175.06,73401786
1649251800,172.36,173.63,170.13,171.83,89058782
1649338200,171.16,173.36,169.85,172.14,77594650
1649424600,171.78,171.78,169.2,170.09,76575508
1649683800,168.71,169.03,165.5,165.75,72246706
1649770200,168.02,169.87,166.64,167.66,79265181
1649856600,167.39,171.04,166.77,170.4,70618925
1649943000,170.62,171.27,165.04,165.29,75329376
1650288600,163.92,166.5984,163.57,165.07,69023941
1650375000,165.02,167.82,163.91,167.4,67723833
1650461400,168.76,168.88,166.1,167.23,67929814
1650547800,168.91,171.53,165.91,166.42,87227768
1650634200,166.46,167.8699,161.5,161.79,84882424
1650893400,161.12,163.17,158.46,162.88,96046376
1650979800,162.25,162.34,156.72,156.8,95623240
1651066200,155.91,159.79,155.38,156.57,88063191
1651152600,159.25,164.515,158.93,163.64,130216792
1651239000,161.84,166.2,157.25,157.65,131747571
1651498200,156.71,158.23,153.27,157.96,123055265
1651584600,158.15,160.71,156.32,159.48,88966526
1651671000,159.67,166.48,159.26,166.02,108256503
1651757400,163.85,164.08,154.95,156.77,130525275
1651843800,156.01,159.44,154.18,157.28,116124647
1652103000,154.925,155.83,151.49,152.06,131577921
1652189400,155.52,156.74,152.93,154.51,115366736
1652275800,153.5,155.45,145.81,146.5,142689825
1652362200,142.77,146.2,138.8,142.56,182602041
1652448600,144.59,148.105,143.11,147.11,113990852
1652707800,145.55,147.5199,144.18,145.54,86643781
1652794200,148.86,149.77,146.68,149.24,78336254
1652880600,146.85,147.3601,139.9,140.82,109742890
1652967000,139.88,141.66,136.6,137.35,136095640
1653053400,139.09,140.7,132.61,137.59,137426125
1653312600,137.79,143.26,137.65,143.11,117726265
1653399000,140.805,141.97,137.33,140.36,104132746
1653485400,138.43,141.785,138.34,140.52,92482696
1653571800,137.39,144.34,137.14,143.78,90601548
1653658200,145.39,149.68,145.26,149.64,90978503
1654003800,149.07,150.66,146.84,148.84,103718416
1654090200,149.9,151.74,147.68,148.71,74286635
1654176600,147.83,151.27,146.86,151.21,72348055
1654263000,146.9,147.97,144.46,145.38,88570289
1654522200,147.03,148.5689,144.9,146.14,71598380
1654608600,144.345,149,144.1,148.71,67808150
1654695000,148.58,149.8697,147.46,147.96,53950201
1654781400,147.08,147.95,142.53,142.64,69472976
1654867800,140.28,140.76,137.06,137.13,91566637
1655127000,132.87,135.2,131.44,131.88,122207099
1655213400,133.13,133.89,131.48,132.76,84784326
1655299800,134.29,137.34,132.16,135.43,91532972
1655386200,132.08,132.39,129.04,130.06,107961508
1655472600,130.065,133.079,129.81,131.56,134520290
1655818200,133.42,137.06,133.32,135.87,81000488
1655904600,134.79,137.76,133.91,135.35,73409234
1655991000,136.82,138.59,135.63,138.27,72433768
1656077400,139.9,141.91,139.77,141.66,89116837
1656336600,142.695,143.49,140.965,141.66,70207908
1656423000,142.13,143.422,137.325,137.44,67315328
1656509400,137.46,140.67,136.67,139.23,66242411
1656595800,137.25,138.37,133.7737,136.72,98964467
1656682200,136.04,139.04,135.66,138.93,71051552
1657027800,137.77,141.61,136.93,141.56,73429641
1657114200,141.355,144.12,141.08,142.92,74064254
1657200600,143.29,146.55,143.28,146.35,66253709
1657287000,145.265,147.55,145,147.04,64547798
1657546200,145.67,146.64,143.78,144.87,63305113
1657632600,145.76,148.45,145.05,145.86,77588759
1657719000,142.99,146.45,142.1201,145.49,71185560
1657805400,144.08,148.95,143.25,148.47,78140744
1657891800,149.78,150.86,148.2,150.17,76259931
1658151000,150.74,151.57,146.7,147.07,81420868
1658237400,147.92,151.23,146.91,151,82982367
1658323800,151.12,153.72,150.37,153.04,64823413
1658410200,154.5,155.57,151.94,155.35,65086636
1658496600,155.39,156.28,153.41,154.09,66675408
1658755800,154.01,155.04,152.28,152.95,53623945
1658842200,152.265,153.085,150.8,151.6,55138691
1658928600,152.58,157.33,152.16,156.79,78620688
1659015000,156.98,157.64,154.41,157.35,81378731
1659101400,161.24,163.63,159.5,162.51,101786860
1659360600,161.01,163.59,160.89,161.51,67829379
1659447000,160.1,162.41,159.63,160.01,59907025
1659533400,160.84,166.59,160.75,166.13,82507488
1659619800,166.005,167.19,164.43,165.81,55474144
1659706200,163.21,165.85,163,165.35,56696985
1659965400,166.37,167.81,164.2,164.87,60362338
1660051800,164.02,165.82,163.25,164.92,63135503
1660138200,167.68,169.34,166.9,169.24,70170540
1660224600,170.06,170.99,168.19,168.49,57149159
1660311000,169.82,172.17,169.4,172.1,68039382
1660570200,171.52,173.39,171.345,173.19,54091694
1660656600,172.78,173.71,171.6618,173.03,56377050
1660743000,172.77,176.15,172.57,174.55,79542037
1660829400,173.75,174.9,173.12,174.15,62290075
1660915800,173.03,173.74,171.3101,171.52,70346295
1661175000,169.69,169.86,167.135,167.57,69026809
1661261400,167.08,168.71,166.65,167.23,54147079
1661347800,167.32,168.11,166.245,167.53,53841524
1661434200,168.78,170.14,168.35,170.03,51218209
1661520600,170.57,171.05,163.56,163.62,78960980
1661779800,161.145,162.9,159.82,161.38,73313953
1661866200,162.13,162.56,157.72,158.91,77906197
1661952600,160.305,160.58,157.14,157.22,87991091
1662039000,156.64,158.42,154.67,157.96,74229896
1662125400,159.75,160.362,154.965,155.81,76957768
1662471000,156.47,157.09,153.69,154.53,73714843
1662557400,154.825,156.67,153.61,155.96,87449574
1662643800,154.64,156.36,152.68,154.46,84923847
1662730200,155.47,157.82,154.75,157.37,68081006
1662989400,159.59,164.26,159.3,163.43,104955962
1663075800,159.9,160.54,153.37,153.84,122656614
1663162200,154.785,157.1,153.6106,155.31,87965409
1663248600,154.65,155.24,151.38,152.37,90481110
1663335000,151.21,151.35,148.37,150.7,162278841
1663594200,149.31,154.56,149.1,154.48,81474246
1663680600,153.4,158.08,153.08,156.9,107689796
1663767000,157.34,158.74,153.6,153.72,101696790
1663853400,152.38,154.47,150.91,152.74,86652542
1663939800,151.19,151.47,148.56,150.43,96029909
1664199000,149.66,153.7701,149.64,150.77,93339409
1664285400,152.74,154.72,149.945,151.76,84442741
1664371800,147.64,150.6414,144.84,149.84,146691387
1664458200,146.1,146.72,140.68,142.48,128138237
1664544600,141.28,143.1,138,138.2,124925274
1664803800,138.21,143.07,137.685,142.45,114311663
1664890200,145.03,146.22,144.26,146.1,87830064
1664976600,144.075,147.38,143.01,146.4,79470968
1665063000,145.81,147.54,145.22,145.43,68402169
1665149400,142.54,143.1,139.445,140.09,85925559
1665408600,140.42,141.89,138.5729,140.42,74899002
1665495000,139.9,141.35,138.22,138.98,77033672
1665581400,139.13,140.36,138.16,138.34,70433744
1665667800,134.99,143.59,134.37,142.99,113223975
1665754200,144.31,144.52,138.19,138.38,88597969
1666013400,141.065,142.9,140.27,142.41,85250939
1666099800,145.49,146.7,140.61,143.75,99136610
1666186200,141.69,144.9492,141.5,143.86,61758340
1666272600,143.02,145.89,142.65,143.39,64521989
1666359000,142.87,147.8479,142.649,147.27,86548609
1666618200,147.185,150.23,146,149.45,75981918
1666704600,150.09,152.49,149.36,152.34,74732290
1666791000,150.96,151.99,148.04,149.35,88436172
1666877400,148.07,149.046,144.13,144.8,109180150
1666963800,148.2,157.5,147.82,155.74,164762371
1667223000,153.155,154.24,151.92,153.34,97943171
1667309400,155.08,155.45,149.13,150.65,80379345
1667395800,148.945,152.17,145,145.03,93604623
1667482200,142.06,142.8,138.75,138.88,97918516
1667568600,142.09,142.67,134.38,138.38,140814796
1667831400,137.11,139.145,135.671,138.92,83374628
1667917800,140.41,141.43,137.49,139.5,89908477
1668004200,138.5,138.55,134.5933,134.87,74917794
1668090600,141.24,146.87,139.5,146.87,118854028
1668177000,145.82,150.01,144.37,149.7,93979665
1668436200,148.97,150.28,147.43,148.28,73374114
1668522600,152.215,153.59,148.5613,150.04,89868332
1668609000,149.13,149.87,147.29,148.79,64218266
1668695400,146.43,151.48,146.15,150.72,80389400
1668781800,152.305,152.7,149.97,151.29,74829573
1669041000,150.16,150.37,147.715,148.01,58724070
1669127400,148.13,150.42,146.925,150.18,51804132
1669213800,149.45,151.83,149.34,151.07,58301395
1669386600,148.305,148.88,147.12,148.11,35195860
1669645800,145.14,146.64,143.38,144.22,69346522
1669732200,144.29,144.81,140.355,141.17,83763803
1669818600,141.395,148.72,140.55,148.03,111380880
1669905000,148.21,149.13,146.61,148.31,71250416
1669991400,145.96,148,145.65,147.81,65447446
1670250600,147.77,150.9199,145.77,146.63,68826442
1670337000,147.075,147.3,141.92,142.91,64727186
1670423400,142.19,143.37,140,140.94,69721094
1670509800,142.36,143.52,141.1,142.65,62128338
1670596200,142.34,145.57,140.9,142.16,76097011
1670855400,142.7,144.5,141.06,144.49,70462654
1670941800,149.5,149.9692,144.24,145.47,93886161
1671028200,145.35,146.655,141.16,143.21,82291182
1671114600,141.11,141.8,136.025,136.5,98931907
1671201000,136.685,137.65,133.73,134.51,160156900
1671460200,135.11,135.2,131.32,132.37,79592614
1671546600,131.39,133.25,129.89,132.3,77432819
1671633000,132.98,136.81,132.75,135.45,85927993
1671719400,134.352,134.56,130.3,132.23,77852108
1671805800,130.92,132.415,129.64,131.86,63814893
1672151400,131.38,131.41,128.72,130.03,69007830
1672237800,129.67,131.0275,125.87,126.04,85438391
1672324200,127.99,130.4814,127.73,129.61,75703710
1672410600,128.41,129.95,127.43,129.93,77034209
1672756200,130.28,130.9,124.17,125.07,112117471
1672842600,126.89,128.6557,125.08,126.36,89113633
1672929000,127.13,127.77,124.76,125.02,80962708
1673015400,126.01,130.29,124.89,129.62,87754715
1673274600,130.465,133.41,129.89,130.15,70790813
1673361000,130.26,131.2636,128.12,130.73,63896155
1673447400,131.25,133.51,130.46,133.49,69458949
1673533800,133.88,134.26,131.44,133.41,71379648
1673620200,132.03,134.92,131.66,134.76,57809719
1673965800,134.83,137.29,134.13,135.94,63646627
1674052200,136.815,138.61,135.03,135.21,69672800
1674138600,134.08,136.25,133.77,135.27,58280413
1674225000,135.28,138.02,134.22,137.87,80223626
1674484200,138.12,143.315,137.9,141.11,81760313
1674570600,140.305,143.16,140.3,142.53,66435142
1674657000,140.89,142.43,138.81,141.86,65799349
1674743400,143.17,144.25,141.9,143.96,54105068
1674829800,143.155,147.23,143.08,145.93,70555843
1675089000,144.955,145.55,142.85,143,64015274
1675175400,142.7,144.34,142.28,144.29,65874459
1675261800,143.97,146.61,141.32,145.43,77663633
1675348200,148.9,151.18,148.17,150.82,118338980
1675434600,148.03,157.38,147.83,154.5,154357337
1675693800,152.575,153.1,150.78,151.73,69858306
1675780200,150.64,155.23,150.64,154.65,83322551
1675866600,153.88,154.58,151.168,151.92,64120079
1675953000,153.775,154.33,150.42,150.87,56007143
1676039400,149.46,151.3401,149.22,151.01,57450708
1676298600,150.952,154.26,150.92,153.85,62199013
1676385000,152.12,153.77,150.86,153.2,61707573
1676471400,153.11,155.5,152.88,155.33,65669252
1676557800,153.51,156.33,153.3475,153.71,68167942
1676644200,152.35,153,150.85,152.55,59144118
1676989800,150.2,151.3,148.405,148.48,58867230
1677076200,148.87,149.95,147.16,148.91,51011305
1677162600,150.09,150.34,147.24,149.4,48394249
1677249000,147.11,147.19,145.7202,146.71,55469606
1677508200,147.71,149.17,147.45,147.92,44998470
1677594600,147.05,149.08,146.83,147.41,50546998
1677681000,146.83,147.2285,145.01,145.31,55478991
1677767400,144.38,146.71,143.9,145.91,52279761
1677853800,148.045,151.11,147.33,151.03,70732297
1678113000,153.785,156.3,153.46,153.83,87558028
1678199400,153.7,154.0299,151.13,151.6,56182028
1678285800,152.81,153.47,151.83,152.87,47204791
1678372200,153.559,154.535,150.225,150.59,53833582
1678458600,150.21,150.94,147.6096,148.5,68572400
1678714200,147.805,153.14,147.7,150.47,84457122
1678800600,151.28,153.4,150.1,152.59,73695893
1678887000,151.19,153.245,149.92,152.99,77167866
1678973400,152.16,156.46,151.64,155.85,76254419
1679059800,156.08,156.74,154.28,155,98944633
1679319000,155.07,157.82,154.15,157.4,73641415
1679405400,157.32,159.4,156.54,159.28,73938285
1679491800,159.3,162.14,157.81,157.83,75701811
1679578200,158.83,161.5501,157.68,158.93,67622060
1679664600,158.86,160.34,157.85,160.25,59256343
1679923800,159.94,160.77,157.87,158.28,52390266
1680010200,157.97,158.49,155.98,157.65,45992152
1680096600,159.37,161.05,159.35,160.77,51305691
1680183000,161.53,162.47,161.271,162.36,49501689
1680269400,162.44,165,161.91,164.9,68749792
1680528600,164.27,166.29,164.22,166.17,56976187
1680615000,166.595,166.84,165.11,165.63,46278295
1680701400,164.74,165.05,161.8,163.76,51511744
1680787800,162.43,164.9584,162,164.66,45390123
1681133400,161.42,162.03,160.08,162.03,47716882
1681219800,162.35,162.36,160.51,160.8,47644217
1681306200,161.22,162.06,159.78,160.1,50133062
1681392600,161.63,165.8,161.42,165.56,68445649
1681479000,164.59,166.32,163.82,165.21,49386480
1681738200,165.09,165.39,164.03,165.23,41516217
1681824600,166.1,167.41,165.65,166.47,49923008
1681911000,165.8,168.16,165.54,167.63,47720166
1681997400,166.09,167.87,165.56,166.65,52456377
1682083800,165.05,166.4521,164.49,165.02,58337341
1682343000,165,165.6,163.89,165.33,41949581
1682429400,165.19,166.305,163.73,163.77,48714063
1682515800,163.055,165.28,162.8,163.76,45498796
1682602200,165.19,168.56,165.19,168.41,64902329
1682688600,168.49,169.85,167.8801,169.68,55275851
1682947800,169.28,170.45,168.64,169.59,52472936
1683034200,170.09,170.35,167.54,168.54,48425696
1683120600,169.5,170.92,167.16,167.45,65136018
1683207000,164.89,167.04,164.31,165.79,81235427
1683293400,170.975,174.3,170.76,173.57,113453171
1683552600,172.48,173.85,172.11,173.5,55962793
1683639000,173.05,173.54,171.6,171.77,45326874
1683725400,173.02,174.03,171.9,173.555,53724501
1683811800,173.85,174.59,172.17,173.75,49514676
1683898200,173.62,174.06,171,172.57,45533138
1684157400,173.16,173.21,171.47,172.07,37266659
1684243800,171.99,173.1383,171.7991,172.07,42110293
1684330200,171.71,172.925,170.4201,172.69,57951604
1684416600,173,175.24,172.58,175.05,65496657
1684503000,176.39,176.39,174.94,175.16,55809475
1684762200,173.98,174.71,173.45,174.2,43570932
1684848600,173.13,173.3794,171.275,171.56,50747263
1684935000,171.09,172.4183,170.52,171.84,45143488
1685021400,172.41,173.895,171.69,172.99,56058258
1685107800,173.32,175.77,173.11,175.43,54834975
1685453400,176.96,178.99,176.57,177.3,55964401
1685539800,177.325,179.35,176.76,177.25,99625288
1685626200,177.7,180.12,176.9306,180.09,68901809
1685712600,181.03,181.78,179.26,180.95,61996913
1685971800,182.63,184.951,178.035,179.58,121946497
1686058200,179.965,180.12,177.43,179.21,64848374
1686144600,178.44,181.21,177.32,177.82,61944615
1686231000,177.895,180.84,177.46,180.57,50214881
1686317400,181.5,182.23,180.63,180.96,48899973
1686576600,181.27,183.89,180.97,183.79,54754995
1686663000,182.8,184.15,182.44,183.31,54929129
1686749400,183.37,184.39,182.02,183.95,57462882
1686835800,183.96,186.52,183.78,186.01,65433166
1686922200,186.73,186.99,184.27,184.92,101256225
1687267800,184.41,186.1,184.41,185.01,49799092
1687354200,184.9,185.41,182.5901,183.96,49515697
1687440600,183.74,187.045,183.67,187,51245327
1687527000,185.55,187.56,185.01,186.68,53116996
1687786200,186.83,188.05,185.23,185.27,48088661
1687872600,185.89,188.39,185.67,188.06,50730846
1687959000,187.93,189.9,187.6,189.25,51216801
1688045400,189.08,190.07,188.94,189.59,46347308
1688131800,191.63,194.48,191.26,193.97,85213216
1688391000,193.78,193.88,191.76,192.46,31458198
1688563800,191.565,192.98,190.62,191.33,46920261
1688650200,189.84,192.02,189.2,191.81,45156009
1688736600,191.41,192.67,190.24,190.68,46814998
1688995800,189.26,189.99,187.035,188.61,59922163
1689082200,189.16,189.3,186.6,188.08,46638119
1689168600,189.68,191.7,188.47,189.77,60750248
1689255000,190.5,191.19,189.78,190.54,41342338
1689341400,190.23,191.1799,189.63,190.69,41616242
1689600600,191.9,194.32,191.81,193.99,50520159
1689687000,193.35,194.33,192.415,193.73,48353774
1689773400,193.1,198.23,192.65,195.1,80507323
1689859800,195.09,196.47,192.495,193.13,59581196
1689946200,194.1,194.97,191.23,191.94,71951683
1690205400,193.41,194.91,192.25,192.75,45505097
1690291800,193.33,194.44,192.915,193.62,37283201
1690378200,193.67,195.64,193.32,194.5,47471868
1690464600,196.02,197.2,192.55,193.22,47460180
1690551000,194.67,196.626,194.14,195.83,48291443
1690810200,196.06,196.49,195.26,196.45,38824113
1690896600,196.235,196.73,195.28,195.605,35281426
1690983000,195.04,195.18,191.8507,192.58,50389327
1691069400,191.57,192.37,190.69,191.17,62243282
1691155800,185.52,187.38,181.92,181.99,115956841
1691415000,182.13,183.13,177.35,178.85,97576069
1691501400,179.69,180.27,177.58,179.8,67823003
1691587800,180.87,180.93,177.01,178.19,60378492
1691674200,179.48,180.75,177.6,177.97,54686851
1691760600,177.32,178.62,176.55,177.79,52036672
1692019800,177.97,179.69,177.305,179.46,43675627
1692106200,178.88,179.48,177.05,177.45,43622593
1692192600,177.13,178.54,176.5,176.57,46964857
1692279000,177.14,177.5054,173.48,174,66062882
1692365400,172.3,175.1,171.96,174.49,61172150
1692624600,175.07,176.13,173.735,175.84,46311879
1692711000,177.06,177.68,176.25,177.23,42084245
1692797400,178.52,181.55,178.325,181.12,52722752
1692883800,180.674,181.104,176.01,176.38,54945798
1692970200,177.38,179.15,175.82,178.61,51449594
1693229400,180.09,180.59,178.545,180.19,43820697
1693315800,179.695,184.9,179.5,184.12,53003948
1693402200,184.94,187.85,184.74,187.65,60813888
1693488600,187.84,189.12,187.48,187.87,60794467
1693575000,189.485,189.92,188.28,189.46,45766503
1693920600,188.28,189.98,187.61,189.7,45280027
1694007000,188.4,188.85,181.47,182.91,81755816
1694093400,175.18,178.21,173.54,177.56,112488803
1694179800,178.35,180.239,177.79,178.18,65602066
1694439000,180.07,180.3,177.34,179.36,58953052
1694525400,179.49,180.13,174.82,176.3,90370192
1694611800,176.51,177.3,173.98,174.21,84267928
1694698200,174,176.1,173.58,175.74,60895757
1694784600,176.48,176.495,173.82,175.01,109259461
1695043800,176.48,179.38,176.17,177.97,67257573
1695130200,177.52,179.63,177.13,179.07,51826941
1695216600,179.26,179.695,175.4,175.49,58436181
1695303000,174.55,176.3,173.86,173.93,63149116
1695389400,174.67,177.079,174.05,174.79,56725385
1695648600,174.2,176.97,174.15,176.08,46172740
1695735000,174.82,175.2,171.66,171.96,64588945
1695821400,172.62,173.04,169.05,170.43,66921808
1695907800,169.34,172.03,167.62,170.69,56294419
1695994200,172.02,173.07,170.341,171.21,51861083
1696253400,171.22,174.3,170.93,173.75,52164535
1696339800,172.255,173.63,170.82,172.4,49594613
1696426200,171.09,174.21,170.97,173.66,53020286
1696512600,173.79,175.45,172.68,174.91,48527918
1696599000,173.8,177.99,173.18,177.49,57266675
1696858200,176.81,179.05,175.8,178.99,42390772
1696944600,178.1,179.72,177.95,178.39,43698019
1697031000,178.2,179.85,177.6,179.8,47551098
1697117400,180.07,182.34,179.04,180.71,56743119
1697203800,181.42,181.93,178.14,178.85,51456082
1697463000,176.75,179.075,176.51,178.72,52516984
1697549400,176.645,178.42,174.8,177.15,57549350
1697635800,175.58,177.575,175.11,175.84,54764375
1697722200,176.04,177.84,175.19,175.46,59302863
1697808600,175.31,175.42,172.64,172.88,64244028
1698067800,170.91,174.01,169.93,173,55980109
1698154200,173.05,173.67,171.45,173.44,43816644
1698240600,171.88,173.06,170.65,171.1,57156962
1698327000,170.37,171.3775,165.67,166.89,70625258
1698413400,166.91,168.96,166.83,168.22,58499129
1698672600,169.02,171.17,168.87,170.29,51130955
1698759000,169.35,170.9,167.9,170.77,44846017
1698845400,171,174.23,170.12,173.97,56934906
1698931800,175.52,177.78,175.46,177.57,77334752
1699018200,174.24,176.82,173.35,176.65,79829246
1699281000,176.38,179.43,176.21,179.23,63841310
1699367400,179.18,182.44,178.97,181.82,70529966
1699453800,182.35,183.45,181.59,182.89,49340282
1699540200,182.96,184.12,181.81,182.41,53763540
1699626600,183.97,186.565,183.53,186.4,66177922
1699885800,185.82,186.03,184.21,184.8,43627519
1699972200,187.7,188.11,186.3,187.44,60108378
1700058600,187.845,189.5,187.78,188.01,53790499
1700145000,189.57,190.96,188.65,189.71,54412915
1700231400,190.25,190.38,188.57,189.69,50941404
1700490600,189.89,191.905,189.88,191.45,46538614
1700577000,191.41,191.52,189.74,190.64,38134485
1700663400,191.49,192.93,190.825,191.31,39630011
1700836200,190.87,190.9,189.25,189.97,24048344
1701095400,189.92,190.67,188.9,189.79,40552609
1701181800,189.78,191.08,189.4,190.4,38415419
1701268200,190.9,192.09,188.97,189.37,43014224
1701354600,189.84,190.32,188.19,189.95,48794366
1701441000,190.33,191.56,189.23,191.24,45704823
1701700200,189.98,190.05,187.4511,189.43,43389519
1701786600,190.21,194.4,190.18,193.42,66628398
1701873000,194.45,194.76,192.11,192.32,41089737
1701959400,193.63,195,193.59,194.27,47477655
1702045800,194.2,195.99,193.67,195.71,53406358
1702305000,193.11,193.49,191.42,193.18,60943699
1702391400,193.08,194.72,191.721,194.71,52696900
1702477800,195.09,198,194.85,197.96,70404183
1702564200,198.02,199.62,196.16,198.11,66831572
1702650600,197.53,198.3999,197,197.57,128538401
1702909800,196.09,196.63,194.39,195.89,55751861
1702996200,196.16,196.95,195.89,196.94,40714051
1703082600,196.9,197.68,194.83,194.83,52242815
1703169000,196.1,197.08,193.5,194.68,46482549
1703255400,195.18,195.41,192.97,193.6,37149570
1703601000,193.61,193.89,192.83,193.05,28919310
1703687400,192.49,193.5,191.09,193.15,48087681
1703773800,194.14,194.66,193.17,193.58,34049898
1703860200,193.9,194.4,191.725,192.53,42672148
1704205800,187.15,188.44,183.885,185.64,82488674
1704292200,184.22,185.88,183.43,184.25,58414460
1704378600,182.15,183.0872,180.88,181.91,71983570
1704465000,181.99,182.76,180.17,181.18,62379661
1704724200,182.085,185.6,181.5,185.56,59144470
1704810600,183.92,185.15,182.73,185.14,42841809
1704897000,184.35,186.4,183.92,186.19,46792908
1704983400,186.54,187.05,183.62,185.59,49128408
1705069800,186.06,186.74,185.19,185.92,40477782
1705415400,182.16,184.26,180.934,183.63,65603041
1705501800,181.27,182.93,180.3,182.68,47317433
1705588200,186.09,189.14,185.83,188.63,78005754
1705674600,189.33,191.95,188.82,191.56,68902985
1705933800,192.3,195.33,192.26,193.89,60133852
1706020200,195.02,195.75,193.8299,195.18,42355590
1706106600,195.42,196.38,194.34,194.5,53631316
1706193000,195.22,196.2675,193.1125,194.17,54822126
1706279400,194.27,194.76,191.94,192.42,44594011
1706538600,192.01,192.2,189.58,191.73,47145622
1706625000,190.94,191.8,187.47,188.04,55859370
1706711400,187.04,187.095,184.35,184.4,55467803
1706797800,183.985,186.95,183.82,186.86,64885408
1706884200,179.86,187.33,179.25,185.85,102551680
1707143400,188.15,189.25,185.84,187.68,69668820
1707229800,186.86,189.31,186.7695,189.3,43490759
1707316200,190.64,191.05,188.61,189.41,53438955
1707402600,189.385,189.535,187.35,188.32,40962046
1707489000,188.65,189.99,188,188.85,45155216
1707748200,188.415,188.67,186.79,187.15,41781934
1707834600,185.77,186.21,183.5128,185.04,56529529
1707921000,185.32,185.53,182.44,184.15,54630517
1708007400,183.55,184.49,181.35,183.86,65434496
1708093800,183.42,184.85,181.665,182.31,49752465
1708439400,181.79,182.43,180,181.56,53665553
1708525800,181.94,182.8888,180.66,182.32,41529674
1708612200,183.48,184.955,182.46,184.37,52292208
1708698600,185.01,185.04,182.23,182.52,45119677
1708957800,182.24,182.76,180.65,181.16,40867421
1709044200,181.1,183.9225,179.56,182.63,54318851
1709130600,182.51,183.12,180.13,181.42,48953939
1709217000,181.27,182.57,179.53,180.75,136682597
1709303400,179.55,180.53,177.38,179.66,73563082
1709562600,176.15,176.9,173.79,175.1,81510101
1709649000,170.76,172.04,169.62,170.12,95132355
1709735400,171.06,171.24,168.68,169.12,68587707
1709821800,169.15,170.73,168.49,169,71765061
1709908200,169,173.7,168.94,170.73,76267041
1710163800,172.94,174.38,172.05,172.75,60139473
1710250200,173.15,174.03,171.01,173.23,59825372
1710336600,172.77,173.185,170.76,171.13,52488692
1710423000,172.91,174.3078,172.05,173,72913507
1710509400,171.17,172.62,170.285,172.62,121752699
1710768600,175.57,177.71,173.52,173.72,75604184
1710855000,174.34,176.605,173.03,176.08,55215244
1710941400,175.72,178.67,175.09,178.67,53423102
1711027800,177.05,177.49,170.84,171.37,106181270
1711114200,171.76,173.05,170.06,172.28,71160138
1711373400,170.565,171.94,169.45,170.85,54288328
1711459800,170,171.42,169.58,169.71,57388449
1711546200,170.41,173.6,170.11,173.31,60273265
1711632600,171.75,172.23,170.51,171.48,65672690
1711978200,171.19,171.25,169.475,170.03,46240500
1712064600,169.08,169.34,168.2302,168.84,49329481
1712151000,168.79,170.68,168.58,169.65,47691715
1712237400,170.29,171.92,168.82,168.82,53704386
1712323800,169.59,170.39,168.95,169.58,42104826
1712583000,169.03,169.2,168.24,168.45,37425513
1712669400,168.7,170.08,168.35,169.67,42451209
1712755800,168.8,169.09,167.11,167.78,49709336
1712842200,168.34,175.46,168.16,175.04,91070275
1712928600,174.26,178.36,174.21,176.55,101670886
1713187800,175.36,176.63,172.5,172.69,73531773
1713274200,171.75,173.76,168.27,169.38,73711235
1713360600,169.61,170.65,168,168,50901210
1713447000,168.03,168.64,166.55,167.04,43122903
1713533400,166.21,166.4,164.075,165,68149377
1713792600,165.515,167.26,164.77,165.84,48116443
1713879000,165.35,167.05,164.92,166.9,49537761
1713965400,166.54,169.3,166.21,169.02,48251835
1714051800,169.525,170.61,168.1511,169.89,50558329
1714138200,169.88,171.34,169.18,169.3,44838354
1714397400,173.37,176.03,173.1,173.5,68169419
1714483800,173.33,174.99,170,170.33,65934776
1714570200,169.58,172.705,169.11,169.3,50383147
1714656600,172.51,173.415,170.89,173.03,94214915
1714743000,186.645,187,182.66,183.38,163224109
1715002200,182.354,184.2,180.42,181.71,78569667
1715088600,183.45,184.9,181.32,182.4,77305771
1715175000,182.85,183.07,181.45,182.74,45057087
1715261400,182.56,184.66,182.11,184.57,48982972
1715347800,184.9,185.09,182.13,183.05,50759496
1715607000,185.435,187.1,184.62,186.28,72044809
1715693400,187.51,188.3,186.29,187.43,52393619
1715779800,187.91,190.65,187.37,189.72,70399988
1715866200,190.47,191.095,189.6601,189.84,52845230
1715952600,189.51,190.81,189.18,189.87,41282925
1716211800,189.325,191.9199,189.01,191.04,44361275
1716298200,191.09,192.73,190.9201,192.35,42309401
1716384600,192.265,192.8231,190.27,190.9,34648547
1716471000,190.98,191,186.625,186.88,51005924
1716557400,188.82,190.58,188.0404,189.98,36326975
1716903000,191.51,193,189.1,189.99,52280051
1716989400,189.61,192.247,189.51,190.29,53068016
1717075800,190.76,192.18,190.63,191.29,49947941
1717162200,191.44,192.57,189.91,192.25,75158277
1717421400,192.9,194.99,192.52,194.03,50080539
1717507800,194.635,195.32,193.0342,194.35,47471445
1717594200,195.4,196.9,194.87,195.87,54156785
1717680600,195.685,196.5,194.17,194.48,41181753
1717767000,194.65,196.94,194.14,196.89,53103912
1718026200,196.9,197.3,192.15,193.12,97262077
1718112600,193.65,207.16,193.63,207.15,172373296
1718199000,207.37,220.2,206.9,213.07,198134293
1718285400,214.74,216.75,211.6,214.24,97862729
1718371800,213.85,215.17,211.3,212.49,70122748
1718631000,213.37,218.95,212.72,216.67,93728300
1718717400,217.59,218.63,213,214.29,79943254
1718890200,213.93,214.24,208.85,209.68,86172451
1718976600,210.39,211.89,207.11,207.49,246421353
1719235800,207.72,212.7,206.59,208.14,80727006
1719322200,209.15,211.38,208.61,209.07,56713868
1719408600,211.5,214.86,210.64,213.25,66213186
1719495000,214.69,215.7395,212.35,214.1,49772707
1719581400,215.77,216.07,210.3,210.62,82542718
1719840600,212.09,217.51,211.92,216.75,60402929
1719927000,216.15,220.38,215.1,220.27,58046178
1720013400,220,221.55,219.03,221.55,37369801
1720186200,221.65,226.45,221.65,226.34,60412408
1720445400,227.09,227.85,223.25,227.82,59085861
1720531800,227.93,229.4,226.3721,228.68,48169822
1720618200,229.3,233.08,229.25,232.98,62627687
1720704600,231.39,232.39,225.77,227.57,64710617
1720791000,228.92,232.64,228.68,230.54,53046527
1721050200,236.48,237.23,233.09,234.4,62631252
1721136600,235,236.27,232.33,234.82,43234278
1721223000,229.45,231.4599,226.64,228.88,57345884
1721309400,230.28,230.44,222.27,224.18,66034585
1721395800,224.82,226.8,223.275,224.31,49151453
1721655000,227.01,227.78,223.09,223.96,48201835
1721741400,224.365,226.94,222.68,225.01,39960260
1721827800,224,224.8,217.13,218.54,61777576
1721914200,218.93,220.85,214.62,217.49,51391199
1722000600,218.7,219.49,216.01,217.96,41601345
1722259800,216.96,219.3,215.75,218.24,36311778
1722346200,219.19,220.325,216.12,218.8,41643840
1722432600,221.44,223.82,220.63,222.08,50036262
1722519000,224.37,224.48,217.02,218.36,62500996
1722605400,219.15,225.6,217.71,219.86,105568560
1722864600,199.09,213.5,196,209.27,119548589
1722951000,205.3,209.99,201.07,207.23,69660488
1723037400,206.9,213.64,206.39,209.82,63516417
1723123800,213.11,214.2,208.83,213.31,47161149
1723210200,212.1,216.78,211.97,216.24,42201646
1723469400,216.07,219.5099,215.6,217.53,38028092
1723555800,219.01,221.89,219.01,221.27,44155331
1723642200,220.57,223.03,219.7,221.72,41960574
1723728600,224.6,225.35,222.76,224.72,46414013
1723815000,223.92,226.8271,223.6501,226.05,44340240
1724074200,225.72,225.99,223.04,225.89,40687813
1724160600,225.77,227.17,225.45,226.51,30299033
1724247000,226.52,227.98,225.05,226.4,34765480
1724333400,227.79,228.34,223.9,224.53,43695321
1724419800,225.6589,228.22,224.33,226.84,38677250
1724679000,226.76,227.28,223.8905,227.18,30602208
1724765400,225.995,228.85,224.89,228.03,35934559
1724851800,227.92,229.86,225.68,226.49,38052167
1724938200,230.1,232.92,228.88,229.79,51906297
1725024600,230.19,230.4,227.48,229,52990770
1725370200,228.55,229,221.17,222.77,50190574
1725456600,221.66,221.78,217.48,220.85,43840196
1725543000,221.625,225.48,221.52,222.38,36615398
1725629400,223.95,225.24,219.77,220.82,48423011
1725888600,220.82,221.27,216.71,220.91,67179965
1725975000,218.92,221.48,216.73,220.11,51591033
1726061400,221.455,223.09,217.89,222.66,44587072
1726147800,222.5,223.55,219.82,222.77,37498225
1726234200,223.58,224.04,221.91,222.5,36766619
1726493400,216.54,217.22,213.92,216.32,59357427
1726579800,215.75,216.9,214.5,216.79,45519339
1726666200,217.55,222.71,217.54,220.69,59894928
1726752600,224.99,229.82,224.63,228.87,66781315
1726839000,229.97,233.09,227.62,228.2,318679888
1727098200,227.34,229.45,225.81,226.47,54146023
1727184600,228.645,229.35,225.73,227.37,43556068
1727271000,224.93,227.29,224.02,226.37,42308715
1727357400,227.3,228.5,225.41,227.52,36636707
1727443800,228.46,229.52,227.3,227.79,34025967
1727703000,230.04,233,229.65,233,54793391
1727789400,229.52,229.65,223.74,226.21,63285048
1727875800,225.89,227.37,223.02,226.78,32880605
1727962200,225.14,226.805,223.32,225.67,34044158
1728048600,227.9,228,224.13,226.8,37345098
1728307800,224.5,225.69,221.33,221.69,39505354
1728394200,224.3,225.98,223.25,225.77,31855693
1728480600,225.23,229.75,224.83,229.54,33591091
1728567000,227.78,229.5,227.17,229.04,28183544
1728653400,229.3,229.41,227.34,227.55,31759188
1728912600,228.7,231.73,228.6,231.3,39882085
1728999000,233.61,237.49,232.37,233.85,64751367
1729085400,231.6,232.12,229.84,231.78,34082240
1729171800,233.43,233.85,230.52,232.15,32993810
1729258200,236.18,236.18,234.01,235,46431472
1729517400,234.45,236.85,234.45,236.48,36254470
1729603800,233.885,236.22,232.6,235.86,38846578
1729690200,234.08,235.144,227.76,230.76,52286979
1729776600,229.98,230.82,228.41,230.57,31109503
1729863000,229.74,233.22,229.57,231.41,38802304
1730122200,233.32,234.73,232.55,233.4,36087134
1730208600,233.1,234.325,232.32,233.67,35417247
1730295000,232.61,233.47,229.55,230.1,47070907
1730381400,229.34,229.83,225.37,225.91,64370086
1730467800,220.965,225.35,220.27,222.91,65276741
1730730600,220.99,222.79,219.71,222.01,44944468
1730817000,221.795,223.95,221.14,223.45,28111338
1730903400,222.61,226.065,221.19,222.72,54561121
1730989800,224.625,227.875,224.57,227.48,42137691
1731076200,227.17,228.66,226.405,226.96,38328824
1731335400,225,225.7,221.5,224.23,42005602
1731421800,224.55,225.59,223.355,224.23,40398299
1731508200,224.01,226.65,222.76,225.12,48566217
1731594600,225.02,228.87,225,228.22,44923941
1731681000,226.4,226.92,224.27,225,47923696
1731940200,225.25,229.74,225.17,228.02,44686020
1732026600,226.98,230.16,226.66,228.28,36211774
1732113000,228.06,229.93,225.89,229,35169566
1732199400,228.88,230.155,225.7103,228.52,42108327
1732285800,228.06,230.7199,228.06,229.87,38168252
1732545000,231.46,233.245,229.74,232.87,90152832
1732631400,233.33,235.57,233.33,235.06,45986189
1732717800,234.465,235.69,233.8101,234.93,33498439
1732890600,234.805,237.81,233.97,237.33,28481377
1733149800,237.27,240.79,237.16,239.59,48137103
1733236200,239.81,242.76,238.9,242.65,38861017
1733322600,242.87,244.11,241.25,243.01,44383935
1733409000,243.99,244.54,242.13,243.04,40033878
1733495400,242.905,244.63,242.08,242.84,36870619
1733754600,241.83,247.24,241.75,246.75,44649232
1733841000,246.89,248.21,245.34,247.77,36914806
1733927400,247.96,250.8,246.2601,246.49,45205814
1734013800,246.89,248.74,245.68,247.96,32777532
1734100200,247.815,249.2902,246.24,248.13,33155290
1734359400,247.99,251.38,247.65,251.04,51694753
1734445800,250.08,253.83,249.78,253.48,51356360
1734532200,252.16,254.28,247.74,248.05,56774101
1734618600,247.5,252,247.0949,249.79,60882264
1734705000,248.04,255,245.69,254.49,147495267
1734964200,254.77,255.65,253.45,255.27,40858774
1735050600,255.49,258.21,255.29,258.2,23234705
1735223400,258.19,260.1,257.63,259.02,27262983
1735309800,257.83,258.7,253.06,255.59,42355321
1735569000,252.23,253.5,250.75,252.2,35557542
1735655400,252.44,253.28,249.43,250.42,39480718
1735828200,248.93,249.1,241.8201,243.85,55740731
1735914600,243.36,244.18,241.89,243.36,40244114
1736173800,244.31,247.33,243.2,245,45045571
1736260200,242.98,245.55,241.35,242.21,40855960
1736346600,241.92,243.7123,240.05,242.7,37628940
1736519400,240.01,240.16,233,236.85,61710856
1736778600,233.53,234.67,229.72,234.4,49630725
1736865000,234.75,236.12,232.472,233.28,39435294
1736951400,234.635,238.96,234.43,237.87,39831969
1737037800,237.35,238.01,228.03,228.26,71759052
1737124200,232.115,232.29,228.48,229.98,68488301
1737469800,224,224.42,219.38,222.64,98070429
1737556200,219.79,224.12,219.79,223.83,64126500
1737642600,224.74,227.03,222.3,223.66,60234760
1737729000,224.78,225.63,221.41,222.78,54697907
1737988200,224.02,232.15,223.98,229.86,94863418
1738074600,230.85,240.19,230.81,238.26,75707569
1738161000,234.12,239.855,234.01,239.36,45486100
1738247400,238.665,240.79,237.21,237.59,55658279
1738333800,247.19,247.19,233.44,236,101075128
1738593000,229.99,231.83,225.7,228.01,73063301
1738679400,227.25,233.13,226.65,232.8,45067301
1738765800,228.53,232.67,228.27,232.47,39664989
1738852200,231.285,233.8,230.425,233.22,29925349
1738938600,232.6,234,227.26,227.63,39707224
1739197800,229.57,230.585,227.2,227.65,33115645
1739284200,228.2,235.23,228.13,232.62,53718362
1739370600,231.2,236.96,230.68,236.87,45243292
1739457000,236.91,242.3399,235.57,241.53,53614054
1739543400,241.25,245.55,240.99,244.6,40896227
1739889000,244.15,245.18,241.84,244.47,48822491
1739975400,244.66,246.01,243.1604,244.87,32204215
1740061800,244.94,246.78,244.29,245.83,32316907
1740148200,245.95,248.69,245.22,245.55,53197431
1740407400,244.925,248.86,244.42,247.1,51326396
1740493800,248,250,244.91,247.04,48013272
1740580200,244.33,244.98,239.13,240.36,44433564
1740666600,239.41,242.46,237.06,237.3,41153639
1740753000,236.95,242.09,230.2,241.84,56833360
1741012200,241.79,244.0272,236.112,238.03,47183985
1741098600,237.705,240.07,234.68,235.93,53798062
1741185000,235.42,236.55,229.23,235.74,47227643
1741271400,234.435,237.86,233.1581,235.33,45170419
1741357800,235.105,241.37,234.76,239.07,46273565
1741613400,235.54,236.16,224.22,227.48,72071197
1741699800,223.805,225.8399,217.45,220.84,76137410
1741786200,220.14,221.75,214.91,216.98,62547467
1741872600,215.95,216.8394,208.42,209.68,61368330
1741959000,211.25,213.95,209.58,213.49,60107582
1742218200,213.31,215.22,209.97,214,48073426
1742304600,214.16,215.15,211.49,212.69,42432426
1742391000,214.22,218.76,213.75,215.24,54385391
1742477400,213.99,217.4899,212.22,214.1,48862947
1742563800,211.56,218.84,211.28,218.27,94127768
1742823000,221,221.48,218.58,220.73,44299483
1742909400,220.77,224.1,220.08,223.75,34493583
1742995800,223.51,225.02,220.47,221.53,34532656
1743082200,221.39,224.99,220.5601,223.85,37094774
1743168600,221.67,223.81,217.68,217.9,39818617
1743427800,217.005,225.62,216.23,222.13,65299321
1743514200,219.805,223.68,218.9,223.19,36412740
1743600600,221.315,225.19,221.02,223.89,35905904
1743687000,205.54,207.49,201.25,203.19,103419006
1743773400,193.89,199.88,187.34,188.38,125910913
1744032600,177.2,194.15,174.62,181.46,160466286
1744119000,186.7,190.335,169.2101,172.42,120859491
1744205400,171.95,200.61,171.89,198.85,184395885
1744291800,189.065,194.7799,183,190.42,121879981
1744378200,186.1,199.54,186.06,198.15,87435915
1744637400,211.44,212.94,201.1621,202.52,101352911
1744723800,201.855,203.51,199.8,202.14,51343872
1744810200,198.36,200.7,192.37,194.27,59732423
1744896600,197.2,198.8335,194.42,196.98,52164675
1745242200,193.265,193.8,189.8112,193.16,46742537
1745328600,196.12,201.59,195.97,199.74,52976371
1745415000,206,208,202.799,204.6,52929165
1745501400,204.89,208.8299,202.94,208.37,47310989
1745587800,206.365,209.75,206.2,209.28,38222258
1745847000,210,211.5,207.46,210.14,38743074
1745933400,208.693,212.24,208.37,211.21,36827633
1746019800,209.3,213.58,206.6705,212.5,52286454
1746106200,209.08,214.56,208.9,213.32,57365675
1746192600,206.09,206.99,202.16,205.35,101010621
1746451800,203.1,204.1,198.21,198.89,69018452
1746538200,198.21,200.65,197.02,198.51,51216482
1746624600,199.17,199.44,193.25,196.25,68616943
1746711000,197.72,200.05,194.6796,197.49,50478872
1746797400,199,200.5399,197.535,198.53,36453923
1747056600,210.97,211.2679,206.75,210.79,63775814
1747143000,210.43,213.4,209,212.93,51909332
1747229400,212.43,213.94,210.5801,212.33,49325825
1747315800,210.95,212.96,209.54,211.45,45029473
1747402200,212.36,212.57,209.77,211.26,54737850
1747661400,207.91,209.48,204.26,208.78,46140527
1747747800,207.67,208.47,205.03,206.86,42496635
1747834200,205.17,207.04,200.71,202.09,59211774
1747920600,200.71,202.75,199.7,201.36,46742407
1748007000,193.665,197.7,193.46,195.27,78432918
1748352600,198.3,200.74,197.43,200.21,56288475
1748439000,200.59,202.73,199.9,200.42,45339678
1748525400,203.575,203.81,198.51,199.95,51477938
1748611800,199.37,201.96,196.78,200.85,70819942
1748871000,200.28,202.13,200.12,201.7,35423294
1748957400,201.35,203.77,200.955,203.27,46381567
1749043800,202.91,206.24,202.1,202.82,43603985
1749130200,203.5,204.75,200.15,200.63,55221235
1749216600,203,205.7,202.05,203.92,46607693
1749475800,204.39,206,200.02,201.45,72862557
1749562200,200.6,204.35,200.57,202.67,54672608
1749648600,203.5,204.5,198.41,198.78,60989857
1749735000,199.08,199.68,197.3601,199.2,43904635
1749821400,199.73,200.37,195.7,196.45,51447349
1750080600,197.3,198.685,196.5636,198.42,43020691
1750167000,197.2,198.39,195.21,195.64,38856152
1750253400,195.94,197.57,195.07,196.58,45394689
1750426200,198.235,201.7,196.855,201,96813542
1750685400,201.625,202.3,198.96,201.5,55814272
1750771800,202.59,203.44,200.2,200.3,54064033
1750858200,201.45,203.67,200.6201,201.56,39525730
1750944600,201.43,202.64,199.46,201,50799121
1751031000,201.89,203.22,200,201.08,73188571
1751290200,202.01,207.39,199.2607,205.17,91912816
1751376600,206.665,210.1865,206.1401,207.82,78788867
1751463000,208.91,213.34,208.14,212.44,67941811
1751549400,212.145,214.65,211.8101,213.55,34955836
1751895000,212.68,216.23,208.8,209.95,50228984
1751981400,210.1,211.43,208.45,210.01,42848928
1752067800,209.53,211.33,207.22,211.14,48749367
1752154200,210.505,213.48,210.03,212.41,44443635
1752240600,210.565,212.13,209.86,211.16,39765812
1752499800,209.925,210.91,207.54,208.62,38840111
1752586200,209.22,211.89,208.92,209.11,42296339
1752672600,210.295,212.4,208.64,210.16,47490532
1752759000,210.57,211.8,209.59,210.02,48068141
1752845400,210.87,211.79,209.7045,211.18,48974591
1753104600,212.1,215.78,211.63,212.48,51377434
1753191000,213.14,214.95,212.2301,214.4,46404072
1753277400,215,215.15,212.41,214.15,46989301
1753363800,213.9,215.69,213.53,213.76,46022620
1753450200,214.7,215.24,213.4,213.88,40268781
1753709400,214.03,214.845,213.06,214.05,37858017
1753795800,214.175,214.81,210.82,211.27,51411723
1753882200,211.895,212.39,207.72,209.05,45512514
1753968600,208.49,209.84,207.16,207.57,80698431
1754055000,210.865,213.58,201.5,202.38,104434473
1754314200,204.505,207.88,201.675,203.35,75109298
1754400600,203.4,205.34,202.16,202.92,44155079
1754487000,205.63,215.38,205.59,213.25,108483103
1754573400,218.875,220.85,216.58,220.03,90224834
1754659800,220.83,231,219.25,229.35,113853967
1754919000,227.92,229.56,224.76,227.18,61806132
1755005400,228.005,230.8,227.07,229.65,55672301
1755091800,231.07,235,230.43,233.33,69878546
1755178200,234.055,235.12,230.85,232.78,51916275
1755264600,234,234.28,229.335,231.59,56038657
1755523800,231.7,233.12,230.11,230.89,37476188
1755610200,231.275,232.87,229.35,230.56,39402564
1755696600,229.98,230.47,225.77,226.01,42263865
1755783000,226.27,226.52,223.7804,224.9,30621249
1755869400,226.17,229.09,225.41,227.76,42477811
1756128600,226.48,229.3,226.23,227.16,30983133
1756215000,226.87,229.49,224.69,229.31,54575107
1756301400,228.61,230.9,228.26,230.49,31259513
1756387800,230.82,233.41,229.335,232.56,38074700
1756474200,232.51,233.38,231.37,232.14,39418437
1756819800,229.25,230.85,226.97,229.72,44075638
1756906200,237.21,238.85,234.36,238.47,66427835
1756992600,238.45,239.8999,236.74,239.78,47549429
1757079000,239.995,241.32,238.4901,239.69,54870397
1757338200,239.3,240.15,236.34,237.88,48999495
1757424600,237,238.7805,233.36,234.35,66313918
1757511000,232.185,232.42,225.95,226.79,83440810
1757597400,226.875,230.45,226.65,230.03,50208578
1757683800,229.22,234.51,229.02,234.07,55824216
1757943000,237,238.19,235.03,236.7,42699524
1758029400,237.175,241.22,236.3235,238.15,63421099
1758115800,238.97,240.1,237.7301,238.99,46508017
1758202200,239.97,241.2,236.65,237.88,44249576
1758288600,241.225,246.3,240.2106,245.5,163741314
1758547800,248.3,256.64,248.12,256.08,105517416
1758634200,255.875,257.34,253.58,254.43,60275187
1758720600,255.22,255.74,251.04,252.31,42303710
1758807000,253.205,257.17,251.712,256.87,55202075
1758893400,254.095,257.6,253.78,255.46,46076258
1759152600,254.56,255,253.01,254.43,40127687
1759239000,254.855,255.919,253.11,254.63,37704259
1759325400,255.04,258.79,254.93,255.45,48713940
1759411800,256.575,258.18,254.15,257.13,42630239
1759498200,254.665,259.24,253.95,258.02,49155614
1759757400,257.99,259.07,255.05,256.69,44664118
1759843800,256.805,257.4,255.43,256.48,31955776
1759930200,256.52,258.52,256.11,258.06,36496895
1760016600,257.805,258,253.14,254.04,38322012
1760103000,254.94,256.38,244,245.27,61999098
1760362200,249.38,249.69,245.56,247.66,38142942
1760448600,246.6,248.845,244.7,247.77,35477986
1760535000,249.485,251.82,247.47,249.34,33893611
1760621400,248.25,249.04,245.13,247.45,39776974
1760707800,248.02,253.38,247.27,252.29,49146961
1760967000,255.885,264.375,255.63,262.24,90483029
1761053400,261.88,265.29,261.83,262.77,46695948
1761139800,262.65,262.85,255.43,258.45,45015254
1761226200,259.94,260.62,258.0101,259.58,32754941
1761312600,261.19,264.13,259.18,262.82,38253717
1761571800,264.88,269.12,264.6501,268.81,44888152
1761658200,268.985,269.89,268.15,269,41534759
1761744600,269.275,271.41,267.11,269.7,51086742
1761831000,271.99,274.14,268.48,271.4,69886534
1761917400,276.99,277.32,269.16,270.37,86167123
1762180200,270.42,270.85,266.25,269.05,50194583
1762266600,268.325,271.486,267.615,270.04,49274846
1762353000,268.61,271.7,266.93,270.14,43683072
1762439400,267.89,273.4,267.89,269.77,51204045
1762525800,269.795,272.29,266.77,268.47,48227365
1762785000,268.96,273.73,267.455,269.43,41312412
1762871400,269.81,275.91,269.8,275.25,46208318
1762957800,275,275.73,271.7,273.47,48397982
1763044200,274.11,276.699,272.09,272.95,49602794
1763130600,271.05,275.96,269.6,272.41,47431331
1763389800,268.815,270.49,265.73,267.46,45018260
1763476200,269.99,270.71,265.32,267.44,45677278
1763562600,265.525,272.21,265.5,268.56,40424492
1763649000,270.83,275.43,265.92,266.25,45823568
1763735400,265.95,273.33,265.67,271.49,59030832
1763994600,270.9,277,270.9,275.92,65585796
1764081000,275.27,280.38,275.25,276.97,46914220
1764167400,276.96,279.53,276.63,277.55,33431423
1764340200,277.26,279,275.9865,278.85,20135620
1764599400,278.01,283.42,276.14,283.1,46587722
1764685800,283,287.4,282.6301,286.19,53669532
1764772200,286.2,288.62,283.3,284.15,43538687
1764858600,284.095,284.73,278.59,280.7,43989056
1764945000,280.54,281.14,278.05,278.78,47265845
1765204200,278.13,279.6693,276.15,277.89,38211832
1765290600,278.16,280.03,276.92,277.18,32193256
1765377000,277.75,279.75,276.44,278.78,33038318
1765463400,279.095,279.59,273.81,278.03,33247986
1765549800,277.9,279.22,276.82,278.28,39532887
1765809000,280.15,280.15,272.84,274.11,50409078
1765895400,272.82,275.5,271.79,274.61,37648628
1765981800,275.01,276.16,271.64,271.84,50138743
1766068200,273.605,273.63,266.95,272.19,51630721
1766154600,272.145,274.6,269.9,273.67,144632048
1766413800,272.86,273.88,270.505,270.97,36571827
1766500200,270.84,272.5,269.56,272.36,29641999
1766586600,272.34,275.43,272.195,273.81,17910574
1766759400,274.16,275.37,272.86,273.4,21521802
1767018600,272.69,274.36,272.35,273.76,23715213
1767105000,272.81,274.08,272.28,273.08,22139617
1767191400,273.06,273.68,271.75,271.86,27293639
1767364200,272.255,277.84,269,271.01,37838054
1767623400,270.64,271.51,266.14,267.26,45647190
1767709800,267,267.55,262.12,262.36,52352090
1767796200,263.2,263.68,259.81,260.33,48309804
1767882600,257.02,259.29,255.7,259.04,50419337
1767969000,259.075,260.21,256.22,259.37,39996967
1768228200,259.16,261.3,256.8,260.25,45263767
1768314600,258.72,261.81,258.39,261.05,45730847
1768401000,259.49,261.82,256.71,259.96,40019421
1768487400,260.65,261.04,257.05,258.21,39388564
1768573800,257.9,258.9,254.93,255.53,72142773
1768919400,252.73,254.79,243.42,246.7,80267517
1769005800,248.7,251.56,245.18,247.65,54641725
1769092200,249.2,251,248.15,248.35,39708340
1769178600,247.32,249.41,244.68,248.04,41688982
1769437800,251.48,256.56,249.8,255.41,55969234
1769524200,259.17,261.95,258.21,258.27,49648271
1769610600,257.65,258.855,254.51,256.44,41287971
1769697000,258,259.65,254.41,258.28,67253009
1769783400,255.165,261.8999,252.18,259.48,92443408
1770042600,260.03,270.49,259.205,270.01,73913425
1770129000,269.2,271.875,267.61,269.48,64394655
1770215400,272.285,278.95,272.285,276.49,90545710
1770301800,278.13,279.5,273.23,275.91,52977441
1770388200,277.12,280.905,276.925,278.12,50453414
1770647400,277.905,278.2,271.7,274.62,44623396
1770733800,274.885,275.37,272.94,273.68,34376898
1770820200,274.695,280.18,274.45,275.5,51931283
1770906600,275.59,275.72,260.18,261.73,81077229
1770993000,262.01,262.23,255.45,255.78,56290673
1771338600,258.05,266.29,255.54,263.88,58469094
1771425000,263.6,266.82,262.45,264.35,34203337
1771511400,262.6,264.48,260.05,260.58,30845294
1771597800,258.97,264.75,258.16,264.58,42070499
1771857000,263.49,269.43,263.381,266.18,37308155
1771943400,267.86,274.89,267.71,272.14,47014619
1772029800,271.78,274.94,271.05,274.23,33714342
1772116200,274.945,276.11,270.795,272.95,32345114
1772202600,272.81,272.81,262.89,264.18,72366505
1772461800,262.41,266.53,260.2,264.72,41827946
1772548200,263.48,265.56,260.13,263.75,38568921
1772634600,264.65,266.15,261.42,262.52,39803119
1772721000,260.79,261.555,257.25,260.29,49658626
1772807400,258.63,258.77,254.37,257.46,41120042
1773063000,255.69,261.15,253.6805,259.88,38218533
1773149400,257.645,262.48,256.95,260.83,30590765
1773235800,261.09,262.13,259.55,260.81,26218927
1773322200,258.66,258.95,254.18,255.76,40794020
1773408600,255.48,256.33,249.52,250.12,36929988
1773667800,252.105,253.885,249.88,252.82,32074209
1773754200,252.955,255.13,252.18,254.23,32361607
1773840600,252.625,254.94,249,249.94,35757874
1773927000,249.4,251.83,247.3,248.96,34864082
1774013400,247.975,249.1999,246,247.99,88331081
1774272600,253.97,254.6,250.28,251.49,40546109
1774359000,250.35,254.825,249.55,251.64,45152288
1774445400,254.095,255,251.6,252.62,28476668
1774531800,252.115,257,250.77,252.89,41796650
1774618200,253.9,255.493,248.07,248.8,47899998
1774877400,250.07,250.87,245.51,246.63,39446213
1774963800,247.91,255.48,247.101,253.79,49598091
1775050200,254.08,256.18,253.33,255.63,40059432
1775136600,254.2,256.13,250.65,255.92,31289369
1775482200,256.51,262.16,256.46,258.86,29329911
1775568600,256.155,256.2,245.7,253.5,62148008
1775655000,258.45,259.7499,256.53,258.9,41032772
1775741400,259,261.12,256.07,260.49,28121574
1775827800,259.98,262.19,259.023123,260.48,31291473
1776087000,259.73,260.18,256.66,259.2,36234698
1776173400,259.245,261.93,257.19,258.83,48370710
1776259800,258.16,266.56,257.81,266.43,49913510
1776346200,266.8,267.16,261.27,263.4,43323112
1776432600,266.96,272.3,266.72,270.23,61436228
1776691800,270.33,274.275,270.29,273.05,36590169
1776778200,271.5,272.8,265.4,266.17,50209755
1776864600,267.82,273.74,266.87,273.17,43249204
1776951000,275.045,275.77,271.65,273.43,33399639
1777037400,272.755,273.06,269.65,271.06,38157110
1777296600,266.09,268.36,265.07,267.61,41466762
1777383000,272.335,273.23,268.66,270.71,40018940
1777469400,267.55,271.04,267.04,270.22,30047869
1777555800,270.5,276,268.14,271.35,91848230
1777642200,278.855,287.22,278.37,280.14,79915442
1777901400,279.655,280.63,274.8601,276.83,46668401
1777987800,276.925,284.57,276.501,284.18,49311712
1778074200,281.915,288.03,281.07,287.51,58336072
1778160600,289.27,292.13,285.78,287.44,45224300
1778247000,290.01,294.76,290,293.32,52692761
1778506200,291.979,293.88,290.23,292.68,42247285
1778592600,292.56,295.27,292.56,294.8,45748129
1778679000,293.5,300.92,293.5,298.87,52684260
1778765400,299.82,300.45,295.38,298.21,35324922
1778851800,297.9,303.2,296.52,300.23,54862836
1779111000,300.24,300.66,294.91,297.84,34482959
1779197400,296.97,300.51,296.35,298.97,42243561
1779283800,298.18,302.8,298.08,302.25,38229843
1779370200,301.055,305.54,300.4,304.99,42965126
1779456600,306.12,311.4,305.84,308.82,43670223
1779802200,309.56,311.82,307.67,308.33,48000493
1779888600,308.33,313.26,308.3,310.85,50430919
1779975000,310.68,312.8,309.57,312.51,48220390
1780061400,311.775,315,309.53,312.06,70026752
1780320600,309.625,310.94,305.02,306.31,48849933
1780407000,307.46,315.45,306.685,315.2,44534716
1780493400,314.175,316.94,308.85,310.26,50836705
1780579800,313.23,313.54,309.65,311.23,44869134
1780666200,312.86,315.17,307.15,307.34,65310502
1780925400,308.739,317.4,301.17,301.54,77949082
1781011800,300.275,300.75,287.78,290.55,70108847
1781098200,290.74,294.75,287.38,291.58,52793266
1781184600,293.72,297,289.59,295.63,42572497
1781271000,296.03,297.14,289.62,291.13,38784789
1781530200,294.12,297.78,291.7,296.42,45732573
1781616600,295.245,300.48,293.97,299.24,39874404
1781703000,300.845,302.07,294.36,295.95,42745060
1781789400,298.11,300.57,295.62,298.01,85962201
1782135000,297.31,302.42,296.76,297.01,44879914
1782221400,297.538,301.64,294.18,294.3,52010929
1782307800,295.355,299.7,292.94,293.08,53081859
1782394200,287.4,288.8,273.75,275.15,107253659
1782480600,275,285.95,274.21,283.78,261775450
1782739800,286.73,288.3697,279.85,281.74,66427002
1782826200,281.17,289.94,280.695,289.36,65100155
1782912600,293.44,296.59,289.195,294.38,50164232
1782999000,294.12,309.42,293.68,308.63,75400626
1783344600,307.36,314.2,307,312.66,53589977
1783431000,315.29,315.48,310.15,310.66,42490002
1783517400,311.91,314.82,307.05,313.39,41323480
1783603800,310.51,316.53,308.16,316.22,48124490
1783690200,314.72,316.91,312.17,315.32,34132321
1783949400,317.015,323.45,315.78,317.31,43257804
1784035800,313.76,316.19,311.91,314.86,36336829
1784122200,317.615,328.73,317.32,327.5,60957644
1784208600,328.005,334.68,326.79,333.26,62970617
1784295000,331.98,334.99,329.0006,333.74,63407059
1784554200,333.505,333.71,323.68,326.59,53468008
1784640600,323.13,329.6,322.2204,327.74,41338917
1784727000,327.87,328.9995,323.34,325.89,38755929
1784813400,321.73,323.3,319.35,321.66,40840778
1784899800,321.79,334.37,321.62,333.02,47489415
1785159000,334.54,339.57,334.02,336.91,49604297
1785245400,340.03,342.89,335.6,340.08,51859042
1785331800,339.73,344.5699,337.3501,338.19,56090840
1785418200,333.1,334.75,329.59,333.43,74817792
1785504600,304.81,310.69,300,308.91,132489137
1785763800,309.58,311.8,302.56,303.42,75051951
1785850200,302.725,310.42,301.32,309.38,68000969
1785936600,309.36,311.71,305.67,311,49438763
1786023000,314.34,316.2894,309.23,312.41,46139901
1786109400,311.45,314.81,310.74,313.33,34437191
1786368600,306.83,308.26,304.61,308.26,44812503
1786455000,307.75,309.97,302.79,304.91,37476746
1786541400,305.1,305.66,300.57,302.25,41657768
1786627800,304.21,306,302.05,305.26,40349289
1786714200,306,307.49,304.3,305.93,28229375
1786973400,306.21,307.66,302.939,305.59,38169263
1787059800,307.58,311.49,305.74,310.03,53424535
1787146200,310.14,319.2799,309.6,316.83,50505646
1787232600,317.455,320.28,310.65,311.3,40959184
1787319000,312.05,312.38,307.01,309.35,46876815
1787578200,311.47,313.36,309.97,310.34,34673582
1787664600,310.79,313.59,308.21,309.9,25869807
1787751000,310.3,315.43,308.8001,313.45,34024486
1787837400,310.545,315.4,309.4001,314.58,32419233
1787923800,316.845,322.37,315.4504,319.7,38649398
1788183000,319.6,321.235,312.8,316.85,41242724
1788269400,316.98,327.3,314.73,325.13,53167388
1788355800,326.865,328.4,323.53,324.96,33776370
1788442200,324.87,330.81,324.11,328.21,37225838
1788528600,328.305,328.93,317.86,319.97,39606885
1788874200,317.1,320.7,314.9,316.22,35477090
1788960600,315.485,319.15,309.9,315.34,65639962
1789047000,316.67,326.74,316.51,326.57,70011913
1789133400,327.45,336.22,326.3,332.27,50716865
