t,o,h,l,c,v
1412688600,67.4,67.63,65.93,65.96,3308165
1412775000,66,68.09,65.411,67.99,3562500
1412861400,67.83,67.96,65.48,65.66,3376811
1412947800,65.37,65.58,63.29,63.29,4647988
1413207000,63.01,63.35,61.5301,61.68,4822097
1413293400,62.17,62.3,60.69,60.88,4189537
1413379800,59.61,62.65,58.51,62.19,8333625
1413466200,60.72,63.72,60.72,62.86,6639958
1413552600,63.46,65.13,63.46,64.52,6540794
1413811800,64.25,64.73,63.7,64.68,4266231
1413898200,64.84,66.56,64.51,66.425,3229897
1413984600,66.31,66.49,64.99,65.04,2363348
1414071000,65.62,66.4,65.17,65.92,1783779
1414157400,66.26,67.085,65.5,67.01,1391572
1414416600,66.84,67.34,66.31,67.03,1490821
1414503000,67.45,68.51,67.2,68.37,1951060
1414589400,68.21,68.81,67.52,67.93,2054404
1414675800,67.23,68.61,67.23,68.57,1896316
1414762200,69.89,70.25,69.27,70.12,2949402
1415025000,69.93,70.27,69.66,69.91,1889002
1415111400,69.95,71.1,69.75,71.07,2995992
1415197800,71.53,72.04,70.89,71.37,6146563
1415284200,71.59,72.37,71.37,72.1,2345269
1415370600,72.35,72.4,71.441,71.6,4303060
1415629800,71.63,72,71.18,71.7,2388783
1415716200,71.81,72,71.4,71.7,1876089
1415802600,71.35,71.73,71.26,71.41,1581709
1415889000,71.65,72.08,71.3,71.72,2560802
1415975400,71.7,72,71.35,71.42,2470527
1416234600,70.98,71.25,69.87,69.97,3443117
1416321000,69.86,71.08,69.86,70.83,2833165
1416407400,71.01,71.055,70.42,70.82,2193796
1416493800,70.33,70.55,70.02,70.44,2250485
1416580200,72,72.55,71.18,71.32,4554447
1416839400,71.52,71.55,70.73,71.225,1821157
1416925800,71.2,72.52,71.2,72,2842637
1417012200,72.08,73,71.74,72.98,1467560
1417185000,73.13,74.1,73.05,73.68,978374
1417444200,73.64,73.965,73.2,73.75,2023316
1417530600,74,74,73.08,73.47,1843614
1417617000,73.64,73.64,72.8901,73.18,1576865
1417703400,73.09,73.23,72.4,73.03,1428212
1417789800,73.16,73.25,72.36,72.4,3061817
1418049000,72.4,72.78,71.6,72.05,1639677
1418135400,71.34,71.66,70.68,71.565,2875422
1418221800,71.56,71.97,69.74,69.85,2577809
1418308200,70.1,71.14,69.66,69.74,5176598
1418394600,74.17,77.56,73.71,76.02,12613681
1418653800,75.66,76.13,72.84,73.04,9696667
1418740200,72.87,73.8,72.31,72.32,4057067
1418826600,72.5,74.57,72.16,73.995,4180909
1418913000,75.41,75.54,74.6,74.89,6913456
1418999400,75,75.235,73.99,74.45,6969464
1419258600,74.38,75.14,74.38,74.5,3815437
1419345000,74.65,75,74.29,74.38,1941125
1419431400,74.49,74.93,74.37,74.74,1204572
1419604200,74.74,75.17,74.42,74.67,1083910
1419863400,74.56,74.58,74,74.13,925144
1419949800,73.63,73.86,72.75,73.085,1581717
1420036200,73.4,74.21,72.65,72.7,1359290
1420209000,72.7,73.2031,71.89,72.34,2356405
1420468200,72.21,72.43,71.57,71.98,2405286
1420554600,71.95,72.1,69.88,70.53,2895356
1420641000,70.77,71.29,70.42,71.11,2378276
1420727400,71.4,73.06,71.31,72.915,2624237
1420813800,72.89,73.13,71.63,71.84,1730255
1421073000,72.13,72.26,70.75,71.12,1337867
1421159400,71.95,72.96,69.95,70.59,2103821
1421245800,69.88,70.4,68.98,69.99,1927063
1421332200,71.71,71.75,70.16,70.29,2839158
1421418600,70.03,71.85,70.03,71.73,2375295
1421764200,71.79,71.99,70.58,71.49,1612038
1421850600,71.16,71.89,70.37,71.54,1787889
1421937000,71.9,73.65,70.9,73.48,2178508
1422023400,73.44,74.4,73.06,74.06,1851700
1422282600,72.61,73.15,71.68,72.74,3593663
1422369000,71.71,72.36,71.06,71.46,1798640
1422455400,71.54,71.84,70.07,70.25,2281065
1422541800,70.03,71.82,69.78,71.64,2538051
1422628200,71.32,71.6699,70.06,70.13,2331834
1422887400,70.44,71.2,69.04,71.11,2381935
1422973800,71.54,71.97,71,71.92,1555876
1423060200,71.79,72.62,71.78,72.28,2165414
1423146600,72.47,73.18,72.32,73.1,1438782
1423233000,73.18,73.62,72.24,72.54,1367371
1423492200,72.09,72.98,72.04,72.33,1628899
1423578600,72.94,73.19,72.11,72.76,1696213
1423665000,72.78,73.14,72.35,73.01,1600855
1423751400,73.6,74.755,73.31,74.59,2243474
1423837800,74.98,76.62,74.77,76.51,3819312
1424183400,76.67,77.22,76.31,77.13,1986617
1424269800,77.02,77.9975,76.8,77.73,1683362
1424356200,77.42,77.94,77.2,77.73,1556077
1424442600,77.76,78.56,77.2,78.55,1626881
1424701800,78.65,78.69,77.79,78.1,1455823
1424788200,78.03,78.03,77.08,77.68,1954329
1424874600,77.76,78.44,77.475,78.07,1256415
1424961000,78.32,79.07,78.02,78.96,1545990
1425047400,79.24,80.3,78.93,79.1,3115789
1425306600,79.14,79.79,78.715,79.79,1497669
1425393000,79.63,79.99,78.97,78.99,1617017
1425479400,78.71,78.74,77.13,77.63,2393581
1425565800,77.6,78.71,77.3,78.62,1850110
1425652200,78.19,78.5,77.05,77.55,2537112
1425907800,77.76,78.24,77.43,77.93,2010928
1425994200,77.25,77.29,75.99,76.005,2622028
1426080600,75.91,76.78,75.68,76.01,1692240
1426167000,76.14,77.44,75.97,77.4,1683176
1426253400,77.18,78.06,76.62,77.62,2202818
1426512600,78.21,78.5899,77.8,78.33,1851377
1426599000,78.22,79.87,78.18,79.66,5718989
1426685400,75.5,78.32,74.75,76.89,10509371
1426771800,76.48,77.38,75.2901,77.14,3519153
1426858200,77.67,77.96,76.81,77.36,3577649
1427117400,77.11,77.3,76.34,76.35,1754089
1427203800,76.11,76.42,75.38,75.45,2782843
1427290200,75.5,75.59,73.12,73.13,3444655
1427376600,72.43,73.3577,72.12,72.97,2965546
1427463000,72.72,73.46,72.56,73.31,2085213
1427722200,73.51,73.86,73.1,73.6,1880790
1427808600,73.11,74.6,72.94,73.94,2555952
1427895000,73.61,75.1,73.03,75.07,3976036
1427981400,75.17,76.17,74.61,75.68,2158435
1428327000,75.13,76.65,74.75,76.23,2556459
1428413400,76.07,76.68,75.62,75.65,2601250
1428499800,75.68,76.35,75.12,75.44,1938515
1428586200,75.62,76.35,75.21,76.33,1556186
1428672600,76.3,76.63,76,76.53,1801204
1428931800,76.44,77,75.89,76.02,1230003
1429018200,76.02,76.6,75.59,75.95,1924755
1429104600,76.09,76.5,75.9,76.03,1355474
1429191000,75.41,75.69,75.095,75.15,2069782
1429277400,74.38,74.55,72.78,73.15,3856527
1429536600,73.42,74.3,73.42,73.92,1688291
1429623000,74.31,74.88,74.21,74.62,1894585
1429709400,74.68,75.52,74.634,75.5,1523834
1429795800,75.08,76.8,75,76.52,1714116
1429882200,76.41,77.21,75.84,76.54,1831099
1430141400,76.84,77.29,76.36,76.55,1653200
1430227800,76.34,77.09,75.87,76.02,1698227
1430314200,75.61,77.26,75.465,76.65,2423865
1430400600,76.4,77.24,75.31,76.06,2109174
1430487000,76.29,76.67,75.66,76.43,1745421
1430746200,76.43,76.99,75.82,75.85,1655632
1430832600,75.35,75.63,74.75,75,2052192
1430919000,75.08,75.47,73.96,74.48,1997335
1431005400,74.4,74.84,74.17,74.73,2010135
1431091800,75.28,76.52,75.05,76.31,1585632
1431351000,76.32,77.34,76.07,76.785,2140410
1431437400,76.26,76.9,75.3,76.57,2082578
1431523800,76.6,77.48,76.53,77.08,1830543
1431610200,77.64,79.81,77.1,79.43,3068066
1431696600,80,80,78.625,78.92,2676185
1431955800,78.69,79.525,78.4,79.41,1436008
1432042200,79.75,79.93,79.37,79.62,2065598
1432128600,79.57,79.9,78.91,79.61,2639039
1432215000,79.54,80.74,79.19,80.56,2761464
1432301400,80.34,80.7,79.97,80.04,1825194
1432647000,79.91,80.12,78.84,79.365,2080761
1432733400,79.55,80.32,79.27,80.16,1671821
1432819800,80.17,80.42,79.745,80.015,1248364
1432906200,79.89,79.99,78.94,79.09,3288029
1433165400,79.5,80,78.59,79.87,2288815
1433251800,79.7,80.22,79.35,79.82,1533956
1433338200,79.93,80.34,79.44,80.13,1972025
1433424600,79.86,80.379,78.64,78.75,1659256
1433511000,78.64,79.39,78.38,78.86,1325884
1433770200,78.9,79.18,77.9,78.16,1621644
1433856600,77.88,78.05,76.95,77.9,2100935
1433943000,78.18,79.7,77.99,79.56,1775952
1434029400,79.81,80.29,79.42,79.65,1918251
1434115800,79.33,80.26,79.06,79.86,1794851
1434375000,79.17,79.25,78.35,78.9,2459672
1434461400,78.93,80.43,78.83,79.94,3579416
1434547800,79.5,80,77.74,77.91,6464247
1434634200,77.82,79.94,77.82,79.39,3858561
1434720600,79.41,79.94,79.06,79.7,3155595
1434979800,80,82.66,79.85,82.28,5829955
1435066200,82.17,83.77,82.1,83.55,4944995
1435152600,83.22,84.36,82.9745,83.4,4311199
1435239000,83.82,84.27,83.49,83.94,3052904
1435325400,84.22,84.22,82.265,82.74,5914717
1435584600,81.22,82.06,81.15,81.28,4060269
1435671000,82.19,82.34,80.95,81.01,4086360
1435757400,81.57,81.915,80.71,80.945,2944498
1435843800,81.19,81.29,80.38,80.75,2200892
1436189400,80.02,81.19,80,80.5,2590913
1436275800,80.77,81,78.94,80.59,2781935
1436362200,79.95,80.5199,79.4,79.99,4157628
1436448600,80.74,81.67,80.41,80.47,3068877
1436535000,81.5,81.5,80.47,80.59,3025163
1436794200,81.09,81.66,80.82,81.44,4597216
1436880600,81.67,82.35,81.24,81.89,4428123
1436967000,82.2,82.32,81.71,82.12,3214918
1437053400,82.65,82.67,82.2,82.52,2058116
1437139800,82.17,82.73,81.48,82.1,2402732
1437399000,82,82.185,81.45,82.09,1995809
1437485400,81.8,82.1,81.01,81.19,3916364
1437571800,81.38,81.75,80.651,80.73,2601230
1437658200,80.8,81.4,80.48,80.64,2579457
1437744600,81,81.36,80.54,80.98,3575251
1438003800,80.53,80.7,79.73,79.93,2762686
1438090200,80.07,80.65,79.13,80.59,2681012
1438176600,80.07,80.54,79.56,80.25,2178014
1438263000,79.9,81.8,79.2,81.29,2072732
1438349400,81.8,82.8225,81.37,81.99,2893613
1438608600,82.18,82.26,80.7,81.4,2073985
1438695000,81.43,82.18,81.17,82.06,1375432
1438781400,82.78,84.12,82.17,83.38,1773755
1438867800,83.47,83.63,82.07,82.19,2272316
1438954200,81.87,82.92,81.48,82.69,1990308
1439213400,83.39,83.92,83.19,83.62,1999640
1439299800,84.06,84.86,83.05,83.9,3103220
1439386200,83.16,84.14,82.08,83.82,2218544
1439472600,83.82,84.83,83,84.31,1963567
1439559000,83.96,86.38,83.96,86.12,2610165
1439818200,86,86.78,84.9,86.77,1788317
1439904600,86.98,87.25,86.03,86.45,1468312
1439991000,86.12,86.47,85.21,85.48,2461363
1440077400,84.66,84.9,82.69,82.69,3108772
1440163800,81.94,82.16,78.87,78.87,6807377
1440423000,75,77.82,71.33,74.27,6938457
1440509400,77.02,78.33,74.47,74.57,7465401
1440595800,76.14,77.61,74.56,77.33,4243640
1440682200,78.41,79.28,77.39,78.91,5197157
1440768600,78.42,79.45,77.75,79.4,3316397
1441027800,79.38,79.7,78.3,78.57,2313076
1441114200,77.07,77.82,75.63,75.99,3206418
1441200600,77,77.33,75.54,77.25,3533790
1441287000,77.6,79.55,77.36,78.32,3480072
1441373400,76.99,78.27,76.39,76.89,2326519
1441719000,78.64,79.91,78.13,79.78,2670642
1441805400,80.79,81.51,78.23,78.52,2460260
1441891800,78.63,78.97,78.01,78.7,3541000
1441978200,78.44,79.23,77.94,79.19,2913733
1442237400,79.35,79.41,78.275,78.46,2545884
1442323800,78.61,80.115,78.3,79.53,3436283
1442410200,79.51,80.67,79.32,80.53,2509817
1442496600,80.45,81.88,79.7,80.31,4892893
1442583000,78.54,84.95,78.16,81.25,16424002
1442842200,81.42,83.69,81.42,83.32,4919715
1442928600,81.98,84.83,81.77,84.66,6336486
1443015000,84.92,85.985,84.05,85.5,4007659
1443101400,85.07,85.37,83.36,83.91,4463720
1443187800,84.71,84.72,82.58,83.13,3736860
1443447000,82.88,83,80.03,80.52,3435652
1443533400,80.52,80.58,79.09,79.83,3126333
1443619800,80.88,82.37,80.38,82.22,3653750
1443706200,82.42,83.77,81.57,83.75,3407757
1443792600,82.21,84.01,81.29,83.99,3402556
1444051800,84.8,86.31,84.49,85.84,4204821
1444138200,85.6,86,84.84,85.15,4262976
1444224600,82.2,83.0992,79.02,80.65,14474830
1444311000,80.45,82.48,80.2,82.26,4596042
1444397400,82.41,83.9,81.99,83.82,3774304
1444656600,83.66,84.8393,83.23,83.92,2707166
1444743000,83.32,84.64,83.31,83.65,1992787
1444829400,84,84.73,83.4,83.8,2391210
1444915800,84.19,86.86,84.09,86.77,4381865
1445002200,87.17,89.035,86.18,88.67,5332073
1445261400,88.15,88.49,87.03,88.4,3353922
1445347800,88.15,88.6497,86.42,86.84,2694218
1445434200,87.22,87.568,85.87,86.13,2901500
1445520600,86.56,88.83,86.56,88.46,3547138
1445607000,89,89.44,87.44,87.86,6744138
1445866200,87.91,89.7,87.6101,88.84,2375718
1445952600,88.65,88.85,87.81,88.05,2593605
1446039000,88.44,88.83,87.58,88.5,3206706
1446125400,88.26,88.5,87.51,88.12,1623429
1446211800,87.99,89.49,87.9001,88.66,2131604
1446474600,89.03,90.545,88.47,89.91,2904654
1446561000,89.59,90.74,88.92,90.36,2102228
1446647400,90.34,91.34,90.21,91.01,1873683
1446733800,91.5,91.87,89.79,90.55,1836270
1446820200,90.07,90.79,88.97,90.69,2004247
1447079400,90.24,90.4916,88.99,89.8,1705162
1447165800,89.56,90.31,88.99,90.28,1943618
1447252200,90.68,91.47,90.25,91.21,2361580
1447338600,91.08,91.88,90.74,90.84,2458777
1447425000,90.95,90.95,88.795,89.02,1831380
1447684200,89.66,89.8,88,89.765,2198456
1447770600,89.96,91.29,89.87,90.29,1736480
1447857000,90.31,91.39,89.47,91.27,1453597
1447943400,91.52,92.13,91.28,91.76,2414445
1448029800,92.33,92.5,91.22,91.81,2134505
1448289000,91.82,92.37,91.27,91.96,1570368
1448375400,91.14,92.22,90.09,92,2046161
1448461800,92.3,92.4982,91.695,91.77,1117751
1448634600,91.86,92.57,91.77,92.17,632970
1448893800,92.41,92.6599,91.13,91.46,2380229
1448980200,92.01,92.58,91.1,92.55,1545116
1449066600,92.52,92.85,91.68,92.02,1904456
1449153000,91.97,92.76,89.725,89.91,2425554
1449239400,90.13,92.82,90.13,92.58,2980839
1449498600,92.56,92.88,89.215,89.6,3958684
1449585000,89.22,92.09,88.9566,91.72,3372856
1449671400,91.04,91.792,88.95,89.56,3333572
1449757800,90.41,90.43,88.51,88.96,4751879
1449844200,92.51,93.65,90.12,91.42,8315042
1450103400,91.71,93.31,91.02,93.26,3792644
1450189800,93.98,95.79,93.72,94.02,4099757
1450276200,94.41,95.66,93.61,95.56,2613859
1450362600,95.7,96.42,94.19,94.2,3069671
1450449000,93.73,93.92,91.3,91.31,5314241
1450708200,92.16,92.6894,90.81,91.62,2663575
1450794600,91.94,93.95,91.63,93.82,1873594
1450881000,94.42,94.99,93.53,94.7,1526504
1450967400,94.45,95.19,94.03,94.3,602505
1451313000,93.79,94.3,93.23,94.2,1027064
1451399400,94.6,95.898,94.6,95.33,1124878
1451485800,95.19,96.02,95,95.28,1153823
1451572200,95.07,95.21,93.88,93.94,1453954
1451917800,91.77,92,90.54,91.97,2993832
1452004200,92.01,92.85,91.41,92.34,1821298
1452090600,91.1,91.5,90.24,91.02,1673989
1452177000,89.4,91.4,88.71,89.11,2717802
1452263400,89.68,89.99,87.63,87.85,2263449
1452522600,88.07,89.8025,87.84,89.38,2362163
1452609000,89.89,91.03,88.4075,89.82,2370481
1452695400,90.59,91.44,87.99,88.3,3409113
1452781800,88.92,90.3,87.32,89.8,4087502
1452868200,86.84,89.35,86.82,89.17,3937523
1453213800,90.29,91.4,88.37,89.18,3680618
1453300200,87.69,88.76,84.67,87.94,3667159
1453386600,88.64,89.93,87.14,88,4298802
1453473000,89.55,89.93,88.48,89.63,5390252
1453732200,88.39,89.26,86.63,86.77,3945006
1453818600,87.26,87.58,85.47,86.89,2746345
1453905000,87.27,87.83,84.51,84.85,3070623
1453991400,85.54,85.74,82.7,84.52,5315646
1454077800,85.55,89.13,85.12,89.13,4679475
1454337000,88.16,90.2383,87.9,89.61,2893124
1454423400,88.71,89.02,87.64,87.95,3070904
1454509800,88.91,89.25,86.67,87.99,3185809
1454596200,87.82,87.97,85.78,86.36,3417381
1454682600,85.5,85.5,77.83,79.2,10644177
1454941800,77.4,78.33,71.27,74.94,12909967
1455028200,74.76,77.19,73.04,73.85,6697354
1455114600,74.99,77.615,73.8965,75.53,6465276
1455201000,74.04,75.53,73.58,74.94,4984695
1455287400,75.99,77.36,75.4,76.67,4368740
1455633000,77.13,79.2,77.13,78.88,4736362
1455719400,79.4,82.07,78.54,81.85,4474238
1455805800,82.3,82.82,80.135,80.53,3560252
1455892200,80.32,80.94,79.51,80.87,3928918
1456151400,82.09,84.16,82.05,83.8,3615504
1456237800,83.41,84.49,82.86,83.07,2958412
1456324200,82.22,83.53,80.93,83.42,2667257
1456410600,84.76,86.72,84.15,86.68,3284022
1456497000,87.11,87.48,84.1,86.6,3723198
1456756200,86.01,86.19,85.09,85.15,3164397
1456842600,85.92,88.395,84.59,88.37,3604652
1456929000,88.12,88.55,87.26,88.39,2863529
1457015400,88.5,88.5,85.85,87.21,3082086
1457101800,87.93,87.9399,85.58,86.18,3002480
1457361000,85.58,85.96,84.05,85.11,3124542
1457447400,84.25,85.95,83.17,84.35,3245661
1457533800,84.88,85.29,83.25,85.27,2491523
1457620200,85.06,86.52,83.59,84.85,2969730
1457706600,85.2,86.23,84.63,86,3330376
1457962200,86.11,87.75,85.837,87.01,3754525
1458048600,86.4,87.19,86.22,86.83,2909597
1458135000,86.7,88.48,86.4,88.17,3383006
1458221400,88.66,90.21,87.25,89.96,6914582
1458307800,98,98,93.11,93.42,12530111
1458567000,92.69,93.27,91.33,92.5,4657275
1458653400,92.06,93.42,92.05,92.56,4475815
1458739800,92.62,92.935,91.93,92.16,2767607
1458826200,91.5,92.74,91.25,92.52,3266804
1459171800,92.68,92.83,91.8975,92.4,2282982
1459258200,91.79,93.435,91.7601,93.22,4248811
1459344600,93.63,94.48,92.98,93.78,6797236
1459431000,93.76,94.58,93.23,93.8,6561355
1459517400,93.33,95.47,92.77,95.16,3981331
1459776600,95.42,96.28,94.23,94.5,2398328
1459863000,93.32,94.77,93.22,94.17,2472627
1459949400,94.07,95.49,93.97,95.4,2705679
1460035800,94.72,94.89,93.19,93.78,2370458
1460122200,94.48,94.5,93.39,94.07,2063189
1460381400,94.43,94.81,92.84,92.95,2165096
1460467800,93.18,93.6701,92.2211,93.42,2078977
1460554200,93.82,94.6012,93.69,94.53,2054988
1460640600,94.34,94.71,94.01,94.44,1764045
1460727000,94.66,95.22,94.16,95.16,2187368
1460986200,94.75,96.58,94.59,96.55,2174945
1461072600,97,97.69,95.13,96.52,2507545
1461159000,97,97,95.76,96.33,2712058
1461245400,96.21,97.14,95.76,96.37,2067712
1461331800,96.17,96.24,93.76,94.79,3797944
1461591000,94.38,96.04,94.215,95.8,2046954
1461677400,95.96,96.295,95.22,96.15,1419291
1461763800,95.72,95.99,94.53,95.64,2082752
1461850200,94.8,95.735,93.15,93.64,3497804
1461936600,92.89,94.58,92.32,94.22,3163816
1462195800,94.29,94.99,93.8095,94.9,2330575
1462282200,94.07,94.3899,93.09,93.66,1811411
1462368600,93.18,93.59,92.55,92.94,1710717
1462455000,93.1,94.2165,92.92,93.5,1894832
1462541400,93.13,94.4,92.57,94.3,1465007
1462800600,94,95.19,93.87,94.61,1406925
1462887000,94.82,96.59,94.75,96.52,1808374
1462973400,96.26,97.26,96.04,96.1,1569137
1463059800,96.31,96.975,94.93,95.96,1198136
1463146200,95.62,97.2099,95.37,95.97,2221109
1463405400,95.91,97.76,95.91,97.23,1918527
1463491800,96.81,97.35,95.75,95.93,3279639
1463578200,95.78,97.43,95.5,96.7,2010417
1463664600,96.41,96.945,95.25,95.88,1988399
1463751000,96.1,97.12,95.86,96.88,2218291
1464010200,96.71,97.415,96.4963,96.62,1095860
1464096600,97.18,99.7,96.97,99.63,3014836
1464183000,99.91,99.99,98.8001,99.61,1955902
1464269400,99.81,100.325,99.07,99.37,1970863
1464355800,99.52,100.14,98.9,100.14,1603837
1464701400,100.14,100.56,99.35,99.47,3480452
1464787800,99.24,100.4,98.93,100.04,1663280
1464874200,99.98,100.17,99.17,100.17,1761940
1464960600,99.52,99.52,97.89,98.7,2417036
1465219800,99.16,99.49,98.47,99.12,1395755
1465306200,99.51,99.67,98.47,98.52,2143943
1465392600,98.45,98.91,97.99,98.68,2078746
1465479000,98.36,98.7,97.85,98.07,1609440
1465565400,96.89,97.87,96.75,97.09,1863823
1465824600,96.87,98.085,96.7,96.96,2291495
1465911000,96.53,97.26,96.32,96.98,1889775
1465997400,97.01,97.83,96.9,97.02,2270369
1466083800,96.5,97.3,95.5436,97.19,1952549
1466170200,97.25,97.39,95.36,95.58,4541519
1466429400,97.1,98.75,96.77,97.99,4310609
1466515800,98.64,99.92,98.13,99.72,6505094
1466602200,95.53,96.5,93.86,94.01,10280508
1466688600,94.73,96.28,94.31,96.21,3803197
1466775000,92.39,94.35,92.04,92.2,4329088
1467034200,91.36,92.027,90.35,90.85,3930483
1467120600,91.37,92.65,91.36,92.46,3319217
1467207000,92.91,94.62,92.68,94.39,2965452
1467293400,94.48,95.88,94.13,95.79,3544671
1467379800,95.04,97.14,95,95.32,3001885
1467725400,94.55,95.61,94.15,94.73,2314559
1467811800,94.53,95.48,94.0618,95.18,1490514
1467898200,95.01,95.51,94.54,95.14,1576636
1467984600,95.93,96.86,95.34,96.79,2023889
1468243800,96.98,97.55,96.81,97.14,1732028
1468330200,97.25,97.79,96.7,97.54,2054394
1468416600,97.97,98.38,97.34,97.34,2125797
1468503000,98,98.14,97.46,97.7,1402541
1468589400,98.39,98.4,97.5,97.83,1530467
1468848600,97.74,98.53,97.58,97.79,1544201
1468935000,97.11,98.17,97.001,97.79,1796969
1469021400,98.16,98.89,97.85,98.4,1553788
1469107800,98.12,98.425,96.08,96.34,2579487
1469194200,96.71,98.24,96.09,98.06,2101787
1469453400,97.75,97.75,96.88,97.32,1815063
1469539800,97.81,98.42,97,97.91,2196454
1469626200,97.59,98.41,97.39,97.93,2312850
1469712600,97.92,98.61,97.57,98.44,1665971
1469799000,98.4,98.55,97.23,97.86,1786571
1470058200,97.75,98.16,97.22,97.72,1474723
1470144600,97.38,97.63,95.42,96.05,2352675
1470231000,96.06,96.68,95.65,96.67,2071189
1470317400,96.5,97.275,96.19,97.09,1282611
1470403800,97.36,99.0799,97.15,99.04,1932246
1470663000,98.86,98.95,98.3,98.49,1107226
1470749400,98.71,99.22,98.47,98.87,1001894
1470835800,99.13,100.99,99.09,100.62,2670193
1470922200,100.85,101.93,100.59,101.67,2259559
1471008600,100.98,101.2,100.06,101.04,1713285
1471267800,101.38,101.63,100.88,100.93,1697642
1471354200,100.52,100.97,99.91,100.6,1649250
1471440600,100.65,100.81,99.4499,99.7,2123885
1471527000,99.6,100.9299,99.6,100.67,2027030
1471613400,100.31,100.605,99.72,100.32,1587902
1471872600,100.32,100.68,99.92,100.24,1000917
1471959000,100.46,101.28,100.24,101.14,1008572
1472045400,101,101.52,100.69,101.14,1425470
1472131800,101.15,101.79,100.9101,101.69,1174109
1472218200,101.68,102.75,101.081,102.06,1834580
1472477400,101.85,102.68,101.4,102.3,1161560
1472563800,102.09,102.39,101.51,102,1325120
1472650200,101.66,102.6,101.5101,102.31,1773004
1472736600,102.23,102.97,101.81,102.9,2006579
1472823000,103.49,104.16,102.945,103.57,1719299
1473168600,103.33,103.74,103.09,103.5,1585082
1473255000,103.47,103.51,102.58,103,1386851
1473341400,102.77,102.97,101.62,101.88,2110629
1473427800,100.97,101.28,99.38,99.38,3379338
1473687000,99.18,100.5,99,100.32,2882638
1473773400,99.92,99.92,97.87,98.77,3797564
1473859800,98.95,99.55,98.49,98.79,2028975
1473946200,98.84,100.039,98.49,99.62,3094979
1474032600,99.26,99.67,98.32,98.93,3700615
1474291800,99.21,100.21,99.02,99.68,3307490
1474378200,100.16,100.905,99.72,100.62,4104871
1474464600,106.54,108.22,105.8,107.78,8764529
1474551000,107.46,108.5,107.01,107.92,3960346
1474637400,107.21,108,106.7925,107.47,3087239
1474896600,106.91,107.57,106.53,107.26,2342661
1474983000,106.99,109.7621,106.74,109.7,3531392
1475069400,109.48,109.685,108.82,109.49,2740322
1475155800,109.5,109.57,107.55,107.8,2436886
1475242200,108.15,108.84,107.44,108.54,3717559
1475501400,108.41,108.96,108.16,108.45,1553774
1475587800,108.52,108.94,107.85,108.39,1394021
1475674200,108.57,109.33,108.32,108.8,1854957
1475760600,108.72,109.2719,108.14,108.56,1590828
1475847000,109.07,109.07,107.6,108.64,1412707
1476106200,109.15,110.1289,109.15,109.24,1581880
1476192600,109,109.2,107.04,107.37,1970947
1476279000,108.42,108.42,106.82,108.05,1464448
1476365400,107.13,108.1269,106.53,108.01,1588510
1476451800,108.19,109.1,107.82,107.84,1968363
1476711000,108,108.28,107.39,107.49,1136503
1476797400,108.44,108.82,108.01,108.42,1318965
1476883800,108.81,108.89,108.15,108.39,1282176
1476970200,108.41,109.38,107.55,109.03,1820833
1477056600,108.51,109.17,107.63,109.03,1838305
1477315800,109.63,111.09,109.35,110.81,2014943
1477402200,110.76,110.7716,108.95,109.03,1713152
1477488600,108.74,108.82,107.59,107.97,1623670
1477575000,108.47,108.66,106.69,107.07,2393908
1477661400,107.08,108.32,107.05,107.6,1931143
1477920600,108.02,108.29,107.04,107.51,1678352
1478007000,107.79,107.97,106.0406,106.87,1951512
1478093400,106.85,106.95,105.57,105.89,2140271
1478179800,106.54,108.16,106.48,107.17,3666957
1478266200,105.85,107.09,105.6,106.2,2587537
1478529000,107.66,108.97,107.37,108.66,2729881
1478615400,108.68,109.16,107.93,108.39,2453769
1478701800,105.55,108.05,104.52,107.86,3650448
1478788200,108.08,108.26,101.66,104.08,7301854
1478874600,103.62,104.4699,102.62,103.68,3833663
1479133800,104.12,104.49,101.77,102.42,3040483
1479220200,103.14,104.76,102.55,103.66,2561046
1479306600,103.61,104.4,102.96,104.08,2459564
1479393000,103.77,105.93,103.4801,105.81,2606628
1479479400,106.19,106.8,104.72,105.02,2358168
1479738600,105.56,106.141,105.14,105.65,1805956
1479825000,105.85,106.3594,105.04,105.21,1703124
1479911400,105.41,105.56,103.98,104.21,2144636
1480084200,104.17,105.03,103.9,105.02,938191
1480343400,104.81,105.15,104.09,104.5,1552584
1480429800,104.27,105.98,104.26,104.95,2353061
1480516200,104.99,105.46,102.8,102.81,3399919
1480602600,102.82,102.92,98.87,99.51,5121202
1480689000,99.52,100.145,98,99.73,3514407
1480948200,100.46,102.52,100.16,101.95,2319383
1481034600,101.99,101.99,100.71,101.55,2679915
1481121000,100.89,103.51,100.89,103.36,2728942
1481207400,103.36,104.07,102.54,103.5,1852118
1481293800,104,104.5,103.42,104.31,2620553
1481553000,104.62,105.24,103.52,105.16,2711975
1481639400,105.74,107.6,105.62,106.15,3396638
1481725800,106.3,106.79,105.44,105.81,3213662
1481812200,106.33,106.48,104.6,105.1,5678867
1481898600,107.8,107.8,101.91,103.55,8949417
1482157800,103.57,106.08,103.41,105.29,3567060
1482244200,105.5,105.88,104.76,105.77,2194542
1482330600,105.74,106.06,104.48,105.51,2524647
1482417000,105.12,105.1455,103.95,104.72,1717345
1482503400,104.61,105.42,104.61,105.02,1047659
1482849000,105,105.9,104.86,104.98,1047901
1482935400,104.83,105.16,103.5,103.77,1742924
1483021800,103.63,104.3911,103.41,103.68,1094982
1483108200,104.07,104.22,102.47,102.95,2095844
1483453800,103.43,104.03,102.81,103.48,2277933
1483540200,103.74,104.37,103.495,104.14,1712583
1483626600,104.13,106.02,103.77,105.91,2504772
1483713000,105.98,108.43,105.25,108.3,2626352
1483972200,107.96,108.79,107.56,108.57,2925379
1484058600,108.57,108.79,107.61,108.26,3080998
1484145000,108.23,109.05,108,108.99,1783953
1484231400,107.99,108.74,107.16,108.59,1617882
1484317800,108.84,108.9,107.98,108.53,1594154
1484663400,107.79,108.05,107.06,108,1697769
1484749800,108.5,109.17,107.53,108.79,2537255
1484836200,108.63,109.98,108.04,109.79,3090902
1484922600,110.02,110.81,109.57,110.71,3179186
1485181800,110.71,111.92,110.3,110.97,2574228
1485268200,111.46,114.17,111.34,113.72,3654774
1485354600,113.77,114.57,113.29,114.25,4116861
1485441000,113.79,114.44,112.73,112.88,2745739
1485527400,113.07,114.01,112.75,113.99,1696857
1485786600,113.22,113.87,112.26,113.82,2176539
1485873000,113.22,113.75,112.695,113.38,1716649
1485959400,113.31,113.64,112.6807,113.36,1859067
1486045800,112.82,113.58,112.27,113.16,1695789
1486132200,113.55,115.45,113.42,115.17,2507874
1486391400,114.68,114.825,113.2901,114.46,3067477
1486477800,114.83,115.19,114.54,114.96,1643454
1486564200,115,116.38,114.451,116.13,2591686
1486650600,116.26,116.9,116.02,116.44,1688862
1486737000,116.51,116.94,115.03,116.85,2612905
1486996200,117.03,117.94,116.2,117.65,1910382
1487082600,117.65,117.79,116.67,117.58,1556662
1487169000,117.33,119.09,117.07,118.73,1699561
1487255400,118.84,119.47,118.47,118.93,1649517
1487341800,118.79,119.72,118.24,119.67,2143337
1487687400,119.73,120.169,119.31,119.63,2032259
1487773800,119.67,119.89,118.85,119.47,1982071
1487860200,120.1,120.15,118.03,118.83,2382433
1487946600,118.3,119.32,117.83,119.31,1942492
1488205800,119.02,119.199,118.07,118.78,1550480
1488292200,118.83,118.84,118.02,118.34,2008016
1488378600,119.24,120.57,118.38,120.35,2356481
1488465000,120.09,120.12,119.28,119.9,1819664
1488551400,119.83,120.13,119.48,120.04,1361060
1488810600,119.73,120.48,119.37,120.15,1979700
1488897000,120.06,120.69,119.69,119.98,1872509
1488983400,120.21,120.66,119.35,119.6,2963124
1489069800,119.82,120.26,119.11,119.91,1984225
1489156200,120.57,121.37,120.241,121.09,2211585
1489411800,121.11,121.96,120.89,121.8,1805225
1489498200,121.65,121.99,120.62,121.44,1507722
1489584600,122,122.42,120.9,122.11,2396325
1489671000,123.25,123.6,121.525,122.35,4044627
1489757400,128.45,130.3,126.94,127.01,8749926
1490016600,126.99,128.09,125.79,126.31,3320867
1490103000,126.64,127.36,124.96,125.07,3105349
1490189400,124.6,126.94,124.51,126.21,3477250
1490275800,126.2,127.25,126.01,126.87,2197390
1490362200,127.86,129,127.05,127.7,3044007
1490621400,127.48,128.837,126.36,128.25,2424236
1490707800,127.81,129.28,127.81,128.69,2213163
1490794200,128.4,129.63,128.2,129.58,2269821
1490880600,129.55,130.28,129.3,129.61,2205186
1490967000,129.57,130.69,129.4,130.13,2086431
1491226200,129.585,130.7499,128.88,129.59,2337174
1491312600,129.47,130.372,129.02,130.04,2026519
1491399000,130.58,131.33,129.375,129.89,2811597
1491485400,129.86,130.22,129.16,130.15,1890783
1491571800,130.15,130.67,129.52,130.22,2287929
1491831000,130.32,130.38,129.47,130.16,2234853
1491917400,129.91,130.165,128.21,129.95,2331569
1492003800,129.96,129.96,128.72,129.38,2106257
1492090200,129.63,130.42,129.05,129.05,1815148
1492435800,129.69,130.36,129.11,129.99,1395416
1492522200,129.74,130.23,129.48,129.81,1499916
1492608600,129.9,130.98,129.82,130.22,2007572
1492695000,130.7,131.99,130.28,131.42,2004150
1492781400,131.84,131.97,131.03,131.52,2137086
1493040600,132.94,133.1799,132.17,132.89,1845569
1493127000,133.44,133.72,132.88,133.49,2501712
1493213400,133.5,133.8,132.42,132.79,1635874
1493299800,133.13,134.25,132.76,133.38,1658147
1493386200,133.4,133.92,132.67,133.74,1749243
1493645400,134.3,135.34,133.71,135.11,1811962
1493731800,135.54,135.7,134.75,135,2692920
1493818200,134.99,135.21,134.38,134.85,1974174
1493904600,135.13,135.35,134.405,134.61,1810507
1493991000,135.19,135.19,134.19,134.84,1845506
1494250200,135.36,135.385,134.22,135.12,1583085
1494336600,135.33,135.62,134.9,135.6,1692745
1494423000,135.86,136.745,135.51,136.15,1755377
1494509400,135.98,136.31,135.395,136.29,1344005
1494595800,136.45,137.38,135.885,136.84,1626639
1494855000,137.13,137.71,136.83,137.6,3210300
1494941400,138.06,138.39,137.6,138.03,2271821
1495027800,137.2,137.32,134.2401,134.33,3558545
1495114200,132.77,134.85,130.82,134.54,4158708
1495200600,135.18,136.61,134.34,136.43,3721729
1495459800,137.38,139.19,136.58,138.86,2515974
1495546200,139.16,139.95,138.7,139.52,2123751
1495632600,140.18,141.25,139.81,141.12,1700445
1495719000,142.16,143.48,141.8,142.85,1731076
1495805400,142.93,143.1,141.6744,141.89,1604223
1496151000,141.8,142.56,141.501,142.41,1541204
1496237400,143.04,143.19,141.41,141.86,2944380
1496323800,141.64,142.49,140.93,141.38,2407737
1496410200,142.12,143.57,141.86,143.48,2885683
1496669400,144.14,144.34,143.51,143.59,1847635
1496755800,143.35,144.17,142.73,143.03,2162703
1496842200,143.33,143.77,142.4501,143.62,1633783
1496928600,143.96,143.97,141.74,142.63,2811524
1497015000,143.14,143.585,135.76,138.05,4146190
1497274200,133.72,138.64,131.2001,137.25,6772355
1497360600,138.79,139.86,138.09,139.09,2871379
1497447000,139.29,140.848,136.41,138.25,2831058
1497533400,136.63,137.9,134.45,137.52,2804410
1497619800,137.35,138.35,136.29,137.84,4205798
1497879000,138.79,141.47,138.635,140.35,4356865
1497965400,141.21,142.3,140.19,140.91,5454713
1498051800,145.08,147.45,142.75,144.24,8251897
1498138200,145.15,145.772,143.66,143.69,3688418
1498224600,143.75,145.59,143.06,145.41,3418994
1498483800,146.06,146.89,144.36,144.96,2775521
1498570200,144.33,144.81,142.537,142.54,3018939
1498656600,143.01,144.08,141.15,143.81,2507882
1498743000,143.06,143.2,139.65,141.24,2653886
1498829400,141.87,142.81,140.74,141.44,2331025
1499088600,141.73,142.15,138.31,138.41,1785994
1499261400,138.65,141.97,138.55,141.21,2229878
1499347800,139.73,141.18,138.88,140.75,1803234
1499434200,141.07,143.36,140.97,142.22,1533905
1499693400,142.21,143.88,141.57,143.34,1615161
1499779800,142.99,143.98,142.1201,142.93,1623715
1499866200,144,146.19,143.795,145.91,1812071
1499952600,145.91,146.48,144.935,145.05,1308293
1500039000,145.59,146.48,145.22,146.16,2283792
1500298200,146.16,146.73,145.39,146.4,1310498
1500384600,146.47,147.96,145.37,147.89,1821001
1500471000,147.89,149.32,147.4998,148.92,1880053
1500557400,149.07,150.1,148.35,149.94,1565992
1500643800,149.16,150.4,148.9102,149.52,1819773
1500903000,149.16,149.95,149.035,149.53,1503366
1500989400,149.82,149.9041,148.14,148.21,1591819
1501075800,148.62,149.83,148.42,149.78,1363136
1501162200,149.87,150.37,144.28,146.2,3058648
1501248600,145.77,147.24,144.5,146.73,1399373
1501507800,146.36,146.91,145.06,146.49,2188441
1501594200,147.48,147.65,146.52,147.36,1580339
1501680600,147.56,147.6,144.52,147.13,2111957
1501767000,147.47,147.98,145.68,147.79,1510601
1501853400,148.25,148.62,147.27,147.71,1503962
1502112600,147.74,148.9,147.54,148.44,1455624
1502199000,148.14,148.86,146.36,147.81,1508814
1502285400,146.68,148.4986,146.5,148.35,1177923
1502371800,147.23,147.74,144.72,144.92,1902025
1502458200,145.25,147.1,144.18,146.47,1382926
1502717400,147.81,149.5,147.56,149.16,1171641
1502803800,149.56,150.65,148.41,150.36,1144138
1502890200,150.7,151.99,149.76,151.8,1454988
1502976600,151.66,151.72,148.19,148.23,2125510
1503063000,147.74,148.6862,147.12,147.97,1699265
1503322200,148.05,149.33,147.57,149.26,1244766
1503408600,150.14,152.59,150.14,152.25,1981335
1503495000,152.18,152.18,150.75,151.1,1355045
1503581400,151.22,151.83,149.17,150.81,1449409
1503667800,152,153,150.91,151.45,1182292
1503927000,151.87,152.5,151.19,151.79,952629
1504013400,150.55,152.76,150.01,152.14,1189020
1504099800,152.05,154.26,151.89,153.67,1466018
1504186200,154.36,155.36,154.35,155.16,1895007
1504272600,155.76,156.06,154.38,155.06,1321349
1504618200,154.83,155.41,153.31,154.28,1355632
1504704600,155.11,155.555,153.61,153.76,1224410
1504791000,154.49,155.885,153.64,155.47,1445441
1504877400,155.24,155.88,154.29,155.34,1449916
1505136600,156.59,157.89,156.38,156.87,1715997
1505223000,156.76,157.2152,154.92,156.31,1766416
1505309400,155.88,156.7,155.39,156.24,1363910
1505395800,155.37,156.2,154.68,154.95,1676406
1505482200,154.9,155.19,153.56,154.49,3012822
1505741400,155.01,156.3,154.37,155.77,2581009
1505827800,156.3,157.05,155.81,156.6,4014750
1505914200,151.99,152.4,149,149.96,9372344
1506000600,150.38,151.25,148.3,149.3,4991765
1506087000,148.69,149.5,147.85,148.5,2929187
1506346200,148.39,148.71,143.95,144.57,4869526
1506432600,145.5,146.35,143.96,145.4,3279994
1506519000,146.31,147.09,145.7535,146.43,2947611
1506605400,146.14,147.32,145.3914,146.83,1666974
1506691800,146.69,149.28,146.6,149.18,2181258
1506951000,149.79,150.48,147.52,147.94,2341670
1507037400,148.48,148.8,147.985,148.6,1808225
1507123800,148.21,148.46,146.6,147.95,2885596
1507210200,148.49,150.45,147.71,150.25,2413792
1507296600,149.96,151.36,149.5301,151.12,2283030
1507555800,150.76,151.57,150.25,151.5,1461004
1507642200,152,152.86,151.32,152.15,2817629
1507728600,152.09,154,151.35,153.65,2791024
1507815000,153.72,154.85,153.39,153.61,2430193
1507901400,153.96,154.59,153.06,153.93,2515573
1508160600,151.15,153.07,149.2811,150.46,3833182
1508247000,150.52,150.93,148.15,150.38,3547811
1508333400,150.33,153.43,149.03,153,4290947
1508419800,165.5,172.15,164.42,171.73,13522642
1508506200,171.5,175.87,171.355,175.64,6019412
1508765400,175.68,175.85,171.83,172.16,3220814
1508851800,171.47,172.49,170.491,171.58,2658577
1508938200,170.37,173.41,170.035,171.83,2785655
1509024600,172.06,175.02,172.02,173.75,2581165
1509111000,174.02,177.58,174.02,177.33,2807106
1509370200,177,177.48,174.45,176.03,2124220
1509456600,176.16,176.73,174.52,175.16,2656509
1509543000,176.59,176.94,174.7,176.25,2002919
1509629400,178.02,181.48,175.8,180.94,3262340
1509715800,181.76,182.74,179.64,182.3,2244714
1509978600,182.01,182.29,180.54,180.8,2022474
1510065000,181.23,181.78,180.11,180.88,2544173
1510151400,181.19,184.44,181.06,184.06,1791797
1510237800,182.88,183.079,179.03,181.92,2704613
1510324200,181,182.06,179.83,181.72,2082659
1510583400,180.5,182.32,179.75,181.85,1496104
1510669800,181.98,182.17,180.31,181.32,1549658
1510756200,180.92,181.7275,179.6043,180.08,1980859
1510842600,181.18,182.44,180.58,182.3,1961186
1510929000,182.08,182.9105,181.135,182.24,1482133
1511188200,182.8,183.43,181.34,182.34,1118117
1511274600,183.75,185.55,182.835,184.15,2036520
1511361000,184.32,184.5,182.62,182.9,1546690
1511533800,182.96,184.71,182.96,184.46,662064
1511793000,184.83,185.84,184.09,185,1305108
1511879400,185.62,186.27,184.37,185.4,1647026
1511965800,183.87,184.73,175.31,176.85,4320844
1512052200,178.14,181.67,176.5501,181.47,3976326
1512138600,179.51,182,177.13,179.52,3016883
1512397800,180.34,180.62,168.43,168.44,5931410
1512484200,167.69,171.78,165.68,167.54,4698710
1512570600,166.79,173.96,165.75,173.52,3773011
1512657000,173.46,175.9,172.13,174.61,2442047
1512743400,177.08,177.2,173.17,173.57,2101808
1513002600,173.77,174.98,173.2,174.31,2776719
1513089000,172.69,174.13,170.43,172.54,3924191
1513175400,173.5,177.42,173.29,176.83,4591716
1513261800,178.26,178.72,174.98,175,4720922
1513348200,179.36,179.98,174.3004,177.51,9191676
1513607400,178.42,179.15,175.31,176.74,3435384
1513693800,176.01,176.76,174.23,174.97,2509526
1513780200,176,176,172.92,174.25,2677319
1513866600,174.05,175.32,174,174.56,2164450
1513953000,173.99,175.1,173.75,175,1702630
1514298600,174.36,175,173.03,174.44,918355
1514385000,174.65,175.44,173.97,175.36,1527819
1514471400,175.92,176,174.85,175.55,1043660
1514557800,175.19,176.97,175.1,175.24,1810263
1514903400,175.85,177.8,175.26,177.7,2432814
1514989800,178,181.89,177.7,181.04,2561213
1515076200,181.93,184.0599,181.64,183.22,2211383
1515162600,185,185.9,183.54,185.34,2376524
1515421800,184.95,185.599,183.83,185.04,2087952
1515508200,185.57,186.97,183.9314,186.7,1804423
1515594600,185.21,187.27,185.073,187.11,1664485
1515681000,187.29,188.94,186.185,188.92,1600065
1515767400,189.09,195.5,188.99,195.05,4246044
1516113000,195.92,198.21,191.71,192.46,4595560
1516199400,194.015,197.12,192.77,196.49,2969469
1516285800,196.21,196.586,194.06,196.2,2539356
1516372200,196.24,196.63,194.65,195.73,2342979
1516631400,195.7,198,194.424,197.84,1701342
1516717800,202.29,204.45,199.44,200.09,3980994
1516804200,201.82,202.3,196.52,197.78,3250450
1516890600,198.08,199.244,196.07,197.51,2574213
1516977000,198.5,201.55,198.25,201.3,2338080
1517236200,200.11,200.86,197.87,198.23,1938978
1517322600,197.25,197.73,194.89,196.9,3343348
1517409000,197.13,200.96,196.75,199.76,2747576
1517495400,199.12,201.75,198.0845,199.38,2366120
1517581800,197.33,199.4,195.44,195.64,2813785
1517841000,194.06,198.46,188,190.27,3801346
1517927400,186.59,194.82,182.1,194.47,4479960
1518013800,193.87,196.24,192.02,192.34,2988024
1518100200,192.84,192.97,185.02,185.16,3978688
1518186600,187.33,189.71,179.34,187.99,3818835
1518445800,189,192.99,188.56,192.15,2824726
1518532200,190.85,194.31,190.39,193.48,1961306
1518618600,192.48,197.5,191.95,197.13,2542392
1518705000,198.97,203.28,197.13,202.97,2233313
1518791400,202.52,203.9,200.74,201.56,2172590
1519137000,200.46,205.115,199.18,202.98,2722668
1519223400,204.45,206.83,202.02,202.09,2043494
1519309800,203.07,204.22,201.68,202.61,1541519
1519396200,204.22,209.78,203.31,209.74,2349265
1519655400,211.29,212.35,209.261,212.15,2418674
1519741800,211.99,212.76,208.25,208.82,2330752
1519828200,210.69,213.44,209.1,209.13,2356944
1519914600,210.32,210.6834,204.45,206.03,2632234
1520001000,203.96,210.21,201.76,209.79,2624675
1520260200,208.75,212,206.92,211.16,2111808
1520346600,212.44,212.74,209.88,212.01,2169010
1520433000,211.33,217.44,211.0033,216.86,2795072
1520519400,218.03,219.71,214.86,216.4,2284446
1520605800,218,221.27,217.19,221.11,2642259
1520861400,222.97,223.11,220.34,220.94,3216924
1520947800,223,224.9,218.43,219.76,4731961
1521034200,220.75,221.46,217.6,218.44,3357597
1521120600,220,221.47,218.061,218.87,4457006
1521207000,227.18,228.88,224,225.55,8783042
1521466200,224.48,226.59,218.68,222.18,4029302
1521552600,223.19,231.34,223,229.75,5019294
1521639000,228.76,229.25,225.61,226.85,3971832
1521725400,223.86,225.87,220.255,220.52,3008694
1521811800,219.52,222.455,214.78,215.02,4297236
1522071000,218.83,229.15,218.5,228.91,4485445
1522157400,229.9,230.98,212.25,213.8,5468070
1522243800,213.72,217.15,209.04,212.54,4503154
1522330200,213.35,219.59,210.2737,216.08,3757447
1522675800,214.81,216.5,207.22,212.28,3494946
1522762200,214.78,217.8549,212.28,215.93,3017824
1522848600,210.71,226.28,210.5,225.05,4474394
1522935000,227.94,228.8,221.605,223.54,4084913
1523021400,221.89,224.46,216.7471,218.61,2964487
1523280600,220.08,224.437,218.82,219.17,2536139
1523367000,222.61,225.16,221.181,224.53,2845870
1523453400,222.93,226.62,222.54,223.63,1851054
1523539800,225.72,228.39,225.115,226.96,2084110
1523626200,228.85,228.95,222.55,224.06,2029265
1523885400,226.08,227.23,222.9535,226.52,2130698
1523971800,228.56,232.21,228.07,231.16,3404449
1524058200,231.7,233.1713,228.62,231.1,2261576
1524144600,230.11,230.43,226.28,227.62,2620107
1524231000,227,227.6,223.05,225.24,2403683
1524490200,226.39,229.15,224.75,225.3,2137988
1524576600,227,228.3,215.778,217.89,3450849
1524663000,218.16,219.4,213.25,217.32,2946092
1524749400,219.77,223.19,218.851,221.91,2235942
1524835800,223.08,224.18,219.68,221.9,1503148
1525095000,223.27,224.14,219.538,221.6,1766330
1525181400,220.77,224.49,219.38,224.08,1792948
1525267800,224.3,224.5,220.55,221.1,2202895
1525354200,220.01,227.37,218.7396,226.05,2507925
1525440600,223.89,229.39,223.39,228.51,1663737
1525699800,229.54,232.36,229.02,230.99,1808338
1525786200,229.74,234.9971,228.75,234.56,2244572
1525872600,235,240.15,233.525,239.74,3091588
1525959000,240.46,241.76,238.24,241.15,1941395
1526045400,241.03,241.93,238.7901,241.88,2261704
1526304600,242,243.34,237.24,238.37,2670821
1526391000,235.64,237.345,233,236.6,2130349
1526477400,236.59,238.12,235.8396,237.39,1843652
1526563800,237.32,239.665,234.8288,236.85,1690642
1526650200,236.24,239.28,235.2581,238.09,1888196
1526909400,239.85,240.78,237.11,238.1,1757941
1526995800,241.15,243.49,237.76,238.79,2950223
1527082200,236.32,244.09,236,243.91,2757629
1527168600,243.79,245.9,240.7218,245.15,2779634
1527255000,245,245.79,242.87,243.56,2152871
1527600600,242.99,243.385,240.38,242.19,2093449
1527687000,244.4,248.56,244.39,247.4,2319344
1527773400,247.11,251.52,246.58,249.28,3838370
1527859800,250.55,251.83,248.8486,251.31,2773194
1528119000,252.85,254.72,251.1,253.34,3058747
1528205400,254,254.06,251.11,252.7,2677427
1528291800,253.75,254.07,251.5,253.95,3963638
1528378200,253.24,254.05,244.03,247.51,4169213
1528464600,246.86,251.66,245.83,251.21,2880597
1528723800,251.76,253.48,250.125,251,2868208
1528810200,252.65,254.8,251.13,252.59,3513342
1528896600,253.7,257.9,253.65,256.13,3590741
1528983000,257.15,258.9102,256.58,258.1,5618308
1529069400,251.28,253.87,247.52,251.82,9052820
1529328600,250.52,256.77,249.8,255.69,3764273
1529415000,251.83,253.65,247.9,251.74,3532529
1529501400,253.5,254.8,250.98,251.24,2577487
1529587800,252,252.719,247.57,248.83,2639732
1529674200,248.11,248.7999,243.26,243.63,4124488
1529933400,240.15,241.96,235.87,239.68,4575365
1530019800,240.67,244.23,239.66,242.25,2998299
1530106200,243.46,244.9797,237.51,237.68,3499484
1530192600,236.59,241.8186,236.4385,239.81,2217390
1530279000,241.88,245.49,241.5,243.81,3774674
1530538200,241.05,243.33,239.6,243.26,4127360
1530624600,244.72,245.94,241.67,242.01,1307705
1530797400,243.04,244.62,242.14,244.18,1863413
1530883800,244.48,248.72,243.22,248.19,1889695
1531143000,249.9,250.66,246.37,249.77,2170678
1531229400,250.47,250.8464,248.21,248.63,2012389
1531315800,246.65,249.74,245.85,248.12,1730608
1531402200,249.94,255.05,249.38,254.87,2761631
1531488600,254.64,259.51,253.4901,258.59,3934327
1531747800,258.63,259.04,253.83,254.68,2165057
1531834200,252.68,258.68,250.71,258.31,2551989
1531920600,257.86,260.94,256.54,259.78,2637027
1532007000,258,259.6,256.36,257.68,1980234
1532093400,258.17,259.45,256.74,257.54,2224270
1532352600,257.66,260.14,256.38,259.47,1935668
1532439000,261.04,262.7275,255.932,257.49,2433299
1532525400,258.35,263.5,257.83,263.17,2345975
1532611800,261.92,263.83,258.4916,261.93,2266146
1532698200,262.05,262.8646,253.05,254.81,3030864
1532957400,254.42,254.76,240.1,242.32,5496791
1533043800,244.93,246.7999,241.16,244.68,2939488
1533130200,245,248.76,244.24,248.01,3185354
1533216600,245.6966,252.57,245,252.22,2395360
1533303000,252.575,254.39,249.48,253.28,2100275
1533562200,252.74,254.8799,251.54,254.11,1535405
1533648600,254.5,255.16,252.45,253.39,1885363
1533735000,252.95,254.57,251.63,253.83,1589803
1533821400,254.55,255.75,253.39,253.8,2092042
1533907800,252,254.97,251.5,253.7,1788961
1534167000,254.16,256.6,253.3,253.54,1535494
1534253400,254.38,256.25,252.09,256.05,2100345
1534339800,253.8,255.83,248.02,250.52,2744650
1534426200,252.79,253.3,248.1,248.89,2420379
1534512600,248.39,249.22,243.71,245.7,2744156
1534771800,246.08,250.37,246,249.76,2901290
1534858200,250.45,253.33,250.36,251.5,2168922
1534944600,250.59,256.16,250.36,255.54,1895350
1535031000,254.62,258.329,254.47,257,2984332
1535117400,258.33,263.39,258.33,261.51,3862275
1535376600,263,263.7,259.39,262.4,2433040
1535463000,263.7,263.7,261.03,263.04,1867069
1535549400,263,269.96,262.56,268.36,3155151
1535635800,266.72,269.05,265.5,266.43,2409250
1535722200,265.55,266.8331,263.2,263.51,2944461
1536067800,263.67,266.93,262.3,266.68,2158226
1536154200,265.61,266.1597,254.54,256.14,4203322
1536240600,256.95,260.27,255.14,259.75,2810834
1536327000,258,263.67,257.12,260.87,2894348
1536586200,264.27,265.93,260.79,265.37,2633558
1536672600,265.3,268.6,263.31,267,2866078
1536759000,267.83,270.94,266.448,267.79,3365421
1536845400,267.13,270,265.01,268.52,4773968
1536931800,269,277.61,268,274.69,6182502
1537191000,275,275.78,267.68,268.25,3080942
1537277400,267.61,273.78,266.6033,270.79,2684423
1537363800,271.14,271.95,263.6139,264.88,2801378
1537450200,266.47,269.54,264.1892,266.34,2560184
1537536600,266.15,267.5,260.24,260.88,6186497
1537795800,260,264.46,257.07,264.09,2619133
1537882200,264.6,268.43,264.2009,267.84,2298022
1537968600,268.56,270.68,266.66,268.47,2027658
1538055000,270,272.42,269.25,269.91,1735155
1538141400,269.75,272.26,268.44,269.95,2784504
1538400600,271.76,276.63,271.46,275.49,3553432
1538487000,274.71,277.03,271.85,272,3254406
1538573400,273.25,274.17,269.76,270.51,2726375
1538659800,269.5,271.07,260.5364,263.71,3780326
1538746200,263.96,266.1,258.31,263.22,3098832
1539005400,261.84,263.4564,248.6852,254.69,5109168
1539091800,254.16,258.72,251.71,254.16,2597721
1539178200,252.52,253.38,237.86,237.91,5309318
1539264600,236.41,245.72,234.72,238.59,7042917
1539351000,247.74,249.91,242.7827,248.87,4779938
1539610200,248.34,248.37,238,238.01,5106421
1539696600,252.5,261.73,251.77,260.67,8679636
1539783000,261.21,261.89,255.26,258.91,4405056
1539869400,256.19,257.21,246.01,250.35,5378932
1539955800,252.73,252.89,243.64,245.03,4070625
1540215000,246,251.635,242.8029,251.06,3486990
1540301400,246.19,254.91,242.56,251.76,5006280
1540387800,250.61,254.5991,238.23,238.44,4859524
1540474200,242.17,253.59,241.66,252.92,5283634
1540560600,243.85,252.18,241.405,245.8,4505846
1540819800,250.67,254.53,233.395,239.75,4725035
1540906200,238.99,242.5,231.7,238.41,5626772
1540992600,245.41,249.6,243.6662,245.76,4422974
1541079000,245.69,247.55,241.49,245.28,3192176
1541165400,246.57,247.47,237.8,239.64,4335346
1541428200,240,241,233.62,239.89,3224119
1541514600,240.48,244.64,237.76,240.56,2446675
1541601000,244.8,253.961,243.81,253.43,3790606
1541687400,253.31,254.13,247.74,249.96,2389273
1541773800,247.56,248.29,241.16,244.84,2765862
1542033000,244.14,244.8,235.36,236.67,3498270
1542119400,238.38,243,235.8501,238.74,4017536
1542205800,242.16,242.91,231.9101,235.22,3261302
1542292200,233.98,241.43,231.33,239.95,3383487
1542378600,239.52,240.14,235.37,238.89,2897385
1542637800,237.5,238.65,218.72,219.69,7641894
1542724200,209.41,222.84,207.02,219.73,6180467
1542810600,225.33,228.99,222.24,225.98,4846563
1542983400,222.71,227.74,222.51,225.56,1691015
1543242600,229.19,233.3,227.91,231.96,3603692
1543329000,230.77,232.78,228.68,232.25,2882445
1543415400,237.9,250.41,237.74,249.21,6447110
1543501800,246.36,252.25,244.31,249.09,3723510
1543588200,250.23,251.57,247.09,250.89,5156668
1543847400,260.71,260.72,251.8172,255.26,4285915
1543933800,253.22,254.71,244.98,245.82,4041714
1544106600,240,250.68,237.96,250.63,3950611
1544193000,248.39,249.26,237.65,238,3971074
1544452200,237.46,245.395,237.0101,244.09,3194293
1544538600,251.43,251.75,242.7845,245.34,3179388
1544625000,249.99,251.56,245.04,245.55,4067868
1544711400,248.15,251.6,245.2,248.08,5395115
1544797800,240.76,240.92,229.91,230,12189411
1545057000,226.93,230.63,220.48,221.38,7059515
1545143400,222.53,228.13,221.55,226.18,5264971
1545229800,225.92,231.02,221.11,224.65,6110844
1545316200,223,224.85,212.83,218.65,6099382
1545402600,219.55,222.26,207.37,208.8,8828085
1545661800,206.9,212.58,204.95,205.16,2940454
1545834600,206.53,222.96,206.25,222.95,5897853
1545921000,219.99,225.17,214.16,225.14,3931134
1546007400,227.58,228.11,220.87,223.13,3160241
1546266600,225.56,227.33,223.235,226.24,2866443
1546439400,219.91,226.17,219,224.57,2784109
1546525800,220.88,223.63,215.15,215.7,3663514
1546612200,219.84,227.65,217.48,226.19,4043376
1546871400,229.95,232.6,227.29,229.26,3638526
1546957800,232.65,233.77,228.3298,232.68,3685900
1547044200,234.01,238.59,232,235.43,3594435
1547130600,233.77,238.04,231.71,237.77,2704960
1547217000,235.71,239.32,235.23,237.55,3179485
1547476200,235.33,236.255,231.9587,234.56,2607012
1547562600,237.9,243.93,237.2552,242.36,3656486
1547649000,243.6,244,239.68,241.95,2885155
1547735400,240.13,245.04,238.7801,244.4,2836201
1547821800,247.45,250.68,244.45,247.51,3711300
1548167400,245.13,245.6083,241.19,243.85,4155486
1548253800,244.91,248.16,240.5963,245.14,2031718
1548340200,245.62,245.98,241.18,242.56,3642950
1548426600,244.99,247.1,243.43,244.95,3821429
1548685800,241,243.22,239.35,241.85,2110409
1548772200,241.81,242.8653,237.27,238.27,1937089
1548858600,240.16,243,238.87,242.67,2483107
1548945000,243,249,243,247.82,5007179
1549031400,247.82,251.035,246.1,247.38,3033305
1549290600,248.56,256.99,248.06,254.74,3705123
1549377000,256.74,258.56,254.01,254.82,3041982
1549463400,255.06,255.93,250.71,254.35,2539068
1549549800,251.33,254.31,250.28,253.74,2099743
1549636200,251.39,257.05,250.64,257,2756758
1549895400,258.89,259.9,256.19,258.39,3538128
1549981800,260.15,262.2509,258.67,261.37,2518430
1550068200,263.13,263.3645,259.37,260.23,1899835
1550154600,259.4,261.71,258.01,260.14,1884977
1550241000,260.34,260.97,258.0725,259.45,2999236
1550586600,258.98,260.06,256.45,257.81,3475615
1550673000,258.13,260.99,255.9164,258.1,2484800
1550759400,257.3,259.3491,255.12,257.76,2607433
1550845800,257.61,260.24,257.61,258.9,2006123
1551105000,261.5,262.98,258.18,258.62,1815766
1551191400,258,262.58,256.3734,261.22,2539030
1551277800,259.77,263.08,256.52,262.9,2267003
1551364200,262.4,266.24,261.76,262.5,3810382
1551450600,265.75,266.24,261.5,264.01,2594052
1551709800,266.7,267,254.08,258.16,2995155
1551796200,259,259.865,256.365,257.38,2101785
1551882600,257.4,259.49,253.84,256.4,1950615
1551969000,255.77,257.49,253.2855,255.46,3185202
1552055400,251.49,255.02,249.0954,254.74,2195350
1552311000,255.98,261.46,255.77,260.96,2711658
1552397400,261.86,264.75,259.01,263.51,2583623
1552483800,265.5,269.8,264.13,264.38,3992487
1552570200,265.26,268,263.52,267.69,5113443
1552656600,258.03,260,252.03,257.09,12110485
1552915800,257.11,259.96,253.8901,257.76,4013389
1553002200,259.43,260.64,256.34,260.42,4257338
1553088600,260.54,262.3,256.17,259.74,3732580
1553175000,259,264.34,258.4,264.18,2359850
1553261400,263.47,264.64,259.52,259.69,3454012
1553520600,259.21,263.12,257.1,262.27,2639365
1553607000,265.05,267.74,263.84,265.59,3150072
1553693400,265.53,265.9731,259.04,262.34,2521923
1553779800,263.5,265.1699,260.88,263.53,2017976
1553866200,265.47,266.75,264.2,266.49,2097589
1554125400,269.85,272.385,268.19,272.17,2970213
1554211800,272.89,273,267.63,271.35,1877939
1554298200,273.71,274.18,270.975,271.5,2432780
1554384600,270.98,271.47,263.72,267.89,2947386
1554471000,269.44,269.94,266.59,267.45,1970627
1554730200,266.96,269.09,264.7,268.81,1796796
1554816600,267.12,269.99,266.8,268.99,1605892
1554903000,269.47,272.16,269.01,271.58,1469979
1554989400,271.95,272.92,270.77,271.9,2085789
1555075800,273.01,273.51,270.82,271.86,1681371
1555335000,271.86,273.71,270.62,272.22,1462311
1555421400,273.07,273.39,269.64,271.43,1638464
1555507800,272.17,272.665,268.44,269.45,2391518
1555594200,270.09,270.82,266.64,270.57,2028988
1555939800,269.82,272.32,269.2033,272.21,1364952
1556026200,272.54,278.89,271.59,278.49,2693942
1556112600,279.22,280.17,275.25,275.45,1867555
1556199000,278.4,279.52,274.3785,277.66,1747300
1556285400,278.18,282,275.79,281.96,2114205
1556544600,286.46,291.705,285.38,286.14,5592372
1556631000,286.1,289.77,285.25,289.25,3067976
1556717400,291,291,283.19,283.35,2056176
1556803800,283.14,284.59,278.15,279.64,2482283
1556890200,282.56,286.35,282.39,285.58,1979920
1557149400,277.6,284.2165,275.81,283.66,1994477
1557235800,278.82,280.65,273.67,277.07,2567977
1557322200,275.83,278.37,274.16,276.77,2611043
1557408600,274.16,277.12,270.7975,275.79,1867193
1557495000,273.58,279.5,270.32,278.48,2097736
1557754200,270.565,274.19,267.22,267.7,2698322
1557840600,269.43,274.23,269.29,271.86,2046551
1557927000,269.82,276.95,269.5,276.82,2708559
1558013400,278.63,285.87,278.4,283.55,3413063
1558099800,281.68,284.412,279.069,279.85,2223523
1558359000,276.1,277.89,273.4,275.45,2391950
1558445400,278.21,280,277.045,278.07,1793665
1558531800,277.42,282.74,277.255,281.82,1570628
1558618200,278.29,278.43,271.69,274.25,2706419
1558704600,273.54,277.475,273.54,274.77,1878339
1559050200,276.49,281.45,275.37,278.25,2475891
1559136600,275.29,276.8025,272.28,273.38,1805982
1559223000,274.43,275.09,272.43,274.51,1601106
1559309400,271.28,272.91,268.75,270.9,2526653
1559568600,270.51,272.81,257.53,259.03,3903421
1559655000,263.27,268.93,257.46,268.71,3750815
1559741400,272.78,273.21,268.39,272.86,2650396
1559827800,273.72,275.76,271.045,274.8,2211787
1559914200,275.87,282.37,275.51,278.16,2759013
1560173400,280.98,284.98,280.2,280.34,2487726
1560259800,283.91,284.89,272.0301,275.99,2969720
1560346200,276.13,277.555,274.575,276.84,1313852
1560432600,278.59,278.96,275.915,276.3,1696743
1560519000,275.91,277.1,274,274.28,2262838
1560778200,274.63,277.47,274.63,275.6,2254229
1560864600,280.37,280.4908,276.62,276.78,4529340
1560951000,287,292,284.34,291.21,9738584
1561037400,293.25,302.66,293.25,302.11,5632525
1561123800,301.46,304,299.09,299.33,4015546
1561383000,300,302.58,298.685,299.87,2869223
1561469400,299.21,300.645,287,287.97,4638470
1561555800,291.26,292.76,288.7,288.72,2896763
1561642200,290.04,294.67,290.04,293.23,2596919
1561728600,294.5,295.1,291.95,294.65,2648300
1561987800,299.55,301.9,297.66,300.97,2624198
1562074200,301.19,301.58,299.3598,301.39,1816885
1562160600,302,305.86,301.29,305.7,1585273
1562333400,304.01,305.24,298.93,303.98,2872770
1562592600,302.76,303.11,300.13,302.92,1909180
1562679000,300.56,305.13,300.2201,304.2,1644254
1562765400,305.1,309.32,305.1,306.98,1954088
1562851800,307.39,310.1709,305.9,307.6,1951519
1562938200,308.01,309.7,304.965,309.42,1624840
1563197400,310,310.455,307.72,308.76,1161681
1563283800,308,308.46,305.0711,305.7,1838747
1563370200,307.13,310.9566,306.75,309.39,2298481
1563456600,307.21,310.92,306.85,310.08,1597673
1563543000,311.56,313.11,305.265,306.87,2100253
1563802200,308.39,309.92,307.14,308.55,1336736
1563888600,309.91,309.98,305.22,307.88,1826893
1563975000,305.81,310.7317,305.81,310.27,1459247
1564061400,308.66,309.66,306.1,308.73,1378470
1564147800,309.97,312.5,309.26,311.27,1507922
1564407000,311.94,311.94,301.48,307.22,2778446
1564493400,305.07,307.09,302.55,303.64,2157952
1564579800,303.61,304.95,295.11,298.86,3066861
1564666200,299.15,304.99,296.77,298.44,3210196
1564752600,295.57,297.35,289.42,293.71,3400897
1565011800,285.04,286.87,276.78,280.36,4292566
1565098200,283.63,286.99,282.5,286.21,2552138
1565184600,282.24,290.26,282,289.02,2196689
1565271000,292.75,297.87,290.2,297.78,2506035
1565357400,296.14,298.27,292.15,294.83,1451132
1565616600,293.14,294.42,287.4127,288.65,1580529
1565703000,288.23,295.5,286.39,293.17,2346691
1565789400,287.6,289.65,281.425,283.66,2585987
1565875800,285.64,286.49,280.86,282.71,2338678
1565962200,285.58,290.15,283.32,287.45,1981029
1566221400,291.32,291.77,287.17,287.97,1956105
1566307800,287.97,288.66,285.4,285.71,1491067
1566394200,288.54,292.92,286.51,291.53,1520460
1566480600,292.57,292.9,285.1215,287.69,1745838
1566567000,289.23,293.5725,280.97,282.44,2852522
1566826200,284.86,288.89,283.51,288.74,1792971
1566912600,290.66,291.85,286.5301,289.45,1793394
1566999000,286.55,287.99,280.42,282.13,2776778
1567085400,285.71,287.7,283.615,286.63,2172535
1567171800,287.41,288.5,280.115,284.51,2373297
1567517400,284.25,287.46,281.4,282.45,1838081
1567603800,286.04,286.245,282.46,284.6,1516136
1567690200,287.83,288.0101,281.52,287.75,2836385
1567776600,288.2,289.59,283.96,284.94,2273061
1568035800,286.52,286.93,276.6,279.3,3134613
1568122200,277.58,277.58,272.34,276.14,4098222
1568208600,277.66,280.3099,274,277.78,2593970
1568295000,281,282.28,277.94,278.02,2955024
1568381400,278.22,280.28,276.32,278.35,2948590
1568640600,276.62,283.05,275.3,282.93,2774732
1568727000,284.04,285.3,280.355,284.69,4541202
1568813400,275.35,280.29,270.02,279.72,7479171
1568899800,280.17,284.365,279.83,281.26,3171211
1568986200,281.6,283.2,274.95,277.91,4160719
1569245400,275.93,279.58,275.41,277.44,2068852
1569331800,279.58,280.7,271.08,272.47,3351591
1569418200,271.9,277.71,267.7269,277.43,3452563
1569504600,278.46,285.9,277.01,283.81,4325923
1569591000,284.63,284.98,274.1201,277.54,3168377
1569850200,277.54,279,275.14,276.25,4077253
1569936600,278.99,279.6499,271.87,272.71,3311550
1570023000,271.18,271.18,265.1903,266.66,3400605
1570109400,266.92,272.8,263.85,272.4,3652220
1570195800,273.11,278.08,273.11,276.96,2583298
1570455000,276.32,278.49,275.59,276.9,1856382
1570541400,274.46,275.41,270.8,270.83,2162370
1570627800,273.52,275.55,272.86,274.27,1376725
1570714200,274.06,276.71,272.79,274.98,1634808
1570800600,278.37,281.27,277.63,278.29,2098200
1571059800,278.11,279.415,277.15,277.78,1377172
1571146200,278.17,281.51,278.02,279.39,1969235
1571232600,270.23,272.81,267.51,272.7,4333191
1571319000,272.61,274.12,267.15,269.24,3414775
1571405400,269.36,269.68,262.1034,265.52,4391844
1571664600,265.63,267.43,262.57,266.84,2930534
1571751000,268.49,269.28,260.6401,261.09,3412660
1571837400,261,265.52,259.57,261.32,3079754
1571923800,264.04,271.46,263.25,269.7,3597687
1572010200,267.8,271.61,267.02,270.98,1822271
1572269400,271.58,272.29,268.3751,271.35,2281861
1572355800,271.68,273.72,271.06,271.45,1723508
1572442200,273.25,278.65,272.61,278.41,2320773
1572528600,278.27,279.32,275.31,277.93,2845383
1572615000,279.14,281.83,277.2675,277.82,2827222
1572877800,280.56,281.21,276.05,277.5,2790240
1572964200,292.11,292.88,283.6,289.29,6170607
1573050600,289.11,289.26,285.61,287.4,2762414
1573137000,288.3,293.48,286.995,290.77,3201667
1573223400,290.02,292.46,288.48,292.46,1628523
1573482600,291.95,292.339,289.7,290.27,1778006
1573569000,290.79,294.16,290.27,291.72,2085313
1573655400,291.86,293.7,290.26,293.54,1806939
1573741800,293.54,295.08,292.15,294.53,1461895
1573828200,296.54,297.5,293.56,297.5,2011741
1574087400,297.55,298.56,296,297.16,1632801
1574173800,298.75,300.74,296.39,300.6,2143343
1574260200,299.39,302.05,297.05,300.1,1841524
1574346600,298.99,300.35,296.62,298.8,1609828
1574433000,299.59,299.92,295.8,299.3,1508874
1574692200,300.48,305.45,300.48,305.28,2205626
1574778600,305,309.06,304.89,307.9,2619497
1574865000,308.5,309.17,305.74,309.06,1470036
1575037800,308.52,310,308,309.53,1175056
1575297000,309.22,309.9,299.51,302.75,2894691
1575383400,298.24,304.46,297.32,303.91,1661171
1575469800,305,305.325,301.28,302.51,1522832
1575556200,303.13,304.24,301,303.03,1698102
1575642600,306.2,306.745,303.16,306.23,1733188
1575901800,308.91,310.91,306.7,307.05,2895186
1575988200,306.62,309.03,304.1,304.17,2156696
1576074600,305.15,305.38,301.48,303.74,2929453
1576161000,303,306.5838,300.72,305.96,3127412
1576247400,314.11,321.7299,313.74,317.94,6608031
1576506600,319.27,325.25,319.27,323.8,3438739
1576593000,325.04,325.08,321.75,322.85,2332492
1576679400,322.1,326.82,322.0066,324.38,2332734
1576765800,324.38,327.96,324.26,327.63,2561397
1576852200,328.37,330,325.62,327.61,4233263
1577111400,328.83,329.88,327.26,328.95,2210706
1577197800,329,331.54,328.68,329.64,1066406
1577370600,329.63,331.28,329.63,331.2,1056199
1577457000,332.88,332.88,329.7701,330.79,1229983
1577716200,330.35,330.465,325.165,328.34,1896731
1577802600,326.25,329.94,326.25,329.81,1592512
1577975400,330,334.48,329.17,334.43,1990496
1578061800,329.17,332.98,328.69,331.81,1579371
1578321000,328.29,333.91,328.19,333.71,1875122
1578407400,334.15,334.79,332.305,333.39,2507261
1578493800,333.81,339.23,333.4,337.87,2248531
1578580200,340.14,341.8099,338.19,340.45,1626380
1578666600,342.05,343.36,339.62,339.81,1481141
1578925800,341.54,345.73,341.22,345.63,2069555
1579012200,347.01,347.27,343.15,344.63,2274687
1579098600,346.42,347.5,342.46,342.94,2213374
1579185000,345.98,345.99,342.76,345.38,2439600
1579271400,349,349.95,346.3825,349.74,2536157
1579617000,346.37,352.37,345.62,350,2121335
1579703400,352.6,354.28,349.96,350.06,1600485
1579789800,351.02,352.16,347.85,351.76,2084658
1579876200,354.1,355.69,349.2,351.37,1640163
1580135400,341.04,349.9,340.4,346.9,2652030
1580221800,349,355.66,347.12,354.63,2270756
1580308200,356.6965,356.6965,351.36,351.66,1523203
1580394600,349.6935,356.82,349.6935,356.74,1834931
1580481000,355.84,355.84,348.296,351.14,3692938
1580740200,353.41,358.67,352.29,358,2693989
1580826600,363.43,367.444,360.45,366.74,3052967
1580913000,373.99,374.475,362.31,365.55,2463385
1580999400,366.16,368.25,363.01,367.46,2224882
1581085800,366,369.34,364.38,366.09,2092872
1581345000,365.44,370.81,365.22,370,2427076
1581431400,373.03,373.7,367.25,369.28,2005005
1581517800,370.64,374.425,367.1538,374.29,2355797
1581604200,372.56,377.71,372.39,374.84,1917119
1581690600,376.28,379.83,375.85,379.67,1690561
1582036200,380.2,382.59,378.59,378.85,2074715
1582122600,383.83,385,381.48,383.28,2580455
1582209000,384,386.745,373.48,378.96,3789340
1582295400,378.02,378.34,368.75,372.95,2743135
1582554600,355.39,363.46,349,357.41,3924013
1582641000,361,363.97,346.28,347.8,4188112
1582727400,349.4,360.07,348.6,351.34,3494105
1582813800,340,352.2396,337.27,337.52,4737676
1582900200,324.42,345.46,324,345.12,6469131
1583159400,349.81,360.75,342.61,360.28,5398135
1583245800,361.76,364.95,344.04,348.34,4204501
1583332200,354.38,364.27,350.08,363.85,4146282
1583418600,355.06,360.45,347.19,351.03,3199006
1583505000,340.45,344.1599,326.6,336.77,5622911
1583760600,311.68,322.44,305.33,305.79,5291910
1583847000,318.98,332.94,309.31,332.38,5973672
1583933400,324.32,326.357,309,315.23,4874326
1584019800,290.41,310.13,283.0001,285,7230152
1584106200,312.88,336,298.0001,335.5,8935220
1584365400,288.3558,307.11,283.25,286.03,7140139
1584451800,291.2,312.95,278.35,311.81,6189140
1584538200,290,296.87,255.1314,294.61,7293306
1584624600,291.77,318.705,281.1,307.51,6023835
1584711000,312.92,324.8,293.77,295.34,7461753
1584970200,296.67,312.49,287.78,307.27,6016822
1585056600,322.96,326.99,301.59,310,6592213
1585143000,308,317.65,298.13,305.91,4830363
1585229400,305.99,324.43,305.69,322.67,4534399
1585315800,311.7,314.2872,300.63,305.83,4862124
1585575000,308.89,322.97,308.01,318.39,4340463
1585661400,316.41,326.3344,312.68,318.24,6414549
1585747800,307,309.6105,298.32,301.21,3902957
1585834200,297.76,306.5,293.18,303.96,3590071
1585920600,302.06,303.47,289.71,293.61,3934718
1586179800,306.56,320.51,299.955,319.13,5145092
1586266200,327.41,328.32,306.3,308.93,5422270
1586352600,313.88,317.72,308.2,317.18,4002545
1586439000,318.65,320.78,310.79,318.7,3300177
1586784600,315.94,320.9,313.75,320.65,1838954
1586871000,328.77,342.095,328.47,340.765,3858854
1586957400,335.34,339.2242,329.645,332.55,2818631
1587043800,339.71,345.515,336.035,342.7,3918632
1587130200,350.091,350.38,340.5,344.11,3342418
1587389400,340.79,348.5,338.75,344.88,2771970
1587475800,340.9,342.763,325.21,328.99,3548202
1587562200,337.41,339.38,332.8006,336.77,2231819
1587648600,338.9,341.75,334.8,335.37,2120251
1587735000,338,344.7,333.5011,344.1,2146162
1587994200,348.8,349.96,345.12,348.5,2375636
1588080600,353.09,353.45,332.57,333.45,3895571
1588167000,339.53,351.25,335.44,349.17,5006415
1588253400,348.01,356.23,346.55,353.64,3902173
1588339800,347.24,350.3099,340.26,343.84,2578615
1588599000,340.74,350.596,340,349.11,2372392
1588685400,353.38,359.7,352.39,356.13,2377555
1588771800,357.92,366.79,357.1301,362.52,2319702
1588858200,368.82,369.5,365.501,366.78,2466063
1588944600,370,371.0999,365.41,367.51,2548366
1589203800,365.84,373.63,364.5,371.42,2266282
1589290200,371.46,372.72,364.55,365.1,2071782
1589376600,366.45,367.43,352.71,358.56,3365501
1589463000,354,357,348.01,355.39,2752031
1589549400,351.57,365.48,351.53,365.3,2626904
1589808600,371.59,375.49,367.21,367.97,2352319
1589895000,369.88,376,368.89,372.2,2753685
1589981400,377.21,384.4,377.06,383.63,2824862
1590067800,382,385.12,380.6,382.17,2261384
1590154200,381.39,386.52,380.95,385.26,1688159
1590499800,391,391.27,374.8103,376.63,3525983
1590586200,373.24,375.7,361.44,375.17,3553278
1590672600,372.5,386.9,372.5,379.83,2904450
1590759000,382.62,389.05,377.075,386.6,5937467
1591018200,387.08,389.99,382.895,389.68,2035186
1591104600,389.92,390.91,382.03,390.44,2509555
1591191000,390.82,391.14,387.46,389.92,2537092
1591277400,389.5,395.7201,382.28,385.8,2422986
1591363800,384.64,396.17,382,392.9,2793982
1591623000,391,398.1,385.84,397.78,2592963
1591709400,397.03,402.31,394.15,397.16,2279327
1591795800,399.59,409.98,399.49,406.82,3611582
1591882200,400,404.2,387.37,387.67,4123651
1591968600,409.3,411.72,395.41,406.54,8332571
1592227800,398.8,406.11,397,401.34,3783968
1592314200,407.83,414.68,405.475,411.67,3766685
1592400600,414,417.46,411.36,413.49,2112320
1592487000,413.5,420.84,413,420.46,2578409
1592573400,423.76,429.27,419.65,428.01,3931569
1592832600,428.96,438.95,428.54,438.64,3156280
1592919000,440.07,446.15,436.01,440.55,3065927
1593005400,440,442.67,427.47,431.68,3329423
1593091800,430.01,437.99,427.5801,436.95,2275241
1593178200,436,438.18,424.7129,426.92,3829731
1593437400,427.11,428.48,416.032,424.2,2623877
1593523800,426.68,436.91,423.86,435.31,2945149
1593610200,434.8,442.045,433.621,439.81,2581983
1593696600,445,448.16,441.36,442.95,2502970
1594042200,448,455.53,444.69,452.59,2761224
1594128600,452.59,459.44,448.72,449.36,2684565
1594215000,453.76,458.2424,452,457.68,1999227
1594301400,460.44,463.8,451.88,460.84,2269815
1594387800,460.83,467.21,455.48,466.2,3676513
1594647000,469.77,470.61,440.64,442.47,3480659
1594733400,435.74,437.21,416.29,433.78,5666716
1594819800,434.91,439.63,428.7341,433.01,2566648
1594906200,428.43,430.59,418.505,426.29,2678060
1594992600,428.12,433.5,423.7,432.42,2568205
1595251800,434.06,456.89,433,455.27,3512508
1595338200,456.07,456.9899,441.75,444.28,2027852
1595424600,447.55,449.3712,441.76,445.05,1400685
1595511000,445.04,448.81,430.3001,431.74,2313874
1595597400,425,435,423.4406,430.31,1901029
1595856600,431.77,438.36,431.01,437.1,1621956
1595943000,436.83,438.26,431.33,432.26,1463467
1596029400,435.16,440.48,435.04,436.3,1489294
1596115800,429.98,440.5,426.81,438.88,1448955
1596202200,441.98,444.4385,434.8,444.32,2035254
1596461400,449.84,450.74,442.28,447.97,2076479
1596547800,448.26,449.0799,440.7,446.92,2622566
1596634200,449.09,454.035,446.345,449.51,2353535
1596720600,451.35,464.37,449.13,464.11,2362002
1596807000,460.87,461.79,445.09,449.57,3289685
1597066200,450.37,451.125,436.5,443.29,1837078
1597152600,440.26,444.48,431.59,435.23,1900223
1597239000,437.37,447.9299,437.37,445.36,2224424
1597325400,446.07,455.9,446.07,450.02,2028199
1597411800,451.39,452.814,444.4262,447.6,1111145
1597671000,450,456.1,449.2,451.58,1555942
1597757400,454.79,464.5,452.84,463.51,2097690
1597843800,464.29,468.11,457.5871,462.01,2439150
1597930200,460.99,479.8,458.8868,478.48,2484983
1598016600,477.09,477.28,470.34,473.22,2645579
1598275800,478.14,480.02,469.52,476.3,1840607
1598362200,476.67,484.65,474.425,484.43,3967365
1598448600,496.95,533.6979,492.23,528.49,7780346
1598535000,519.01,523.3238,504.46,510.32,3631779
1598621400,512.33,518.797,510.94,516.44,1926261
1598880600,513.86,516.73,507.77,513.39,2346705
1598967000,515,528.536,514.48,527.95,2422061
1599053400,536.25,536.88,521.41,533.8,2783438
1599139800,526.035,527.63,493.42,507.8,5837638
1599226200,504.65,511.35,471.71,491.94,3900326
1599571800,471.8946,481.48,461.18,462.13,4533544
1599658200,473.905,483.49,462.48,479.46,3312148
1599744600,491.15,501.85,473.5001,476.26,4248135
1599831000,487.08,489.41,464.48,471.35,4414226
1600090200,484.99,490.44,476.87,485.91,4463826
1600176600,493.74,499.6899,491.49,497.67,5682447
1600263000,505.5,505.5,475.5,476,8472420
1600349400,464.4422,475.17,460.5,474.3,4560776
1600435800,477.395,478.34,452.52,467.55,7182302
1600695000,460.31,475.86,456.725,475.64,3913745
1600781400,479.31,487.2,469.56,486.78,2629133
1600867800,486.88,488,468.2301,470.39,2671337
1600954200,466.93,471.425,460.27,467.67,2838781
1601040600,469.23,481.58,466.01,479.78,2541114
1601299800,487.97,489.39,481.18,488.51,2844778
1601386200,489.94,493.45,484.17,489.33,2043887
1601472600,488.13,497.24,486.22,490.43,3508159
1601559000,497.4252,501.5,495.76,499.51,2264603
1601645400,487.99,496.78,478.64,478.99,2780946
1601904600,483.25,486.69,478.99,486.47,1984130
1601991000,485,491.51,477.5,478.98,2041545
1602077400,484.35,493.98,481.43,493.15,2025769
1602163800,499.05,499.489,487.56,490.84,1590732
1602250200,491.77,502.17,491.176,502.16,1853780
1602509400,508.26,516,499.54,510.89,3149650
1602595800,512.19,519.6,511.9001,514.31,2438132
1602682200,514.34,516.95,501.6,506.31,2033159
1602768600,499.26,502.5,491.85,501.15,2043107
1602855000,504,510.34,500.7,502.82,2441382
1603114200,507.75,507.75,493.195,495.2,1931403
1603200600,495.25,500.165,491.91,494.58,1454449
1603287000,492.05,499.81,490.57,495.96,1369735
1603373400,496.72,496.86,479.4,483.6,2615048
1603459800,486.41,488.51,479.51,488.5,1899599
1603719000,480.8835,488.78,470.13,475.2,2337431
1603805400,479.78,481.89,473.47,478.56,1896459
1603891800,469.165,470.97,455.88,456.97,2677304
1603978200,459.32,464.73,457.28,461.11,2125281
1604064600,458.32,459.5,442.51,447.1,3128709
1604327400,451,456.185,438.94,444.94,2479005
1604413800,448.99,457.844,445.67,454.02,1758640
1604500200,477.93,494.94,474.47,487.23,4524341
1604586600,499.27,502.53,489.8,496.47,2400994
1604673000,494.95,498.72,483,494.63,1956305
1604932200,494.6963,499.41,470.76,471.14,3625298
1605018600,466.72,468.01,446,452,4920340
1605105000,458.49,470.12,457.5,467.75,2634159
1605191400,473.49,474.933,461.15,462.58,2115319
1605277800,467.45,470.6,459,469.34,2966003
1605537000,460.43,469.53,458.2501,460.95,2522187
1605623400,461.66,469.9099,460,467.95,2407597
1605709800,466.71,467.9,459.26,459.47,2063159
1605796200,460,471.04,459.26,466.41,3132704
1605882600,465.16,470,462.36,462.92,1851107
1606141800,464.6334,467,456.17,460.61,2371433
1606228200,461.41,464.49,456.6778,462.7,2588241
1606314600,466.29,472.525,464.845,470.08,2634472
1606487400,476.9,482.405,474.86,477.03,1815490
1606746600,480,480.86,469.2,478.47,2786955
1606833000,482.01,482.01,471.6328,479.15,2533070
1606919400,475.67,481.32,470.12,481.26,2107080
1607005800,482.21,492.81,481.5,484.28,3062675
1607092200,485.67,491.3899,484.3601,486,2749793
1607351400,487,499.29,487,492.25,3441683
1607437800,492.29,496.04,486.2001,495.28,2175673
1607524200,496.03,497,479.26,483.74,3449121
1607610600,483.74,488.29,470.95,476.87,3922009
1607697000,475.9752,478.89,468.82,475.91,3561554
1607956200,475.61,488.41,475.5,486.42,3945198
1608042600,489.05,489.5,480.53,482.64,2559319
1608129000,485,491.5,484.11,489.9,2555596
1608215400,493,496.99,490.63,495.36,2178354
1608301800,497.61,504.07,493.57,502.95,4667387
1608561000,498.05,502,491.5,498.39,2412884
1608647400,498.36,506.92,495.83,504.17,1701985
1608733800,505.13,505.46,496.59,496.91,1428583
1608820200,499.16,503.01,497.28,499.86,589182
1609165800,505.61,506.04,496.815,498.95,1515441
1609252200,501.165,505.35,499.74,502.11,1434200
1609338600,503.05,504.37,496.3275,497.45,1529878
1609425000,497.99,500.66,494.89,500.12,1462236
1609770600,500.3,500.79,476.28,485.34,3612949
1609857000,485.88,486.08,479.195,485.69,2010099
1609943400,474.0984,475.8666,466,466.31,4156589
1610029800,471,479.64,468.25,477.74,2901232
1610116200,480,485.54,477.21,485.1,2266132
1610375400,481.99,482.59,471.3,474.24,2383254
1610461800,474.41,475,464,471.65,2964880
1610548200,472,477.85,469.3,472.05,2105915
1610634600,472.41,473.55,462.2,463.27,3508273
1610721000,462.5,467.88,457.49,458.08,3200352
1611066600,461.17,461.5899,453.34,456.5,4419205
1611153000,462.73,472.385,458.77,469.73,3858988
1611239400,470.26,474.69,466.1,472.02,2771772
1611325800,472.5,476.35,470.61,472.44,2534274
1611585000,474.51,477.7,463.98,473.44,2697405
1611671400,473.73,477.22,467.76,476.28,2363124
1611757800,470.99,473.67,455.07,460,3586353
1611844200,459.07,475.02,459.07,465.67,3000726
1611930600,462.17,465,455.11,458.77,3061106
1612189800,462.28,474.8,459.82,470,2554774
1612276200,473.65,487.37,472.55,484.93,3022025
1612362600,487.09,488.85,479.17,481.92,2146948
1612449000,484.2196,489.88,481.92,489.38,2005114
1612535400,490.92,495.1,488,492.12,1675141
1612794600,494.26,497.86,489.21,493.76,1727272
1612881000,495,497.95,492.01,496.05,1571477
1612967400,499.17,499.9874,490.27,492.67,1764466
1613053800,494.53,497,491.08,496.62,1609829
1613140200,495.16,499.36,491.76,498.84,1450621
1613485800,500.03,506.51,497.595,501.64,1846163
1613572200,495.41,495.55,485.51,491.23,2114019
1613658600,486.32,489.8,480,488.37,1803375
1613745000,487.16,488.65,476.1,479.12,2720714
1614004200,470.48,472.1,466.66,467.33,2510485
1614090600,461.02,471.44,450.12,467.8,4164345
1614177000,463.49,477.35,460.29,476.62,3390646
1614263400,471.24,476.31,456.01,459.16,3252503
1614349800,462.8046,467.32,456.01,459.67,3154846
1614609000,465.68,470.5,462.65,469.57,2358980
1614695400,473.03,473.8016,463.46,466.59,2211002
1614781800,463.22,464.68,448.09,448.45,2808148
1614868200,446.45,457.53,437.63,439.06,4486442
1614954600,444.88,444.95,423.7101,440.83,4614971
1615213800,439.76,440.99,420.78,421.2,3885123
1615300200,437.84,442.75,436,439.18,3926385
1615386600,445.7277,448.46,436.82,437.01,2747267
1615473000,448.1361,454.07,447.305,451.06,2762233
1615559400,443.45,445.89,438.6,444.3,2183051
1615815000,444.4,447.79,437.77,447.59,2508699
1615901400,452.01,457.41,449.6701,450.54,2618819
1615987800,445.44,453.94,441.02,451.01,2502732
1616074200,443.16,446.86,438.5,439.18,2932687
1616160600,439.18,444.5,438.14,441.5,3923830
1616419800,444.86,457.82,444.86,452.41,2944311
1616506200,457.35,466.88,456.41,460.2,5316974
1616592600,464.7642,465.61,448.34,451.51,5214125
1616679000,448.33,456.87,445.41,450.99,3201472
1616765400,450.25,469.77,449.05,469.09,3615888
1617024600,469.03,472,462.5,469.32,3142203
1617111000,462.58,469.0925,461.5,465.46,2436593
1617197400,469.7,482.41,468.7,475.37,3155889
1617283800,483.12,487.04,480.71,483.34,2664694
1617629400,483.69,495.51,480.5,491.62,2982522
1617715800,492.32,495.59,487.57,491.34,1878330
1617802200,492.98,494.85,487.89,493.41,1576981
1617888600,500.16,504.6,498.1401,499.84,2026282
1617975000,498.37,504.44,492.6,504.04,1887016
1618234200,499.29,506.94,498.44,506.03,1584592
1618320600,506.85,517.2645,506.78,514.86,2195707
1618407000,514,517.78,509.13,510.63,1956447
1618493400,515.67,524.59,515.1,523.25,2122337
1618579800,524.21,525.44,518.55,525.08,2031733
1618839000,523.13,524,514.4401,516.17,1917732
1618925400,515.29,517.29,510.6,514.21,1677468
1619011800,515.02,515.48,509.55,512.34,1678305
1619098200,508.08,512.77,504.06,507.29,2084841
1619184600,508.79,517.4973,508.395,515.84,2257590
1619443800,513.57,516.31,510.25,515.7,1387542
1619530200,518,519.155,511.3455,517.32,1944013
1619616600,515.24,519.1299,510.015,515.48,1472191
1619703000,518.11,520.45,510.62,516.09,1592562
1619789400,514.13,515.05,507.15,508.34,1950559
1620048600,510.97,511.74,501.121,503.46,1458698
1620135000,499.47,499.47,484.83,490.7,2528948
1620221400,495.69,498.625,484.44,486.69,1875287
1620307800,485.67,485.67,475.92,483.61,2537227
1620394200,496,499.15,485.78,488.73,1632407
1620653400,487.54,489.04,478.625,479.38,1970931
1620739800,471.03,486.91,468.5,485.19,2293963
1620826200,477.1888,480.99,469.57,472.09,2399059
1620912600,478.01,480.46,471.76,474.16,1996532
1620999000,481.63,488.33,478.69,486.56,1857198
1621258200,487.03,487.87,478.11,482.74,1581037
1621344600,484.63,488.32,480.46,480.62,1395237
1621431000,473.02,480.87,472,480.47,2047511
1621517400,483.68,495.36,482.61,491.67,1991223
1621603800,494.19,496.23,487.13,488.07,1568115
1621863000,494.64,499.99,492.01,497.83,1831564
1621949400,499.02,505.6021,498.87,505.08,2322468
1622035800,506.27,509.5,504.63,506.98,1695747
1622122200,505,505,497.45,498.28,2957310
1622208600,506.08,511.37,504.19,504.58,1924999
1622554200,504.54,506,492.31,495.91,2189020
1622640600,495.18,501.8237,493.09,495.77,1761478
1622727000,492.4,496.755,487.34,493.14,1539128
1622813400,498.73,506.5,497.72,504.5,1644301
1623072600,504.99,509.78,502,509.47,1768754
1623159000,511.15,516.29,508.0701,509.2,1747779
1623245400,513.99,518.318,512.48,514.68,1702714
1623331800,513.99,536.41,513.01,535.52,3152379
1623418200,529.75,541.85,529.75,541.26,2871289
1623677400,545.04,561.36,543.25,556.95,3522621
1623763800,554.99,555,547.2304,548.46,2424774
1623850200,548.46,553.99,535.72,543.33,2842016
1623936600,539.99,552.72,538.75,551.36,3566351
1624023000,569.9612,570,556.39,565.59,6762031
1624282200,565.99,570.19,560.3501,567.35,2625919
1624368600,568.505,576.31,567,575.74,2370737
1624455000,577.99,579.8,570.705,574.23,1616933
1624541400,575.9,580.966,574.96,578.26,1835008
1624627800,578.64,582,577.0552,579.66,2133465
1624887000,582.71,589.41,581,588.8,1713970
1624973400,586.78,591.34,583.9,590.75,1204806
1625059800,590.75,592.2402,585,585.64,1704224
1625146200,583.33,587.7799,581.35,584.73,1646412
1625232600,588.67,594.08,587.96,593.07,1744955
1625578200,595.87,600.66,592.48,596.9,1657567
1625664600,600,607.665,597.4,605.77,2022482
1625751000,595.64,607.2989,593.33,605.95,1846617
1625837400,601.43,605.95,597.44,604.5,2145199
1626096600,606,607.4229,596.48,600.2,1696279
1626183000,600.56,609.33,598.42,605.01,1435602
1626269400,608.14,611.305,604.01,608.83,1377018
1626355800,608.4,609.95,602.6501,606.17,1618283
1626442200,608.71,611.62,603.66,606.1,1249738
1626701400,602.75,610.69,598.14,602.05,2046575
1626787800,605.39,612.75,598.48,608.72,1675926
1626874200,605.72,612.58,603.32,612.26,1381019
1626960600,614.58,623.95,614.58,623.68,1477891
1627047000,625.76,631.64,622.0001,625.87,2030395
1627306200,624.18,625.87,619.725,620.8,1389898
1627392600,620.9956,623.92,610.64,618.28,1540250
1627479000,620.99,626,617.57,620.92,1468103
1627565400,617.04,625.67,617.04,621.7,1068902
1627651800,619.03,622.8,617.29,621.63,1403651
1627911000,625.87,627.6,612.93,618.75,1467043
1627997400,620.23,624.7,614,621.28,1067408
1628083800,622.47,627.08,617.6202,625.68,1306893
1628170200,626.99,632.47,623,632.08,1158339
1628256600,629.27,631.84,625.17,631.38,1127956
1628515800,634.98,634.98,626.925,629.22,1119124
1628602200,630.48,633.2999,620.6,621.74,1540139
1628688600,623.76,627.42,621.65,626.03,1328509
1628775000,626,636.64,624.04,634.35,1163881
1628861400,634.49,638.426,632.35,637.31,932829
1629120600,637.03,638.02,628.188,636.94,1105563
1629207000,636.55,637,630.22,635.01,1346430
1629293400,632.8,637.14,626.05,626.77,1386502
1629379800,624.88,642.55,623.6334,637.66,1693879
1629466200,639.84,652,634.53,647.34,1434000
1629725400,645.87,658.5,645.52,656.86,1652444
1629811800,659.14,660,653.4,657.24,866488
1629898200,658.61,661.06,651.64,656.8,1048207
1629984600,653.59,657.91,649.35,652.39,1619386
1630071000,652.52,662.61,651.86,658.52,1142619
1630330200,659.7774,667.67,659.7774,665.99,1341472
1630416600,667.9,667.9,660.46,663.7,1877807
1630503000,664.51,668.96,662,665.89,1261172
1630589400,669.82,669.85,661.67,664.64,1403452
1630675800,664.43,673.88,664.295,666.59,1641621
1631021400,667.35,668.87,656.55,661.39,1382387
1631107800,660.15,664.08,657.1,663.22,1368043
1631194200,664.84,667.46,659.93,661.68,1110228
1631280600,666.18,668.87,658.2,658.94,1204255
1631539800,663.04,663.6,640.24,645.15,2242491
1631626200,646,649.58,642.46,645.01,2150162
1631712600,652.315,663.309,650.975,661.08,2009337
1631799000,657.53,666.47,654.705,665.11,2046113
1631885400,663.21,665,652.04,654.48,3553211
1632144600,646.035,653.93,633.05,641.29,2637412
1632231000,646.8755,650.945,640.3,645.89,2449253
1632317400,624.79,628.94,615.06,626.08,5689624
1632403800,632.2883,633.815,627.02,630.84,2985547
1632490200,628,629.03,618.22,622.71,2809022
1632749400,615.8,616.6562,602.73,603.65,4152187
1632835800,596.3142,596.3142,578.33,578.77,5108900
1632922200,585.45,586.55,576.07,577.7,2726816
1633008600,580.64,586.1946,573.2358,575.72,2747916
1633095000,577.52,581.47,568.61,577.47,2915254
1633354200,574.5901,576.8,552.14,558.49,3976963
1633440600,563.91,570.29,559.21,566.7,2337838
1633527000,561.24,572.155,560.21,570.31,2043151
1633613400,578.46,586.145,576.19,578.96,2648546
1633699800,581.3,583.61,575.52,576.86,2051019
1633959000,574.5,582.28,571.495,573.07,1410612
1634045400,579.1569,584.22,574.42,580.69,1740279
1634131800,585.26,593.54,582.655,591.12,2144405
1634218200,600,609.44,596.97,607.51,2501675
1634304600,611.6935,612.25,607.55,610.09,1960103
1634563800,610.65,623.47,607.57,622.83,1905125
1634650200,625.26,639.39,625.26,636.07,2470024
1634736600,639.28,641.29,630.1713,632.37,1497205
1634823000,632,639.17,629,638.66,1586592
1634909400,640.43,644.43,634.45,643.58,1786582
1635168600,644.47,649.62,639.0652,646.97,1629369
1635255000,650.91,659.19,642.1,642.5,2153959
1635341400,644.48,648.8053,639.81,640.08,1630177
1635427800,638,642.49,633.27,639.28,2085002
1635514200,637.77,651.31,637,650.36,1927887
1635773400,651.05,654,634.78,640.2,2215757
1635859800,641.12,647.7436,639.23,640.4,1769966
1635946200,645.52,656.5,640,655.18,1970703
1636032600,659.44,676.08,657.75,674.08,2480616
1636119000,676.74,677.76,661.11,662.72,2517646
1636381800,666.56,668.25,661.4,666.02,1497363
1636468200,667.69,669.66,663,667.92,1128004
1636554600,663.2,665.8099,645.86,647.5,2038209
1636641000,649.61,652.57,642.1,643.17,1271194
1636727400,649.01,658.4725,647.16,657.6,1286806
1636986600,658.37,663.665,655.19,659.73,1077608
1637073000,659.14,673.7449,658.99,671.03,1421950
1637159400,671.76,672.7367,662.84,670.67,1221871
1637245800,670.62,676.55,665.08,670.96,1494358
1637332200,681.26,699.5,678.91,688.37,3093812
1637591400,696.275,699.54,672.66,673.57,2285511
1637677800,662.7035,667.5699,648.61,665.16,2504127
1637764200,655.83,668.87,647.14,668.32,2426821
1637937000,670.2529,683.9999,659.68,662.1,2203960
1638196200,668,691.36,665.77,687.49,2728844
1638282600,687.22,694.89,667.83,669.85,4703616
1638369000,676,678.78,656.28,657.41,2832765
1638455400,655.95,674.845,653.62,671.88,2675408
1638541800,658.1,662.09,604.3,616.53,6741841
1638801000,617.47,625.9,605.725,622.04,3170342
1638887400,644.1932,655.22,640.05,649.96,3943536
1638973800,647.3,654.65,641.61,653.1,2416232
1639060200,650.92,655.72,630.88,632.57,2550690
1639146600,638.13,654.97,635.1,654.45,2872975
1639405800,652.77,675.21,650.9784,658.3,3829357
1639492200,635.36,636,599.1,614.86,5934156
1639578600,615.96,631.25,604.6199,630.33,4288818
1639665000,578.4,591.5773,556.1501,566.09,10961245
1639751400,566.09,566.99,545.135,556.64,8014024
1640010600,545.61,557.27,543.5,549.77,3441126
1640097000,550.91,559.89,538.05,557.52,4104714
1640183400,560.3,564.92,552.24,563.98,4526208
1640269800,568.96,572.57,566.1601,569.62,2147722
1640615400,575.04,580.88,572.09,577.68,1980504
1640701800,582.84,582.88,568.35,569.36,2108375
1640788200,573.3291,576.96,562.78,569.29,2484190
1640874600,570.57,578.99,566.04,570.53,1564633
1640961000,570,570.17,565.07,567.06,1581578
1641220200,566.65,575,553.2673,564.37,2863488
1641306600,563.9,564.3,541.31,554,4344805
1641393000,535,538.745,514,514.43,7394814
1641479400,510,526.31,508.2,514.12,3913592
1641565800,513.66,520.42,504,510.7,3605411
1641825000,500,526.58,497.01,525.83,5429694
1641911400,525.5533,535.18,520.9821,529.89,3422161
1641997800,533.09,541.59,529.28,532.37,2901791
1642084200,532.22,535.265,516.32,516.9,3406500
1642170600,514.49,522.5715,511.27,520.6,2659825
1642516200,510.39,519.39,504.98,513.34,3461507
1642602600,516.48,528.9179,515.3,516.58,2985891
1642689000,522.38,532.025,509.64,510.85,3208136
1642775400,508.5,513.8624,499.2701,499.91,4276067
1643034600,491.07,520.43,483.31,519.66,7555213
1643121000,505.51,514.26,500.01,502.72,4051522
1643207400,514,520.49,494.22,500.81,4449496
1643293800,508.94,513.23,485.62,493.05,5870522
1643380200,494.0901,519,480.62,518.16,4339027
1643639400,518.98,534.94,514.39,534.3,3995098
1643725800,536,538.77,527.72,535.98,2307434
1643812200,536.25,540.46,529.3201,533.09,2494142
1643898600,522.87,525.18,508.75,510.83,3058710
1643985000,503.77,519.97,503.77,513.54,2583714
1644244200,516,516,500.95,507.1,3120737
1644330600,501.63,513.51,501.07,511.31,3205743
1644417000,520.35,522.48,515.06,521.75,2542201
1644503400,508.08,514.4799,492.28,495.02,4735802
1644589800,497.92,499.93,472.8952,473.97,5026970
1644849000,473.2,478.57,469.2101,474.01,3372122
1644935400,482.5337,482.5337,472.39,479.5,3745338
1645021800,476.485,480.21,467.27,477.7,3750472
1645108200,473.14,476.45,456.05,457.71,4021128
1645194600,458.69,459.3,441.77,442.56,5194162
1645540200,440.35,451.09,435.05,438.4,4287637
1645626600,447.78,449.59,428.06,429.45,4263021
1645713000,418.59,465.93,416.8124,463.82,6448772
1645799400,465.39,468.5199,456.015,465.54,2869739
1646058600,462.4,468.48,458.86,467.68,3302341
1646145000,468,479.21,462.92,466.68,3352760
1646231400,471.94,477.49,466.04,471.18,2948450
1646317800,475.83,476.05,455.445,459.08,2906318
1646404200,455.49,463.52,447,452.13,2752177
1646663400,456.22,457.68,437.18,437.97,3676072
1646749800,432.51,443.8,421.36,431.53,3734842
1646836200,443.8,453.11,438.93,450.87,2905656
1646922600,444.68,447.65,433.01,438.95,2722310
1647009000,439.66,440.61,415.43,416.38,4434498
1647264600,413.36,422.375,407.94,411.5,3731582
1647351000,415.97,422.96,413.1663,421.66,3201730
1647437400,431.74,442.52,424.35,442.36,4141181
1647523800,441.26,446.82,436.51,444.36,3556732
1647610200,439.2,453.74,435.79,453.33,5898143
1647869400,451.42,459.58,445.95,453.59,3704194
1647955800,453.5,471.98,450.69,466.45,5377001
1648042200,437.51,437.98,416.47,422.9,13979763
1648128600,426.08,432.21,421.49,432.14,5544251
1648215000,435.44,438.6205,425.995,431.62,3285206
1648474200,433.415,450.32,433.15,450.01,4472560
1648560600,459.16,467.8,452.44,466.33,4323766
1648647000,461.52,466.765,456.84,460.06,3889225
1648733400,461.59,465.43,455.43,455.62,4141278
1648819800,455,461.55,450.96,458.19,2718422
1649079000,461.04,473.49,460.61,468.81,2975096
1649165400,469.32,471.76,455.07,458.58,2481933
1649251800,448.235,450.01,439.57,444.33,3824913
1649338200,444.09,455.9199,440.76,452.72,2757799
1649424600,449.95,454.41,443.37,445.34,2260687
1649683800,438.81,440,429.74,434.44,2932055
1649770200,442.685,444.44,425.16,426.77,2199003
1649856600,427.3,433.52,425.67,431.67,3078941
1649943000,435.86,435.95,420.03,420.44,2597004
1650288600,419.4,429.69,418.73,425.47,2594660
1650375000,422.02,437.49,420.64,436.4,1962652
1650461400,440.59,442.44,427.2,428.11,2094449
1650547800,432.69,438.94,416.3625,417.48,2390149
1650634200,420.71,424.33,408.02,408.67,3198841
1650893400,405.7,414.08,401.67,413.95,3368825
1650979800,410.17,411.61,397.465,399.12,2820097
1651066200,401.44,412.46,396.81,397.9,3080696
1651152600,406.13,414.2749,398.49,410.53,2593890
1651239000,407.47,413,394.64,395.95,3033248
1651498200,397.13,407.98,394.04,407.29,3009981
1651584600,406.59,413.93,403.5,407.58,2196257
1651671000,407.29,424.23,395.05,423.35,3330434
1651757400,415.55,417.99,395.71,400.51,3507716
1651843800,395,401.26,382.82,391.01,3522430
1652103000,381.95,389.6271,374.86,376.91,4324888
1652189400,385.72,400.83,374.78,393.03,5334377
1652275800,389.99,409.9899,377.81,379.33,3821953
1652362200,373.4,390.13,370.27,388.49,4048173
1652448600,396.47,408.97,393.94,405.45,3379472
1652707800,399.74,407.17,396.6,402.86,2645162
1652794200,413.08,416.72,403.54,409.65,2614675
1652880600,404.38,411.6599,396.11,397.88,2915922
1652967000,399.01,403.035,391.565,394.38,2797416
1653053400,401.39,406.24,385.621,399.09,3432395
1653312600,404.01,407.88,398.89,406.76,2337511
1653399000,401.61,404.33,391.0375,398.41,2630761
1653485400,395.32,406.095,394.71,402.5,2726718
1653571800,405.09,411.55,402.46,408.6,2419479
1653658200,414.8,428.55,414.63,428.22,3560381
1654003800,427.22,427.29,412.79,416.48,7944164
1654090200,428,437.549,413.785,418.16,3409856
1654176600,418.11,441.9,415.84,441.28,3415664
1654263000,430.71,438.01,427.255,429.76,2355536
1654522200,437.59,440,427.0361,429.46,1563987
1654608600,423.98,435.2,423.12,433.42,1611182
1654695000,430.54,433.75,426.42,428.84,1790134
1654781400,424.17,436.04,423.48,426.42,2572418
1654867800,412.9,413.96,390.185,393.84,4407524
1655127000,377.36,385.65,371.085,371.65,4724765
1655213400,371.44,376.89,367.31,370.82,3197215
1655299800,376.03,382.75,368.5,376.92,3664477
1655386200,369.37,376.12,360.9,365.08,5775295
1655472600,349.24,367.32,338,360.79,9475054
1655818200,355.02,372.795,353.51,362.99,5343494
1655904600,360.79,372.55,358.2228,365.33,3168159
1655991000,371.71,378.18,367.47,376.64,2534343
1656077400,380.64,388.06,378.22,387.72,3305337
1656336600,388.8,389.385,379.38,381.07,2244631
1656423000,381,382.98,364.45,365.63,2660047
1656509400,367.94,370.37,362.64,368.5,2027907
1656595800,362.9,370.42,357.56,366.06,2595510
1656682200,364.175,369.529,359.07,368.48,2471735
1657027800,363.5,378.52,359.82,376.49,3121504
1657114200,378.54,385.385,374.09,382.83,2284551
1657200600,382.5,392.07,382.38,390.89,2368519
1657287000,384.35,391.86,383.84,389.44,1611201
1657546200,386.57,388.05,380.4569,384.16,1835865
1657632600,383.9,391.515,372.91,375.54,2639683
1657719000,368.2,374.41,364.7,371.94,1993962
1657805400,368.83,374.194,361.46,372.96,2098363
1657891800,377.79,384.47,376.86,379.86,2488267
1658151000,383.83,385.565,374.01,375.23,1866609
1658237400,382.89,388.32,378,387.83,1977609
1658323800,392.19,403.13,390.07,401.49,2746782
1658410200,404.12,409.65,399.2401,408.91,2009914
1658496600,410.03,414.62,398.631,401.9,2413224
1658755800,400.11,400.7688,388.57,391.96,2340478
1658842200,393.58,393.58,378.16,379.26,2368512
1658928600,385.08,394.91,383.405,392.78,2669699
1659015000,392.76,406.15,390.06,403.5,2421734
1659101400,404.69,411.38,400.89,410.12,2670046
1659360600,406.51,417.16,405.07,411.09,1910045
1659447000,405.34,412.42,402.245,409.96,2165451
1659533400,412.81,426.04,412.02,424.54,2403471
1659619800,425.45,431.15,419.6303,430.59,2745635
1659706200,423,434.5425,421,433.43,2481397
1659965400,435,440.3,432.48,434.34,2202396
1660051800,434.34,434.59,424.615,426.57,1977285
1660138200,441.42,443.22,436.2,438.4,2634606
1660224600,445.26,445.61,434.4,434.89,1756701
1660311000,439.61,446,436.58,445.67,2150845
1660570200,445.07,451.15,442.14,451.02,2503382
1660656600,446.12,450.09,440.1,447.56,2139474
1660743000,440.87,442.99,436.1138,437.82,1894369
1660829400,438.61,441.39,437.0101,439.03,1402379
1660915800,431.58,432.5,424.62,425.055,2007722
1661175000,419.41,419.79,410.08,411.35,2074557
1661261400,410.37,415.7,409.2,410.41,1392235
1661347800,410.68,413.24,405.33,405.65,1883945
1661434200,405.79,406.67,392.915,403.93,3062439
1661520600,403.99,405.54,380.5,381.02,3600146
1661779800,380.09,382.86,374.82,375.26,2410300
1661866200,379.92,380.66,371.06,375.07,1835000
1661952600,378.53,381.145,372.5,373.44,3193853
1662039000,371,371.64,361.7205,370.53,2574360
1662125400,374.53,382,365.43,368.14,2450520
1662471000,367.23,374.3,365.37,368.3,2564423
1662557400,368.2,381.52,367.19,379.72,2385540
1662643800,377.2,386.66,375.2001,383.63,2276766
1662730200,390.19,396.09,389.665,394.78,3000456
1662989400,391.09,396.39,389.28,396.36,2854834
1663075800,382.55,383.575,367.37,368.39,4175142
1663162200,369.57,374.24,365.61,371.52,3004368
1663248600,323.15,329,305,309.13,27840207
1663335000,298.32,300.2,292.14,299.5,14948057
1663594200,294.88,299.28,293.4642,296.06,6593418
1663680600,292.82,294.08,287.8088,291.06,6548807
1663767000,292.84,297.94,286.22,286.3,4913148
1663853400,282,289.55,280.06,287.06,5657554
1663939800,285.57,288.5537,280.7,284.56,4739324
1664199000,286.03,288.9,276.75,276.96,6746157
1664285400,281.7,284.5,274.73,277.57,6390916
1664371800,280.38,282.74,275.37,281.4,4985056
1664458200,277.8,279.59,275.01,278.25,5155272
1664544600,279.69,284.29,274.85,275.2,4578776
1664803800,278.2694,286.9,277,285.24,3738131
1664890200,290.95,296.79,290.18,294.97,4509241
1664976600,291.41,298.8087,289.175,297.38,3469554
1665063000,297.15,305.5,297.1045,298.41,4884021
1665149400,291.36,293.705,286.83,288.77,3495936
1665408600,289.75,290.28,283.05,285.72,2906344
1665495000,285.69,288.28,281.44,284.83,3209826
1665581400,284.69,289.79,283.09,286.15,3044146
1665667800,279.71,298.17,276.595,294.74,4737194
1665754200,295.12,297.59,287.45,287.94,3564055
1666013400,297.45,297.96,291.4,293.5,4600581
1666099800,302.68,303.49,286.81,292.98,5472027
1666186200,295.4,303.71,292.7,299.83,5529099
1666272600,301.03,309.19,299.34,302.38,3621565
1666359000,300.99,307.43,298.23,306.37,3659302
1666618200,308.43,317.329,306.2,316.22,4817437
1666704600,319.12,324.23,316.74,323.79,3814599
1666791000,318.16,330.5849,316.54,320.48,4209819
1666877400,322.96,323.85,316.87,318.65,2870213
1666963800,318.67,327.05,318.67,325.68,3008352
1667223000,323.49,325.58,317.42,318.5,3253249
1667309400,321.01,322.84,312.785,316.02,2467654
1667395800,318.84,318.84,301.09,301.22,3481158
1667482200,297.07,299.61,285.37,285.93,4897062
1667568600,290.38,291.01,278.23,285.75,5738257
1667831400,288.97,300.355,287.57,299.54,3980689
1667917800,301.15,309.9,297.77,302.17,4230611
1668004200,299.65,303.29,297.35,298.87,2778150
1668090600,318.55,330.37,317.87,329.95,5502901
1668177000,330.34,342.31,329.49,341.15,4110087
1668436200,338.07,345.11,334.425,340.37,3449977
1668522600,348.41,350.9699,342.56,345.96,2948558
1668609000,345,345.015,336.72,338.41,2123183
1668695400,331.74,339.8699,329.35,337.83,2741374
1668781800,344.3,344.7,329.1383,330.86,3421744
1669041000,329.53,330.25,320.6,321.49,3219867
1669127400,322.49,331.54,320.2,330.88,2573813
1669213800,329.93,338.5,327.59,335.78,2240777
1669386600,332.885,335.51,332.01,334.3,1197767
1669645800,335.83,338.19,328.065,328.97,2315372
1669732200,326.69,329.7,323.6749,326.78,2392609
1669818600,327.12,345.03,326.38,344.93,4979759
1669905000,348.03,350.67,341.5,344.11,3365247
1669991400,337.2,343.5276,334.2225,341.53,2741993
1670250600,337.8,340.51,330.83,334.09,2542324
1670337000,334.09,334.22,327.395,331.15,2182444
1670423400,327.53,331,325.49,326.68,2055980
1670509800,325.71,336.2005,324.345,332.58,2065839
1670596200,331.5,334.69,328.5,330.64,1969161
1670855400,334.76,338.27,332.65,338.17,2914653
1670941800,353.63,355.67,338.79,342.46,3428046
1671028200,343.89,345.9499,335,339.92,3236488
1671114600,332.76,334.5,324.59,328.71,5498714
1671201000,345,354.4699,337.24,338.54,11940748
1671460200,338,340.7436,326.3,328.76,4086288
1671546600,327,342.5,325.52,338.22,3873632
1671633000,340.29,345.29,336.44,341.38,2582991
1671719400,336.01,339.88,330.94,336.52,2320005
1671805800,335,338.92,333.285,338.45,1629781
1672151400,338,338.16,332.46,335.09,1464308
1672237800,335.06,338.5,327.19,328.33,1672063
1672324200,330.75,339.5,329.7604,337.58,1793051
1672410600,333,336.64,331.64,336.53,1740879
1672756200,340.16,345.82,331.92,336.92,2229104
1672842600,342.89,345.6292,336.73,341.41,2186849
1672929000,337.53,337.55,328.16,328.44,2081625
1673015400,332.28,334.88,322.44,332.75,2216579
1673274600,338.9,349.455,338.42,341.98,3133817
1673361000,337.65,344.63,336.8,338.7,1670248
1673447400,337.39,343.19,333.47,342.93,2344403
1673533800,344.165,346.44,337.37,344.54,2121831
1673620200,340.25,344.65,335.5,344.38,2582132
1673965800,344.38,350.786,341.97,344.38,2512729
1674052200,345.01,349.24,338.4,341.31,2080033
1674138600,340.56,346.73,340.01,342.53,2466965
1674225000,343.27,357.42,342.76,356.38,3149369
1674484200,358.28,365.87,356.85,364.98,3187260
1674570600,364.1,364.45,358,361.32,2466393
1674657000,355.665,359.73,350.57,358.17,2239126
1674743400,362.76,367.43,360.7201,365.82,2350520
1674829800,363.49,373.42,362.85,370.71,2615582
1675089000,365.9,368.7,362.83,363.42,2663620
1675175400,364.71,370.7,364.01,370.34,2572359
1675261800,370.01,386.72,366.8,383.92,3361966
1675348200,393.28,402.49,388.8822,392.23,4020009
1675434600,384.29,386.715,377.92,379.33,2695428
1675693800,376.21,379.29,373.39,375.23,2369777
1675780200,373.43,384.94,372.7556,383.82,2476197
1675866600,382.49,387.28,375.7,378.36,2668061
1675953000,384.97,386.51,374.02,375.81,2265158
1676039400,371.63,374.52,367.08,370.99,1846426
1676298600,373.41,376.31,371.03,375,1877255
1676385000,375,380.56,369.96,377.9,2479706
1676471400,375.6,381.67,374.84,375.94,2089245
1676557800,366.04,373.49,363.55,365.16,2917042
1676644200,359.31,359.61,352.12,356.85,2985940
1676989800,350.78,353.25,345.69,346.7,3002659
1677076200,346.69,353.1724,344.45,348.72,2599304
1677162600,350.44,353.8,343.9275,347.02,3154508
1677249000,328.12,329.76,318.6,320.54,8444481
1677508200,322.02,325.1,320.7,322.32,3500550
1677594600,323.37,325.73,320.97,323.95,2714154
1677681000,323.8,325.26,321,323.38,2377736
1677767400,323.38,334.46,321.56,333.5,3846745
1677853800,334.69,344.76,334.4835,344.04,3725472
1678113000,344.33,351.775,344.28,347.02,3060306
1678199400,347.86,352.165,344.06,344.8,2252817
1678285800,346.74,348.69,343.4701,345.84,2518851
1678372200,344.72,350.13,336.99,338.37,3798302
1678458600,338.34,338.52,328.445,329.3,4148249
1678714200,329.42,333,323.29,324.27,4203455
1678800600,332.21,335.17,328.695,333.33,3850920
1678887000,330,334.28,328.1725,333.61,4627109
1678973400,344.57,355.49,340.53,353.29,6948578
1679059800,354.78,360.63,350.835,358.14,6725352
1679319000,357.61,364.9399,355.35,362.88,3946758
1679405400,364.63,376.4,362.92,374.22,4479191
1679491800,375,377.3299,361.52,361.71,3878428
1679578200,368.99,375.2499,365.49,369,3138588
1679664600,370.23,375.23,367.72,374.96,2995521
1679923800,376.51,380.35,369.68,373.15,2832190
1680010200,373.42,374,367.82,373.4,1780809
1680096600,376.68,380.12,375.56,379.16,2497612
1680183000,381.65,382.58,378.08,381.9,2138955
1680269400,382.29,385.73,380.26,385.37,3063428
1680528600,380.88,383.73,378.15,380.08,2712644
1680615000,382.24,385.7,381.0502,385.15,2569950
1680701400,384.09,386,377.255,382.02,2277403
1680787800,379.31,382.46,375.99,380.6,1836025
1681133400,375.48,376.67,372.26,376.25,1689674
1681219800,374.01,375.9,368.35,371.11,2161051
1681306200,376.42,378.23,368.75,369.89,1978197
1681392600,373.2,379.02,372.73,378.8,2434809
1681479000,376.37,380.57,375.14,379.38,1525633
1681738200,379.61,380.76,374.62,377.92,1614322
1681824600,380.9,380.9,374.4875,377.55,1586650
1681911000,377.9,382.84,375.6,380.11,1775191
1681997400,376.04,382.995,375.67,380.26,1947863
1682083800,379.97,380.44,375.44,377.67,1841641
1682343000,376.59,378.95,373.57,377.34,1531057
1682429400,373.63,375.23,368.88,369.59,2413128
1682515800,368.6,369.45,357.25,363.06,2803239
1682602200,365.94,373.8199,363.5,371.42,2338835
1682688600,371.42,377.69,368.56,377.56,2061740
1682947800,376.51,378.72,373.71,374.15,1867950
1683034200,374.355,375.845,367.84,368.66,2287616
1683120600,363.49,365.96,344.235,345.25,6700789
1683207000,347.97,348,332.84,335.83,6614890
1683293400,338.98,349.55,338.03,348.4,4260906
1683552600,348,350.48,340.76,344.06,3135894
1683639000,342.5,345,341.23,342.65,1879635
1683725400,348.25,351.995,341.8318,344.02,3386325
1683811800,341.88,344.66,339.37,341.58,2183379
1683898200,340.51,340.79,331.89,335.45,4278675
1684157400,337.35,345.89,333.01,345.67,3330491
1684243800,344.2,347.065,341.17,345.11,2558537
1684330200,345.36,358.69,345.12,356.63,3560559
1684416600,357,361.48,356.45,360.43,2896438
1684503000,363,372.08,361.36,371.25,3856887
1684762200,371.25,374.4025,369.66,372.05,2627139
1684848600,371.81,376.49,369.92,370.42,2967666
1684935000,368.41,369.06,361.72,365.76,2666564
1685021400,375.49,397.6515,374.09,392.06,7029991
1685107800,396.72,416.36,396.57,415.39,7833550
1685453400,429.94,432.99,416.08,417.21,5332305
1685539800,413.9,421.36,410.701,417.79,5158453
1685626200,412.29,430.6,412.29,426.75,4443071
1685712600,432,438.5308,430.36,436.37,4334768
1685971800,433.01,440.3799,426.96,434.18,3447429
1686058200,432.55,437.12,431.24,432.89,2342000
1686144600,434.56,436.81,417.7425,418.32,4772958
1686231000,424.15,440.6275,423.5841,439.03,6065556
1686317400,456.9099,466.59,453.09,454,7933961
1686576600,463.705,478.04,459.42,474.63,6930639
1686663000,489.71,491.51,470.36,478.99,7412478
1686749400,476.15,483.85,473.2,479.53,5150116
1686835800,475.47,495.1999,474.25,490.91,9682234
1686922200,518.23,518.74,494.62,495.18,13343819
1687267800,485.63,492.6883,480,485.86,5336284
1687354200,492,495.55,475.31,477.48,5258704
1687440600,474.12,481,473.0201,477.58,3603787
1687527000,472.95,487.33,472.32,484.72,4481510
1687786200,483.01,487.1563,479.05,479.51,3169505
1687872600,480,490.8,479.95,489.27,2691749
1687959000,482,489.75,480.39,482.43,3229236
1688045400,484.47,485.83,479.6,483.77,1905381
1688131800,482.74,492.81,482.72,488.99,3096582
1688391000,486.39,486.61,479.8401,485.21,1491011
1688563800,480.99,489.41,479.73,487.26,2190353
1688650200,479.99,482.5,475,481.29,2102202
1688736600,481.98,490.42,479.86,485.27,2325039
1688995800,485.27,499.1999,485.11,496.35,3352622
1689082200,497.28,506.03,491.76,504.74,2844239
1689168600,509.405,510.79,500.01,507.36,3027419
1689255000,509.62,519.4099,509.5,517.28,3049373
1689341400,517.34,523.785,512.67,514.83,2303710
1689600600,513,522.6892,512.38,522,2646013
1689687000,519.64,535.1299,517.375,532.23,4094580
1689773400,534.48,539,526.0601,527.17,3383210
1689859800,522.03,528.31,514.085,516.88,3264482
1689946200,521.75,529.6851,519.28,520.23,8099521
1690205400,520,524.84,514.86,523.86,2261046
1690291800,519.42,526.88,517.92,525.34,2472108
1690378200,520.49,521.1,510.44,514.55,2918652
1690464600,523.16,527.9,511.24,513.97,2477246
1690551000,515.43,530.32,514.63,528.87,2810248
1690810200,541.87,552.94,541.87,546.17,4064689
1690896600,545.78,552.015,541.67,549.1,2277295
1690983000,539.32,539.99,526.5,530.3,2973101
1691069400,523,530.912,522.217,523.76,2187501
1691155800,526.74,535.63,522.12,526.88,2462880
1691415000,530,532.58,523.52,529.73,1777773
1691501400,523.99,524.5788,515.25,520.6,2626110
1691587800,520.55,520.97,509.53,513.78,1843778
1691674200,521.03,523.22,512.98,515.83,1901693
1691760600,510.83,514.9,506.37,508.45,1930647
1692019800,506.78,522.5549,505.03,522.25,2052509
1692106200,518.35,522.04,516.0593,518.7,1824324
1692192600,517.81,523.15,514.17,514.49,1541297
1692279000,525,525.49,510.56,511.67,2455834
1692365400,504.65,510.05,503.9,508.13,2140067
1692624600,510.29,522.98,510.29,520.47,2428287
1692711000,529.715,530,518.35,519.48,1496587
1692797400,522.73,535.25,519.24,530.71,2336856
1692883800,539,539.67,511.05,512.43,2950211
1692970200,514.92,528.43,514.465,525.06,2308269
1693229400,525.7,533.51,523.98,529.92,1684095
1693315800,527.7,541.97,526.1473,540.57,2166979
1693402200,540.1,546,536.09,545.36,1930271
1693488600,547,562.1,546.76,559.34,3919340
1693575000,564.8,569.98,558.517,563.21,2234067
1693920600,557.88,567.59,555.42,564.88,2349719
1694007000,560.45,564.06,555.85,561.94,2299883
1694093400,554,561.83,551.075,560.46,2089396
1694179800,568.9,570.2399,558.03,560.36,2265288
1694439000,562,565.4302,556.7,564.5,2083293
1694525400,555.63,559.0921,540.37,542.21,3961254
1694611800,557.02,559.85,546.43,553.56,3465169
1694698200,551.09,555.1948,544.34,552.16,4786850
1694784600,532.11,537.69,523.616,528.89,9774477
1695043800,524.23,533.98,522.18,532.42,2650669
1695130200,531.35,542.4,529.47,541.69,2386600
1695216600,541.69,548.85,535.73,535.78,2628934
1695303000,519.48,526.29,513.4,513.88,3846952
1695389400,513.09,518.15,508.83,512.9,2702856
1695648600,511.45,514.245,507.22,511.6,2219542
1695735000,510.14,510.14,502.01,506.3,2375405
1695821400,507.51,509.25,498.6955,502.6,3311103
1695907800,500,508.675,499.25,504.67,2720174
1695994200,505.44,518.58,505.44,509.9,2796314
1696253400,508.24,522.405,508.24,521.13,2411478
1696339800,517.52,520.49,504.55,507.03,2004074
1696426200,511.93,519.76,510.0001,518.42,2027195
1696512600,519.84,522.605,509.235,516.44,1818976
1696599000,513.22,531.31,509.52,526.68,2526306
1696858200,522,530,518.75,529.29,1713470
1696944600,530.91,537,530.4,532.72,2090863
1697031000,538.59,551.34,536.11,549.91,3307461
1697117400,553.7,574.4,552.23,559.63,4624024
1697203800,560,562.89,546.99,548.76,2834091
1697463000,553.18,555.57,545.6904,550.74,2179737
1697549400,545.41,560.8,543.34,560.09,2355261
1697635800,554.48,568.18,554.24,557.87,2614474
1697722200,560,567.1,553.47,555.74,2809290
1697808600,555.74,555.98,535.95,540.96,2729190
1698067800,535.81,548.025,531,540.41,2172607
1698154200,544.64,546,532.12,539.56,2358082
1698240600,533.56,534.46,517.63,521.14,2525960
1698327000,530,530.99,511.68,514.28,2876701
1698413400,517.5,519.8556,506.915,508.12,2985560
1698672600,516.11,530.75,512.24,526.94,2806930
1698759000,530.64,532.635,522.8101,532.06,2052270
1698845400,535,545.27,534,544.5,2644530
1698931800,550.44,559.355,550,558.71,2634829
1699018200,560,567.03,557.66,563.66,2066520
1699281000,566,567.88,558.175,565.45,2593386
1699367400,568.81,589,568.81,585.2,3993621
1699453800,589,595.665,581.07,585.31,3079173
1699540200,587.51,590.04,576.34,577.74,2336580
1699626600,580.49,598.135,576.005,597.22,3064510
1699885800,589.98,594.26,583.36,590.34,2505111
1699972200,601.56,613.705,599.04,604.33,2884917
1700058600,605,605.73,591.79,595.31,3088889
1700145000,595.45,605.27,592.14,602.06,2040415
1700231400,602.07,605.0499,597.02,602.66,1969358
1700490600,605.31,614.2,604.5,612.7,2394373
1700577000,610.63,615.565,607.0301,610.99,1906155
1700663400,616.63,624.38,614.0101,619.72,2064968
1700836200,616.26,619.44,613.6,619.43,942673
1701095400,618.8,625.8341,614.57,619.27,1854409
1701181800,613.975,625.6,612.26,623.32,2302913
1701268200,625.94,628.6,616.77,617.39,2595632
1701354600,620,621.48,605.07,611.01,3960309
1701441000,609.24,615.2,603.18,612.47,2490500
1701700200,604.91,608.29,596.21,604.56,2541501
1701786600,596.77,602.74,591.17,602.22,2577716
1701873000,608.06,608.5302,594.4867,595.7,2080429
1701959400,598.92,609.23,596.47,608.78,2605210
1702045800,605,610.23,601.3,610.01,2499653
1702305000,616.88,627.8195,614.34,625.2,3270609
1702391400,625.86,633.89,623,633.66,2968858
1702477800,630.41,632.445,618.0301,624.26,6188452
1702564200,593,593.16,578.3,584.64,11315347
1702650600,580.6,591.66,578.2,584.68,8666491
1702909800,591.52,603.1337,586.62,599.13,5452047
1702996200,600,612.705,598.08,604.64,4150712
1703082600,600.71,610.68,595.07,596.06,2587339
1703169000,603,607.4006,594.82,600.14,3192763
1703255400,600.8,601.86,596,598.75,1660631
1703601000,598.92,601.69,596.5,598.26,1595053
1703687400,598.6,599.79,593.71,596.08,1394905
1703773800,597.44,599.04,593.6301,595.52,1702553
1703860200,596.09,600.75,592.94,596.6,1890231
1704205800,589.51,590.44,576.755,580.07,2840192
1704292200,574.58,577.305,570.19,571.79,2478008
1704378600,570.99,572.91,566.66,567.05,2092099
1704465000,563.5,569.52,563.34,564.6,1923240
1704724200,567.87,581.51,567.87,580.55,2829955
1704810600,578.33,588.2,577.28,586.2,1926919
1704897000,585.43,593.65,585.43,591.03,2135690
1704983400,592,597.84,584.52,597.49,2331830
1705069800,598.39,599.38,593.0177,596.54,1472167
1705415400,592.83,597.76,588.34,597.68,2126096
1705501800,591.99,596.75,582.44,596.1,2588293
1705588200,586.9,596.89,584.21,593.7,2793610
1705674600,593.81,612.07,589.13,611.55,3755338
1705933800,615,620.96,603.15,603.59,4488000
1706020200,602.21,604.32,591.34,597.18,2723463
1706106600,601.71,616.95,597.46,606.48,2999032
1706193000,615.42,627.06,612.24,622.58,3806205
1706279400,620.7,622.5,613,613.93,2137831
1706538600,615.71,636.25,615.71,630.23,3212187
1706625000,630,630.47,620.89,627.96,2007432
1706711400,620,625.93,612.17,617.78,2666775
1706797800,619,628.8,618.775,627.91,1687613
1706884200,624.79,638.25,617.01,634.76,2542763
1707143400,633.03,634.5899,624.54,630.5,2131245
1707229800,625.58,626.46,604.67,607.14,3436244
1707316200,613.25,620.42,610.15,615.85,2313824
1707402600,615.85,621.34,612.51,615.86,1815682
1707489000,616,628.07,615.805,627.21,2091353
1707748200,626,626.345,611.575,611.84,2317239
1707834600,596.7,608.39,590,601.89,2985238
1707921000,605.85,610.33,602.5,604.66,1615119
1708007400,606,607.3158,589.77,590.44,3677358
1708093800,589.9,590.1383,546.37,546.66,10328353
1708439400,531.495,545.88,528.01,541.91,6567568
1708525800,539.76,542.5699,529.3675,538.52,4493535
1708612200,553.94,555.5499,534.56,537.57,5023397
1708698600,543.49,557.18,541.48,553.44,4546484
1708957800,556.56,570.6,556.56,560.48,4251153
1709044200,565.91,565.91,548.54,552.49,3247572
1709130600,552,557.2,549.7601,551.82,2313223
1709217000,554.89,561.94,553.23,560.28,3844366
1709303400,561.11,572.89,560.67,570.93,2968098
1709562600,572.85,576.245,564.1,567.94,2556419
1709649000,562.6,564.19,539.35,544.84,4286834
1709735400,548,550.64,538.15,543.09,3209766
1709821800,550,558.38,541.59,556.04,2660544
1709908200,553,560.44,550.5114,551.69,2833180
1710163800,552.45,562.69,551.02,560.42,2857791
1710250200,568.6,579.79,562.6,579.14,3469161
1710336600,579.06,585.35,573.41,573.55,3466022
1710423000,578,579.54,568.76,570.45,5908117
1710509400,499.64,503.1263,485,492.46,19580838
1710768600,495.55,515.7299,495.55,513.86,7052677
1710855000,509.89,522.68,508.99,521.19,7081796
1710941400,523.29,523.87,512.5,519.14,4239557
1711027800,517.6,519.725,506.2,511.25,5206580
1711114200,509.07,511.59,496.67,499.52,5413647
1711373400,496.79,510.63,496.69,507.23,4277036
1711459800,508.06,512.79,503.59,507.6,2813329
1711546200,515.47,516.86,499.7,504.4,4228415
1711632600,508.12,509,500.26,504.6,3897003
1711978200,504.99,506.92,499.31,502.09,2056030
1712064600,494.403,500.75,491.34,499.21,3083273
1712151000,497.36,498.86,494.71,497.01,2604428
1712237400,503.56,504.11,486.7,487.11,3403327
1712323800,488.84,490.09,481.28,485.12,4972655
1712583000,484.78,486.98,477.23,484.28,3439211
1712669400,486,493.31,483.31,492.55,2548566
1712755800,489.39,491.765,480.28,487.22,2487870
1712842200,487.36,488.67,479.74,484.28,2978539
1712928600,477.95,478.78,468.6,474.09,5621945
1713187800,477.02,478.52,468.35,470.1,3353225
1713274200,470,478.98,468.49,476.22,2660097
1713360600,477.31,481.02,472.685,474.45,2034793
1713447000,476.76,477.605,471.825,473.18,2389742
1713533400,476.54,476.58,463.0901,465.02,3282142
1713792600,470.215,471.5,462.28,466.89,2604256
1713879000,469.72,474.81,467.83,472.9,2205836
1713965400,472.94,478.57,471.7283,477.12,2338044
1714051800,468.41,474.5042,465.78,473.44,2250913
1714138200,472.31,482.79,471.685,477.56,2460261
1714397400,478.04,481.677,471.07,473.07,2954736
1714483800,472,475.42,462.46,462.83,3222618
1714570200,461.12,477.76,460.36,469.39,2490171
1714656600,474.3,477.155,468.2994,476.57,2516422
1714743000,482.27,487.49,477.565,486.18,2833186
1715002200,490.1,495.44,488,493.59,2104030
1715088600,492.51,496.755,489.14,492.27,2518346
1715175000,489.97,495.81,486.92,488.1,2165021
1715261400,489.41,490.4364,481.65,482.65,2301635
1715347800,483.5,489.48,480.3,482.29,2741116
1715607000,486.24,490.1599,481.71,483.11,2458192
1715693400,480.41,481.8,466.48,475.95,4287846
1715779800,480.76,489.61,476.61,485.35,3491638
1715866200,484.7,486.23,481.385,482.88,2562865
1715952600,483.32,485.88,481.52,483.43,2261147
1716211800,483,485.37,478.32,484.69,1881117
1716298200,481.19,487.5,477.12,481.85,1915797
1716384600,483.97,485.665,479.14,483.93,1875835
1716471000,488.38,491.68,478.69,483.31,2219854
1716557400,481.25,485.38,473.9,475.43,3085605
1716903000,473.01,478.67,469.6,478.43,2575270
1716989400,472.78,482.79,472.595,477.6,2214810
1717075800,464.9,466.82,444.84,445.87,5606896
1717162200,447.72,448.23,433.97,444.76,7487507
1717421400,447.58,449.84,436.58,439.02,3967669
1717507800,442.82,450.12,441.59,448.37,3183594
1717594200,449.19,458.6,448.37,455.8,3295029
1717680600,457.7,467.8515,456.87,458.13,3234970
1717767000,458.13,468.93,458.13,465.43,2684170
1718026200,453.84,462.23,451.51,459.94,3212350
1718112600,456.91,462.74,455.5,462.69,2723659
1718199000,470,471.12,459.16,459.87,3647447
1718285400,457.87,462.3899,453.5,458.74,8557963
1718371800,530.25,534.45,521.88,525.31,14846614
1718631000,525.51,525.94,505.38,518.74,7163820
1718717400,514.71,530.37,513.13,522.25,4225943
1718890200,527.665,533.23,520.4,522.95,5752373
1718976600,530.31,535,524.715,533.44,6614086
1719235800,532.1,534.58,523.48,524.17,3067824
1719322200,526.2,529.68,522.24,526.88,3144202
1719408600,528.58,530.66,526.01,528.66,2931667
1719495000,533.21,549.16,532.1,546.76,4734063
1719581400,549.7,558.48,548.01,555.54,5084543
1719840600,551.37,561.21,549.73,560.01,3070159
1719927000,560,570.14,560,567.71,3054491
1720013400,564.292,571.83,564.0001,570.15,1664373
1720186200,570.91,580.55,568.92,578.34,2808635
1720445400,573.18,576.745,563.92,575.4,3007422
1720531800,573.05,575.01,562.46,566.02,2169020
1720618200,564.71,566.93,558.21,564.55,2368443
1720704600,564,572.62,557.09,557.63,3191358
1720791000,555.1,562.49,552.315,559.05,2013985
1721050200,560.23,568.23,560.23,565.71,1887763
1721136600,564.6,570.1,562.08,566.54,1539875
1721223000,563.93,565,556.46,563.09,2316265
1721309400,564.18,564.26,556.07,556.85,2184657
1721395800,557.05,561.09,548.96,551,2601942
1721655000,558.65,560.19,552.7074,554.82,2391696
1721741400,556.49,557.249,544.44,546.01,2363881
1721827800,543.8,544.71,530.35,531.04,2630081
1721914200,536.8,542.28,527.59,532.15,2136496
1722000600,535.35,545.4999,533.33,542.44,2090007
1722259800,544.3,544.3,535.19,536.61,1590551
1722346200,541.85,543.67,530.9501,538.71,1566875
1722432600,547.05,555.55,543.77,551.65,2776002
1722519000,549.99,561.98,540.24,546.41,2075410
1722605400,535.78,536.84,519.68,526.17,2729113
1722864600,504.23,515.9,500,509.32,3432155
1722951000,513.69,519.16,509.01,514.2,2076327
1723037400,520.95,531.005,512.86,513.62,1663682
1723123800,520.59,531.07,519.56,530.24,2155115
1723210200,528.02,537.28,528.02,536.3,1272635
1723469400,536.04,538.08,525.77,530.93,1450410
1723555800,530.93,537.72,527.9,535.22,3063918
1723642200,536.62,542.9205,533.2,539.79,1915589
1723728600,545.19,557.22,545.01,554.16,2182382
1723815000,552.35,554.76,547.8,553.46,1541726
1724074200,550.59,563.77,550.59,563.12,1423293
1724160600,564.48,568.18,559.61,562.25,1219609
1724247000,562.13,566.6,557.91,565.79,1401708
1724333400,567.07,572,555.65,557.44,1627658
1724419800,565.45,566.52,552.5,558.3,2023465
1724679000,555.03,560.26,555.03,559.44,1387479
1724765400,554.4,569.52,554.3439,567.82,1404415
1724851800,568.22,569.59,557.67,560.54,1289699
1724938200,567.05,578.4,567.05,569.63,1955588
1725024600,572.2,575.65,568.2865,574.41,1982970
1725370200,576.3,586.695,566.79,571.04,2757929
1725456600,568.87,578.86,565.76,575.25,1615787
1725543000,570.75,573.39,562.53,567.93,1573571
1725629400,570.9,573.31,558,563.41,2096790
1725888600,567.69,574.57,564.44,569.88,1997121
1725975000,576.75,577.8,567.14,574.48,2030076
1726061400,573.01,581.24,559.35,580.38,2680977
1726147800,581.445,587.75,572.98,586.55,5605338
1726234200,532.565,540.27,526.6,536.87,10423510
1726493400,537.4,537.69,521.26,521.5,5248205
1726579800,524.29,527.0999,514.58,515.03,5164089
1726666200,517.01,517.58,506.4901,508.13,3997267
1726752600,518.81,527.48,518.02,526.44,3582532
1726839000,526.44,528.625,515.72,522.3,6100685
1727098200,525.71,532,524.955,527.87,2106995
1727184600,527.72,530.2999,521.71,524.07,2842054
1727271000,526.02,526.18,516.24,517.9,3211612
1727357400,520.51,521.355,512.11,515.38,3282437
1727443800,516.52,516.6799,512.3,515.48,2718323
1727703000,513.83,518.47,511.74,517.78,2588151
1727789400,517.45,519,502.5,502.8,3730026
1727875800,503.87,510.19,502.8201,505.81,1981848
1727962200,501.02,509.81,498.59,503.8,1921604
1728048600,507.29,508.56,503.5901,507.22,1949994
1728307800,503.96,504.87,486.4,487.3,4870534
1728394200,492.45,500,486.4,496.24,3551609
1728480600,495.88,495.88,492.32,494.08,2869417
1728567000,490.54,506.45,489.35,503.57,2775102
1728653400,504.78,507.9799,494.9,495.42,2992409
1728912600,501.8,514.26,500.41,509.65,3411497
1728999000,513.82,517.772,506.8,508.03,3605675
1729085400,506.39,506.84,500.25,502.54,1859116
1729171800,506.51,507.5,495.23,496.83,2769241
1729258200,491.29,499,491.0501,494.9,2011121
1729517400,494.6,500.6499,492.96,497.71,1679657
1729603800,496.43,497.34,488.36,493.11,2388721
1729690200,492,493.83,483.391,485.03,2021316
1729776600,486.63,488.47,480.06,482.87,2100308
1729863000,483.42,488.34,482.52,483.72,2426769
1730122200,487.65,488.49,480.48,481.04,2302255
1730208600,481.92,487.56,479.33,485.39,2089505
1730295000,482.24,492.2,482.24,486.68,2728573
1730381400,486,486.05,477.38,478.08,2978688
1730467800,475.41,485.16,475.05,482.8,2852008
1730730600,479.03,483.76,477.37,481.35,1955249
1730817000,483.09,486.659,480.47,486.42,1588149
1730903400,492.93,506.21,492.93,504.83,2969855
1730989800,510.655,510.655,495.3,500.92,2640295
1731076200,503.83,505,493.69,494.68,2856859
1731335400,493.6,507.72,493.6,504.48,3536599
1731421800,504.39,528.91,504.27,526.42,4125288
1731508200,523.79,539.92,520.59,532.5,3470174
1731594600,530.55,534.6399,523.46,529.87,3098800
1731681000,520.3,524.4999,498.81,503.37,4612417
1731940200,505,505.51,497.69,499.51,2259651
1732026600,496,502.41,495.46,499.61,1961731
1732113000,505.41,506.36,494.61,499.5,1874910
1732199400,502.1,508.57,493.1,504.44,2002094
1732285800,502.5,513.37,502.5,512.15,2287614
1732545000,519.09,523.2099,513.1935,518.73,3319992
1732631400,519.95,525.76,516.3601,525.3,2415735
1732717800,523.21,525.88,508.7161,513.68,2324217
1732890600,517.65,517.65,513.58,515.93,1450247
1733149800,512.85,518.77,511.53,516.2,2007213
1733236200,511.04,516.78,504.505,516.26,2119254
1733322600,523.02,541.77,521.005,536.49,3307041
1733409000,534.42,540.11,529.79,538.22,2629119
1733495400,544.15,554.37,542.9,552.96,2964064
1733754600,556.1,557.8999,546.1101,547.93,3588653
1733841000,547.35,552.83,544.22,547.05,2762875
1733927400,547.05,552.3,541.74,549.93,6690565
1734013800,487.5,494,470.9001,474.63,17344864
1734100200,473.98,474.91,456.8,465.69,11395512
1734359400,467.19,473.62,461.2,461.53,5807021
1734445800,460.59,465.856,452.48,455.23,7514489
1734532200,453.24,455.25,441.1,441.31,6511105
1734618600,443.41,449,437.11,437.39,6479517
1734705000,433.015,451.42,432.47,447.17,8220033
1734964200,447,451.4299,443.4201,446.74,3781194
1735050600,446.5,448.8653,442.5701,447.94,1685003
1735223400,445.85,452.34,444.68,450.16,2134310
1735309800,446.88,449.91,441.105,446.48,2947179
1735569000,442.94,447.6,438.57,445.8,3473172
1735655400,446.35,448.4999,442.81,444.68,2285132
1735828200,447.76,450.12,440.56,441,2507887
1735914600,429.445,433.2982,425.32,430.57,5619372
1736173800,431.88,436.4082,427.79,431.18,3994400
1736260200,431.37,435.18,420.51,422.63,4181405
1736346600,417.34,422.66,415.51,419.58,3508786
1736519400,410,413.1,405.32,405.92,5564262
1736778600,404.27,409.96,403.75,408.5,4558780
1736865000,407.25,412.75,405.0701,412.71,3577116
1736951400,421.7,423.97,415.66,417.28,4345781
1737037800,418.21,428.89,418,426.93,4185552
1737124200,434.345,435.99,425.7,429.99,4012745
1737469800,433.26,439.98,431.5,436.36,3833294
1737556200,438,439.73,433.43,437.32,3391642
1737642600,435.88,437.73,432.49,437.28,2716742
1737729000,437.28,441.8799,434.73,435.38,2631804
1737988200,430.23,445.4499,430.12,438.6,5086254
1738074600,436.27,445.805,431.64,442.84,5376392
1738161000,439.92,444.36,438.825,441.68,2997604
1738247400,439.67,448.42,439.23,446,3290128
1738333800,446.975,447.0095,435.83,437.45,4689083
1738593000,437.8,442.74,430.88,438.6,3348717
1738679400,435.43,443.58,434.26,440.23,2647701
1738765800,440.75,444.95,436.27,437.63,2938540
1738852200,437.63,439.96,434.35,435.4,2568120
1738938600,436.24,441,432.41,433.07,2693470
1739197800,439.25,453.37,439,451.1,3946729
1739284200,449,461.549,448.29,458.82,3256999
1739370600,458,463,451.3,462.76,3308534
1739457000,465.21,465.6999,457.03,459.22,2794395
1739543400,463.35,464.99,458,460.16,2622973
1739889000,462.65,464.33,453.07,464.11,2973775
1739975400,463.61,463.61,455.32,456.99,2965546
1740061800,457.44,461,451.57,454.69,2337598
1740148200,453.275,453.75,440.69,444.32,3375996
1740407400,445.11,446.28,440.91,444.42,2807937
1740493800,443.47,447.49,439.1738,443.41,2612652
1740580200,443.8,447.65,438.4,441.5,1947626
1740666600,441.79,444.57,436.82,437.19,2340232
1740753000,438.16,440.37,432.103,438.56,3936914
1741012200,440.65,448.09,438.21,440.72,2607694
1741098600,439.25,448.8159,434.7,446.03,2942168
1741185000,443.65,453.26,443.11,451.24,2406219
1741271400,444.73,452.19,441.1861,444.78,2732076
1741357800,442,452.51,440.99,449.4,3039466
1741613400,443.105,444.54,433.23,435.08,4001634
1741699800,432.88,441.33,431,433.66,3145227
1741786200,436.69,443.9,435.5,438.6,5515858
1741872600,405.27,405.77,374.5,377.84,14386637
1741959000,379.745,396.36,377.8,394.74,6134775
1742218200,394.115,399.94,387.13,399.34,4258533
1742304600,395.36,395.95,384.57,391.37,4297269
1742391000,394.1,395.26,387,387.89,4349931
1742477400,386.895,397.82,385.8025,389.61,4009500
1742563800,384.13,389.85,382.45,387.26,7607266
1742823000,392.47,396.86,391.3801,394.47,5223006
1742909400,393.57,404.32,392.99,403.64,3648552
1742995800,403,404.5,397.01,397.81,3426315
1743082200,397.44,401.4763,392.51,396.15,2729696
1743168600,393.89,396.92,384.755,385.71,3830307
1743427800,380,384.8,374.67,383.53,3960737
1743514200,381.13,384,375.53,383.2,3847766
1743600600,378.28,388,376.54,385.78,2859064
1743687000,371.875,376.01,366.29,367.25,5324421
1743773400,359,361.73,348.8,349.07,5867564
1744032600,335.54,358.36,332.01,340.7,7690909
1744119000,350.1,350.74,333.83,340,6650815
1744205400,338.74,365.72,333.43,364.64,7186274
1744291800,360.97,362.5,341.52,350.05,5694976
1744378200,351.44,353.1,342.35,352.47,3941817
1744637400,359.51,362.05,348.5,350.91,3285950
1744723800,351.05,356.49,349.185,350.38,3030407
1744810200,345,350.38,341.3101,344.19,3687874
1744896600,349.75,351.875,345.09,348.8,5229675
1745242200,344.565,346.68,338.64,343.22,3691241
1745328600,349.14,352.08,344.3687,349.91,3250424
1745415000,358.12,363,349.8,351.96,3167958
1745501400,353.59,361.12,353.245,360.91,3085149
1745587800,361.695,369.31,359.99,367.72,3499345
1745847000,368.05,370.99,364.58,368.62,3163425
1745933400,367.21,373.88,366.88,370.98,2198291
1746019800,366.87,376,363.56,374.98,3305481
1746106200,378.3,380.44,374.07,374.63,2848778
1746192600,380.09,383.5615,379.19,380.87,2340739
1746451800,379.29,384.54,378.4,381.06,2095559
1746538200,376.565,386.52,375.05,382.98,2970086
1746624600,384.7,387.83,380.945,384.97,2153771
1746711000,388.3,388.731,383.4,383.99,3383867
1746797400,386.18,388.77,382.33,383.28,2031324
1747056600,394.33,397.82,392.755,395.94,3157670
1747143000,395.9,399.67,394.71,397.4,2664142
1747229400,396.85,400.12,396.42,399.47,2409217
1747315800,399.35,404.85,399.35,404.69,2763813
1747402200,414.62,421.765,412.06,417.125,5391532
1747661400,413.53,421.27,413.1993,420.68,3007984
1747747800,417.87,419.13,414.29,417.61,2453377
1747834200,414.855,422.95,412.59,414.03,2495783
1747920600,412.51,417.8984,412.51,414.33,1889487
1748007000,409.11,411.45,407.15,407.69,2087674
1748352600,412.76,414.95,411.6,413.1,2680356
1748439000,413.81,416.37,411.42,412.23,2246508
1748525400,414,415.4203,410.47,413.36,1781393
1748611800,414.14,417.86,411.53,415.09,4231334
1748871000,408.88,410,396.73,403.4,4153688
1748957400,403.455,412.64,402.476,412.49,2737513
1749043800,411.54,415.94,410.08,413.91,1843425
1749130200,415,421.48,413.98,415.2,2276924
1749216600,417.54,419.645,415.28,416.92,2146908
1749475800,417.295,419,415.15,416.26,3034210
1749562200,416.605,419.82,414.42,416.06,2627431
1749648600,415.2,416.0432,410.42,412.84,3385416
1749735000,411.43,416.39,410.77,413.68,6313316
1749821400,392.5,399.85,383.75,391.68,10629682
1750080600,392.985,405,391.11,401.73,6798251
1750167000,397.275,399.67,381.8,382.68,6866253
1750253400,383.985,385.2729,377.54,378.04,4808869
1750426200,380.48,382.29,373.76,376.92,8126939
1750685400,377.59,380.21,374.24,380.12,3841754
1750771800,384.96,385,378.51,382.34,4797074
1750858200,383.6,388.05,382,387.55,3718763
1750944600,387.2,389.985,382.87,384.95,3139666
1751031000,385.44,390.31,384.405,385.83,5083803
1751290200,387.3,390.98,384.63,386.88,4645498
1751376600,385.1,392.58,381.5172,392.1,4516381
1751463000,384.64,386.88,372.73,378.47,6912202
1751549400,378,383.2,377.8,379.31,2863680
1751895000,378.9,382.22,375.52,376.93,3545108
1751981400,378.5,386.6011,377.18,382.24,3708199
1752067800,383.5,384.7451,370.91,373.38,4726562
1752154200,371.99,373.5,365.51,371.43,4023925
1752240600,368,371.15,362.7,363.35,3548721
1752499800,363.185,367.68,360.18,366.99,2898705
1752586200,367,368.32,363.88,364.18,2550992
1752672600,364.585,365.5524,358.71,361.77,3592883
1752759000,360.6,366.96,359.28,366.45,3340455
1752845400,367.065,367.79,364,365.79,2459234
1753104600,366.49,368.28,363.13,367.68,2770433
1753191000,368,374.5,368,372.87,2448998
1753277400,373.49,373.99,369.26,372.46,1994599
1753363800,371.9,375.9974,370.61,371.69,2692132
1753450200,372.31,372.405,369.51,370.74,2053161
1753709400,371.03,372.59,368.72,369.47,2984225
1753795800,370.45,376.16,369.7101,370.7,4234200
1753882200,370.68,370.72,363.48,364,3295204
1753968600,362.26,362.5,354.27,357.69,4513089
1754055000,355.95,356.29,347.46,347.8,4307890
1754314200,351.16,351.21,338.04,338.85,6449344
1754400600,339.305,342.735,337.35,338.74,3908970
1754487000,341.65,345.66,339.19,345.62,3347165
1754573400,344.04,347.38,332.65,338.27,4661824
1754659800,338.675,341.5684,336.37,341.05,3507764
1754919000,334.53,343.4035,332.465,333.65,4366242
1755005400,333.52,338.76,330.04,338.43,3572414
1755091800,339.54,351.76,337.55,351.07,4375105
1755178200,349.5,351.5599,346.1,348.58,3745646
1755264600,348.33,357.29,348,354.85,3718652
1755523800,355.68,358.39,353,357.24,2922973
1755610200,359.215,364.24,358.12,361.03,2808040
1755696600,361.68,363,353.2,353.43,3727897
1755783000,349.91,353.82,347,353.43,2363230
1755869400,355.8,362.65,354,362.09,3058636
1756128600,362.56,364.65,361.4,363.21,2259516
1756215000,363.03,363.23,353.695,354.91,4067395
1756301400,355.98,360.37,355.16,356.35,2353776
1756387800,357.63,358.26,349.11,353.96,3803095
1756474200,353.995,357.25,352.455,356.7,2639259
1756819800,350.24,352.7131,341.28,345.63,4229423
1756906200,345.72,348.51,343.36,348.5,3035328
1756992600,342.24,344.405,331.5,344.31,4918293
1757079000,345.805,354.67,345.1013,348.97,4662587
1757338200,348.855,358.82,343.59,358.66,5043305
1757424600,362.75,362.75,353.03,354.06,4324857
1757511000,356.29,359.19,348.12,350.16,4552514
1757597400,354.685,355.25,347.16,350.55,11804184
1757683800,361.1,366.5,341.61,349.36,14146624
1757943000,350.5,358,345.05,347.1,6768570
1758029400,350.155,356.94,348.3173,352.73,6696990
1758115800,353.18,365,353.18,362.07,6449922
1758202200,366.86,370.86,365.85,367.46,4752377
1758288600,368.94,370.31,362.54,365.9,7693030
1758547800,364.16,365.38,359.36,364.08,4709584
1758634200,364.175,368.73,361.295,361.78,3831134
1758720600,355.595,355.595,347.8,353.27,6140007
1758807000,351.91,357,351.5,354.16,3336731
1758893400,353.71,360.715,352.775,360.37,3072990
1759152600,362.04,363.17,358.8,359.42,4075860
1759239000,360.54,362,349.9024,352.75,5360695
1759325400,347.16,349.8299,340.05,343.72,6505709
1759411800,343.76,351.73,342.42,351.48,3955434
1759498200,352,352.5926,346.305,346.74,3122111
1759757400,346.93,357.34,342.04,350.14,5340202
1759843800,352.59,353.33,344.24,348.31,3275506
1759930200,350,354.05,347.52,348.77,3285027
1760016600,349.77,350.6,344.3,347.47,2895504
1760103000,347.91,348.72,336.94,337.51,4282397
1760362200,339.25,340.2765,335.61,339.32,3020060
1760448600,335.22,338.82,332.72,335.94,3036889
1760535000,335.42,335.6,329.205,330.63,3929948
1760621400,333.86,336.65,327.5,329.23,4570870
1760707800,327.745,335.1,327.7,333.26,4035035
1760967000,334.64,344.2,334.25,343.4,3903166
1761053400,343.59,358.37,343.32,357.55,4389672
1761139800,355.48,360.19,352.8701,354.09,3436003
1761226200,352.51,354.35,348.71,354.12,2408077
1761312600,357.21,358.1,353.29,353.52,2016850
1761571800,355.57,358.56,352.4135,357.8,2828152
1761658200,360,363.7,357.8,359.91,3005594
1761744600,355.515,355.515,337.05,337.86,6746464
1761831000,338.2,344.6951,333.1,339.24,4373224
1761917400,338.7,341.26,336.8,340.31,3763381
1762180200,340.31,342.46,332.88,337.47,3916593
1762266600,335.02,340.55,332.81,335.35,3694266
1762353000,332.61,336.84,331.24,335.53,2646694
1762439400,333,333.2,324.55,327.35,3888696
1762525800,325.83,331.01,323.0329,326.95,4112574
1762785000,328,329.9576,325,328.85,3086999
1762871400,329.5,334,329.13,333.22,2827150
1762957800,333.61,338.4,333.1752,337.05,2990154
1763044200,335.01,340,332.795,333.6,3084558
1763130600,332.91,333.75,328.59,331.11,2761396
1763389800,331.105,332.38,324.43,325.07,3299999
1763476200,323.78,326.64,320.8,324.47,3286395
1763562600,323.175,323.36,315.175,318.11,3738436
1763649000,318.87,323.1847,312.09,312.4,3884778
1763735400,313.565,327.75,311.585,324.19,4825412
1763994600,325,325.77,318.34,318.73,5414378
1764081000,317.77,321.52,315.57,319.55,3765001
1764167400,319.2,321.67,316.1,317.52,3024994
1764340200,317.8,322.31,317.52,320.13,1802225
1764599400,316.39,326.14,316.11,322.85,3651321
1764685800,321.62,325.96,318.08,322.81,3959502
1764772200,321.98,326.99,320.63,326.78,3082184
1764858600,328.57,330.89,324.12,328.73,3592313
1764945000,330.6,348.59,329.71,346.26,7650368
1765204200,347.445,348.4799,338.06,339.12,4293603
1765290600,341.4,347.775,338.48,344.32,4267653
1765377000,342.125,347.92,340.565,343.13,6789914
1765463400,341.645,357,333.79,350.43,10158661
1765549800,351.54,362.71,349.0901,356.43,5483921
1765809000,352.6,355,343.88,351.15,5480102
1765895400,350,355.86,345.4301,347.89,4118161
1765981800,347.89,357.8,347.8025,354.66,4371591
1766068200,355.87,358.34,351.3636,355.81,3352747
1766154600,355.525,357.55,351.59,355.86,8706340
1766413800,355.59,359.5706,354.7,357.53,2960799
1766500200,357.47,359.6699,350.58,352.42,3052537
1766586600,352.21,354.75,351.11,352.98,1166487
1766759400,352.5,356.23,352.2819,353.8,1455122
1767018600,353.37,356.68,351.16,353.16,2794007
1767105000,352.03,355.2699,350.009,352.51,2252633
1767191400,351.01,352.88,349.69,349.99,2116207
1767364200,350.675,351.12,331.64,333.3,5643504
1767623400,330.11,334.47,327.44,331.56,5012050
1767709800,330,336.4,329.5,335.99,3187432
1767796200,336.24,342.78,334.6226,338.1,3183059
1767882600,337.38,343.95,334.675,339.04,3107661
1767969000,335.875,335.875,328,333.95,3250098
1768228200,327.77,330.67,323.5,327.65,3541399
1768314600,322.49,323,307.91,309.93,7217338
1768401000,308.57,309.73,302.47,304.44,5712622
1768487400,304.97,305.82,301.4,304.09,4774251
1768573800,304.56,304.88,295.42,296.12,8534411
1768919400,294.32,295,288.33,290.37,6962010
1769005800,290.765,294.51,288.33,294.23,5645285
1769092200,296,301.82,295.2,299.73,4974504
1769178600,301.46,303.84,299.2,301.07,4368651
1769437800,301.4,306.3,301.4,304.72,4115294
1769524200,303.81,304.215,292.93,297.42,4166284
1769610600,299.66,303.85,297.685,299.58,3942771
1769697000,291.68,293.635,284.6,291.65,7410759
1769783400,291.6,295.34,290.51,293.25,5713026
1770042600,297.01,299.38,290.93,293.38,4357004
1770129000,282.74,284.34,271.02,271.93,8324923
1770215400,267.23,282.8999,264.04,279.71,8554186
1770301800,277.49,281.95,268.43,269.39,6293553
1770388200,271.675,275,265.31,268.38,5448423
1770647400,267.05,269.2,262.949,266.9,6576297
1770733800,266.69,270.79,263.98,264.67,5718574
1770820200,263.075,264.2,255.71,257.16,8759941
1770906600,258.36,262.67,251.1001,262.5,8656974
1770993000,262.17,265.29,257.5,263.97,6589694
1771338600,265.235,269.128,255.839,260.45,5208323
1771425000,260.45,263.5,257.14,263.17,5033238
1771511400,263.38,265.55,257.41,259.21,3616213
1771597800,255,262.08,254.36,258.61,6590752
1771857000,254.14,254.5,244.8,246.68,7602386
1771943400,245.57,258.25,244.28,255.17,5529146
1772029800,253.33,257.99,250.7,257.81,5108563
1772116200,261.59,263.67,256.595,259.04,6208147
1772202600,254.02,262.75,253.06,262.41,5098206
1772461800,257.6,264.22,257.06,260.88,3486901
1772548200,260.05,272.825,260.05,270.99,6206582
1772634600,271.51,276.67,270.34,273.12,4329153
1772721000,275.4,285.36,275.4,281.74,5822261
1772807400,280.28,283.85,276.05,283.62,4802278
1773063000,281.32,285.2,277.9,282.44,4728359
1773149400,281.82,282.395,268.37,275.13,4591633
1773235800,277.93,280.375,269.25,273.705,4862412
1773322200,273.35,276.28,269.2,269.78,10894990
1773408600,249,256.7,247.16,249.32,17406382
1773667800,248.25,256.37,244.55,251.86,11679171
1773754200,252.99,258.91,252.14,254.2,6456240
1773840600,252.46,254.49,245.18,246,7305642
1773927000,246.96,250.4,244.27,245.99,4459828
1774013400,242.8,249.0899,241,248.15,10467284
1774272600,248.945,251.0175,246.22,247.64,4080460
1774359000,245.91,246.2,237.38,238.87,6268313
1774445400,241.2,243.58,233.79,237.25,5441648
1774531800,234.92,243.95,234.28,240.88,4715277
1774618200,239.7875,239.7875,233.155,234.84,4429433
1774877400,236.78,243.282,236.725,241.13,4410159
1774963800,241.67,244.03,239.51,243.08,4575911
1775050200,241.96,243.48,235,241.37,3746693
1775136600,242.46,245.01,237.72,242.92,3588792
1775482200,242.84,246.7,240.23,244.355,2757702
1775568600,244.17,244.77,238.72,240.14,3331009
1775655000,244.3,247.4391,237.99,239.31,4040080
1775741400,235.6,236.3,227.7,229.94,6802449
1775827800,229.9,231.0367,224.13,225.35,5889240
1776087000,227.14,240.19,226.5,240.11,6115751
1776173400,241.99,244.01,233,235.72,6307478
1776259800,241.17,245.9291,239.2,244.66,4749594
1776346200,253.05,254.51,245.78,248.155,5229487
1776432600,254.08,254.08,243.5,244.45,6194232
1776691800,249.49,251.63,245.34,248.63,5249971
1776778200,247,254.745,245.1,247.18,5779652
1776864600,254.8,258.75,251.9,255.94,7111008
1776951000,244.88,246.54,233.515,238.98,9616953
1777037400,239.77,245.66,238.42,245.44,6492913
1777296600,240.77,245.882,239.11,239.31,5067713
1777383000,242.13,245.26,241.16,243.2,4641728
1777469400,240.97,243.615,238.67,243.57,2664518
1777555800,240.1,246.68,236.28,246.1,5129117
1777642200,252,253.56,244.1,250.71,5068506
1777901400,249.99,255.88,247.34,253.96,5536893
1777987800,254,256.6192,248.49,255.62,3952461
1778074200,252.02,254.4,248.28,250.17,4452125
1778160600,254.77,259.44,252.88,256.51,4479879
1778247000,252.9,253.37,246.1,253.04,3667468
1778506200,250.53,255.41,244.691,246.15,3225788
1778592600,247.002,247.58,240.4,240.83,3234045
1778679000,238.54,239.08,232.84,236.07,3870192
1778765400,236.24,238.24,231.74,237.01,4991667
1778851800,241.76,248.57,240.26,247.6,6421209
1779111000,247.31,256.19,245.24,255.64,5591752
1779197400,263.33,265.09,251.81,254.99,5854359
1779283800,250.275,253.69,246.2124,253.37,4789627
1779370200,246.45,247.95,242.11,244.1,4130996
1779456600,245.89,249.77,242.71,244.76,3783400
1779802200,242.57,243.57,238.57,240.49,3217536
1779888600,237.76,244.24,237.28,238.24,3408880
1779975000,239.57,244.76,236.66,241.44,3396017
1780061400,245.23,260.63,244.662,259.21,10808921
1780320600,270,275.44,262.3,274.03,8535314
1780407000,267.98,272.03,260.05,262.11,5821801
1780493400,259.39,260,252.34,256.24,4871308
1780579800,263.02,265.94,258.33,258.42,5161943
1780666200,259.28,262.53,249.05,251.44,4909175
1780925400,249.06,250.74,244.25,244.99,4728032
1781011800,242.975,245.25,233.33,237.88,6747403
1781098200,233.015,238.51,231.74,233.38,5176916
1781184600,229.92,232.5,218.09,218.8,17786876
1781271000,202.4,205.65,196.9,204.02,25063668
1781530200,206.88,211.99,205.7175,206.36,9676899
1781616600,205.38,210.798,203.84,207.32,7214557
1781703000,204.02,206.4999,195.02,196.28,10731469
1781789400,193.6,196.78,190.12,195.16,15852478
1782135000,193.393,199.25,191.2,194.9,8282579
1782221400,197.96,200.55,195.35,197.43,6910453
1782307800,195.885,202.41,195.1,196.57,6947366
1782394200,193,199.299,191.8,193.41,6962337
1782480600,195.48,203.48,195.29,202.73,9172074
1782739800,206.665,209.54,204.34,206.43,7527269
1782826200,204.095,205.6,201.31,205.02,6269459
1782912600,209.425,213.66,207.06,210.98,5863760
1782999000,215.55,222.15,213.735,219.72,7907502
1783344600,216.1,219.76,212.9,218.07,4800154
1783431000,221.16,230.74,220.29,221.54,8615002
1783517400,221.39,222.5,216.927,220.94,4508412
1783603800,214.115,222.71,213.09,222.65,4552937
1783690200,226.5,228.4,222.82,223.64,3206786
1783949400,226.75,232.08,225,230.61,4623962
1784035800,221.16,224.2,218,220.78,5823430
1784122200,223.16,231.525,222.91,224.56,4771436
1784208600,228.705,235.48,222.042,235.31,5787325
1784295000,235.26,240.15,232.36,237.25,7269910
1784554200,235.67,236.66,227.5,234.74,5123677
1784640600,222.85,231.5,222.3,227.16,5060612
1784727000,229.66,229.66,218,218.36,4361285
1784813400,222.18,222.75,210.875,212.17,4363216
1784899800,216.495,226.93,216.15,225.11,4719923
1785159000,230.39,242.05,229.79,237.75,5543598
1785245400,242.85,254.06,241.6946,249.18,8098747
1785331800,249.99,266.28,248.54,263.43,9881783
1785418200,251.5,255.3,242.42,247.9,6876993
1785504600,244.73,250.71,241.23,250.41,5589512
1785763800,258.245,262.15,251.17,251.34,4293791
1785850200,248.67,258.54,245.46,257.49,4202988
1785936600,260.07,261.005,255.555,259.32,4285520
1786023000,252.225,260.64,250.84,260.24,4700554
1786109400,262.82,270.16,261.29,265.21,4752642
1786368600,263.055,273.13,262.14,272.96,4052624
1786455000,270.48,272.225,262.68,263.71,4675172
1786541400,258.45,263.26,255.1,258.75,4191713
1786627800,261.605,271.88,255.85,270.49,5201571
1786714200,273.22,273.4,261.67,264.02,2876275
1786973400,259.9,261.65,251.2001,254.04,3871095
1787059800,259.83,267.39,258.19,263.14,4774075
1787146200,262.19,275.7999,261.67,272.47,5541782
1787232600,272.725,274.25,269.66,272.22,2631358
1787319000,272.37,277.0995,269.915,275.3,4346427
1787578200,275,279,273.245,276.27,3598911
1787664600,270.755,275.91,269.28,273.92,3140195
1787751000,265.19,274.6,265.035,273.47,3635877
1787837400,279.16,291.175,278.37,289.15,6525257
1787923800,288.215,294.0865,286.52,291.52,3650841
1788183000,287.65,294.13,286.26,292.79,5214252
1788269400,288.26,294.53,285.48,286.08,4454523
1788355800,283.5,287.49,279.425,279.79,3857183
1788442200,285.48,292.88,283.8432,285.75,3548252
1788528600,274.47,275.91,263.93,266.51,6644829
1788874200,262.805,262.805,254.25,257.26,5491058
1788960600,258.125,259.43,254.4,254.86,4165480
1789047000,251.81,255,247.19,248.83,10397169
1789133400,242.17,255.3,241.51,252.23,10780432
