t,o,h,l,c,v
1412688600,15.9715,16.1,15.8335,15.849,47313960.00000001
1412775000,15.829,16.2055,15.707,16.135,69179200
1412861400,16.0745,16.11355,15.726,15.7685,71789280
1412947800,15.701,15.8885,15.569,15.5695,73686280
1413207000,15.4935,15.66,15.1735,15.3225,87397000
1413293400,15.4,15.612,15.2875,15.4155,67716180
1413379800,15.2175,15.395,14.9551,15.2985,106965080.00000001
1413466200,14.6915,15.341,14.6915,15.143,94637320.00000001
1413552600,15.3575,15.46,15.136,15.182,88184360
1413811800,15.1475,15.3265,15.101,15.3105,64789799.99999999
1413898200,15.495,15.782,15.3535,15.7665,71267020
1413984600,15.7715,15.949,15.632,15.6485,62600979.99999999
1414071000,15.67,15.84,15.57,15.659,180763860.00000003
1414157400,14.22,14.6905,14.2,14.353,396118220.00000006
1414416600,14.285,14.521,14.251,14.4985,119011879.99999999
1414503000,14.488,14.9,14.488,14.7795,111532920.00000001
1414589400,14.9555,14.9805,14.653505,14.706,97665180.00000001
1414675800,14.699,14.987,14.618,14.9535,81103100
1414762200,15.2575,15.286,15.075,15.273,91035900.00000001
1415025000,15.312,15.4005,15.162,15.286,64882999.99999999
1415111400,15.1995,15.2125,15.0085,15.1405,68547680
1415197800,15.1505,15.2,14.708,14.826,93489840.00000001
1415284200,14.8345,14.85,14.6145,14.832,75162420
1415370600,14.891,14.9995,14.8145,14.993,52947040.00000001
1415629800,15,15.28995,15,15.2555,56181119.99999999
1415716200,15.297,15.619,15.1823,15.6005,76146660
1415802600,15.5375,15.629,15.4395,15.5755,43659640
1415889000,15.6,15.8945,15.5755,15.824,73728560
1415975400,15.856,16.644,15.82005,16.391,177555700
1416234600,16.322,16.4,15.9015,16.1525,95698660.00000001
1416321000,16.1995,16.478,16.1625,16.2465,71023220
1416407400,16.3625,16.42,16.201,16.327,65632279.99999999
1416493800,16.2,16.6335,16.1665,16.527,68734420
1416580200,16.771,16.9165,16.5735,16.6315,89331740
1416839400,16.739,16.8695,16.68,16.782,55083720.00000001
1416925800,16.7635,16.816625,16.564,16.752,51299780.00000001
1417012200,16.689,16.7325,16.5875,16.6785,39718980
1417185000,16.8015,17.063,16.8015,16.932,61035959.99999999
1417444200,16.906,17.032,16.2965,16.3,98897220.00000001
1417530600,16.375,16.3965,16.1625,16.3155,55805140.00000001
1417617000,16.2865,16.3385,15.718,15.825,113798079.99999999
1417703400,15.7765,15.9295,15.6735,15.8465,65932839.99999999
1417789800,15.84,15.8465,15.542,15.6315,65304279.99999999
1418049000,15.5785,15.828,15.24105,15.332,72783600
1418135400,15.1495,15.68195,15.057,15.625,80990120
1418221800,15.6,15.6595,15.234,15.292,64917799.99999999
1418308200,15.3945,15.632,15.3005,15.368,65458379.99999999
1418394600,15.1995,15.531995,15.1505,15.366,63246439.99999999
1418653800,15.4435,15.543,15.1075,15.3035,76831540
1418740200,15.2175,15.2245,14.7505,14.753,130025039.99999999
1418826600,14.8185,14.9835,14.6515,14.944,88670100
1418913000,15.2005,15.225,14.6625,14.8865,154761340
1418999400,14.8455,15.077,14.776,14.995,174182580
1419258600,15.097,15.368,15.097,15.327,80076540
1419345000,15.349,15.3745,15.1626,15.31425,54367180.00000001
1419431400,15.319,15.35,15.14375,15.1515,30362140
1419604200,15.25,15.538995,15.1905,15.4545,57876019.99999999
1419863400,15.3925,15.7135,15.329,15.602,60180919.99999999
1419949800,15.4955,15.697,15.467,15.515,41860460
1420036200,15.5775,15.649,15.5005,15.5175,41155320
1420209000,15.629,15.7375,15.348005,15.426,55762020.00000001
1420468200,15.3505,15.419,15.0425,15.1095,55484620.00000001
1420554600,15.112,15.15,14.619,14.7645,70380680
1420641000,14.875,15.064,14.7665,14.921,52806980.00000001
1420727400,15.016,15.157,14.8055,15.023,61767959.99999999
1420813800,15.074,15.1435,14.834,14.8465,51847200.00000001
1421073000,14.878,14.9255,14.46405,14.5705,68427840
1421159400,14.874,15.07488,14.6615,14.737,82728840
1421245800,14.5965,14.7955,14.32515,14.6635,110773320.00000001
1421332200,14.7,14.799975,14.34075,14.3475,88383920
1421418600,14.314,14.5395,14.2625,14.537,69563520
1421764200,14.6295,14.667995,14.3195,14.472,61501619.99999999
1421850600,14.482,15.3,14.363,14.8625,201301520.00000003
1421937000,15,15.6125,15,15.516,107252800.00000001
1422023400,15.404,15.8465,15.386,15.6195,89928380.00000001
1422282600,15.591,15.65,15.376005,15.483,63393299.99999999
1422369000,15.315,15.51215,15.13125,15.3375,58406299.99999999
1422455400,15.4905,15.5755,15.19,15.1955,61275479.99999999
1422541800,15.2365,15.64,14.9665,15.589,173131340
1422628200,17.316,17.975,17.037,17.7265,477121199.99999994
1422887400,17.5025,18.25,17.5005,18.2235,204638280.00000003
1422973800,18.0145,18.39085,18.0105,18.1775,124251299.99999999
1423060200,17.919,18.375,17.9115,18.2375,83398540
1423146600,18.3,18.94,18.295,18.6945,144952100
1423233000,18.7435,18.799495,18.5505,18.714,77847640
1423492200,18.55,18.7205,18.36,18.528,54492600.00000001
1423578600,18.5595,18.715,18.4255,18.64975,45744640.00000001
1423665000,18.5615,18.855,18.555,18.757,55730460.00000001
1423751400,18.755,18.9255,18.6575,18.8585,55821000.00000001
1423837800,18.9205,19.15,18.8505,19.0915,69501380
1424183400,18.886,18.99925,18.6335,18.7715,73464160
1424269800,18.689,18.837,18.6425,18.6685,53012200.00000001
1424356200,18.6745,19.094,18.6715,18.94975,59075039.99999999
1424442600,18.931,19.185,18.792,19.183,65160459.99999999
1424701800,19.172,19.227,18.9,19.007,43539780
1424788200,18.9325,19.024,18.808,18.9295,38437000
1424874600,18.8635,19.3925,18.827,19.2685,63489899.99999999
1424961000,19.2035,19.4685,19.164,19.24,53742140.00000001
1425047400,19.2,19.2995,18.9895,19.008,50646180.00000001
1425306600,19.0425,19.295,18.97405,19.28275,42784100
1425393000,19.1975,19.305,19.08005,19.2305,38929960
1425479400,19.2855,19.395,19.1095,19.136,45182820.00000001
1425565800,19.2805,19.42091,19.1945,19.3915,53870360.00000001
1425652200,19.276,19.35,18.944,19.0045,52540840.00000001
1425907800,18.92,18.9665,18.764,18.928,46227800.00000001
1425994200,18.8725,18.8885,18.459,18.4755,62419439.99999999
1426080600,18.5305,18.6675,18.313,18.3185,49901940.00000001
1426167000,18.441,18.775,18.376,18.712,56200019.99999999
1426253400,18.576,18.6995,18.334,18.529,52233160.00000001
1426512600,18.519,18.697,18.336,18.6675,47081180.00000001
1426599000,18.5555,18.725,18.482,18.596,40739220
1426685400,18.4985,18.7995,18.335,18.75675,53082700.00000001
1426771800,18.6935,18.8555,18.6095,18.662,38313420
1426858200,18.8145,18.9685,18.796,18.9245,75271060
1427117400,18.9035,19.0885,18.747,18.7555,44786860.00000001
1427203800,18.6995,18.762,18.6135,18.7045,44564280
1427290200,18.7585,19.025,18.51425,18.548,68589940
1427376600,18.4795,18.57,18.2825,18.3675,58599239.99999999
1427463000,18.3555,18.6585,18.32867,18.528,52195480.00000001
1427722200,18.5935,18.806,18.5775,18.7295,36418660
1427808600,18.662,18.885,18.5755,18.605,50122440.00000001
1427895000,18.605,18.658,18.417,18.51275,49161900.00000001
1427981400,18.525,18.664,18.45,18.6125,37505580
1428327000,18.505,19.01,18.468,18.852,61014179.99999999
1428413400,18.8075,18.9655,18.7015,18.7205,39098040
1428499800,18.733,19.079,18.7325,19.06,52728680.00000001
1428586200,19.033,19.221,18.93975,19.177,47846560.00000001
1428672600,19.2155,19.356,19.065755,19.1325,51470380.00000001
1428931800,19.1765,19.264,19.007,19.118,37889060
1429018200,19.1755,19.3905,19.060505,19.2555,51671500.00000001
1429104600,19.2325,19.289,19.082,19.1725,38664580
1429191000,19.1845,19.3725,19.1775,19.302,41608360
1429277400,19.1315,19.178,18.72,18.778,76793280
1429536600,18.9275,19.597,18.85,19.4755,100322960.00000001
1429623000,19.5655,19.73,19.34,19.559,92870480.00000001
1429709400,19.5955,19.714,19.4,19.49,69494480
1429795800,19.5105,19.594,19.3075,19.4995,159599700
1429882200,21.95,22.6325,21.95,22.255,343538080
1430141400,22.193,22.3495,21.8705,21.928,108618980.00000001
1430227800,21.9255,21.95,21.402,21.4655,82809660
1430314200,21.3375,21.712,21.3015,21.4685,72433760
1430400600,21.3555,21.5875,20.962,21.089,72957540
1430487000,21.191,21.282,20.8,21.1435,71316480
1430746200,21.24,21.4885,21.121,21.152,45408960.00000001
1430832600,21.1425,21.3755,21.051,21.0595,57127719.99999999
1430919000,21.0715,21.135825,20.7275,20.955,51049480.00000001
1431005400,21.2075,21.425,21.1425,21.344,55322640.00000001
1431091800,21.5375,21.76,21.5087,21.6845,58176759.99999999
1431351000,21.6255,21.95,21.5685,21.6425,47874740.00000001
1431437400,21.554,21.6625,21.3355,21.551,38956440
1431523800,21.499,21.6764,21.29,21.3435,39926560
1431610200,21.4725,21.65,21.3505,21.614,37769540
1431696600,21.4,21.51981,21.215,21.3,84806120
1431955800,21.3,21.3635,21.073,21.262,47804580.00000001
1432042200,21.2435,21.412,21.0315,21.0855,49304800.00000001
1432128600,21.03,21.355,20.918,21.193,43923180
1432215000,21.4,21.845,21.4,21.5815,82428020
1432301400,21.5775,21.622,21.3805,21.3815,40412580
1432647000,21.31,21.35,21.1,21.2735,44883700.00000001
1432733400,21.3725,21.5925,21.2505,21.571,44621760
1432819800,21.4855,21.5675,21.2735,21.3285,38248720
1432906200,21.3615,21.625,21.3615,21.4615,60321199.99999999
1433165400,21.52,21.658,21.31,21.546,45065280.00000001
1433251800,21.5035,21.6615,21.3125,21.5495,33396900
1433338200,21.72,21.9195,21.6375,21.8295,54558280.00000001
1433424600,21.72,21.83775,21.463,21.539,50215220.00000001
1433511000,21.483,21.54,21.325,21.3475,38157100
1433770200,21.281,21.34,21.07125,21.175,43450500
1433856600,21.148,21.3745,20.957,21.274,45773260.00000001
1433943000,21.323,21.61,21.283,21.5385,43446660
1434029400,21.6145,21.9445,21.5735,21.6485,58449179.99999999
1434115800,21.5625,21.618,21.413,21.496,41087700
1434375000,21.383,21.4025,21.132,21.1835,41019740
1434461400,21.2075,21.3985,21.1335,21.363,45949380.00000001
1434547800,21.418,21.5675,21.23765,21.3905,43717380
1434634200,21.515,21.9865,21.47025,21.9695,67567200
1434720600,22.013,22.2495,21.662,21.746,89901740.00000001
1434979800,21.85,21.962,21.709,21.8145,36471440
1435066200,21.7795,22.352,21.6845,22.2995,64900979.99999999
1435152600,22.2485,22.3235,22.0115,22.042,52416540.00000001
1435239000,21.9035,22.1735,21.8195,22.005,44749160.00000001
1435325400,22.088,22.1745,21.753,21.905,52489580.00000001
1435584600,21.749,21.85,21.45,21.493,55063860.00000001
1435671000,21.71,21.7785,21.523,21.7045,51937460.00000001
1435757400,21.9675,22,21.779,21.8695,39741520
1435843800,21.85,21.91,21.674,21.8855,26867940
1436189400,21.7615,21.9865,21.676,21.802,38063220
1436275800,21.784,21.8865,21.2785,21.836,69084960
1436362200,21.7175,21.7995,21.4415,21.485,47662600.00000001
1436448600,21.745,21.936,21.7075,21.7195,45427900.00000001
1436535000,22.0245,22.236,21.95,22.1755,48019620.00000001
1436794200,22.4145,22.8935,22.377,22.7785,79136040
1436880600,23.116,23.48,22.908,23.2785,94724300.00000001
1436967000,23.152,23.235,23.01,23.0595,59747979.99999999
1437053400,23.275,23.794,23.24,23.774,81911620
1437139800,23.885,24.271,23.8625,24.1505,98643520.00000001
1437399000,24.6285,24.66,24.27,24.405,95049820.00000001
1437485400,24.395,24.444,24.1275,24.4,63636619.99999999
1437571800,24.2995,24.625,24.245,24.4135,62297959.99999999
1437658200,24.583,24.583,23.785,24.109,187488620.00000003
1437744600,28.9495,29.0285,26.4675,26.471,438187620.00000006
1438003800,26.3875,27.2475,26.33,26.5705,149819200
1438090200,26.8,26.8195,26.156,26.3015,105461840.00000001
1438176600,26.546,26.648275,26.251,26.45,75052680
1438263000,26.3825,26.96,26.2145,26.838,74861300
1438349400,26.9545,27.142,26.726005,26.8075,60511959.99999999
1438608600,26.8725,27.022,26.468,26.7515,60284719.99999999
1438695000,26.4845,26.8475,26.45815,26.595,58691799.99999999
1438781400,26.94,26.957,26.70595,26.8505,57786999.99999999
1438867800,26.965,27.137,26.376,26.473,76409060
1438954200,26.458,26.472995,25.9105,26.131,79384300
1439213400,26.426,26.61382,26.15,26.2,52318520.00000001
1439299800,26.1825,26.449,26.1,26.373,53532000.00000001
1439386200,26.1875,26.375,25.653,26.2955,80293680
1439472600,26.3685,26.733,26.27423,26.483,57904759.99999999
1439559000,26.4125,26.7055,26.4125,26.576,39895980
1439818200,26.5645,26.937,26.356,26.761,51633600.00000001
1439904600,26.752,26.9745,26.65,26.751,41426840
1439991000,26.687,26.8625,26.45,26.646,46480800.00000001
1440077400,26.5195,26.6625,25.7885,25.789,88159800
1440163800,25.368,25.6165,24.7235,24.7235,134129319.99999999
1440423000,23.179,24.488,22.55,23.1685,201952020.00000003
1440509400,24.3745,24.472,23.3125,23.3185,113586579.99999999
1440595800,24.201,25.186,23.938,25.0385,127172779.99999999
1440682200,25.6855,26.1345,25.36305,25.9185,122290119.99999999
1440768600,25.875,26.075,25.652,25.9005,54934160.00000001
1441027800,25.822,25.9705,25.4535,25.6445,60045859.99999999
1441114200,24.957,25.5,24.6715,24.827,77290280
1441200600,25.2545,25.543,24.886,25.5275,74142320
1441287000,25.725,25.792,25.1285,25.236,62993879.99999999
1441373400,24.8825,25.1425,24.782,24.95,53850200.00000001
1441719000,25.4345,25.9175,25.42572,25.877,76213060
1441805400,26.2,26.4975,25.753,25.8445,87413140
1441891800,25.7575,26.3065,25.739,26.112,51519640.00000001
1441978200,26.0535,26.472,26.03025,26.472,64557239.99999999
1442237400,26.472,26.6225,25.929,26.069,62604819.99999999
1442323800,26.1625,26.396,25.86,26.1185,57318659.99999999
1442410200,26.099,26.415,25.926,26.3695,45055800.00000001
1442496600,26.349,27.3485,26.3285,26.9435,83389680
1442583000,26.731,27.31185,26.5675,27.013,123201499.99999999
1442842200,27.2165,27.489,26.9795,27.4195,65666259.99999999
1442928600,26.9855,27.1775,26.633,26.92,76834960
1443015000,26.915,27.0605,26.7,26.8035,44751420.00000001
1443101400,26.5275,26.728,26.1435,26.6875,70019280
1443187800,27.1285,27.14,26.07,26.2125,80619960
1443447000,26.001,26.014,24.716685,25.203,108690640.00000001
1443533400,25.3,25.574,24.525,24.8035,89150640
1443619800,25.272,25.64,25.08362,25.5945,80093620
1443706200,25.55,26.04,25.3,26.036,75369660
1443792600,25.6495,26.63,25.405,26.627,91955900.00000001
1444051800,26.8495,27.2955,26.8,27.184,67827180
1444138200,27.275,27.575,26.6665,26.874,90950380.00000001
1444224600,27.0895,27.1,26.45,27.097,76241740
1444311000,26.8355,26.9693,25.9945,26.658,93528800.00000001
1444397400,26.724,27.0895,26.5135,26.99,70747280
1444656600,26.998,27.541,26.99,27.5095,55522060.00000001
1444743000,27.313,27.66,27.155,27.445,58760879.99999999
1444829400,27.567,27.6125,26.984,27.2415,71641200
1444915800,27.3875,28.15,27.35,28.122,98740680.00000001
1445002200,28.2635,28.547,28.0155,28.538,86315840
1445261400,28.538,28.95,28.369,28.6575,87508400
1445347800,28.6,28.65,27.764,28.044,86924180
1445434200,28.1935,28.2625,27.626,27.7885,67233100
1445520600,28.135,28.4573,27.8335,28.1955,155587440
1445607000,30.884,30.9725,29.768,29.9515,213853340.00000003
1445866200,30.115,30.4925,29.8145,30.4305,85394300
1445952600,30.43,30.7355,30.2765,30.5505,75742720
1446039000,30.615,30.8615,30.475,30.855,78524000
1446125400,30.885,31.377,30.7695,31.3275,77920520
1446211800,31.3005,31.536,31.264,31.295,77487260
1446474600,31.3565,31.4315,31.0205,31.4175,56329579.99999999
1446561000,31.4765,31.4945,31.1,31.2655,64938199.99999999
1446647400,31.388,32.2965,31.3675,32.0475,96810020.00000001
1446733800,32.355,32.85,32.154505,32.7825,94476500.00000001
1446820200,32.75,33.113,32.6,32.9685,81843300
1447079400,32.9325,33.09775,32.392385,32.7745,80976460
1447165800,32.5505,33,32.3631,32.984,69789660
1447252200,33.1625,33.798,33.1625,33.6625,107746180.00000001
1447338600,33.65,33.782,33.211,33.28,85693560
1447425000,33.1785,33.35,32.0225,32.1175,125221519.99999999
1447684200,32.046,32.4995,31.1145,32.3905,148718680
1447770600,32.5325,32.6625,32.05,32.165,86403540
1447857000,32.3255,33.244,32.3185,33.177,89395380
1447943400,33.2495,33.643,32.95,33.0635,94104740.00000001
1448029800,33.397,33.4435,32.8785,33.4225,77922700
1448289000,33.575,34.1385,33.4225,33.9495,87701140
1448375400,33.707,33.79,33.060625,33.5575,90868340.00000001
1448461800,33.75,33.985,33.562,33.767,53957780.00000001
1448634600,34.04,34.0495,33.605,33.663,39336020
1448893800,33.795,34.0645,33.23,33.24,113863439.99999999
1448980200,33.6875,34.05,33.393,33.953,95023040.00000001
1449066600,34.05,34.241,33.7125,33.8005,85470520
1449153000,33.972,34.1395,33.074,33.3125,101294720.00000001
1449239400,33.3,33.73875,33.07,33.632,90695920.00000001
1449498600,33.737,33.773,33.025,33.4915,74656280
1449585000,33.1565,33.9995,32.9895,33.8665,73038160
1449671400,33.9,33.95,32.784,33.2395,103163440.00000001
1449757800,33.2795,33.4263,32.978,33.116,69109440
1449844200,32.5615,32.894,31.981,32.0075,109488400.00000001
1450103400,32.0875,32.92925,31.7635,32.8955,87225460
1450189800,33.2515,33.575,32.8675,32.932,95068300.00000001
1450276200,33.178,33.8675,32.966,33.7885,79289400
1450362600,34,34.125,33.5325,33.5325,73632900
1450449000,33.4325,33.842,33.2065,33.207,136826080
1450708200,33.425,33.495,32.9465,33.2255,65017999.99999999
1450794600,33.3415,33.4245,32.963,33.1575,53355900.00000001
1450881000,33.325,33.32985,32.8315,33.185,54458440.00000001
1450967400,33.1675,33.234,33.03,33.1395,21859400
1451313000,33.278,33.775,33.275,33.76,75671100
1451399400,33.899,34.822,33.894465,34.6985,114699919.99999999
1451485800,34.5945,34.7745,34.31875,34.4535,70380060
1451572200,34.304,34.3875,33.7945,33.7945,74991200
1451917800,32.8145,32.88575,31.3755,31.8495,186290380.00000003
1452004200,32.343,32.3455,31.3825,31.6895,116452059.99999999
1452090600,31.1,31.9895,31.0155,31.6325,106583940.00000001
1452177000,31.09,31.5,30.2605,30.397,141498300
1452263400,30.983,31.207,30.3,30.3525,110258300.00000001
1452522600,30.624,30.9925,29.9285,30.887,97831020.00000001
1452609000,31.2625,31.2995,30.612075,30.8945,94482000.00000001
1452695400,31.044,31.044,28.958,29.0905,153104780
1452781800,29.0125,30.1125,28.494,29.65,144759560
1452868200,28.612,29.231,28.265,28.509,155690460
1453213800,28.8545,29.2,28.3225,28.724,96143300.00000001
1453300200,28.218,28.9225,27.359,28.5885,159328120
1453386600,28.679,29.4405,28.411,28.751,99044340.00000001
1453473000,29.4365,30.005,29.205395,29.819,102402880.00000001
1453732200,29.8995,30.425,29.728,29.8265,87921580
1453818600,30.1725,30.225,29.519,30.0625,75313100
1453905000,30.0995,30.1695,28.939,29.1675,103057060.00000001
1453991400,30.4185,31.903,29.8775,31.7675,280303420
1454077800,28.599,29.65,28.5,29.35,293551000
1454337000,28.9075,29.09,28.5155,28.7405,127102459.99999999
1454423400,28.5,28.578,27.5045,27.605,126240899.99999999
1454509800,27.675,27.8,26.095,26.5535,200974180.00000003
1454596200,26.25,26.9495,25.961005,26.813,123981399.99999999
1454682600,26.464,26.4725,24.9595,25.1065,194178580.00000003
1454941800,24.3235,24.675,23.7605,24.405,196510180.00000003
1455028200,23.9005,24.919,23.7,24.1035,141558300
1455114600,24.588,25.233,24.3,24.524,135723620
1455201000,24.5585,25.465,24.2,25.191,147947860
1455287400,25.535,25.8375,25.07466,25.354,107695740.00000001
1455633000,25.974,26.2225,25.583,26.055,102370000.00000001
1455719400,26.437,26.874,25.9695,26.705,96480040.00000001
1455805800,27.0595,27.06,26.1865,26.25,94700160.00000001
1455892200,26.0355,26.7975,25.7675,26.745,99494340.00000001
1456151400,27.11,28.0325,27.054,27.975,111331060.00000001
1456237800,27.7775,27.8455,27.2665,27.647,81015800
1456324200,27.2875,27.7135,26.657505,27.702,124633359.99999999
1456410600,27.776,27.9695,27.26473,27.7575,90509260.00000001
1456497000,28.006,28.125,27.6585,27.7615,97540780.00000001
1456756200,27.7,28.2405,27.6255,27.626,82907920
1456842600,27.8145,28.9625,27.8,28.952,100769040.00000001
1456929000,29.0875,29.25,28.685,29.0105,91643400.00000001
1457015400,28.898,28.9933,28.6555,28.8745,54825840.00000001
1457101800,29.0535,29.07,28.55325,28.757,68330900
1457361000,28.677,28.6815,27.7775,28.14,98650540.00000001
1457447400,27.8935,28.5675,27.737,28.013,94599040.00000001
1457533800,27.978,28.0175,27.50625,27.9735,87545660
1457620200,28.337,28.35,27.395,27.9465,78397840
1457706600,28.3475,28.503,28.1365,28.4805,75426200
1457962200,28.35,28.8445,28.1525,28.6685,69083040
1458048600,28.55,29.076,28.35,28.851,77536420
1458135000,28.832,29.066,28.557,28.7135,70753380
1458221400,28.4755,28.57,27.7505,27.972,118562099.99999999
1458307800,28.047,28.1165,27.3045,27.604,145937700
1458567000,27.4455,27.762,26.929,27.699,103114640.00000001
1458653400,27.2555,28.138,27.2525,28.024,80011280
1458739800,28.05,28.624,27.905,28.4815,79674400
1458826200,28.3555,29.1775,28.354,29.1475,103710780.00000001
1459171800,29.22,29.2375,28.778,28.9935,62430439.99999999
1459258200,29.0075,29.7925,28.825,29.693,87851340
1459344600,29.8355,30.162,29.75,29.9345,77809220
1459431000,29.964,30.0375,29.6105,29.682,53636220.00000001
1459517400,29.5245,29.9515,29.415,29.925,58347719.99999999
1459776600,29.95,29.975,29.5275,29.6595,49416500.00000001
1459863000,29.5385,29.6735,29.2625,29.307,46177680.00000001
1459949400,29.376,30.1195,29.375,30.104,56998179.99999999
1460035800,29.938,29.98,29.454,29.5715,63780739.99999999
1460122200,29.716,29.893,29.45,29.73,51838720.00000001
1460381400,29.807,30.2,29.7455,29.7965,54085340.00000001
1460467800,29.92,30.203,29.6155,30.1585,52821240.00000001
1460554200,30.384,30.8405,30.2645,30.741,84566980
1460640600,30.7535,31.219,30.7535,31.0375,70242720
1460727000,31.096,31.3385,30.9055,31.2945,57753619.99999999
1460986200,31.2675,31.882,31.248015,31.7675,87217660
1461072600,31.857,31.9005,31.04,31.395,81117400
1461159000,31.5,31.8275,31.15,31.6495,52188500.00000001
1461245400,31.55,31.891,31.425,31.55,51925960.00000001
1461331800,31.2235,31.4125,30.578,31.025,101678080.00000001
1461591000,30.8305,31.349,30.812555,31.31,53658480.00000001
1461677400,31.3085,31.337745,30.744,30.844,50428660.00000001
1461763800,30.59,30.7975,30.064,30.3285,81375340
1461850200,30.777,31.34,29.96,30.1,157452100
1461936600,33.3,33.499,32.7,32.9795,206214780.00000003
1462195800,33.196,34.275,33.101255,34.1925,131570339.99999999
1462282200,33.868,34.015,33.5215,33.566,98467020.00000001
1462368600,33.1295,33.7,33.107,33.545,92709240.00000001
1462455000,33.6655,33.8245,32.8,32.9545,97682280.00000001
1462541400,32.8025,33.8475,32.8005,33.6975,87306900
1462800600,33.6975,34.349,33.5705,33.9875,79643220
1462887000,34.7,35.2275,34.675,35.1535,122111399.99999999
1462973400,35.2895,35.95,35.0825,35.6615,146763920
1463059800,35.869,36.1225,35.5755,35.8965,100963000.00000001
1463146200,35.732,35.9625,35.3255,35.496,95268380.00000001
1463405400,35.5065,35.6625,35.014,35.533,108658400.00000001
1463491800,35.495,35.7235,34.6955,34.7635,102427140.00000001
1463578200,34.478,35.126995,34.438,34.8725,85663780
1463664600,34.594,34.97,34.478,34.926,60511319.99999999
1463751000,35.0525,35.362,35,35.14,58323299.99999999
1464010200,35.2125,35.3,34.821,34.8375,51901640.00000001
1464096600,34.9005,35.375,34.9,35.21,60675639.99999999
1464183000,35.4,35.543,35.275795,35.4175,65532619.99999999
1464269400,35.4165,35.75,35.36465,35.7455,48933620.00000001
1464355800,35.75,35.83,35.555,35.612,44983280.00000001
1464701400,35.6165,36.2115,35.566,36.1395,72366460
1464787800,36.045,36.3215,35.911,35.972,65262139.99999999
1464874200,36.0485,36.414,35.775005,36.412,60531659.99999999
1464960600,36.337,36.35,35.9215,36.277,67346120
1465219800,36.325,36.575,36.221,36.3365,54096120.00000001
1465306200,36.4945,36.5,36.0275,36.187,54649260.00000001
1465392600,36.32,36.471,36.08,36.332,44467320
1465479000,36.155,36.4455,36.115,36.3825,43406360
1465565400,36.1175,36.249,35.7105,35.8955,68514360
1465824600,35.7005,36.0995,35.558,35.762,67044019.99999999
1465911000,35.6165,36.04025,35.6135,35.965,50138440.00000001
1465997400,36.1,36.128,35.66761,35.713,54188940.00000001
1466083800,35.6025,35.9,35.265,35.8755,61959219.99999999
1466170200,35.9095,35.91,34.959,35.3195,117955759.99999999
1466429400,35.675,36.0655,35.5405,35.7005,73543240
1466515800,35.786,35.92,35.63605,35.791,42750680
1466602200,35.829,35.85,35.37825,35.53,45209080.00000001
1466688600,35.775,36.106,35.625,36.104,56499479.99999999
1466775000,34.65,35.62646,34.61,34.948,152650220
1467034200,34.6005,34.840945,34.10575,34.568,111680740.00000001
1467120600,35,35.4,34.90857,35.3975,80739140
1467207000,35.7875,35.975,35.677,35.78,61401039.99999999
1467293400,35.86,35.9685,35.627,35.781,57102839.99999999
1467379800,35.866,36.4,35.827,36.284,58408459.99999999
1467725400,36.14,36.4055,35.9805,36.405,48628620.00000001
1467811800,36.2855,36.8885,36.129,36.8805,78764980
1467898200,36.9665,36.9775,36.5815,36.8285,58915659.99999999
1467984600,37.007,37.305,36.9,37.2905,68584340
1468243800,37.5,37.795,37.35,37.689,63905439.99999999
1468330200,37.843,37.867,37.0165,37.4105,112473139.99999999
1468416600,37.338,37.8435,37.0625,37.1315,82845300
1468503000,37.443,37.452,36.951,37.06,47809440.00000001
1468589400,37.3275,37.3275,36.7025,36.772,62427699.99999999
1468848600,36.7745,37.07977,36.436,36.8035,59098279.99999999
1468935000,36.625,37.1665,36.6155,36.9975,44336400
1469021400,37.2,37.3125,37.035,37.286,44280460
1469107800,37.375,37.468,37.13959,37.2215,46341440.00000001
1469194200,37.3895,37.564,37.1765,37.243,45554220.00000001
1469453400,37.3275,37.425,36.7675,36.9805,53585800.00000001
1469539800,37.1355,37.1565,36.637625,36.7795,50593840.00000001
1469626200,36.8985,37.047,36.693,36.8335,58262679.99999999
1469712600,37.299,37.668,36.985,37.6305,152351600
1469799000,38.25,38.3,37.75,37.9405,135541000
1470058200,37.9935,38.525,37.853,38.387,71564100
1470144600,38.1905,38.2505,37.851,38.029,72065600
1470231000,37.853,37.9445,37.6125,37.732,71630500
1470317400,37.685,38.25,37.5175,38.0385,63564159.99999999
1470403800,38.2405,38.4235,38.1545,38.299,54087820.00000001
1470663000,38.3405,38.35,38.05075,38.328,39725440
1470749400,38.3695,38.63,38.345,38.4155,37521820
1470835800,38.49,38.605,38.3095,38.428,32085600
1470922200,38.497,38.6875,38.456,38.562,40394800
1471008600,38.423,38.6575,38.421125,38.628,31266360
1471267800,38.595,38.602,38.3855,38.4245,42370420
1471354200,38.431,38.436585,38.191,38.202,32091220
1471440600,38.2205,38.261,37.95995,38.2315,37822320
1471527000,38.2,38.2585,38.03,38.223,29176680
1471613400,38.095,38.1245,37.8445,37.8655,46864740.00000001
1471872600,37.875,37.9925,37.605,37.974,33585020
1471959000,38.1655,38.235,38.05,38.1225,30482620
1472045400,38.15,38.1705,37.768,37.8625,34882140
1472131800,37.8,38.028,37.73705,37.961,32459840
1472218200,38.0025,38.5,37.98975,38.45,55536600.00000001
1472477400,38.436,38.749,38.43,38.5645,43971200
1472563800,38.5525,38.59179,38.278,38.379,34183160
1472650200,38.33,38.482,38.2,38.458,32675780
1472736600,38.545,38.602,38.3375,38.531,35845420
1472823000,38.7055,38.8,38.585,38.622,43635840
1473168600,38.702,39.474,38.511,39.4435,74395760
1473255000,39.4765,39.5395,39.2165,39.224,48492440.00000001
1473341400,39.1945,39.325,39.072,39.203,40610220
1473427800,38.968,39.05,38.0055,38.007,85146880
1473687000,37.8675,38.633,37.8,38.5745,62494079.99999999
1473773400,38.4385,38.4945,37.9525,38.0505,62344479.99999999
1473859800,38.11,38.375,37.9425,38.0545,50636440.00000001
1473946200,38.1,38.5435,37.879,38.4845,60870679.99999999
1474032600,38.664,39.023,38.583,38.926,109983640.00000001
1474291800,38.9985,39.097,38.55,38.755,45944420.00000001
1474378200,38.8,39.0685,38.8,39.011,38743280
1474464600,39.1625,39.5345,38.9505,39.487,54372880.00000001
1474551000,39.7135,40.29445,39.7135,40.235,81578200
1474637400,40.1565,40.3875,40.106,40.2875,47070220.00000001
1474896600,40.09,40.2965,39.85725,39.958,53027940.00000001
1474983000,40.0925,40.832,40.0555,40.8055,76392000
1475069400,40.9,41.507,40.851685,41.436,88441560
1475155800,41.413,41.875,41.2315,41.4525,98444960.00000001
1475242200,41.6305,41.9975,41.62,41.8655,88611320
1475501400,41.8,41.993,41.5625,41.837,55388960.00000001
1475587800,42.0455,42.11825,41.513,41.7015,59006279.99999999
1475674200,41.9,42.2835,41.806,42.218,69381100
1475760600,42.185,42.3605,42.03,42.083,53680260.00000001
1475847000,42.2895,42.2975,41.8725,41.9715,48524560.00000001
1476106200,42.1625,42.26,42.0135,42.0855,36542860
1476192600,42.051,42.0645,41.4175,41.55,71763600
1476279000,41.7,41.8833,41.505,41.7045,47608320.00000001
1476365400,41.45,41.59,41.0605,41.464,61827739.99999999
1476451800,41.754,41.787,41.148,41.148,59996279.99999999
1476711000,41.075,41.1,40.584,40.6475,67229840
1476797400,41.1055,41.163,40.751,40.8825,50250080.00000001
1476883800,41.02,41.0335,40.7585,40.8845,41814120
1476970200,40.6995,40.7855,40.155,40.516,63039079.99999999
1477056600,40.468,40.971,40.45,40.9495,55860300.00000001
1477315800,41.2475,41.915,41.1105,41.9045,81217980
1477402200,41.965,42.1545,41.661,41.759,64967159.99999999
1477488600,41.638,41.672,41,41.1295,79962040
1477575000,41.562,41.586,40.7715,40.918,148127700
1477661400,39.1,39.4745,38.7305,38.816,216821460.00000003
1477920600,39.0515,39.685,39.0055,39.491,108266520.00000001
1478007000,39.95,40.042,38.83565,39.2705,106108560.00000001
1478093400,39.1965,39.2375,38.1775,38.278,100530080.00000001
1478179800,38.2525,38.85,38.2,38.3515,77449920
1478266200,38.1395,38.3,37.661505,37.7525,102442060.00000001
1478529000,38.582,39.3866,38.547,39.2465,119687079.99999999
1478615400,39.2485,39.586995,38.955,39.3875,68252580
1478701800,38.2,38.875,38.0045,38.594,171257840
1478788200,38.9405,38.9415,35.885,37.119,254939879.99999997
1478874600,36.7865,37.163,36.445,36.9505,132455679.99999999
1479133800,37.2755,37.3,35.505,35.9535,146426880
1479220200,36.5,37.339,36.2995,37.162,135115700
1479306600,36.994,37.4935,36.7805,37.3245,72975820
1479393000,37.466,37.875,37.4,37.82,73802240
1479479400,38.05,38.387,37.882175,38.008,87468160
1479738600,38.3,39.0175,38.2555,39,92291480.00000001
1479825000,39.4085,39.62,39.05,39.2665,106226400.00000001
1479911400,39.0865,39.0875,38.656,39.006,70805260
1480084200,39.325,39.3375,38.895,39.0185,36741360
1480343400,38.8495,38.85,38.212,38.3385,88776560
1480429800,38.4,38.4945,38.066,38.126,65446879.99999999
1480516200,38.1,38.4045,37.5125,37.5285,92518920.00000001
1480602600,37.6205,37.6685,36.9015,37.1825,93319860.00000001
1480689000,37.17,37.424515,36.835,37.017,71226140
1480948200,37.25,38.0745,37.1,37.968,86294460
1481034600,38.1995,38.412,37.8625,38.236,75894920
1481121000,38.2275,38.521,37.791,38.521,73698120
1481207400,38.5935,38.6895,38.2595,38.3665,63792159.99999999
1481293800,38.5,38.5125,38.267,38.433,49418460.00000001
1481553000,38.32,38.3445,37.86,38.006,59278899.99999999
1481639400,38.248,39.123,38.1,38.717,105705760.00000001
1481725800,38.9125,39.043,38.1405,38.441,109096720.00000001
1481812200,38.314,38.455,38.0155,38.05,76038540
1481898600,38.25,38.2565,37.7,37.8885,96964380.00000001
1482157800,37.9445,38.525,37.808,38.3,62264799.99999999
1482244200,38.4325,38.7195,38.3855,38.561,54072580.00000001
1482330600,38.5,38.561,38.285,38.53,40892580
1482417000,38.406,38.5605,38.151,38.317,50871020.00000001
1482503400,38.2275,38.325,37.8995,38.0295,39632320
1482849000,38.17,38.7325,38.06,38.57,52774500.00000001
1482935400,38.8125,39,38.525,38.6065,66020499.99999999
1483021800,38.62,38.67,38.0425,38.2575,63165979.99999999
1483108200,38.3235,38.369995,37.414,37.4935,82788980
1483453800,37.896,37.937975,37.385,37.6835,70421320
1483540200,37.9195,37.984,37.71,37.859,50210520.00000001
1483626600,38.0775,39.119995,38.012785,39.0225,116601359.99999999
1483713000,39.118,39.972,38.924,39.7995,119724679.99999999
1483972200,39.9,40.08871,39.5885,39.846,68922180
1484058600,39.83,39.9,39.47717,39.795,51167380.00000001
1484145000,39.683,39.975,39.4755,39.951,59855819.99999999
1484231400,40.0155,40.7065,39.975,40.682,97478440.00000001
1484317800,40.716,41.0825,40.57,40.857,75838900
1484663400,40.785,40.8,40.172,40.486,73410580
1484749800,40.475,40.5865,40.2135,40.374,47084020.00000001
1484836200,40.5,40.6755,40.366,40.452,50815680.00000001
1484922600,40.764,40.801,40.313,40.4165,67523920
1485181800,40.34,40.925,40.254,40.894,55949479.99999999
1485268200,41.1,41.1995,40.725,41.122,59434799.99999999
1485354600,41.2895,41.870915,41.2644,41.826,80461560
1485441000,41.7765,42.192,41.65,41.9575,71726460
1485527400,41.95,41.985,41.472,41.7885,59973999.99999999
1485786600,41.65,41.675,40.819,41.519,74946720
1485873000,41.1875,41.3495,40.978,41.174,62743919.99999999
1485959400,41.4605,41.689,41.247,41.6175,77003620
1486045800,41.8295,42.1245,41.413,41.9975,147009840
1486132200,40.336,40.915,40.2,40.51,217375460.00000003
1486391400,40.49,40.536,40.15,40.382,77946020
1486477800,40.4655,40.808,40.375,40.625,69321820
1486564200,40.6345,41.07395,40.625,40.9855,57159699.99999999
1486650600,41.08,41.25,40.9855,41.068,49698960.00000001
1486737000,41.191,41.4,41.1425,41.373,48592180.00000001
1486996200,41.581,42.149995,41.4275,41.8265,83452360
1487082600,41.85,41.9155,41.57261,41.8195,55848840.00000001
1487169000,41.7,42.1405,41.641,42.135,59377059.99999999
1487255400,42.092,42.25,41.96875,42.207,54293340.00000001
1487341800,42.1,42.3635,42.0365,42.2535,62245499.99999999
1487687400,42.442,42.899,42.3625,42.822,70154840
1487773800,42.8475,42.9215,42.609,42.7805,52339420.00000001
1487860200,42.8785,43.043,42.4,42.6095,69239680
1487946600,42.2345,42.2905,41.887505,42.262,73759260
1488205800,42.119,42.625,41.9835,42.432,54272540.00000001
1488292200,42.5725,42.7045,42.1025,42.252,55874180.00000001
1488378600,42.6525,42.7415,42.4505,42.654,55201660.00000001
1488465000,42.654,42.741,42.364,42.4455,42641960
1488551400,42.36,42.59925,42.3135,42.494,39031500
1488810600,42.2615,42.4245,42.056,42.3305,52207400.00000001
1488897000,42.274,42.423,42.1875,42.301,44951080.00000001
1488983400,42.4,42.6535,42.3395,42.525,45766340.00000001
1489069800,42.55,42.819995,42.5155,42.65,40963740
1489156200,42.85,42.8675,42.586,42.623,48728680.00000001
1489411800,42.5885,42.7845,42.5855,42.7295,38193440
1489498200,42.6775,42.6875,42.3775,42.6265,42611720
1489584600,42.7165,42.7225,42.3555,42.6485,51243520.00000001
1489671000,42.765,42.775,42.5255,42.671,36845920
1489757400,42.6745,42.6915,42.532,42.6155,67688060
1490016600,42.5755,42.89,42.5505,42.8485,45654540.00000001
1490103000,42.942,43.13975,42.0655,42.16,87657040
1490189400,42.0215,42.4685,41.9525,42.403,53173380.00000001
1490275800,42.41,42.5445,42.24,42.369,39059280
1490362200,42.584,42.59,42.1765,42.2805,42765380
1490621400,41.9035,42.515,41.675,42.341,55115500.00000001
1490707800,42.5875,42.923,42.505,42.8,60832659.99999999
1490794200,42.9525,43.8219,42.951,43.716,89562700.00000001
1490880600,43.7475,43.853,43.583,43.817,55254600.00000001
1490967000,43.85,44.5175,43.8325,44.327,79152240
1491226200,44.4,44.6745,44.271,44.5755,68446560
1491312600,44.575,45.42692,44.514,45.3415,99693120.00000001
1491399000,45.541,46.186,45.281,45.464,150167400
1491485400,45.69,45.859495,44.724635,44.914,126881299.99999999
1491571800,44.9825,45.0045,44.4655,44.744,74218440
1491831000,44.9815,45.4255,44.95,45.352,63686019.99999999
1491917400,45.352,45.562,44.875,45.118,60254859.99999999
1492003800,45.1545,45.2045,44.762505,44.8115,49122800.00000001
1492090200,44.5725,44.7485,44.2245,44.2335,63491659.99999999
1492435800,44.375,45.119,44.375,45.0995,57093459.99999999
1492522200,45.0495,45.4805,45.039,45.189,59984759.99999999
1492608600,45.392,45.525,44.86845,44.96,57404839.99999999
1492695000,44.985,45.266,44.8145,45.103,56209859.99999999
1492781400,45.1335,45.1825,44.8385,44.9265,48409880.00000001
1493040600,45.434,45.4995,45.191,45.3705,62457859.99999999
1493127000,45.352,45.474,45.15,45.381,67468520
1493213400,45.515,45.78745,45.378,45.4645,52178960.00000001
1493299800,45.7195,46.093,45.6055,45.919,106110860.00000001
1493386200,47.4415,47.4795,46.216675,46.2495,147293620
1493645400,46.39,47.72,46.39,47.4115,109330880.00000001
1493731800,47.33225,47.505,47.07065,47.347,76976700
1493818200,47.3,47.3,46.795,47.0515,71653720
1493904600,47.2375,47.25,46.71075,46.8765,48367620.00000001
1493991000,47.026,47.0395,46.515,46.7075,57327939.99999999
1494250200,47.0475,47.4525,46.9605,47.452,68314620
1494336600,47.64,47.8945,47.51,47.641,65242259.99999999
1494423000,47.675,47.687495,47.25,47.4475,41930240
1494509400,47.2555,47.5145,47.03875,47.381,43881400
1494595800,47.725,48.1395,47.5765,48.0675,72517140
1494855000,47.9365,48.1575,47.80275,47.8985,85412500
1494941400,48.05,48.503,48.0455,48.3035,62521019.99999999
1495027800,47.735,48.019785,47.206,47.238,102911560.00000001
1495114200,47.24,48.1375,47.238,47.9245,78786940
1495200600,48.142,48.446,47.986,47.992,79441780
1495459800,48.2,48.569,48.145,48.5335,52844340.00000001
1495546200,48.751,48.76,48.3425,48.577,48311880.00000001
1495632600,48.8,49.05,48.5115,49.0175,49261040.00000001
1495719000,49.2425,49.95,49.1055,49.669,96440640.00000001
1495805400,49.75,49.9325,49.462455,49.789,69383080
1496151000,49.8255,50.06,49.776,49.835,65261379.99999999
1496237400,50,50.006,49.108,49.731,78262300
1496323800,49.9295,49.9495,49.5685,49.7975,49096820.00000001
1496410200,49.9495,50.424,49.7835,50.3365,75046560
1496669400,50.3615,50.6605,50.1755,50.567,54397180.00000001
1496755800,50.6,50.825,50.0625,50.15,66928639.99999999
1496842200,50.2975,50.51245,50.1,50.5035,56460819.99999999
1496928600,50.603,50.6805,50.3055,50.5135,55357140.00000001
1497015000,50.625,50.6495,46.35,48.9155,152953840
1497274200,48.35,48.7975,47.25,48.2455,188944660.00000003
1497360600,48.8995,49.225,48.305,49.0395,91600220.00000001
1497447000,49.4295,49.517,48.3355,48.8235,79498000
1497533400,47.935,48.2865,47.543,48.2085,107477300.00000001
1497619800,49.8,49.9875,49.1,49.3855,229453239.99999997
1497879000,50.85,50.85,49.495,49.7585,100868160.00000001
1497965400,49.9,50.244,49.601,49.6295,81536560
1498051800,49.935,50.136,49.63259,50.1115,58449459.99999999
1498138200,50.1115,50.347995,49.86,50.065,45068660.00000001
1498224600,50.127,50.231,49.901,50.187,57582899.99999999
1498483800,50.425,50.49,49.6,49.699,67723140
1498570200,49.5345,49.94,48.8,48.839,75647780
1498656600,48.9275,49.534,48.4605,49.5165,74751340
1498743000,48.95,49.378,48.2625,48.7965,86059360
1498829400,49.006,49.1735,48.3805,48.4,67806900
1499088600,48.6395,48.7245,47.550005,47.683,58182159.99999999
1499261400,48.0765,48.75,47.7625,48.57,73059100
1499347800,48.233,48.72,47.951,48.257,65192259.99999999
1499434200,48.4775,49.0055,48.457,48.938,52867740.00000001
1499693400,49.25,49.97196,49.175,49.8235,70925360
1499779800,49.65,49.7995,49.186,49.7065,59654519.99999999
1499866200,50.0325,50.4275,49.905,50.3255,72171480
1499952600,50.231,50.344,49.795,50.0315,57615379.99999999
1500039000,50.12,50.2225,49.8445,50.0905,42049380
1500298200,50.2345,50.7375,50.1905,50.502,74251740
1500384600,50.3,51.3015,50.2,51.2225,80152480
1500471000,51.25,51.5795,51.125,51.3435,59279279.99999999
1500557400,51.5795,51.7485,51.12575,51.435,61949739.99999999
1500643800,51.064,51.305,50.55,51.2835,54691540.00000001
1500903000,51.417,52.1505,51.371395,51.9475,65760399.99999999
1500989400,51.9025,52.16673,51.624,51.9935,48952580.00000001
1501075800,52.16,52.66,52.16,52.64,58425059.99999999
1501162200,53.4775,54.1655,52.009,52.3,219834300.00000003
1501248600,50.607,51.6425,50.05,51.002,154188400
1501507800,50.9525,50.9525,49.351,49.389,147041260
1501594200,49.8055,50.32,49.579,49.8095,91451520.00000001
1501680600,50.0885,50.1605,49.0865,49.7945,81399860
1501767000,49.9735,49.975,49.2295,49.346,65115279.99999999
1501853400,49.484,49.5836,49.1,49.379,54606160.00000001
1502112600,49.5325,49.75,49.357,49.6135,53532140.00000001
1502199000,49.7175,49.814,49.2895,49.492,58056299.99999999
1502285400,49.13,49.4,48.7635,49.1005,71394620
1502371800,48.81475,48.993,47.734,47.846,113681359.99999999
1502458200,48,48.5195,47.569,48.3995,69360340
1502717400,48.9205,49.275,48.8095,49.165,63457839.99999999
1502803800,49.445,49.587,49.1,49.137,50985900.00000001
1502890200,49.0825,49.323025,48.661,48.909,62641319.99999999
1502976600,48.892,48.892,48.016,48.0285,70247940
1503063000,48.07,48.2715,47.7325,47.9235,65696419.99999999
1503322200,47.8785,48.06,47.273,47.6645,63289659.99999999
1503408600,47.776,48.3965,47.77475,48.345,54999400.00000001
1503495000,47.969,48.1,47.71,47.9,53365280.00000001
1503581400,47.871,47.95,47.057,47.6225,103914520.00000001
1503667800,47.8,47.88105,47.205,47.263,66495819.99999999
1503927000,47.327,47.65,47.1125,47.301,51934740.00000001
1504013400,47,47.8,46.8165,47.703,57485979.99999999
1504099800,47.922,48.4705,47.84531,48.3795,58092079.99999999
1504186200,48.735,49.05,48.638,49.03,66629759.99999999
1504272600,49.21,49.225,48.84375,48.9125,50718340.00000001
1504618200,48.77,48.838495,48.0185,48.2635,59972979.99999999
1504704600,48.416,48.592,48.03,48.39,42597220
1504791000,48.7,49.0295,48.6275,48.9735,51335880.00000001
1504877400,48.955,48.994,48.1735,48.295,52106440.00000001
1505136600,48.723,49.097,48.711,48.898,43733320
1505223000,49.1635,49.23359,48.77585,49.129,49621320.00000001
1505309400,49.1985,50,48.971,49.98,67493000
1505395800,49.84,49.928,49.387,49.6105,78265260
1505482200,49.6505,49.8125,49.2015,49.3395,75203660
1505741400,49.52,49.63961,48.4085,48.7095,68226480
1505827800,48.8625,48.912,48.373,48.493,53421080.00000001
1505914200,48.5895,48.7405,48.10813,48.6605,57775899.99999999
1506000600,48.5655,48.585,48.101,48.2325,46751520.00000001
1506087000,48.0505,48.2805,47.721,47.755,52835740.00000001
1506346200,47.4655,47.471,46.6445,46.9895,102479940.00000001
1506432600,47.2745,47.4315,46.5875,46.93,71296960
1506519000,47.4,47.765,47.165,47.5435,62978659.99999999
1506605400,47.593,47.985,47.50505,47.82,50451340.00000001
1506691800,48.0055,48.2415,47.91875,48.0675,50875180.00000001
1506951000,48.2,48.36525,47.606005,47.9595,48858740.00000001
1507037400,47.9,48.1845,47.5185,47.855,53331480.00000001
1507123800,47.7105,48.3895,47.7025,48.2725,50547040.00000001
1507210200,48.5,49.0755,48.482,49.0425,64584479.99999999
1507296600,48.782,49.7875,48.782,49.479,75641340
1507555800,49.662,49.925,49.375,49.5495,58771719.99999999
1507642200,49.8335,49.8975,49.00495,49.36,61698419.99999999
1507728600,49.5635,49.775,49.33475,49.75,46742260.00000001
1507815000,49.8405,50.422,49.62,50.0465,81346340
1507901400,50.35,50.3885,50.0515,50.147,48629240.00000001
1508160600,50.422,50.478585,50.052,50.317,40178160
1508247000,50.2795,50.573495,50.219,50.4565,46394840.00000001
1508333400,50.4635,51.1155,49.8275,49.85,49993620.00000001
1508419800,49.5,49.5525,49.012,49.3305,62163939.99999999
1508506200,49.6765,49.731,49.1,49.1455,47302440.00000001
1508765400,49.3365,49.33875,48.125,48.315,69882000
1508851800,48.45,48.9925,48.25,48.795,54478700.00000001
1508938200,48.9,49.222,48.312,48.6455,60662259.99999999
1509024600,49.0165,49.145,48.4275,48.6215,112373499.99999999
1509111000,52.907,55.279,52.5275,55.0475,331300420
1509370200,54.7505,56.1395,54.678,55.5425,132261279.99999999
1509456600,55.45,55.527,55.056005,55.264,69539340
1509543000,55.27,55.4485,54.837,55.184,75110220
1509629400,54.8905,55.09675,54.343455,54.711,73697520
1509715800,54.5575,55.634,54.426,55.58,75029600
1509978600,55.4575,56.2705,55.4385,56.033,67622760
1510065000,56.237,56.53,55.875,56.1585,53779540.00000001
1510151400,56.141,56.777,55.9555,56.644,51629020.00000001
1510237800,56.298,56.481045,55.7885,56.4565,74654640
1510324200,56.305,56.5875,56.203,56.2675,43598740
1510583400,56.15,56.995,56.117,56.4585,58368779.99999999
1510669800,56.5055,56.9,56.1945,56.842,62768459.99999999
1510756200,56.3505,56.5875,56.0815,56.3345,78573600
1510842600,56.508,56.908,56.5025,56.8645,44266440
1510929000,56.914,56.94,56.290505,56.494,48267760.00000001
1511188200,56.4885,56.671,56.1275,56.3155,43277100
1511274600,56.643,57,56.41,56.9745,49587940.00000001
1511361000,57.05,58.0135,57.05,57.808,71105460
1511533800,58.035,59.342,58.035,59.3,70248180
1511793000,60.133,60.6705,59.5575,59.7915,134880900
1511879400,60.244,60.267,59.42605,59.68,91188980.00000001
1511965800,59.74,59.74,57.2595,58.0635,185150240.00000003
1512052200,58.355,58.928505,58,58.8375,90184160.00000001
1512138600,58.6025,58.9825,57.6,58.1175,82141880
1512397800,58.6925,58.76,56.4,56.6975,118638299.99999999
1512484200,56.413,57.9635,56.237,57.0785,81595480
1512570600,56.8995,57.7945,56.804,57.6175,57066319.99999999
1512657000,57.8295,58.1595,57.55,57.9895,50231380.00000001
1512743400,58.52,58.6395,57.855,58.1,61001479.99999999
1513002600,58.23,58.495,57.85,58.446,47269460.00000001
1513089000,58.3255,58.68,58.0805,58.254,44717840
1513175400,58.5,58.5435,58.0135,58.2065,52335200.00000001
1513261800,58.1855,58.8965,58.1225,58.713,64286739.99999999
1513348200,58.9515,59.1375,58.4665,58.957,95572420.00000001
1513607400,59.3685,59.739,59.0455,59.529,58952499.99999999
1513693800,59.4575,59.6485,58.957005,59.369,51755840.00000001
1513780200,59.525,59.55,58.8,58.881,47423320.00000001
1513866600,58.795,58.9585,58.382,58.738,42462340
1513953000,58.604,58.730995,58.391505,58.418,31701080
1514298600,58.418,58.916,58.0275,58.838,40103740
1514385000,58.9955,59.3645,58.7805,59.113,37344160
1514471400,59.45,59.505,59.219,59.305,36833520
1514557800,59.1175,59.2,58.375,58.4735,53767820.00000001
1514903400,58.6,59.5,58.5255,59.4505,53889880.00000001
1514989800,59.415,60.2745,59.415,60.21,62175859.99999999
1515076200,60.25,60.793495,60.233,60.4795,60441779.99999999
1515162600,60.8755,61.457,60.5,61.457,70894860
1515421800,61.8,62.65395,61.6015,62.3435,85589500
1515508200,62.845,62.9665,62.088,62.635,73226320
1515594600,62.2575,62.7165,61.8615,62.7165,53720340.00000001
1515681000,62.987,63.8385,62.823,63.834,62500959.99999999
1515767400,63.669625,65.288,63.669625,65.26,108874600.00000001
1516113000,66.15,66.997,64.615,65.243,144414020
1516199400,65.612,65.7,64.044,64.75,105075080.00000001
1516285800,64.6975,65.23,64.201,64.666,80538300
1516372200,65.6,65.65,64.6495,64.729,91570720.00000001
1516631400,64.8585,66.3725,64.83318,66.3655,82801220
1516717800,66.9045,68.245,66.867,68.127,103386120.00000001
1516804200,68.741,69.408,66.9,67.8755,136149140
1516890600,68.4,68.917,67.881,68.8975,95060240.00000001
1516977000,69.6005,70.1265,69.0455,70.1025,97146200.00000001
1517236200,70.459,71.5695,70.022,70.884,114037959.99999999
1517322600,70.1585,71.9625,69.6,71.891,117438839.99999999
1517409000,72.565,73.629,72.502,72.5445,128493859.99999999
1517495400,72.25,72.993995,69.257095,69.5,182276160.00000003
1517581800,73.8695,74.9,70.7,71.4975,222514440.00000003
1517841000,70.131,72.949,66.036,69.5,229899699.99999997
1517927400,68.073,72.1995,67.5895,72.142,221336380.00000003
1518013800,72.45,73.0495,70.7575,70.839,143254820
1518100200,71.48375,71.68761,67.497,67.525,171571140
1518186600,68.6745,69.175,63.2965,66.98,282830480
1518445800,68.2335,69.6905,67.2005,69.3115,134778880
1518532200,69.2965,70.986,69.1765,70.7255,118357579.99999999
1518618600,70.3125,72.603,70.168,72.5525,119184179.99999999
1518705000,73.3445,73.447,71.841835,73.088,113054719.99999999
1518791400,72.8685,73.29,72.328,72.4345,89451280
1519137000,72.3245,74.4385,72.3245,73.4175,129984559.99999999
1519223400,74.25,75.1745,73.946,74.146,126087019.99999999
1519309800,74.768,75.127,73.788,74.267,97161260.00000001
1519396200,74.767,75,74.325,75,88362060
1519655400,75.46,76.142,75.35,76.0975,99099760.00000001
1519741800,76.225,76.339,75.3605,75.599,96175520.00000001
1519828200,75.9755,76.435,75.6,75.6225,90300460.00000001
1519914600,75.68,75.9245,73.25,74.6725,136704600
1520001000,73.455,75.0525,72.750505,75.0125,131751279.99999999
1520260200,74.712,76.269,74.05,76.1805,104678680.00000001
1520346600,76.66,77.1065,76.4,76.882,91234360.00000001
1520433000,76.326,77.295,76.1255,77.25,83482460
1520519400,77.5,77.744,77.2625,77.593,77252300
1520605800,78.175,78.947,77.954,78.9445,90685000.00000001
1520861400,79.63,80.2665,79.335,79.9195,103484220.00000001
1520947800,80.798,80.877,78.9005,79.409,130637839.99999999
1521034200,79.85,80.3222,79.5445,79.55,85188860
1521120600,79.75,79.8455,78.9055,79.116,81394020
1521207000,79.1725,79.472,78.375,78.584,108500240.00000001
1521466200,77.7265,78.083,76.2675,77.2465,131615319.99999999
1521552600,77.517,79.35,77.2705,79.3255,91631360.00000001
1521639000,79.3225,79.5,78.1585,79.093,95015420.00000001
1521725400,78.2735,78.6925,77.12,77.246,126411019.99999999
1521811800,76.9505,77.451,74.768,74.778,160120660
1522071000,76.5,77.8495,74.9625,77.793,112493999.99999999
1522157400,78.62,78.79825,74.116,74.8525,139992620
1522243800,72.35,72.795,69.3085,71.571,274106340
1522330200,70.3,72.7735,68.26,72.367,251622419.99999997
1522675800,70.881,71.0679,67.75,68.5995,209272140.00000003
1522762200,69.569,70.7,67.7665,69.6025,204624240.00000003
1522848600,67.912,70.7695,67.644,70.5285,139646100
1522935000,72.0995,72.977875,71.3535,72.5875,128269179.99999999
1523021400,71.4985,72.6251,70.013,70.2615,117645139.99999999
1523280600,71.2515,71.924,70.12855,70.304,84164120
1523367000,71.5995,71.919,70.785,71.811,85602880
1523453400,71.972,72.43879,71.2445,71.3525,71650660
1523539800,71.975,72.606,71.753,72.425,62700539.99999999
1523626200,72.4568,72.98904,71.226,71.5395,73705340
1523885400,72.25,72.35,71.374,72.075,56172479.99999999
1523971800,73.11475,75.3595,72.851095,75.1915,102288060.00000001
1524058200,75.732505,76.69,75.2055,76.392,104550180.00000001
1524144600,77.161,78.426,76.953,77.8455,130474559.99999999
1524231000,78.059995,78.059995,75.80465,76.3745,110832440.00000001
1524490200,77.334735,77.4,75.170515,75.893,89308480
1524576600,76.79,76.975,72.422375,73.0045,149893980
1524663000,72.9,73.4995,70.751,73.0085,131745799.99999999
1524749400,74.2505,76.471,73.925,75.898,176022020
1524835800,81.7005,81.905,78.3693,78.631,261064819.99999997
1525095000,79.125,79.8,78.04705,78.3065,109281700.00000001
1525181400,78.161,79.25,77.609,79.113,91441420.00000001
1525267800,79.049,79.42496,78.318,78.484,87205460
1525354200,78.0005,78.74,77.301,78.60375,85038340
1525440600,78.1225,79.245,78.1095,79.0475,68871340
1525699800,79.46685,80.34745,79.3915,80.007,76037100
1525786200,79.75,79.844,79.1255,79.6195,61358979.99999999
1525872600,80,80.4,79.6,80.4,72746040
1525959000,80.42377,80.78,80.172,80.454,56348999.99999999
1526045400,80.5495,80.555,79.89455,80.1455,45278000.00000001
1526304600,80.2,80.559,80.0025,80.077,50189660.00000001
1526391000,79.390235,79.390235,78.261005,78.806,101549300.00000001
1526477400,78.875,79.7215,78.8335,79.364,51411440.00000001
1526563800,79.028,79.702,78.65,79.088,42952120
1526650200,79.0665,79.179515,78.605,78.7185,52851680.00000001
1526909400,79.25,79.6025,78.75,79.273,58504699.99999999
1526995800,79.4945,79.4945,78.7625,79.07,42312780
1527082200,78.5525,80.093,78.317,80.093,67237840
1527168600,79.9015,80.412,79.419,80.1535,68599500
1527255000,80.15,80.706,80.02237,80.5075,53968000.00000001
1527600600,80.035445,81.0895,80.0075,80.6435,76929540
1527687000,80.905,81.3,80.6465,81.2445,58147139.99999999
1527773400,81.15,81.75,81.0675,81.481,63326599.99999999
1527859800,81.8515,82.336495,81.7545,82.077,66267699.99999999
1528119000,82.445,83.284,82.2745,83.2635,63754739.99999999
1528205400,83.6495,84.95,83.503,84.8175,95643540.00000001
1528291800,85.2255,85.725,84.3235,84.7875,109464260.00000001
1528378200,84.92788,84.995,83.80525,84.465,75313740
1528464600,84.056,84.472,83.6505,84.1995,59102199.99999999
1528723800,84.0755,84.71218,84.029615,84.456,46709680.00000001
1528810200,84.65,84.9755,84.576175,84.9375,45184300.00000001
1528896600,85.1405,85.6875,85.006,85.243,66550579.99999999
1528983000,85.674,86.24,85.4435,86.193,63488299.99999999
1529069400,85.7,86.0435,85.426,85.7985,95552920.00000001
1529328600,85.313,86.33702,85.128,86.1895,62154839.99999999
1529415000,85.452,86.8055,85.0195,86.739,85802340
1529501400,87.125,88.1465,87.068,87.504,86651820
1529587800,88,88.155,85.878,86.511,98822960.00000001
1529674200,87.131,87.15,85.595,85.7835,81502480
1529933400,85.1255,85.25,82.315445,83.1575,150223920
1530019800,83.6185,85.07825,83.167,84.5545,87731700
1530106200,85.4055,85.5975,83,83.0255,97444020.00000001
1530192600,83.627,85.275,83.05869,85.0725,90594000.00000001
1530279000,85.85,86.1705,84.71578,84.99,90870160.00000001
1530538200,84.135,85.6945,83.903,85.689,63713919.99999999
1530624600,86.198,86.25,84.624,84.698,43545520
1530797400,85.269,85.5345,84.107505,84.9865,59662199.99999999
1530883800,84.8,85.7634,84.5835,85.5315,53005240.00000001
1531143000,86.2025,86.978,85.8115,86.951,60239759.99999999
1531229400,86.9265,87.5,86.55,87.1535,60058099.99999999
1531315800,86.8995,87.848,86.7,87.75,64195639.99999999
1531402200,88.2255,89.9,88.109,89.831,90654860.00000001
1531488600,90.1965,90.765,89.76125,90.6515,87733580
1531747800,91.0975,92.0975,90.7225,91.1245,109323900.00000001
1531834200,90.578,92.5845,89.86919,92.1965,113657619.99999999
1531920600,92.4,92.944,91.5635,92.146,97238260.00000001
1532007000,91.473,92.05,90.5635,90.6485,93538840.00000001
1532093400,91.2505,91.742,90.503,90.685,77831320
1532352600,90.6105,90.95,88.4995,90.1,77769240
1532439000,91.4505,92,90.469145,91.462,85574460
1532525400,91.465,93.192,91.132,93.1805,76726660
1532611800,91.95,92.234,90.225,90.4,198487420.00000003
1532698200,93.8025,94.0025,90.3265,90.8635,193619180.00000003
1532957400,91.3665,91.475,88.301,88.961,131246419.99999999
1533043800,89.3245,90.0915,86.966,88.872,114774259.99999999
1533130200,89.2,89.921825,88.801,89.8585,83061920
1533216600,89.4385,91.828,89.3,91.7165,87093620
1533303000,91.88718,92.05,91.07505,91.1645,69209740
1533562200,91.2905,92.3885,90.946,92.3875,67836500
1533648600,92.7265,93.486,92.313365,93.124,67549460
1533735000,93.05,94.5755,92.725,94.326,79260340
1533821400,94.1,95.7285,93.874,94.926,97207480.00000001
1533907800,94.4255,94.975,93.910625,94.315,72798540
1534167000,94.925,96.25,94.6835,94.81,110629500.00000001
1534253400,95.9695,96.0505,95,95.9825,79722460
1534339800,95.4775,95.8105,93.4895,94.131,154013640
1534426200,95.197,95.25,94.177625,94.326,79141800
1534512600,94.29,94.4,92.7775,94.111,82086000
1534771800,94.5285,94.587325,93.30305,93.8355,57240319.99999999
1534858200,94,94.8875,93.72025,94.171,62112519.99999999
1534944600,93.832,95.29,93.832,95.245,61609279.99999999
1535031000,95.3585,95.975,95.038,95.145,71259940
1535117400,95.5255,95.8005,95.127,95.2695,56017259.99999999
1535376600,95.75,96.385,95.46405,96.384,71380740
1535463000,96.8865,97.088855,96.441,96.641,62014539.99999999
1535549400,97.6725,99.934495,97.447,99.905,130635219.99999999
1535635800,99.871,101.2785,99.345,100.119,145545140
1535722200,100.35,101.119,100.237,100.6355,84087560
1536067800,101.325,102.525,100.65,101.9755,114421859.99999999
1536154200,101.9055,102.019,99.4945,99.741,164411520
1536240600,100.32525,100.375,96.76045,97.9155,149773600
1536327000,96.9355,98.76,96.8675,97.6035,97852860.00000001
1536586200,98.55,98.652,96.57579,96.9505,90896620.00000001
1536672600,96.4135,99.444,95.85,99.3575,100672900.00000001
1536759000,99.7,100,98.122,99.5,88280240
1536845400,100,100.438,99.101385,99.4935,72430220
1536931800,99.6465,99.6824,97.961,98.5095,72840600
1537191000,97.7365,97.841,94.3705,95.4015,141003840
1537277400,95.9325,97.91,95.771955,97.0525,85374120
1537363800,97.025,97.0415,95.245,96.321,81136440
1537450200,96.929,97.75,96.6125,97.215,63098679.99999999
1537536600,97.711,97.8655,95.525055,95.7505,137117960
1537795800,95.1895,96.844,93.25,96.718,84274560
1537882200,97.145,98.7955,96.9425,98.7275,90768140.00000001
1537968600,98.425,99.7625,98.076,98.7425,86269180
1538055000,99.661825,100.80782,99.429,100.649,86587820
1538141400,100.2205,101.326,99.82324,100.15,81702700
1538400600,101.0995,101.6595,100.18,100.218,69365700
1538487000,99.9995,100.6695,98.2885,98.5655,108014980.00000001
1538573400,99.085,99.485,97.4905,97.638,105062620.00000001
1538659800,97.45,97.8,94.8285,95.471,145139460
1538746200,95.8995,96.454,93.1415,94.4825,136446540
1539005400,93.7,95.09981,91.533135,93.221,147863980
1539091800,92.9995,94.833795,92.616,93.516,95457320.00000001
1539178200,92.8945,92.928,87.7205,87.7625,219777100.00000003
1539264600,86.2,87.77,84.255,85.968,278717440
1539351000,90.4,90.4475,87.1265,89.4305,188891740.00000003
1539610200,89.75,89.7525,86.7115,88.0475,128743239.99999999
1539696600,89.175,91.194,88.0775,90.998,117198359.99999999
1539783000,92.1395,92.25,90.35,91.5865,105903540.00000001
1539869400,91.0745,91.5075,88.3935,88.536,117479899.99999999
1539955800,89.258,90.455,87.65,88.2015,118144919.99999999
1540215000,89.2,90.474995,87.8,89.465,90000300.00000001
1540301400,87.112,88.817,85.7,88.435,134478260
1540387800,88.685,88.885495,82.828,83.21,138567660
1540474200,85.167,89.7405,84.600505,89.1085,205714840.00000003
1540560600,82.4795,84.923,80.15,82.1405,299275660
1540819800,83,83.286915,74.75,76.944,277321540
1540906200,74.308,77.0495,73.818,76.521,249201719.99999997
1540992600,78.4995,81.1955,78.2545,79.9005,187804220.00000003
1541079000,81.1765,83.522325,79.922,83.2765,162710780
1541165400,83.9295,84.872,82.5915,83.2765,139110960
1541428200,82.8785,82.9045,79.818,81.39,112494539.99999999
1541514600,80.9175,83.25,80.7275,82.1405,85147060
1541601000,83.65,87.9615,83.20375,87.7745,163844680
1541687400,87.75,89.2,86.2555,87.7455,130697319.99999999
1541773800,86.625,87.19603,85.0935,85.6215,118043719.99999999
1542033000,84.912,85.4275,81.5005,81.8425,136124900
1542119400,82.4645,83.85319,80.6875,81.5585,118665419.99999999
1542205800,82.816,83.64976,79.8535,79.9505,129737819.99999999
1542292200,79.0505,81.241,77.3255,80.972,168546740
1542378600,79.375,80.724,78.656,79.6705,121321599.99999999
1542637800,78.8505,79.0595,75.168,75.6145,155799620
1542724200,71.875,76.7375,71,74.773,217576460.00000003
1542810600,77.1495,77.5,75.75,75.8365,114335999.99999999
1542983400,75.85,76.81,75.0905,75.103,54152840.00000001
1543242600,76.95,79.2405,76.211,79.0665,125154319.99999999
1543329000,78.7995,79.8825,77.9005,79.071,115664539.99999999
1543415400,80.696,84.0725,80.06075,83.8875,169174760
1543501800,83.7495,84.4995,82.61655,83.6785,132264859.99999999
1543588200,83.975,84.8,83.325,84.5085,115235219.99999999
1543847400,88.473,88.917,86.5,88.618,137243200
1543933800,87.8,88.51691,83.25,83.42,173889100
1544106600,80.7435,85.0525,80.4925,84.9595,175787880
1544193000,85.2535,85.94631,81.273,81.4565,151522640
1544452200,81.192,82.8995,79.5435,82.0515,149896160
1544538600,83.9,83.97342,80.98,82.162,124893899.99999999
1544625000,83.45,85.2495,83.0135,83.177,131959359.99999999
1544711400,84,84.606,82.075,82.919,105423240.00000001
1544797800,81.9,82.1285,79.25,79.5955,127343259.99999999
1545057000,78.3,78.8065,75.2505,76.0455,176595240
1545143400,77,78.3775,76.1505,77.574,130459499.99999999
1545229800,77.1525,79.2265,74.159,74.754,175843780
1545316200,74.2,75.475,71.6345,73.0415,199836660.00000003
1545402600,73.2495,74,68.198,68.8725,272806400
1545661800,67.3,69.8015,65.35,67.198,144399920
1545834600,68.4445,73.657835,68.1505,73.545,208236020.00000003
1545921000,72.71,73.45,69.5155,73.082,194440680.00000003
1546007400,73.6675,75.6735,72.45,73.901,176579000
1546266600,75.54,76.038,74.35,75.0985,139090140
1546439400,73.26,77.668,73.0465,76.9565,159662060
1546525800,76.0005,76.9,74.8555,75.014,139511440
1546612200,76.5,79.7,75.915505,78.7695,183651500.00000003
1546871400,80.1155,81.728,79.45925,81.4755,159864260
1546957800,83.2345,83.8305,80.8305,82.829,177628560
1547044200,82.649,83.389945,82.069765,82.971,126976019.99999999
1547130600,82.0505,83.1625,81.08075,82.811,130153859.99999999
1547217000,82.0275,83.0147,81.811,82.028,93724440.00000001
1547476200,80.75,82.41,79.7575,80.8605,120117759.99999999
1547562600,81.6,83.758,81.3005,83.728,119970199.99999999
1547649000,84.211,85.25,83.793935,84.189,127337279.99999999
1547735400,84,85.0085,83.875,84.661,84177500
1547821800,85.6,85.81,84.577,84.81,120410059.99999999
1548167400,84.05,84.09334,80.51,81.6085,128335919.99999999
1548253800,82.8,82.8715,80.6,82.001,104504240.00000001
1548340200,82.0535,82.86286,81.589235,82.7465,81798860
1548426600,83.525,84.174,83.08061,83.5285,99193580.00000001
1548685800,82.1795,82.25,80.7045,81.8945,96754220.00000001
1548772200,81.5635,81.619,79.536,79.694,92655640.00000001
1548858600,81.15,83.8475,80.984,83.5215,115676439.99999999
1548945000,84.6425,86.82055,83.954105,85.9365,218206760.00000003
1549031400,81.944,83.653,81.1005,81.3115,230124259.99999997
1549290600,81.15,82.4815,80.675,81.6655,98583740.00000001
1549377000,82.167,83.263,82.125,82.9405,89062100
1549463400,83.5375,83.613,81.667,82.013,78797660
1549549800,81.25,81.276945,79.6455,80.7185,92531780.00000001
1549636200,79.3,79.4295,78.3378,79.411,113149139.99999999
1549895400,80.049,80.4645,79.3,79.55,66346559.99999999
1549981800,80.2,81.96975,79.944,81.9005,97172080.00000001
1550068200,82.35,82.819,81.855315,82,71206420
1550154600,81.225,81.895,80.30305,81.1325,82410480
1550241000,81.393,81.445495,80.225,80.3975,86877860
1550586600,80.05,81.7,80.028,81.379,73633120
1550673000,81.5,81.7465,80.506,81.105,66751779.99999999
1550759400,80.9925,81.178,80.0455,80.972,69667840
1550845800,81.175,81.747,81.0585,81.578,61923819.99999999
1551105000,82.0725,82.73,81.519365,81.65,63689239.99999999
1551191400,81.299,81.9995,80.806675,81.82,53316300.00000001
1551277800,81.409,82.0905,80.755,82.0545,62976479.99999999
1551364200,81.7625,82.5885,81.6915,81.9915,60517819.99999999
1551450600,82.7565,83.713,82.55,83.5865,99497540.00000001
1551709800,84.25,85.4715,83.718,84.8085,123347159.99999999
1551796200,85.1475,85.39,84.4505,84.6215,73630440
1551882600,84.7985,84.8875,83.414,83.4475,79920020
1551969000,83.3685,83.48767,81.0255,81.2975,99140340.00000001
1552055400,80.2005,81.136,79.3285,81.04,93340280.00000001
1552311000,81.306,83.61425,81.3005,83.531,77527040
1552397400,83.45,84.21325,83.049,83.655,72289960
1552483800,84.15,85,83.9675,84.5405,71040820
1552570200,84.56,85.1,84.217,84.311,58932359.99999999
1552656600,85.15,85.94,84.6565,85.618,151017400
1552915800,85.635,87.5,85.6315,87.1075,108581160.00000001
1553002200,87.6755,89.208,87.6755,88.0925,127283219.99999999
1553088600,88.497,89.975,88.35169,89.8635,125312659.99999999
1553175000,89.813,91.1875,89.36405,90.963,115355939.99999999
1553261400,90.5085,90.949,88.1555,88.2385,127259659.99999999
1553520600,87.8895,89.133755,87.375,88.713,102076060.00000001
1553607000,89.65,90.2885,88.66799,89.188,97317600.00000001
1553693400,89.2065,89.375,87.284,88.285,86496020
1553779800,88.5,88.8965,87.6735,88.671,60859159.99999999
1553866200,89.329,89.643,88.8315,89.0375,66415859.99999999
1554125400,90.0055,90.7835,89.9365,90.7095,84775040
1554211800,90.551,91,90.25605,90.699,68962300
1554298200,91.336,91.5,90.481,91.035,79611800
1554384600,91.0325,91.4375,90.21,90.943,72477340
1554471000,91.45,91.929,91.2595,91.864,72809520
1554730200,91.6615,92.51,91.2555,92.493,75056820
1554816600,92.2745,92.6545,91.589,91.792,74287360
1554903000,92.05,92.4,91.4405,92.3665,59279459.99999999
1554989400,92.435,92.4975,92.0155,92.2035,53096840.00000001
1555075800,92.42,92.575,92.065,92.153,62288259.99999999
1555335000,92.1,92.3425,90.945,92.2435,74488460
1555421400,92.5675,93.4885,92.4,93.152,60892359.99999999
1555507800,93.6495,93.82365,93.022,93.241,57870339.99999999
1555594200,93.4395,93.541,92.974,93.0845,54997640.00000001
1555939800,92.77,94.421,92.282,94.3655,67476140
1556026200,94.56,96.463,94.479,96.1885,92808820.00000001
1556112600,96.25,96.484495,94.908,95.0875,73515620
1556199000,95.850175,96.1225,95.0155,95.1125,121982019.99999999
1556285400,96.45,97.55,94.9,97.5315,168651260
1556544600,97.45,97.81675,96.7045,96.9215,80425100
1556631000,96.505,96.7855,95.3475,96.326,70120140
1556717400,96.6545,97.182,95.5275,95.576,62339279.99999999
1556803800,95.6665,96.0775,94.0935,95.041,79258300
1556890200,97.45,98.22,96.8,98.123,127631279.99999999
1557149400,95.899,97.95,95.525,97.5275,108356820.00000001
1557235800,96.9995,97.455025,95.168975,96.05,118042679.99999999
1557322200,95.9435,96.7685,95.5,95.8885,81571360
1557408600,95,95.47,93.8,94.9935,106165260.00000001
1557495000,94.9,95.1895,92.8,94.499,114359879.99999999
1557754200,91.828,92.32675,90.9,91.134,115668199.99999999
1557840600,91.975,92.622,90.7875,92.006,92582140.00000001
1557927000,91.3975,93.72135,91.15,93.5575,93852840.00000001
1558013400,94.297,95.8755,94.1145,95.3785,94156440.00000001
1558099800,94.6525,95.5265,93.3665,93.45,94732360.00000001
1558359000,92.6345,93.389,91.777,92.9485,75963960
1558445400,93.7395,93.95,92.3,92.876,80102440
1558531800,92.589,93.57425,92.55,92.984,58732019.99999999
1558618200,91.8295,92.2,90.21,90.774,88485300
1558704600,91.7945,92.088,90.89255,91.164,67393460
1559050200,91.6375,92.463345,91.3675,91.8215,63999299.99999999
1559136600,91.156,91.5,90.376635,90.9595,85580500
1559223000,91.2745,91.4735,90.39125,90.816,62936999.99999999
1559309400,89.5005,89.77925,88.63517,88.7535,92376380.00000001
1559568600,88.0005,88.3145,83.6,84.6345,181974160.00000003
1559655000,84.962,86.541,84.0445,86.478,113582419.99999999
1559741400,87.48,87.6,85.76257,86.925,84795640
1559827800,86.8855,88,86.3065,87.718,73785440
1559914200,88.185,90.31269,87.9745,90.2015,96164920.00000001
1560173400,91.1,94.2435,90.9,93.0315,107420140.00000001
1560259800,94.1625,94.685,92.9,93.185,80853880
1560346200,92.699,93.25,92.219,92.766,53566700.00000001
1560432600,93.336,94.1545,93.111,93.515,55916200.00000001
1560519000,93.2,93.8,92.95,93.4835,57023259.99999999
1560778200,93.825,94.7844,93.7725,94.3015,52686840.00000001
1560864600,95.0675,96.0835,94.9895,95.0685,77914560
1560951000,95.392,95.979035,94.6235,95.4395,57906939.99999999
1561037400,96.6665,96.76,95.29,95.9095,64343059.99999999
1561123800,95.805,96.2975,95.379,95.565,78671520
1561383000,95.633,95.843,95.065,95.695,45659380.00000001
1561469400,95.592,95.81925,93.621,93.9135,60246939.99999999
1561555800,94.624,95.19,94.366,94.8915,48838200.00000001
1561642200,95.1,95.562,94.902,95.214,42834420
1561728600,95.455,95.647,94.2,94.6815,60747159.99999999
1561987800,96.149,96.491,95.733,96.1095,64066939.99999999
1562074200,95.969,96.7395,95.3315,96.7155,53025980.00000001
1562160600,96.7945,97.0795,96.525,96.95,33805880
1562333400,96.43,97.295,96.265,97.1455,52567180.00000001
1562592600,96.706,97.8,96.41266,97.616,57667419.99999999
1562679000,97.39,99.5005,97.17375,99.415,86913960
1562765400,99.8255,101.247,99.77,100.8705,98638040.00000001
1562851800,101.281,101.79,99.765,100.0535,86355320
1562938200,100.4135,100.85,100.1935,100.55,50185940.00000001
1563197400,101.07,101.145,100.0775,101.0495,59626859.99999999
1563283800,100.529,101.31598,100.061,100.495,52363960.00000001
1563370200,100.3525,100.6,99.6015,99.6015,51176180.00000001
1563456600,99.0005,99.375,97.5775,98.895,70085040
1563543000,99.5605,99.8,98.111275,98.226,63712239.99999999
1563802200,98.557,99.45,97.913,99.2815,58162219.99999999
1563888600,99.7995,99.8895,98.6565,99.7245,54069600.00000001
1563975000,98.465,100.065,98.2935,100.0405,52626000.00000001
1564061400,100.05,100.06,98.636,98.691,82729220
1564147800,97.1,97.54475,96.2255,97.1525,98542860.00000001
1564407000,96.5,96.6113,94.527,95.6225,89863800.00000001
1564493400,94.55575,95.4945,94.174,94.9265,58217759.99999999
1564579800,94.9055,94.9775,92.472,93.339,89414540
1564666200,93.586,94.896,92.2005,92.766,94266220.00000001
1564752600,92.2535,92.31817,90.401,91.162,99124500.00000001
1565011800,88.511,89.43339,87.439,88.2565,121164239.99999999
1565098200,89.6115,89.6885,87.67,89.3915,101405160.00000001
1565184600,88.6995,89.9465,87.85,89.67,90537680.00000001
1565271000,90.3,91.713,89.9055,91.6445,74024840
1565357400,91.4475,91.55455,90.111,90.379,57595399.99999999
1565616600,89.7995,90.049,88.85,89.246,58109959.99999999
1565703000,89.15,91.587145,89,91.217,81500420
1565789400,89.6505,89.78257,87.86075,88.148,97872980.00000001
1565875800,89.0995,89.4,88.098,88.806,76198960
1565962200,89.6445,90.14541,89.22748,89.6285,61084799.99999999
1566221400,90.904,91.3,90.6305,90.806,56406059.99999999
1566307800,90.725,90.841,89.994,90.069,38656700
1566394200,90.9695,91.478925,90.75,91.177,40784620
1566480600,91.4,91.470555,90.005,90.28,53167760.00000001
1566567000,89.6515,90.24481,87.2615,87.481,105557960.00000001
1566826200,88.3455,88.5,87.1755,88.4435,61706399.99999999
1566912600,88.7865,88.97,87.334,88.0915,60544899.99999999
1566999000,87.75,88.393,87.202525,88.2125,48437860.00000001
1567085400,89.15,89.9275,88.8625,89.32,60360239.99999999
1567171800,89.8745,89.987,88.2285,88.8145,61282939.99999999
1567517400,88.5,90.04,88.4,89.492,70937180
1567603800,90.25,90.38154,89.8115,90.031,46524560.00000001
1567690200,91.0975,92.1,90.77875,92.036,66503779.99999999
1567776600,91.911,92.0325,91.32,91.6755,49938660.00000001
1568035800,92.05,92.5,91.2305,91.5675,59990299.99999999
1568122200,91.1375,91.2905,90.26678,91.0275,52277580.00000001
1568208600,90.607,91.671,90.454,91.1495,48655340.00000001
1568295000,91.8815,92.683,91.714,92.1775,56470099.99999999
1568381400,92.1005,92.306075,91.7585,91.967,39426340
1568640600,91.201,91.284705,90.01,90.392,73509460
1568727000,90.354,91.1995,90.205,91.1275,40661160
1568813400,90.852,91.103,89.775,90.873,50720240.00000001
1568899800,91.051,91.6285,90.895,91.075,41566700
1568986200,91.0855,91.5315,89.046,89.708,111116780.00000001
1569245400,88.85,89.635,88.366,89.265,62782839.99999999
1569331800,89.53025,89.78525,86.77725,87.0805,92758020.00000001
1569418200,87.368,88.65,86.15,88.4165,70621960
1569504600,88.1395,88.1685,86.575,86.992,71439040
1569591000,87.4,87.456,85.691,86.2725,78960580
1569850200,86.3495,86.873,85.461,86.7955,55215360.00000001
1569936600,87.3,87.78,86.4205,86.7825,63409199.99999999
1570023000,86.387,86.4445,85.25,85.6615,66769519.99999999
1570109400,85.65,86.25,84.253,86.221,72487420
1570195800,86.301,87.02875,85.9615,86.9825,49785540.00000001
1570455000,86.5815,87.3915,86.185,86.633,43751960
1570541400,86.1245,86.35,85.25,85.2755,52536800.00000001
1570627800,85.9805,86.4975,85.718,86.0995,41786700
1570714200,86.262,86.9145,85.6875,86.013,54430620.00000001
1570800600,87.146,87.2725,86.493,86.596,65590679.99999999
1571059800,86.4455,87.094435,86.1,86.8215,38577960
1571146200,87.107,88.8225,87.031,88.369,62584879.99999999
1571232600,88.6665,89.312,88.52605,88.8715,56081359.99999999
1571319000,89.8245,89.9425,89.101,89.374,54275460.00000001
1571405400,89.39,89.699,87.460005,87.8755,67321820
1571664600,88.483,89.294,88.25,89.283,44498040
1571751000,89.4075,89.488995,88.1,88.2865,44688500
1571837400,88.065,88.5025,87.1,88.1085,43807600
1571923800,88.5545,89.416895,88.0135,89.039,104087000.00000001
1572010200,84.8775,88.2105,84.75,88.0665,192528040.00000003
1572269400,87.403,88.935,87.125,88.854,74177020
1572355800,88.7405,88.85,87.7905,88.1355,45537100.00000001
1572442200,88.012,89.119,87.95575,88.9995,48988100.00000001
1572528600,88.7995,89.6,88.573765,88.833,55623700.00000001
1572615000,89.4005,89.87225,89.2605,89.572,55807080.00000001
1572877800,90.0505,90.753,90.0505,90.233,55438440.00000001
1572964200,90.458,90.5125,89.7,90.0855,37710860
1573050600,90.05,90.125,89.429,89.7885,40595660
1573137000,90.188,90.295,89.174,89.41,53021720.00000001
1573223400,89.3945,89.494,88.702,89.294,42523960
1573482600,88.9,89,88.3565,88.5825,38956200
1573569000,88.733,89.311,88.5955,88.9,40778500
1573655400,88.6695,88.75,87.36608,87.6555,58537839.99999999
1573741800,87.5715,88.329655,87.478,87.73,45388340.00000001
1573828200,88.0025,88.084,86.643,86.9745,78622820
1574087400,86.915,87.685,86.1355,87.6265,56838139.99999999
1574173800,87.8495,88.034,87.1515,87.6395,45490700.00000001
1574260200,87.457,88.1262,86.706,87.2765,55875180.00000001
1574346600,87.15,87.3435,86.518,86.7355,53258760.00000001
1574433000,86.951,87.3215,86.55,87.286,49581620.00000001
1574692200,87.6625,88.871,87.662,88.692,69789340
1574778600,88.996,89.8515,88.9175,89.847,63808559.99999999
1574865000,90.05,91.225,89.8655,90.9255,60716919.99999999
1575037800,90.889,91.2345,90.0395,90.04,38468800
1575297000,90.22,90.2775,88.134,89.08,78635000
1575383400,88,88.6435,87.3615,88.498,70591640
1575469800,88.7005,89.45447,88.011005,88.0345,53614000.00000001
1575556200,88.175,88.175,87,87.024,56557039.99999999
1575642600,87.56,87.72,87.0065,87.58,62399579.99999999
1575901800,87.533,88.344595,87.2805,87.4755,50049780.00000001
1575988200,87.37,87.5335,86.75,86.9605,50312880.00000001
1576074600,87.0835,87.5,86.78551,87.436,42026360
1576161000,87.5,88.2,87.272,88.0165,62078979.99999999
1576247400,88.25,88.4495,87.75,88.047,54958180.00000001
1576506600,88.35,88.475,87.8525,88.4605,62986899.99999999
1576593000,88.9005,89.6,88.8695,89.533,72933940
1576679400,89.751,89.91,89.118,89.2015,67082739.99999999
1576765800,89.025,89.6495,88.703,89.614,54766400.00000001
1576852200,89.98075,90.1485,89.1225,89.325,103049200.00000001
1577111400,89.413,89.65,89.2255,89.65,42749860
1577197800,89.6905,89.7785,89.37875,89.4605,17626740
1577370600,90.0505,93.523,89.975,93.4385,120492159.99999999
1577457000,94.146,95.07,93.3005,93.49,123775079.99999999
1577716200,93.7,94.2,92.031,92.3445,73546120
1577802600,92.1,92.663,91.6115,92.392,50207600.00000001
1577975400,93.75,94.9005,93.2075,94.9005,80718200
1578061800,93.225,94.309825,93.225,93.7485,75332080
1578321000,93,95.1845,93,95.144,81313960
1578407400,95.225,95.6945,94.602165,95.343,82680200
1578493800,94.902,95.549995,94.32224,94.5985,70239320
1578580200,95.4945,95.891,94.79019,95.0525,63499239.99999999
1578666600,95.2685,95.347,94,94.158,57139179.99999999
1578925800,94.5655,94.9,94.04,94.565,55716880.00000001
1579012200,94.294,94.3555,92.9275,93.472,68927620
1579098600,93.6125,93.943,92.7545,93.101,57931839.99999999
1579185000,94.1495,94.2795,93.301,93.897,53189860.00000001
1579271400,94.2945,94.332,92.8625,93.236,79946800
1579617000,93.25,94.7135,93,94.6,74155700
1579703400,94.8045,95.125,94.167,94.373,64325139.99999999
1579789800,94.2555,94.49875,93.638,94.229,49692260.00000001
1579876200,94.5685,94.7495,92.372,93.082,75323620
1580135400,91,92.05,90.767,91.417,70570180
1580221800,92.025,92.9055,91.501,92.6625,56160799.99999999
1580308200,93.2,93.7375,92.751,92.9,42027800
1580394600,92.9,93.6435,92.5305,93.534,126548759.99999999
1580481000,102.5735,102.786,100.1135,100.436,311345660
1580740200,100.53,102.425,100.0125,100.21,117981879.99999999
1580826600,101.494,102.99,100.7685,102.4835,105786760.00000001
1580913000,103.551,103.551,101.6,101.9935,87523480
1580999400,102.051,102.815,101.240005,102.5115,63659079.99999999
1581085800,102.0995,104.9265,101.905,103.964,101906940.00000001
1581345000,104.2505,106.78,104.248,106.6955,101124700.00000001
1581431400,107.545,109.2975,106.8,107.54,114920219.99999999
1581517800,108.16,109.01247,107.7645,108,66685279.99999999
1581604200,107.2495,108.514,107.1,107.4935,60635819.99999999
1581690600,107.784,107.95176,106.2945,106.7435,52123380.00000001
1582036200,106.251,108.3035,106.20525,107.7835,59021399.99999999
1582122600,108.39,109.255,108.056,108.511,51223300.00000001
1582209000,108.6535,108.8395,106.3725,107.655,62626839.99999999
1582295400,107.1075,107.2275,104.4,104.7985,93014800.00000001
1582554600,100.159,101.96475,99.39871,100.4645,130939939.99999999
1582641000,101.321,101.73,97.921,98.637,124381879.99999999
1582727400,98.514,100.7335,98.0225,98.9795,104808040.00000001
1582813800,96.719,98.75,94.138105,94.215,162879860
1582900200,90.7315,94.488,90.55645,94.1875,189875940.00000003
1583159400,95.3245,97.7255,93.5,97.6975,135233020
1583245800,98.7685,99.8165,94.404505,95.4495,150689820
1583332200,97.3285,98.9,96.1,98.7915,95458380.00000001
1583418600,96.65,98.036,95.5,96.2015,94964200.00000001
1583505000,93.75,95.5435,93.475,95.0545,105471600.00000001
1583760600,88.693,93.1385,88.064505,90.0305,156264640
1583847000,93.544,94.7135,90.9085,94.591,142666200
1583933400,92.8925,93.56597,90.075,91.043,112936619.99999999
1584019800,86.099,88.25,83.75,83.8305,226924279.99999997
1584106200,87.75,89.3155,84.031,89.25,176194500
1584365400,82.0755,87.972595,81.30159,84.4575,178345300
1584451800,88.7735,92.88875,84.46201,90.392,218342580.00000003
1584538200,87.5,92.083,87.25,91.5,192904360.00000003
1584624600,93,97.25,91.6325,94.0465,207998860.00000003
1584711000,96.3155,97.85,91.0365,92.3045,196357000.00000003
1584970200,91.3875,95.97,90.6,95.1415,156169780
1585056600,97.57475,97.75,95.017015,97.005,142941600
1585143000,96.0345,97.513,94.289,94.292,129581459.99999999
1585229400,95.1,97.8245,94.4645,97.7745,124702359.99999999
1585315800,96.543,96.9895,94.996,95.005,107757940.00000001
1585575000,96.1415,98.6815,95.617,98.1975,122521739.99999999
1585661400,98.2175,99.651,97.2005,97.486,102472520.00000001
1585747800,96.6485,97.248,94.65,95.385,82437500
1585834200,95.082,96.37629,94.5,95.9415,86719700
1585920600,95.5575,96.3165,94.4575,95.3295,72197400
1586179800,96.8,99.926,96.501,99.8795,115463619.99999999
1586266200,100.8555,101.786,99.881,100.58,102279660.00000001
1586352600,101.05,102.2,100.5575,102.15,79546260
1586439000,102.215,102.65,100.883,102.138,93112340.00000001
1586784600,102,109,101.9,108.4435,134334180
1586871000,110.0235,114.6,109.3105,114.166,161743860
1586957400,112.884,116.66845,112.25,115.384,137331340
1587043800,117.3,123.049905,116.75,120.4095,240764019.99999997
1587130200,118.6165,120,115.801,118.75,158600200
1587389400,119.4975,122.249,119.3025,119.6805,115413879.99999999
1587475800,120.8305,121.415495,113.983,116.406,149533580
1587562200,118.45,119.7,117.55,118.1745,84365900
1587648600,119.999,121.211,119.104,119.9725,101331040.00000001
1587735000,120.85,121.02166,119.1,120.511,76635940
1587994200,122.16,122.244,118.15,118.8,112912899.99999999
1588080600,118.605,118.675,115.3,115.704,105388920.00000001
1588167000,116.5005,119.5945,115.5,118.6355,91831860.00000001
1588253400,120.992,123.75,119.8005,123.7,190692220.00000003
1588339800,116.84,118.122,112.909505,114.302,195452100.00000003
1588599000,112.819,116.349,112.819,115.7995,97318520.00000001
1588685400,117,117.55,115.356255,115.89,64849919.99999999
1588771800,116.472,117.8725,116,117.563,62356279.99999999
1588858200,118.739,118.8,117.1555,118.3805,67928220
1588944600,118.607,119.362245,117.85,118.9805,64224559.99999999
1589203800,118.735,120.98325,118.6055,120.45,65184619.99999999
1589290200,120.5925,120.949995,117.75,117.8475,61498319.99999999
1589376600,118.34,120.385,116.89025,118.396,95658380.00000001
1589463000,118.0505,119.5685,117.6605,119.4425,72962560
1589549400,118.426,120.55,117.8185,120.489,84699020
1589808600,120.21728,121.65,119.2005,121.313,87331440
1589895000,121.4915,124.24975,121.4485,122.4665,86409960
1589981400,123.8935,125.0005,123.3635,124.897,79962860
1590067800,125,126.2725,122.127,122.337,102288060.00000001
1590154200,122.7505,123.4925,121.5065,121.844,57341579.99999999
1590499800,122.9,123.1,120.703,121.093,71363060
1590586200,120.2495,120.679,116.5,120.5195,101138900.00000001
1590672600,119.2165,121.848495,118.9115,120.055,63862719.99999999
1590759000,120.797,122.1185,119.909865,122.1185,70586580
1591018200,122.4,123.8465,122.2085,123.552,58760639.99999999
1591104600,123.35,123.6765,122.2655,123.6205,50598060.00000001
1591191000,123.4005,124.4,123.0585,123.92,53420480.00000001
1591277400,123.8715,125.377,122.5005,123.03,58974199.99999999
1591363800,122.2255,124.43225,121.8565,124.15,66128899.99999999
1591623000,125.01,126.5,124.36675,126.203,79413080
1591709400,126.472,131.3215,126.25,130.043,103519000.00000001
1591795800,132.25,136.1175,131.313,132.3725,98920620.00000001
1591882200,130.175,133.569,126.8115,127.898,116002139.99999999
1591968600,130.0605,131.07383,125.1675,127.251,108722540.00000001
1592227800,126.33,129.2,125.400005,128.634,77466700
1592314200,131,131,128.8,130.7635,71912980
1592400600,132.375,132.75,131.591,132.049,59186319.99999999
1592487000,132.3505,132.982,131.8055,132.699,49755480.00000001
1592573400,133.904,134.8715,132.95,133.7505,115539259.99999999
1592832600,134.225,135.75,133.45,135.691,64175599.99999999
1592919000,136.301,139.1555,135.902,138.2205,84634140
1593005400,139,139.8,136.05,136.72,90532100.00000001
1593091800,136.9775,137.8115,135.607,137.729,59373139.99999999
1593178200,138.7528,139.12844,134.4,134.6435,130015679.99999999
1593437400,134.5005,134.84,131.504,134.019,84468440
1593523800,134.25325,138.4815,133.7515,137.941,75393720
1593610200,137.8995,144.75,137.7,143.935,127268779.99999999
1593696600,145.6005,147.778,143.555105,144.515,131867739.99999999
1594042200,146.7485,152.994,146.5,152.852,137612840
1594128600,152.9275,153.4775,149.5,150.006,105150280.00000001
1594215000,151.1305,154.1985,150.621505,154.0555,100752700.00000001
1594301400,155.7995,159.693995,153.70008,159.1315,127773179.99999999
1594387800,159.588,160.75,156.785,160,109719640.00000001
1594647000,162.553,167.2145,153.419505,155.2,154408400
1594733400,154.45,156.369,147.5,154.2,144638660
1594819800,154.0115,154.9175,148.659005,150.4435,115777479.99999999
1594906200,148.553,151.6,145.9115,149.995,127884919.99999999
1594992600,150.45,151.2,147.4225,148.0985,95226380.00000001
1595251800,150.01,160.067995,149.70086,159.842,151963520
1595338200,161.6245,162.02879,155.286,156.9145,122699299.99999999
1595424600,156.25,157.499995,153.263,154.9955,82084500
1595511000,154.913565,154.913565,148.5,149.3275,113138119.99999999
1595597400,146.5,151.579,144.4,150.4455,112648259.99999999
1595856600,153.1,154.9,150.7885,152.7605,83409840
1595943000,152.7135,153.85463,149.788,150.0165,62533019.99999999
1596029400,151.5495,151.95796,149.8385,151.6765,59481199.99999999
1596115800,150.7,154.6,150.25,152.594,122565299.99999999
1596202200,162.2,162.341,157.55,158.234,161667380
1596461400,159.0255,159.2,155.2,155.5945,101493260.00000001
1596547800,155.0605,158.362,155.0605,156.9415,93885880.00000001
1596634200,157.1885,160.679295,156.365,160.2515,78600500
1596720600,159.718,162.3735,158.2715,161.25,78812040
1596807000,161.2005,162.0405,157.03363,158.373,78722540
1597066200,158.5155,158.6255,155.076,157.408,63345479.99999999
1597152600,155.66,157.961,153.65,154.0335,74361140
1597239000,155.4,158.71925,155.071,158.112,70544580
1597325400,159.1495,160.876055,157.75,158.051,62980859.99999999
1597411800,158.909,158.911785,156,157.401,55034460.00000001
1597671000,158.656,159.7485,157.708875,159.1205,53824740.00000001
1597757400,160.6,166,160.290935,165.6245,106919480.00000001
1597843800,165.1505,165.795,162.800005,163.024,83702740
1597930200,162.6,165.631,161.9,164.8685,66649559.99999999
1598016600,164.75,165.71981,163.7695,164.236,71517240
1598275800,165.5075,169.01575,162.87804,165.373,93325160.00000001
1598362200,164.7495,167.87,163.35,167.3245,79856840
1598448600,167.5555,172.586935,167.228375,172.0925,130174859.99999999
1598535000,172.5025,172.65,168.9,170,85295900
1598621400,171.15,171.668495,169.325,170.09,57939559.99999999
1598880600,170.4495,174.75,170.25,172.548,83717700
1598967000,174.479,175.6935,173.35,174.956,69528140
1599053400,177.35,177.6125,174.33425,176.5725,78629520
1599139800,174.25,174.4205,165.15,168.4,163222260
1599226200,165.9,169.075,155.5565,164.731,175635080
1599571800,157.2,162.54225,156.5,157.492,121884099.99999999
1599658200,160.1495,165.15875,159.25,163.4305,103773500.00000001
1599744600,165.36094,167.4945,158.5275,158.7555,106614820.00000001
1599831000,160.4345,160.867045,154.199,155.811,101879640.00000001
1600090200,158.64686,159.3695,154.8,155.1485,90591920.00000001
1600176600,156.808,158.751,155.446,157.8065,80430700
1600263000,158.9995,159.3619,153.7075,153.905,90623780.00000001
1600349400,150.4625,151.4716,148.6275,150.4365,128980999.99999999
1600435800,151.587,151.89,145.277,147.7455,177851600
1600695000,145.325,148.1,143.55,148.0235,122358499.99999999
1600781400,151.69175,156.6995,150.01,156.4495,138976320
1600867800,156.0215,156.34995,149.618795,149.993,113053299.99999999
1600954200,148.8895,153.465,148.25,150.9895,110587840.00000001
1601040600,152.743,155.077,149.95,154.7565,92304040.00000001
1601299800,157.4425,158.752,155.85842,158.7025,84483300
1601386200,158.7695,159.413,156.627,157.244,70067960
1601472600,157.057,160.644,156.6995,157.4365,97922020.00000001
1601559000,160.4,161.2,158.6,161.063,99438440.00000001
1601645400,157.6815,159.789825,156.15,156.25,112261959.99999999
1601904600,157.292,160.1265,157.0425,159.96,75506640
1601991000,158.25,159.1,154.5,154.998,101737140.00000001
1602077400,156.75,160,156.61925,159.7845,86188780
1602163800,161.2495,161.66472,158.7495,159.5275,63482279.99999999
1602250200,160.5,164.4495,159.8915,164.3325,98157420.00000001
1602509400,167.497,174.812,166.9775,172.1465,167283960
1602595800,173.3995,174.619,171.21085,172.1815,114893939.99999999
1602682200,172.35,173.244,167,168.1855,116578319.99999999
1602768600,164.6005,167.794,164,166.9325,104468960.00000001
1602855000,168.1615,169.98303,158,163.6355,129487059.99999999
1603114200,164.9805,166.45,159.63675,160.3605,104472520.00000001
1603200600,161.114,163.3,159.6005,160.8505,90193560.00000001
1603287000,160.625,161.69375,158,159.247,91854720.00000001
1603373400,159.4935,159.9375,156.097,158.82,84240100
1603459800,159.55,160.2665,157,160.22,69333740
1603719000,159.937,164.148995,157.665,160.352,118023019.99999999
1603805400,161.247,164.583,160.565,164.3165,85820940
1603891800,162.465,163.201,158.1235,158.139,111766600.00000001
1603978200,160.0635,162.8625,158.2,160.5505,131930579.99999999
1604064600,157.8875,158.3502,150.95,151.8075,167921620
1604327400,153.087,153.98525,147.506,150.224,145147000
1604413800,150.9265,153.745,149.049,152.4205,97957600.00000001
1604500200,157.9995,162.2425,156.9865,162.058,136780820
1604586600,165.9985,168.34,164.444,166.1,115785699.99999999
1604673000,165.232,166.1,161.6,165.5685,92946600.00000001
1604932200,161.5515,164.45,155.605285,157.187,143808120
1605018600,154.751,155.7,150.97414,151.751,131819119.99999999
1605105000,153.089,156.95725,152.5,156.8695,87338460
1605191400,157.9975,158.794,154.3025,155.514,87424160
1605277800,156.1,157.086135,154.2695,156.4405,75251740
1605537000,154.66,157.135,153.63425,156.553,76173520
1605623400,159.177225,159.4625,156.763,156.783,68894700
1605709800,156.7,157,155.255,155.273,58336719.99999999
1605796200,155.2655,156.25,154.046,155.851,60205399.99999999
1605882600,155.851,156.6445,154.90228,154.97,67602760
1606141800,155.83493,156.98725,153.273,154.9195,94177740.00000001
1606228200,155.025,156.7125,154.3129,155.903,72042040
1606314600,157.0935,159.9,157.013,159.2535,75808060
1606487400,160.563,160.8095,159.5025,159.767,47857340.00000001
1606746600,160.424,161.4195,156.2775,158.402,81278320
1606833000,159.425,162.4475,157.859,161.004,90887640.00000001
1606919400,161.0825,161.6,158.663005,160.1765,62586079.99999999
1607005800,160.273,161.432,159.0655,159.3365,57840779.99999999
1607092200,159.9105,159.9105,157.938,158.129,58272219.99999999
1607351400,157.824,159.038,157.0845,157.9,55026320.00000001
1607437800,157.945,159.2065,156.001,158.8645,65726059.99999999
1607524200,158.3945,158.7215,154.4,155.21,82016720
1607610600,154.4495,157.105,153.8,155.0745,60603719.99999999
1607697000,154.833,155.9335,153.641,155.821,61293899.99999999
1607956200,157.15,159.5235,156.3,157.8485,83115880
1608042600,159.0505,159.424995,156.5245,158.256,66473719.99999999
1608129000,158.8005,162.35,158.184,162.048,88552320
1608215400,162.5,163.1755,161.05,161.804,69486940
1608301800,162.1995,162.471,158.58,160.0825,119914259.99999999
1608561000,160.0005,161.34833,158.3,160.309,76736920
1608647400,160.14217,161.1,159.004,160.326,47635620.00000001
1608733800,160.25,160.5065,159.2085,159.2635,41875740
1608820200,159.695,160.1,158.45,158.6345,29038340
1609165800,159.7,165.2,158.6345,164.198,113735739.99999999
1609252200,165.497,167.5325,164.06115,166.1,97458660.00000001
1609338600,167.05,167.105,164.1235,164.2925,64186199.99999999
1609425000,163.75,164.146095,162.06,162.8465,59144119.99999999
1609770600,163.5,163.6,157.201,159.3315,88228980
1609857000,158.3005,161.169,158.253,160.9255,53110960.00000001
1609943400,157.324,159.87545,156.558,156.919,87896300
1610029800,157.85,160.4271,157.75,158.108,70290900
1610116200,159,159.532,157.11,159.135,70754880
1610375400,157.4005,157.819205,155.5,155.7105,73381900
1610461800,156,157.10709,154.3,156.0415,70291640
1610548200,156.422,159.4975,156.104,158.2945,66424879.99999999
1610634600,158.376,158.899995,156.0295,156.3735,61418379.99999999
1610721000,156.151,157.12725,154.7585,155.2125,84879900
1611066600,155.35,157.25,154.8,156.038,66102839.99999999
1611153000,159.0995,163.99,158.75,163.169,106196700.00000001
1611239400,164.65,167.4275,164.478375,165.3495,98901020.00000001
1611325800,165.2155,166.0955,164.15822,164.6115,56438279.99999999
1611585000,166.425,168.1945,162.157315,164.7,74995160
1611671400,164.817795,166.9,164.1435,166.3065,59104699.99999999
1611757800,167.0745,167.326,160.354,161.629,93203160.00000001
1611844200,161.752,165.084,161.4345,161.881,62984559.99999999
1611930600,161.5,161.8495,159.2275,160.31,85871120
1612189800,162.118,167.513,161.75125,167.144,83204240
1612276200,169,171.387,168.05625,169,141972740
1612362600,171.2505,171.7,165.431,165.6265,141775620
1612449000,166.5,167.35,163.8875,166.55,73413220
1612535400,165.95,168.85,165.1355,167.6075,72416160
1612794600,167.925,168.249995,165.2,166.147,65147819.99999999
1612881000,165.6245,166.9,164.892,165.25,44070520
1612967400,165.7,165.89774,162.7,164.329,63030999.99999999
1613053800,164.6,164.6,162.403,163.1065,46028340.00000001
1613140200,162.5,164.0125,161.6655,163.8855,46706780.00000001
1613485800,162.7025,165.415,162.67955,163.4475,51494420.00000001
1613572200,163.18,166.0455,162.97498,165.432,66041979.99999999
1613658600,164.121,166.9,163.697,166.4115,60672139.99999999
1613745000,166.4115,166.675,162.2875,162.495,86103680
1614004200,160.4065,161.615995,158.613,159.037,70313580
1614090600,156.3515,160.2365,154.68,159.725,93544440.00000001
1614177000,158.3375,158.5615,156.269,157.9765,60225499.99999999
1614263400,156.837,158.913,152.388,152.858,90676020.00000001
1614349800,154.76,156.122,151.835,154.6465,85518600
1614609000,156.3945,157.478,154.8995,157.307,54679260.00000001
1614695400,157.1735,158.176,154.356005,154.7265,51915240.00000001
1614781800,154.059,155.38875,149.75,150.25,79774500
1614868200,150.6,152.9065,147.2715,148.8785,109631560.00000001
1614954600,150.25,150.45,144.050005,150.023,107771020.00000001
1615213800,150.75,153.2295,147.5655,147.5975,83700160
1615300200,150.8995,154.548,150.25737,153.1425,80600640
1615386600,154.9225,155.823,151.5025,152.882,60249779.99999999
1615473000,155.2005,156.589215,154.1465,155.6795,55527820.00000001
1615559400,153.75,154.949,152.275,154.4745,48437760.00000001
1615815000,153.7285,154.112,151.6045,154.084,58371839.99999999
1615901400,155.2485,156.4455,153.793005,154.593,50775280.00000001
1615987800,153.661,158.6525,153.511,156.7865,62371679.99999999
1616074200,155.05,155.8315,151.25,151.3995,73140540
1616160600,151.4615,153.86425,150.8315,153.748,92507080.00000001
1616419800,153.3925,156.329,153.0025,155.5435,58043579.99999999
1616506200,156.35,159.1,156.042505,156.875,76345260
1616592600,157.552,158.0155,154.2575,154.3535,59179619.99999999
1616679000,153.6495,155.489,151.857,152.313,71269380
1616765400,152.203,152.833,149.8,152.6015,66258479.99999999
1617024600,152.77197,154.5625,151.42225,153.7865,54919360.00000001
1617111000,153.5005,153.65,151.7,152.7645,46752060.00000001
1617197400,153.203,155.9665,153.125,154.704,61877919.99999999
1617283800,155.897,158.122,155.7775,158.05,58806359.99999999
1617629400,158.65,161.79775,158.062,161.3365,66697639.99999999
1617715800,161.1875,162.3655,160.852,161.191,50756180.00000001
1617802200,161.69,165.180625,161.1825,163.9695,66924539.99999999
1617888600,165.545,166.225,164.6,164.965,56241799.99999999
1617975000,165.235,168.61,164.445,168.61,86829460
1618234200,167.7605,169.752,167.5575,168.9695,65635959.99999999
1618320600,170.04225,171.6,169.7815,170,66316739.99999999
1618407000,170.202,170.2065,166.3,166.65,62904079.99999999
1618493400,168.55,169.849995,167.6,168.9545,64671599.99999999
1618579800,169,170.34,167.7795,169.972,63720979.99999999
1618839000,169.5165,171.796665,168.008,168.6005,54508100.00000001
1618925400,168.68,169.1495,165.8,166.7345,52460640.00000001
1619011800,165.8,168.143,165.190305,168.101,44223320
1619098200,168.584,168.6435,165.0725,165.452,51611800.00000001
1619184600,165.955,168.75,165.425,167.044,63933039.99999999
1619443800,167.4,171.4225,166.547,170.45,97614160.00000001
1619530200,172.1735,173,169.9005,170.8715,76542800
1619616600,171.74,174.494,171.25,172.925,92637680.00000001
1619703000,175.254905,175.72225,171.75,173.5655,153647620
1619789400,176.256,177.7,173.125,173.371,140186920
1620048600,174.2365,174.33225,168.63506,169.3245,117510599.99999999
1620135000,167.8095,168.39875,163.6065,165.5935,108788980.00000001
1620221400,166.94275,167.73475,163.218,163.527,74226160
1620307800,163.5,165.72,162.36,165.3185,88953920
1620394200,165.9545,166.5445,164.45352,164.5805,94205520.00000001
1620653400,164.116,164.15,159.5,159.5245,116772059.99999999
1620739800,156.814,161.9,156.3685,161.1955,92395620.00000001
1620826200,159.25,160.397,156.655,157.597,98728200.00000001
1620912600,159.2735,160.192,156.65,158.0735,67137540
1620999000,159.278,161.443,159.15,161.145,66500439.99999999
1621258200,162.2965,164.6375,161.7295,163.5195,74478500
1621344600,164.62875,165.6,161.5185,161.614,56567819.99999999
1621431000,159.75,161.7375,159.2,161.59,53594160.00000001
1621517400,162.22021,162.983995,161.809,162.384,52663840.00000001
1621603800,162.5,162.83473,159.8505,160.154,82097640
1621863000,160.775,162.8975,160.524965,162.2495,48456260.00000001
1621949400,163.3335,163.991,160.688,162.9525,65222179.99999999
1622035800,163.729525,164.7865,162.9255,163.258,47679720.00000001
1622122200,162.8,163.01775,161.502,161.5055,51223140.00000001
1622208600,162.1,162.3995,160.985,161.1535,46630180.00000001
1622554200,162.17475,162.549,160.453,160.9325,48600900.00000001
1622640600,161.155,161.75,160.4,161.6995,40290480
1622727000,160.2115,160.72175,159.2015,159.3505,47965860.00000001
1622813400,160.6,161.05,159.9405,160.311,44994980.00000001
1623072600,159.8665,160.4,158.61,159.9005,44315120
1623159000,161.1305,163.976605,160.9005,163.2055,68334600
1623245400,163.6435,164.879,163.535,164.0575,49110600.00000001
1623331800,164.1005,167.55,164.0575,167.4825,69529600
1623418200,167.4825,168.329,166.6725,167.3415,56347039.99999999
1623677400,167.3415,169.25,166.775,169.1935,51393100.00000001
1623763800,169.2,169.84933,168.155505,169.1565,48524000.00000001
1623850200,169.6,171.3175,168.0265,170.7625,84055640
1623936600,170.159,174.86,170.05,174.462,102730620.00000001
1624023000,173.9995,175.35,173.6855,174.345,104954740.00000001
1624282200,173.821,174.1,171.7,172.698,65542599.99999999
1624368600,172.903,176.189,172.8045,175.272,66901639.99999999
1624455000,175.25,176.05,174.16,175.191,56266819.99999999
1624541400,175.382,176.242995,171.5425,172.454,76639980
1624627800,173.2,173.241,169.709,170.073,78819940
1624887000,170.8,172.4,170.67549,172.1945,44855860.00000001
1624973400,171.941,172.8015,171.1515,172.407,41968780
1625059800,172.053,173.580095,171.75,172.008,48079840.00000001
1625146200,171.7305,172.85,170.47103,171.6485,40741060
1625232600,172.582,175.586,171.846,175.549,63533939.99999999
1625578200,176.5055,184.274,176.45,183.787,134895360
1625664600,185.86886,186.71,183.9455,184.829,106561240.00000001
1625751000,182.178,187.999275,181.056,186.5705,103612460.00000001
1625837400,186.126,187.4,184.66984,185.967,74964740
1626096600,187.2,187.864495,184.839645,185.9275,51432700.00000001
1626183000,185.105,188.65391,183.566,183.868,76918340
1626269400,185.4425,185.883,183.04133,184.084,65931359.99999999
1626355800,184.71,184.77,181.046,181.56,63705839.99999999
1626442200,181.6655,182.302995,178.52275,178.6815,80874120
1626701400,176.629,177.5105,174.958,177.4795,75691900
1626787800,178.366,179.6,175.9,178.6595,65113599.99999999
1626874200,178.81875,179.3225,177.182075,179.26,46379780.00000001
1626960600,179.3615,182.001,179.1135,181.9015,65307039.99999999
1627047000,182,183.3055,181.102,182.832,48725840.00000001
1627306200,183.6585,185.604,182.3625,184.991,58001359.99999999
1627392600,184.925,184.925,179.3075,181.3195,82637800
1627479000,181.689,182.92102,180.05,181.516,59987559.99999999
1627565400,181.3875,181.8975,179.0005,179.996,110399040.00000001
1627651800,167.3975,168.407,165.349,166.3795,199311860.00000003
1627911000,167.655,167.946,165.85,166.574,67078299.99999999
1627997400,167.036,169.55,164.9885,168.312,83146860
1628083800,168.9675,169.444,167.278,167.736,43678900
1628170200,167.811,169.45,167.046,168.7995,48670060.00000001
1628256600,168.75,168.75,166.451865,167.247,52752880.00000001
1628515800,167.1805,167.744,166.426,167.0935,42964400
1628602200,167.2505,167.9,165.75,166.034,48251020.00000001
1628688600,166.572345,166.885,163.8895,164.6055,58944979.99999999
1628775000,164.5,165.7255,163.4835,165.175,46476460.00000001
1628861400,165.2835,165.30325,164.15,164.6985,41133980
1629120600,164.15,165,160.5565,164.9495,66569879.99999999
1629207000,163.875,164.0245,161.284,162.098,67758440
1629293400,162.0995,162.704875,160,160.061,56086219.99999999
1629379800,159.701,161.65,159.123185,159.3875,75657240
1629466200,160.193625,160.3905,158.788,159.9975,67168560
1629725400,160.595,164.045,160.50025,163.2935,65362619.99999999
1629811800,164,165.77471,163.729,165.289,51036820.00000001
1629898200,165.4935,166.05,164.3075,164.959,33606120
1629984600,164.95,166.6,164.8,165.8,41975220
1630071000,166.6615,167.616,165.6875,167.4815,48047380.00000001
1630330200,167.87125,172.25,167.761,171.0785,63844879.99999999
1630416600,171.24,173.629,169.7795,173.5395,87128260
1630503000,174.8198,176.35,173.762,173.95,72598220
1630589400,174.738,175.59804,172.75,173.156,58511879.99999999
1630675800,172.6,174.1335,171.822,173.9025,51566480.00000001
1631021400,173.9,176.4045,173.847,175.4645,54823680.00000001
1631107800,175.5825,177.2815,174.7835,176.275,61067279.99999999
1631194200,176.301,177.4995,174.0185,174.208,54384820.00000001
1631280600,175.09154,175.4225,173.145275,173.4575,47945380.00000001
1631539800,174.14,174.898,171.900005,172.8585,51380440.00000001
1631626200,173.7775,174.3403,171.88552,172.5,38737940
1631712600,172.126,174.271,170.1005,173.7895,59150739.99999999
1631799000,172.998,174.6275,172.30716,174.412,51671960.00000001
1631885400,174.42073,174.8705,172.6065,173.126,92331120.00000001
1632144600,169.8,170.95,165.2505,167.7865,93382600.00000001
1632231000,168.75,168.985,166.6195,167.1815,55617560.00000001
1632317400,167.55,169.45,167.0525,169.0025,48228060.00000001
1632403800,169.0025,171.448,169.0025,170.8,47588280.00000001
1632490200,170.1005,171.463,169.67,171.276,42324820
1632749400,168.575,170.7785,166.9805,170.29,72689000
1632835800,167.8855,168.4595,164.505005,165.798,88616380
1632922200,166.1055,167.565,164.8935,165.056,51245360.00000001
1633008600,165.8,166.3925,163.6995,164.252,56940659.99999999
1633095000,164.4505,165.45873,162.797,164.163,56712339.99999999
1633354200,163.9695,163.9995,158.8125,159.489,90461140.00000001
1633440600,160.225,163.0365,160.1232,161.05,65384159.99999999
1633527000,160.6765,163.217,159.931,163.1005,50659540.00000001
1633613400,164.577,166.2873,164.153,165.1215,48181500.00000001
1633699800,165.85,166.0715,164.41,164.431,39964340
1633959000,163.75,164.629495,161.905,162.315,40684060
1634045400,162.85,163.3764,161.814,162.3665,36391420
1634131800,163.4855,164.419,163.054445,164.214,48501720.00000001
1634218200,165.122705,165.63,164.539,164.993,42240400
1634304600,165.571,170.521,165.2,170.451,103598820.00000001
1634563800,169.41788,172.4585,169.255,172.337,63482299.99999999
1634650200,171.7145,172.7345,171.1,172.2075,47721580.00000001
1634736600,172.633,173.143,170.0185,170.753,42795540
1634823000,170.7125,172.014,170.15,171.7505,37627700
1634909400,171.05,171.492,166.565,166.7775,62781059.99999999
1635168600,166.75,167.389985,164.885,166.0185,44519120
1635255000,167.4755,170.806,167.199,168.8035,53966840.00000001
1635341400,169.4,171.85,168.57267,169.6245,54044480.00000001
1635427800,170.10475,173.95,169.3,172.3285,114174659.99999999
1635514200,165.001,168.741,163.666,168.6215,129721539.99999999
1635773400,168.09,168.793,164.601,165.9055,72177580
1635859800,165.7505,166.55575,164.1775,165.6375,52551800.00000001
1635946200,165.45,169.746,164.876,169.2,67943780
1636032600,168.5,174.93125,168.250005,173.85,107060400.00000001
1636119000,173.85,178.3125,173.849,175.9495,99939020.00000001
1636381800,176.162,178.95,174.393,174.449,61479839.99999999
1636468200,175.7625,179.6885,175.07125,178.8115,85898440
1636554600,178.1935,180.2725,173.1545,174.1025,80548440
1636641000,175.65,177.162,173.3735,173.625,45288120.00000001
1636727400,174.25,177.03631,172.3525,176.2575,53788680.00000001
1636986600,176.85,179.694,176.2905,177.284,58594379.99999999
1637073000,176.95,178.825,176.25733,177.035,44341420
1637159400,178.236,179.36225,177.2675,177.45,51205400.00000001
1637245800,178.3175,185.21,178.05,184.803,114070759.99999999
1637332200,185.6345,188.10725,183.786,183.8285,98924060.00000001
1637591400,183.81884,185.67275,178.375,178.6285,96957000.00000001
1637677800,179.252,181.0525,176.3855,179.002,73844920
1637764200,178.1335,180.682,176.8425,179.0205,46560360.00000001
1637937000,180.10475,181.675,175.2075,175.228,59825939.99999999
1638196200,177.382215,179.8,176.575005,178.0785,65311139.99999999
1638282600,178.175,179.2885,174.6005,175.3535,80022140
1638369000,177.25,177.994,172.08,172.186,75139900
1638455400,173,174.635,171.1875,171.868,64725759.99999999
1638541800,172.75,173.49325,166.93,169.4895,80711000
1638801000,169.65,173.6955,166.9345,171.3685,68860000
1638887400,174.6,177.4995,173.3345,176.1645,66410719.99999999
1638973800,176.1505,177.18,174.7505,176.158,45253660.00000001
1639060200,175.75,176.9695,174.1395,174.171,46061820.00000001
1639146600,175.417,175.927,170.5,172.212,60689759.99999999
1639405800,172,172.1,169.13,169.5675,62168999.99999999
1639492200,167.55,169.499,166.44,169.0915,55975279.99999999
1639578600,168.598,173.6,165.195,173.315,75794260
1639665000,173.36857,174.166,168.16025,168.871,60876839.99999999
1639751400,167.7105,170.8985,165.61355,170.0175,85755160
1640010600,166.85,167.874255,165.6,167.079,57372659.99999999
1640097000,167.8505,170.716495,165.6475,170.417,55955819.99999999
1640183400,169.26975,172.05,168.5005,171.037,55035460.00000001
1640269800,170.428,171.975,170.15,171.0685,36788240
1640615400,171.037,172.943,169.2155,169.6695,58846819.99999999
1640701800,170.1825,172.17588,169.1355,170.661,54711860.00000001
1640788200,170.84,171.212,168.600505,169.201,35754040
1640874600,169.7,170.888,168.524,168.6445,37583100
1640961000,168.956,169.35,166.5585,166.717,47830380.00000001
1641220200,167.55,170.7035,166.1605,170.4045,63869139.99999999
1641306600,170.438,171.4,166.3495,167.522,70725160
1641393000,166.883,167.12625,164.357,164.357,64302719.99999999
1641479400,163.4505,164.8,161.93721,163.254,51957780.00000001
1641565800,163.839,165.24325,162.031,162.554,46605900.00000001
1641825000,160.5855,161.6615,156.3045,161.486,87798300
1641911400,161.5,166.35,160.7015,165.362,62805579.99999999
1641997800,166.575,166.878,164.417,165.207,50029120.00000001
1642084200,165.2505,166.221495,161.091,161.214,52188300.00000001
1642170600,160.15,162.25,159.8005,162.138,45974860.00000001
1642516200,159.105,159.734495,157.6645,158.9175,67441440
1642602600,158.762,159.25,156.25,156.299,53241920.00000001
1642689000,156.766,158,151.351,151.6675,71973320
1642775400,149.95,150.9,142.0704,142.643,163971440
1643034600,139,144.945,135.352,144.544,156044740
1643121000,142.2425,143.6,138.145,139.986,90824660.00000001
1643207400,144.75,145.18475,137.3185,138.8725,95601700.00000001
1643293800,140.8,144.2435,139.35,139.6375,77515800
1643380200,140.8605,143.998,137.92925,143.978,74391980
1643639400,144.75,150.3605,144.300505,149.5735,78307440
1643725800,150,151.708,147.62774,151.1935,59219839.99999999
1643812200,155.050425,155.075,148.863585,150.6125,87329760
1643898600,141.7375,144.2475,138.333,138.8455,225531359.99999997
1643985000,155.6065,161.2,150.608,157.6395,253455859.99999997
1644244200,158.52,162.69075,157.25,157.9355,102624380.00000001
1644330600,156.7505,161.7925,155.5505,161.4135,76040360
1644417000,162.8735,163.8345,160.25,161.1895,68785600
1644503400,158.35,160.7165,157.75,159.0035,68268120
1644589800,158.13451,159,152.73375,153.2935,77100440
1644849000,151.751,158.448315,151.65,155.167,83230700
1644935400,157.6055,158.007,154.6375,156.5105,56970659.99999999
1645021800,155.7905,158.834,154.7345,158.1005,52704280.00000001
1645108200,158.146,160.34875,154.5,154.6525,64032499.99999999
1645194600,155.4995,155.4995,150.893,152.6015,63604099.99999999
1645540200,150.4785,152.9825,148.4855,150.1975,66128239.99999999
1645626600,151.6505,151.763,144.651,144.827,64243559.99999999
1645713000,139.8375,151.749,139.5,151.358,100785760.00000001
1645799400,150.55,153.99,149.2135,153.7885,62395359.99999999
1646058600,152.425,154.45,150.85,153.563,57683419.99999999
1646145000,152.7325,154.099,149.977,151.142,44873580.00000001
1646231400,150.849,152.9995,148.75,152.0525,47334720.00000001
1646317800,153.5315,153.929,146.856,147.8985,65197199.99999999
1646404200,147.159,147.85,143.807,145.641,60983119.99999999
1646663400,145.4435,146.0945,137.4165,137.453,86933860
1646749800,136.6835,140.6995,133.5725,136.0145,91662580.00000001
1646836200,139.5,140.25,136.828,139.279,82656660
1646922600,145.685,148.67425,143.978,146.8175,135062900
1647009000,149.5745,149.675,145.369,145.5245,68900560
1647264600,145.981,147.45,140.884,141.853,74086100
1647351000,142.85,147.985,142,147.3665,75584600
1647437400,148.5,153.15,147.3535,153.104,84957680
1647523800,152.6405,157.4985,152.14,157.239,72934840
1647610200,156.813,161.594,156.011,161.2505,102962760.00000001
1647869400,161.12075,163.084,159.553,161.4915,66537519.99999999
1647955800,161.8055,166.167,161.699,164.889,64086119.99999999
1648042200,163.705,166.37,162.687,163.408,55811860.00000001
1648128600,163.7495,164.1185,160.05,163.6495,56798059.99999999
1648215000,164,165.3685,162.25,164.7735,49085500.00000001
1648474200,164.975,169.0375,164.9,168.9905,59853819.99999999
1648560600,170.384,170.8315,167.8685,169.315,66153599.99999999
1648647000,168.5095,168.9505,165.5,166.301,56167259.99999999
1648733400,166.44475,166.495,162.9535,162.9975,59965779.99999999
1648819800,164.1495,165.827,162.3195,163.56,57089499.99999999
1649079000,164.125,168.3945,163.2055,168.3465,50007960.00000001
1649165400,167.7415,168.1105,163.266005,164.055,53728560.00000001
1649251800,161.6505,162.2,157.2545,158.756,79055760
1649338200,158.4,160.079,154.5115,157.7845,68136780
1649424600,156.75,157.3685,154.23075,154.4605,46001660.00000001
1649683800,152.713,154.136495,150.5345,151.122,52112340.00000001
1649770200,153.6925,155.099,150.383,150.7875,55177440.00000001
1649856600,150.0185,156.025,149.6,155.541,53390880.00000001
1649943000,155.39,155.897,151.47175,151.7065,51598140.00000001
1650288600,151.5235,154.0395,150.2505,152.785,46513520.00000001
1650375000,152.0295,158.649,151.5505,158.1155,54926420.00000001
1650461400,157.6025,157.6025,153.6035,153.998,59630019.99999999
1650547800,154.714,156.738,147.5895,148.296,63969319.99999999
1650634200,148.25,149.615,143.697505,144.35,73078580
1650893400,144.023,146.2215,142.306545,146.074,61874979.99999999
1650979800,144.8,144.85575,138.9295,139.391,77529160
1651066200,140.1915,141.9485,135.7835,138.167,71336300
1651152600,142.178,145.9375,140.3,144.5965,117316939.99999999
1651239000,129.849,130.761,121.625,124.2815,272661720
1651498200,122.401,124.66825,118.375,124.5,148788980
1651584600,124.0535,126.2205,122.825,124.2535,79133360
1651671000,123.6,126,119.183,125.9285,110745360.00000001
1651757400,123,123.499,115.0725,116.407,144391220
1651843800,114.85,119.0505,113.08125,114.7725,124259899.99999999
1652103000,111.3125,114,107.957,108.789,128124379.99999999
1652189400,111.25,112.6425,107.171,108.859,105433820.00000001
1652275800,108.1035,110.156,104.4285,105.372,109703640.00000001
1652362200,102.75,110.78075,102.4055,106.9305,132025139.99999999
1652448600,109.069,113.184,107.8,113.055,93684560.00000001
1652707800,113.1,113.9925,110.354135,110.8105,74565740
1652794200,113.275,115.8,111.2765,115.3685,76447740
1652880600,111.4395,112.853,106.24875,107.1125,108379180.00000001
1652967000,106.2805,110.034,106.192905,107.319,88142540
1653053400,109.5685,109.897995,105.00934,107.591,99500640.00000001
1653312600,108.461,108.81875,103.95,107.557,107797360.00000001
1653399000,104.025,105.4,101.26,104.1,102934680.00000001
1653485400,103.6555,108.174995,103.65,106.775,93120100.00000001
1653571800,107.97,112.665495,107.4535,111.0775,93002600.00000001
1653658200,113.55,115.187,112.628,115.1465,93660160.00000001
1654003800,116.28,121.994495,115.675,120.2095,144634160
1654090200,122.256,125.179,120.62225,121.684,127528979.99999999
1654176600,121.684,125.61,120.045,125.511,100560680.00000001
1654263000,124.2,124.4,121.04645,122.35,97603320.00000001
1654522200,125.245,128.99,123.81,124.79,135269024
1654608600,122.005,124.1,120.63,123,85156712
1654695000,122.61,123.75,120.75,121.18,64926594
1654781400,119.99,121.3,116.1,116.15,67029842
1654867800,113.415,114.5,109.05,109.65,87412245
1655127000,104.19,106.54,101.86,103.67,99277742
1655213400,104.19,104.88,101.43,102.31,69728761
1655299800,103.86,109.06,103.53,107.67,85011060
1655386200,104.47,104.58,102.01,103.66,82186301
1655472600,102.8,106.98,102.51,106.22,99772147
1655818200,108.2,111.6299,103.56,108.68,70901245
1655904600,107.43,112.13,107.02,108.95,60040131
1655991000,110.39,113,107.93,112.44,64345300
1656077400,112.38,116.71,111.43,116.46,69867618
1656336600,117.09,117.98,112.7,113.22,62133240
1656423000,113.5,114.85,107.04,107.4,75172028
1656509400,107.38,110.99,106.91,108.92,66375341
1656595800,108.11,108.18,102.52,106.21,97679401
1656682200,106.29,109.75,105.8469,109.56,73021171
1657027800,107.6,114.08,106.3242,113.5,76684414
1657114200,113.21,115.48,112.01,114.33,66958884
1657200600,113.85,116.99,113.49,116.33,57872323
1657287000,114.6,116.58,113.69,115.54,45719694
1657546200,114.08,114.3,110.87,111.75,53540019
1657632600,112.16,113.23,108.34,109.22,54280257
1657719000,107.03,111.78,106.01,110.4,61353812
1657805400,110.24,111.18,107.58,110.63,51163140
1657891800,112.5,115.59,111.59,113.55,84317816
1658151000,115,117.24,113.15,113.76,59115419
1658237400,115.7,118.95,114.03,118.21,60990043
1658323800,118.615,123.475,118.32,122.77,71268322
1658410200,123.2,124.85,121.26,124.63,60239892
1658496600,125.01,125.5,121.3504,122.42,51463797
1658755800,122.695,123.64,120.03,121.14,50221259
1658842200,115.79,118.15,114.53,114.81,67075064
1658928600,117.31,121.9,117.16,120.97,61582015
1659015000,121.57,122.84,118.08,122.28,82245543
1659101400,134.9,137.65,132.41,134.95,148892889
1659360600,134.96,138.8339,133.51,135.39,76846908
1659447000,134.72,137.44,134.09,134.16,61922429
1659533400,136.21,140.49,136.05,139.52,71827780
1659619800,140.58,143.56,139.55,142.57,70585020
1659706200,140.1,142.86,139.6,140.8,50686865
1659965400,142.05,144.23,138.29,139.41,52303475
1660051800,138.052,138.9523,136.21,137.83,40434715
1660138200,142.9,144.6,141.01,142.69,54773819
1660224600,143.86,144.49,139.76,140.64,44867336
1660311000,142.05,143.57,140.1201,143.55,47643484
1660570200,142.8,143.76,141.49,143.18,39014583
1660656600,143.905,146.57,142,144.78,59102859
1660743000,142.69,143.38,140.78,142.1,48149778
1660829400,141.32,142.77,140.38,142.3,37458737
1660915800,140.47,141.11,137.9142,138.23,47792843
1661175000,135.72,136.32,132.85,133.22,50461504
1661261400,133.41,134.99,132.95,133.62,36252103
1661347800,132.75,135.47,132.1,133.8,38626978
1661434200,135.26,137.42,134.28,137.28,37496283
1661520600,136.55,137.83,130.5,130.75,53322663
1661779800,129.9,131.9499,128.77,129.79,48101638
1661866200,131.25,132.0745,126.85,128.73,49202990
1661952600,129.45,130.59,126.74,126.77,53648702
1662039000,126,128.02,123.66,127.82,56636145
1662125400,129.5,131.38,126.39,127.51,57429829
1662471000,127.92,128.62,124.74,126.11,43888587
1662557400,126.12,129.82,125.4,129.48,47834487
1662643800,127.72,130.28,127.1,129.82,43988509
1662730200,130.91,133.69,130.76,133.27,49422259
1662989400,134.095,136.49,134,136.45,53826859
1663075800,131.01,131.4,126.27,126.82,72694010
1663162200,127.364,128.84,126.33,128.55,45316772
1663248600,127.38,130.37,125.495,126.28,52887196
1663335000,122.78,123.87,120.7,123.53,115667804
1663594200,122.16,124.71,121.8,124.66,47279727
1663680600,123.35,124.3963,121.14,122.19,47698432
1663767000,122.49,123.76,118.45,118.54,58498887
1663853400,117.08,118.79,116.26,117.31,55229190
1663939800,116,116.05,112.06,113.78,65126665
1664199000,113.295,117.34,113.13,115.15,62723268
1664285400,117.195,118.32,113.05,114.41,60094693
1664371800,114.38,118.7,113.8,118.01,55763750
1664458200,115.6,116.07,113.06,114.8,58969714
1664544600,114.075,116.92,112.84,113,59479586
1664803800,113.58,116.91,112.45,115.88,50941854
1664890200,119.89,123,119.79,121.09,62812564
1664976600,118.58,121.75,117.69,120.95,48217535
1665063000,120.77,121.53,119.5,120.3,42253755
1665149400,118,118.17,113.88,114.56,54677980
1665408600,115.1,116.25,112.43,113.67,42339675
1665495000,112.71,115.48,110.39,112.21,56432233
1665581400,112.49,113.83,111.4,112.9,45728660
1665667800,107.88,113.44,105.345,112.53,86868103
1665754200,114.1,114.96,106.6,106.9,67737344
1666013400,110.11,114.19,110.09,113.79,62781985
1666099800,119.06,119.52,114.79,116.36,65607448
1666186200,114.71,116.5932,113.22,115.07,47198122
1666272600,113.83,118.24,113.51,115.25,48795104
1666359000,114.792,119.59,114.5,119.32,55660485
1666618200,119.98,120.39,116.57,119.82,49531523
1666704600,119.65,121.3152,118.95,120.6,50934609
1666791000,116,119.3457,114.76,115.66,69002457
1666877400,113.92,114.12,109.77,110.96,129605362
1666963800,97.905,103.96,97.66,103.41,223133398
1667223000,103.56,104.87,100.74,102.44,99251395
1667309400,103.99,104.58,96.06,96.79,153370032
1667395800,97.315,97.74,92.01,92.12,135761798
1667482200,92.47,93.5,89.02,89.3,136683303
1667568600,91.49,92.44,88.04,90.98,129101336
1667831400,91.95,92.1,89.04,90.53,77495728
1667917800,90.79,91.72,88.23,89.98,88703370
1668004200,89.47,89.48,85.87,86.14,90796249
1668090600,92.935,98.69,91.65,96.63,173414862
1668177000,97.88,101.19,96.66,100.79,111590544
1668436200,98.77,100.1199,97.29,98.49,99533072
1668522600,103.21,103.79,97.34,98.94,111336317
1668609000,96.85,98.4879,95.54,97.12,87958828
1668695400,95.37,96.97,94.03,94.85,82617865
1668781800,95.95,95.99,92.48,94.14,72428185
1669041000,93.97,95.02,90.59,92.46,84330270
1669127400,92.62,93.35,90.87,93.2,62191962
1669213800,93.24,94.58,92.83,94.13,59414684
1669386600,93.79,94.43,93.065,93.41,35088609
1669645800,93.93,96.4,93.43,93.95,75062316
1669732200,94.04,94.41,91.44,92.42,65567286
1669818600,92.47,96.54,91.525,96.54,102805806
1669905000,96.99,97.23,94.92,95.5,68487969
1669991400,94.475,95.36,93.78,94.13,72496388
1670250600,93.05,94.06,90.82,91.01,71535526
1670337000,90.5,91.04,87.9,88.25,75503628
1670423400,88.34,89.89,87.48,88.46,68086880
1670509800,89.24,90.86,87.88,90.35,73305887
1670596200,88.9,90.3,88.63,89.09,67398506
1670855400,89.21,90.58,87.87,90.55,61999762
1670941800,95.23,96.25,90.52,92.49,100212038
1671028200,92.502,93.4581,89.87,91.58,70298006
1671114600,89.89,89.97,87.47,88.45,84802877
1671201000,88.265,89.35,86.73,87.86,146144064
1671460200,87.51,87.63,84.51,84.92,83531460
1671546600,85.33,86.61,84.33,85.19,74348301
1671633000,86.175,87.225,85.21,86.77,59267156
1671719400,85.52,85.68,82.25,83.79,81431314
1671805800,83.25,85.78,82.9344,85.25,57433655
1672151400,84.97,85.35,83,83.04,57284035
1672237800,82.8,83.48,81.69,81.82,58228575
1672324200,82.87,84.55,82.55,84.18,54995895
1672410600,83.12,84.05,82.47,84,62401194
1672756200,85.46,86.96,84.205,85.82,76706040
1672842600,86.55,86.98,83.36,85.14,68885123
1672929000,85.33,85.42,83.07,83.12,67930825
1673015400,83.03,86.4,81.43,86.08,83303361
1673274600,87.46,89.48,87.08,87.36,65266056
1673361000,87.57,90.185,87.29,89.87,67756601
1673447400,90.93,95.26,90.93,95.09,103126183
1673533800,96.93,97.19,93.5,95.27,85254781
1673620200,94.18,98.37,94.12,98.12,85549432
1673965800,98.68,98.89,95.73,96.05,72755001
1674052200,97.25,99.32,95.38,95.46,79570370
1674138600,94.74,95.44,92.86,93.68,69002663
1674225000,93.86,97.354,93.2025,97.25,67481539
1674484200,97.56,97.78,95.86,97.52,76501103
1674570600,96.93,98.09,96,96.32,66929452
1674657000,92.56,97.24,91.52,97.18,94261570
1674743400,98.235,99.49,96.92,99.22,68523557
1674829800,99.53,103.485,99.53,102.24,87775614
1675089000,101.09,101.74,99.01,100.55,70691860
1675175400,101.155,103.3484,101.14,103.13,66527253
1675261800,102.53,106.24,101.24,105.15,80450121
1675348200,110.245,114,108.88,112.91,158154243
1675434600,105.26,108.78,102.52,103.39,144374828
1675693800,102.925,103.9484,100.65,102.18,81945199
1675780200,101.17,102.41,98.08,102.11,119501301
1675866600,102.04,102.6699,98.775,100.05,75878304
1675953000,101.32,101.78,97.57,98.24,64622489
1676039400,97.56,98.8163,96.23,97.61,52740133
1676298600,97.85,99.68,96.91,99.54,52841464
1676385000,98.41,100.9207,97.52,99.7,56202898
1676471400,99.09,101.17,98.45,101.16,48053879
1676557800,99.21,100.63,98.1,98.15,56339173
1676644200,97.8,97.94,95.65,97.2,60029405
1676989800,95.335,95.605,94.27,94.58,56580360
1677076200,95.1,97.01,94.8,95.79,59534094
1677162600,96.12,96.43,93.67,95.82,48466994
1677249000,93.53,94.14,92.3186,93.5,57053812
1677508200,94.28,94.78,93.14,93.76,47470321
1677594600,93.14,94.69,92.92,94.23,43959290
1677681000,93.87,94.68,91.59,92.17,52299524
1677767400,91.41,92.23,90.39,92.13,55574820
1677853800,92.74,94.94,92.66,94.9,55759609
1678113000,95.19,96.545,93.74,93.75,52112355
1678199400,94.06,95.09,92.78,93.55,49100668
1678285800,93.6,94.165,92.18,93.92,44899128
1678372200,93.68,96.21,92.18,92.25,56218705
1678458600,92.67,93.57,90.245,90.73,69827490
1678714200,89.97,94.02,88.12,92.43,72397053
1678800600,93.83,95.07,92.71,94.88,60912674
1678887000,93.22,96.67,93.07,96.2,70731792
1678973400,95.75,100.99,95.61,100.04,84558934
1679059800,99.79,100.66,97.455,98.95,87300242
1679319000,98.41,98.48,95.7,97.71,62388911
1679405400,98.14,100.845,98,100.61,58597275
1679491800,100.45,102.1,98.61,98.7,57475365
1679578200,100.43,101.06,97.62,98.71,57559310
1679664600,98.065,98.3,96.4,98.13,56144801
1679923800,99.07,99.34,97.08,98.04,46721296
1680010200,98.11,98.44,96.29,97.24,38720050
1680096600,98.69,100.4218,98.56,100.25,49783279
1680183000,101.55,103.04,101.01,102,53633398
1680269400,102.16,103.49,101.95,103.29,56750317
1680528600,102.3,103.29,101.43,102.41,41135733
1680615000,102.75,104.2,102.11,103.95,48662496
1680701400,103.91,103.91,100.7506,101.1,45175393
1680787800,100.75,102.3817,99.8008,102.06,43808020
1681133400,100.96,102.2,99.57,102.17,37261185
1681219800,100.8,101,99.01,99.92,60417847
1681306200,100.4,100.51,97.705,97.83,56735007
1681392600,98.95,102.57,98.71,102.4,67925138
1681479000,102.07,103.2013,101.11,102.51,51450522
1681738200,103.16,103.73,101.59,102.74,39919457
1681824600,103.95,104.2,101.52,102.3,39790518
1681911000,101.58,105.12,101.39,104.3,58398890
1681997400,103.53,105.25,103.21,103.81,57696866
1682083800,106.1,108.15,105.08,106.96,86774185
1682343000,107.655,109.23,105.07,106.21,69575610
1682429400,104.91,105.45,102.45,102.57,65026818
1682515800,105.04,106.62,104.1,104.98,73803790
1682602200,108.16,110.86,106.8,109.82,149961167
1682688600,107.73,109.48,104.33,105.45,130715946
1682947800,104.95,105.23,101.82,102.05,74728096
1683034200,101.47,103.9,101.15,103.63,73469350
1683120600,103.735,105.96,103.28,103.65,65051925
1683207000,104.04,105.39,103.3117,104,45345523
1683293400,104.27,105.76,103.55,105.655,56951744
1683552600,105.04,106.095,104.7001,105.83,49430909
1683639000,105.48,106.79,105.1567,106.62,44089359
1683725400,108.1,110.67,108.05,110.19,78627616
1683811800,111.03,113.28,110.49,112.18,74924841
1683898200,112.16,112.64,109.3185,110.26,49852671
1684157400,111.15,112.29,109.25,111.2,53011145
1684243800,111.05,114.7899,111.05,113.4,71472908
1684330200,114.89,115.83,114.22,115.5,65655177
1684416600,116.69,118.6,116.335,118.15,73174087
1684503000,118.16,118.31,115.7,116.25,55056307
1684762200,116.77,116.77,114.25,115.01,70741123
1684848600,114.27,117.14,113.78,114.99,67576262
1684935000,115.35,117.34,115.02,116.75,63487938
1685021400,116.63,116.87,114.31,115,66496681
1685107800,116.04,121.5,116.02,120.11,96779889
1685453400,122.37,122.92,119.855,121.66,64314808
1685539800,121.45,122.04,119.17,120.58,72800787
1685626200,120.69,123.49,119.93,122.77,54375131
1685712600,124.92,126.39,124.015,124.25,61264414
1685971800,123.36,125.8,123.03,125.3,47950128
1686058200,125.07,127.4,125,126.61,45695212
1686144600,127.01,127.365,120.63,121.23,95663275
1686231000,123.01,125.625,122.2579,124.25,62159270
1686317400,124.08,125.8,123.19,123.43,51396018
1686576600,124.02,126.78,123.53,126.57,51473376
1686663000,128.12,128.41,125.18,126.66,50564785
1686749400,126.7,126.95,124.12,126.42,52422463
1686835800,125.21,127.69,124.32,127.11,60458471
1686922200,127.71,127.9,125.3,125.49,84247104
1687267800,124.97,127.25,124.5,125.78,56930122
1687354200,125.64,126.73,123.85,124.83,52137670
1687440600,125.31,130.33,125.14,130.15,90354572
1687527000,129.11,130.84,128.28,129.33,71927776
1687786200,129.33,131.49,127.1,127.33,59989317
1687872600,128.63,130.085,127.55,129.18,46801008
1687959000,128.94,131.48,128.44,129.04,52149512
1688045400,128.77,129.26,127.255,127.9,40760959
1688131800,129.47,131.245,128.95,130.36,54350684
1688391000,130.82,131.85,130.065,130.22,28264785
1688563800,130.24,131.4,129.64,130.38,35895409
1688650200,128.25,128.73,127.37,128.36,40697848
1688736600,128.59,130.97,128.1294,129.78,41992251
1688995800,129.07,129.28,125.915,127.13,61889289
1689082200,127.75,129.77,127.35,128.78,49951460
1689168600,130.31,131.26,128.83,130.8,54022847
1689255000,134.04,134.67,132.71,134.3,61170883
1689341400,134.06,136.65,134.06,134.68,54487090
1689600600,134.56,135.62,133.21,133.56,48450198
1689687000,132.71,133.86,131.355,132.83,54969133
1689773400,133.39,135.99,132.53,135.36,54531037
1689859800,134.07,134.7915,129.33,129.96,59820579
1689946200,131.34,131.37,128.415,130,133307294
1690205400,130.305,131.66,128.35,128.8,45671535
1690291800,129.31,129.58,128.53,129.13,39236663
1690378200,126.51,129.08,126.11,128.15,53910087
1690464600,131,132.63,127.79,128.25,52610661
1690551000,129.69,133.01,129.33,132.21,46317381
1690810200,133.2,133.87,132.38,133.68,41901516
1690896600,133.55,133.69,131.6199,131.69,42298925
1690983000,130.154,130.23,126.82,128.21,51027614
1691069400,127.48,129.84,126.41,128.91,91163736
1691155800,141.06,143.63,139.32,139.57,153128470
1691415000,140.99,142.54,138.95,142.22,71213112
1691501400,140.62,140.84,138.42,139.94,51710497
1691587800,139.97,140.32,137.1,137.85,50017349
1691674200,139.075,140.41,137.49,138.56,58928402
1691760600,137.4,139.33,137,138.41,42905833
1692019800,138.3,140.59,137.75,140.57,47148699
1692106200,140.05,141.2778,137.23,137.67,42781521
1692192600,137.19,137.27,135.01,135.07,41675903
1692279000,135.46,136.085,133.53,133.98,48354085
1692365400,131.62,134.065,131.15,133.22,48497698
1692624600,133.74,135.185,132.71,134.68,41442483
1692711000,135.08,135.65,133.73,134.25,32935104
1692797400,134.5,135.95,133.22,135.52,42801043
1692883800,136.4,136.775,131.83,131.84,43646250
1692970200,132.47,133.87,130.58,133.26,44147451
1693229400,133.78,133.95,131.85,133.14,34108410
1693315800,133.38,135.14,133.25,134.91,38646093
1693402200,134.93,135.68,133.92,135.07,36137015
1693488600,135.06,138.7885,135,138.01,58781314
1693575000,139.455,139.96,136.875,138.12,40991536
1693920600,137.73,137.8,135.82,137.27,40636738
1694007000,136.32,137.45,134.61,135.36,41785507
1694093400,133.9,138.03,133.16,137.85,48498912
1694179800,136.86,138.8519,136.75,138.23,38365929
1694439000,138.75,143.62,138.64,143.1,56764525
1694525400,142.32,143,140.61,141.23,42668452
1694611800,140.95,144.98,140.865,144.85,60465175
1694698200,145.08,145.86,142.95,144.72,64033607
1694784600,142.69,143.57,140.09,140.39,102909327
1695043800,140.48,141.75,139.22,139.98,42823480
1695130200,138.7,138.84,135.56,137.63,61482470
1695216600,138.55,139.37,135.2,135.29,46263716
1695303000,131.94,132.24,129.31,129.33,70343342
1695389400,131.11,132.03,128.52,129.12,59904348
1695648600,129.36,131.78,128.77,131.27,46017825
1695735000,130.12,130.39,125.28,125.98,73048207
1695821400,125.76,127.48,124.13,125.98,66553449
1695907800,124.04,126.5801,123.04,125.98,54554968
1695994200,128.2,129.15,126.32,127.12,62411730
1696253400,127.28,130.47,126.54,129.46,48029744
1696339800,128.06,128.52,124.2544,124.72,51564991
1696426200,126.06,127.36,125.68,127,44203870
1696512600,126.71,126.73,124.33,125.96,39660643
1696599000,124.16,128.45,124.13,127.96,46836698
1696858200,126.22,128.79,124.76,128.26,38773738
1696944600,128.82,130.74,128.05,129.48,42178619
1697031000,129.74,132.05,129.61,131.83,40741842
1697117400,132.17,134.48,131.23,132.33,55528581
1697203800,132.98,133.3145,128.95,129.79,45824685
1697463000,130.69,133.07,130.425,132.55,42832918
1697549400,130.39,132.58,128.71,131.47,49344550
1697635800,129.9,130.6699,127.51,128.13,42699479
1697722200,130.565,132.24,127.47,128.4,60961355
1697808600,128.05,128.17,124.97,125.17,56406410
1698067800,124.63,127.88,123.98,126.56,48259953
1698154200,127.74,128.8,126.34,128.56,46477355
1698240600,126.04,126.34,120.79,121.39,74577544
1698327000,120.63,121.6393,118.35,119.57,100419516
1698413400,126.2,130.02,125.52,127.74,125309313
1698672600,129.72,133,128.56,132.71,72485542
1698759000,132.75,133.57,131.71,133.09,51589380
1698845400,133.96,137.35,133.71,137,61529409
1698931800,138.73,138.81,136.47,138.07,52236693
1699018200,138.99,139.49,137.45,138.6,44059805
1699281000,138.76,140.73,138.36,139.74,44970417
1699367400,140.55,143.37,140.5,142.71,53553537
1699453800,142.97,143.12,141.2183,142.08,44521658
1699540200,142.02,142.65,139.84,140.6,36235367
1699626600,140.46,143.65,139.91,143.56,49349937
1699885800,142.08,143.23,140.67,142.59,35680570
1699972200,145,147.26,144.68,145.8,56674551
1700058600,147.06,147.29,142.59,143.2,63875720
1700145000,140.91,143.32,139.52,142.83,49653512
1700231400,142.66,145.23,142.545,145.18,49678437
1700490600,145.13,146.63,144.725,146.13,41978766
1700577000,143.91,144.05,141.5,143.9,71225992
1700663400,144.57,147.74,144.57,146.71,45700002
1700836200,146.7,147.2,145.32,146.74,22378379
1701095400,147.53,149.26,146.88,147.73,53762428
1701181800,146.98,147.5999,145.53,147.03,42711682
1701268200,147.85,148.54,145.97,146.32,40610907
1701354600,144.76,146.93,144.332,146.09,65814022
1701441000,146,147.245,145.55,147.03,39951833
1701700200,145.25,145.35,142.81,144.84,48294244
1701786600,143.55,148.57,143.13,146.88,46822411
1701873000,147.58,147.85,144.28,144.52,39678960
1701959400,146.15,147.92,145.34,146.88,52352830
1702045800,145.48,147.84,145.4,147.42,41905965
1702305000,145.66,146.19,143.64,145.89,50907288
1702391400,145.52,147.5,145.3,147.48,44944264
1702477800,148.12,149.46,146.82,148.84,52766196
1702564200,149.93,150.54,145.52,147.42,58400848
1702650600,148.38,150.57,147.88,149.97,110089342
1702909800,150.56,154.855,150.05,154.07,62512828
1702996200,154.4,155.12,152.69,153.79,43171292
1703082600,152.9,155.63,151.56,152.12,50322106
1703169000,153.3,153.97,152.1,153.84,36305733
1703255400,153.77,154.35,152.71,153.42,29514093
1703601000,153.56,153.975,153.03,153.41,25067222
1703687400,153.56,154.78,153.12,153.34,31434733
1703773800,153.72,154.08,152.95,153.38,27057002
1703860200,153.1,153.89,151.03,151.94,39823204
1704205800,151.54,152.38,148.39,149.93,47339424
1704292200,149.2,151.05,148.33,148.47,49425495
1704378600,145.59,147.38,144.05,144.57,56039807
1704465000,144.69,146.59,144.53,145.24,45153147
1704724200,146.74,149.4,146.15,149.1,46757053
1704810600,148.33,151.71,148.21,151.37,43812567
1704897000,152.06,154.42,151.881,153.73,44421830
1704983400,155.04,157.17,153.12,155.18,49072691
1705069800,155.39,156.2,154.01,154.62,40484155
1705415400,153.53,154.99,152.15,153.16,41384636
1705501800,151.49,152.15,149.91,151.71,34953363
1705588200,152.77,153.775,151.82,153.5,37850245
1705674600,153.83,155.76,152.74,155.34,51651628
1705933800,156.89,157.05,153.9,154.78,43687468
1706020200,154.85,156.21,153.93,156.02,37986039
1706106600,157.8,158.51,156.48,156.87,48547315
1706193000,156.95,158.505,154.5501,157.75,43638592
1706279400,158.42,160.72,157.91,159.12,51047353
1706538600,159.34,161.29,158.9,161.26,45270385
1706625000,160.7,161.73,158.49,159,45207430
1706711400,157,159.01,154.81,155.2,50284371
1706797800,155.87,159.76,155.62,159.28,76542419
1706884200,169.19,172.5,167.33,171.81,117218313
1707143400,170.2,170.55,167.7,170.31,55081297
1707229800,169.39,170.71,167.65,169.15,42505518
1707316200,169.48,170.88,168.94,170.53,47174060
1707402600,169.65,171.43,168.88,169.84,42316454
1707489000,170.9,175,170.5803,174.45,56985986
1707748200,174.8,175.39,171.54,172.34,51050440
1707834600,167.73,170.95,165.75,168.64,56345122
1707921000,169.21,171.21,168.28,170.98,42815544
1708007400,170.58,171.17,167.59,169.8,49855196
1708093800,168.74,170.42,167.17,169.51,48107744
1708439400,167.83,168.71,165.74,167.08,41980326
1708525800,168.94,170.23,167.14,168.59,44575623
1708612200,173.1,174.8,171.77,174.58,55392354
1708698600,174.28,175.75,173.7,174.99,59715243
1708957800,175.7,176.37,174.26,174.73,44368614
1709044200,174.075,174.62,172.86,173.54,31141732
1709130600,172.44,174.05,172.27,173.16,28180482
1709217000,173.01,177.22,172.85,176.76,53805359
1709303400,176.75,178.725,176.07,178.22,31981152
1709562600,177.53,180.14,177.49,177.58,37381520
1709649000,176.93,176.93,173.303,174.12,37228343
1709735400,175.54,176.46,173.26,173.51,32090926
1709821800,174.83,177.99,173.72,176.82,34063283
1709908200,176.44,178.785,174.33,175.35,37893242
1710163800,174.31,174.47,171.47,171.96,28484777
1710250200,173.5,176.76,171.98,175.39,36610604
1710336600,175.9,177.62,175.55,176.555,30772600
1710423000,177.69,179.53,176.465,178.75,43705840
1710509400,176.64,177.93,173.9,174.42,72147390
1710768600,175.8,176.69,174.28,174.48,31250688
1710855000,174.215,176.09,173.52,175.9,26880893
1710941400,176.14,178.53,174.64,178.15,29947150
1711027800,179.988,181.415,178.15,178.15,32824320
1711114200,177.752,179.255,176.75,178.87,27995378
1711373400,178.01,180.99,177.24,179.71,29815464
1711459800,180.15,180.45,177.95,178.3,29658982
1711546200,179.88,180,177.3099,179.83,33272551
1711632600,180.17,181.7,179.26,180.38,38051588
1711978200,180.79,183,179.95,180.97,29174521
1712064600,179.07,180.79,178.3762,180.69,32611546
1712151000,179.9,182.87,179.8,182.41,31046638
1712237400,184,185.1,180,180,41624261
1712323800,182.38,186.27,181.97,185.07,42373992
1712583000,186.9,187.29,184.81,185.19,39221282
1712669400,187.24,187.34,184.2,185.67,36546946
1712755800,182.765,186.2699,182.67,185.95,35879151
1712842200,186.74,189.77,185.51,189.05,40020742
1712928600,187.72,188.38,185.08,186.13,38608849
1713187800,187.425,188.69,183,183.62,48052395
1713274200,183.27,184.83,182.26,183.32,32891265
1713360600,184.31,184.57,179.82,181.28,31359673
1713447000,181.47,182.39,178.65,179.22,30723793
1713533400,178.74,179,173.44,174.63,56000729
1713792600,176.94,178.87,174.56,177.23,37924890
1713879000,178.08,179.93,175.975,179.54,37046519
1713965400,179.94,180.323,176.18,176.59,34185109
1714051800,169.68,173.92,166.32,173.67,49249390
1714138200,177.795,180.82,176.13,179.62,43919765
1714397400,182.75,183.53,179.39,180.96,54063937
1714483800,181.09,182.99,174.8,175,94639786
1714570200,181.635,185.15,176.56,179,94645148
1714656600,180.85,185.1,179.91,184.72,54303510
1714743000,186.99,187.87,185.42,186.21,39172004
1715002200,186.28,188.745,184.8,188.7,34725295
1715088600,188.92,189.94,187.305,188.76,34048902
1715175000,187.44,188.43,186.385,188,26136350
1715261400,188.88,191.7,187.44,189.5,43368377
1715347800,189.16,189.892,186.93,187.48,34141771
1715607000,188,188.31,185.36,186.57,24898613
1715693400,183.82,187.72,183.45,187.07,38698155
1715779800,185.97,186.7193,182.73,185.99,75459927
1715866200,185.6,187.31,183.46,183.63,38834450
1715952600,183.76,185.3,183.35,184.7,33175655
1716211800,184.34,186.665,183.28,183.54,30511768
1716298200,182.3,183.26,180.75,183.15,50839129
1716384600,183.88,185.22,181.9715,183.13,28148784
1716471000,183.66,184.76,180.08,181.05,33670173
1716557400,181.65,182.435,180.3,180.75,27471640
1716903000,179.93,182.24,179.49,182.15,29926963
1716989400,181.7,184.08,181.55,182.02,32009294
1717075800,181.31,181.34,178.355,179.32,29249229
1717162200,178.3,179.21,173.87,176.44,58903939
1717421400,177.7,178.7,175.92,178.34,30786640
1717507800,177.64,179.82,176.44,179.34,27198388
1717594200,180.1,181.5,178.75,181.28,32116394
1717680600,181.745,185,181.49,185,31371151
1717767000,184.9,186.2888,183.36,184.3,28021473
1718026200,184.07,187.23,183.79,187.06,34494498
1718112600,187.06,187.77,184.5373,187.23,27265108
1718199000,188.015,188.35,185.43,186.89,33984216
1718285400,186.09,187.67,182.666,183.83,39721545
1718371800,183.08,183.72,182.23,183.66,25456410
1718631000,182.52,185,181.22,184.06,35601907
1718717400,183.735,184.29,181.43,182.81,36659157
1718890200,182.91,186.51,182.72,186.1,44726779
1718976600,187.8,189.275,185.86,189.08,72931754
1719235800,189.33,191,185.33,185.57,50610379
1719322200,186.81,188.84,185.42,186.34,45898475
1719408600,186.92,194.8,186.26,193.61,65103893
1719495000,195.005,199.84,194.2,197.85,74397491
1719581400,197.73,198.85,192.5,193.25,76930192
1719840600,193.49,198.2957,192.82,197.2,41192011
1719927000,197.28,200.43,195.93,200,45600013
1720013400,199.94,200.029,196.7601,197.59,31597926
1720186200,198.65,200.55,198.17,200,39858885
1720445400,200.04,201.2,197.96,199.29,34767261
1720531800,199.4,200.57,199.045,199.34,32756736
1720618200,199.995,200.11,197.69,199.79,32883753
1720704600,200.09,200.2699,192.86,195.05,44565041
1720791000,194.8,196.47,193.8301,194.49,30598525
1721050200,194.56,196.19,190.83,192.72,40683227
1721136600,195.59,196.62,192.24,193.02,33994714
1721223000,191.35,191.58,185.99,187.93,48076139
1721309400,189.59,189.68,181.448,183.75,51043626
1721395800,181.14,184.93,180.11,183.13,43081829
1721655000,185,185.06,182.48,182.55,39931923
1721741400,184.1,189.39,183.56,186.41,47537670
1721827800,183.2,185.45,180.41,180.83,41532360
1721914200,182.91,183.8958,176.8,179.85,44464163
1722000600,180.39,183.19,180.24,182.5,29505964
1722259800,183.84,184.75,182.38,183.2,33270123
1722346200,184.72,185.86,179.38,181.71,39508574
1722432600,185.05,187.94,184.46,186.98,41667326
1722519000,189.285,190.6,181.87,184.07,70435635
1722605400,166.75,168.77,160.55,167.9,141448365
1722864600,154.21,162.96,151.61,161.02,83149437
1722951000,161.71,165.08,158.5404,161.93,59950830
1723037400,166.55,167.58,161.43,162.77,48408240
1723123800,165.165,166.6899,162.55,165.8,44616206
1723210200,166.4,168.55,165.85,166.94,36401049
1723469400,168.14,168.55,166.1101,166.8,30072788
1723555800,167.81,171.04,167.1,170.23,39237915
1723642200,172.11,172.28,168.86,170.1,28843804
1723728600,174.86,177.91,173.99,177.59,51698513
1723815000,177.04,178.34,176.2601,177.06,31489175
1724074200,177.64,178.3,176.16,178.22,31129807
1724160600,177.92,179.01,177.4308,178.88,26255204
1724247000,179.92,182.385,178.8937,180.11,35599120
1724333400,181.38,181.47,175.68,176.13,32047482
1724419800,177.34,178.9699,175.24,177.04,29150091
1724679000,176.7,177.4682,174.3,175.5,22366236
1724765400,174.15,174.89,172.25,173.12,29841979
1724851800,173.69,173.69,168.92,170.8,29045025
1724938200,173.22,174.29,170.81,172.12,26407815
1725024600,172.78,178.9,172.6,178.5,43429355
1725370200,177.55,178.26,175.26,176.25,37817511
1725456600,174.48,175.98,172.54,173.33,30309225
1725543000,175,179.875,174.995,177.89,40170526
1725629400,177.24,178.38,171.16,171.39,41466537
1725888600,174.53,175.85,173.51,175.4,29037362
1725975000,177.49,180.5,176.79,179.55,36233796
1726061400,180.095,184.99,175.73,184.52,42564698
1726147800,184.8,187.41,183.54,187,33622483
1726234200,187,188.5,185.91,186.49,26495351
1726493400,185.29,185.81,183.36,184.89,26065485
1726579800,186.85,189.45,186.14,186.88,26091682
1726666200,186.45,188.8,185.06,186.43,34448130
1726752600,190.04,190.99,188.47,189.87,39543168
1726839000,190.23,191.84,187.41,191.6,100378553
1727098200,191.64,194.45,190.57,193.88,36993111
1727184600,194.27,195.37,190.13,193.96,43478926
1727271000,193.75,193.9498,192.16,192.53,26391144
1727357400,194.31,194.53,189.54,191.16,36334854
1727443800,190.68,190.9,187.34,187.97,36002316
1727703000,187.14,188.49,184.65,186.33,41680400
1727789400,184.9,186.19,183.4519,185.13,36044906
1727875800,184.44,186.6,184.04,184.76,23704056
1727962200,183.045,183.44,180.875,181.96,30204302
1728048600,185.75,187.6,183.6,186.51,41079011
1728307800,182.95,183.6,180.25,180.8,42364201
1728394200,181.915,183.09,180.92,182.72,26372086
1728480600,182.82,185.845,182.05,185.17,26343117
1728567000,187.13,188.134,185.83,186.65,27785043
1728653400,186.63,189.9284,186.3,188.82,25751557
1728912600,189.78,189.83,187.36,187.54,22614407
1728999000,187.63,188.41,184.58,187.69,32178925
1729085400,187.05,187.78,185.61,186.89,23456812
1729171800,188.22,188.94,186,187.53,25039414
1729258200,187.15,190.74,186.28,188.99,37417670
1729517400,188.05,189.46,186.4,189.07,24639393
1729603800,188.35,191.5201,186.975,189.7,29650593
1729690200,188.85,189.16,183.69,184.71,31937089
1729776600,185.25,187.11,183.86,186.38,21647395
1729863000,187.85,190.45,187.53,187.83,29362060
1730122200,189.565,190.21,188.21,188.39,27930836
1730208600,188.58,191.4599,187.815,190.83,35690158
1730295000,194.695,195.61,192.42,192.73,37707550
1730381400,190.51,190.6,185.23,186.4,75146759
1730467800,199,200.5,197.02,197.93,99687847
1730730600,196.45,197.33,194.3101,195.78,38492062
1730817000,196.04,199.82,195.99,199.5,30564784
1730903400,200.01,207.55,199.14,207.09,72292167
1730989800,207.44,212.25,207.19,210.05,52878383
1731076200,209.72,209.9633,207.44,208.18,36075846
1731335400,208.5,209.65,205.59,206.84,35456012
1731421800,208.37,209.54,206.01,208.91,38942918
1731508200,209.4,215.09,209.14,214.1,46212943
1731594600,214.16,215.9,210.88,211.48,42620309
1731681000,206.76,207.34,199.61,202.61,86591144
1731940200,204.15,204.67,200.95,201.7,36512465
1732026600,199.33,205.3,198.78,204.61,31197867
1732113000,202.98,203.13,199.45,202.88,32768989
1732199400,203.49,203.49,195.75,198.38,58800042
1732285800,198.25,199.2599,196.75,197.12,31530844
1732545000,199.28,201.9499,199,201.45,40685672
1732631400,201.9,208,201.79,207.86,41673737
1732717800,206.98,207.64,205.05,205.74,28061638
1732890600,205.83,208.2,204.59,207.89,24892447
1733149800,209.96,212.99,209.5101,210.71,39523185
1733236200,210.31,214.02,209.65,213.44,32214828
1733322600,215.96,220,215.75,218.16,48745716
1733409000,218.03,222.15,217.3,220.55,41140220
1733495400,220.75,227.15,220.6,227.03,44178069
1733754600,227.21,230.08,225.67,226.09,46819363
1733841000,226.09,229.06,224.2002,225.04,31199864
1733927400,226.41,231.2,226.26,230.26,35385785
1734013800,229.83,231.09,227.63,228.97,28204084
1734100200,228.4,230.2,225.8608,227.46,28768080
1734359400,230.23,233,228.01,232.93,37552096
1734445800,232.39,232.73,227.85,231.15,35948131
1734532200,230.77,231.3999,220.11,220.52,43281443
1734618600,224.91,226.09,222.92,223.29,39918739
1734705000,219.84,226.21,218.73,224.92,88279184
1734964200,225.01,226.88,223.9,225.06,28070007
1735050600,226.94,229.14,226.13,229.05,15007497
1735223400,228.5,228.5,226.6706,227.05,16174500
1735309800,225.6,226.03,220.9,223.75,27367147
1735569000,220.06,222.9972,218.43,221.3,28321240
1735655400,222.965,223.2299,218.94,219.39,24819655
1735828200,222.03,225.15,218.19,220.22,33956579
1735914600,222.505,225.36,221.62,224.19,27515606
1736173800,226.78,228.835,224.84,227.61,31849831
1736260200,227.9,228.381,221.46,222.11,28084164
1736346600,223.185,223.52,220.2,222.13,25033292
1736519400,221.46,221.71,216.5,218.94,36811525
1736778600,218.06,219.4,216.47,218.46,27262655
1736865000,220.44,221.82,216.2,217.76,24711650
1736951400,222.83,223.57,220.75,223.35,31291257
1737037800,224.42,224.65,220.31,220.66,24757276
1737124200,225.84,226.51,223.08,225.94,42370123
1737469800,228.9,231.78,226.94,230.71,39951456
1737556200,232.02,235.44,231.19,235.01,41448217
1737642600,234.1,235.52,231.51,235.42,26404364
1737729000,234.5,236.4,232.93,234.85,25890738
1737988200,226.21,235.61,225.86,235.42,49428332
1738074600,234.29,241.77,233.98,238.15,41587188
1738161000,239.015,240.39,236.15,237.07,26091716
1738247400,237.14,237.95,232.22,234.64,32020728
1738333800,236.5,240.29,236.41,237.68,36162377
1738593000,234.06,239.25,232.9,237.42,37285868
1738679400,239.01,242.52,238.03,242.06,29713812
1738765800,237.02,238.32,235.2,236.17,38832042
1738852200,238.01,239.6599,236.01,238.83,60897095
1738938600,232.5,234.81,228.06,229.15,77539276
1739197800,230.545,233.92,229.2,233.14,35419926
1739284200,231.92,233.44,230.13,232.76,23713726
1739370600,230.46,231.18,228.16,228.93,32285249
1739457000,228.85,230.42,227.52,230.37,31346512
1739543400,229.2,229.89,227.23,228.68,27031084
1739889000,228.82,229.3,223.72,226.65,42975133
1739975400,225.52,226.83,223.71,226.63,28566709
1740061800,224.775,225.13,221.81,222.88,30001665
1740148200,223.28,223.31,214.74,216.58,55323850
1740407400,217.45,217.715,212.42,212.71,42387585
1740493800,211.63,213.34,204.16,212.8,58957977
1740580200,214.94,218.16,213.09,214.35,39120603
1740666600,218.35,219.97,208.37,208.74,40548571
1740753000,208.65,212.62,206.99,212.28,51771737
1741012200,213.352,214.01,202.55,205.02,42948447
1741098600,200.11,206.8,197.432,203.8,60853084
1741185000,204.8,209.98,203.26,208.36,38610085
1741271400,204.4,205.77,198.3015,200.7,49863755
1741357800,199.49,202.2653,192.53,199.25,59802821
1741613400,195.6,196.73,190.85,194.54,62350926
1741699800,193.9,200.18,193.4,196.59,54002880
1741786200,200.72,201.52,195.29,198.89,43679284
1741872600,198.165,198.8799,191.82,193.89,41270761
1741959000,197.41,198.65,195.32,197.95,38096663
1742218200,198.77,199,194.3247,195.74,47341752
1742304600,192.52,194,189.38,192.82,40414867
1742391000,193.38,195.965,191.96,195.54,39442878
1742477400,193.07,199.32,192.3,194.95,38921113
1742563800,192.9,196.99,192.52,196.21,60056917
1742823000,200,203.64,199.95,203.26,41625365
1742909400,203.595,206.21,203.22,205.71,31171161
1742995800,205.835,206.01,199.925,201.13,32990973
1743082200,200.89,203.79,199.2821,201.36,27317661
1743168600,198.42,199.26,191.881,192.72,52548226
1743427800,188.19,191.33,184.4,190.26,63547558
1743514200,187.86,193.93,187.2,192.17,41267315
1743600600,187.66,198.34,187.66,196.01,53679198
1743687000,182.995,184.13,176.92,178.41,95553617
1743773400,167.145,178.1436,166,171,123159359
1744032600,162,183.4099,161.38,175.26,109327115
1744119000,185.23,185.9,168.57,170.66,87710360
1744205400,172.115,192.65,169.93,191.1,116804328
1744291800,185.44,186.8692,175.8518,181.22,68302045
1744378200,179.93,185.86,178,184.87,50594339
1744637400,186.84,187.44,179.23,182.12,48002540
1744723800,181.41,182.35,177.9331,179.59,43641952
1744810200,176.29,179.1046,171.41,174.33,51875316
1744896600,176,176.21,172,172.61,44726453
1745242200,169.6,169.6,165.285,167.32,48126111
1745328600,169.845,176.78,169.35,173.18,56607202
1745415000,183.45,187.38,180.19,180.6,63470149
1745501400,180.915,186.74,180.18,186.54,43763196
1745587800,187.62,189.94,185.49,188.99,36414330
1745847000,190.105,190.22,184.885,187.7,33224732
1745933400,183.99,188.0158,183.68,187.39,41667255
1746019800,182.17,185.05,178.85,184.42,55176543
1746106200,190.63,191.807112,187.5,190.2,74265963
1746192600,191.435,192.88,186.4,189.98,77903487
1746451800,186.51,188.18,185.53,186.35,35217469
1746538200,184.57,187.93,183.85,185.01,29314055
1746624600,185.56,190.99,185.01,188.71,44002926
1746711000,191.43,194.33,188.82,192.08,41043620
1746797400,193.375,194.69,191.16,193.06,29663143
1747056600,210.71,211.66,205.75,208.64,75205042
1747143000,211.08,214.84,210.1,211.37,56193682
1747229400,211.45,211.93,208.85,210.25,38492128
1747315800,206.45,206.88,202.673,205.17,64347317
1747402200,206.85,206.85,204.374,205.59,43318478
1747661400,201.645,206.62,201.26,206.16,34314810
1747747800,204.628,205.5899,202.65,204.07,29470373
1747834200,201.61,203.455,200.06,201.12,42460924
1747920600,201.38,205.76,200.16,203.1,38938882
1748007000,198.9,202.37,197.85,200.99,33393545
1748352600,203.085,206.69,202.19,206.02,34892044
1748439000,205.915,207.66,204.41,204.72,28549753
1748525400,208.025,208.81,204.23,205.7,34700005
1748611800,204.84,205.99,201.695,205.01,51679406
1748871000,204.98,207,202.68,206.65,29113319
1748957400,207.105,208.9469,205.03,205.71,33139121
1749043800,206.55,208.18,205.18,207.23,29915592
1749130200,209.55,212.81,207.56,207.91,51979243
1749216600,212.4,213.8699,210.5,213.57,39832500
1749475800,214.75,217.85,212.88,216.98,38102502
1749562200,216.78,217.69,214.15,217.61,31303317
1749648600,217.41,218.4,212.89,213.2,39325981
1749735000,211.78,213.58,211.33,213.24,27639991
1749821400,209.96,214.05,209.62,212.1,29337763
1750080600,212.31,217.06,211.6,216.1,33284158
1750167000,215.195,217.41,214.56,214.82,32086262
1750253400,215.09,217.96,212.34,212.52,44360509
1750426200,214.68,214.89,208.2709,209.69,75350733
1750685400,209.79,210.39,207.3101,208.47,37311725
1750771800,212.135,214.34,211.045,212.77,38378757
1750858200,214.615,216.03,211.11,211.99,31755698
1750944600,213.12,218.035,212.01,217.12,50480814
1751031000,219.92,223.3,216.74,223.3,119217138
1751290200,223.52,223.82,219.12,219.39,58887780
1751376600,219.5,221.875,217.93,220.46,39256830
1751463000,219.73,221.6,219.06,219.92,30894178
1751549400,221.82,224.01,221.36,223.41,29632353
1751895000,223,224.29,222.37,223.47,36604139
1751981400,223.915,224,218.43,219.36,45691987
1752067800,221.07,224.29,220.47,222.54,38155121
1752154200,221.55,222.79,219.7,222.26,30370591
1752240600,223.58,226.6799,222.37,225.02,50518307
1752499800,225.07,226.66,224.24,225.69,35702597
1752586200,226.2,227.27,225.455,226.35,34907294
1752672600,225.875,226.1,222.18,223.19,39535926
1752759000,223.32,224.5,222.51,223.88,31855831
1752845400,225.14,226.4,222.98,226.13,37833807
1753104600,225.835,229.69,225.65,229.3,40297556
1753191000,229.68,230,226.35,227.47,37483702
1753277400,228.47,228.79,227.09,228.29,28294852
1753363800,229.17,236,228.64,232.23,42902266
1753450200,232.22,232.48,231.18,231.44,28712095
1753709400,233.35,234.29,232.25,232.79,26300138
1753795800,234.15,234.72,230.31,231.01,33716220
1753882200,231.64,231.8,229.29,230.19,32993273
1753968600,235.77,236.53,231.4,234.11,104357263
1754055000,217.21,220.4399,212.8,214.75,122258801
1754314200,217.4,217.44,211.42,211.65,77890146
1754400600,213.05,216.3,212.87,213.75,51505121
1754487000,214.695,222.65,213.7409,222.31,54823045
1754573400,221,226.22,220.82,223.13,40603513
1754659800,223.14,223.8,221.8836,222.69,32970477
1754919000,221.78,223.05,220.4,221.3,31646222
1755005400,222.23,223.5,219.05,221.47,37254707
1755091800,222,224.9185,222,224.56,36508335
1755178200,227.4,233.11,227.02,230.98,61545824
1755264600,232.58,234.08,229.807,231.03,39649244
1755523800,230.225,231.91,228.33,231.49,25248890
1755610200,230.09,230.5283,227.12,228.01,29891012
1755696600,227.12,227.27,220.915,223.81,36604319
1755783000,222.65,222.78,220.5,221.95,32140459
1755869400,222.79,229.14,220.82,228.84,37315341
1756128600,227.35,229.6,227.31,227.94,22633695
1756215000,227.11,229,226.02,228.71,26105373
1756301400,228.57,229.87,227.81,229.12,21254479
1756387800,229.005,232.71,228.02,231.6,33679585
1756474200,231.32,231.8125,228.16,229,26199170
1756819800,223.52,226.17,221.83,225.34,38843883
1756906200,225.21,227.1699,224.36,225.99,29223134
1756992600,231.185,235.77,230.78,235.68,59391779
1757079000,235.19,236,231.93,232.33,36721802
1757338200,234.94,237.6,233.75,235.84,33947104
1757424600,236.355,238.85,235.08,238.24,27033778
1757511000,237.515,237.68,229.0962,230.33,60907714
1757597400,231.49,231.53,229.3377,229.95,37485598
1757683800,230.35,230.79,226.29,228.15,38496218
1757943000,230.625,233.73,230.32,231.43,33243328
1758029400,232.935,235.9,232.23,234.05,38203912
1758115800,233.77,234.3,228.71,231.62,42815230
1758202200,232.5,233.48,228.79,231.23,37931738
1758288600,232.37,234.16,229.7,231.48,97943172
1758547800,230.56,230.565,227.51,227.63,45914506
1758634200,227.83,227.86,220.07,220.71,70956193
1758720600,224.15,224.56,219.45,220.21,49509033
1758807000,220.06,220.67,216.47,218.15,52226328
1758893400,219.08,221.05,218.02,219.78,41650098
1759152600,220.08,222.6,219.3,222.17,44259177
1759239000,222.03,222.24,217.89,219.57,48396369
1759325400,217.36,222.15,216.61,220.63,43933834
1759411800,221.01,222.81,218.945,222.41,41258586
1759498200,223.44,224.2,219.34,219.51,43639033
1759757400,221,221.73,216.03,220.9,43690876
1759843800,220.88,222.89,220.17,221.78,31194678
1759930200,222.92,226.73,221.19,225.22,46685985
1760016600,224.995,228.21,221.75,227.74,46412122
1760103000,226.21,228.25,216,216.37,72367511
1760362200,217.7,220.68,217.04,220.07,37809650
1760448600,215.555,219.32,212.6,216.39,45665580
1760535000,216.62,217.71,212.66,215.57,45909469
1760621400,215.67,218.59,212.8101,214.47,42414591
1760707800,214.56,214.8,211.03,213.04,45986944
1760967000,213.88,216.69,213.59,216.48,38882819
1761053400,218.43,223.32,217.99,222.03,50494565
1761139800,219.3,220.005,216.52,217.95,44308538
1761226200,219,221.3,218.18,221.09,31539999
1761312600,221.97,225.4,221.9,224.21,38685053
1761571800,227.66,228.4,225.54,226.97,38266995
1761658200,228.215,231.485,226.21,229.25,47100026
1761744600,231.672,232.82,227.76,230.3,52036151
1761831000,227.06,228.44,222.75,222.86,102252937
1761917400,250.1,250.5,243.98,244.22,166340808
1762180200,255.36,258.6,252.9,254,95997816
1762266600,250.38,257.01,248.66,249.32,51546311
1762353000,249.03,251,246.16,250.2,40610702
1762439400,249.155,250.38,242.17,243.04,46004203
1762525800,242.9,244.9,238.49,244.41,46374294
1762785000,248.34,251.75,245.59,248.4,36476514
1762871400,248.41,249.7499,247.23,249.1,23564060
1762957800,250.235,250.37,243.75,244.2,31190063
1763044200,243.05,243.75,236.5,237.58,41401738
1763130600,235.06,238.73,232.89,234.69,38956669
1763389800,233.25,234.6,229.19,232.87,59919018
1763476200,228.1,230.2,222.42,222.55,60608442
1763562600,223.735,223.735,218.52,222.69,58335643
1763649000,227.05,227.41,216.74,217.14,50308962
1763735400,216.345,222.21,215.18,220.69,68490464
1763994600,222.555,227.33,222.27,226.28,54318395
1764081000,226.38,230.52,223.8,229.67,39379339
1764167400,230.74,231.7474,228.77,229.16,38497922
1764340200,231.24,233.285,230.22,233.22,20292329
1764599400,233.22,235.797,232.25,233.88,42903954
1764685800,235.005,238.97,233.55,234.42,45785363
1764772200,233.35,233.38,230.61,232.38,35495058
1764858600,232.77,233.5,226.8,229.11,45683224
1764945000,230.32,231.24,228.547,229.53,33117377
1765204200,229.59,230.83,226.27,226.89,35019174
1765290600,226.84,228.57,225.11,227.92,25841743
1765377000,228.805,232.42,228.46,231.78,38790736
1765463400,230.71,232.11,228.6901,230.28,28249599
1765549800,229.87,230.08,225.12,226.19,35639118
1765809000,227.93,227.93,221.5,222.54,47286085
1765895400,223.035,223.66,221.1304,222.56,39298857
1765981800,224.655,225.19,220.99,221.27,44034418
1766068200,225.705,229.225,224.41,226.76,50272419
1766154600,226.76,229.125,225.58,227.35,85544374
1766413800,228.61,229.48,226.71,228.43,32261329
1766500200,229.055,232.445,228.73,232.14,29230233
1766586600,232.13,232.95,231.33,232.38,11420543
1766759400,232.035,232.99,231.18,232.52,15994726
1767018600,231.94,232.6,230.77,232.07,19797909
1767105000,231.205,232.77,230.2,232.53,21910453
1767191400,232.905,232.99,230.12,230.82,24383749
1767364200,231.34,235.458,224.7,226.5,51456229
1767623400,228.84,234,227.18,233.06,49733348
1767709800,232.1,243.18,232.07,240.93,53764677
1767796200,239.61,245.29,239.52,241.56,42236531
1767882600,243.06,246.41,241.88,246.29,39509844
1767969000,244.568,247.86,242.24,247.38,34559961
1768228200,246.73,248.94,245.96,246.47,35867770
1768314600,246.53,247.66,240.25,242.6,38371778
1768401000,241.15,241.28,236.22,236.65,41410578
1768487400,239.31,240.65,236.63,238.18,43003571
1768573800,239.085,239.57,236.41,239.12,45888283
1768919400,233.76,235.09,229.34,231,47737854
1769005800,231.085,232.3,226.88,231.31,47276090
1769092200,234.045,235.72,230.9,234.34,31913325
1769178600,234.955,240.45,234.57,239.16,33778478
1769437800,239.98,240.95,237.54,238.42,32825530
1769524200,239.685,244.88,238.08,244.68,38029216
1769610600,246.365,247.775,241.53,243.01,40882657
1769697000,242.82,243,236.742,241.73,47229643
1769783400,239.89,243.315,237.64,239.3,46585024
1770042600,238.31,245.6299,238.17,242.96,37546102
1770129000,244.975,246.35,235.45,238.62,53831298
1770215400,238.86,238.86,231.82,232.99,51299947
1770301800,224.91,226.31,220.38,222.69,103509230
1770388200,202.7,211.44,200.31,210.32,179210851
1770647400,208.97,212.81,203.35,208.72,91178443
1770733800,208.795,212.6499,206.411,206.96,67175031
1770820200,208.06,208.57,202.49,204.08,65545455
1770906600,203.96,203.96,197.56,199.6,83975393
1770993000,198.88,201.16,197.275,198.79,66321593
1771338600,198.125,201.7362,196,201.15,69879200
1771425000,202.07,206.86,201.51,204.79,51003299
1771511400,203.8,205.6396,202.81,204.86,35669611
1771597800,204.76,211.17,203.75,210.11,65881611
1771857000,208.095,208.43,203.11,205.27,53581508
1771943400,205.47,210.36,203.25,208.56,41137162
1772029800,210.46,211.59,208.93,210.64,41346376
1772116200,210.73,211.05,205.345,207.92,47756765
1772202600,206.83,210.33,205.2,210,57422777
1772461800,204.55,209.73,203.46,208.39,46001010
1772548200,203.1,209.178,202.48,208.73,43184918
1772634600,210.47,217.54,210.15,216.82,54731101
1772721000,215.98,220.47,215.59,218.94,60943447
1772807400,214.99,217.32,212.53,213.21,51152716
1773063000,210.45,213.82,207.11,213.49,54642926
1773149400,214.19,215.65,212.43,214.33,35678834
1773235800,215.705,217,211.35,212.65,34199303
1773322200,210.39,211.71,208.15,209.53,44349501
1773408600,209.605,210.56,206.22,207.67,35662137
1773667800,208.35,212.724,207.445,211.74,42209316
1773754200,212.82,215.7,212.43,215.2,44969943
1773840600,213.925,215.1401,208.825,209.87,37846642
1773927000,207.06,209.12,206.05,208.76,36440622
1774013400,207.4,207.54,204.316,205.37,63694603
1774272600,209.79,212.8,209.51,210.14,44277356
1774359000,207.95,209.35,206.64,207.24,35351425
1774445400,211.56,213.07,209.9,211.71,36388791
1774531800,210.61,212.885,207.12,207.54,46745978
1774618200,206.455,206.6,199.14,199.34,56009764
1774877400,201.48,203.8,199.9802,200.95,46373797
1774963800,204.845,210.28,204.14,208.27,58470079
1775050200,210.435,213.58,208.19,210.57,45955395
1775136600,206.54,212.2125,204.9,209.77,31453039
1775482200,209.795,212.95,209.59,212.79,25385495
1775568600,211.24,213.97,209.075,213.77,28154557
1775655000,223.79,226.1,219.62,221.25,51092698
1775741400,225.232,233.8,223.27,233.65,65964171
1775827800,235.295,240.43,235.21,238.38,56912842
1776087000,237.45,240,235.75,239.89,42166150
1776173400,241.78,252.18,241.78,249.02,72685026
1776259800,249.25,250.44,247.2,248.5,43045160
1776346200,248.51,250,244.2,249.7,41895711
1776432600,254.985,256.18,250.11,250.56,52029291
1776691800,249.19,250.18,245.365,248.28,39463106
1776778200,255.09,255.09,249.1,249.91,42922398
1776864600,252.44,255.94,250.33,255.36,36065067
1776951000,255.39,258.79,253.07,255.08,39091394
1777037400,259.98,264.5,257.685,263.99,53777353
1777296600,263.46,264.15,260.34,261.12,44906840
1777383000,258.39,261.03,256.63,259.7,42204447
1777469400,257.99,265.91,257.7,263.04,72367910
1777555800,273.17,273.88,256.16,265.06,100974867
1777642200,265.58,273.315,262.74,268.26,50825231
1777901400,268.795,276.1,268.795,272.05,49083734
1777987800,276.075,278.56,272.38,273.55,41908529
1778074200,272.89,277.8,272.2076,274.99,44551955
1778160600,275.02,276.63,270.49,271.17,35892880
1778247000,271.63,274,269.95,272.68,34732681
1778506200,269.835,273.63,268.48,268.99,38176696
1778592600,266.71,267.65,262.63,265.82,36776221
1778679000,264.43,270.72,263.2,270.13,39670915
1778765400,269.15,270.7799,266.63,267.22,31338435
1778851800,262.5,264.355,260.8901,264.14,40770344
1779111000,263.865,268.85,262.53,264.86,33690787
1779197400,262.04,262.25,255.19,259.34,40340697
1779283800,260.05,265.58,259.533,265.01,34933152
1779370200,263.5,269.4899,261.37,268.46,36591743
1779456600,268.655,269.785,266.235,266.32,27535526
1779802200,267.94,269.3,262.07,265.29,38028118
1779888600,266.15,272.41,265.7001,271.85,40061864
1779975000,272.27,274.5,267.44,274,40630385
1780061400,271.29,274.75,269.64,270.64,54749561
1780320600,266.285,266.63,260.7,261.26,53604380
1780407000,257.16,261.2025,254.37,256.52,41810982
1780493400,254.7,257.09,247.71,250.02,51394191
1780579800,253.12,255.83,251.75,253.79,35609769
1780666200,254.255,256.38,245.78,246.03,55607844
1780925400,246.68,249.42,243.36,245.22,33899525
1781011800,247.73,250.43,240.4,244.19,44425363
1781098200,243.605,244.065,237.45,238,38590237
1781184600,237.93,242.14,235.18,241.51,41335399
1781271000,243.21,243.36,233.59,238.55,51251141
1781530200,245.02,247.805,244.73,246.02,41711576
1781616600,248,249.51,245.4511,246,35187406
1781703000,244.9,245.91,236,237.5,44780767
1781789400,240.12,245.73,236.02,244.39,75624415
1782135000,240.08,242,232.24,232.79,68388526
1782221400,232.55,236.87,232,234.11,60492560
1782307800,233.845,242.4199,232.95,234.27,70282581
1782394200,232.02,232.32,225.55,227.01,77858478
1782480600,227.205,233.9,226.125,232.69,248372085
1782739800,234.215,249.71,233.8,240.14,77619228
1782826200,237.35,241.54,237.171,238.34,66228262
1782912600,239.75,244.9,234.9,241.7,53829851
1782999000,241.605,246.72,241.08,242.67,48298137
1783344600,243.795,246.04,240.88,244.16,40044034
1783431000,246.975,248.93,242.7,245.98,40579603
1783517400,244.27,244.8,240.52,243.62,29653043
1783603800,239.82,247.5,238.25,247.04,38091688
1783690200,249.55,251.03,244.41,245.34,31653998
1783949400,244.68,249.65,244.18,247.31,34636091
1784035800,245.55,248.56,243.8,247.49,30108054
1784122200,249.75,256.48,249.75,254.96,45240622
1784208600,255.12,258.0825,248,249.89,45343709
1784295000,244.46,250.24,243.59,247.23,43572361
1784554200,248.76,252.89,248,249.99,32406481
1784640600,249.105,249.34,246.42,247.55,27732064
1784727000,248.265,248.45,242.45,244.85,34112732
1784813400,236.26,238.3499,232.0516,233.66,47465337
1784899800,234.38,234.95,231.34,232.11,35017357
1785159000,235.665,235.89,230.99,231.39,34999495
1785245400,232.85,233.11,228.1,230.86,44521597
1785331800,229.315,232.82,226.16,226.65,44957524
1785418200,233.35,239.8236,231.06,235.5,101839774
1785504600,265,273.23,262.01,271.58,129054771
1785763800,278.29,287.2,278,284.02,90830221
1785850200,276.06,281.07,275.82,277.42,69748055
1785936600,281.59,282.79,270.73,272.65,45119804
1786023000,272.765,275.48,271.061,272.26,30672901
1786109400,272.87,278.31,272.75,274.48,33861436
1786368600,274.01,280.14,273.6001,278.09,35731907
1786455000,278.69,278.84,271.36,272.27,31895708
1786541400,273.18,273.46,267.1,267.28,29941093
1786627800,267.235,269.58,264.705,265.13,32170151
1786714200,264.875,265.81,262.42,262.65,27251660
1786973400,265.44,265.75,258.339,261.31,43896516
1787059800,260.63,262.18,257.73,259.45,33171263
1787146200,260.845,266.4,258.58,265.84,35762439
1787232600,263.16,263.84,259.52,260.11,28374098
1787319000,260.74,261.09,257.035,258.63,35722956
1787578200,259.6,263.32,259.05,262.07,28070483
1787664600,262.51,263.89,259.83,261.06,25550214
1787751000,261.275,262.05,258.24,260.28,21528373
1787837400,259.23,259.66,255.02,256.26,35927807
1787923800,258.32,267.56,257.78,266.43,49547427
1788183000,263.825,264.36,257.12,259.77,46089422
1788269400,254.83,255.82,251.93,254.92,31700056
1788355800,254.255,256.24,253.4,254.98,24013334
1788442200,256.2,259.5,256,258.9,26891531
1788528600,259.07,261.12,255.29,258.51,30749912
1788874200,256.675,257.99,254.75,256.97,29397994
1788960600,253.12,254.69,250.65,252.4,33055487
1789047000,250.11,253.15,249.58,251.89,25484814
1789133400,254.09,257.59,253.14,256.78,26724121
