t,o,h,l,c,v
1412602200,97.81,98.13,96.91,98,3983697
1412688600,97.09,97.51,94.6855,94.7,6479495
1412775000,94.58,96.86,93.64,96.65,6214176
1412861400,96.21,96.52,93.24,93.5,6414868
1412947800,93.24,94.57,91.61,93.13,6179172
1413207000,93.29,94.06,91.62,91.68,5856964
1413293400,92.51,95.01,92.39,92.8,6791267
1413379800,91.43,92.75,90.05,92.59,9379130
1413466200,90.27,94.15,90.27,93.24,7439609
1413552600,94.2,95.6,93.98,95.05,7447827
1413811800,94.53,95.3,93.27,94.03,4274409
1413898200,95.04,96.32,95.04,95.89,3995387
1413984600,95.53,95.981,94.05,94.57,6215679
1414071000,97.6,99.94,97.34,99.27,11670137
1414157400,99.51,99.68,98.37,99.44,4133823
1414416600,98.68,98.77,97.145,98.54,4346054
1414503000,99.44,101.16,99.03,101.16,5069568
1414589400,101.53,101.84,99.84,100.19,4426350
1414675800,99.63,100.58,99.06,100.16,2650901
1414762200,101.35,102.37,100.84,101.41,5367845
1415025000,101.61,101.76,99.77,100.22,4435058
1415111400,99.75,100,98.04,98.61,4848950
1415197800,99.45,99.64,98.453,99.41,3515623
1415284200,99.51,100.99,99.24,100.91,3427724
1415370600,101.26,101.83,100.9,101.76,2708167
1415629800,101.86,102.55,101.86,102.21,3308115
1415716200,102.31,102.8,101.6,102.53,2465927
1415802600,102.17,103.22,101.521,102.99,2808733
1415889000,103.06,103.18,100.68,101.11,3924096
1415975400,101,101.7,100.65,101.34,2660490
1416234600,101.25,102.08,100.45,101.7,2476970
1416321000,101.7,102.45,101.31,102.04,2761245
1416407400,101.86,102.3,100.89,101.3,4679108
1416493800,100.33,102.14,100.07,102.09,3052561
1416580200,104.3,107.12,104.2,106.45,8738026
1416839400,106.4,106.4668,105.1,105.96,4108630
1416925800,106.1,106.6279,105.33,106.24,3321510
1417012200,106.29,106.44,105.45,105.79,2463793
1417185000,104.39,104.61,100.12,100.6,5780935
1417444200,100.24,100.47,97.79,99,7431817
1417530600,99.48,99.96,98.72,99.51,3900419
1417617000,100.04,101.46,99.96,100.18,6930661
1417703400,99.69,100.87,99.51,99.67,3406371
1417789800,99.81,99.96,98.705,98.78,3604993
1418049000,98.66,98.76,95.2,95.25,7192142
1418135400,94.17,96.171,93.8,95.45,6564187
1418221800,94.91,95.02,92.75,93.02,6759433
1418308200,93.68,94.29,92.532,92.69,4664926
1418394600,92,92,89.96,90.5,10327200
1418653800,91.25,91.29,89.39,89.75,6930800
1418740200,89.23,92.25,89.15,89.34,7649501
1418826600,89.4,90.14,88.03,89.75,8671558
1418913000,91.89,91.89,90.55,91.69,8344394
1418999400,91.58,91.98,90.88,91.71,9689211
1419258600,92.46,92.81,91.85,92.32,4577176
1419345000,92.99,93.9399,92.65,93.5,3558648
1419431400,93.64,93.98,93.27,93.72,1660812
1419604200,93.95,94.66,93.72,94.23,3127800
1419863400,94.2,94.28,93.59,93.71,2391673
1419949800,93.6,93.63,92.51,92.59,3197392
1420036200,92.89,93.57,91.45,91.53,3251076
1420209000,91.77,92.37,90.66,91.88,3772352
1420468200,90.35,90.42,86.6,87.03,11301430
1420554600,87.28,87.68,85.17,86.47,8664426
1420641000,87.37,88.14,86.42,87.81,6511130
1420727400,89.18,89.28,87.84,88.71,7617761
1420813800,88.76,88.89,87.02,87.65,4857101
1421073000,87.73,87.77,86.07,86.89,4351587
1421159400,87.68,87.9,85.2,86.37,5078135
1421245800,84.89,86.215,84.27,86.07,10366731
1421332200,86.03,86.17,84.3,84.32,6683880
1421418600,84.24,84.32,83.045,83.86,10424799
1421764200,84.42,84.5,83.19,83.97,5937311
1421850600,83.59,85.4,83.59,85.37,6613080
1421937000,86.05,87.36,85.43,86.82,5567832
1422023400,86.79,87,85.2,85.61,5027502
1422282600,85.36,86.26,84.9,86.03,8140516
1422369000,79.74,81.35,79.1,79.85,27489451
1422455400,80.4,81.2,79.96,80.01,14269316
1422541800,79.91,80.18,78.81,80,9157025
1422628200,79.51,80.82,79.42,79.97,8150671
1422887400,80.08,80.88,79.49,80.84,7148979
1422973800,81.22,84.11,81.15,83.92,10895323
1423060200,82.78,83.32,81.66,81.95,8806514
1423146600,82.4,83.63,81.87,83.57,6640223
1423233000,83.6,84.14,82.8,83.21,5581494
1423492200,83.05,84.87,82.95,84.67,7693830
1423578600,85,85,83.4622,83.9,6569097
1423665000,83.56,83.67,82.24,83.41,5722569
1423751400,84.08,84.25,83.31,83.53,4622996
1423837800,84.11,85.49,84.03,85.13,5645508
1424183400,84.86,85.58,84.2,85.38,3924393
1424269800,84.92,85.8099,84.58,84.8,3568636
1424356200,83.81,84,82.205,83.3,5733483
1424442600,83.14,84.62,82.4,84.44,6029411
1424701800,83.9,83.98,83.14,83.49,5180033
1424788200,83.77,84.69,83.6,84.5,3679440
1424874600,84.52,85.3578,84.17,85.15,3450035
1424961000,85.1,85.1,83.56,83.8,4457034
1425047400,84.18,84.18,82.89,82.9,4370537
1425306600,82.78,83.07,82.24,83,4155017
1425393000,82.71,83.79,82.65,82.84,4331727
1425479400,82.565,82.61,80.83,81.73,6863618
1425565800,80.41,81.56,80.06,81.51,7123533
1425652200,80.37,81.21,79.55,80.06,7913796
1425907800,80.17,81.34,80.1,80.81,4740527
1425994200,80.02,80.7636,79.74,79.91,4850525
1426080600,80.15,80.15,79.26,79.7,4612178
1426167000,80.27,80.48,79.8001,80.19,3613401
1426253400,79.9,79.91,78.19,79.23,7272688
1426512600,79.57,80,79.06,79.97,3598527
1426599000,79.35,79.35,78.25,78.45,6979868
1426685400,78.25,81.44,78.25,81.33,12154273
1426771800,80.5,80.5,79.56,80.09,5236161
1426858200,80.62,81.25,80.19,81.19,8216642
1427117400,81.19,81.92,81.02,81.09,4704036
1427203800,81.15,81.2,80.2,80.48,3978741
1427290200,81.03,81.04,79.83,79.86,4803045
1427376600,79.64,80.8,79.51,79.88,4238537
1427463000,79.46,79.88,78.76,79.67,6336976
1427722200,80.01,81.52,80,81.37,4621215
1427808600,80.51,80.65,79.81,80.03,4848638
1427895000,80.03,80.52,79.39,79.64,4446226
1427981400,79.6,80.4999,79.4001,80.24,3556034
1428327000,80.35,82,79.98,81.49,4496290
1428413400,81.22,81.43,80.5,80.54,3526299
1428499800,80.84,81.24,79.92,80.44,4196156
1428586200,80.5,81.21,80.28,80.68,4291850
1428672600,81.1,82.8,80.74,82.6,6831923
1428931800,82.6,82.61,81.6,82.14,5293899
1429018200,82.55,83.24,81.54,83,5898718
1429104600,83.29,85.73,83,85.16,9643762
1429191000,84.4,84.9,84,84.34,5692312
1429277400,83.5,83.59,82.66,83.28,5313991
1429536600,83.96,84.75,83.88,84.6,3914620
1429623000,84.66,84.97,83.61,83.92,5620905
1429709400,84.13,84.94,83.09,84.87,6520737
1429795800,86.85,87.5,83.85,84.79,18917562
1429882200,84.7,85.17,84.02,84.6,5848686
1430141400,84.77,85.94,84.4,85.33,5911992
1430227800,85.42,86.22,84.5,86.2,5736474
1430314200,85.69,87.92,85.46,87.5,7021763
1430400600,86.85,87.3,86.23,86.88,5460102
1430487000,87.69,88.28,86.76,87.37,4850105
1430746200,87.73,87.96,87.17,87.3,2754510
1430832600,87.57,88.22,86.7,87,4623680
1430919000,87.75,87.94,86.42,86.99,4465477
1431005400,86.65,86.88,85.89,86.43,3892784
1431091800,87.78,87.84,86.7,87.31,3577060
1431351000,88.4,89.44,88.09,88.77,6882568
1431437400,88.19,88.34,87.26,88.16,4066384
1431523800,88.59,89.07,88.21,88.44,3179214
1431610200,88.78,89.59,88.65,88.74,3228419
1431696600,88.5,88.56,87.6,88.43,3204989
1431955800,88.39,88.5,87.65,88.29,3074689
1432042200,87.89,87.9124,86.505,87.24,5676841
1432128600,87.63,88.13,87.13,87.93,3841547
1432215000,88.23,89.62,87.94,89.33,8155485
1432301400,89.18,89.5,88.63,88.63,3483791
1432647000,88.13,88.15,87.29,87.84,3149610
1432733400,87.99,88.82,87.65,87.92,4517116
1432819800,87.33,87.45,85.73,86.01,5899123
1432906200,85.74,86.33,85.11,85.32,4685657
1433165400,86.06,86.37,84.7,85.53,3976918
1433251800,85.21,86.68,85.07,86.17,2817845
1433338200,86.6,87.055,85.81,86.23,2841823
1433424600,85.5,86.4,85.32,85.47,3775249
1433511000,85.01,86.5,84.91,86.05,3937629
1433770200,85.8,86.48,85.78,86.15,3355823
1433856600,86.46,87.62,86.42,86.73,3984912
1433943000,87.45,88.71,87.36,88.48,4717130
1434029400,88.62,88.76,87.92,88.17,2872879
1434115800,87.95,88.409,87.5701,87.85,2212758
1434375000,87.14,87.39,86.35,87.13,2721010
1434461400,86.79,87.02,86.24,86.59,2895860
1434547800,86.89,87.55,86.32,87.25,3402771
1434634200,86.83,87.74,86.83,87.44,3373646
1434720600,87.27,87.96,87.1508,87.52,3910897
1434979800,87.97,88.32,87.71,88.27,3648566
1435066200,88.42,88.6204,88.01,88.45,2538952
1435152600,88.79,88.81,88.07,88.17,3413646
1435239000,88.22,88.3292,86.66,86.72,3239051
1435325400,86.5,86.95,85.81,86.82,4387343
1435584600,86.22,86.74,85.1,85.3,4747317
1435671000,86.09,86.25,84.8,84.82,4077877
1435757400,85.39,85.45,83.54,83.95,5296181
1435843800,84.53,84.78,83.85,84.38,2582215
1436189400,83.65,84.15,82.73,83.15,4896587
1436275800,82.99,84.12,81.85,83.99,5192999
1436362200,83.05,83.23,81.76,82.27,4325075
1436448600,83.43,83.7,81.46,81.69,4570662
1436535000,82.64,82.91,81.87,82.15,3495037
1436794200,82.87,84.03,82.6801,83.64,4228547
1436880600,83.53,84.68,83.52,84.46,3797675
1436967000,84.55,84.86,83.75,84.16,3661720
1437053400,84.75,84.89,83.41,83.76,3685980
1437139800,83.55,83.65,82.76,83.16,2931544
1437399000,83.06,83.29,82.14,82.25,4291418
1437485400,81.8,82.89,81.25,82.22,4691892
1437571800,81,81.12,79.15,79.76,10180685
1437658200,77.7,79.04,76.65,76.88,13909914
1437744600,76.91,77.09,75.85,76.1,9175903
1438003800,75.18,75.72,74.77,75.32,10269561
1438090200,75.92,78.15,75.79,77.78,15699009
1438176600,77.3,77.46,76.51,77.33,13794814
1438263000,76.98,78.37,76.68,78.35,7386182
1438349400,78.6,79.04,78.15,78.63,6203569
1438608600,78.42,78.43,76.75,77.26,6443308
1438695000,77.33,77.86,76.32,76.6,5822280
1438781400,77.5,77.922,76.72,76.88,4581872
1438867800,76.98,77.65,76.183,77.46,5609516
1438954200,77.52,78.15,76.94,77.29,7851288
1439213400,78.04,80.31,77.9,80.16,9041554
1439299800,78.73,78.93,77.2301,78.04,8992532
1439386200,77.31,79.12,76.92,78.92,9362928
1439472600,78.55,78.58,77.7,77.76,5662495
1439559000,77.66,78.73,77.601,78.49,3811537
1439818200,78.13,78.64,77.21,78.54,5226840
1439904600,78.51,79,78.18,78.82,5146351
1439991000,78.25,78.54,77.05,77.41,5862685
1440077400,77.28,77.83,76.41,76.41,7767308
1440163800,75.94,76.3,74.96,75,11805535
1440423000,71.82,74.88,70.23,72.82,15209346
1440509400,75.22,75.49,72.03,72.06,9427167
1440595800,73.82,74.08,72.53,73.87,8288142
1440682200,75.04,76.22,74.2299,75.66,8537681
1440768600,75.19,76.015,74.63,75.95,6649476
1441027800,75.32,76.77,74.9,76.44,7019552
1441114200,74.5,75.94,74.4599,74.9,9053087
1441200600,75.9,76.16,74.95,76.1,5325877
1441287000,75.95,76.005,73.775,74.45,11077090
1441373400,73,73.66,72.35,73.1,12007985
1441719000,74.58,74.62,73.56,74.3,5647846
1441805400,75,75.2,72.78,72.96,5859208
1441891800,72.89,73.31,72.03,72.42,6109060
1441978200,72.23,72.92,71.879,72.63,4413804
1442237400,72.35,72.89,72.01,72.77,4232153
1442323800,73.02,74.74,72.645,74.58,5109378
1442410200,74.85,75.87,74.58,75.64,5225786
1442496600,75.4,75.6802,73.91,74.06,7744980
1442583000,73.33,73.5,71.61,71.86,9260117
1442842200,72.3,72.839,71.91,72.16,7594884
1442928600,71.12,71.8,70.64,71.68,5717310
1443015000,71.67,71.81,70.16,70.2,4754274
1443101400,66.2,66.7,64.65,65.8,22589648
1443187800,65,65.77,64.74,64.98,12365079
1443447000,64.24,64.32,62.99,63.79,12572047
1443533400,63.65,65.385,63.6,64.31,8784416
1443619800,64.95,65.64,64.15,65.36,7850349
1443706200,65.63,66.1,63.61,64.39,7932950
1443792600,63.79,65.73,63.1,65.7,8782659
1444051800,66.69,69.48,66.515,69.18,10661917
1444138200,69.54,71.15,69.08,70.82,9664115
1444224600,71.36,72.71,69.15,70.38,8395984
1444311000,70.32,72.18,69.85,71.84,6091642
1444397400,72.34,72.49,70.86,71.3,5573530
1444656600,71.51,71.53,70.32,70.5,4643461
1444743000,69.96,71.03,69.26,70.17,4724800
1444829400,70.11,71.06,69.57,70.71,4042685
1444915800,70.47,70.915,69.76,70.83,4547862
1445002200,70.62,70.835,69.111,69.68,8309968
1445261400,69.25,69.47,68.8,69.27,5711976
1445347800,68.86,71.19,68.51,70.27,6385839
1445434200,70.59,71.9,69.58,69.67,8730217
1445520600,67.92,72.83,67.81,70.88,13909175
1445607000,71.71,72.43,70.66,71.75,7942513
1445866200,71.79,72.3,71.42,71.52,6254526
1445952600,70.18,71.08,68.34,70.39,8280526
1446039000,70.75,72.11,70.476,71.97,5486887
1446125400,71.49,72.57,71.28,71.97,4321267
1446211800,72.27,73.28,71.63,72.99,7388715
1446474600,73,74.64,72.83,74.34,5876460
1446561000,74.44,75.32,74.2,74.75,5006120
1446647400,75.34,75.93,74.3275,74.55,5478664
1446733800,74.65,75.56,73.21,74.22,6238869
1446820200,73.42,73.85,72.33,73.84,5538588
1447079400,73.43,73.605,71.48,71.89,5914778
1447165800,71.79,72.58,71.63,72.43,4373753
1447252200,72.54,72.85,71.82,71.91,4190694
1447338600,70.82,70.99,68.41,68.66,8731745
1447425000,68.7,70.13,68.5,69.63,6429566
1447684200,69.48,70.62,69.23,70.39,5167643
1447770600,70.13,70.36,69.05,69.39,4811991
1447857000,69.9,70.45,69.378,70.32,3788345
1447943400,69.5,70.11,68.6,70.02,6296006
1448029800,70.48,71.21,70.1601,71.14,6495068
1448289000,70.98,71.9,70.885,71.02,3847626
1448375400,70.78,71.7099,70.44,71.4,3846515
1448461800,71.74,71.89,70.725,71.49,3492996
1448634600,71.18,71.53,70.7,71.22,1642061
1448893800,71.33,72.79,71.15,72.65,5632904
1448980200,72.33,72.64,70.85,71.56,6578365
1449066600,71.2,72.13,70.62,71.03,5068182
1449153000,71.15,71.22,69.37,69.64,8130772
1449239400,69.36,70.03,68.8,69.98,5252014
1449498600,68.68,68.73,67.72,68.36,6805880
1449585000,66.99,67.16,66.18,66.54,6866300
1449671400,66.3,67.02,65.16,65.91,8578009
1449757800,65.98,67.09,65.91,66.38,5768745
1449844200,65.38,66.1,64.48,65.43,7572606
1450103400,65.63,66.18,64.73,66.12,7371132
1450189800,65.46,66.96,65.24,66.75,6061216
1450276200,66.22,67.88,66.14,67.72,6747572
1450362600,67.18,67.505,64.88,64.9,6799955
1450449000,64.6,65.87,64.1,65.11,13490891
1450708200,65.59,65.82,64.38,65.24,5311466
1450794600,66.25,68.79,66.11,68.41,9697151
1450881000,69.59,70.49,68.985,69.89,7586275
1450967400,69.75,69.9,69.06,69.38,2322144
1451313000,69.12,69.18,68.03,68.58,3883953
1451399400,69.22,69.57,68.62,69.19,3539541
1451485800,68.66,69.63,68.57,68.69,3158522
1451572200,68.45,69.1,67.94,67.96,4356425
1451917800,66.88,68.085,65.72,67.99,8586866
1452004200,68.38,68.44,66.42,67.28,6139106
1452090600,65.98,66.85,65.62,66.22,6639331
1452177000,65.08,65.5246,63.66,63.94,8601469
1452263400,64.33,64.53,62.93,63.29,8278452
1452522600,63.67,63.7,60.85,61.47,9669420
1452609000,62.44,62.5,60.39,61.6,8593098
1452695400,62.07,62.76,60.39,60.89,7237267
1452781800,61.24,62.97,60.38,62.27,9241846
1452868200,59.52,60.09,58.75,59.87,12674531
1453213800,60.26,60.54,58.48,59.03,8501082
1453300200,58.08,59.38,56.36,58.81,10857685
1453386600,59,60.42,58.25,59.69,8798285
1453473000,61.23,62.56,60.6,60.98,7815583
1453732200,58.96,59.35,57.76,57.91,10971519
1453818600,58.4,59.66,58.09,59.16,8141879
1453905000,58.43,59.89,57.46,58.32,11013841
1453991400,62.01,62.45,58.57,61.08,13567031
1454077800,61.69,62.29,60.76,62.24,8221025
1454337000,61.97,63.08,61.378,62.7,5955727
1454423400,61.28,61.55,60.48,60.67,6282253
1454509800,61.47,63.6,59.8,63.27,8332086
1454596200,63.6,66.99,63.6,65.96,12598022
1454682600,65.67,66.76,65.18,66.12,7463722
1454941800,65.42,65.64,63.66,64.58,6315489
1455028200,63.9,64.41,63.12,63.93,5638462
1455114600,64.27,64.38,62,62.14,5955353
1455201000,60.91,62.31,60.51,61.41,7055006
1455287400,61.99,63.47,61.82,63.15,4297399
1455633000,64.16,65.55,63.51,65.21,4819413
1455719400,66,67.79,65.72,67.26,7373841
1455805800,67.15,67.6,65.14,66.12,6175536
1455892200,64.92,65.52,64.08,65.42,4994876
1456151400,66.41,67.52,66.35,67.31,5787709
1456237800,67.11,67.24,65.7,65.78,5599379
1456324200,64.7,65.97,63.0673,65.88,6439213
1456410600,65.89,66.47,64.844,66.47,4277172
1456497000,67.39,68,66.45,66.87,4149840
1456756200,67.14,68.5779,66.49,67.7,8643242
1456842600,68.44,69.49,67.34,69.09,4451551
1456929000,68.75,69.9285,68.21,69.38,4801267
1457015400,69.62,72.08,69.39,71.75,7172732
1457101800,72.09,73.96,71.54,72.84,9521480
1457361000,72.8,75.73,72.8,74.77,10740436
1457447400,73.78,74.11,71.52,71.73,8748400
1457533800,72.33,72.7,71.26,71.87,4907917
1457620200,72.03,72.03,70.49,71.36,6352402
1457706600,72.36,73.1,72.2781,72.8,4786968
1457962200,72.73,73.44,72.1301,72.73,5059976
1458048600,71.44,72.47,70.86,72.44,4674745
1458135000,72.59,74.51,72.2,74.34,6641173
1458221400,74.2,76.3,73.52,75.9,13315997
1458307800,76.08,76.94,74.64,75.47,13750189
1458567000,75.53,76.35,75.04,75.89,4315719
1458653400,75.59,76.08,75.24,75.55,3625604
1458739800,74.97,75.12,73.57,73.68,5352906
1458826200,72.93,75.35,72.73,75.29,7036135
1459171800,75.15,75.55,74.46,75.32,3425427
1459258200,74.97,76.05,74.19,76.01,4085003
1459344600,76.94,77.25,76.01,76.51,4886750
1459431000,76.3,77.13,76.24,76.54,4348712
1459517400,75.65,76.87,74.67,76.79,4878268
1459776600,76.56,77.04,75.42,75.72,4349645
1459863000,75.32,75.85,74.6,75.24,4386806
1459949400,75.52,75.57,73.7,75.22,4929823
1460035800,74.49,74.68,73.76,74.17,4800825
1460122200,75.03,75.25,74,74.35,4911253
1460381400,74.61,75.779,74.61,74.63,3904792
1460467800,75.06,76.74,74.47,76.1,5129572
1460554200,76.87,79.16,76.56,79.13,9365677
1460640600,79.44,79.72,78.37,79.05,5372265
1460727000,79.38,79.78,78.73,79.17,5508520
1460986200,78.47,79.87,78.14,79.25,4822226
1461072600,79.99,80.89,79.4601,80.39,6283526
1461159000,80.25,80.6,79.3,79.74,5356828
1461245400,78.75,79.58,78.19,78.66,6509134
1461331800,78.93,79.18,77.2,78.32,10099567
1461591000,78.5,78.86,76.2,76.79,8079757
1461677400,77.15,77.74,76.47,77.65,6085885
1461763800,77.98,78.89,77.6,78.68,4459292
1461850200,78.03,79.17,77.595,77.75,4844552
1461936600,78.02,79,77.32,77.72,7702702
1462195800,77.35,78.07,76.62,77.84,3330126
1462282200,76.85,77.1,75.585,76.36,4790914
1462368600,76.18,76.31,73.9,74.24,6938083
1462455000,74.15,74.6,72.7,72.79,8071202
1462541400,72.16,73.42,71.6201,73.36,6942753
1462800600,72.33,72.625,70.57,70.78,9404968
1462887000,70.78,72.71,70.59,72.51,6507276
1462973400,72.85,73.61,72.36,72.43,4691884
1463059800,72.92,73.235,71.18,71.7,4526474
1463146200,71.63,71.7799,70.06,70.07,6417240
1463405400,70.39,71.7,70.1,70.7,4515923
1463491800,70.7,72.18,70.45,71.05,4841860
1463578200,70.62,71.87,70.08,70.59,5165969
1463664600,69.93,70.12,69.035,69.43,6137069
1463751000,70,70.78,69.75,69.87,5731635
1464010200,69.8,70.95,69.59,70.4,4001962
1464096600,70.78,71.25,70.25,71.09,3872377
1464183000,71.63,72.7,71.26,72.57,5042898
1464269400,73.24,73.59,72.06,72.08,4146439
1464355800,72.15,72.2,71.5,71.96,3002130
1464701400,72.03,73.17,71.95,72.51,4072620
1464787800,71.98,72.49,71.27,72.27,2699924
1464874200,72.6,73.64,72.276,73.62,4615267
1464960600,73.65,75.14,73.1,75.04,6619331
1465219800,75.36,76.53,75.11,76.42,4775107
1465306200,76.53,77.28,76.44,76.81,4235164
1465392600,77.5,78.7,77.26,78.11,5987837
1465479000,77.39,77.5,76.636,77.16,3784630
1465565400,76.32,76.56,75.3801,76.03,4879492
1465824600,75.7,76.34,75.23,75.23,4086711
1465911000,75.06,75.55,73.95,74.86,4058441
1465997400,75.19,75.95,74.34,75.07,3802022
1466083800,74.41,75.14,73.35,74.99,4064770
1466170200,75.35,76.66,75.24,75.93,5442037
1466429400,76.91,77.35,76.39,76.43,4090835
1466515800,76.45,76.9,76.01,76.49,3292083
1466602200,76.89,77.09,76.18,76.43,3056831
1466688600,77.66,78.25,77.22,78.22,3600824
1466775000,75.2,75.61,72.99,73.03,12179523
1467034200,72.5,72.71,70.53,71.38,7361643
1467120600,72.24,72.9,71.51,72.52,4743725
1467207000,73.25,74.395,72.79,74.23,4015420
1467293400,74.17,75.85,73.97,75.81,4695512
1467379800,75.38,76.99,75.32,76.45,4630059
1467725400,75.66,75.95,73.7,74.38,4776310
1467811800,74.59,74.87,73.46,74.83,3740499
1467898200,75.07,75.73,74.38,75.05,3080886
1467984600,75.92,77.43,75.78,77.37,5491482
1468243800,78,78.54,77.32,77.8,4511317
1468330200,78.72,79.94,78.3,79.8,5545755
1468416600,79.98,80.33,79.07,79.69,5162537
1468503000,80.5,81,79.97,80.06,5441707
1468589400,80.49,80.8,80.16,80.7,4642078
1468848600,79.88,79.89,78.87,79.82,4136743
1468935000,79.34,79.77,79.15,79.74,3308355
1469021400,79.45,79.86,78.93,79.69,4185481
1469107800,80.45,81.375,79.74,80.01,6492232
1469194200,79.78,79.79,78.86,79.38,4133834
1469453400,79.15,79.185,78.34,78.69,5798090
1469539800,79.04,83,78.74,82.75,11007577
1469626200,82.72,84.29,82.72,84.1,8460932
1469712600,83.7,83.7148,82.45,82.92,5065610
1469799000,82.8,83.14,82.1345,82.76,4274241
1470058200,82.76,82.88,81.53,81.95,3377149
1470144600,82,82.19,80.92,81.24,3909479
1470231000,81.15,82.3,80.93,82.03,3101710
1470317400,81.82,82.54,81.4,81.77,2407526
1470403800,82.22,82.9582,82,82.56,3286094
1470663000,83,83.79,82.8,83.44,3544827
1470749400,83.52,83.75,82.7,82.83,2314884
1470835800,83.31,83.31,82.48,82.65,2290307
1470922200,83,83.65,82.9901,83.24,2229261
1471008600,83.26,83.78,82.58,83,4342839
1471267800,83,84.275,82.9601,84.15,4056023
1471354200,84.21,84.36,83.64,84.29,3161753
1471440600,84.41,84.73,83.84,84.41,2983391
1471527000,83.41,83.61,82.51,83.38,5003053
1471613400,83.06,84.38,82.76,83.84,3823918
1471872600,83.62,83.78,83,83.59,2885000
1471959000,83.98,84.68,83.945,84.01,3178360
1472045400,83.41,84.1,82.97,83.15,2200583
1472131800,83.07,83.17,82.59,82.84,3082906
1472218200,83.21,83.9,82.28,82.66,3596799
1472477400,82.51,83.35,82.41,83.1,2253599
1472563800,82.86,83.15,82.31,82.48,3469384
1472650200,82.06,82.34,81.61,81.95,4041706
1472736600,81.59,82,80.57,81.45,4102195
1472823000,82.19,82.365,81.47,81.69,2449377
1473168600,82.01,82.23,81.48,82.08,3071022
1473255000,82.5,83.73,82.41,83.72,3996655
1473341400,83.5,83.96,83.08,83.54,3400487
1473427800,82.89,83,80.76,80.79,5311576
1473687000,80.27,82.12,80.1,81.92,4110772
1473773400,81.1,81.26,79.93,80.23,4740645
1473859800,80.38,81.6184,80.23,81.02,5324824
1473946200,80.83,82.35,80.74,82.03,3517811
1474032600,81.62,82.08,81.21,82.05,6715374
1474291800,82.18,82.35,81.35,81.88,4351240
1474378200,82.46,82.67,81.66,81.7,2775339
1474464600,82.3,83.49,82.01,83.47,4264276
1474551000,83.97,84.45,83.31,83.5,3925245
1474637400,83.51,83.58,82.39,82.44,3031533
1474896600,82.2,82.68,82.01,82.37,3340788
1474983000,82.19,82.88,81.67,82.88,4295596
1475069400,83.25,86.66,83.135,86.59,9497066
1475155800,86.28,88.85,86.28,87.47,10616376
1475242200,87.99,88.98,87.81,88.77,6379056
1475501400,88.23,89.19,88.17,88.28,4294645
1475587800,88.5,88.95,87.18,87.51,4743263
1475674200,88.12,89.87,88.04,89.42,5189453
1475760600,88.96,89.66,88.71,89.29,3786939
1475847000,89.52,89.74,87.94,88.47,3774152
1476106200,89.1,89.5,88.14,88.22,3785658
1476192600,89.1,89.32,87.26,87.47,6471919
1476279000,87.5,87.75,87.02,87.58,3949984
1476365400,86.9,87.07,86.26,86.97,5676991
1476451800,87.83,88.42,87.56,87.67,3601023
1476711000,87.38,87.72,86.9,87.29,4479743
1476797400,88.11,88.2,86.77,87.22,3715717
1476883800,87.31,88.28,86.86,88,5943908
1476970200,87.06,87.27,86.23,86.63,4576568
1477056600,85.73,86.625,85.36,86.33,3592524
1477315800,86.12,87.13,85.54,85.99,5096454
1477402200,85.86,87.65,83.88,84.48,11639239
1477488600,83.81,84.39,82.88,84.13,6582085
1477575000,84.28,84.344,82.71,83.01,5003224
1477661400,83.32,84.17,83,83.88,4974567
1477920600,84.19,84.375,83.41,83.46,4679376
1478007000,83.47,83.65,81.65,82.24,5139628
1478093400,82.15,82.15,80.33,81.11,5228562
1478179800,81.64,81.67,80.68,81.27,3859001
1478266200,81.34,82.9,80.59,82.31,5745833
1478529000,83.74,84.16,82.97,83.75,3786427
1478615400,83.77,85,83.06,84.68,3407727
1478701800,89.78,93.2,89.36,91.2,19281888
1478788200,92.04,94.95,91.84,93.45,14174371
1478874600,93.39,94.34,91.82,93.01,7369906
1479133800,93.25,95.5,93.02,94.17,7552789
1479220200,93.46,94.46,92.64,94.44,4645386
1479306600,93.77,94.3999,92.835,93.35,3297156
1479393000,93.5,93.5,92.4,92.78,3942223
1479479400,93.01,93.4,91.9,92.34,4715937
1479738600,93.13,93.85,92.78,92.9,3783223
1479825000,93.4,93.71,92.8,93.62,3172772
1479911400,94.81,96.42,94.22,96.18,6571098
1480084200,95.96,96.44,95.21,95.81,2006880
1480343400,95.51,95.86,94.47,94.9,4916004
1480429800,94,94.57,93.63,94.04,3806021
1480516200,95.75,95.895,94.35,95.56,4641863
1480602600,96,97.39,94.05,96.24,9361618
1480689000,95.36,96.15,94.93,95.14,5038257
1480948200,95.87,95.99,94.15,94.45,4980335
1481034600,94.1,95.31,94.07,95.22,3663143
1481121000,95.25,97.33,94.93,97.33,4901054
1481207400,97.26,97.4,96.13,96.27,3861626
1481293800,96.23,96.3,95.19,95.53,6550220
1481553000,96.01,96.65,94.91,95.08,3597051
1481639400,95.74,96.5,95.18,96.02,3803344
1481725800,95.77,96,93.61,93.74,5647437
1481812200,93.8,94.73,93.05,94.53,4200139
1481898600,94.35,94.48,92.53,92.58,7872713
1482157800,91.93,92.78,91,92.71,3856324
1482244200,93.64,94.83,93.3,94.34,4302415
1482330600,94.26,94.3,93.68,93.82,2829309
1482417000,93.78,94.45,93.72,94.12,2534883
1482503400,93.79,94.4,93.64,94.32,1545895
1482849000,94.34,94.8,94.1,94.55,1735397
1482935400,94.6,94.9,92.82,93.15,2700257
1483021800,93.28,93.85,93,93.29,2387183
1483108200,93.04,93.25,92.33,92.74,3471158
1483453800,94,95.19,93.25,93.99,5054885
1483540200,94.46,94.5,93.43,93.57,3772050
1483626600,93.18,94.46,92.42,93,4698750
1483713000,93.45,93.6,92.41,93.04,4023073
1483972200,92.93,93.49,92.2,92.37,3095018
1484058600,92.98,94.44,92.77,93.83,3980193
1484145000,94.47,94.75,93.39,94.65,3720504
1484231400,94.37,94.37,92.78,93.99,3102819
1484317800,94.07,94.625,93.68,94.48,2609480
1484663400,94.24,94.2899,93.22,93.57,5040301
1484749800,92.79,93.42,92.53,93.33,3425712
1484836200,93.58,93.98,92.96,93.38,3540068
1484922600,94.01,95,93.62,94.58,5045228
1485181800,94.6,94.74,93.56,94.46,3254899
1485268200,95.02,96.73,94.8,96.24,5768201
1485354600,97.82,98.59,97.32,98.15,7557915
1485441000,98.45,98.98,96.0187,97.22,9097281
1485527400,97.69,99.46,97.5,98.99,6371428
1485786600,98.4,98.59,96.57,96.79,5221787
1485873000,96.59,96.63,94.59,95.66,5724663
1485959400,95.81,96.52,94.4,95.11,3582499
1486045800,94.77,95.13,93.5,93.77,3807479
1486132200,94.32,94.449,92.81,93.28,4677910
1486391400,92.81,93.12,92.43,92.87,4621278
1486477800,94.32,94.9229,93.02,93.31,4995605
1486564200,93,93,92.11,92.91,4083514
1486650600,93.06,94.18,92.69,93.96,3994308
1486737000,94.87,96.62,94.5,96.31,5600224
1486996200,97.69,99.045,97.16,98.5,6995085
1487082600,98.29,98.74,97.26,98.09,4342641
1487169000,98.11,99.02,98,99.02,4325979
1487255400,99.05,99.07,97.8,98.26,3062422
1487341800,98.07,98.95,97.54,98.85,3631547
1487687400,98.87,99.2,97.92,98.1,3916568
1487773800,98.04,98.73,97.62,98.2,3031129
1487860200,98.44,98.5,95.12,95.55,6024786
1487946600,94.86,95.5,93.5,95.48,5018244
1488205800,95.48,97.52,95.115,97.44,5444968
1488292200,97.24,97.6,96.44,96.66,3951691
1488378600,98.2,98.97,97.43,98.58,5564894
1488465000,98.49,98.73,92.84,94.36,23059151
1488551400,94.36,95.9,94.21,95.12,8178213
1488810600,94.32,95.94,94.1,95.66,4706107
1488897000,95.65,96.23,94.76,95.93,4683089
1488983400,94.1,95.48,92.86,93.23,9370375
1489069800,92.45,93.22,90.41,91.39,9260934
1489156200,91.89,93.1,90.81,92.31,7168974
1489411800,93.33,93.53,92.26,92.64,4376144
1489498200,91.22,92,90.62,91.86,5781058
1489584600,92.37,93.79,92.06,93.36,6434599
1489671000,93.97,94.09,92.641,92.85,3717911
1489757400,92.99,93.32,92.65,92.91,7141421
1490016600,93.13,95.48,92.89,95.4,6516200
1490103000,95.38,95.39,92.09,92.43,7720164
1490189400,92,93.13,91.72,92.43,5035553
1490275800,92.45,93,91.96,92.23,2586255
1490362200,92.24,93.24,91.56,92.15,3634569
1490621400,90.9,91.97,90.34,91.51,3425749
1490707800,91.56,93.16,91.51,92.95,3866074
1490794200,92.76,93.249,92.4,92.86,2513690
1490880600,92.98,93.37,92.4,93.22,3672610
1490967000,92.63,93.24,92.02,92.76,4020648
1491226200,92.43,92.84,91,92.27,3685857
1491312600,93.89,94.78,93.06,94.13,5797548
1491399000,94.92,96.7299,93.96,94.24,6061256
1491485400,94.42,96.42,94.26,95.82,5421615
1491571800,95.87,96.62,95.42,95.52,4463804
1491831000,96.31,97.89,96.1,97.14,5168332
1491917400,97.3,97.308,95.67,97.1,4250436
1492003800,96.69,96.77,94.66,94.86,4773941
1492090200,94.6,94.86,93.09,93.1,4705994
1492435800,93.69,94.35,93.49,94.14,3719144
1492522200,93.5,94.54,93.12,94.39,3311018
1492608600,94.86,95.97,93.29,93.47,5550388
1492695000,93.28,94.96,92.98,94.66,4852017
1492781400,95.19,95.25,93.81,94.32,4128655
1493040600,95.84,97.06,95.8,96.81,6739398
1493127000,102.88,104.89,102,104.42,18361334
1493213400,103.8,105.98,103.64,104.66,9856082
1493299800,104.05,104.24,102.56,102.68,6727449
1493386200,102.83,103.53,102.23,102.26,4015957
1493645400,102.65,102.99,101.41,102,4512654
1493731800,102.27,102.71,101.25,101.51,4516369
1493818200,101.04,102.17,100.78,101.54,4278374
1493904600,101.44,101.5,98.635,99.39,7271600
1493991000,99.5,99.9869,99.02,99.64,4086754
1494250200,99.48,100.1,98.94,99.37,5094647
1494336600,99.72,100.21,99.25,99.29,9742039
1494423000,99.72,100.71,99.301,100.36,4697268
1494509400,101.9,101.9189,100.15,100.99,5220286
1494595800,100.59,100.95,100.17,100.71,4111987
1494855000,101.59,102.56,101.41,102.42,3756092
1494941400,102.75,102.8,101.27,102.34,3115859
1495027800,101,101.65,99.89,100.14,4618515
1495114200,99.14,100.67,97.74,100.22,5931547
1495200600,101.57,102.86,101.27,102.43,4636549
1495459800,102.67,103.05,101.81,102.29,4377007
1495546200,102.3,103.75,102.06,103.63,3327626
1495632600,103.33,104.91,103.15,103.95,5174710
1495719000,104.45,105.935,104.24,105.02,5220575
1495805400,105,105.71,104.62,105.66,2894109
1496151000,105.26,105.86,105.01,105.47,3211672
1496237400,105.25,105.76,103.6,105.43,4131439
1496323800,105.77,106.43,105.16,105.65,4211339
1496410200,105.67,106.76,105.18,105.95,3702809
1496669400,105.58,107.17,105.14,105.2,4319496
1496755800,104.79,105.52,104.06,104.55,3800243
1496842200,104.3,104.69,102.45,103.51,5121650
1496928600,103.8,105.39,103.61,105.01,4649344
1497015000,105.09,107.02,105.03,105.92,3881020
1497274200,105.65,106.3489,104.9,106.07,4167423
1497360600,106.18,106.66,105.505,105.75,3522709
1497447000,105.8,105.99,103.99,104.71,4100230
1497533400,103.8,106.64,103.8,106.4,5974059
1497619800,106.76,107.91,106.4,107.6,7350440
1497879000,107.95,108.04,106.67,107.49,4347630
1497965400,108.06,108.18,106.915,107.04,5314140
1498051800,106.63,106.76,103.15,103.47,6274065
1498138200,103.57,104.66,103.49,103.84,3652480
1498224600,102.5,104.27,102.3047,104.11,12089818
1498483800,104.66,105.63,103.44,104.25,2857661
1498570200,104.5,105.23,103.69,103.93,3380676
1498656600,104.85,106.63,104.76,106.45,4118284
1498743000,106.45,106.97,104.81,105.64,3550032
1498829400,106.1,108.04,105.83,107.46,4702148
1499088600,106.51,107.84,106.48,106.97,2404896
1499261400,107,107.88,106.65,107.49,3483617
1499347800,107.23,107.89,106.3,106.51,2921670
1499434200,106.61,107.58,105.85,106.92,2767868
1499693400,106.73,108.49,106.24,107.84,2951468
1499779800,107.91,108.47,107.05,108.24,2559920
1499866200,108.92,110,108.84,108.96,3611614
1499952600,108.89,109.25,107.97,108.47,3051071
1500039000,108.55,109.36,108.05,108.77,4480218
1500298200,108,109.38,107.98,108.84,2969519
1500384600,108.22,108.22,106.57,107.07,3984361
1500471000,107.3,108,107.14,107.85,2857917
1500557400,107.88,108.15,107.06,107.32,3759740
1500643800,106.71,106.95,105.11,106.59,4258115
1500903000,107.86,108.5,107.29,108.18,5980369
1500989400,113.24,114.89,111.8,114.54,14264596
1501075800,114.25,114.54,113.08,113.52,5741249
1501162200,113.72,114.39,113.25,114.37,5583481
1501248600,114.45,114.9,113.48,114.1,4704478
1501507800,114.5,114.66,113.69,113.95,4486013
1501594200,114.27,114.43,112.52,113.1,3683681
1501680600,113.15,113.58,112.09,113.09,2830626
1501767000,112.85,113.72,112.85,113.56,2438868
1501853400,113.88,114.64,113.451,114.35,2631896
1502112600,114.48,114.99,114.3,114.71,2269385
1502199000,114.59,115.25,114.19,114.41,2601217
1502285400,114.39,115.46,114.11,114.34,3170051
1502371800,113.89,114.13,112.86,113.15,3186723
1502458200,113.07,113.67,112.75,112.85,2130558
1502717400,113.46,114.37,113.27,113.71,1968916
1502803800,114,114.23,113.32,113.65,2826822
1502890200,113.81,114.505,113.63,114.12,2268555
1502976600,114,114.37,113.14,113.14,2905050
1503063000,112.99,114.64,112.69,113.92,3875693
1503322200,113.75,114.09,113.27,113.6,3137367
1503408600,114.21,115.86,114,115.82,3881054
1503495000,115,115.38,114.75,114.75,2447632
1503581400,115,115.05,114.39,114.78,1861155
1503667800,115.47,116.64,115.15,115.35,3282217
1503927000,115.76,116.06,114.6593,115.07,2011033
1504013400,114.38,116.6,114.3,116.01,4355661
1504099800,116.12,117.69,115.8775,117.55,3401022
1504186200,117.95,118.83,117.35,117.49,3357695
1504272600,117.49,118.82,117.4,118.28,2992226
1504618200,118.14,119.13,117.82,118.3,3830667
1504704600,118.75,119.185,116.98,116.98,4292595
1504791000,117.38,117.93,116.501,117.77,3270114
1504877400,117.23,118.85,117,117.82,2786971
1505136600,118.82,118.92,117.47,118.87,3527473
1505223000,119.19,121.39,119.06,120.94,5554631
1505309400,120.5,121,119.41,119.63,2532234
1505395800,119.79,120.79,119.21,120.48,2904856
1505482200,121.01,121.57,120.31,121.37,4610125
1505741400,123.62,124.43,122.85,123.83,4349014
1505827800,123.96,124.93,123.76,124.74,3050029
1505914200,124.97,125.2764,124.18,124.85,3151576
1506000600,124.52,125.04,123.821,124.79,2615367
1506087000,124.58,125.42,124.35,124.43,2616709
1506346200,124.37,124.78,123.65,124.32,3268466
1506432600,124.7,125.07,124.32,124.51,2302141
1506519000,125.21,125.42,124.34,124.52,2140644
1506605400,123.91,125.28,123.62,125.23,2067779
1506691800,125.35,125.55,124.5144,124.71,2273463
1506951000,124.4,124.8299,123.95,124.72,2502628
1507037400,124.98,125.53,124.35,125.51,2166124
1507123800,125.69,127.09,125.6,126.74,2792495
1507210200,126.8,126.91,126.01,126.4,2496551
1507296600,126.12,126.99,125.9778,126.93,2697410
1507555800,126.92,126.93,125.94,126.88,1979639
1507642200,127.52,128.29,127.27,128.19,4414772
1507728600,128.17,128.85,127.67,128.6,2177836
1507815000,128.4,130.16,128.38,129.99,3372320
1507901400,131,131.41,129.2041,130.71,3478191
1508160600,131.25,132.12,130.94,131.47,2914192
1508247000,131.14,131.47,130.3201,130.54,2380342
1508333400,130.5,131.65,130.5,131.29,2511437
1508419800,131,131.63,129.4,131.55,4837581
1508506200,131.34,131.91,130.48,131.36,3086775
1508765400,131.95,132.3438,131.16,131.68,5549532
1508851800,140.06,140.439,136.63,138.24,18886700
1508938200,137.21,137.83,134.7901,136.84,7438581
1509024600,136.88,138.24,136.85,136.94,5745354
1509111000,136.92,138.4,136.9,137.81,4064593
1509370200,137.3,137.81,136.48,136.49,3044543
1509456600,136.5,136.62,135.0801,135.8,3988311
1509543000,135.67,137.3,135.43,136.29,3629020
1509629400,136.42,136.99,135.69,136.47,2722613
1509715800,136.48,136.95,136.36,136.63,2105357
1509978600,136.8,138.45,136.79,137.71,2780869
1510065000,137.8,138.9,136.66,138.81,3222106
1510151400,138.4,138.75,137.18,137.29,1933255
1510237800,136.44,136.75,134.65,135.34,2940871
1510324200,135.09,136.89,135.07,136.48,2017641
1510583400,135.53,136.55,134.87,136.53,1894148
1510669800,138,138.12,136.47,137.54,3041283
1510756200,136.48,136.76,133.81,134.1,3746182
1510842600,135.47,137.41,135.1,136.36,2813638
1510929000,135.8,136.36,135.02,136.13,2312700
1511188200,136.44,137.81,136.25,136.91,2124623
1511274600,137.77,138,137.17,137.6,2221427
1511361000,138.22,138.42,137.2,138.01,4887659
1511533800,138.1,138.42,137.34,137.39,942576
1511793000,137.47,138.2698,136.89,137.19,2585375
1511879400,137.51,139,137.27,138.99,2592701
1511965800,139,139.21,137.201,138.06,3098231
1512052200,138.9,141.33,137.11,141.15,7507820
1512138600,141.6,142.4,138.375,141.52,5481644
1512397800,144.25,145.19,141.44,141.5,4922287
1512484200,141.75,142.19,139.73,140.14,3884080
1512570600,140.15,141.14,139.5,140.34,2881368
1512657000,139.775,143,139.1884,142.89,2977117
1512743400,143.87,144.32,142.93,143.86,2490056
1513002600,144.63,144.71,143.48,143.77,1913470
1513089000,143.49,144.8,143.21,143.42,3397071
1513175400,144.18,149.05,144.07,148.57,6486536
1513261800,148.85,149,145.88,146.28,4616889
1513348200,147.35,147.84,145.49,146.69,7931739
1513607400,147.75,149.81,146.8,149.77,3534846
1513693800,149.9,151.09,148.5301,150.91,3554140
1513780200,151.93,152.6,150.7,152.52,3076024
1513866600,152.69,155.1,151.81,154.64,4017431
1513953000,154.77,155.8,153.95,155.75,2486378
1514298600,156.04,156.9799,155.66,156.44,1870565
1514385000,156.94,157.69,156.31,157.52,2520486
1514471400,157.94,158.65,157.23,158.42,4064049
1514557800,158.05,158.4998,157.51,157.58,2616142
1514903400,158.3,159.39,156.03,157.04,5108362
1514989800,157.04,157.49,155.4,157.28,4146054
1515076200,157.89,159.58,157.02,159.44,4865769
1515162600,160.26,162.05,159.64,161.96,3945401
1515421800,164.11,166.43,162.55,166.03,5929202
1515508200,166.33,167.41,165.09,166.43,4522913
1515594600,165.9,167.525,164.5,165.87,5478633
1515681000,166.9,169.53,165.64,169.2,4198990
1515767400,169.99,170.67,169.2251,170.3,4127913
1516113000,172.9,173.24,167.57,169.31,8530572
1516199400,169.32,170.11,168.5,168.5,5571411
1516285800,169.33,170.7599,168.091,168.83,4668825
1516372200,169.63,170.45,168.61,170.41,5796683
1516631400,170.32,170.91,168.48,170.89,3540941
1516717800,172,172.05,169.2,169.43,5036456
1516804200,171.4,172.45,167.67,168.34,8240960
1516890600,173.1,173.1,162.46,169.37,16937125
1516977000,168.81,169,164.55,167.06,9045259
1517236200,165.58,165.88,159.42,162.58,9499928
1517322600,160.33,164.71,159.81,163.76,8694776
1517409000,164.7,165.79,161.893,162.78,7013992
1517495400,161.24,163.74,160.18,162.24,4323603
1517581800,160.77,160.8,156.53,157.49,7602821
1517841000,154.93,158.93,142.85,151.08,11390549
1517927400,148.07,156.5599,146.81,156.41,13908666
1518013800,155.36,158.09,154.28,154.34,7156489
1518100200,153.85,154.19,145.92,145.99,9101934
1518186600,148.71,150.89,142.88,149.21,9528067
1518445800,151.87,153.45,150.25,152.29,5756787
1518532200,151.25,155.2,151,153.97,5512149
1518618600,152.39,158.59,152.34,158.06,5560057
1518705000,159.8,160.3431,157.48,159.98,4914500
1518791400,160.13,161,156.0876,156.29,5991556
1519137000,155.17,158.25,154.27,155.56,5094572
1519223400,155.7,158.4,155.04,155.23,4179354
1519309800,156.41,159.78,156.2,158.86,4723266
1519396200,159.4,162.48,159.22,162.41,4450847
1519655400,163.05,164.05,161.55,163.69,6254350
1519741800,163.26,164.6,161.24,161.26,4127704
1519828200,161.5,162.34,154.17,154.63,7298582
1519914600,153.67,156.19,148.51,150.23,9434816
1520001000,149.13,149.88,145.86,146.38,9509411
1520260200,145.15,151.86,144.01,151.12,8453004
1520346600,152.64,154.98,151.67,153.75,5795581
1520433000,150,152.27,148.81,151.51,5491026
1520519400,151.73,153.97,150.29,153.59,4105005
1520605800,155.12,158.42,154.33,158.25,4576744
1520861400,158.24,159.34,153.85,154.5,4880417
1520947800,156.3,157.87,153.2,153.69,4819119
1521034200,154.8,155.2537,151.31,152.54,4873575
1521120600,153.18,155.59,151.65,154.57,5268844
1521207000,154.32,157.45,153.31,156.46,10897566
1521466200,154.24,154.83,150.82,152.15,5479215
1521552600,153,155.2,152.54,154.06,3557563
1521639000,154.16,157.28,153.21,155.8,3887444
1521725400,152.87,153.5,146.25,146.9,8225576
1521811800,147.7,148.95,143.79,144.29,6533080
1522071000,147.82,149.56,145.26,149.19,5454879
1522157400,149.9,151.12,145.79,146.99,4915287
1522243800,146.99,148.24,143.63,145.16,4933922
1522330200,146.21,148.77,145.57,147.38,4209422
1522675800,146.44,147.35,141.76,143.89,5397549
1522762200,144.8,145.649,142.38,145.06,4845692
1522848600,139.88,145.46,138.05,145.18,6188246
1522935000,146.51,148.879,146.47,148.13,4584764
1523021400,145.77,147,140.82,142.99,5707394
1523280600,144.8,146.79,142.8,143.08,4050818
1523367000,146.75,149.01,145.615,148.09,4031278
1523453400,146.68,148.35,146.32,146.79,3218872
1523539800,147.64,151.155,147.64,150.14,3957996
1523626200,151.75,152.91,148.99,150.23,3603249
1523885400,151.74,153.42,150.28,152.14,3055572
1523971800,153.34,155.54,153.01,153.31,3817178
1524058200,155.19,157.12,154.575,155.95,3087056
1524144600,155.39,156.325,153.96,155.7,4013234
1524231000,155.25,156.14,152.37,153.25,4057801
1524490200,154.65,155.74,152.18,153.99,5350328
1524576600,159.75,161.1,143.36,144.44,24122297
1524663000,143.83,147.6,142.16,145.19,9963695
1524749400,145.32,147.4,144.01,146.31,6558944
1524835800,145.67,146.6,144.16,144.72,3860561
1525095000,145.21,146.2,143.6,144.36,4764799
1525181400,143.08,144.43,140.3,144.42,5004386
1525267800,143.99,146.65,143.48,143.86,4637644
1525354200,141.69,145.15,138.15,143.78,7703228
1525440600,142.24,147.19,141.05,146.37,4678414
1525699800,148.18,151.46,148,149.82,6844614
1525786200,150.65,151.07,148.57,149.93,3853585
1525872600,150.75,153.35,150.5,152.61,4668230
1525959000,153.2,155.44,152.81,153.97,3910954
1526045400,154.25,156.74,153.77,154.86,3507901
1526304600,155.61,156.4,154.39,155.28,3563923
1526391000,153.82,154.4,151.71,152.59,4127177
1526477400,152.55,153.87,152.35,153.8,2693400
1526563800,153.7,155.25,152.76,153.69,2885836
1526650200,154.15,156.84,154.01,155.71,3889339
1526909400,159.26,161.6,158.7,158.92,5849693
1526995800,159.03,159.3548,156.14,156.2,3512425
1527082200,154.65,158,153.7211,157.74,4009966
1527168600,157.21,158.3958,156.03,157.7,2890978
1527255000,156.92,157.57,155.23,155.85,2359721
1527600600,154.26,155.7193,152.64,153.62,3795760
1527687000,154.6,155.98,153.84,155.46,2688183
1527773400,155.3,155.3099,151.5,151.91,4546036
1527859800,153.3,154.19,152.26,153.52,2755539
1528119000,154.79,154.93,152.08,152.5,2470867
1528205400,152.4,153.1,152.02,153.01,2916553
1528291800,153.65,156.54,153.01,156.51,3689293
1528378200,157.11,157.93,155.53,156.29,3149146
1528464600,156.19,156.65,155.035,155.32,3254129
1528723800,155.19,157.08,154.72,156.3,2758304
1528810200,156.45,159.19,156.39,157.49,2595641
1528896600,157.18,157.35,154.51,154.71,4189325
1528983000,155.7,157.36,152.76,153.14,3967606
1529069400,150.85,151,148.43,150.02,8852451
1529328600,148.42,149.46,147.72,148.68,3651587
1529415000,146,146.3,142.32,143.3,6792028
1529501400,144.22,144.69,141.82,143.13,4128281
1529587800,142.25,142.39,139.12,139.53,5914894
1529674200,140.9,142.5,139.77,139.94,5223430
1529933400,138.86,138.98,135.18,136.58,6078178
1530019800,136.75,137.33,135.28,135.54,4285314
1530106200,136.77,139.46,134.58,134.61,5665020
1530192600,134.18,136.72,132.68,136.03,4215863
1530279000,136.61,137.85,135.58,135.67,4120281
1530538200,133.8,136.43,133.2,136.29,3172703
1530624600,137,137.3482,133.33,133.83,1837356
1530797400,135.01,136.09,134.09,135.81,3366285
1530883800,135.11,135.864,133.32,135.41,3190010
1531143000,136.22,141.05,136.0953,140.97,5562297
1531229400,141.61,141.859,140.144,141.25,3761653
1531315800,138.13,139.39,135.84,136.76,5231660
1531402200,138.5,139.73,136.83,139.42,4250787
1531488600,139.54,141.25,139.07,140.75,2840718
1531747800,140.88,140.88,137.901,138.08,3723098
1531834200,136.98,139.33,136.53,138.95,3306022
1531920600,139,141.4999,138.33,141.12,4394797
1532007000,139.57,140.54,139.05,139.42,3576747
1532093400,138.36,138.58,136.64,136.82,5250381
1532352600,136.62,136.8,135.6,136.28,3542256
1532439000,138.9,140.6,137.36,137.97,5064981
1532525400,138,141.05,136.67,140.48,5021462
1532611800,140.75,143.55,140.07,142.58,5385645
1532698200,143.95,143.95,140.78,142.56,4652378
1532957400,145.71,146.7,139.06,139.75,13837702
1533043800,141.97,144.78,140.17,143.8,7608738
1533130200,142.97,143.0699,138.11,138.54,6364481
1533216600,137.07,138.71,135.69,138.01,4195046
1533303000,138.2,138.6,137.0746,138.51,3594063
1533562200,138.52,140.67,137.97,139.48,3125218
1533648600,140.61,143.32,140.3,142.38,4813104
1533735000,142.32,142.4,139.26,139.71,3435616
1533821400,140.1,140.9,138.25,138.52,3338498
1533907800,137.52,137.52,134.73,135.92,6268568
1534167000,135.92,136.7259,134.72,135.02,3879449
1534253400,135.6,136.4488,134.67,134.92,3538227
1534339800,133.25,133.2525,129.43,132.02,5682161
1534426200,133.72,136.55,133.65,136.26,5539408
1534512600,135.65,140.21,135.44,139.34,6611685
1534771800,139.82,140.55,138.56,138.67,3311144
1534858200,139.07,140.96,139.07,139.99,3021442
1534944600,140.32,140.7,139.36,139.63,2209470
1535031000,139.05,139.17,136.42,136.79,3905262
1535117400,137.82,138.55,136.89,138.21,2565431
1535376600,139.4,142.38,139.3,142.04,4770874
1535463000,143.42,143.77,141.485,142,3234013
1535549400,142.43,142.59,141.29,141.86,3369978
1535635800,141.03,141.47,138.45,139.06,4773289
1535722200,138.52,140.22,138.38,138.85,4552200
1536067800,137.86,139,136.93,138.24,3955613
1536154200,138.33,141.1,137.68,140.59,4579367
1536240600,140.34,141.87,140.0555,141.57,4588090
1536327000,140.73,142.14,140.05,141.32,4173420
1536586200,141.77,142.51,141.685,142.05,3069067
1536672600,140.61,142.45,140.37,142.03,2583360
1536759000,141.58,144.75,140.62,144.28,5630580
1536845400,145.05,146.46,144.52,145.54,3670674
1536931800,145.63,147.2,143.225,144.9,4699600
1537191000,144.85,148.06,144.55,146.22,3827122
1537277400,147,149.28,146.27,149.07,4496390
1537363800,149.76,153.11,149.37,152.76,6000058
1537450200,155.406,157.72,154.46,156,6774107
1537536600,156.63,157.29,154.8,156.38,5932137
1537795800,156,156.1,153.77,154,3844630
1537882200,154.12,154.5,152.81,154.09,3454605
1537968600,153.95,155.1479,152.89,153.17,3100128
1538055000,153.02,154.05,151.2,152.47,2674204
1538141400,152,152.91,150.56,152.49,3600030
1538400600,153.61,154.5,151.68,152.28,3736284
1538487000,152.29,155.38,151.5,154.82,4344097
1538573400,156,159.37,155.79,158.22,6043291
1538659800,158.03,158.55,155.2,156.75,4131227
1538746200,156.51,156.81,151.61,153.31,4955295
1539005400,151.95,153.66,150.88,153.35,3463192
1539091800,152.61,152.61,149.08,149.46,4996917
1539178200,148.7,149.17,143.72,143.72,9419551
1539264600,142.95,145.89,139.84,140.97,7608339
1539351000,144.02,144.4,139.75,142.07,5596170
1539610200,142,143.18,141.12,141.8,3741818
1539696600,143.35,143.89,141.27,143.71,3573370
1539783000,143.08,143.52,141.11,141.34,4807454
1539869400,140.16,140.8,134.47,135.8,10250176
1539955800,136.19,136.93,131.27,131.32,7055078
1540215000,132.68,133.13,128.66,128.71,7858871
1540301400,119.68,122.5,115.6201,118.98,24113349
1540387800,120,121.64,112.25,112.34,15304186
1540474200,114.83,117.09,112.5,115.63,13568902
1540560600,114.1,116.43,112.3648,115.05,10860432
1540819800,116.88,118.35,112.06,113.98,8069615
1540906200,114,117.74,113.1,117.46,8057620
1540992600,119.41,122.885,119.26,121.32,10341317
1541079000,122.59,125.23,120.94,124.7,10138880
1541165400,127.05,128.3005,124.26,125.79,7683944
1541428200,126.09,126.95,124.55,126.41,4844204
1541514600,126.4,129.5,126.31,129.33,4728241
1541601000,133.52,135.22,130.8836,135.1,7551915
1541687400,133.83,134.7,130.9,131.39,6269387
1541773800,129.59,129.6,125.73,126.91,7248374
1542033000,127.18,128.41,124.59,125,5870147
1542119400,125.5,129.79,125.2824,125.96,5820210
1542205800,127.27,129,123.73,125.1,5516285
1542292200,124.32,130.282,123.13,129.42,5815233
1542378600,128.79,131.92,128.05,129.96,5957745
1542637800,129.15,129.49,125.6,125.98,5385634
1542724200,123.85,123.97,121.23,122.27,7746223
1542810600,122.82,126.216,122.51,123.87,4759707
1542983400,121.96,124.05,121.57,122.32,3130084
1543242600,123.65,125.79,123.16,124.8,4696631
1543329000,124,124.6,122.3944,124.6,4049815
1543415400,125.3,130.78,123.84,130.77,5745197
1543501800,130.8,130.91,127.585,130.23,4999622
1543588200,130.05,135.97,129.84,135.67,8458179
1543847400,141.88,142.41,138.53,138.95,9362685
1543933800,138.08,138.08,129.04,129.32,8113409
1544106600,125.22,128.69,124.05,128.37,6595164
1544193000,129.1,129.98,122.75,123.55,6413735
1544452200,122.41,124.37,121.16,123.39,5970888
1544538600,127.18,127.98,122.25,123.24,4449915
1544625000,125.74,127.97,125.1,125.37,5544111
1544711400,126.45,129.11,125.04,125.9,4544124
1544797800,123.42,127.74,123.15,126.77,4483281
1545057000,126.8,127.65,123.68,124.47,5662303
1545143400,125.87,128.75,123.6,124.27,5377858
1545229800,125.07,128.9493,120.8,122.33,6416488
1545316200,121.74,124.54,120.755,121.55,7563505
1545402600,121.73,123.73,119.57,120.07,10034138
1545661800,118.17,119.59,116.67,116.95,2986593
1545834600,118,124.77,116.09,124.76,5093650
1545921000,121.8,126.69,120.93,126.67,4599003
1546007400,127.13,128.25,125.05,125.61,3813468
1546266600,126.6,128.11,124.5,127.07,3455212
1546439400,124.03,127.88,123,126.38,4783227
1546525800,125.31,125.5,120.4434,121.51,6166080
1546612200,124.17,128.59,123.7001,128.15,5456893
1546871400,128.59,129.6,126.7,128.23,4653643
1546957800,129.9,131.5016,128.23,129.77,4202624
1547044200,131.09,132.22,129.91,130.27,4865583
1547130600,128.61,133.12,127.25,132.96,3418501
1547217000,131.08,132.32,130.05,132.1,2908649
1547476200,130.31,132.39,129.13,131.8,4482291
1547562600,132.11,133.11,129.56,130.69,3224080
1547649000,130.76,132.52,130.2382,131.66,3636946
1547735400,130.47,135.9,129.16,134.54,6878543
1547821800,135.1,137.72,133.66,136.6,6122435
1548167400,134.93,134.94,131.17,132.24,5188724
1548253800,133.04,133.49,130.15,131.82,3123553
1548340200,131.41,132.99,131.2,132.73,3943630
1548426600,134.77,136.89,133.89,136.86,6429391
1548685800,126.99,127.8,123.15,124.37,17421413
1548772200,125.61,128.39,125.61,126.53,8550767
1548858600,127.93,131.355,126.3108,130.11,7181643
1548945000,130.32,133.34,129.04,133.16,6643296
1549031400,133.03,133.86,130.11,130.91,5646683
1549290600,130.88,131.31,130.1,130.88,4541720
1549377000,130.63,132.1,130.6,132,3614480
1549463400,131.27,132.1,130.3602,130.54,3098186
1549549800,129.29,130.44,127.36,128.78,3682114
1549636200,127.48,128.6,126.55,128.6,3135042
1549895400,128.95,130.07,128.69,128.93,2648527
1549981800,130.26,133.56,130,132.67,4505567
1550068200,134.2,134.31,132.45,133.1,3189564
1550154600,131.78,133.25,131.268,132.62,2875704
1550241000,134.1,136.25,133.68,136.2,5217523
1550586600,135.35,136.98,135,135.8,3881321
1550673000,136.39,140.69,136.34,140.31,6199038
1550759400,139.75,140.98,138.41,138.88,4051065
1550845800,138.78,139.69,137.93,138.68,3485007
1551105000,140.99,142.55,140.18,141.41,4444059
1551191400,136.53,139.03,135.27,137.98,7275601
1551277800,137.86,139.64,137.14,139.58,3441015
1551364200,138.55,139,137.14,137.34,4023970
1551450600,138.86,139.4999,136.94,137.47,3810952
1551709800,138.8,139.7704,137.095,138.35,3859825
1551796200,138.06,138.46,137,137.14,3122878
1551882600,137.54,137.6589,134.73,134.83,3886033
1551969000,134.38,134.81,131.62,132.8,4290794
1552055400,130.5,132.13,130.23,131.35,4246328
1552311000,131.91,133.4,131.595,133.11,3914781
1552397400,133.24,133.38,131.92,132.48,4208776
1552483800,133.98,134.31,132.69,133.5,4285187
1552570200,132.84,134.07,132.02,133.69,3742487
1552656600,133.87,134.53,131.9808,132.67,7049923
1552915800,132.7,134.2,132.53,134.1,4095418
1553002200,135.35,135.71,133.51,134.15,3315928
1553088600,133.83,134.15,132.06,133.01,3522060
1553175000,132.16,134.6,132.01,134.06,2635695
1553261400,132.99,133.3,129.49,129.77,5745823
1553520600,129.59,132,129.23,131.38,3199920
1553607000,132.69,133.56,131.13,131.84,2638304
1553693400,132.27,132.47,130.25,131.2,2378318
1553779800,131.9,132.8,131.16,132.37,2487176
1553866200,134,136.28,133.62,135.49,4681573
1554125400,137.69,140.37,136.32,140.25,5081522
1554211800,140.15,140.69,139.23,140.19,2529038
1554298200,139.85,140.55,138.41,139.26,4821813
1554384600,139.14,140.87,139,140.13,2988945
1554471000,141.1,141.15,139.92,140.36,2812451
1554730200,140,140.12,138.61,139.82,2497583
1554816600,138.65,138.905,136.07,136.35,3316822
1554903000,137.16,138.2099,136.28,137.53,3310886
1554989400,137.59,139.585,136.98,138.87,2762939
1555075800,141,141.92,139.81,141.2,4382980
1555335000,141.67,142.43,139.67,140.25,3030187
1555421400,140.56,142.21,139.59,142.03,2673062
1555507800,143,144.495,142.46,142.74,3469375
1555594200,142.8,144.77,142.42,143.36,4504507
1555939800,142.95,143.18,141.43,142.38,3637910
1556026200,142,143.13,141.44,142.03,5930455
1556112600,139.75,140.3,136.56,137.73,8694391
1556199000,137.05,137.46,134.09,136.13,5094869
1556285400,136.56,139.03,135.89,139.03,5119376
1556544600,139.5,140.45,138.82,139.02,3374270
1556631000,139.99,140,137.58,139.42,3862031
1556717400,139.58,139.93,137.64,138.15,3652030
1556803800,138.52,138.54,134.38,135.17,5405699
1556890200,136.12,139.2,135.8,139.06,4154832
1557149400,134.78,137.49,134.31,136.76,4866540
1557235800,135.2,136,132.06,133.67,5622885
1557322200,133.02,134.42,131.79,131.95,4140454
1557408600,130.22,131.68,128.18,131.2,5906152
1557495000,130.53,131.73,127.92,131.34,5240634
1557754200,127.51,127.52,124.08,125.3,8580682
1557840600,126.5,128.555,125.7,127.47,4019072
1557927000,125.91,127.96,124.98,127.3,2875870
1558013400,128.43,128.53,126.415,126.61,4316590
1558099800,124.38,125.53,122.315,122.76,6122573
1558359000,121.56,123.025,121.31,122.43,6312469
1558445400,123.33,125.071,122.72,124.95,5492942
1558531800,124.25,125.4393,123.52,123.56,4620431
1558618200,122.1,123.76,121.41,122.26,4964856
1558704600,123.52,124.08,122.21,122.9,3802541
1559050200,122.9,123.46,121.51,121.59,4889389
1559136600,120.5,122.825,120.26,121.48,5330040
1559223000,121.61,122.6778,121.2775,121.84,2878304
1559309400,119.79,120.7491,118.74,119.81,4711664
1559568600,119.91,121.69,119.76,120.65,4161778
1559655000,121.81,122.77,120.75,122.08,4060408
1559741400,123.4,123.64,121.96,123.12,3598662
1559827800,123.1,123.95,122.2342,123.39,3295687
1559914200,124.38,125.63,124.08,124.46,2547716
1560173400,125.47,127.28,125.24,125.74,3705109
1560259800,129,129.6,126.96,127.28,4516322
1560346200,126.75,127.52,126.08,127.1,3034623
1560432600,127.35,128.4,126.76,127.17,3495200
1560519000,126.61,127.65,125.5,127.23,2530176
1560778200,127.21,128.23,126.68,127.32,2607918
1560864600,128.4,131.35,128.21,130.33,4756118
1560951000,130.32,131.54,129.87,130.61,3847212
1561037400,132.9,133.8,131.51,133.63,3803617
1561123800,133.35,135.25,132.55,133.89,5742483
1561383000,133.64,134.95,133.55,134.37,3197867
1561469400,134.58,134.91,132.63,133.71,3751778
1561555800,134.26,135.65,134.175,135.15,3343653
1561642200,135.7,136.01,133.97,135.5,3594441
1561728600,136,137.27,136,136.29,10469433
1561987800,139.3,140.17,134.97,136.6,4846206
1562074200,136.6,136.99,135.07,135.85,3205247
1562160600,136.44,136.48,134.33,135.59,2538551
1562333400,134.43,135.59,133.22,135.49,3072084
1562592600,135.15,136.13,134.43,134.84,2742052
1562679000,134.11,134.44,133.35,134.29,2618659
1562765400,134.73,135.49,132.55,132.64,3933317
1562851800,133.2,134.01,132.59,133.96,3164362
1562938200,134.71,138.38,134.6,138.36,4149828
1563197400,138.38,139.9938,138.265,139.64,4498676
1563283800,139.41,140.62,138.16,139.09,4051572
1563370200,138.2,138.5095,135.73,135.73,3750197
1563456600,134.87,135.9302,134.04,134.89,3552126
1563543000,134.22,137.0451,134.22,136.23,4837056
1563802200,136.37,136.66,134.6,135.24,3267904
1563888600,135.93,138.225,135.53,138.1,4122180
1563975000,130.98,134.31,128.45,131.91,12664908
1564061400,131.08,134.9,131.01,134.71,4823165
1564147800,134.45,134.7254,132.63,132.92,4237994
1564407000,133.49,134.65,132.85,134.46,2715564
1564493400,133.32,133.575,131.49,132.95,3257181
1564579800,132.9,134.37,131.01,131.67,4321957
1564666200,131.64,133.19,126.42,126.79,5530111
1564752600,126.55,126.8,123.5,124.54,5968613
1565011800,122.11,122.81,120.33,121.65,5482488
1565098200,122.78,123.65,120.64,122.08,3713912
1565184600,120,121.2,118.65,120.78,5048726
1565271000,121,122.1,120.37,122.02,3734773
1565357400,121.51,121.7,118.81,119.38,3805602
1565616600,118.95,119.03,116.0702,116.72,4425924
1565703000,116.94,122,116.79,119.01,4363016
1565789400,116.58,116.9,115.04,115.21,5543082
1565875800,115.08,115.6,113.9703,115.25,4171878
1565962200,116.25,117.87,115.92,116.43,3551929
1566221400,118.22,118.49,116.71,117.36,2631016
1566307800,117.59,117.79,116.466,116.67,2402447
1566394200,118,119.32,117.54,117.68,2783752
1566480600,118.33,118.9356,117.22,117.89,2120512
1566567000,116.25,116.9,113.32,114.06,6105282
1566826200,115.06,115.67,113.84,114.42,5201870
1566912600,115.16,115.46,113.1507,113.38,3161180
1566999000,112.86,114.95,111.75,114.86,3195047
1567085400,116.62,118.13,116.49,117.77,3447962
1567171800,119.02,119.59,118.45,119,2912975
1567517400,117.9,117.9,115.4,117.03,3781536
1567603800,118.42,119.24,118.26,119.1,3702307
1567690200,120.5,124.24,120.5,122.99,5357890
1567776600,123.71,124.34,122.46,122.7,3315703
1568035800,123.39,127.39,123.2,127.25,4433325
1568122200,127.26,130.29,127.22,130.29,8479717
1568208600,130.85,133.19,129.47,133.09,7592635
1568295000,132,132.69,130.07,131.75,5594600
1568381400,132.8,133.99,131.13,133.78,3704948
1568640600,132.99,133.7999,131.99,133.15,2876495
1568727000,132.59,132.76,131.19,132.17,2904129
1568813400,131.63,132.215,129.72,131.07,3022901
1568899800,131.47,132.03,129.87,130.12,2735957
1568986200,130.01,130.99,127.87,128.16,6438036
1569245400,127.34,128.88,126.34,128.42,2831819
1569331800,128.74,129,125.57,125.99,3447414
1569418200,125.85,126.82,125.02,126.61,2383176
1569504600,126.79,126.92,125.65,126.39,2539176
1569591000,127,127.38,125.66,126.59,2214299
1569850200,126.34,127.095,125.88,126.31,2804050
1569936600,127.4,128.5,122.3,122.37,3740091
1570023000,121.15,121.85,119.34,119.96,4304179
1570109400,119.34,120.06,117.25,120.04,3168153
1570195800,119.72,121.15,119.35,121.04,2474888
1570455000,120.85,121.7,119.75,120.25,2375347
1570541400,118.79,119.2,117.69,117.97,3550934
1570627800,119.49,120.06,118,119.44,2638326
1570714200,120.04,123.03,119.76,122.69,3284202
1570800600,125.61,130.38,125.4,128.4,6776172
1571059800,126.81,128.56,126.01,128.38,2885247
1571146200,127.99,131.68,127.65,131.03,3298517
1571232600,131,132.81,130.11,130.19,3064010
1571319000,130.97,132.86,130.18,132.07,3425488
1571405400,130.15,132.03,129.99,130.71,4330724
1571664600,131.95,133.45,131.5,132.23,4273117
1571751000,132.59,134.26,130.94,133.69,4744362
1571837400,134.23,135.99,130.7,135.34,11307592
1571923800,135.09,135.29,132.3834,133.85,3935579
1572010200,135,139.98,134.85,139.73,8319459
1572269400,139.97,141.63,138.87,140.06,6174009
1572355800,139.38,141.45,138.7701,141.33,4427934
1572442200,141,141,139.61,140.34,3948056
1572528600,139.37,140.34,136.3909,137.8,4037595
1572615000,139.37,144.61,139.23,144.49,6220185
1572877800,145.35,147,145.02,146.92,5437838
1572964200,146.86,148,145.665,146.37,4516698
1573050600,146.47,146.47,144.66,145.49,3736631
1573137000,147.39,148.405,146.7508,147.01,3816745
1573223400,146.66,148.18,145.8,148.16,2778100
1573482600,146.74,148.15,146.61,148,2205323
1573569000,148.11,148.4699,146.02,146.34,2846407
1573655400,144.36,145.86,143.69,144.49,3226768
1573741800,144.21,145.34,143.21,143.44,2584145
1573828200,144.56,145.88,144.51,145.31,2827466
1574087400,144.24,144.78,143.02,143.59,2639044
1574173800,144.35,144.76,142.76,143.18,2085171
1574260200,142.45,142.7,140.1018,141.52,3484788
1574346600,141.55,143.94,140.95,143.36,3297688
1574433000,143.92,144.46,143.03,143.88,2258350
1574692200,144.75,146.57,143.8,146.42,3085159
1574778600,146.4,146.65,145.49,146.09,2468307
1574865000,145.02,145.72,143.7,145.69,2661396
1575037800,144.19,145.46,143.79,144.73,1652467
1575297000,145.2,146.04,142.84,142.96,2899535
1575383400,140.05,140.43,138.5604,140.06,3962727
1575469800,140.98,142.28,140,140.12,2484621
1575556200,140.58,141.12,139.53,141.05,2278450
1575642600,142.91,143.42,142.17,142.72,2271409
1575901800,142.97,143.28,142.37,142.83,1610790
1575988200,142.69,143.59,141.75,142.87,1888944
1576074600,143.77,144.62,143.29,144,2265798
1576161000,143.54,147.4,143,146.78,3716858
1576247400,146.8,148.3999,145.15,145.53,3311720
1576506600,147.71,148.3,145.23,145.36,2415585
1576593000,145.5,146.99,145.46,146.37,2850861
1576679400,146.5,147.3,145.6,147.12,2629925
1576765800,146.98,146.98,144.3,145.02,3577540
1576852200,147.38,147.77,145.24,147.57,6806221
1577111400,147.68,148.53,146.78,148.5,2348776
1577197800,148.7,148.8,147.29,147.48,966205
1577370600,147.9,148.23,146.99,148.22,1577267
1577457000,148.64,148.9299,147.99,148.28,1544462
1577716200,148.42,148.47,147.01,147.52,1789153
1577802600,147.43,148.23,146.79,147.68,1952450
1577975400,149,150.55,147.977,150.53,3311940
1578061800,148.77,149.96,147.45,148.44,3100588
1578321000,147.27,148.56,146.5408,148.34,2552146
1578407400,147.35,147.57,145.51,146.38,2852082
1578493800,146.83,148.57,146.4584,147.68,2153182
1578580200,147.81,147.969,146.51,147.31,2272709
1578666600,147.45,147.72,145.83,146.13,2393712
1578925800,146.53,146.83,145.55,146.82,3356908
1579012200,147.45,147.98,146.31,146.68,2743259
1579098600,146.22,146.74,145.2,145.57,2640634
1579185000,146.43,147.93,146.24,147.87,3070921
1579271400,147.21,148.2742,146.6,147.78,3331614
1579617000,147.2,147.87,145.69,145.85,2476809
1579703400,146.25,146.56,142.52,142.63,3602818
1579789800,141.81,143.21,139.8,142.75,3182744
1579876200,142.55,142.7,139.26,140.38,2526156
1580135400,136.9,137.81,135.57,135.73,2920525
1580221800,137.02,137.6,135.62,136.74,2763803
1580308200,137.59,137.76,135.67,135.78,2620618
1580394600,134.76,135.97,132.91,135.37,3862645
1580481000,133.82,134.99,130.54,131.35,6785669
1580740200,131.44,133.16,129.3,129.77,4385718
1580826600,133,134.78,132.68,133.51,3501629
1580913000,135.55,137.47,135.44,137.44,4448092
1580999400,138.2,138.33,136.13,137.25,2283759
1581085800,136.04,136.49,133,133.37,3812251
1581345000,133.04,134.33,132.78,134.32,2331632
1581431400,135.49,137.23,135.06,136.19,2381972
1581517800,138.4,139.94,138.09,139.59,3221976
1581604200,140,140.5,138.43,139.72,3318815
1581690600,139.49,139.6155,136.89,137.99,2813705
1582036200,137.46,138.57,135.08,136.58,3869820
1582122600,136.79,137.2099,136.06,136.86,2134929
1582209000,136.26,138.89,136.2,136.93,2678315
1582295400,136.5,137.44,135.11,137.21,2855843
1582554600,132.53,133.8595,132.05,132.17,4964814
1582641000,132.97,133.14,128.25,129,4840239
1582727400,129.65,130.99,127.55,128.25,3904420
1582813800,125.6,128.53,123.22,123.27,7368998
1582900200,119.57,124.24,119.03,124.24,8301938
1583159400,125.05,127.88,123.005,127.6,6100195
1583245800,127,129.56,123.7824,124.38,6358116
1583332200,126.07,127.44,124.31,127.4,5074885
1583418600,123.15,124.85,121.24,121.97,6015298
1583505000,119,121.85,118.83,121.41,5768074
1583760600,112.99,112.99,104.03,104.07,8636218
1583847000,108.64,109.06,99.11,106.49,8293227
1583933400,103.8,104.745,100.07,100.69,6546771
1584019800,93.5,94.28,87.5,92.26,10285934
1584106200,98.39,99.91,90.14,99.64,8718635
1584365400,89,105.85,88.5,93.41,9898962
1584451800,96.01,100.44,92.97,100.2,7206113
1584538200,93.99,102.9514,93.105,100.12,6995124
1584624600,99.23,104.4,97.25,103.01,6870804
1584711000,103.12,103.99,94.16,95.5,7650329
1584970200,93.9,96.244,90.64,91.85,6737514
1585056600,96.06,102.03,95.17,101.34,7417117
1585143000,101.17,108.5,98.501,104.67,6578066
1585229400,104.85,110.97,102.8927,110.5,6060704
1585315800,104.43,109.64,103.4,105.44,5746496
1585575000,106.33,112.84,104.93,111.71,5725565
1585661400,110.73,116.91,110.26,116.04,8979915
1585747800,112.09,116.75,109.5,111.35,6846994
1585834200,111.23,118.52,111.13,116.74,8106522
1585920600,115.5,116.84,112.12,114.67,5036565
1586179800,120.04,121.73,118.13,120.43,5785626
1586266200,122.89,128.8,120.51,121.92,8492709
1586352600,122.99,128.176,121.04,127.4,4686055
1586439000,128.65,129.5998,123.15,125.03,4753459
1586784600,119.95,120.05,113.58,114.14,10519609
1586871000,116.5,117.84,114.51,116.48,7166341
1586957400,112.96,113.1,109.8,111.53,5652807
1587043800,111.85,113.47,108.86,113.22,5926446
1587130200,114.45,116.54,113.85,116.3,4132254
1587389400,114.44,117.07,112.12,114.6,4083843
1587475800,111.04,111.04,108.6,109.85,5743280
1587562200,112.03,112.1,109.2128,110.64,3795100
1587648600,111.33,115.23,110.95,112.91,3545433
1587735000,113.99,114.38,111.21,114.04,3045999
1587994200,110.85,116.13,109.73,115.2,5344823
1588080600,117.86,118,113.37,115.46,5604649
1588167000,116.96,120.82,116.53,120.06,4261141
1588253400,118,118.25,115.33,116.38,4040514
1588339800,114,114.59,110.57,110.88,3960387
1588599000,110.02,110.28,106.58,107.72,4500672
1588685400,109.24,111.09,108.74,108.91,3477657
1588771800,110.03,110.24,106.7,107.67,4465270
1588858200,109.02,110.0501,106.78,107.29,4379182
1588944600,108.97,112.2,108.3026,112.11,3913422
1589203800,110.16,110.77,108.1801,108.61,4207282
1589290200,109.11,109.33,105,105,3874063
1589376600,105.14,105.29,102.55,104.48,5376118
1589463000,102.5,106.28,100.22,106.19,5542426
1589549400,105.18,107.99,104.28,107.92,6583120
1589808600,112.22,115.66,112.0061,115.02,5604429
1589895000,114.95,115.44,112.01,112.08,3404897
1589981400,113.31,117.48,113.05,115.69,3735708
1590067800,114.95,115.68,113.82,114.06,2342645
1590154200,114.13,114.16,111.47,112.47,2735070
1590499800,115.98,118.5623,115.98,117.41,4185148
1590586200,119.72,122.4899,119.53,122.42,4462678
1590672600,124.75,124.83,120.28,120.74,3744246
1590759000,119.63,120.71,117.57,120.13,4278095
1591018200,119.86,121.2,117.61,120.5,2133655
1591104600,121.84,123.82,121.28,123.32,2977504
1591191000,125.45,127.345,125.01,127.09,3712613
1591277400,125.41,129.03,124.74,128.96,3076685
1591363800,137.85,139.37,133.39,135.12,5591916
1591623000,135.32,139.94,135.32,137.72,4139216
1591709400,135.02,135.41,133.2101,134.19,3819615
1591795800,133.72,135.38,130.555,132.44,4018747
1591882200,126.41,126.8448,121.52,121.55,5969327
1591968600,124.4,125.165,119.35,123.15,4492689
1592227800,118.51,124.38,118.01,123.61,4094202
1592314200,131.37,132.44,126.39,130.11,6892353
1592400600,130.16,130.47,127.76,128.23,3228124
1592487000,127.14,128.98,126.7001,127.59,2467656
1592573400,130,130,125.73,127.46,6485013
1592832600,126.36,126.48,124.6,125.79,2806343
1592919000,127.39,127.57,125.825,126.25,2357094
1593005400,124.79,124.84,121.83,122.06,3766472
1593091800,121.61,124.83,120.8,124.71,2903449
1593178200,124.33,124.44,121.45,122.39,3645811
1593437400,123.72,126.04,123.28,125.25,2798657
1593523800,124.01,127.06,124.01,126.5,2778835
1593610200,129.38,129.4,125.88,126.06,2807787
1593696600,128.25,130.34,127.19,127.72,2527521
1594042200,130.13,130.5,128.17,129.43,2491938
1594128600,127.74,128.75,126.8,127.2,2018252
1594215000,129.33,129.33,126.47,128.13,2279934
1594301400,127.54,128.35,125.115,125.73,2663516
1594387800,125.97,128.23,125.82,128.01,2691466
1594647000,129.42,132.0899,128.85,130.57,3708394
1594733400,130.32,137.31,129.23,136.88,6540786
1594819800,140.17,140.17,137.11,138.36,4915229
1594906200,138.3,140.99,137.595,138.56,3621549
1594992600,137.87,138.43,136.525,136.9,2458342
1595251800,135.76,136.95,134.255,134.63,2478030
1595338200,134.77,137.184,134.4301,135.87,3227610
1595424600,135.25,137.87,135.19,136.98,2157207
1595511000,136.9,137.5238,135.71,136.6,1613733
1595597400,137.2,138.69,136.85,137.58,2036293
1595856600,137.15,140.34,137.06,139.89,2507222
1595943000,138.94,139.99,137.92,138.03,2029926
1596029400,138.58,141.0835,137.8,140.53,2338324
1596115800,139.08,139.1,135.97,136.73,3063503
1596202200,132.43,135.15,130.21,132.88,6782180
1596461400,132.3,133,131.1,131.78,2852684
1596547800,131.37,132.44,130.67,131.52,2301841
1596634200,132.78,135.94,132.61,134.97,2810166
1596720600,134.52,135.205,133.695,134.39,2446351
1596807000,134,135.11,132.5162,134.92,2223882
1597066200,135.73,142.16,135.675,142.02,5181635
1597152600,144.02,146.2,142.29,142.53,4206018
1597239000,143.95,144.165,141.33,142.57,2541382
1597325400,141.6,142.7376,139.77,140.67,2939915
1597411800,139.45,140.89,138.77,139.96,2038515
1597671000,140.15,140.6007,138.3,138.72,2284055
1597757400,138.95,140.11,138.08,138.37,1563172
1597843800,138.5,139.92,137.46,138.02,1849463
1597930200,136.02,137.98,135.65,137.48,2279982
1598016600,136.8,139,136.8,138.43,2524615
1598275800,139.76,142.25,139.08,141.68,2921741
1598362200,142.67,144.93,140.54,141.15,2467632
1598448600,140.48,142.44,139.805,141.83,2380282
1598535000,142.13,144.34,141.28,143.37,3010304
1598621400,144.28,145.85,142.69,143.63,3698733
1598880600,143.5,143.6,142.27,142.31,2886503
1598967000,141.67,146.12,140.91,146.05,2675700
1599053400,146.87,149.55,146.4,149.27,4515508
1599139800,148.59,151.2,145.3001,146.76,4479077
1599226200,148.7,150.78,146.04,148.18,5129423
1599571800,147,150.76,145.72,148.52,4775229
1599658200,149.8,155.475,149.21,152.69,5345097
1599744600,152.01,153.25,148.75,149.86,4386987
1599831000,150.48,154.4,150.24,153.83,3237065
1600090200,154,154.8,152.205,153.51,2569372
1600176600,154.2,154.47,148.3575,148.6,4092442
1600263000,150,151.98,148.37,151.11,3304216
1600349400,149.85,156.25,149.15,153.87,4487016
1600435800,153.68,156.21,152.0619,152.39,5113545
1600695000,148.56,149.5,143.87,145.33,4278168
1600781400,145.01,147.5,144.501,147.15,2579515
1600867800,147.48,148.91,143.6041,144.38,2420134
1600954200,144.02,147.4386,142.73,145.14,2138815
1601040600,143.89,146.7,143.01,145.91,1848864
1601299800,148,150.31,147.41,147.68,2212705
1601386200,148.37,148.97,146.21,147.41,1624154
1601472600,148,150.95,147.735,149.15,3642834
1601559000,149.92,150.31,145.65,146.71,2157410
1601645400,144.27,151.25,143.75,149.94,3220517
1601904600,152.17,154.45,151.62,153.49,2597661
1601991000,154,155.45,151.28,151.53,2559790
1602077400,153.28,156.06,153.2,154.77,2334454
1602163800,155.75,156.73,154.24,156.66,1843230
1602250200,157.87,159.39,157.4,158.94,4084211
1602509400,159.97,163.2,159.52,162.61,4279790
1602595800,161.72,163.18,161.116,162.12,3319232
1602682200,162.66,164.8213,162.5,163.61,4087557
1602768600,160.27,165.78,160.15,165.04,2958934
1602855000,167.25,170.51,166.6224,168.75,5571018
1603114200,168.74,170.02,166.8,167.53,2758144
1603200600,168.2,171.26,167.91,168.99,3008336
1603287000,169.81,170.52,166.74,167.4,2502007
1603373400,167.98,169.85,166.89,169.66,2357762
1603459800,169.37,170.65,167.56,168.59,2857252
1603719000,166.64,166.64,160.83,163.2,4506577
1603805400,160.96,161.85,157.01,157.91,4857859
1603891800,153.8,155.43,150.52,151.16,5645134
1603978200,150.6,155.51,149.6301,154.67,3867170
1604064600,153.96,157.29,153.04,157.05,4375326
1604327400,159.2,163.85,157.65,163.27,4072385
1604413800,165,169,163.07,167.69,4843562
1604500200,159.18,162.3799,155.23,155.23,9081678
1604586600,157.67,164.96,157.6,163.09,4821588
1604673000,163.94,165.54,160.76,161.29,2982993
1604932200,174.03,176.37,170.12,170.82,5969580
1605018600,171.9,174.99,170.77,172.3,3499082
1605105000,172.38,172.7399,167.47,169.46,2345505
1605191400,168.83,171.1,167.65,169.13,2186603
1605277800,170.3,172.22,169.19,171.71,2121205
1605537000,175,175,171.83,173.19,3902350
1605623400,172.17,172.48,170.19,171.91,2111211
1605709800,172.04,175.3821,172.04,172.74,3165091
1605796200,172.5,173.25,170.71,172.9,2012068
1605882600,172.45,173.12,171.31,172.23,2450417
1606141800,173.76,175.5,173.24,174.78,2405143
1606228200,176.25,178.32,175.27,176.9,3447899
1606314600,176.46,176.48,172.7801,174.63,2506613
1606487400,174.41,175.9199,173.88,175.08,976859
1606746600,173.61,174.875,172.43,173.59,2382647
1606833000,175.39,176.57,172.94,173.26,2710241
1606919400,173.26,174.42,172.28,173.87,1971044
1607005800,173.87,175.08,173.2801,174.63,2904107
1607092200,175.92,183.81,175.6236,182.21,6086157
1607351400,180.39,180.39,176.56,178.71,4587392
1607437800,177.66,180.7399,177.5,178.84,2001582
1607524200,179.62,180.4799,177,180.07,2915474
1607610600,179.24,179.5275,177.14,178.85,3109423
1607697000,176.99,179.78,176.23,179.29,2673578
1607956200,180.6,183.33,177.7801,178.05,2533626
1608042600,179.93,182.76,179.02,181.74,2360759
1608129000,180.85,181.27,178.36,179.5,2032006
1608215400,180.67,180.73,178.58,179.17,2296656
1608301800,180.07,181.3028,177.47,180.96,5262742
1608561000,176.94,180.89,176.32,180.16,2070970
1608647400,179.29,180.16,176.48,176.58,2495103
1608733800,177.45,179.29,177.01,178.42,1862521
1608820200,179.45,179.85,178.35,179.56,585730
1609165800,180.48,181.12,178.31,178.37,1508807
1609252200,179.17,179.38,175.11,176.65,1490348
1609338600,179.77,182.2293,178.685,180.04,2720613
1609425000,180.25,182.1,178.75,182.02,1717865
1609770600,183,185.98,180.25,182.15,4078403
1609857000,181.21,185.8,181.21,183.64,2933740
1609943400,187.15,197.28,186.15,193.86,8034734
1610029800,196.85,197.37,192.2,194.23,5297497
1610116200,193.85,195.2599,191.32,194.26,3186641
1610375400,191.56,195.46,190.31,193.86,2541263
1610461800,194.68,198,193.31,197.54,2466084
1610548200,198.79,200.1743,195.8,195.89,3154720
1610634600,196.1,197.91,195.36,197.4,2486579
1610721000,195.66,195.705,190.88,194.62,3317129
1611066600,194.29,196.109,193.44,194.06,2361180
1611153000,192.66,193.9,190.42,192.34,2501098
1611239400,192.35,193.72,190.0543,192.19,1951414
1611325800,190.85,192.82,189.31,191.94,2027177
1611585000,190.56,191.37,186.97,187.34,3837108
1611671400,187.6,189.41,186.83,187.21,2505956
1611757800,184.2,185.55,179.3401,180.63,4095305
1611844200,182.26,187.61,181.31,184.34,3445426
1611930600,183.5,188.82,180.725,182.84,4541368
1612189800,185.96,186.8,182.02,184.72,2738225
1612276200,186.5,192.78,185.64,192.5,5265354
1612362600,190.91,191.53,189.0611,191.45,2979186
1612449000,192,192.61,190.2,191.65,2254049
1612535400,192.52,194.33,190.01,193,2240109
1612794600,195,197.54,194.67,197.45,2725656
1612881000,197.54,198.66,194.89,197.28,2331557
1612967400,198.5,199.71,196.2552,197.72,2816443
1613053800,197.59,198.42,194.39,198.35,2178154
1613140200,197.98,198.7559,196.76,197.99,1804382
1613485800,199.75,205.18,199.24,202.38,3722657
1613572200,202.39,202.895,199.79,202.3,2411531
1613658600,201.55,202.88,198.58,199.92,2346219
1613745000,203.25,211.46,202.695,209.91,4937326
1614004200,209.63,218.865,209.335,218.06,4578305
1614090600,219.53,220.735,213.28,220.18,4125136
1614177000,220.41,226.67,219.88,222.47,4925014
1614263400,223.62,224.4,219.72,221.82,4313039
1614349800,220.75,222.4,215.82,215.88,4461298
1614609000,219.31,222.58,218.9,219.76,2871845
1614695400,218.69,219.34,215.0101,215.82,2854332
1614781800,212.14,217.55,212.01,214.91,2663976
1614868200,214.48,216.668,208.47,212.77,3568364
1614954600,214.34,220.78,211.5,220.16,3602268
1615213800,220.97,224.3,218.212,221.58,3048694
1615300200,221.38,222.33,216.14,216.8,2902396
1615386600,217.73,222.05,217.19,221.06,2435768
1615473000,223,223.6,219.15,219.76,2960018
1615559400,219,229.02,218.12,229,4756540
1615815000,228.87,231.8,225.83,230.74,4216918
1615901400,227.72,231.21,224.77,226.46,3539195
1615987800,228.13,234.3,227.13,233.63,3518522
1616074200,234,237.78,229.735,230.68,4336238
1616160600,228.75,229.65,224.05,225.29,7485061
1616419800,226.62,227.18,223.57,226.02,2220137
1616506200,222.06,225.24,216.65,218.25,4017585
1616592600,220.51,227.11,220.51,221.23,4257961
1616679000,219.23,224.97,216.0358,224.25,2901771
1616765400,226.35,229.84,225.21,229.5,3040141
1617024600,228.1,231.85,227.7141,230.22,3003239
1617111000,231.2,234.72,231.14,233.08,3139103
1617197400,234.35,237.01,228.85,231.87,4512327
1617283800,231.3,235,227.59,232.74,3787055
1617629400,235,235.661,232.37,233.71,2323584
1617715800,232.5,236.68,230.23,230.64,2614532
1617802200,231.96,234.1856,229.35,230.41,2449613
1617888600,230.13,231.05,227.17,230.48,2158852
1617975000,231.3,232.2,227.54,230.75,2482888
1618234200,230.3,231.3,228.9307,230.93,1688201
1618320600,233.41,233.5,228.045,229.35,2286434
1618407000,229.6,234.2199,229.55,232.58,2491044
1618493400,233.15,233.4399,230.74,232.52,1860155
1618579800,234.62,235.94,232.27,233.36,2128405
1618839000,232.9,233.1,229.91,232.39,1712648
1618925400,230.9,231.3,225.5959,227.63,2815782
1619011800,227.32,232.61,226.02,232.46,1977712
1619098200,233.25,233.43,228.77,228.89,2410653
1619184600,229.36,231.65,227.88,230.11,3461030
1619443800,230.57,232.85,229.96,230.56,1864837
1619530200,230.29,230.86,228.08,230.34,1959291
1619616600,230.05,233.715,229.38,232.3,2965333
1619703000,235,235.2,223.2,227.47,5442416
1619789400,225.52,228.39,224.88,228.11,3953489
1620048600,230,230.9348,227.21,228.17,3182883
1620135000,227,234,225.35,233.41,4040671
1620221400,234.62,239.33,231.85,237.88,2419843
1620307800,238,240.9828,236,237.07,4526952
1620394200,235.64,241.89,233.16,240.99,3327927
1620653400,243.5,245.78,242.59,242.61,3752901
1620739800,238.78,242.9899,236.54,239.3,3163104
1620826200,241.27,243.23,236.4447,237.32,3668456
1620912600,236.04,240.99,234.5706,240.07,2228784
1620999000,242,243.35,240.08,242.23,2041605
1621258200,242.74,245.45,241.12,244.79,1998409
1621344600,244.79,245.54,239.41,239.47,2436216
1621431000,236.1,237.08,231.94,236.87,3143099
1621517400,237.48,237.6,232.59,234.99,3339453
1621603800,236.6,239.3998,235.01,237.24,2479364
1621863000,237.69,239.71,236.22,239.05,2372692
1621949400,239.51,241.89,236.74,237.17,2265689
1622035800,237.41,239.5,236.62,237.71,2070014
1622122200,241.5,243.3684,238.93,241.28,3594666
1622208600,241.91,242.26,238.79,241.08,2290920
1622554200,244.01,244.93,241.81,242.76,2475954
1622640600,243.07,245.1,240.7,243.46,2348762
1622727000,242.43,246.44,240.87,243.84,1923166
1622813400,245.12,246.69,242.32,244.02,1837906
1623072600,244.05,244.33,238.62,239.76,2330672
1623159000,239.4,241.21,236.06,240.16,2212400
1623245400,239,239.19,234.45,234.65,2919581
1623331800,236.14,236.65,225.58,225.73,6281841
1623418200,226.3,227.92,220.03,220.7,8734875
1623677400,220.07,221.97,215.6,219.01,7213293
1623763800,219.89,220.78,216.26,219.46,5055865
1623850200,219.01,219.39,216.7,217.16,4156853
1623936600,216.97,218.27,207.881,209.45,7995293
1624023000,206.18,211.81,205.5,208.86,7156360
1624282200,211.55,215.23,211.4,213.21,5633857
1624368600,213.49,214.83,211.18,213.13,3776376
1624455000,213.6,216.77,212.58,213.79,3283361
1624541400,216.54,221.93,215.33,219.34,6827569
1624627800,221.18,221.75,215.27,216.31,11274169
1624887000,216.45,216.78,213.5615,216.27,3171958
1624973400,218.04,218.7,214.59,215.1,3443372
1625059800,214.62,217.95,214.055,217.63,3249543
1625146200,219.16,219.79,216.15,216.71,2426331
1625232600,217.66,218.37,215.58,217.76,2434363
1625578200,217.41,217.56,211.3405,213.52,4348120
1625664600,212.69,215.06,211.16,214.69,2707653
1625751000,210,213.9,209.93,212.11,3723814
1625837400,215.9,218.5925,214.4,217.42,3163754
1626096600,216.02,218.95,214.85,218.58,2509045
1626183000,218.96,219.05,214.7,215.19,2373273
1626269400,215.26,215.6372,211.22,211.64,3185200
1626355800,210.28,213.39,210.12,211.41,2737875
1626442200,212.46,212.6971,207.01,207.95,4368752
1626701400,202.27,203.75,199.23,203.08,5391082
1626787800,203.04,208.63,202.305,207.96,3934667
1626874200,208.72,210.96,207.575,210.73,3407298
1626960600,211,211.38,208.54,209.16,1931542
1627047000,209.5,210.37,207.86,209.53,2302578
1627306200,209.84,212.07,209.5,211.03,2157931
1627392600,207.53,211.06,207.0002,209.9,2471965
1627479000,210,212.69,208.1,211.44,3246866
1627565400,214,214.51,209.69,212.56,3419668
1627651800,207.9,208.67,203.15,206.75,5834914
1627911000,208,210.9028,204.95,205.16,3977107
1627997400,205.31,209.29,203.43,208.5,3580499
1628083800,208.22,209.59,204.37,204.52,2948671
1628170200,205.25,207.655,204.7001,207.19,2685825
1628256600,209.01,210.39,207.65,208.35,2677128
1628515800,207.29,209.88,206.12,208.89,2747219
1628602200,210,214.9,208.96,214.07,4193557
1628688600,215.73,222.57,214.57,221.66,7794082
1628775000,222.24,223.76,218.47,220.24,4446237
1628861400,219.88,220.5499,217.73,218.57,2049416
1629120600,217.36,218,214.34,217.71,3134276
1629207000,216.22,216.39,210.58,213.44,4022806
1629293400,212.5,213.55,209.72,209.81,2947719
1629379800,208.17,208.9561,203.21,204.45,4788141
1629466200,205.42,207.26,203.59,204.94,2765514
1629725400,207.25,209.75,205.83,209.14,2827365
1629811800,209.75,213.27,209.53,212.59,2485926
1629898200,213.17,215.7,212.15,214.76,2599798
1629984600,214.51,214.51,210.48,211.24,2513944
1630071000,212.26,214.0335,212.215,212.83,2511382
1630330200,213.22,213.74,210.8,211.45,1922125
1630416600,211.28,212.295,210.42,210.87,2857877
1630503000,210.87,210.99,206.61,207.96,4122888
1630589400,208.92,212.95,208.92,211.78,2922282
1630675800,211.15,212.8,210,210.37,2513016
1631021400,210.04,210.3423,207.845,208.23,2643189
1631107800,207.12,208.1244,204.77,206.77,2603093
1631194200,206.5,208.15,204.895,205.42,2778162
1631280600,207.1,207.88,204.82,205.01,2551174
1631539800,207.16,207.86,203.93,206.2,2699131
1631626200,206.04,206.1,201.64,202.33,3757600
1631712600,202.17,206.59,201.87,205.73,3342723
1631799000,205.45,206.39,202.82,203.6,3120141
1631885400,202.63,203.27,199.45,199.75,6355040
1632144600,193.06,193.99,188.475,190.82,9151051
1632231000,192,192.71,186.98,189.84,5699855
1632317400,192,194.5,191.16,191.35,3924417
1632403800,192.91,197.6,192.85,196.62,3367778
1632490200,195.65,197.79,194.93,196.82,2199472
1632749400,197.6,201.99,197.6,200,3033101
1632835800,200.2,201.89,198.75,200.55,3247465
1632922200,200.48,201.16,197.7,197.87,2954707
1633008600,198.62,198.8743,191.63,191.97,4984013
1633095000,192.9,195.87,191.24,194.33,3695489
1633354200,194.74,195.91,192.41,193.13,2864563
1633440600,192.76,194.4,190.73,192.5,3074591
1633527000,190,192.39,187.8,191.86,3777660
1633613400,193.73,196.39,193.61,195.75,3510517
1633699800,195.8,196.58,194.74,195.16,2713300
1633959000,196.34,197.1707,192.68,192.89,2015161
1634045400,192.32,193.5846,189.58,189.92,4706721
1634131800,190.5,191.25,187.72,188.94,3254395
1634218200,193.55,194.8,192.6124,194.33,5214380
1634304600,195.96,199.45,195.3,199.02,4736339
1634563800,197.38,198.68,195.545,198.18,2809428
1634650200,198.6,201.48,198.46,201.14,2627001
1634736600,201.16,205.18,200.5301,204.19,2936002
1634823000,201.6,202.3,199.74,202.14,3071279
1634909400,200.64,202.345,199.2,200.65,2632391
1635168600,201.28,203.31,200.51,202.21,3294689
1635255000,202.75,202.785,199.47,199.64,2933573
1635341400,200.25,200.43,195.92,196.13,3406655
1635427800,197.36,204.5,197.05,204.09,4462713
1635514200,207.99,209.75,203.24,204.01,4292216
1635773400,204.29,206.88,203.81,205.38,3215180
1635859800,205.75,207.81,203,207.12,3429632
1635946200,206.26,206.5767,201.82,203.55,3136978
1636032600,204,204.89,202.61,203.59,2543452
1636119000,205.48,208.88,205.23,205.88,2591253
1636381800,215.89,216.47,211.25,214.25,5944657
1636468200,215.18,215.57,208.96,209.81,3310255
1636554600,209.27,209.9521,206.43,206.67,3261766
1636641000,207.88,210.44,207.88,208.53,4819820
1636727400,209.35,210.69,208.3,209.27,2017961
1636986600,210,210.69,206.76,207.71,2392576
1637073000,208,208.18,205.26,205.43,2138038
1637159400,205,205.19,200.85,202.98,3135672
1637245800,203.27,203.71,200.66,201.42,2121099
1637332200,200.92,202.92,199.66,200.44,2980754
1637591400,201.49,204.5333,200.09,202.38,2597280
1637677800,203.05,205.57,201.59,205.33,3127919
1637764200,203.66,208.26,203.08,207.07,3880485
1637937000,201,201.45,196.614,198.73,3495977
1638196200,201.23,201.5,193.28,195.92,4559906
1638282600,193.835,196.78,191.5501,193.35,6358024
1638369000,197.58,198.43,191.36,191.47,3427043
1638455400,192.31,197.62,191.81,196.79,3445667
1638541800,197.67,199.39,195.74,197.8,3250927
1638801000,199.58,203.26,198.3424,201.28,2838436
1638887400,203.29,206.21,203.065,204.49,2817980
1638973800,204.41,206.2,203.61,204.19,2341218
1639060200,203.1,204.97,200.88,204.13,1646581
1639146600,205.4,205.9,202.11,203.46,3315166
1639405800,203.82,204.25,200.45,201.25,1868491
1639492200,200,203.98,199.8024,201.64,2248789
1639578600,201,202.6,198.635,202.55,2193723
1639665000,205,208.229,204.65,206.17,2856763
1639751400,204.95,205.25,201.23,201.37,6090692
1640010600,197.55,197.55,193.06,195.46,3605081
1640097000,197,199.02,196.74,198.31,2303378
1640183400,200.98,203.4039,200.83,202.15,3558681
1640269800,203.42,207.3,203.29,206.2,2669627
1640615400,205.94,206.9,205.14,206.38,1711554
1640701800,206.18,208.26,206.14,206.62,1393179
1640788200,206.27,208.55,206.08,207.33,1334998
1640874600,207.33,208.91,205.93,206.08,1465937
1640961000,206.2,207.74,205.67,206.74,1374493
1641220200,207.33,208.6,205.8001,207,2056574
1641306600,208.28,218.92,207.94,218.08,5242311
1641393000,218.18,223.36,218.18,219.75,5378170
1641479400,221.49,222.705,218.06,221.99,3913240
1641565800,222.5,225.97,222.23,224.19,3673408
1641825000,224.95,225.7532,220.6114,221.64,3734923
1641911400,222,222.09,216.59,219.95,2944280
1641997800,222.12,223.69,220.07,222.4,2506917
1642084200,222.89,227.88,222.64,227,5002349
1642170600,224.72,229.64,223.5819,228.94,3970581
1642516200,227.71,230.43,226.86,229.87,5413526
1642602600,229.66,229.81,220.93,221.66,4991706
1642689000,221.08,221.87,216.04,216.63,3545647
1642775400,217.51,217.51,212.4196,214.09,3754746
1643034600,211.16,214.97,206.66,214.33,5108332
1643121000,212.08,216.83,207.1,214.31,4554269
1643207400,215,218.88,212.24,214.29,3558514
1643293800,215.21,217.9,210.15,212.17,3683378
1643380200,205.59,208,196.8,201.16,10747251
1643639400,199.45,201.6,194.68,201.56,6178996
1643725800,200.8,205.79,200.5371,205.35,4026634
1643812200,203.2,205.8,201.4,204.94,3492301
1643898600,205,205.87,200.09,200.59,2748216
1643985000,200.21,201.005,196.49,198.41,3930776
1644244200,198.84,201.53,198.0253,199.82,2402040
1644330600,200.26,202.31,199.23,201.5,2407233
1644417000,202.64,204.1,202.086,203.6,2743749
1644503400,202.57,206.75,201.56,203.07,3538497
1644589800,203.42,204.65,200.13,201.24,3826746
1644849000,200.95,201.7,198.11,199.89,2730533
1644935400,200.7,204.45,200.0096,203.41,2752883
1645021800,203.11,205.415,203,203.64,2254146
1645108200,201,201.76,194.44,194.74,4699629
1645194600,193.36,195.62,191.175,191.95,4385219
1645540200,191.95,194.9,190.55,191.21,3487950
1645626600,191.72,192.319,186.37,186.67,3550352
1645713000,182.03,185.27,179.67,184.69,5919467
1645799400,184.94,187.925,184.12,187.06,3594597
1646058600,184.34,188.77,183.673,187.58,5168542
1646145000,187.77,188.22,180.64,182.83,5110599
1646231400,185.2,193.56,185,192.61,5849898
1646317800,193.32,196.58,192.34,194.85,4429733
1646404200,191.1,196.01,190.311,195.66,4334724
1646663400,194.79,203.5,193.6233,196.7,6912345
1646749800,203.87,214.89,203,210,9318635
1646836200,212.57,213.6,207.45,209.78,4798346
1646922600,209.39,217.5201,208.18,211.79,4886260
1647009000,212.3,217.77,212.3,214.83,4045469
1647264600,216.3,218.4825,212.93,215.44,3530852
1647351000,216.12,217.38,210.51,216.46,4364197
1647437400,217.5,219.49,212.32,216.08,4378696
1647523800,215.32,221.78,214.34,221.7,3600411
1647610200,219.48,221.7,218,220.91,4105116
1647869400,221,227.05,220.99,223.71,2902157
1647955800,224.46,225.85,221.3375,222.71,2461494
1648042200,221.69,224.78,221.69,222.17,2001683
1648128600,222.54,225,221.51,222.21,2110867
1648215000,222.09,223.8,221.14,223.36,1581139
1648474200,222.34,222.68,219.04,221.85,3072496
1648560600,220.8,221.43,216.54,221.04,3667796
1648647000,222,225.8799,220.7,223.08,2507574
1648733400,223.21,225.19,222.43,222.82,3152202
1648819800,224.35,225.52,218.165,219.77,2618304
1649079000,219.16,221.3535,216.6,220.81,2181439
1649165400,220,222.37,215.14,216.02,3582110
1649251800,215.12,217.13,213.545,216.21,2783265
1649338200,215.46,216.31,213.5599,215.9,2253777
1649424600,215.79,217.875,214.03,217.03,2450251
1649683800,217.03,218.76,215.75,216.05,2494683
1649770200,215.45,219.479,214.98,216.7,2508300
1649856600,216.93,219.68,216.4,218.27,1899033
1649943000,219.91,229.215,218.61,227.81,5337892
1650288600,228,234.375,228,229.92,3643982
1650375000,230.25,232.94,227.57,232.16,2689367
1650461400,233.55,236.37,232.58,235.08,2907678
1650547800,237.24,237.9,231.65,232.57,3571429
1650634200,228.4,229.79,215.6,216.3,5053696
1650893400,215.31,217,209.57,216.7,4145466
1650979800,216.13,218.2,209.35,210.3,4176665
1651066200,211.11,215.55,207.3,213.96,3358258
1651152600,207.425,212.96,202,212.44,6094275
1651239000,212.7,217.21,210.16,210.54,3404011
1651498200,210,212.765,207.6601,212.07,2639509
1651584600,211.9,215.3636,210.79,213.62,2121130
1651671000,214.95,223.29,213.825,222.59,3023650
1651757400,222.4,223.15,213.77,215.93,3005558
1651843800,217.01,217.01,210.35,214.65,2268402
1652103000,212.03,212.05,205.44,206.29,2929874
1652189400,208.24,209.52,201.39,202.99,3040550
1652275800,205.56,209.71,203.59,205.21,2552410
1652362200,203.61,205.34,199.295,203.03,3282072
1652448600,205.15,206.46,202.92,204.33,2323800
1652707800,205.02,209.21,203.68,207.19,2540976
1652794200,212.8,213.77,209.14,213.09,2275933
1652880600,213.84,217.9,207.52,207.94,4723284
1652967000,205.86,209.28,201.705,206.76,2887724
1653053400,206.45,206.63,194.04,197.82,5404500
1653312600,199.93,205.49,199.16,204.15,3246553
1653399000,202.01,205.7,201.29,205.65,2467967
1653485400,205,210.09,204.82,209.31,3080246
1653571800,211.55,213.635,210.4,212.99,2015957
1653658200,215,217.63,214.16,217.14,2020431
1654003800,214.79,218.09,213.49,215.85,3773508
1654090200,218.46,219,214.3,217.57,2314030
1654176600,219.59,220.84,217.25,220,1784213
1654263000,218.25,224.1,218.25,222.9,2222739
1654522200,222.9,224.763,222.25,223.63,1565510
1654608600,222,227.27,221.65,227.1,1799081
1654695000,225.29,232.35,224.62,229.8,4171344
1654781400,227.43,228.211,223.62,223.67,3047339
1654867800,219.5,220.22,215.01,215.18,2605398
1655127000,209.58,209.87,204.9,206.88,3559596
1655213400,208.06,209.73,205.27,206.69,2359013
1655299800,207.48,208.65,203.13,206,2343231
1655386200,201.07,201.25,193.25,194.79,4789903
1655472600,195.68,197.74,190.87,192.64,7226161
1655818200,197.1,198.42,193.87,196.37,2755355
1655904600,190,192.79,187.705,187.83,4012246
1655991000,186.58,187.23,176.02,178.67,6667926
1656077400,181.34,185.6,179.37,185.49,4868921
1656336600,188.08,190.08,185.82,187.59,3061090
1656423000,189.97,193.1,187.43,187.44,3327704
1656509400,187.32,187.57,182.13,183.48,2436919
1656595800,180.26,182.14,177.12,178.76,4197106
1656682200,179.31,181.32,173.72,178.29,3423158
1657027800,173.77,174.42,170.595,173.76,3725409
1657114200,173.48,174.67,169.29,172.31,3190582
1657200600,182.5,182.5,176.3301,180.28,4677626
1657287000,180.23,181.24,176.39,179.1,2491087
1657546200,177.41,179.77,174.62,175.02,2773877
1657632600,174.74,177.24,172.6,174.49,2718396
1657719000,172.25,175.25,171.86,173.87,2389041
1657805400,169.75,170.7,167.08,169.94,2531232
1657891800,172.25,173.38,169.2,173.38,2282108
1658151000,176.13,176.7,172.71,173.49,2476409
1658237400,173.9,179.695,172.884,179.49,2671398
1658323800,178.78,180.8,177.065,179.97,2176090
1658410200,178.42,181.07,176.48,180.99,2214529
1658496600,181.49,182.8,177.34,178.62,1961489
1658755800,179.17,182.6,177.765,181.81,1845604
1658842200,181.16,183.645,180.58,181.23,1767673
1658928600,182.92,186.18,180.32,185.25,1856625
1659015000,186.85,189.52,184.2,187.84,2229204
1659101400,189.19,199.49,189.12,198.25,5188148
1659360600,195.08,197.19,193.4,194.86,3185132
1659447000,188,189.47,183.16,183.51,8193096
1659533400,183.32,185.44,181.6,182.87,4155892
1659619800,182.86,185.9311,181.12,183.64,2478858
1659706200,183.58,186.1,183.23,185.39,1908521
1659965400,186.77,188,184.16,185.81,2655592
1660051800,185.95,187.88,185.16,186.03,2460002
1660138200,188.73,191.52,187.45,190.72,2304657
1660224600,192.83,195.58,191.91,194,2538990
1660311000,194.89,196.97,193.8,196.84,1864797
1660570200,193.4,196.5,193.07,195.95,1752584
1660656600,195.32,198.4,194.95,197.52,1959335
1660743000,195,196.9,193.87,195.93,1576440
1660829400,197.05,197.63,195.245,197.35,1750888
1660915800,195.27,197.22,193.81,195.6,2003565
1661175000,193.11,193.93,191.5512,191.76,2008855
1661261400,192.75,198.14,192.48,197.21,2445082
1661347800,197.56,198.68,193.45,194.16,2503442
1661434200,195.49,198.91,194.57,198.88,1888732
1661520600,199.4,200.3677,191.73,191.92,2560386
1661779800,190,193.169,189,191.78,1996590
1661866200,191.5,191.96,184.5924,186.94,2691218
1661952600,186.63,188.06,184.5,184.71,2656561
1662039000,182.27,183.21,180.1,182.44,2686280
1662125400,184.85,185.74,179.85,180.83,2185453
1662471000,182.9,183.66,179.59,180.66,2141693
1662557400,179.11,181.8384,178.19,180.86,2167029
1662643800,179.68,183.28,178.08,183.15,2245727
1662730200,187.55,189.76,187.215,189.49,2279841
1662989400,190.85,192.7,190.61,192.4,1937224
1663075800,187.85,190.05,183.5,184.31,2207621
1663162200,183.92,185.14,181.87,184.65,2295076
1663248600,184.67,186.5409,181.68,182.49,1933126
1663335000,180,180.34,177.765,179.47,5088335
1663594200,177.25,182.73,176.8,182.11,2923828
1663680600,180.59,180.72,176.311,177.99,2512363
1663767000,179.28,180.49,171.88,171.95,4061902
1663853400,172.7,174.62,170.29,170.55,2508351
1663939800,168.66,169.44,161.73,164.24,4047222
1664199000,164,165.8499,162.22,162.62,3213409
1664285400,164.46,164.568,160.6,162.44,2753514
1664371800,164.5,168.48,163.54,167.76,3694755
1664458200,165.7,166.59,163.54,165.9,3518214
1664544600,165.89,167.78,163.89,164.08,2963239
1664803800,167.43,173.365,166.05,171.23,3444727
1664890200,174.3,180.19,174.21,179.63,4008183
1664976600,177.15,180.26,176.6889,178.38,3067477
1665063000,177.41,180.98,176.89,178.81,2415113
1665149400,176.72,178.955,175.14,177.55,2759237
1665408600,179.81,181.16,176.07,178.67,2634055
1665495000,176.82,183.08,176.67,179.75,2542475
1665581400,179.48,181.12,178.78,179.5,2260826
1665667800,173.75,184.95,172.705,183.14,3745930
1665754200,183.75,184.33,177.53,178.19,2830734
1666013400,182.3,184.31,179.2,180.8,2940176
1666099800,184.9,185.53,180.91,183.55,2674034
1666186200,182.94,185.7,182,184.41,2088798
1666272600,184.54,185.74,180.46,180.54,2953856
1666359000,179.73,190.41,179.21,190.22,3483823
1666618200,188.65,192.14,188.45,191.3,2919594
1666704600,190.29,195.67,188.92,194.84,2545049
1666791000,198.3,199.58,194.57,196.96,3547951
1666877400,210.15,217.13,207.37,212.14,7872157
1666963800,212.5,219.5,211.21,219.34,5161042
1667223000,215.34,218.8688,215.01,216.46,3786144
1667309400,218.63,219.4687,216.71,218.5,2717516
1667395800,217.6,221.6961,213.93,214.54,3150919
1667482200,211.54,221.79,211.3581,219.26,3570445
1667568600,224.02,229.73,223.6,227.85,4973751
1667831400,228,229.13,222.67,228.61,3405597
1667917800,228.61,232.63,226.67,229.81,3676620
1668004200,226.07,229.135,225.0624,225.54,6248284
1668090600,232.22,232.59,226.33,232.45,4590846
1668177000,233,238.4,231.9983,236.49,3585442
1668436200,236,239.85,234.5,236.5,3217733
1668522600,237.1,239.4,232.745,234.59,3371100
1668609000,234,234.66,230.8375,232.42,3061954
1668695400,227.75,230.53,225.51,230.44,3257638
1668781800,230.85,231.84,227.63,231.43,2868714
1669041000,231.55,233.67,228.27,232.17,2522619
1669127400,234,237.48,233.36,237.26,2523669
1669213800,237.63,239.63,235.61,236.92,2311283
1669386600,237,237.49,235.19,235.7,1034795
1669645800,233.94,234.955,231.57,232.3,2862337
1669732200,233.3,235.73,231.55,235.12,2277925
1669818600,235.9,236.76,230.79,236.41,3849956
1669905000,236.9,237,231.94,235.69,2504686
1669991400,233.89,238.47,233.59,236.13,2218271
1670250600,234.8,235.91,232.26,232.57,2064513
1670337000,232.59,233.05,225.56,228.29,3633800
1670423400,227,229.84,225.78,228.98,3044194
1670509800,230.91,232.5,229.54,230.92,2189369
1670596200,232,232.81,227.19,227.29,2256976
1670855400,227.55,233.4,227.02,233.06,2709227
1670941800,237.82,237.92,232.13,235.49,2945191
1671028200,236.06,238.22,233.12,234.48,3513780
1671114600,232.16,232.93,227.72,230.66,2953761
1671201000,228.63,233.215,228.05,232.72,7610743
1671460200,233.9,236.93,230.93,232.29,2622367
1671546600,232.44,235.72,231.86,235.14,2649895
1671633000,237.66,241.9101,237.66,241.73,4143626
1671719400,240.15,240.8,233.04,237.54,3129995
1671805800,236.95,240.54,236.5,239.87,1960066
1672151400,240.69,245.05,239.7223,243.14,3381464
1672237800,243.14,243.82,238.275,239.38,2269966
1672324200,241.21,241.61,238.27,240.2,1652542
1672410600,239.39,240.16,237.7,239.56,1521214
1672756200,240.68,240.68,236.2,238.88,2651884
1672842600,240,242.13,238.55,241.36,2387868
1672929000,240.53,241.535,237.56,240.28,2355923
1673015400,242.89,249.91,242.24,248.86,3945070
1673274600,249.01,250.97,246,246.62,3417307
1673361000,246.95,250.84,246.45,250.51,3011934
1673447400,251.49,251.89,247.125,250.73,2402410
1673533800,252,257.3799,251.01,255.07,3881458
1673620200,256.8,258.575,255.23,258.46,3067830
1673965800,258.86,260.5,255.935,256.26,4100061
1674052200,257.28,258.9099,252.07,252.82,3361371
1674138600,250.48,251.25,244.3,245.75,4885201
1674225000,246.87,249.92,244.76,249.71,2964106
1674484200,250.75,253.68,249.27,252.7,2610238
1674570600,252.88,259.0474,249.75,257.61,3505069
1674657000,254.53,259.185,254.32,258.44,2424912
1674743400,260,262.26,256.8913,262.12,2677234
1674829800,262.46,266.04,262.12,264.54,2782988
1675089000,263.34,264.9999,261.31,261.5,3426868
1675175400,257,257.39,246.41,252.29,10992111
1675261800,251.75,252.7,245.31,249.54,6022012
1675348200,249.33,249.53,241.8,244.9,6130329
1675434600,244,250.95,243.1268,247.76,4134653
1675693800,248.11,252.14,248,251.42,3528766
1675780200,250.55,252,245.3503,249.66,3467883
1675866600,248.1,251.56,247.08,248.87,2300252
1675953000,250,251.97,245.48,246.28,2464903
1676039400,246.28,248.63,244.64,247.67,2820453
1676298600,243.5,248.38,242.65,248.15,3068116
1676385000,247.01,247.31,241.65,244.36,2512857
1676471400,244.2,248.77,243.225,248.7,2399236
1676557800,246.5,248.53,244.52,246.52,1934871
1676644200,247.86,250.86,245.63,247.79,3759290
1676989800,244.5,248,239.75,240.71,3105908
1677076200,241.19,242.23,236.42,237.89,3145185
1677162600,240.67,240.8297,235.6,237.95,3218961
1677249000,235.23,236.69,233.02,236.17,2105656
1677508200,239.1,241.25,238.72,239.98,1721039
1677594600,240.94,241.1,238.71,239.55,2647745
1677681000,242.01,249.7,241.57,248.67,4117683
1677767400,246.51,252.49,246.13,252.18,2678457
1677853800,252.39,255.4,249.91,255.31,2314730
1678113000,255.65,255.7,251.58,253.98,2317075
1678199400,254.05,254.75,245.9499,246.14,3018405
1678285800,247.99,251.11,246.75,248.72,2068605
1678372200,248.95,250.13,240.605,240.96,2518845
1678458600,236.31,238.13,225.8,227.01,5767526
1678714200,222.58,228.33,221.54,224.7,4885063
1678800600,228.99,229.59,222.2,225.67,3754946
1678887000,219.4,221.1834,212.57,217.26,5471675
1678973400,215.67,219.81,213.32,218.71,3555235
1679059800,217.4,217.4,211.43,215.01,7203047
1679319000,217.35,221.87,216.48,220.31,3464160
1679405400,224.06,226,223.61,224.92,3074835
1679491800,225.17,226.59,219.86,219.95,2930256
1679578200,220.51,225.3,217.6007,219.44,2957536
1679664600,216.85,217.43,213.14,217.01,2977746
1679923800,214.93,218.96,213.92,218,3209536
1680010200,218.15,220.56,217.71,220.16,1801975
1680096600,222.74,223.22,221.5009,223,1857436
1680183000,225.05,226.344,223.99,224.54,1921317
1680269400,226.38,229.055,224.9,228.84,2746909
1680528600,230.01,233.85,228.86,229.87,2242533
1680615000,228.9,229.49,216.25,217.45,4282098
1680701400,216.2,217.8791,211.55,213.53,4265252
1680787800,212.67,213,208.94,209.17,4180062
1681133400,210.22,216.09,209.32,215.53,3838965
1681219800,216.17,222.9,216.17,220.6,3882026
1681306200,222.15,223.215,219.89,220.5,2385141
1681392600,219.94,222.18,216.66,221.67,2909059
1681479000,222.99,225.83,221.44,223.68,2246904
1681738200,225.01,226.92,224.3,225.24,1751839
1681824600,225.56,227.5,224.06,225.2,2567096
1681911000,224.8,225.15,222.41,224.65,2078502
1681997400,222.42,224.22,220.93,222.27,2826825
1682083800,220.67,220.99,217.5,220.27,2712742
1682343000,220.53,223.685,220.53,223.43,2790653
1682429400,222.36,223.2288,218.27,218.63,2505596
1682515800,217.73,220.39,216.12,216.19,3254731
1682602200,210.48,216.08,204.04,214.33,7711149
1682688600,213.24,220.555,213,218.8,4669549
1682947800,219.342,221.96,216.53,217.27,2876412
1683034200,217.11,217.11,210.59,215.15,2857991
1683120600,215.64,219.17,214.86,215.64,2635075
1683207000,216.05,216.93,209.33,210.38,3211007
1683293400,213.59,215.68,212.4,215.09,2716550
1683552600,216.44,218.11,213.63,214.79,2414108
1683639000,213.74,215.3937,211.95,213.49,4111863
1683725400,215.43,215.99,210.19,213.17,2446106
1683811800,209,210.28,208.415,210.03,3263278
1683898200,211.71,212.55,207.93,209.54,2172580
1684157400,210.31,213.305,209.15,211.29,1925794
1684243800,210.05,210.265,207.05,207.2,2771733
1684330200,209.28,213.835,208.65,212.1,2897517
1684416600,211,215.66,210.23,214.72,2643586
1684503000,219.46,219.8894,212.95,214.78,4402093
1684762200,214.25,217.16,211.89,214.26,2540614
1684848600,213.2,215.26,211.35,212.71,2298512
1684935000,211.81,212.48,209.22,209.7,2963968
1685021400,209.69,211.785,208.6,209.98,2243773
1685107800,211.74,213.28,210.205,211.8,1973881
1685453400,211.18,212.89,208.25,209.9,2885893
1685539800,209.13,210.78,205.6,205.75,5936977
1685626200,207.68,210.57,206.04,209.07,2989150
1685712600,214.95,227.78,214.01,226.63,8358196
1685971800,226.99,227.58,220.75,222.47,3901238
1686058200,221.86,228.27,221.45,226.68,3230095
1686144600,227.81,236.36,226.28,235.55,5586408
1686231000,234.54,236.28,231.74,234.45,3548041
1686317400,235.7,235.81,231.43,235.03,2489663
1686576600,235.23,238.885,233.3201,237.9,3645004
1686663000,240.08,246.68,239.68,245.44,4335106
1686749400,246.8,248.32,241.57,243.32,3122386
1686835800,244,248.3782,243.48,247.67,2743898
1686922200,249.4,250.89,244.97,245.27,5261185
1687267800,242.33,243.215,240.55,241.15,2980704
1687354200,238.84,245.26,238.0313,241.48,2892473
1687440600,240.23,240.98,235.95,237.34,2423665
1687527000,234.44,235.86,231.28,234.44,3354027
1687786200,235.46,239.6225,235.125,236.95,1748332
1687872600,237.48,240.84,235.32,240.69,2283013
1687959000,239.29,242.05,237.86,241.87,2200056
1688045400,241.94,246.8628,241.37,244.24,2070085
1688131800,246.57,246.9344,243.89,246.05,2377993
1688391000,245.95,248.39,245.27,247.33,1045746
1688563800,245,247.5,244.1183,244.83,1820710
1688650200,242.75,243.87,238.84,240.58,3081719
1688736600,240.19,247.8,240.11,245.18,2903972
1688995800,244.51,249.36,244.09,248.81,2771882
1689082200,249.84,254.47,249.84,252.85,3294783
1689168600,255.49,257.64,251.44,253.6,2986445
1689255000,254.56,256.46,252.74,255.86,1949520
1689341400,256.48,256.48,252.91,255.62,1936998
1689600600,254.27,258.85,252.01,257.46,2674932
1689687000,257.63,264.16,256.93,263.81,3833380
1689773400,260.14,262.92,259.7,262.75,2771896
1689859800,264.17,265.4,260.44,261.09,2102305
1689946200,261.75,261.76,257.51,257.65,2249852
1690205400,258.3,262.44,258.1,259.37,2195493
1690291800,260.1,263.88,259.44,262.06,2016647
1690378200,260.53,262.54,257.25,258.32,2622804
1690464600,258.97,261.1,256.8226,258.3,2284531
1690551000,259.93,262.98,258.99,260.43,2104855
1690810200,262.75,265.21,261.66,265.17,3576780
1690896600,272.75,288.78,270.5,288.65,11830412
1690983000,287.75,293.88,286.09,287.57,6290294
1691069400,285.54,287.94,281.05,281.45,4745711
1691155800,283.2,283.5,275.36,276.44,3888182
1691415000,277.12,281.96,275.89,281.65,2438200
1691501400,278,283.95,274.78,282.89,2519489
1691587800,284.66,287.12,283.88,284.53,3088597
1691674200,284.49,287.66,281.19,283.82,2647229
1691760600,283.94,286.04,282.61,285.22,1874273
1692019800,284.06,285.6,281.27,284.54,2194187
1692106200,282.52,282.64,277.05,277.37,2593607
1692192600,277,281.71,274.085,274.51,2831256
1692279000,277.02,279.55,274.66,275.17,2534718
1692365400,273.01,275.69,271.11,273.8,2532964
1692624600,274.75,276.235,268.8,272.75,2207586
1692711000,273.94,274.1299,269.67,270.2,1669867
1692797400,270.3,273.76,269.1101,273.03,1677971
1692883800,271.6,274.69,269.2,269.3,1433718
1692970200,271.52,273.62,268.83,272.56,1291666
1693229400,273.5,276.999,273.035,274.79,1550820
1693315800,275,280.13,273.43,280.03,2065754
1693402200,280.03,283.81,279.81,282.33,1431019
1693488600,283.64,284.805,280.84,281.13,2579127
1693575000,284.8,287.07,283.65,286.25,2336591
1693920600,286.34,289.41,281.38,281.63,2515636
1694007000,280.42,284.47,279.04,282.9,1688876
1694093400,280.93,283.48,277.6509,281.43,1593373
1694179800,281.57,283.39,279.12,282.28,1241276
1694439000,284.56,285,279.95,282.05,1515311
1694525400,280.26,284.715,279.82,281.81,1587363
1694611800,280.21,282.74,273.0301,275.92,2119256
1694698200,279,283.175,277.83,282.56,2660520
1694784600,281.87,281.87,277.33,279.15,4940871
1695043800,279.06,282.75,278.85,280.94,1363218
1695130200,280.08,283.5,277.65,279.67,2313534
1695216600,281.5,286.5985,278.08,278.61,2382011
1695303000,276.21,276.21,271.6,272.03,2278483
1695389400,272.01,275.1,271.61,273.06,1708570
1695648600,270.75,274.83,270.07,274.27,1257517
1695735000,271.15,273.42,269.15,269.52,1756427
1695821400,271,274.23,269.2,272.71,1991541
1695907800,273.49,278.25,272.22,276.24,1994725
1695994200,279.08,279.55,271.36,273,2257825
1696253400,272.64,276.81,270.24,271.72,1778235
1696339800,271.21,273.58,267.54,268.97,2188005
1696426200,267.5,267.82,262.78,265.03,2970215
1696512600,263.9,265.94,260.43,260.8,2639337
1696599000,261.57,268.4185,258.27,266.04,2293464
1696858200,266.04,271.61,264.6508,271.3,1640764
1696944600,272.65,275.0957,271.83,273.21,2009107
1697031000,273.53,274.4079,269.9,272.83,1538219
1697117400,273.8,273.8,266.19,269.61,1910506
1697203800,270.49,273.9399,266.1,267.94,1918648
1697463000,272.12,273.972,269.58,270.79,1678588
1697549400,268.58,275.56,268.58,272.65,2110205
1697635800,268.5,269,258.75,259.22,4257056
1697722200,257.91,260,251.76,252.89,3849996
1697808600,251.31,253.49,248.158,249.2,3103477
1698067800,247.63,251.61,246.56,247.32,3193201
1698154200,250.25,251.72,247.25,249.55,2304815
1698240600,249.87,250.77,244.5,244.94,2542399
1698327000,245.53,246.73,240.41,242.43,3859150
1698413400,243.05,243.915,237.86,238.56,3229943
1698672600,240.94,243.6,239.18,242.16,4478283
1698759000,227.65,230.54,223.76,226.05,12093251
1698845400,225.11,232.65,223.9244,231.83,4932814
1698931800,235.8,239.59,232.88,239.12,7749892
1699018200,241.51,244.2393,238.18,240.75,3929453
1699281000,241.51,242.92,236.3607,238.28,2891529
1699367400,234.58,237.14,233.57,234.92,4073958
1699453800,236,237.79,234.445,234.82,2532451
1699540200,237.44,239.28,233.82,234.15,2708931
1699626600,235.34,240.15,234.62,239.68,2525979
1699885800,238.88,243.31,238.88,241.67,3035714
1699972200,246.75,249.5499,244.69,247.86,3441793
1700058600,249.52,252.925,248.6,251.09,3740063
1700145000,250.5,252.92,246.6,248.21,2625013
1700231400,250.09,254.26,250,253.07,3438183
1700490600,252.61,252.9,248.66,250.45,2661794
1700577000,249.44,249.8538,248.32,249.41,1765468
1700663400,241.84,247.63,241.81,246.01,3594076
1700836200,246.75,248.9,246.7,247.36,982235
1701095400,246.96,248.215,246.32,247.39,1743468
1701181800,247.74,248.87,246.01,247.5,2150011
1701268200,249.68,251.58,248.31,249.45,2224796
1701354600,251.04,251.5,247.84,250.72,3210495
1701441000,251.91,257.44,251.01,256.76,3731480
1701700200,253.57,255.53,252.42,254.75,3028712
1701786600,253.78,257.2,253.78,255.19,2682372
1701873000,256.8,261.01,255.5717,255.97,3632822
1701959400,257.21,259.38,255.8097,257.41,2162534
1702045800,257.38,261.64,257,259.5,3258348
1702305000,259.84,262.24,259.5,260.92,2898544
1702391400,259.99,262.49,259.12,261.43,2375743
1702477800,261.4,268.23,259.28,267.97,3708327
1702564200,272.45,285.46,270.55,285.17,6464060
1702650600,280.1,286.85,279.9799,285.74,7321193
1702909800,286.74,288.8763,284.57,285.71,2691728
1702996200,286.8,293.03,286.16,292.96,3659607
1703082600,291.93,298.27,289.52,289.71,3818414
1703169000,289.9,290.73,286.6,290.07,3209389
1703255400,290.31,292.83,288.91,290.36,2833962
1703601000,291.59,297.0899,291.0001,295.63,2019046
1703687400,295.63,299.15,294.73,298.12,1876485
1703773800,297.1,299.2,296.04,296.88,2267452
1703860200,296.85,298.235,293.2,295.67,2300643
1704205800,293.43,296.64,291.35,292.71,2433125
1704292200,288.39,288.925,283.315,284.3,3043399
1704378600,284.41,288.22,283.79,286.1,2995437
1704465000,286.25,291,285.47,288.93,2684787
1704724200,287.56,292.68,285.24,292.25,2369129
1704810600,289.23,292.36,288,292.29,1974507
1704897000,292.15,294.55,291.4612,293.35,2048021
1704983400,294.6,295.595,289.41,292.06,1941352
1705069800,295.27,295.83,288.93,290.41,1955694
1705415400,288.88,290.205,285.6,287.23,3140086
1705501800,278.83,282.02,276.94,278.63,3789153
1705588200,280.02,282.53,277.6601,281.9,2479261
1705674600,282.32,286.08,278.95,285.28,3115987
1705933800,286.1,290.59,286.1,288.67,2072329
1706020200,290.5,292.88,287.52,288.83,1866294
1706106600,290.84,292.61,288.34,290.68,2765909
1706193000,294,303.31,293.13,300.77,4647055
1706279400,301,302.98,298.66,299.43,2920474
1706538600,299.02,303.7,297.45,303.25,2101353
1706625000,300.51,305.73,300.51,304.76,2150444
1706711400,305.57,305.75,299.93,300.31,2812955
1706797800,303.24,308.07,301.94,307.69,3196264
1706884200,307,317.37,305.995,315.09,4661484
1707143400,334.87,334.87,315.91,321.4,6557542
1707229800,323.19,327.43,319.07,322.72,2826394
1707316200,322.94,327.82,321.1,323.59,3202982
1707402600,324.67,326.43,321.4201,322,1986100
1707489000,322,322.33,315.57,317.16,2823170
1707748200,317.21,323.09,316.51,321.63,2483602
1707834600,315.79,316,310.79,312.84,2923359
1707921000,316.01,317.85,313.97,316.71,1887095
1708007400,315.95,323.21,315.46,323.07,2362937
1708093800,323.72,328.3,321.44,321.91,2513347
1708439400,317.26,319,312.74,313.74,2701572
1708525800,312.9,317.82,312.9,317.14,1780222
1708612200,321,323.37,320.34,322.09,1875783
1708698600,323,325.08,322.05,323.88,1575227
1708957800,323.65,327.24,322.25,325.38,1650017
1709044200,326.98,327.945,323.77,327.63,1640875
1709130600,327.39,331.68,326.99,329.56,1471162
1709217000,331,334.89,330.1,333.96,2699773
1709303400,334,337.77,333.6,336.7,1815536
1709562600,335.6,340.26,334.79,338.65,1551197
1709649000,335.42,338.99,331.7401,333.53,2029966
1709735400,336.25,337.73,334.16,335.63,1542427
1709821800,338.51,342.34,338.43,340.22,1732485
1709908200,342.07,344.5,338.1,339.19,2307423
1710163800,337,338.205,331.53,334.97,1868119
1710250200,335.28,338.39,332.74,337.24,1646140
1710336600,338.14,343.1,337.39,341.52,1818943
1710423000,344.55,346.84,338.94,341.92,2110175
1710509400,342.97,347.29,341.15,346.97,4406009
1710768600,348.08,353.34,347.86,351.9,2528184
1710855000,351.6,354,349.62,353.9,2207751
1710941400,351.12,358.18,348.14,356.45,2563949
1711027800,357.67,365.2,356.72,364.56,2616273
1711114200,364.6,365.52,357.86,358.11,2051989
1711373400,356.96,358.87,355.03,355.95,1774760
1711459800,356.46,359.587,356,356.39,1637312
1711546200,358.72,364.81,357.8783,364.65,2262845
1711632600,364.62,367.22,363.53,366.43,2028629
1711978200,367.48,367.93,362.64,363.74,1953766
1712064600,362.31,364.99,361.48,364.83,1968867
1712151000,365.49,376.07,364.6,375.79,2623737
1712237400,377.37,381.03,368.88,369.79,2492175
1712323800,372.5,381,371.79,379.3,2068267
1712583000,379.11,382.01,372.89,373.47,2689993
1712669400,375.03,377.16,365.51,371.9,2043292
1712755800,366.2,372.62,364.39,372.07,2148522
1712842200,372.63,373.37,366.9,371.98,2535736
1712928600,368.64,372.8425,362.68,365.63,2072870
1713187800,372.97,374.46,362.1101,363.91,2170956
1713274200,363.02,363.455,357.18,359.88,2514069
1713360600,362.65,362.91,352.88,358.32,2313776
1713447000,361.15,363.48,356.1677,357.93,2380716
1713533400,358.29,360.95,352.14,354.66,2929591
1713792600,356.1,362,353.24,357.61,2085356
1713879000,360,365.52,359.04,363.25,1810693
1713965400,363.95,368.17,358.895,363.52,3032711
1714051800,330.44,341.94,330.32,338,6459595
1714138200,338.44,345.5,338.33,343.38,3324630
1714397400,343.98,350.9499,343.98,349.8,2213594
1714483800,347.02,347.77,333.12,334.57,4201677
1714570200,333.38,338.495,330.74,331.07,3520821
1714656600,333.52,336.16,329.25,335.44,2492004
1714743000,338.09,341.61,334.98,336.75,1977087
1715002200,340.87,342.5499,339.7,342.1,1653860
1715088600,344.47,348.54,343.395,345,1965752
1715175000,340,346.27,338.74,344.5,2260496
1715261400,345.92,352.88,345.43,351.78,3208947
1715347800,355,357.51,353.5226,354.79,2210787
1715607000,354.8,358.55,354.37,356.68,2051224
1715693400,357.72,360.61,357.03,358.18,1563528
1715779800,361.47,363.31,358.12,360.04,1913878
1715866200,356.75,358.77,349.61,350.72,2821686
1715952600,352.97,356.41,351.56,356.27,2104332
1716211800,356.4,364.4299,354.77,362.75,2247917
1716298200,362.26,363.24,357.5,359.07,1841136
1716384600,358.5,359.2,352.56,355.94,2104298
1716471000,360.4,361.34,348.79,350.7,2749157
1716557400,352.64,353.91,346.68,348.9,2635223
1716903000,348,349.2317,344.4,346.47,2264877
1716989400,345,345.31,337.72,338.11,3040026
1717075800,338.47,344.55,338.47,339.25,2746084
1717162200,339.34,340.885,335.06,338.52,8319505
1717421400,340.87,341.4,325.75,331.36,3878646
1717507800,328.71,330.33,324.5001,327.57,3706638
1717594200,329.48,331.27,326.7,329.45,2616330
1717680600,330.22,331.03,327.09,328.29,2452154
1717767000,326.2,332.8799,323.7176,328.94,2499318
1718026200,328.71,331.91,328.44,329.61,2640555
1718112600,327.76,328.64,323.725,327.31,3247002
1718199000,333.15,335.17,326,328.73,4817488
1718285400,327.5,327.89,321.45,326.36,3183935
1718371800,321.39,322.675,315.85,321.47,4195333
1718631000,321.47,323.84,318.88,322.4,3199917
1718717400,323.05,325.6,321,325.14,3275381
1718890200,325.06,331.1,324.58,329.13,4463440
1718976600,330.53,330.55,326.18,327.84,8265206
1719235800,329.36,333.67,326.07,330,2447399
1719322200,328.01,329.47,324.37,327.4,2995905
1719408600,326.25,327.71,323.78,326.73,2198622
1719495000,326.03,329.23,324.67,327.46,1995103
1719581400,328.51,334.19,328.32,333.1,8891479
1719840600,335.11,335.29,325.37,329.08,2950343
1719927000,328,330.09,325.58,327.76,2119862
1720013400,328.26,331.41,328.26,330.61,1352181
1720186200,331.57,333.44,326.63,328.35,2280941
1720445400,330.36,333.26,327.14,329.06,1913367
1720531800,328.54,330.12,325.83,326.06,1896255
1720618200,326.1,328.48,321.64,328.48,2904464
1720704600,330,334.43,329.3,331.13,3016860
1720791000,334.95,338.23,333.43,335.59,2451399
1721050200,339.1,347.9,337.84,345.77,3394255
1721136600,346.83,362.28,345.26,360.58,4636980
1721223000,358.97,362.685,356.2,357.8,3060996
1721309400,356.5,369.23,355.75,356.03,3876297
1721395800,355.35,356.4854,346.69,347.63,3462657
1721655000,348,348.73,341.375,347.87,2659572
1721741400,345.73,348.66,341.38,344.17,2027837
1721827800,342.95,344.82,335.45,336.04,2835754
1721914200,335.51,348.2,333.95,344.3,3291486
1722000600,348.64,352.94,346.88,350.48,1894930
1722259800,350.18,351.38,343.13,344.53,2190368
1722346200,343.66,345.715,338.62,341.72,1970785
1722432600,345.35,350.99,340.85,346.2,2568331
1722519000,346.3,349.83,328.0794,331.52,3747881
1722605400,322.75,323.4,317.66,320.87,4246740
1722864600,309,320.58,307.05,316.8,4681329
1722951000,314.05,332.17,310.5,326.44,5071715
1723037400,333.51,335.18,324.45,325.8,3011727
1723123800,330,336.4299,327.61,336.16,2268337
1723210200,336,338.5,332.48,338.26,1668078
1723469400,338.26,339.845,333.595,336.03,2127606
1723555800,337.18,339.52,333.73,338.8,1503929
1723642200,339.6,341.79,334.6,337.59,1610888
1723728600,344.5,347.64,340.79,345.64,3232783
1723815000,345.25,345.84,340.7601,343.48,2483755
1724074200,343.68,346.1,343.3,344.65,2252755
1724160600,345,346.17,341.82,343.3,1479542
1724247000,344.58,345.6,341.85,342.97,1433163
1724333400,343,345.14,341.77,342.36,2021578
1724419800,344.97,349.5439,343.07,348.41,2183912
1724679000,349.81,354.41,348.935,351.16,1718059
1724765400,350.35,351.72,347.1,351.12,1211040
1724851800,350.59,354.43,345.84,348.2,1514474
1724938200,351.22,356.46,347.49,351.64,1664658
1725024600,352.59,356.24,349.83,356.1,2974052
1725370200,352.21,352.63,338.4001,340.24,3107219
1725456600,338.59,340.85,335.29,336.75,2782497
1725543000,336.02,336.485,330.56,333.56,2525491
1725629400,334.2,338.62,328.12,329.36,2676623
1725888600,333.91,336.36,332.97,334.04,2355801
1725975000,335.11,335.75,329.39,334.16,1869324
1726061400,333,335.48,326.11,335,1934695
1726147800,335.28,341.04,333.68,339.58,1747566
1726234200,342.42,347.22,340.3541,345.31,2518723
1726493400,348.35,351.46,344.29,347.96,1648247
1726579800,350,354.58,349.2352,353.69,2088589
1726666200,355,361.63,352.32,355.12,1990660
1726752600,363,374.69,361.27,373.31,4066612
1726839000,370.4,371.45,365.84,368.82,5440526
1727098200,368.99,372.97,366.975,371.17,2442816
1727184600,380,389.43,379.5,385.93,4024264
1727271000,387,388.64,377.92,378.25,2661536
1727357400,390.01,397.22,386.2,390.96,3906800
1727443800,391,395.56,389.1382,391.08,2683768
1727703000,389.38,392.755,386.82,391.12,2251585
1727789400,391.27,395.485,386.63,392.39,2091388
1727875800,391.98,395.66,388.6357,394.05,1768062
1727962200,392.34,394,388.72,391.09,1866089
1728048600,396.72,397.46,391.85,397.09,1675430
1728307800,396.45,401.17,396.1385,398.25,2224513
1728394200,394.26,395,384.8488,387.96,2438847
1728480600,388.17,396.6,387.5001,396.19,1757882
1728567000,395.18,396.96,390.5,396.64,1331845
1728653400,396.64,403.6,396.64,402.02,2110351
1728912600,393.39,396.29,386.87,393.95,3006132
1728999000,390.63,392.47,387.59,387.99,2715320
1729085400,387.4,394.6,386.925,393.62,1551797
1729171800,395.15,397.12,393.16,394.49,1561648
1729258200,396.25,396.45,389.72,393.86,3024091
1729517400,392.29,393.15,389.24,390.48,2376089
1729603800,389.73,391.29,385.725,388.46,1523872
1729690200,386.95,390.03,382.6933,385.73,1501236
1729776600,386.95,388.36,382.219,387.06,1844245
1729863000,389.61,392.03,384.31,385.97,1606883
1730122200,388.39,391.57,387.37,390.61,3213934
1730208600,389.5,389.6,385.55,387.51,2186415
1730295000,374,388.26,367.2,379.24,4037464
1730381400,377.35,378.9132,372.75,376.2,2394488
1730467800,378.07,383.265,376.94,379.63,1633361
1730730600,378.1,381.485,375.3,376.52,1793751
1730817000,377.13,386.07,375.65,383.37,1724115
1730903400,405.17,418.3041,404.01,416.88,4720049
1731076200,400.96,403.06,392.4,393.37,3345862
1731335400,397.91,402.08,395.0101,396.54,1859182
1731421800,397.79,398.73,391.15,393.01,1737372
1731508200,388.95,391.2,385.67,387.07,2002200
1731594600,388.5,390.175,386.205,387.36,1372462
1731681000,385.99,388.49,382.2,384.07,2165453
1731940200,386,386.3,382.92,384.46,1626303
1732026600,378.03,383.25,378.03,382.33,1793407
1732113000,384.01,386.2,378.47,381.5,1859725
1732199400,383.92,392.02,379,389.59,1833547
1732285800,390.36,398.16,387.89,397.49,1893407
1732545000,400,407.15,400,405.65,4398020
1732631400,403.65,408.41,401.76,407.83,1796714
1732717800,408.395,412.1199,403.24,403.7,1371922
1732890600,407.33,411.19,405,406.11,1962112
1733149800,407.46,408.145,400.79,402.51,1548651
1733236200,403.52,405.53,396.595,399.26,1716152
1733322600,398.57,401.47,396.1292,399.51,1193925
1733409000,400.5,401.43,394.21,394.98,1291385
1733495400,398.15,399.74,392.74,395.03,1331099
1733754600,402.54,409.71,398.44,399.26,1739787
1733841000,390.72,395.4657,385.61,388.39,2250982
1733927400,390.48,391.35,387.425,388.87,1651616
1734013800,389.05,389.87,380.15,380.78,1804628
1734100200,380.6,382.89,378.89,380.51,2035063
1734359400,381.77,382.315,377.76,378.92,1311206
1734445800,376.03,378.89,373.83,375.8,2138650
1734532200,378.7,381.155,363.03,363.89,2820729
1734618600,368.44,369.57,360.01,360.37,2619200
1734705000,358.5,371.49,357.24,366.04,5141960
1734964200,364.87,366.35,361.495,365.39,1804875
1735050600,364.45,367.57,362.66,367.57,886018
1735223400,365.05,367.49,363.865,367.12,1098408
1735309800,363.39,367.4,361.7468,364.86,1245823
1735569000,360.43,364.8199,358.74,363.01,1422636
1735655400,363.5,365.7677,361.8,362.76,1168071
1735828200,365.51,368.85,358.09,359.77,1803731
1735914600,361.59,364.48,359.49,363.79,1391959
1736173800,367,370.84,362.5801,364.2,1590975
1736260200,364.13,366.09,361.09,363,1607627
1736346600,362.45,362.88,357.7,361.07,1828830
1736519400,357.83,359.85,349.8,351,2774045
1736778600,352.96,363.195,351.8,362.5,2745954
1736865000,365.49,372,365.18,371.57,2331660
1736951400,379.14,379.94,374.33,374.89,1984512
1737037800,376.31,381.42,374.72,380.55,1974718
1737124200,384.7,386.845,382,386.02,2605870
1737469800,391,402.58,390.8,398.36,3144508
1737556200,398.68,400.4819,395.111,397.61,1994791
1737642600,397.37,409.59,397.27,406.4,2587401
1737729000,405.73,409.4,405.28,407.63,1938183
1737988200,397.19,399.54,389.92,394.98,2964352
1738074600,394.04,396.88,386.48,390.29,1788939
1738161000,391.94,399.36,391.12,393.23,2675819
1738247400,373.5,380.81,373.16,374.98,4234597
1738333800,377.46,378,371.28,371.44,2859000
1738593000,364.14,368.55,359.69,361.55,3079283
1738679400,369.66,369.66,359.41,361.95,2709817
1738765800,362.87,363,357.2,358.85,2134445
1738852200,363.9,367.5382,362.515,365.45,3007274
1738938600,369.25,369.5299,362.58,363.88,1804954
1739197800,365.33,366.235,361.55,363.22,1944675
1739284200,361.74,364.4199,360.9775,362.74,1063060
1739370600,357,358.93,351.44,352.04,2833093
1739457000,352.57,357.5882,350.42,353.7,3547192
1739543400,356.6,358.8762,352.8,353.32,2045278
1739889000,355.47,356.93,351.11,354,3120367
1739975400,351.87,353.8533,349.59,353,2211123
1740061800,355,356.8514,347.4518,349.15,2174066
1740148200,350.53,352,337.5989,340.04,3225242
1740407400,343.39,345.45,336.23,338.92,2513291
1740493800,341,344.23,336.38,342.36,3323544
1740580200,345.45,348.78,340.12,342.58,2397754
1740666600,343.65,346.92,338.46,340,1971027
1740753000,341.98,344.9,338.74,343.95,3210269
1741012200,347.63,348.15,330.03,332.04,2569655
1741098600,327.39,331.92,318.68,326.75,3500232
1741185000,329.12,339.51,328.65,338.49,3189095
1741271400,335.27,341.91,332.5201,341.01,2234096
1741357800,339.4,352.115,339.4,350.3,3063803
1741613400,345,352.41,341.85,345.21,2809137
1741699800,343.92,345.15,336.37,340.83,2131789
1741786200,343.03,344.91,335.45,338.13,1816667
1741872600,336.03,340.65,331.67,333.31,2490395
1741959000,337.72,341.99,336.95,339.64,1936119
1742218200,339.74,344.3625,339.0015,342.64,1684083
1742304600,342,342,335.35,336.71,3310243
1742391000,336.93,342,336.67,338.62,2407288
1742477400,334.57,339.7797,333.61,336.25,2782873
1742563800,331.21,335.95,329.21,335.78,6766101
1742823000,340.55,343.15,339.29,341.67,2277496
1742909400,343.58,344.81,340.83,342.62,1678009
1742995800,343.36,347.27,338.79,341.11,1705089
1743082200,341.08,341.995,336.63,339.3,1481115
1743168600,337,338.25,328.05,329.69,1965493
1743427800,325.63,331.98,322,329.8,2837768
1743514200,327.01,332.2087,323.89,330.57,1955410
1743600600,326.13,336.35,326.1,334.66,1747616
1743687000,319.67,324.7,305,305.76,4638692
1743773400,285,294.2914,281.5013,288.08,7216842
1744032600,276,294.3492,267.3,280.06,7824699
1744119000,289.89,291.78,268.275,273.94,4989008
1744205400,270.76,301.8566,269.13,301.01,6457333
1744291800,296.68,298.27,279.8,289.16,4116825
1744378200,288.95,295.41,284.14,293.45,3197931
1744637400,298.67,302.48,295.71,298.12,2758813
1744723800,296.83,301.73,292.39,293.43,3611291
1744810200,292.71,295.7309,287.61,290.14,3017437
1744896600,292.17,297.695,291.9,294.25,2717624
1745242200,289.33,291,282.4563,284.74,2978308
1745328600,287.5,293.2336,287,291.17,2231223
1745415000,301.34,305.36,295.18,295.77,2458327
1745501400,297.43,308.21,297.07,306.86,2874396
1745587800,305.1,307.99,303.91,306.45,2162570
1745847000,306.45,311.43,303.8501,307.06,2189801
1745933400,305,308.67,302.91,307.4,2651012
1746019800,315.21,316.05,302.175,309.27,5124833
1746106200,311.375,318.89,311.0167,313.96,2961232
1746192600,318.48,324.67,318.48,323.68,3765238
1746451800,319.38,326.47,319.38,323.11,1829247
1746538200,321.55,324.1,319.85,320.89,1724184
1746624600,322.74,322.8,318.11,320.29,1555975
1746711000,324.88,328.87,322.9,324.25,2553435
1746797400,325.65,327.74,323.31,325.62,1646273
1747056600,343.11,351,339.73,342.55,4592046
1747143000,348.93,355.33,348.0672,352.54,4132547
1747229400,351.72,352.43,348.7807,349.66,2052201
1747315800,349.44,351.34,348.5,349.81,1580642
1747402200,351.54,354.22,348.24,353.58,2561699
1747661400,349.7,352.96,348.54,352.57,2277960
1747747800,350.84,352.461,347.485,349.49,2266041
1747834200,346.64,348.42,341.65,342.51,2093731
1747920600,342,347.37,340.59,345.19,2174286
1748007000,337.63,344.94,336.2409,343.39,1936728
1748352600,349.95,353.34,346.615,351.51,2240068
1748439000,352.49,352.8,348.86,349.49,1924390
1748525400,352.2,353.09,348.74,351.79,2290340
1748611800,351.83,353.24,347.02,348.03,4867154
1748871000,346.47,346.47,339.5,344.67,2552788
1748957400,346,350.84,344.9182,349.4,2614301
1749043800,350.3,351.73,349.33,349.33,1616391
1749130200,351,351.51,345.85,348.96,1753704
1749216600,353.57,357.44,352.26,353.35,1608073
1749475800,355.22,360.46,353.925,358.07,2147099
1749562200,359.44,360.355,356.085,358.57,1894523
1749648600,360.94,364.29,357.745,363.14,2551804
1749735000,359.85,362,357.87,360.96,1571922
1749821400,357.23,360.38,355.7,357.05,1609882
1750080600,361,364.6099,360.2,362.44,1579789
1750167000,360.72,362.39,357.03,357.68,1560105
1750253400,357.13,364.23,356.96,359.8,2000469
1750426200,362.95,364.25,359.14,360.52,6268337
1750685400,359.92,367.1,357.733,366.23,2927378
1750771800,369.89,374.105,367.917,373.02,3842180
1750858200,373,374.19,369.513497,371.58,1737892
1750944600,374,382.33,373.043,381.88,2575085
1751031000,383.02,387.49,382.75,384.71,4455001
1751290200,386.31,389.15,384.81,388.21,2791538
1751376600,386.59,393.89,384.25,390.92,2393985
1751463000,392.7,398.635,389.42,398.43,2713685
1751549400,398.92,402.42,397.59,397.86,1737838
1751895000,398.06,398.06,388.09,391.51,3012875
1751981400,392.43,395.95,391.52,394.29,2003569
1752067800,399.72,403.76,396.88,402.18,3100968
1752154200,404.66,412,403.44,408.33,3383755
1752240600,405.45,406.88,401.7,405.92,2072955
1752499800,404,406.79,402.226,405.77,2497731
1752586200,406.26,408.75,403.02,404.64,2167235
1752672600,405,413.07,403.32,412.88,3242126
1752759000,414.86,419.9,412.88,418.07,2445031
1752845400,418.7,419.9,412.16,413.71,2526690
1753104600,417.22,417.43,409.84,410.07,1833690
1753191000,410.375,418.52,410.375,417.19,2185012
1753277400,420,428.16,419.45,427.59,3254863
1753363800,427.04,430.16,424.5,429.52,2511355
1753450200,429.69,434.87,428.62,433.75,2218847
1753709400,431.25,436.4,431.12,432.94,2550479
1753795800,434.55,435.21,424.8,430.05,2384032
1753882200,430,436.83,426.43,434.12,3172623
1753968600,434.13,441.15,433.68,438.02,4116363
1754055000,426.97,430.86,421.29,428.69,4027733
1754314200,430.86,436.8916,429.99,433.7,4059537
1754400600,427.65,439.74,426.57,434.23,4329916
1754487000,433.34,434.71,425.54,427.72,2630801
1754573400,426.84,427.33,409.96,417.12,4261088
1754659800,420.52,421.8999,415.76,416.52,2965513
1754919000,416.98,418.29,406.8,408.54,3416162
1755005400,411,418.19,409.64,412.71,2765814
1755091800,415.18,415.54,410.54,413.7,4403194
1755178200,409.3,419.24,407,417.5,3676023
1755264600,415.72,416.555,407.1,407.79,3107741
1755523800,407,413.14,405.46,412.64,3185165
1755610200,419.31,421.88,414.06,416.09,3543629
1755696600,414.8,421.92,412.05,420.59,4060195
1755783000,419.93,420.58,414.16,417.89,2504344
1755869400,421.61,437.84,420.05,435.67,3785096
1756128600,435,436.8993,432.17,432.3,1858079
1756215000,431.4,432.185,427.24,431.26,2792215
1756301400,429.73,435.06,428.95,432.67,1971269
1756387800,434.91,435.98,432.63,434.91,1651718
1756474200,425.41,428.1,414.37,419.04,3673787
1756819800,413.91,417.205,410.515,416.05,2329944
1756906200,418.13,418.13,411.37,415.12,1496741
1756992600,415.81,420.79,414.2875,420.22,1634609
1757079000,420.835,424.8999,417.91,423.08,1843342
1757338200,422.65,423.91,416.78,422.78,1876960
1757424600,423.16,423.55,416.44,418.09,1710703
1757511000,419.82,426.5,419.5,422.91,2221280
1757597400,423.92,435.79,423.32,431.38,2738072
1757683800,429.06,432.61,427.75,431.52,2341766
1757943000,433.83,438.75,430.61,435.94,2255875
1758029400,436.13,440.8,434.28,440.67,2366493
1758115800,445,452.34,443,450.66,4512193
1758202200,450.96,467.71,448.865,466.96,4331863
1758288600,470.26,472.12,462.71,466.54,5069345
1758547800,467.31,473.24,459.6116,472.1,3179951
1758634200,473.26,485.3375,468.19,471.26,3856637
1758720600,472.7,476.52,468.6261,469.79,2776892
1758807000,464.71,468,459.575,463.72,2979229
1758893400,465.48,468.45,462.38,465.76,2329149
1759152600,468.08,472.49,467.46,471.61,2892237
1759239000,471.62,477.44,470.24,477.15,2315264
1759325400,474.01,483.93,471.14,480.82,2964858
1759411800,486.86,495.98,484.19,490.57,2648753
1759498200,493.25,504.48,492.525,497.85,2996868
1759757400,500.42,505.589,493.04,495.38,2629156
1759843800,497.93,498.376,483.545,486.71,2135728
1759930200,490.99,509.4799,489.34,502.12,3959416
1760016600,504.06,506.53,497.14,500.36,3114119
1760103000,503.115,511.5,491.3,491.3,3889116
1760362200,502.15,506.38,495.45,504.76,2618593
1760448600,500.58,531.56,499.01,527.47,5459830
1760535000,534.2,538.449,527.2109,534.05,3447104
1760621400,538.06,544.9899,534.7,540.96,3463082
1760707800,537.375,542.21,526.97,527.08,2814681
1760967000,529.56,534.2,526.94,531.18,2170839
1761053400,525.07,533.38,522.04,524.65,2259080
1761139800,525.73,525.8,510.21,513.91,4149408
1761226200,518.33,522.89,513.01,520.5,2619367
1761312600,522.86,527.23,521.0201,522.73,2392328
1761571800,527.05,529.472,521.43,527.07,2493765
1761658200,525.96,530.29,521.6744,524.47,2775399
1761744600,558.18,596.21,558,585.49,6948546
1761831000,577.885,593.77,575.77,583.15,2574806
1761917400,584.03,587.05,571.3501,577.26,2974760
1762180200,575.93,576.22,565.39,570.59,2439751
1762266600,565,566.5,545.2,547.58,3440740
1762353000,551.94,574.01,550.355,569.15,2701295
1762439400,573.2,583.99,564.23,569.78,2246131
1762525800,563.55,565.575,550.33,563.1,2320052
1762785000,570,574.18,561.51,570.85,1830279
1762871400,568.72,570.45,560.26,567.93,1517433
1762957800,570.5,581.27,570.5,573.02,2645380
1763044200,572.77,576.8199,544.63,553.55,3458688
1763130600,548.96,558.31,541,554.03,2764743
1763389800,552.585,561.59,547.57,552.05,1941133
1763476200,543.35,551.57,538.05,546.88,1918917
1763562600,550,560.91,547.635,553.11,1880907
1763649000,565.95,568.865,541,546.13,3195043
1763735400,545.82,554.99,537.08,550.43,2921913
1763994600,552.13,565.74,550.6701,559.6,4653463
1764081000,564.59,567.14,547.55,566.61,3105486
1764167400,566.61,574.88,566.02,573.73,1995114
1764340200,573.79,577.36,572.4,575.76,1019499
1764599400,570.41,575.59,567,568.06,1764470
1764685800,571.33,585.5599,569.06,582.47,2749464
1764772200,581.4,593.24,562.21,591.49,2545695
1764858600,590.18,602.72,587.0001,599.15,2313594
1764945000,604,607,597.7382,603.17,2177278
1765204200,604.655,604.85,591.93,596.5,1822521
1765290600,593.05,599.99,592.23,594.36,1755275
1765377000,600.13,617.23,598.69,615.35,2797893
1765463400,610.45,626.81,604.2583,625.61,2779489
1765549800,626,627.5,595.78,597.89,4581053
1765809000,602.53,604.15,587.89,589.76,3968606
1765895400,590.7,598.655,586.28,588.93,2319382
1765981800,587.59,590.999,557.46,561.89,3753312
1766068200,568.5,574.6599,561.91,565.83,2193033
1766154600,572.69,581.73,570.33,576.22,5355561
1766413800,584.49,585.79,575.692,582.41,2387725
1766500200,580.5,588.71,580.5,582.42,1731351
1766586600,582.66,587.13,581,583.76,947042
1766759400,583.21,583.8299,578.65,583,954395
1767018600,580.09,583.969,574.64,578.71,2585835
1767105000,580.01,580.98,575.51,577.39,1216946
1767191400,577.3,578.94,572.05,572.87,1164004
1767364200,577.59,599.61,575.31,598.41,2762009
1767623400,607.88,621.75,606.22,616.1,3444837
1767709800,616,626.77,608.9,623.09,2706762
1767796200,623,625,595.775,596.52,3312371
1767882600,596.52,609.5799,594.1745,608.13,2075412
1767969000,609.97,619.15,608.2,617.62,1822011
1768228200,614.65,630.98,612.96,629.77,1856964
1768314600,633.2,644.59,633,636.53,1959083
1768401000,634.1,639.73,623.07,638.75,2106113
1768487400,644.94,652.3599,644.04,647.18,2052803
1768573800,651.97,655.68,641.01,646.89,2554861
1768919400,642,644.1,625.12,629,2659038
1769005800,633.67,647.201,627.3201,645.38,2490744
1769092200,649.11,655.78,640.9,648.41,1565707
1769178600,644.12,646.5,623.5702,626.595,2267826
1769437800,628,639,619.2604,635.92,2532867
1769524200,640,644.13,633.23,638.91,1827521
1769610600,637.97,647.28,628.98,643.28,2720670
1769697000,655.17,679.99,642.73,665.24,4441879
1769783400,655.65,677.831,650.31,657.36,3300085
1770042600,659.82,691.38,657.4305,690.91,4450010
1770129000,694.36,710.03,691.4,702.89,3524657
1770215400,707,723.16,675,691.82,7146654
1770301800,681.54,686.5,665.07,678.31,2792796
1770388200,692.57,727.4,690.52,726.2,3359724
1770647400,724.5,743.4999,721.61,742.12,2496781
1770733800,742.75,752,737.6701,742.37,4008672
1770820200,758.68,775.54,756.1,775,3926333
1770906600,776.69,789.81,756.01,758.29,4893393
1770993000,765,784,747.42,774.2,3232805
1771338600,765,774.42,750,764.76,3450284
1771425000,765.11,772.7,750.38,751.97,2563692
1771511400,752,762,744.15,760.53,2908016
1771597800,755,771.9699,752.11,759.74,2095147
1771857000,758.95,767.98,752.7827,756.47,2289560
1771943400,755,773.94,751.69,768.23,2615316
1772029800,772.5,777.6,756.74,766.61,2606526
1772116200,770.61,770.61,728.4,752.93,3350914
1772202600,745.22,751.49,731.04,742.83,3441936
1772461800,733.49,755.73,725.055,752.32,2473058
1772548200,728.27,731.665,706.6,722.18,3332671
1772634600,737.09,746.01,730.8412,731.97,2823711
1772721000,720,728.07,693.5764,706.08,3719844
1772807400,682.47,696.33,675.07,680.9,3564419
1773063000,665.22,708.63,662.8477,704.82,3584373
1773149400,712.78,730.7909,710.28,716.68,3089074
1773235800,713.5,720.42,703.63,707.59,1953586
1773322200,693,703.77,679.7553,700.69,3231819
1773408600,704.34,706.9287,687.18,693.99,2042163
1773667800,705.37,710,694.595,699.78,2145487
1773754200,707.36,709,694.91,702,1824937
1773840600,701.305,711.84,692.7,693.62,1796173
1773927000,676.49,693.49,669,688.65,2240180
1774013400,686.63,694.06,670.44,680.88,5131128
1774272600,699,712,694.56,701.7,2981009
1774359000,693.8,721.15,693.03,716.63,2098290
1774445400,727.25,729.35,717,719.04,1591456
1774531800,710.07,717.97,696.43,703.19,2428682
1774618200,694.47,708.36,692.33,695.4,2059801
1774877400,702.21,702.99,664.57,667.43,2609971
1774963800,680,708.89,672,708.46,3002163
1775050200,722,740.01,719.74,730.32,2435826
1775136600,705.57,735.41,705.45,717.22,1764325
1775482200,716.74,722.57,704.27,721.24,1246531
1775568600,719.59,725.73,708.93,724.44,1549121
1775655000,764.62,774.398,753.1,771.58,3013995
1775741400,773,795.52,772.99,787.07,2801890
1775827800,790.67,797.85,786.24,790.66,1872030
1776087000,788.42,798.54,785.33,791.73,1820142
1776173400,796,797.9999,782.0408,794.25,1866304
1776259800,787.1,789.9655,756.6501,770.17,2764742
1776346200,768,772.81,754.45,772.66,2005066
1776432600,780.51,801.77,776,794.65,2818838
1776691800,790.9,799.63,786.83,798.4,1454089
1776778200,804.88,820.2,797.79,800.45,2293546
1776864600,812.5,817.85,805.481,808.87,1628402
1776951000,817.11,845.27,815.46,835.24,2601828
1777037400,839.26,839.5,826.65,830.79,2253922
1777296600,829.76,836.02,816.72,828.79,1987044
1777383000,814.35,825,805,818.09,1875554
1777469400,822.93,823.21,809.1,810.05,2566311
1777555800,856.63,896.98,850.8,890.11,5203322
1777642200,896.84,905,879.58,889.67,2376504
1777901400,887.28,892.84,869.5923,874.78,2669860
1777987800,888.1,908.9,888.1,904.59,2581097
1778074200,913.5,930.54,905.35,926.93,3010561
1778160600,929.96,931.35,886.88,895.69,2957310
1778247000,911,914.77,893.85,897.45,2030291
1778506200,903.61,929,895.06,926.79,2811658
1778592600,912,915.0926,894.51,912.14,2348885
1778679000,912.5,922.99,897.38,902.3,1957140
1778765400,910,920.35,902.5001,920.22,2095582
1778851800,898.75,899.73,880.2,888.31,2907875
1779111000,893.32,893.32,850.825,863.95,2720549
1779197400,861.59,869.86,845.551,860.15,3239673
1779283800,871.22,877.76,857.06,872.56,2415643
1779370200,864.9,872.665,858.6,865.95,1860736
1779456600,878,893.8399,861.06,879.89,1988833
1779802200,884.95,909.56,878.02,908.55,2258403
1779888600,905.18,911.67,889.83,909.93,2464728
1779975000,898.56,905,880.47,887.67,2750603
1780061400,886.69,890.8099,866.19,875.87,5196777
1780320600,860.16,873.77,853.37,865.36,2675025
1780407000,876.67,911.96,873.12,909.81,2822638
1780493400,914.43,936.71,912.39,926.18,2511162
1780579800,913.985,946.83,903,940.48,3077009
1780666200,929.93,934.03,901.5,904.28,2780466
1780925400,917,927.34,902.735,915.64,2550629
1781011800,927.49,938.18,876.99,914.7,3007329
1781098200,901.74,906,854.73,856.16,3611238
1781184600,872.4,900.65,870.03,897.63,3463264
1781271000,905.24,918.975,899.2,910.57,2097236
1781530200,935,946.1,928.5,933.93,2449558
1781616600,942.8,961.33,939.17,945.46,2834386
1781703000,956.98,975.64,953,955.92,2743871
1781789400,979,994.49,976.33,985.82,6175042
1782135000,999.28,1023.29,999,1022.28,4033502
1782221400,985.25,994.595,972.65,984.24,4286915
1782307800,981.61,1004.87,970.0501,994.45,3525999
1782394200,1024.64,1057.07,1015,1057.01,4646225
1782480600,1031.85,1031.85,989.64,997.47,13948452
1782739800,998.41,1039.07,992.11,1033.19,3146941
1782826200,1045,1073.46,1037.21,1064.9,3287475
1782912600,1033.92,1041.26,985.05,991.41,3914148
1782999000,1001.28,1001.28,948.78,963.53,3569889
1783344600,979.09,991,963.32,969.92,2441694
1783431000,946.5,950,909.53,940.12,3810217
1783517400,937.51,955,925.26,948.08,2741540
1783603800,975.08,983.16,934.38,938.39,3521206
1783690200,930.68,957.99,928.5016,952.41,1959444
1783949400,939.21,946.745,924.38,931.47,1990967
1784035800,958,964.63,925.5,933.34,2028619
1784122200,938.58,938.58,890.4,914.3,2703645
1784208600,891.77,902,868.88,877.17,3586616
1784295000,841.73,893.19,838.33,880.28,3377169
1784554200,890,894.3699,861.27,864.3,2769989
1784640600,887.49,898,876.01,889.97,3219568
1784727000,877.29,902.5727,872.9412,889.31,1976946
1784813400,886.56,909.6,881.95,894.54,2677111
1784899800,895,902.82,881.19,888.73,1982113
1785159000,887.5,894.02,839.58,873.28,3150842
1785245400,855.76,855.82,824,840.85,3813230
1785331800,810.23,822.795,776,782.71,5970383
1785418200,810.75,822.76,801.68,809.14,3507869
1785504600,843.39,845,807.31,814.81,2423575
1785763800,811.58,835.34,804.57,830.03,3314344
1785850200,922,934.9994,866.85,876.54,6230093
1785936600,874.9,905.72,870,871.08,3363168
1786023000,862,879.325,856.96,856.96,2896536
1786109400,865.63,868,836.01,842.19,2443782
1786368600,849.04,854.93,835.86,837.58,1900928
1786455000,850,864.245,842.11,843.37,2173783
1786541400,866,871.2,855.25,855.6,3148495
1786627800,858.5,864.11,848.37,854.6,2523482
1786714200,854,870.99,850,856.57,1894874
1786973400,864.03,887.909,859.62,881.65,2140621
1787059800,862.19,863.92,834.811,840.87,2685690
1787146200,845,848.9446,805.68,816.15,4143877
1787232600,811.54,818.93,801,815.39,2937780
1787319000,829.52,832,812.34,827.9,2465779
1787578200,822.99,825.97,804.49,811.02,2536984
1787664600,833.57,834.45,804.75,811.29,1655541
1787751000,816.2,824.615,812.26,821.93,1851387
1787837400,827.42,832.99,807.31,817,1836549
1787923800,819.01,821.23,799.166,800.25,1788584
1788183000,800,802.9,789.05,797.47,3071690
1788269400,788.88,790.22,774.55,779.16,2948262
1788355800,778.51,793.94,771.39,792.28,2507620
1788442200,796.9,803.92,781.49,800.14,2352514
1788528600,802.38,821,801,813.94,2150388
1788874200,823.34,830.5,817.09,822.48,2444423
1788960600,815.68,827.96,813.5,815.56,1929307
1789047000,809.75,811.9476,797.5,805,1782575
1789133400,817.75,826,813.51,818.57,1825033
