t,o,h,l,c,v
1412688600,125.35,125.83,124.75,125.27,2335221
1412775000,128.2,128.95,127.16,128.73,4266976
1412861400,128.22,130.74,128.19,128.41,2963699
1412947800,128.26,131.41,128.26,128.9,3353581
1413207000,128.57,128.85,126.89,126.97,2446184
1413293400,127.5,127.98,125.27,126.25,4003560
1413379800,125.1,125.7,123.28,124.3,3784798
1413466200,122.68,123.85,122.05,122.95,3543012
1413552600,123.77,125.75,123.18,124.65,3199186
1413811800,124.83,128.87,124.65,128.42,3506170
1413898200,128.94,130.65,128.17,130.28,2105624
1413984600,130.56,131.59,130.32,130.54,1879960
1414071000,131.03,131.48,130.35,130.59,1763755
1414157400,128.58,130.54,128.56,130.44,2490256
1414416600,129.24,131.2599,129.24,130.92,1629582
1414503000,130.97,131.5,130.16,131.06,1439800
1414589400,131.29,132,130.93,131.93,1705814
1414675800,131.5,133.31,131.33,133,1302063
1414762200,134.45,134.5,132.71,133.37,2373896
1415025000,133.82,134.29,133.37,134.27,1949226
1415111400,134.61,136.72,133.99,136.55,2802823
1415197800,137.49,137.81,136.03,136.5,2116797
1415284200,137.39,137.67,136.6,137.09,1685940
1415370600,137.05,137.9094,136.5201,137.71,1589448
1415629800,137.85,137.89,135.98,137.69,1958039
1415716200,137.78,137.95,136.6599,137.05,1495574
1415802600,136.7,137.35,136.1537,136.9,1910222
1415889000,137.64,138.76,137.34,138.71,2235941
1415975400,138.93,138.93,138.0701,138.48,1598624
1416234600,137.21,138.5,137.21,138.47,1228116
1416321000,138.48,139.34,138.04,139.21,1574757
1416407400,139.09,140.1435,139.09,140.01,1362597
1416493800,139.06,140.01,139.02,139.25,1518294
1416580200,140.8,140.83,139.23,139.72,1849219
1416839400,139.33,139.99,139.19,139.8,1645815
1416925800,140.1,140.35,138.74,138.87,1865793
1417012200,139.5,140.88,139.04,139.75,1631937
1417185000,141.3,142.9699,140.308,142.12,1442598
1417444200,143.32,143.32,141.27,141.98,1952149
1417530600,142.43,143.349,141.76,143.06,1765406
1417617000,142.98,143.3,141.98,142.69,1795877
1417703400,143.49,143.49,142.02,143.02,1324093
1417789800,143.18,143.31,141.961,143.25,1198018
1418049000,143.05,143.05,141.95,142.33,1946175
1418135400,142.13,143.13,140.88,143.04,2094901
1418221800,144.94,146.82,139.4,140.25,4919143
1418308200,141.09,142.68,140.67,141.41,2401295
1418394600,139.99,141.36,137.83,137.88,3672019
1418653800,138.65,139.5,137.06,138.19,2456713
1418740200,138.53,139.3,136.55,137.31,2470072
1418826600,137.31,139.62,136.78,139.33,2428540
1418913000,140.18,141.56,139.29,141.56,2903401
1418999400,141.5,142.5,141.33,141.77,4029974
1419258600,142.34,143.27,141.85,143.21,1776902
1419345000,144.53,144.97,143.67,144.15,1464516
1419431400,144.56,144.865,143.6,143.65,738668
1419604200,143.61,143.87,143.08,143.44,1233068
1419863400,143.35,143.85,142.74,143.34,1364395
1419949800,143,144.09,143,143.49,1158803
1420036200,143.49,144.13,141.69,141.75,1485064
1420209000,141.87,143.15,140.814,141.61,1471736
1420468200,141.69,142.16,139.8,140,1751693
1420554600,140.61,142.94,139.85,141.85,3187950
1420641000,142.6,144.43,142.36,144.32,2171551
1420727400,145.56,146.1,144.94,145.56,2937674
1420813800,144.48,145.05,143.22,143.32,1727049
1421073000,143.58,144.16,142.12,142.52,1344803
1421159400,142.2,144.41,140.39,141.09,2200910
1421245800,140.01,140.21,138.24,139.31,2208252
1421332200,139.95,140.17,138.62,139.31,1821110
1421418600,139.04,139.96,138.22,139.72,1784806
1421764200,140.72,141.27,138.3601,139.38,1836793
1421850600,138.85,139.7,138.38,139.14,1682887
1421937000,139.5,141.28,138.39,141.27,1897527
1422023400,141.59,142.31,140.87,142.05,1700402
1422282600,141.66,143.05,141.57,142.905,1483318
1422369000,142.75,142.7999,140.87,140.99,1786867
1422455400,141.6,142.45,139.56,139.62,2017027
1422541800,140.16,140.69,138.91,140.64,1873432
1422628200,143.09,143.8,141.34,142.99,5169025
1422887400,144,146.23,140.13,146,4797524
1422973800,146.36,153.89,144.77,153.75,10302858
1423060200,152.08,156.85,152.07,155.92,11006320
1423146600,149.5,151.1,147.52,149.09,6986697
1423233000,149.21,149.95,148.1601,148.7,2927362
1423492200,148.7,149.16,146.82,147.54,2740244
1423578600,147.99,148.48,147,148.22,1703408
1423665000,148.39,148.48,146.55,147.46,2295846
1423751400,148.01,148.39,146.86,147.76,1712183
1423837800,148.23,148.8,146.94,147.1,1926835
1424183400,147,147.61,145.66,147.53,1541495
1424269800,147.16,147.48,146.53,147.23,1540979
1424356200,146.9,147.51,146.46,146.665,1273712
1424442600,146.67,147.79,145.9,147.535,1596460
1424701800,148,148.46,147.03,148.39,1587309
1424788200,149.38,149.4,148,148.21,1844184
1424874600,147.7,148.6,147.19,147.48,1603820
1424961000,147.07,147.61,146.2,146.65,1892566
1425047400,147.56,147.56,145.8301,146.96,3036187
1425306600,147.32,148.49,147.32,147.94,2108588
1425393000,147.94,148.14,146.66,147.37,1514346
1425479400,147.84,147.98,145.78,147.17,2208591
1425565800,150.77,151.75,149,151.17,4471066
1425652200,149.29,150.15,148.17,149.545,3014895
1425907800,149.79,150.99,149.55,150.68,1727892
1425994200,149.75,150.15,148.15,148.16,2128136
1426080600,148.33,148.99,147.34,147.4,1734275
1426167000,148.38,149.64,147.4,149.44,1563991
1426253400,149.09,149.91,148.15,149.28,1470086
1426512600,149.72,151,149.28,149.99,2532741
1426599000,149.39,150.2,148.43,150.03,1972534
1426685400,150,151.63,148.25,150.93,2773388
1426771800,151,151.5,150.32,151.31,1862908
1426858200,152.13,153.15,151.75,152.59,5859312
1427117400,153.15,153.56,152.7,152.93,1666316
1427203800,152.95,154.23,152.89,153.14,1636999
1427290200,153.55,153.96,151.09,151.09,2266792
1427376600,149.32,150.77,149.17,150.06,1554789
1427463000,150.21,151.22,150.02,150.47,1329918
1427722200,150.91,152.59,150.8,152.365,1463754
1427808600,151.84,153,151.25,151.495,1886112
1427895000,151.83,151.87,149.7,150.24,1795025
1427981400,150.47,152,150.36,151.63,1096109
1428327000,151.37,152.84,150.6,152.5,1767562
1428413400,152.53,152.95,151.72,151.78,1392314
1428499800,152.23,152.67,151.19,152,1482950
1428586200,150.57,151,148.27,148.81,3401763
1428672600,149.4,150.03,148.62,149.635,1572920
1428931800,149.44,150.34,148.93,149.02,1120171
1429018200,149,150.1,147.72,149.52,1540864
1429104600,149.58,150.67,149.05,149.07,1405557
1429191000,148.76,148.895,146.91,147.11,2680610
1429277400,146.58,146.73,143.1,144.57,4369326
1429536600,146.65,147.25,145.75,146.31,2882070
1429623000,146.98,148.08,146.6,147.34,1616723
1429709400,147.93,147.93,146.28,146.98,1424247
1429795800,146.6,147.95,146.27,147.3,1352575
1429882200,147.33,148.4,146.87,148.12,1421088
1430141400,148.3,148.505,146.86,146.96,1716996
1430227800,146.89,147.19,146.05,146.61,1302052
1430314200,145.88,146.25,143.87,144.46,1719013
1430400600,143.85,144.9,142.54,143.05,2523216
1430487000,143.46,145.74,143.22,145.39,1505446
1430746200,145.39,146.21,144.61,145.75,1288750
1430832600,145.12,145.74,144.29,144.5,1769579
1430919000,145.35,145.84,144.01,144.77,1737330
1431005400,144.52,145.6099,144.01,144.56,2565148
1431091800,146,147.56,145.8,145.88,1728677
1431351000,145.54,146.33,144.2,144.27,1906719
1431437400,144,145,143.418,144.07,1923886
1431523800,143.88,145.289,142.72,143.24,2135920
1431610200,144.13,144.13,141.53,142.6,3023665
1431696600,143.22,144.96,142.74,144.83,2357005
1431955800,144.74,145.29,144.05,145.06,1451924
1432042200,144.81,145.5,144.31,144.74,1332707
1432128600,145.06,145.06,143.26,143.49,1640883
1432215000,143.37,144.5897,142.845,143.94,1539527
1432301400,143.9,144.755,143.4,143.68,1189460
1432647000,144.08,144.41,143.08,143.25,2477397
1432733400,143.63,145.64,143.11,145.42,2954072
1432819800,144.32,145.97,143.16,144.26,3206152
1432906200,143.78,143.946,141.77,142.59,3027050
1433165400,143.05,143.25,141.9,142.39,2183416
1433251800,141.97,142.67,140.89,141.4,1963529
1433338200,141.67,142.5101,141.18,142.13,1858446
1433424600,141.37,142.5,140.33,140.65,2898607
1433511000,140.74,140.81,138.74,138.78,3203240
1433770200,138.91,138.91,138.02,138.05,1879735
1433856600,137.92,138.76,137.81,138.04,2039068
1433943000,138.32,139.94,138.26,139.43,1725642
1434029400,139.64,140.47,139.19,139.32,1342315
1434115800,139.06,139.2999,138.51,138.78,1290728
1434375000,137.94,138.315,137.15,137.23,1940600
1434461400,137.2,138.24,137.15,137.98,1554245
1434547800,137.94,139.32,137.88,138.875,1508101
1434634200,139.49,141.1,139.22,140.5,2074140
1434720600,140.59,141.48,140.18,140.3,2758196
1434979800,140.84,141.17,140.08,140.19,1415697
1435066200,140.44,140.9,139.53,139.65,1490375
1435152600,139.34,139.86,138.28,138.34,1965857
1435239000,138.45,139.91,137.42,137.45,1660924
1435325400,137.94,138.64,137.5301,138.06,2248898
1435584600,137.01,137.82,135.66,135.69,1963180
1435671000,136.38,136.71,134.73,135.06,2454294
1435757400,135.79,136.57,135.54,136.49,1707275
1435843800,137,137.2,136.28,136.39,1149212
1436189400,135.15,136.84,135.06,135.88,2450379
1436275800,136.3,140.87,136.03,140.5,3789987
1436362200,139.98,140.53,139.27,139.9,2917687
1436448600,141.35,141.5,137.71,139.45,3318747
1436535000,141.71,143.4299,141.17,142.72,2847058
1436794200,143.86,145.07,143.5,144.06,1847844
1436880600,143.65,144.29,143.155,143.93,1512809
1436967000,143.93,144.18,142.92,143.63,1306690
1437053400,144.15,144.49,143.44,144.33,1148062
1437139800,144.12,144.89,143.16,144.68,1842128
1437399000,144.58,145.23,144.0201,145.04,1243630
1437485400,145.19,145.4,144.43,144.94,1587849
1437571800,145.22,146.48,145.023,146.38,1612043
1437658200,146.85,147,145.38,145.6,1356889
1437744600,145.71,145.93,144.89,144.99,1272667
1438003800,144.78,144.89,143.53,144.25,1431288
1438090200,144.53,144.7,142.91,144.55,1376487
1438176600,144.8,146.76,144.7544,145.38,1840544
1438263000,145.15,145.86,144.02,145.3,1392698
1438349400,146.19,146.19,145.01,145.3,1386789
1438608600,145.78,146.11,144.65,145.52,1328134
1438695000,145.11,145.82,144.19,144.84,1315321
1438781400,145.83,147.04,145.65,146.89,1687866
1438867800,147.15,147.59,145.98,146.44,1947982
1438954200,146.02,146.44,144.35,145.26,1229423
1439213400,146.3,146.79,145.68,146.25,1072609
1439299800,145.28,146.29,145.01,145.89,1260686
1439386200,144.95,146.72,143.35,146.49,1963803
1439472600,146.36,146.9799,145.18,145.27,1114191
1439559000,144.88,146.42,144.88,146.09,1210404
1439818200,145.15,146.24,144.98,146.09,912619
1439904600,146.16,146.48,145.12,145.63,1099071
1439991000,145.39,145.94,143.64,145.17,1437093
1440077400,144.29,144.88,143.292,143.71,1785120
1440163800,142.22,143.33,138.99,138.99,3611352
1440423000,131.97,137.16,117.03,132.97,5205772
1440509400,136.78,138.38,132.65,132.71,4645092
1440595800,136.11,138.28,133.35,138.16,3094874
1440682200,140.47,140.75,137.59,140.21,2603075
1440768600,139.75,140.3,138.64,139.95,1850887
1441027800,139.25,140.23,138.51,140.05,3005697
1441114200,137.58,139.9,137.5001,138.3,2968167
1441200600,139.83,140.87,138.42,140.42,1810859
1441287000,140.94,141.7,140.098,140.48,1615613
1441373400,138.8,139.46,138.18,138.48,2124589
1441719000,140.54,141.48,139.12,141.43,1637968
1441805400,142.35,142.35,139.39,139.68,1390773
1441891800,139.04,140.96,138.9878,140.01,1350689
1441978200,139.85,141.2,139.28,141.05,1452938
1442237400,141.18,141.405,140.24,141.15,1123759
1442323800,141.32,142.96,140.24,142.43,1349715
1442410200,142.21,143.86,141.752,143.61,1374511
1442496600,143.9,145.04,143.16,143.35,1535284
1442583000,142.14,144.34,141.7,141.81,2833921
1442842200,142.36,143.78,142.09,143.21,1004810
1442928600,141.82,142.95,140.81,142.65,1787227
1443015000,143.46,145.63,142.65,145.43,2310212
1443101400,144.37,145.42,143.65,144.87,1974868
1443187800,145.95,146.9,145.01,145.55,1845691
1443447000,145.39,145.8,143.29,143.55,2553489
1443533400,143.04,144.135,142.25,143.72,2513094
1443619800,143.54,144.95,142.89,144.57,2549213
1443706200,144.85,144.85,142.5,144.56,2657336
1443792600,143.25,145.91,142.19,145.86,2591476
1444051800,146.24,148.215,146.01,148.07,2272955
1444138200,148.15,148.7,147.36,148.41,2127776
1444224600,148.72,149.32,147.43,147.96,2340843
1444311000,147.61,151.7,147.61,151.66,2370850
1444397400,150.76,154.26,150.44,153.97,3715461
1444656600,153.97,154.48,153.09,153.63,1200133
1444743000,153.23,154.07,152.22,152.28,1493652
1444829400,152.31,152.77,149.1,149.84,3044929
1444915800,150.83,151.9,150.22,151.77,1696962
1445002200,152.32,152.97,151.28,152.06,1647541
1445261400,152.05,153.39,151.92,153.22,1543687
1445347800,153.72,154.88,153.16,154.56,1875733
1445434200,154.8,155.94,154.31,155.21,1812409
1445520600,155.43,158.34,155.08,158.15,2192364
1445607000,158.7,158.796,154.91,155.74,2273369
1445866200,152.06,157.41,151.26,156.73,2499998
1445952600,157.27,158.3,155.56,157.76,1675064
1446039000,157.5,157.93,155.51,157.76,1778775
1446125400,157.06,158.38,156.53,158.28,1546971
1446211800,158,159.4,157.3,158.12,2050031
1446474600,158.99,159.31,157.65,159.15,1260658
1446561000,158.4,159.22,157.38,158.8,1531102
1446647400,159,159.025,156.9,157.15,1653072
1446733800,154.15,156.81,154.02,156.27,2550323
1446820200,156.49,157.96,155.67,157.55,1749784
1447079400,156.81,157.1,153.89,155.16,2291054
1447165800,155.13,156.46,154.6,156.41,1701804
1447252200,155.98,157.43,155.18,156.39,1865640
1447338600,156.12,156.98,155.3964,156,1657385
1447425000,155.07,155.25,153.23,153.67,2459917
1447684200,153.81,156.47,153.24,156.45,1778398
1447770600,157.35,159.92,157.02,158.89,2500021
1447857000,158.89,161.4,157.825,161.25,2152039
1447943400,161.69,163.2,161.44,162.83,2959265
1448029800,164.16,164.47,162.75,163.1,2051047
1448289000,163.53,163.9,162.73,163.45,1174280
1448375400,162.26,163.92,161,162.19,2799458
1448461800,162.04,162.9956,161.14,162.39,1828003
1448634600,163.11,164.41,162.49,163.58,866279
1448893800,164.17,164.44,160.79,161.42,3063831
1448980200,162.02,163.04,160.74,161.29,1939747
1449066600,161.71,162.44,160.63,161.09,1585668
1449153000,164.51,166.1,163.31,163.67,3439954
1449239400,164.12,167.24,164.01,166.8,2578560
1449498600,167.33,167.4999,165.55,167.12,2791904
1449585000,166.74,169.73,165.87,168.87,3158481
1449671400,162.72,163.89,158.22,159.72,9527026
1449757800,160.93,163.41,160.611,161.86,3653253
1449844200,159.73,161.2,159.36,160.02,2511206
1450103400,160.09,161.88,159.41,161.84,2434039
1450189800,163.32,163.74,160.72,161.29,2378746
1450276200,161.95,163.2528,160,162.76,2196261
1450362600,162.44,163.58,160.6,160.68,1704232
1450449000,159.79,160.68,157.6,157.7,4295780
1450708200,158.81,159.43,157.33,159.39,1453487
1450794600,159.9,161.39,159.03,161.23,1742060
1450881000,162.43,162.43,160.78,161.71,1580959
1450967400,161.85,162.33,161.44,161.75,491044
1451313000,161.05,162.26,160.4,161.16,1124723
1451399400,161.9,163.23,161.5201,162.66,1169600
1451485800,162.96,163.45,162.51,162.71,889858
1451572200,162.08,164,161.5,161.5,1873399
1451917800,159.81,160.1,157.865,159.54,2640789
1452004200,160.17,161.228,159.45,159.93,2127674
1452090600,158.36,159.8,157.63,158.45,2033414
1452177000,154.85,157.06,153.55,154.82,3826032
1452263400,155.28,155.3,151.81,152.11,3156190
1452522600,152.3,155.96,152.12,154.72,2164781
1452609000,155.71,156.43,154.94,156.055,2215581
1452695400,155.97,156.02,151.88,152.12,2157501
1452781800,151.96,154.16,151.33,153.18,2281478
1452868200,149.29,151.52,148.25,150.39,2975372
1453213800,151.79,152,149.58,150.47,2242568
1453300200,148.46,150,144.91,148.82,3796826
1453386600,148.97,151.24,148.11,150.38,2212441
1453473000,152.18,153.71,151.65,153.69,2544068
1453732200,154.07,154.48,150.5545,150.78,1820623
1453818600,150.78,151.72,148.3001,148.5,2828570
1453905000,149.29,149.59,146.72,147.73,2189485
1453991400,148.55,149.97,147.81,149.59,2076251
1454077800,149.5,151.62,146.91,151.12,3221346
1454337000,150.84,152.19,150.19,151.25,2142044
1454423400,149.99,150.79,148.11,148.5,1931427
1454509800,149.28,149.98,145.45,146.7,2547038
1454596200,145,145.1378,141.79,143.28,5340490
1454682600,143.27,145.2,142.4,143.99,4079344
1454941800,142.74,147.55,141.62,147.02,3782043
1455028200,146.24,149.72,146.23,147.94,3228334
1455114600,149.37,150.17,147.58,148.05,2189557
1455201000,147.13,148.39,144.76,146.65,2198097
1455287400,147.98,149.27,147,148.65,1951826
1455633000,149.35,150.641,147.7,149.11,2186423
1455719400,149.75,151.98,148.91,150.91,2174598
1455805800,149.13,149.8397,146.82,148.65,2894302
1455892200,149,149.14,146.85,148.7,2471711
1456151400,149.63,150.18,148.49,150.06,2161275
1456237800,149.89,151.76,149.12,150.36,1850645
1456324200,150.03,154.4099,149.6585,153.87,2590074
1456410600,154.69,154.88,152.86,154.72,1746889
1456497000,153.09,153.41,148.76,149.68,3800789
1456756200,149.99,152.3,149.69,150.03,3123546
1456842600,150.4,151.2,149.38,150.52,2681404
1456929000,151.13,152.95,150.39,152.79,2947574
1457015400,148.56,151.9595,147.38,151.6,5552633
1457101800,151.74,151.769,150.03,150.9,2155572
1457361000,149.96,150.89,147.6,148.17,3165743
1457447400,147.66,151.92,147.1,150.95,3156267
1457533800,151.35,153.5,151.31,153.05,2395294
1457620200,153.21,154.69,151.05,152.87,1413364
1457706600,153.85,153.9999,151.4,152.71,1829936
1457962200,152.26,153.3,151.65,152.67,1218407
1458048600,151.8,154.42,151.8,154.18,1399036
1458135000,153.7,155,152.63,154.06,1485483
1458221400,153.82,154.74,153.59,153.84,1583525
1458307800,154.58,154.7,152.77,153.15,3611696
1458567000,152.82,154.35,152.47,153.94,1367376
1458653400,153.21,153.805,152,152.23,1943110
1458739800,152.18,153.93,151.64,153.51,2127269
1458826200,153.24,154.08,150.85,151.43,2506494
1459171800,151.8,153.94,151.78,152.67,1767422
1459258200,152.77,155.46,152.52,155.26,1655948
1459344600,155.91,158.24,155.65,157.6,2642666
1459431000,157.96,159.8,157.52,157.58,2692398
1459517400,157.87,159.087,157,158.25,1531803
1459776600,158.68,158.99,156.4601,157.73,1458737
1459863000,157.89,158,155.715,155.99,1855613
1459949400,155.81,157.41,155.22,156.77,1572623
1460035800,154.42,154.58,151.48,152.03,4050063
1460122200,152.98,152.98,150.92,151.65,2008484
1460381400,151.34,151.94,148.965,149.05,2278997
1460467800,149.6,150.68,148.51,150.52,2268547
1460554200,151.57,152.08,150.59,151.88,2079230
1460640600,152.59,152.91,151.14,151.4,2419999
1460727000,151.96,153.81,151.839,153.17,2675923
1460986200,152.78,153.71,152.27,153.3,1335762
1461072600,153.78,153.9,152.49,153.68,1579018
1461159000,153.72,153.89,152.6,152.74,1308764
1461245400,152.49,152.735,150.69,151.42,2097632
1461331800,151.05,151.81,149.36,149.92,2233857
1461591000,149.98,151.68,149.47,151.51,1248994
1461677400,152.08,153.45,151.67,152.6,1552867
1461763800,152.24,152.509,150.6,151.77,1492820
1461850200,152.01,153.65,151.14,151.44,2198415
1461936600,150.01,150.98,147.46,148.13,3588825
1462195800,148.76,151.42,147.75,150.93,3361454
1462282200,150.08,152.53,149.6,151.41,2201284
1462368600,150.12,152,149.44,151.51,2111578
1462455000,148.98,150.38,146.37,147.84,4869255
1462541400,147.06,147.5,144.74,146.44,3692230
1462800600,146.83,148.968,146.51,148.59,2843904
1462887000,149.38,149.98,148.75,149.56,1943901
1462973400,148.39,148.69,146.58,147.12,2812658
1463059800,147.32,147.77,146.32,146.72,2860594
1463146200,146.33,146.72,144.3,144.5,2993616
1463405400,144.5,146.58,143.4,145.79,2614957
1463491800,145.5,146.24,143.22,143.6,2928857
1463578200,140.18,141.66,138.57,141.29,5716998
1463664600,142.45,143.08,141.42,142.7,2830546
1463751000,142.73,143.5,142.02,142.69,2089035
1464010200,142.84,144,141.91,142.01,1828386
1464096600,142.57,143.48,142.38,142.57,2813053
1464183000,142.62,145.68,142.51,144.54,4166923
1464269400,149.01,153.88,147.7,149.71,7679440
1464355800,150.24,150.77,148.11,149.08,3349772
1464701400,149.57,149.88,147.63,148.77,3738873
1464787800,150.5,153,150.32,152.52,3487293
1464874200,150.05,151.51,148.55,151.51,3957636
1464960600,150.3,151.78,150.27,151.71,1964223
1465219800,151.83,152.49,151.7111,152.24,1962091
1465306200,152.08,153.85,151.9001,152.62,2113045
1465392600,152.68,153.47,152.05,153.37,1528305
1465479000,153,154.14,152.92,154.05,1812097
1465565400,153,155.15,152.94,154.87,3266487
1465824600,154.76,155.96,154.5652,154.95,2576602
1465911000,154.55,156.36,153.57,155.87,3274725
1465997400,155.7,156.78,154.66,154.86,2228482
1466083800,154.86,156.5,154.11,156.42,1937877
1466170200,157.03,157.25,155.76,155.89,2858208
1466429400,157.38,158.38,156.45,156.48,2091170
1466515800,157.07,157.9,156.66,157.2,1909688
1466602200,157.61,158.42,157.16,158.12,2094764
1466688600,158.6,158.79,156.34,157.03,2912400
1466775000,153.16,157.6899,153.1,155.56,3996146
1467034200,154.24,154.93,152.55,154.26,2794208
1467120600,154.66,155.93,153.71,155.6,2156326
1467207000,156.44,157.28,155.89,157.08,1942864
1467293400,156.96,157.82,155.5,157.04,3091123
1467379800,157.19,157.19,155.4,156.11,2317430
1467725400,156.08,156.15,154.7003,155.25,2807408
1467811800,155.2,156.55,154.67,156.01,2133816
1467898200,158.33,164.16,158,163.7,6497912
1467984600,164.84,166.1,164.49,165.44,3932031
1468243800,165.06,167.49,165.06,166.72,2634273
1468330200,166.49,166.9225,165.8201,166.28,1644614
1468416600,167,167.185,166.02,166.78,1479772
1468503000,167.15,168,166.28,166.94,2150083
1468589400,167.44,167.44,165.6,166.41,1962460
1468848600,166.56,167.86,165.92,167.51,1993806
1468935000,167.5,168.5631,167.39,168.12,1487776
1469021400,168.25,168.26,166.95,168.04,1336877
1469107800,167.43,167.75,166.3,167.05,1384561
1469194200,167.68,167.6999,166.96,167.47,1335064
1469453400,167.17,168.2,166.4,167.97,1732226
1469539800,167.6,168.82,166.7,167.57,1593919
1469626200,167.16,167.5,165.75,166.15,1439996
1469712600,166.26,166.86,165.8,166.35,1866549
1469799000,166.64,167.68,166.38,167.22,1359664
1470058200,167.15,168,166.9,167.56,986769
1470144600,167.07,167.54,164.59,166.5,2107487
1470231000,165.92,166.33,165.1,166.12,1837821
1470317400,166.04,167.74,165.89,166.55,1638320
1470403800,166.86,168.33,166.08,167.7,1526578
1470663000,167.25,167.55,166.47,167.4,1294445
1470749400,167.74,168.6,166.88,167.86,1286679
1470835800,167.44,168.5,167.05,168.29,1104292
1470922200,169.11,169.59,167.33,167.88,1498052
1471008600,167.16,169.41,167.16,169.04,1399053
1471267800,169.04,169.27,168.59,168.73,918631
1471354200,167.88,168.8,167.88,168.41,1022989
1471440600,167.45,168.36,166.92,167.96,1382531
1471527000,168.42,168.71,167.2,167.75,1353380
1471613400,167.21,168.33,167.1,168.02,1764785
1471872600,168.34,168.69,167.62,167.94,954979
1471959000,168.09,168.45,167.31,167.36,1004399
1472045400,167.14,167.88,166.76,167.57,1363847
1472131800,167.2,167.41,164.64,164.86,1817656
1472218200,165.39,165.645,163.47,163.93,2009899
1472477400,164.47,164.835,163.4,163.98,1819224
1472563800,164.07,164.28,161.74,161.96,2010862
1472650200,161.87,162.57,161.15,162.09,1933921
1472736600,159,159,155.54,156.21,6038471
1472823000,156.81,159.28,156.8,157.98,2678993
1473168600,158.13,158.15,156.02,158.06,2716916
1473255000,157.64,157.87,155.4,155.64,2984148
1473341400,155.19,155.4899,152.94,153.47,2993129
1473427800,152.59,152.79,150.7,150.7,2993874
1473687000,150.5,151.99,150.26,151.69,2982397
1473773400,151.18,151.58,150.07,150.74,2148605
1473859800,150.71,152.25,150.2,150.69,2218020
1473946200,150.72,152.97,150.11,152.67,2304866
1474032600,151.96,152.66,151.14,152.35,2841961
1474291800,152.13,153.03,151.6,151.79,1321281
1474378200,152.43,152.71,151.67,152.17,1396739
1474464600,152.59,152.9,151.25,152.7,1535134
1474551000,153.03,154.28,152.68,153.15,2502180
1474637400,153.15,153.77,152.17,152.53,2282062
1474896600,152.08,152.28,151.01,151.19,1862192
1474983000,151.42,151.77,150,150.45,2569036
1475069400,150.6,150.67,148.94,149.41,2626347
1475155800,149.19,149.69,147.2,147.49,4501330
1475242200,151.79,154.85,151.6,152.51,7318123
1475501400,152.22,152.2504,150.32,151.01,3197870
1475587800,151.47,151.62,149.49,150.48,2840515
1475674200,150.63,150.92,149.83,149.98,2377677
1475760600,150.23,150.64,149,149.47,2465730
1475847000,149.77,150.19,148.79,149.99,2282456
1476106200,150.35,150.85,149.75,150.28,1587748
1476192600,149.67,151.14,149.515,151.01,2596769
1476279000,150.97,151.49,150.39,150.46,1664505
1476365400,149.93,151.34,149.72,150.22,1795261
1476451800,150.18,151,149.28,150.15,1745010
1476711000,150.08,150.2,148.63,148.7,1988411
1476797400,149.51,149.62,148.41,149.11,1847783
1476883800,150.7,151.32,149.31,149.45,1812698
1476970200,149.85,150.78,149.6,150.04,2251749
1477056600,149.51,150.29,148.5,148.97,2188029
1477315800,149.35,152.317,149.29,152.12,2432848
1477402200,149.9,151.97,149.9,150.99,2060648
1477488600,150.35,151.41,150.28,150.98,2246137
1477575000,150.83,151.46,149.82,150.86,1993467
1477661400,150.44,150.86,149.38,149.76,1843867
1477920600,148.89,149.35,147.1,147.87,3239395
1478007000,148.48,148.63,146.3805,146.66,2112003
1478093400,146.43,147.34,146.12,146.27,2260450
1478179800,146.7,146.7,144.14,144.45,2168211
1478266200,143,145,142.11,142.24,2702134
1478529000,143.38,143.655,142.75,143.54,3010110
1478615400,143.89,146.63,143.8,146.09,3506032
1478701800,143.54,147.39,143.54,146.79,3170343
1478788200,147.06,150,146.61,146.7,3944245
1478874600,146.61,149.62,145.38,149.36,3218641
1479133800,150.92,152.1385,149.5,152,3891171
1479220200,151.98,152,150.29,151.15,2799914
1479306600,152.19,152.55,151.7975,152.14,2152344
1479393000,151.23,151.4,149.55,151.2,2098730
1479479400,150.84,151.2,149.52,150.36,2020489
1479738600,150.55,151.29,150.1228,151.17,1181701
1479825000,151.93,153.0499,151.21,152.67,1954907
1479911400,152.75,153.34,151.18,151.6,2166990
1480084200,151.89,153.42,151.71,151.88,886780
1480343400,151.05,152.43,151.01,151.25,1733530
1480429800,151.62,152.2219,151.33,151.48,1496879
1480516200,151.13,151.535,150.07,150.11,2750474
1480602600,150.11,152.88,150.11,151.74,2305596
1480689000,151.99,152.87,151.43,152.09,1829242
1480948200,152.09,152.225,150.78,151.77,2432110
1481034600,151.85,152.08,150.42,151.01,2245402
1481121000,150.6,153.91,150.48,153.85,2811286
1481207400,156.64,160.9,156.6,157.59,5504300
1481293800,157.28,159.83,157.26,159.7,2615294
1481553000,158.6,161.28,158.56,160.33,2299179
1481639400,160.85,162.035,159.14,159.77,3583322
1481725800,160.05,160.45,158.25,158.99,2119086
1481812200,159.35,161.5,159.07,160.11,1811162
1481898600,160.49,161.25,159.85,160.41,3767084
1482157800,162.01,164.53,161.65,163.46,3231875
1482244200,164.32,164.95,163.5,163.86,2204617
1482330600,163.6,164.03,163.02,163.04,1313424
1482417000,163.66,163.67,161.92,162.07,1965917
1482503400,162.17,162.67,161.53,162.08,1254371
1482849000,162.06,162.76,161.8,162.05,1301070
1482935400,162.02,162.85,160.55,161.01,1280986
1483021800,160.65,161.44,160.648,161.13,858206
1483108200,160.89,160.99,159.67,160.11,1472312
1483453800,160.65,160.99,158.51,159.73,2099205
1483540200,159.8,160.49,158.94,159.76,2163631
1483626600,160.95,163.35,160.63,162.91,2880900
1483713000,162.67,162.95,161.13,162.83,2167715
1483972200,162.33,162.48,160.72,160.97,2318383
1484058600,160.58,162.41,160.51,161.66,1477863
1484145000,161.47,162.38,160.35,161.54,1378330
1484231400,161.35,161.96,160.67,161.87,1297557
1484317800,161.99,162.13,161.35,161.86,1250214
1484663400,161.85,164.25,161.67,163.81,2430482
1484749800,163.65,164.38,162.59,164.27,1834736
1484836200,164.18,164.8,163.56,163.7,1980659
1484922600,164.39,164.77,163.23,164.24,1897120
1485181800,164.05,164.35,162.17,163.01,1421632
1485268200,163.23,163.82,162.9598,163.67,1347570
1485354600,164.2,164.75,163.9,164.14,1299357
1485441000,164.34,164.44,163.4,164.07,1180784
1485527400,164.56,164.58,160.71,162.06,2341141
1485786600,162.03,163.29,160.6,163.25,2149765
1485873000,162.49,164,162.35,163.95,1796595
1485959400,163.84,163.95,161.81,161.86,2219682
1486045800,166.84,168.88,166.155,168.15,5816346
1486132200,167.72,168.84,167.151,168.32,3227690
1486391400,168.18,168.18,166.71,167.03,2172824
1486477800,167.53,168.08,166.53,167.52,2732596
1486564200,167.5,168.57,167.5,168.42,2089921
1486650600,168.45,171.415,168.17,170.96,2606898
1486737000,171.65,172.27,170.27,172,2070000
1486996200,172.49,172.49,170.78,171.96,2272213
1487082600,171.66,173.64,171.55,173.63,2245114
1487169000,173.18,175,173.0601,175,2346540
1487255400,175.1,175.83,174.505,175.75,2206751
1487341800,175.47,176.5,174.48,175.86,2425236
1487687400,176.55,177,176,176.94,2317024
1487773800,177.07,177.09,175.07,176.51,1815426
1487860200,176.52,177.04,175.21,175.85,2600432
1487946600,175.22,177.71,175.12,177.56,1684258
1488205800,177.33,177.85,176.55,177.62,2340564
1488292200,176.95,177.87,175.48,177.18,2992097
1488378600,177.37,178.71,177.22,177.86,2352299
1488465000,177.5,178.25,176.51,177.98,3190310
1488551400,170.7,171.89,169.9,170.26,10399047
1488810600,169.41,170.33,166.11,166.73,5793596
1488897000,166.54,168.62,166.54,167,2811856
1488983400,167,167.41,166.16,166.24,2375904
1489069800,166.4,166.79,165.12,165.77,1993723
1489156200,166.49,166.5,164.98,165.37,2164241
1489411800,164.85,165.1053,164.3,164.55,2127879
1489498200,164.21,165.32,164.1,165.24,1974401
1489584600,165.57,166.54,164.83,166.54,2079730
1489671000,166.78,167.67,166.26,167.06,2726624
1489757400,168.06,168.35,167.07,167.81,3975994
1490016600,167.76,168.29,166.8,167.44,1603258
1490103000,167.51,168.8,166.65,166.78,2241868
1490189400,167.32,167.97,167.04,167.68,1534161
1490275800,168,168.42,166.43,166.9,1430521
1490362200,167.37,167.4609,165.66,166.02,1410390
1490621400,165.53,166.32,165.32,166.15,1212535
1490707800,166.11,167.05,165.15,166.77,1446649
1490794200,166.28,167.48,166.15,167.43,1216685
1490880600,167.3,168.18,166.76,167.89,1034268
1490967000,167.59,168.165,167.13,167.69,1720611
1491226200,167.74,168.3,166.4,166.7,1547889
1491312600,166.6,167.32,166.11,167.25,1322382
1491399000,167.29,168.4,166.72,167,1715970
1491485400,169.68,172.11,169.3064,170.02,3313816
1491571800,169.7,171,169.43,170.62,1510009
1491831000,170.2,171.57,169.85,171.22,2002257
1491917400,170.79,171.44,169.63,170.63,1191415
1492003800,171.43,171.45,169.69,170.17,1422322
1492090200,170.05,170.62,168.8,168.84,1422469
1492435800,168.77,169.75,168.71,169.7,1504237
1492522200,170.05,170.32,169.47,170.13,1542663
1492608600,170.88,170.93,169.82,170.06,1441284
1492695000,170.33,171.18,169.95,170.15,1933527
1492781400,171.52,171.8842,170.64,170.77,2257925
1493040600,172,172.61,171.33,172.33,1906902
1493127000,172.91,173.04,172.29,172.68,1406426
1493213400,178.05,178.27,175.42,176.8,4591294
1493299800,177.32,177.79,176.4198,177.45,2148728
1493386200,178.07,178.07,176.93,177.52,2364453
1493645400,178.5,178.5,177.33,177.86,3327999
1493731800,178.72,178.935,177.94,178.59,2505281
1493818200,178.74,180.46,178.7,179.82,2900509
1493904600,180.05,183.18,180,182.45,3762176
1493991000,182.77,182.92,179.76,180.2,3713637
1494250200,174.66,174.7,171.6,172.64,3537972
1494336600,173.61,173.92,172.31,172.68,2662097
1494423000,172.03,172.085,170.66,171.35,2554451
1494509400,170.78,171.55,170.1,171.26,2106222
1494595800,171.29,171.85,170.32,170.88,1586827
1494855000,170.3,171.98,170.3,171.57,1734244
1494941400,171.96,171.96,170.63,171,1129191
1495027800,170.66,171.5,169.06,169.15,2202200
1495114200,170.08,171.02,169.69,170.72,1589679
1495200600,171.35,172.43,170.81,171.64,1871760
1495459800,172.24,173.24,171.63,172.4,1594088
1495546200,172.97,173.54,172.32,172.47,1788090
1495632600,172.95,173.13,171.8,173.01,1426542
1495719000,173.47,175.05,173.3,174.73,2726932
1495805400,180.25,180.34,177.52,177.86,4471282
1496151000,177.68,179.3906,177.5,178.92,2086293
1496237400,179.24,180.47,178.78,180.43,2456666
1496323800,180.81,181.1,179.86,180.63,2028321
1496410200,180.58,181.25,179.87,180.97,2239915
1496669400,181.1,182.21,180.6,182.08,1561084
1496755800,181.7,182.715,181.01,181.45,2248876
1496842200,181.44,182.24,181.135,182.2,1246183
1496928600,181.92,182.5,180.84,181.41,1823550
1497015000,181.71,181.93,179.92,180.38,2167587
1497274200,179.58,180.87,178.79,179.64,2395166
1497360600,179.9,180.79,179.03,180.51,1745411
1497447000,180.83,181.96,180.23,181.67,1440439
1497533400,180.39,181.33,178.37,180.06,1754352
1497619800,170.4,170.6,165,167.11,24232985
1497879000,167.05,167.3827,162.39,164.34,13809120
1497965400,165.5,165.5,162.43,162.9,7337590
1498051800,163.49,163.77,162.75,163.15,3421726
1498138200,163.17,163.3,159.01,159.79,8043063
1498224600,159.4,159.8,156.56,157.13,9506672
1498483800,158.15,160.99,158.1,160.2,6473925
1498570200,160.66,161.55,159.2,159.26,5533814
1498656600,159.59,160.5,159.5,160.17,3234405
1498743000,160.21,160.47,157.8,158.68,3664213
1498829400,159.6,160.539,158.79,159.93,4755064
1499088600,160.21,160.53,158.69,158.82,1995074
1499261400,158.93,159.5,157.86,158.02,3770401
1499347800,161.11,161.35,157.05,157.09,6963416
1499434200,157.36,157.55,154.09,154.11,7688368
1499693400,153.51,153.6,150.96,151,8999843
1499779800,151.45,153.09,150.93,151.11,6275636
1499866200,151.46,152.9,151.42,151.75,5112183
1499952600,153.23,153.928,152.62,153.6,5673513
1500039000,154.26,154.27,152.9,153,4368387
1500298200,153,153.44,152.52,152.84,3096922
1500384600,152.61,152.84,150.936,151.5,3256881
1500471000,151.81,152.16,150.9,151.24,4099995
1500557400,151.47,152.19,150.88,150.99,3207388
1500643800,150.94,151.23,150,150.44,4078020
1500903000,150.45,151.47,150.11,151,3655550
1500989400,151.41,153.6999,151.4,153.17,4605705
1501075800,153.41,153.5,151.55,152.09,3017166
1501162200,152.01,152.985,151.44,152.52,3637864
1501248600,152.67,153.3,152.11,152.89,2779452
1501507800,153.08,158.66,153.03,158.51,6937092
1501594200,159.1,159.97,157.905,159.72,4787491
1501680600,159.13,161.55,158.44,161.28,5486333
1501767000,161.61,162.35,157.06,157.91,5562577
1501853400,158.34,158.439,155.83,156.44,3117944
1502112600,156.5,157.58,155.34,156.95,2629519
1502199000,157.1,159.44,157.03,157.75,2569248
1502285400,157.14,157.57,156.2,156.86,2157557
1502371800,156.17,157.57,155.37,156.64,2764579
1502458200,156.51,157.8,156.41,156.65,1886996
1502717400,157.59,158.2,156.54,157.91,2028894
1502803800,158,158.383,156.787,156.88,1869104
1502890200,157.28,159.88,157.11,159.76,3381849
1502976600,158.48,159.95,157.6395,158.57,2649982
1503063000,157.98,158.69,156.92,157.08,2747925
1503322200,157.19,158.17,155.955,157.07,1857308
1503408600,157.53,159.45,157.53,158.7,2204553
1503495000,158.62,159.44,157.78,159.37,1731439
1503581400,160,160.66,151.09,151.33,10301697
1503667800,152.37,152.94,150.06,152.45,5703470
1503927000,151.9,153.28,151.2,152.55,3776438
1504013400,152.38,153.99,151.46,153.56,2446201
1504099800,153.71,154.74,152.88,154.44,2493492
1504186200,156.22,157.26,153.95,156.74,4567709
1504272600,157.59,158.55,157.2,158.24,2833724
1504618200,157.96,159.72,157.47,159.14,3414549
1504704600,159.19,159.94,158.09,158.86,2873710
1504791000,158.97,159.6,157.571,159.28,2479292
1504877400,158.37,158.5,155.03,157.31,3364570
1505136600,157.89,158,157.06,157.36,2442453
1505223000,157.67,160.6464,157.451,160.04,2988434
1505309400,160.14,163.95,160.0058,162.99,4202017
1505395800,162.68,162.68,161.64,162.37,2493321
1505482200,162.24,162.6688,161.7,162.3,3757799
1505741400,162.18,163.46,160.76,160.91,2047121
1505827800,160.96,161.66,159.95,161.56,1790775
1505914200,161.51,163.04,161.26,162.85,2432302
1506000600,162.93,162.93,160.4,161.48,1738809
1506087000,160.9,162,160.37,161.29,1535895
1506346200,160.83,162.7,160.52,162.33,1799953
1506432600,162.71,164.73,162.59,164.07,2370441
1506519000,164.49,165.315,163.38,164.42,2053131
1506605400,164.47,164.949,163.54,163.9,1730860
1506691800,163.9,165.07,163.76,164.29,1852282
1506951000,164.92,166.42,164.29,165.89,2267689
1507037400,166.32,167.29,165.03,165.08,2839448
1507123800,165.23,165.93,164.691,165.21,1918560
1507210200,165.86,167.12,165.25,167.07,4715438
1507296600,159,159.46,156.54,157.09,18001179
1507555800,157.01,157.75,154.11,154.61,7028795
1507642200,155.67,157.36,155.08,156.87,5420155
1507728600,157.3,158.96,157.06,157.87,3859269
1507815000,157.87,157.99,156.36,157.22,3596284
1507901400,157.42,160.08,157.09,159.85,3634493
1508160600,159.38,159.8,158.32,158.81,2454072
1508247000,159,159.27,157.57,158.38,2426824
1508333400,158.84,158.84,157.305,157.55,3011277
1508419800,157.14,158.7599,157.0032,158.46,2981719
1508506200,158.97,161.01,158.51,160.77,3993227
1508765400,160.85,162.39,160.58,162.04,2811210
1508851800,161.16,162.89,161,162.29,3040729
1508938200,161,163,160.58,162.18,3604739
1509024600,162.46,163.55,160.79,162.46,3038865
1509111000,160.8,162.68,160.7,162.38,3400493
1509370200,161.99,162,159.47,160.23,2551151
1509456600,159.84,161.27,159.717,161.08,2513630
1509543000,161.97,163.29,161.29,162.69,2129364
1509629400,163.73,165.55,162.61,164.95,3255662
1509715800,164.16,167.0697,163.78,166.44,3112975
1509978600,165.8,166.5878,164.98,165.05,1917296
1510065000,165.2,166.5,164.6,166.28,1944164
1510151400,166.63,169.19,166.02,169.05,3494941
1510237800,167.48,169.31,167.05,169.11,2094015
1510324200,168.44,171.38,168.0752,171.36,2673095
1510583400,171,173.09,170.65,171.46,4093280
1510669800,170.82,171.83,169.77,171.44,1774662
1510756200,169.3,170.73,167.055,169,2439925
1510842600,170.23,171.34,169.16,170.98,2342744
1510929000,171,172.2,170.65,170.98,2100618
1511188200,171.11,172.53,170.85,172.28,1955033
1511274600,172.96,174.19,172.55,173.42,2360153
1511361000,173.84,174,171.1,172.48,1950086
1511533800,172.38,173.159,171.5,171.62,789388
1511793000,172.25,173.06,171.12,172.61,2346837
1511879400,173.32,174.18,172.55,173.65,2728382
1511965800,174,177.74,173.545,177.53,4682987
1512052200,180.43,184.9,180.22,184.43,7716593
1512138600,183.26,185.18,181.13,185.13,4034387
1512397800,187.22,189.88,186.56,189.56,5774191
1512484200,189.67,191.22,186.85,187.82,3182807
1512570600,187.62,187.975,185.51,187.22,3569152
1512657000,186.51,187.8,185.5601,186.2,2240848
1512743400,186.79,188.53,185.945,188.07,1772511
1513002600,188.21,188.9,187.04,188.86,1964094
1513089000,186.96,189.12,186.8,188.3,3365734
1513175400,188.53,190.12,187.8,188.28,3062856
1513261800,188.58,189.736,186.17,186.53,3743192
1513348200,193.41,195.35,192,192.73,8452891
1513607400,192.63,194.35,191.9,192.31,3492340
1513693800,192.91,193,187,188.33,3959865
1513780200,189.04,189.2593,185.4,187.51,3894399
1513866600,188,188.4,186.58,186.8,1908149
1513953000,187.27,187.48,185.97,186.63,1078310
1514298600,186.19,187.34,186.12,186.55,1120442
1514385000,186.85,187.06,185.8,186.3,1175219
1514471400,186.57,187.02,186.185,186.62,1017572
1514557800,186.46,187.6,185.93,186.12,2028358
1514903400,187.23,190.68,186.74,188.32,2509344
1514989800,188.82,192.1,188.38,190.58,3364378
1515076200,192,192.3,187.561,189.1,3525786
1515162600,189.43,189.68,186.72,187.75,2819026
1515421800,187.32,188.979,187.25,188.48,1962275
1515508200,189.01,189.3,186.15,186.29,2241908
1515594600,185.75,186.24,183.881,185.42,2609522
1515681000,185.43,190.67,185.03,189.38,4678618
1515767400,190.1,192.179,190,191.84,3499538
1516113000,192.35,192.84,190.89,191.53,2006574
1516199400,192.53,192.56,191.34,192.29,2585195
1516285800,192.23,193.03,191.22,191.51,1907960
1516372200,191.71,192.64,191.16,192.29,2353839
1516631400,192.5,194.76,192.06,194.38,3009122
1516717800,193.61,194.1,192.07,193.42,2316444
1516804200,194.43,194.75,191.925,194.24,2799224
1516890600,195,198.45,194.735,197.95,3558701
1516977000,197.75,199.23,195.69,198.91,2756240
1517236200,198.37,199.88,197.56,198.32,2031082
1517322600,197.59,198.79,196.08,197.91,2285040
1517409000,197.44,198.4747,194.1,194.87,2682299
1517495400,193.41,195.4,192.44,193.47,2096563
1517581800,191.25,193.6,190.8,190.99,2386573
1517841000,190.66,192.1,182.525,182.77,3407221
1517927400,178.91,185.24,176.2,185.01,4067910
1518013800,184.6,186.19,183.07,183.19,2594822
1518100200,184.51,184.51,178.53,178.61,3013199
1518186600,179.78,182.07,175.79,180.72,2777218
1518445800,181.84,183.259,180.38,181.06,1596154
1518532200,180.22,184.6,180.05,184.15,2123884
1518618600,182.71,188.48,182.31,187.35,2190997
1518705000,188.09,191.71,186.57,191.48,2072861
1518791400,191.45,194.62,191.04,191.56,1970118
1519137000,189.87,191.48,187.63,188.12,2202139
1519223400,188.53,189.14,185.69,185.75,1747191
1519309800,186.35,188.33,185.66,186.59,1360115
1519396200,187.83,189.85,185.91,189.81,1561698
1519655400,190.1,193.095,189.93,192.81,1852410
1519741800,193.45,195.52,190.1,190.1,2170354
1519828200,191.6,193.76,190.89,190.9,2179803
1519914600,191.31,192.99,187.32,189.03,2447672
1520001000,187.48,190.39,187.2162,189.33,2275923
1520260200,188.45,191.98,187.5,191.48,2155785
1520346600,192.14,192.25,190.0699,191.46,2458710
1520433000,189.21,189.75,184.78,187.36,5157114
1520519400,186.19,186.3468,183.08,185.69,6061513
1520605800,186.5,188.64,184.22,188.58,3288116
1520861400,188.27,190.099,187.55,189.37,2394059
1520947800,190.05,190.12,186.8,187.46,1964324
1521034200,188.78,189.01,183.5,184.63,2865997
1521120600,184.82,186.57,184.16,185.51,1811346
1521207000,186.18,186.25,184.47,185.87,3569415
1521466200,185.63,185.98,182.81,184.15,2493194
1521552600,185.1,187.58,184.6,187.35,1852528
1521639000,186.83,187.89,186.06,186.07,2048277
1521725400,184.9,185.5464,182.503,182.64,2489798
1521811800,183.28,184.45,180.83,180.84,2351798
1522071000,183.03,187.56,182.335,187.22,2036617
1522157400,187.44,187.66,182.06,183.15,2495310
1522243800,183.61,184.62,181.23,183.61,2168656
1522330200,184.74,188.64,184.41,188.43,3015962
1522675800,186.91,186.91,181.05,182.75,3599186
1522762200,183.53,184.17,181.35,182.61,2287002
1522848600,181.13,186.35,180.94,185.52,2111406
1522935000,186.7,187,184.93,186.25,1933629
1523021400,185.34,187.25,183.1,183.96,2259047
1523280600,185.2,187.4,183.5,184.41,1946009
1523367000,185.75,185.97,182.17,183.55,2527526
1523453400,182.25,186.37,182.22,184.65,1697263
1523539800,185.5,190.04,185.4948,188.82,2841623
1523626200,189.81,189.83,187.01,188.91,1744406
1523885400,191.84,195.8,191.38,194.58,3026826
1523971800,195.66,196.88,194.73,196,2160451
1524058200,196.3,197.766,196.12,196.51,1663116
1524144600,196.16,196.4,193.5001,195.07,2427563
1524231000,194.43,195.67,192.75,193.56,2252819
1524490200,193.81,194.38,192.26,193.35,1618030
1524576600,194.54,195.36,191.15,192.51,1598903
1524663000,192.23,194.67,191.39,193.97,1311650
1524749400,194.12,196.44,193.34,195.26,1445836
1524835800,194.95,196.92,194.53,196.58,1563272
1525095000,197.1,199.04,196.3852,197.16,2164979
1525181400,196.49,197.08,193.5149,196.55,1413235
1525267800,195.48,195.58,192.45,194,2498065
1525354200,193.916,193.99,190.18,193.01,1815453
1525440600,192.84,196.4,191.28,195.19,1704452
1525699800,195.78,195.795,192.21,193.06,2361852
1525786200,192.99,195.2,192.42,194.48,1908637
1525872600,194.15,196.42,193.15,196.04,1999075
1525959000,196.05,196.93,194.2,195.45,1874181
1526045400,195.33,195.98,194.57,195.76,1296311
1526304600,195.96,197.27,195.42,195.88,1440877
1526391000,194.76,196.7,193.26,195.48,2319581
1526477400,196.07,199.35,195,198.71,2163192
1526563800,199.06,201.35,197.89,199.6,2391034
1526650200,199.5,199.52,197.7801,198.96,1624611
1526909400,199.6,201.34,199.09,199.62,1202798
1526995800,199.7214,201.77,198.83,198.97,1563655
1527082200,199.09,199.09,196.771,198.14,1635092
1527168600,198.29,199.09,196.82,198.89,1176296
1527255000,198.89,200.22,197.82,198.36,1330952
1527600600,198.1,198.84,196,196.74,2298069
1527687000,198.16,200.53,197.75,199.64,2390862
1527773400,200.22,200.6972,197.7,198.24,4822787
1527859800,195.45,198.99,195,197.13,4056435
1528119000,197.32,199.04,197.2501,198.62,1870566
1528205400,199.22,199.35,196.99,197.84,1868462
1528291800,198.01,198.4,196.7,197.66,2066880
1528378200,200.5,202.88,199.41,202.57,2734952
1528464600,201.51,204.0139,201,203.76,2052538
1528723800,203.76,204.89,203.42,204.5,1684839
1528810200,204.25,205.08,203.23,204.88,1384769
1528896600,204.92,205.83,203.21,204.11,1665822
1528983000,204.87,205.73,204.29,205.12,1685010
1529069400,205.4,207.67,204.57,207.32,3879641
1529328600,206,208.11,205.15,206.21,1975036
1529415000,204.9,207.81,204.622,207.53,1940614
1529501400,207.76,208.585,206.96,207.98,1527724
1529587800,208.17,211.11,208,209.96,1825824
1529674200,210.37,211.77,210.02,211.1,1738640
1529933400,210.01,212.08,209.97,211.75,2398551
1530019800,212.38,212.46,209.97,210.09,2276654
1530106200,210.5,212.42,209.61,210.03,2211658
1530192600,210,211.185,208.05,208.71,1826827
1530279000,209.66,210.53,208.32,208.98,2164570
1530538200,208.42,208.8244,206.0475,207.99,1876070
1530624600,208.53,209.91,206.9,207.12,842101
1530797400,208.2,209.29,207.55,209.14,1436725
1530883800,207.14,210.39,206.6583,209.62,1523193
1531143000,210.52,211.79,210,210.94,1738347
1531229400,210.99,212.7,210.83,211.7,1687801
1531315800,211.21,211.7758,209.97,210.95,1472787
1531402200,212.54,214.17,212.22,214.02,2221975
1531488600,214,216.64,213.71,216.54,1951183
1531747800,216.64,217.13,213.9,214.85,2078572
1531834200,214.06,216.155,214,215,2064776
1531920600,215.34,215.88,213.6,214.97,1869527
1532007000,214.46,218.2,214.03,217.54,2790767
1532093400,216.98,218.939,216.24,218.69,1797886
1532352600,219.88,220.46,218.2,218.84,1394347
1532439000,219.41,220.68,217.59,218.58,1453974
1532525400,217.61,220.82,217.37,220.7,1562432
1532611800,222,224.62,220.82,221.72,1820005
1532698200,222.31,222.5,218.76,219.65,1596914
1532957400,219.04,220.118,218.61,219.11,1292741
1533043800,219.69,220.065,218.33,218.71,1888516
1533130200,218.65,219.0989,216.251,217.13,1841316
1533216600,215.01,221.403,215.01,221.12,1904858
1533303000,221,222.62,221,222.03,1195653
1533562200,221.43,223.27,221.0112,222.72,1285660
1533648600,223.24,225.48,222.98,223.86,1428145
1533735000,222.86,224.88,222.24,224.58,2015845
1533821400,221.62,222.35,216.9101,218.24,3637144
1533907800,218.14,221.7202,217.75,220.31,2830841
1534167000,221.03,221.58,219.06,219.56,1519026
1534253400,220.01,222.56,219.86,222,1450552
1534339800,220.72,222.11,218.77,221.67,1844066
1534426200,223.45,224.26,222.14,223.19,1657827
1534512600,222.33,225.88,222.15,225.68,1980933
1534771800,226,228.22,225.97,227.35,1783663
1534858200,229.49,230.1,227.7,228.54,2066671
1534944600,228.48,230.23,228.3819,229.21,1268080
1535031000,229,230.35,228.57,229.51,1338164
1535117400,230,232.06,229.6,231.28,1453290
1535376600,232.74,232.86,228.1,230.03,1904071
1535463000,230.94,231.83,229.84,230.26,1882143
1535549400,231.79,232,228.7345,230.19,1793792
1535635800,229.62,231.16,229.44,230.83,1272010
1535722200,230.21,233.52,230.21,233.13,1881346
1536067800,233.14,234.91,233.14,234.68,1858396
1536154200,234.57,236.17,233.2,235.61,2126027
1536240600,235.47,236.77,235.06,236.68,1853243
1536327000,237.31,242.95,237.2,241.46,2722823
1536586200,243,243.8042,242.115,243.18,2817471
1536672600,243.93,245.16,243.17,244.21,2185657
1536759000,245,245.12,242.23,242.44,1912116
1536845400,242.5,243.99,241.05,241.27,2078161
1536931800,239,239,234.47,235.38,3875326
1537191000,234.06,234.585,231.51,232,2884630
1537277400,231.98,235.47,231.7,234.35,2000248
1537363800,234.62,234.74,232.4217,233.85,1581403
1537450200,234.6,234.996,232.32,233.92,1910100
1537536600,234.37,235.84,234.01,234.76,3718002
1537795800,234.19,234.85,232.9,233.34,1530454
1537882200,234.03,234.66,232.73,232.93,1889791
1537968600,233.57,235.66,233.45,233.81,2008481
1538055000,233.7,235.67,232.34,234,1421368
1538141400,233.86,235.47,233.79,234.88,1602808
1538400600,235.81,236.53,234.43,234.65,1673068
1538487000,234.1,237.57,233.87,236.35,1647638
1538573400,236.62,237.31,232.73,233.2,2322277
1538659800,233.26,234,230.66,231.68,2862779
1538746200,225,227.06,217.79,218.82,7379026
1539005400,219.34,224.4999,219.2569,223.93,3863457
1539091800,224.15,225.15,222.56,224.17,2502767
1539178200,224.1,225,221.04,221.05,3021443
1539264600,222.91,225.32,220.93,221.82,3650928
1539351000,225.2,227.62,223.39,226.95,3130467
1539610200,226.25,226.94,224.25,224.51,2441901
1539696600,224.87,228.26,224.316,227.68,2541811
1539783000,228.45,228.88,225.51,228.49,2129262
1539869400,228.54,230.65,226.25,228.58,2624596
1539955800,228.9,230.63,228.72,229.67,2099838
1540215000,229.88,230.25,227.27,229.06,2007324
1540301400,227.07,229.26,223.82,228.75,2656674
1540387800,225.93,231.09,223.09,223.76,3100203
1540474200,224.06,227.59,222.84,226.4,2218870
1540560600,222.31,225,217,218.19,3995362
1540819800,219.75,224.89,218.75,222.42,3801401
1540906200,223.1,228.21,223.0104,227.92,2410593
1540992600,228.65,230.56,225.56,228.63,2674561
1541079000,228.18,230.8,227.54,229.6,2095039
1541165400,229.81,232.23,227.1787,230.16,2167412
1541428200,230.71,234.89,229.8,234.45,2513883
1541514600,235,237.49,234.1757,236.71,2101471
1541601000,238.75,240.88,236.935,240.37,2603891
1541687400,238.51,239.8,237.03,238.7,2140624
1541773800,237.97,240.26,237.07,237.74,2256718
1542033000,237.64,239.2,234.13,234.48,2301381
1542119400,234.75,236.42,232.77,234.14,1548087
1542205800,237.12,237.12,231.71,233.31,1896480
1542292200,232.32,232.65,227,229.94,2722281
1542378600,229.3,231.12,226.52,231.02,2822396
1542637800,231.61,233.5,227.81,228.74,1949496
1542724200,224.92,225,218.05,219.31,3704770
1542810600,220.56,222.03,217.45,218.57,2036736
1542983400,218.1,221.18,217.6596,220.06,1007476
1543242600,222.85,223.48,218.9,219.45,2205570
1543329000,219.37,223.12,218.38,223.01,2369826
1543415400,222.78,230.46,222.19,230.34,2765564
1543501800,229,231.59,228.36,231,1478742
1543588200,231.69,233.39,229.7,231.28,2764157
1543847400,230.72,232.2,228.21,232.08,2481489
1543933800,232.11,233.3,225.56,226.35,3418588
1544106600,227.94,233.86,226.6,233.2,4029790
1544193000,233.15,233.81,223.03,224.86,2881911
1544452200,224.54,225.2,219.11,222.66,2649984
1544538600,225.12,227.25,224,226.5,2466780
1544625000,228.35,230.45,227.07,227.8,2891394
1544711400,228.84,229.615,225.48,226.51,2170188
1544797800,218,219,205.51,207.06,8822269
1545057000,206.68,207.995,200.66,202.23,4739434
1545143400,203.09,204.6659,201.57,202.99,3308488
1545229800,203.5,207,199.86,201.41,3369592
1545316200,200.33,200.7,193.6753,197.13,4250942
1545402600,197.16,200.7,194.32,194.52,5080238
1545661800,193.9,195.3272,189.8,189.99,2031705
1545834600,190.82,198.78,189.51,198.63,3268831
1545921000,196.96,201.13,193.96,201.08,2705884
1546007400,201.82,204.95,199.59,202.04,2037917
1546266600,203.38,204.39,201.38,203.71,1729647
1546439400,200.5,205.1,199.85,204.76,2143091
1546525800,203.7,205.935,200.04,200.42,2877745
1546612200,203.08,207.93,201.45,206.24,2761611
1546871400,205.52,209.12,203.54,207,2226738
1546957800,208.65,209.08,204.18,208.55,2366493
1547044200,209.15,211.2182,207.92,209.9,1862926
1547130600,208.15,210.9,206,210.64,2340657
1547217000,210.04,211.25,209.31,210.51,1861225
1547476200,209.47,210.65,208.16,209,1523315
1547562600,210.04,211.34,209.08,211.03,1681846
1547649000,211.46,211.46,209.5,210.18,1455042
1547735400,209.87,211.65,209.65,211.46,1517058
1547821800,212.56,214.16,211.77,213.59,2115355
1548167400,213,215.555,210.8,212.4,3310793
1548253800,213,214.845,210,212.09,2220161
1548340200,212.39,212.39,208.9,210.31,1994413
1548426600,212.03,212.319,208.74,209.07,2252889
1548685800,208.68,210.79,207.31,210.77,1999432
1548772200,210.32,210.54,208.5668,210.31,1636487
1548858600,210.48,212.17,209.32,211.35,1590026
1548945000,211.14,214.88,209.72,214.63,4341129
1549031400,214,215,209.365,210.27,3453857
1549290600,210.7,211.19,207.9,211.18,1630281
1549377000,211.49,212.52,209.64,211.61,2074517
1549463400,212.26,212.26,210.48,211.6,1618762
1549549800,210.07,210.1,206.27,209.05,2526625
1549636200,207.83,208.49,205.75,207.75,2013683
1549895400,208.65,208.92,206.76,208.72,2376584
1549981800,210.06,212.75,209.255,211.9,2091247
1550068200,212.23,213.505,211.295,212.8,1703041
1550154600,212,214.545,211.14,213.84,1411054
1550241000,215.15,217.25,214.04,216.47,2635500
1550586600,216.67,219.6,216.51,218.12,1938119
1550673000,218.23,219.07,215.0573,217.11,1785610
1550759400,216.6,216.72,214.33,215.23,1615527
1550845800,215.17,216.59,214.25,216.29,1542501
1551105000,217.37,219.09,216.55,217.05,1794018
1551191400,216.89,218.91,216.13,217.61,1884099
1551277800,216.51,218.86,216.45,218.05,1482708
1551364200,218.49,219.6917,217.52,218.74,2055597
1551450600,219.76,220.57,215.77,219.44,2178555
1551709800,220.43,221.08,215.87,218.41,2444661
1551796200,218.91,221.61,218.9,219.82,2160246
1551882600,220.5,221.91,218.23,219.23,1985311
1551969000,218.13,219.39,216.22,216.79,3279102
1552055400,225.48,228.7,223.77,227.82,6782749
1552311000,227.53,229.91,227.06,229.69,3748431
1552397400,230.32,233.4,229.9,232.96,2647259
1552483800,234.25,237.45,232.95,236.38,2421178
1552570200,236.13,236.38,233.28,233.84,2300252
1552656600,234.17,235.65,233.18,233.6,5073781
1552915800,233.58,236.68,233.49,236.59,1735414
1553002200,237.52,238.05,236.29,237.05,1852346
1553088600,237.03,238.49,235.775,236.98,1499470
1553175000,236.68,239.85,236.5526,239.54,1617047
1553261400,239.75,240.34,236.9,237.56,1873609
1553520600,236.93,238.08,235.785,236.97,1357121
1553607000,238,240.25,237.36,239.07,1193004
1553693400,238.71,240.21,238.16,239.41,1351237
1553779800,239.98,241.95,239.5834,241.22,1396657
1553866200,241.66,242.44,240.77,242.14,1967964
1554125400,243.07,244.41,242.58,244.19,1610207
1554211800,244,244.19,240.31,240.5,1574327
1554298200,241.69,243.55,241.02,242.48,1663865
1554384600,242.17,244.76,241.25,244.4,1320012
1554471000,244.96,247.09,244.01,245.87,1616207
1554730200,245.99,246.83,245.2,246.52,1244150
1554816600,245.11,245.68,244.005,244.91,1450175
1554903000,245.28,246.67,244.71,245.61,1556647
1554989400,243.62,244.18,240.92,241.24,2719985
1555075800,241.51,242.72,240.9,241.95,2187612
1555335000,242.37,246.75,241.96,246.33,1859679
1555421400,246.65,246.82,244.25,245.34,1360535
1555507800,246.3,246.46,244.32,245.56,1363036
1555594200,246.79,247.25,244.701,245.81,1365116
1555939800,245.19,245.77,242.56,243.42,1300078
1556026200,244.65,246.53,242.21,245.58,1524628
1556112600,245.68,248.7,245.6,247.96,1156425
1556199000,246.21,247.15,243.94,245.6,1278195
1556285400,245.62,245.89,242.06,243.82,1842939
1556544600,245,245.75,243.49,244.28,1429707
1556631000,244.77,245.79,243.02,245.53,1427578
1556717400,245.34,245.46,241.55,241.59,1350376
1556803800,241.76,242.885,240.42,242.69,1237645
1556890200,243.27,244.88,242.72,244.62,905868
1557149400,242.85,244.83,242.06,244.23,1195175
1557235800,241.72,242.735,238.22,240.18,1775187
1557322200,239.56,243.05,238.19,241.34,1611887
1557408600,240.66,244.0556,240.16,243.47,1919368
1557495000,242.94,248.55,240.025,247.02,2036492
1557754200,244.12,244.93,240.67,241.92,1962786
1557840600,242.29,245.09,241.81,242.73,1635179
1557927000,242.11,245.4,241.23,244.67,1194788
1558013400,245.63,249.73,245.21,247.44,1801038
1558099800,245.88,250.0498,245.5935,248.35,1672148
1558359000,247.15,249.94,247.15,248.9,1600493
1558445400,249.11,250.83,248.1,249.93,1504191
1558531800,251.01,251.01,249.14,249.51,1242294
1558618200,248.63,249.92,247.1774,248.53,1822807
1558704600,249.11,249.5635,246.77,247.3,1340428
1559050200,248.58,250.2,246.14,246.31,3164140
1559136600,244.13,244.77,238.91,240.69,2594886
1559223000,242.15,243.58,240.745,241.54,2030255
1559309400,238.98,240.66,233.05,239.58,4058490
1559568600,239.78,241.54,238.0846,241.07,2512452
1559655000,243,245.82,242.5,245.61,1761622
1559741400,246.1,248.76,245.02,247.96,1825514
1559827800,248,251.94,247.735,251.21,1487759
1559914200,251.16,256.6,251.02,256.01,2270617
1560173400,256.4,258.825,256.11,256.85,1839825
1560259800,258.91,259.615,256.2078,257.11,1613472
1560346200,257.58,258.75,255.77,257.23,1071667
1560432600,257.71,259.87,257.5474,259.71,1228541
1560519000,260,261.2,258.91,260.15,1288089
1560778200,261.13,262.25,260.43,261.43,1192307
1560864600,263.61,264.1956,262.05,262.74,2763187
1560951000,262.31,264.1008,260.94,263.66,1628489
1561037400,265,267.79,264.55,267.35,1745108
1561123800,266.77,268.94,265.99,266.13,2964243
1561383000,267.31,267.97,266.52,266.77,1586110
1561469400,266.71,267.08,265.36,266.36,1182443
1561555800,266.45,266.8195,264.34,264.41,1334353
1561642200,264.9,266.48,262.99,265.58,1122854
1561728600,265.5,266.385,263.36,264.26,1952692
1561987800,266.43,267,261.84,263.55,1960377
1562074200,263.92,265.57,261.67,265.47,1201390
1562160600,265.14,269.16,265.14,269.14,986472
1562333400,268.2,268.61,266.27,268.25,1081451
1562592600,268.33,269.69,267.35,269.4,1236007
1562679000,269.36,270.78,268.49,269.97,1400472
1562765400,270.05,271.53,269.34,271.42,1256976
1562851800,272.33,276.77,271.813,276.54,1985628
1562938200,276.5,280,276.01,279.44,2046480
1563197400,279.94,280.7,278.9,280.58,1568031
1563283800,281,281.37,279.7765,280.65,1379215
1563370200,281.05,282.85,280.22,281.56,1716730
1563456600,282.2,283.06,279.19,282.91,1696366
1563543000,283.07,284.31,281.35,281.51,1607618
1563802200,281.22,282.32,279.32,280.17,1461682
1563888600,281.85,282.08,279.0243,280.1,1117826
1563975000,279.83,281.24,279.01,280.83,1257368
1564061400,281.2,281.94,279.34,279.8,1600168
1564147800,279.8,281.77,279.12,281.37,1447719
1564407000,281.01,281.3,279.54,280.13,1257360
1564493400,280.27,280.57,279.1,279.5,978168
1564579800,279.02,279.72,272.6301,275.63,1886852
1564666200,275.75,280.93,274.31,274.57,2634609
1564752600,274.3,274.9414,270.5,272.5,1969165
1565011800,270.09,270.5524,262.71,265.1,3329760
1565098200,266.47,270.2299,264.0485,269.31,2383225
1565184600,268.18,274.855,263.59,274.3,3037469
1565271000,273.04,274.84,271,274.8,2046674
1565357400,274.58,275.47,271.9148,273.94,1284267
1565616600,274.03,274.98,269.3,271.31,1638619
1565703000,271.18,278.16,270.01,276.26,1743336
1565789400,274,275.36,268,268.15,2122137
1565875800,270.53,272.9749,268.77,271.52,1651115
1565962200,274.1,276.07,273.44,274.1,1278604
1566221400,276.41,277.3815,274.55,275.61,1314844
1566307800,276.28,276.36,272.85,272.97,1390900
1566394200,275.41,276.54,274.7,275.68,1682347
1566480600,277.01,280.99,276.868,279.92,2345701
1566567000,278.21,280.13,272.7,274.01,1984929
1566826200,275.75,278.53,275.69,278.46,1426519
1566912600,281,293.44,280.34,292.38,5176415
1566999000,293.75,299.95,292.42,294.49,5165054
1567085400,297.48,297.725,292.7566,296.57,2614701
1567171800,298,298.28,292.83,294.76,1801420
1567517400,292.57,294,290.46,292.05,1843045
1567603800,294,296.3,293.771,296.12,1376086
1567690200,298.43,299.71,296.675,296.97,1865731
1567776600,299.2,304.64,298.29,303.76,3018101
1568035800,304.5,307.34,298.21,299,3397183
1568122200,297.38,298.25,294.5789,297,2724986
1568208600,294.3,295.74,287.81,290.69,4754696
1568295000,290.34,292.75,288.68,289.89,2942632
1568381400,290.2,294.07,289.85,291.9,2306343
1568640600,290.57,291.3769,288.3402,288.69,1508893
1568727000,289.56,291.7858,288.69,291.41,1776040
1568813400,290.7,293.57,288.8,292.43,1687336
1568899800,289.49,289.76,284.71,287.83,3055125
1568986200,288.75,289.41,286.14,286.36,3473365
1569245400,286.36,288.13,285.75,287.57,2058102
1569331800,289.3,292.62,286.4,287.91,2495624
1569418200,288.26,289.68,286.87,288.51,1848371
1569504600,289.43,289.8099,286.6,288.26,1891317
1569591000,289.53,289.53,284.4,285.95,1538930
1569850200,287.7,288.62,286.57,288.11,2179096
1569936600,288.04,288.68,283.18,283.93,2654476
1570023000,283.23,285.79,282.22,285.11,2506362
1570109400,285.39,290.86,281.6001,289,3958168
1570195800,287.85,291.95,283.32,291.67,4536695
1570455000,291.04,295.69,290.5,293.41,2051519
1570541400,292.95,295.58,290.45,291.89,2224561
1570627800,293.11,298.57,293.11,296.9,2287230
1570714200,298.63,299.48,296.26,297.14,1721504
1570800600,298.07,300.76,297.36,297.6,1891654
1571059800,298,300.34,297.5,297.52,1313041
1571146200,298.32,299.64,297.23,298.39,1601860
1571232600,296.8,298.97,295.08,298.78,1827669
1571319000,298.85,302.61,298.85,302.4,1811818
1571405400,302,304,300.9764,302.86,1853976
1571664600,303,303.51,300.17,301.08,1395154
1571751000,301.61,304.88,299.95,299.97,1970748
1571837400,299.58,300.0523,297.18,297.32,1810559
1571923800,295.05,298.28,294.56,297.05,2117020
1572010200,295.52,297.25,295.11,296.5,1686226
1572269400,295.7,299.09,295.21,298.94,1672606
1572355800,298.21,298.94,295.81,295.86,1295287
1572442200,296.92,300.25,295.97,299.84,1264263
1572528600,298.36,299.622,294.55,297.11,2277444
1572615000,297.99,298.415,295.5,296.09,1364483
1572877800,297.16,298.22,295.17,296.82,1651608
1572964200,297.09,299.6925,295.805,299.18,2204542
1573050600,299.97,301.65,297.925,301.57,1675008
1573137000,303.93,307.1,302.48,305.21,2399391
1573223400,302.74,304.29,301.28,302.62,1502221
1573482600,301.55,302.33,299.7,300.84,1160960
1573569000,300.83,302.73,298.66,300.5,1540974
1573655400,300.18,304,299.52,302.9,1554889
1573741800,304.39,305.8884,302.265,304.59,1337458
1573828200,305.31,305.44,301.6,303.66,1707125
1574087400,303.11,306.38,302.75,304.54,1242504
1574173800,304.5,304.6446,301.45,302.24,1761832
1574260200,302.44,303.17,298.0108,300.57,1979783
1574346600,300.69,301.87,299.52,300.27,1303042
1574433000,301.94,301.94,297.23,299.31,1277594
1574692200,300.29,300.626,297.55,299.05,1613126
1574778600,299.26,301.35,298.82,301.24,3360612
1574865000,301.82,302.79,300.57,300.76,1907095
1575037800,300.82,300.89,299.66,299.81,981610
1575297000,299.75,300.2,294.27,297.39,2706951
1575383400,295.13,296.19,292.7,295.67,1962133
1575469800,296.04,297.16,295.15,296.52,1742589
1575556200,297.13,297.13,292.5,293.1,1941250
1575642600,294.98,295.99,294.26,294.945,1462553
1575901800,295,297.19,294.545,295.16,1986336
1575988200,296.03,296.69,294.545,295.78,1566311
1576074600,296,296.3479,293.05,295.3,1752457
1576161000,295.27,297.76,294.12,297.34,2754453
1576247400,294.64,295,289.1,291.87,5204305
1576506600,293.03,294.46,292.85,293.5,2410244
1576593000,293.5,296.3,292.75,295.55,2474762
1576679400,295.99,296.36,291.82,291.87,3311187
1576765800,292.06,293.81,291.5,293.71,2595501
1576852200,293.85,295.02,292.78,294.83,4866674
1577111400,294.91,295.31,293.03,293.31,1309886
1577197800,293.91,294.45,293.36,294.23,543581
1577370600,294.49,295.73,293.9,295.73,1103034
1577457000,296.22,296.3,293.18,294.11,1439479
1577716200,294.2,295.612,293.66,295.14,1238990
1577802600,295,295.45,292.18,293.92,1551191
1577975400,294.06,294.58,291,291.49,2052922
1578061800,290.05,292.9,289.33,291.73,1926624
1578321000,290.55,292.07,288.62,291.81,2655433
1578407400,291.32,291.69,289.279,291.35,1971494
1578493800,290.99,295.48,290.5,294.69,2495438
1578580200,298.55,301.96,297.71,299.42,3262225
1578666600,300,300.27,296.66,297.24,2025220
1578925800,296.92,300.6495,296.8,299.87,1779744
1579012200,299.25,301,298.58,299.75,1460562
1579098600,298.35,301.04,298.044,300.82,1604433
1579185000,301.39,304.06,300.975,303.03,1758762
1579271400,303.4,305.3,303.03,304.68,2506588
1579617000,306.2,313.34,305.76,313.26,3585918
1579703400,313.4,313.56,310.21,311.89,2219022
1579789800,312.02,313.4,310.7307,312.88,1535973
1579876200,314.02,314.28,309.1,310.51,1986279
1580135400,306.15,311.77,305.65,309.45,2265350
1580221800,310.51,311.71,309.1,310.85,1571672
1580308200,310.86,311.97,309.385,309.58,1714823
1580394600,308.84,309.64,306.665,309.47,1232855
1580481000,308.55,309.18,304.56,305.52,1836994
1580740200,307,308.58,301.67,302,2817541
1580826600,304.57,305.9083,302.7622,304.9,1982323
1580913000,307,309.59,305.4,308.95,1731802
1580999400,309.35,311.8387,307.85,310.61,1917896
1581085800,310,313.81,309.1248,313.63,1903467
1581345000,313.76,316.9445,312.6,313.79,2336523
1581431400,314.03,314.43,310.47,310.68,2047510
1581517800,310.77,315.48,310.77,315.12,1384611
1581604200,314.85,318.79,313.535,318.2,1438248
1581690600,318.87,319.81,316.95,318.31,1113716
1582036200,319,323.48,318.61,322.05,1547929
1582122600,322.08,324.5294,321.73,323.02,1413768
1582209000,322.32,325.07,321.01,324.08,1427524
1582295400,322.56,325.26,321.03,321.95,2239230
1582554600,315.5,320,313.26,313.62,2300379
1582641000,315,316.565,304.4,304.87,2881835
1582727400,307.55,311.3,304.68,305.69,2239556
1582813800,301.98,305,293,293.13,3625276
1582900200,285.25,287.335,271.28,281.14,7096587
1583159400,294.44,309.51,291.377,309.14,7563779
1583245800,309.14,314.165,301.03,302.73,5131419
1583332200,308.29,320.97,305.0201,320.74,4219326
1583418600,315.7701,324.51,313.2,315.76,6407662
1583505000,312.14,317.49,302.75,311.34,6185520
1583760600,295.85,310.33,293,301.98,5203087
1583847000,307.97,309.73,294.42,309.4,4245488
1583933400,300.86,307.79,294.19,297.43,3625906
1584019800,280.44,295.625,276.34,279.85,7307637
1584106200,288.83,303.245,278.27,302.27,6100115
1584365400,281.83,299.53,279.51,283.18,5465540
1584451800,289,307.19,286.3,306.99,7170645
1584538200,298,318,296,307.5,6701800
1584624600,310.41,313.8526,302.63,305.22,5429502
1584711000,307.92,308.01,287.02,290.42,6581183
1584970200,292.01,295.6721,278.4238,285.53,5646352
1585056600,294.59,297.35,282.8305,284.94,7124190
1585143000,284.21,290.7176,279.21,280.86,5639577
1585229400,281.34,293.7297,280.86,292.3,5471961
1585315800,287.13,293.49,283.33,284.33,4250350
1585575000,287.49,291.68,285.84,291.12,4395977
1585661400,287.42,291.52,284,285.13,5623886
1585747800,282.36,288.8,280.9,286.78,3745783
1585834200,284.38,292.78,282.82,291.48,3500595
1585920600,289.1604,292.34,285.8,288.65,2650063
1586179800,293,305.49,289.57,305.12,5272534
1586266200,306.5,310,303.22,303.63,4036513
1586352600,305.11,307.42,302.28,305.97,3964434
1586439000,299.45,304.35,297.575,300.01,6492651
1586784600,298.58,303.95,297.66,299.62,3120354
1586871000,302.75,314.75,301.25,314.14,4288349
1586957400,311.64,313.75,306.82,310.27,2937330
1587043800,314.73,322.63,312.04,321.56,3940021
1587130200,321.31,322.1344,314.02,317.92,3688002
1587389400,317.95,318.38,311.53,312.08,3156287
1587475800,311.14,311.89,299.345,301.33,3832994
1587562200,304,311.13,302.04,309.42,2971194
1587648600,307.0335,309.635,304.79,305.4,2625238
1587735000,307.33,310.83,305.5117,310.55,2020576
1587994200,313.05,313.29,307.59,308.78,2287280
1588080600,310.825,311.27,304.28,304.95,2425940
1588167000,304.95,308.6832,301.1206,307.09,3667703
1588253400,306.15,307.895,302.57,303,3794292
1588339800,301.78,304.8199,300.18,301.92,2525566
1588599000,303,305.53,300.07,304.49,2477537
1588685400,305.06,309.8,303.44,307.92,2461329
1588771800,309.92,311.04,306.54,308.89,2406651
1588858200,309.34,309.87,304.53,305,2606254
1588944600,305.9,307.18,303.7,305.94,2339313
1589203800,305.64,311.83,305,310.33,1865889
1589290200,310.84,311.545,304.79,304.84,2264914
1589376600,304.84,306.4,300.12,302.14,2954935
1589463000,301.01,302.88,294.535,299.74,3718907
1589549400,299.07,299.835,295.86,299.21,4577214
1589808600,301.7206,303.19,299.92,302.76,3989551
1589895000,304.62,309.025,303.15,304.63,3522987
1589981400,306.77,307.918,303.2005,304.91,2826982
1590067800,304.79,305.04,301.25,301.97,2492065
1590154200,302.01,303.94,300.83,302.43,2366382
1590499800,306.01,306.9,303.5278,304.8,3234571
1590586200,304.56,306.31,299.47,306.01,2980169
1590672600,307.25,311,306.9,309.56,4331638
1590759000,304.2,308.88,302.35,308.47,4986799
1591018200,307.9,309.74,306.46,308.29,2295127
1591104600,307.95,309.02,304.72,307.09,2528938
1591191000,307.5,308.2,305.92,306.64,2165864
1591277400,310.85,315.35,309.09,310.75,4553928
1591363800,313.13,313.6283,307.29,312.04,4375602
1591623000,310.66,311.2911,306.46,307.19,3764466
1591709400,307.5,308.6,305.17,305.55,3155845
1591795800,306.48,308.63,305.65,307.33,2713706
1591882200,306.99,309.2,300.64,300.83,3443012
1591968600,302.67,305.15,296.25,298.7,4020006
1592227800,297.05,298.07,293.8394,297.18,3273164
1592314200,301.35,302.74,299.22,301.36,2641785
1592400600,301.02,302,298.9,299.61,2188401
1592487000,300,300.8062,297.79,299.57,1881774
1592573400,300.18,301.8999,298.64,299.9,3432670
1592832600,299.7,301.48,298.25,300.45,2094436
1592919000,301.73,304.9,300.73,301.29,2409639
1593005400,300.77,301.28,296.6,298.02,2398089
1593091800,297.06,301.15,295.4,300.53,2274283
1593178200,300.41,302.1173,295.95,296.56,2865999
1593437400,297.44,301.63,296.83,301.59,1841733
1593523800,301.01,304.62,300.1363,303.21,2392034
1593610200,302.5,305.58,300.75,304.75,1906372
1593696600,306,308.92,304.6006,305.74,2540480
1594042200,307.53,311.555,307.24,311.49,2332442
1594128600,310.02,318.05,309.72,316.23,3346634
1594215000,317.14,318.05,314.01,316.32,2364495
1594301400,320,328.98,319.68,325.54,5313636
1594387800,326,327.4,323.11,326.23,2484088
1594647000,326.3,329.1133,321.5,322.92,2583423
1594733400,321.3175,328.66,320.451,328,1844806
1594819800,328.1,329.32,325.62,326.7,1770661
1594906200,326.62,327.9,324.06,326.27,1402091
1594992600,327.3,327.8,324.58,324.79,1768460
1595251800,324.891,327.435,322.6634,326.51,1863548
1595338200,327,331.49,326.5,327.74,1874532
1595424600,329.65,329.66,325.01,328.3,1313011
1595511000,328.1,330.38,325.33,326.11,1561673
1595597400,326.22,328.75,324.67,325.78,1423600
1595856600,325.68,329,325.18,327.6,2083279
1595943000,327.97,330,325.82,327.57,1374015
1596029400,327.02,328.04,325.385,326.14,1341333
1596115800,322.685,326.45,322,324.82,1390255
1596202200,324.82,326.31,322.55,325.53,2150823
1596461400,325.55,329.89,324.3,329.32,2481263
1596547800,329.56,339.82,328.92,339.79,3933264
1596634200,341.8552,342.73,337.59,339.97,2927467
1596720600,342.41,345.12,341.61,343.31,2104513
1596807000,343.14,344.73,339.63,340.91,1759041
1597066200,340.71,341.065,338.58,340,1503771
1597152600,340.85,340.85,331.8,332.43,2065571
1597239000,333.745,338.9,333.17,336.76,1854172
1597325400,336.99,339.46,335.13,335.7,1536633
1597411800,336.53,338.76,335.6,336.28,1522984
1597671000,337.65,340.37,337.355,339.96,1504934
1597757400,341,342.8,336.81,340.75,1489444
1597843800,341.12,341.94,339.95,340.9,1730080
1597930200,340.14,341.66,338.74,340.87,1717482
1598016600,340.07,345.84,339.33,344.61,2372580
1598275800,345.11,346.11,342.105,344.13,1461915
1598362200,344.14,344.91,341.46,344.71,1176166
1598448600,343.01,344.83,341.69,344.27,1757268
1598535000,345.61,347.742,342.5501,346.36,2221007
1598621400,347.47,349.06,345.5,348.37,1487324
1598880600,346.85,348.75,344.29,347.66,1586941
1598967000,345.71,351.49,345.41,351.38,1774856
1599053400,353.61,359.92,351.31,358.86,2434933
1599139800,363.07,363.67,345.52,348.3,3630441
1599226200,353.98,353.98,340.4,346.57,2557093
1599571800,343.84,344.92,338.18,338.86,2144332
1599658200,340.9,349.7,340.39,346.43,2100864
1599744600,346.27,348,338.76,339.53,1959599
1599831000,340.28,343.26,336.1,339.13,1599904
1600090200,340.99,344.84,340.47,342.92,1522316
1600176600,345.02,347.76,342.75,343.91,1362499
1600263000,347.27,348.76,343.25,343.73,1657876
1600349400,339.58,342.89,336.365,338.88,2681457
1600435800,340.2,341.22,331.2,335.96,3409322
1600695000,333.9713,339.62,333.71,339.57,2427359
1600781400,340.702,344.9,339.59,344.45,2128063
1600867800,348,348.25,344.06,344.63,3577124
1600954200,345,347.3333,338.309,347,5779283
1601040600,340.74,343.77,335.36,342.58,7338492
1601299800,343.76,349.77,343.1,349.62,3459192
1601386200,348.95,354.29,347.1,352.14,2526612
1601472600,352.56,357.7,351.1705,355,2525800
1601559000,356.26,359.685,354.82,358.46,2052988
1601645400,354.7277,357.84,352.85,355.01,2124977
1601904600,355.33,358.98,355.33,358.58,2093540
1601991000,361.9,363,357.0394,358.35,2760443
1602077400,360.47,364.74,359.66,363.02,1959147
1602163800,364.802,365.97,361.75,365.09,1793133
1602250200,366,369.75,365.7,369.46,1730688
1602509400,371,380.66,370.77,376.48,2806875
1602595800,378.42,382.29,376.48,380.68,1823278
1602682200,382.8897,383.8715,376.7,378.34,1905710
1602768600,376.46,378.36,373.06,376.58,1699338
1602855000,380.5,384.87,379.12,381.54,2460490
1603114200,382.03,383.085,374.71,375.56,1938064
1603200600,377.69,382.08,376.12,378.31,1282650
1603287000,378.56,381.28,377.02,377.82,1466495
1603373400,377.35,378.38,372.0301,375.75,1813550
1603459800,375.61,376.52,373.56,374.6,1107978
1603719000,366.68,372.63,366.12,370.71,2144995
1603805400,368.77,374.913,368.77,372.72,1525684
1603891800,367.3293,372.41,364.67,364.96,1908295
1603978200,363.23,369.09,362.51,364.86,1838468
1604064600,361.13,363.85,355.79,357.62,2724917
1604327400,362.22,365.66,360.71,364.39,1646349
1604413800,368.94,374.8,367.89,371.96,2013103
1604500200,374.02,381.635,374,376.17,2450234
1604586600,382.48,386.58,379.5,385.23,2255767
1604673000,381.88,386.8,380.89,385.66,1950329
1604932200,388.25,389.5,364.76,365,4371322
1605018600,363.8795,371.535,360.59,366.62,2662644
1605105000,369.68,374.7,368.16,372.92,1688755
1605191400,376.95,378.24,373.5,375.71,1537419
1605277800,376.52,379.83,374.9905,378.84,1275252
1605537000,376.91,381.28,376.91,379.79,1691460
1605623400,387.32,388.48,381.79,381.92,3299130
1605709800,382.8883,388.05,381.73,382.23,2134609
1605796200,383.61,384.71,380.31,383.54,1768904
1605882600,383.95,385.5023,381.01,381.12,1809463
1606141800,383,383.06,380.34,381.71,1685136
1606228200,383.69,386.05,380.71,384.22,2065672
1606314600,385.7897,388.34,385.555,387.75,2034236
1606487400,390.46,390.67,387.75,388.39,1329425
1606746600,391.75,393.15,385.23,391.77,3733758
1606833000,384.5,388.07,381.1751,387.56,2998441
1606919400,385.47,386.88,381.57,383.5,2212845
1607005800,378,378.73,373.28,374.05,3976442
1607092200,375.21,375.31,371.89,373.43,2839727
1607351400,374.27,376.5,372.65,373.33,2652928
1607437800,373.95,379.524,370.75,377.6,2685523
1607524200,379.88,381,372.8,374.29,2461551
1607610600,374.29,375,371.56,372.79,2566344
1607697000,379.77,379.77,372.54,375.1,3483947
1607956200,376.56,378.18,373.21,374.38,2778433
1608042600,374.5048,375.69,369.3,371.88,2137136
1608129000,371.16,372.84,368.845,369.44,2385081
1608215400,370.26,370.97,368,370.29,2314176
1608301800,371.1,371.36,365.93,367,4140033
1608561000,365.09,366.115,361.812,364.97,2329659
1608647400,364.1,364.76,360.61,362.03,2106626
1608733800,362.45,363.1,359.5,361.89,1782110
1608820200,361.4055,365.335,361.4055,364.58,972522
1609165800,365.5,371.69,365.0754,371.06,3207654
1609252200,372.25,373.255,370.26,372.72,2072603
1609338600,374.2,375.86,373.2828,374.45,1777985
1609425000,374.99,377.04,372.46,376.78,1628904
1609770600,377.43,381.55,374.81,380.15,3322184
1609857000,378.86,380.205,375.25,375.74,2748442
1609943400,373.82,375.8,369.648,370.02,2661436
1610029800,371.01,371.65,366.79,367.92,2849525
1610116200,368.115,370.26,364.29,369.94,2599696
1610375400,368.58,371,363.86,364.01,2564790
1610461800,364,365.07,360.25,364.2,2387580
1610548200,364.37,368.74,363,366.95,1968804
1610634600,366,366.5,361.5553,362.35,2363869
1610721000,361.06,364.905,360.8,362.16,2340396
1611066600,362.355,362.95,352.44,354.47,4533829
1611153000,354.39,361.897,353.41,361.3,2767231
1611239400,361.3,363.99,359.9401,362.8,2122581
1611325800,363.2,364.63,359.85,362.3,1960295
1611585000,360.86,361.96,356.82,361.88,2735901
1611671400,360.2,365.8995,358.88,364.98,1806952
1611757800,362.99,365.8,354.85,356.39,3120813
1611844200,356.85,361.605,356.07,357.06,2251115
1611930600,354.75,356.29,351.88,352.43,2598738
1612189800,351.21,352.79,349.21,350.52,2371160
1612276200,351.76,357.7,350.72,355.58,1905007
1612362600,356.2326,357.53,353.21,355.21,1759821
1612449000,356.714,358.38,353.85,355.85,3411624
1612535400,356.55,356.845,354.1,355.17,2165628
1612794600,356.57,360.04,355.57,359.83,2520650
1612881000,360.04,361.6739,358.3,359.56,2153966
1612967400,361,361,355.12,356.12,2162400
1613053800,355.73,356.5,351.39,352.2,2088355
1613140200,351.99,352.98,350.1,352.75,2096607
1613485800,353.0788,355.36,352.0362,354,1829035
1613572200,353.11,358.17,351.91,358.04,2145058
1613658600,352.28,358.2,352.28,356.92,1915706
1613745000,356.69,357.93,354.575,354.77,1839533
1614004200,352.75,353.29,348.82,350.21,2215579
1614090600,349.8,351,342.03,342.15,3692638
1614177000,341.79,342.5,337.89,340.7,3305848
1614263400,340.85,343,333.35,333.9,3618077
1614349800,335.51,335.89,330.94,331,3362224
1614609000,335.21,335.9999,331.36,331.77,4656825
1614695400,333.69,334.69,328.42,328.46,4660068
1614781800,328.1698,328.4197,323.76,323.92,4064203
1614868200,323.37,325.6,315.04,319.04,5501245
1614954600,315.3288,318.43,307,317.32,8102777
1615213800,318.91,322.3289,310.92,311.42,4873459
1615300200,313.76,320.28,312.71,318.78,5426779
1615386600,321.14,327.39,317.32,323.83,4523512
1615473000,330.4097,331.25,326.7211,328.65,4338898
1615559400,328.1,331.625,325.6,331.14,3182073
1615815000,333.6,333.68,327.32,330.51,3244291
1615901400,329.67,330.03,326.64,327.25,3066700
1615987800,326,330.5,324.12,329.19,2672370
1616074200,326.48,328.14,322.375,322.98,2738244
1616160600,323.61,329.25,322.39,328.91,4859256
1616419800,328.45,336.17,328.19,334.49,4064876
1616506200,333.89,342.51,333.795,340.34,3641218
1616592600,342.22,342.51,336.83,338.04,3006369
1616679000,337.81,347.78,337.27,346.34,4307145
1616765400,346.21,352.46,344.1,352.02,3061215
1617024600,351.45,357.77,351.01,356.15,3011985
1617111000,353.58,354.77,348.84,349.75,2602426
1617197400,350.66,357.4495,349.23,352.48,2832221
1617283800,352.54,357.32,351.6314,354.94,2938607
1617629400,357.5,362.67,356.8378,360.82,2705656
1617715800,359.8,362.8,359,360.12,2142011
1617802200,360.866,361.46,357.61,358.81,1808369
1617888600,362.8,366.02,359.6,361.22,2839157
1617975000,360.91,363.71,359.595,363.21,1610750
1618234200,362.84,365.25,361.34,364.81,1836606
1618320600,365.34,367.3,364.2701,365.21,1796367
1618407000,364.85,364.85,362.55,363.17,1509408
1618493400,364.88,369.55,364.27,368.8,1850332
1618579800,369.7,372.8,368.58,370.72,2249168
1618839000,371,371.53,368.2,369.55,1560002
1618925400,369,375.355,368.73,371.73,2330659
1619011800,371.61,374.58,371.47,374.09,1532098
1619098200,374.34,375.44,370.03,371.26,2138003
1619184600,371.26,374.85,370.41,373.28,1404929
1619443800,373.9,373.9,368.21,368.52,2059737
1619530200,368.17,370.96,365.29,370.21,1875871
1619616600,369.55,370.5,368.18,369.59,1305602
1619703000,368.5395,374.71,368.53,373.54,1848301
1619789400,372.91,374.16,371.33,372.09,2118990
1620048600,373.84,379.62,372.89,379.32,2685849
1620135000,379.03,379.23,373.75,375.29,2133796
1620221400,376.35,377.5164,372.05,372.5,1905324
1620307800,373.19,382.94,373.19,382.76,2641378
1620394200,382.83,386.45,382.2001,384.32,1817365
1620653400,385.49,387.89,381.28,381.48,1998663
1620739800,379.31,380.92,376,378.18,1859681
1620826200,376,376.94,371.1141,372.2,2344572
1620912600,373.09,381.44,371.5654,379.53,2023855
1620999000,382.14,385.82,380.1,384.42,1876138
1621258200,385.04,387.05,382.9,383.96,1830769
1621344600,386.45,389.45,382.51,382.81,1698198
1621431000,377.1509,381.73,376.13,379.66,1725320
1621517400,379.18,384.5172,378.28,383.58,1427343
1621603800,385.05,385.3499,380.43,380.72,1706560
1621863000,384.3374,385.76,381.89,383.45,1657024
1621949400,383.62,385.74,382.03,385.38,1379749
1622035800,385.86,387.75,385.02,385.62,1647955
1622122200,385.13,387.7699,383.5,387.5,4452001
1622208600,384.15,385.31,377.03,378.27,4682400
1622554200,379.925,380.1985,375.5,378.23,2117770
1622640600,378.38,381.92,377.71,380.59,1881042
1622727000,379.64,384.19,378.86,383.87,1780524
1622813400,384.19,387.76,383.71,387.52,1765934
1623072600,385.47,386.45,378.57,380.4,2515804
1623159000,380.41,381.21,377.69,379.7,1554048
1623245400,380.21,381.78,379.1301,379.96,1399154
1623331800,380.27,383.36,379.49,383.01,1404154
1623418200,383.86,383.86,380.53,381.83,1404299
1623677400,380.79,383.98,379.08,383.76,1652625
1623763800,383.76,384.4999,381.56,383.91,1252017
1623850200,384.4,386.4407,377.12,379.41,1801720
1623936600,380.38,386.47,379.21,384.75,1686533
1624023000,384.75,384.9056,380.3,380.88,3415714
1624282200,382.25,387.645,380.56,386.8,1631569
1624368600,387.02,392.5,386.56,392.18,1934772
1624455000,393,393.44,390.59,391.97,1538035
1624541400,393.42,395.5,391.795,392.07,1487380
1624627800,392.97,394.55,391.25,394.51,2056384
1624887000,395,397.42,393.13,396.54,1645500
1624973400,396.3,399.4407,395.47,398.79,1523560
1625059800,397.97,400.47,395,395.67,2031670
1625146200,396.3,397.69,393.88,394.53,1523396
1625232600,396.21,400.77,396.1136,398.94,1677408
1625578200,399.84,401.4,397.11,398.86,2113374
1625664600,399.2,406.115,399.2,404.68,2308605
1625751000,403.5,408.64,403.16,407.15,2235549
1625837400,408.55,414,407.59,412.37,2304223
1626096600,414.04,414.35,404.53,407.88,2491334
1626183000,404.7,409.29,404.7,407.06,1540373
1626269400,408.58,410.47,407.26,409.95,1265817
1626355800,410.46,412.2,407.88,411.82,1894087
1626442200,412.12,413.42,409.765,410.37,1414087
1626701400,410.0586,415.3171,410.05,414.15,2293142
1626787800,414,418.07,412.85,416.24,2045376
1626874200,417.11,417.11,412.22,415.01,1480316
1626960600,416,418.6,413.5493,417.54,1339236
1627047000,418.2885,423.9878,417.05,423.43,1344487
1627306200,423.4,424.4999,420.3477,423.23,1220157
1627392600,424,424.56,421.6,424.34,1666513
1627479000,423.27,424.8649,420.54,422.22,1362771
1627565400,421.68,425.851,420.36,425.28,1434216
1627651800,425.98,431.5,425.94,429.72,2284040
1627911000,430.62,430.71,425.48,428.92,1367176
1627997400,429.92,436.8,429.12,435.07,1448146
1628083800,436,437.99,432.89,435.04,1280471
1628170200,437.75,443.5,436.73,443.19,1742634
1628256600,442.73,443.46,438.9,439.63,1789843
1628515800,440.65,442.7779,439.31,440.47,1472778
1628602200,440.66,443.8,440.66,443.03,1893669
1628688600,445.5,448,441.8,444.3,2267691
1628775000,443,446.63,442.25,445.36,1230906
1628861400,445.78,448.36,444.5404,447.82,1309261
1629120600,447.91,453.19,447.0526,452.86,1515994
1629207000,452.86,453.78,449.7,452.34,1936682
1629293400,450.96,455.235,445.9,446.21,2030106
1629379800,442.95,455.5,441.31,454.26,1953733
1629466200,455.49,460.62,453.66,458.99,1911198
1629725400,457.27,459.06,454.59,454.93,1835928
1629811800,455.25,455.39,450.3,451.79,1541681
1629898200,450.83,452.82,447.32,451.23,1520567
1629984600,451.23,452.48,446.7,449.31,1418645
1630071000,449.31,451.6195,446.8001,450.34,1310420
1630330200,451.04,456.59,450.4368,455.93,1220030
1630416600,456.14,456.88,452.44,455.49,1699018
1630503000,455.48,456.68,451.85,456.52,1325361
1630589400,459.42,461.44,458.39,460.97,1455945
1630675800,459,463.6001,459,462.55,1303809
1631021400,462.5,463.2,457.625,459.6,1463507
1631107800,459.11,465.83,458.08,465.7,1372045
1631194200,467.34,469.77,465.24,465.94,1398718
1631280600,467.17,468.4,463.2,465.16,1324815
1631539800,467.06,468.235,458.2,459.66,1679467
1631626200,460.95,462.2,457.42,458.41,1383887
1631712600,458.24,462.25,456.14,460.73,1770339
1631799000,460.79,463.77,456.57,463.31,1577709
1631885400,461.62,462.82,457.02,459.51,3411408
1632144600,456.632,460.95,446.62,451.14,2602049
1632231000,451.14,456.8399,450.16,452.11,1531266
1632317400,454.7,455.35,449.84,452.33,1380811
1632403800,452.3,455.55,451.1,452.78,2061230
1632490200,455.98,468.7199,455,467.75,3353758
1632749400,465.55,470.49,457.24,460.56,2526024
1632835800,457.14,457.5,445.67,447.35,2632660
1632922200,449.87,456,448.9,451.79,1921956
1633008600,453.62,455.36,449.2988,449.35,1837244
1633095000,449.73,451.08,440.76,448.33,1860677
1633354200,448.34,449.35,436.1667,440.14,2263953
1633440600,439.58,449.1091,439.25,446.24,1808749
1633527000,443.93,449.78,442.38,449.34,1334571
1633613400,456.47,459.59,452.07,452.87,1966239
1633699800,455.44,455.75,450,451.85,1545827
1633959000,450.04,453.69,449.54,449.7,1011739
1634045400,450.15,452.85,445.75,446.87,1380868
1634131800,448.54,450.51,444.07,445.3,1622100
1634218200,447.11,451.6965,446.5,450.66,1481358
1634304600,453.89,453.94,449.18,452.39,1494790
1634563800,449.61,462.35,448.5,461.95,2141552
1634650200,463,467.16,460.31,467.08,1365302
1634736600,468.52,472.5,467.84,469.77,1353062
1634823000,469.77,477.65,469.08,477.23,1423275
1634909400,478.99,485.03,478.565,481.99,1710335
1635168600,481.99,492.21,479.5,490.1,1903424
1635255000,482.13,488.25,481.23,485.53,2378585
1635341400,483.85,491.5,483.56,489.11,1741794
1635427800,486.96,491.8299,486.48,490.53,1362377
1635514200,486.78,494.17,486.66,491.54,2471597
1635773400,494.15,494.8914,487.2,491.87,1548739
1635859800,494.74,499.49,492.72,496.99,2012216
1635946200,501.34,502.96,495.75,502.33,1856258
1636032600,507.01,520.21,506.0101,515.62,2615013
1636119000,514.77,517.9,508.63,513.12,2071735
1636381800,513.41,513.41,500.2,503.81,2834829
1636468200,505.12,509.1,504.06,508.71,1881803
1636554600,508.26,510.3581,503.765,505.51,1226628
1636641000,506.2,512.4999,504.04,512.18,1227331
1636727400,514.25,519.66,513.23,517.17,1780234
1636986600,518.49,523.1,518.01,519.89,1392349
1637073000,519.8364,528.2999,517.41,526.72,1690708
1637159400,527.5,530.74,524.505,526.29,1609406
1637245800,528.16,530.8,522.4944,529.37,1664995
1637332200,534.08,535.28,528.01,533.79,1913681
1637591400,533.32,545.42,532.32,539.65,2192217
1637677800,537.955,545.82,533.77,545.26,2147338
1637764200,545.54,550.8338,543.32,549.73,2316441
1637937000,549.555,554.5499,544.31,546.13,1844761
1638196200,546.13,560.78,542.41,554.88,2919138
1638282600,551.002,557.17,535.89,539.38,4244205
1638369000,543.1,548.25,529.4,529.84,2882122
1638455400,518.5059,530.9143,514.04,525.51,3277509
1638541800,529.99,537.5,524.77,528.93,2984376
1638801000,532.25,536.055,527.5701,533.2,2432878
1638887400,538.25,543,534.71,542.02,2579798
1638973800,546.21,547.7892,525.55,530.11,3037531
1639060200,528.8,532.3299,523.8,524.33,3200453
1639146600,534.71,561.27,534.61,558.82,6333637
1639405800,550.44,559.745,547.98,557.22,3415151
1639492200,556.4615,557.17,537.5676,545.34,3494356
1639578600,546.21,566.49,545.53,565.48,2937123
1639665000,564.7913,566.55,549.45,552.63,2683030
1639751400,549.32,556.4699,540.98,547.61,5756845
1640010600,542.13,549.141,538.03,548.56,2033574
1640097000,550.5,551.78,536.08,545.43,2472780
1640183400,545.38,550,539.8,549.67,1454497
1640269800,551.74,552.61,547.49,550.37,1758107
1640615400,551.54,565.7393,551.44,563.47,2263508
1640701800,563.43,566.64,560.7,564.64,1157520
1640788200,566.4,571.4899,563.5,567.77,1753038
1640874600,569.53,569.88,562.37,563.91,1338748
1640961000,563.41,568.25,559.03,567.7,1509196
1641220200,565.0301,567.47,555.51,566.71,2715113
1641306600,564.23,568.72,561.79,564.23,2097484
1641393000,563.69,565.05,549.77,549.92,2887485
1641479400,546.2,553.5172,543.55,549.8,2503087
1641565800,547.55,548.365,534.24,536.18,2323920
1641825000,529.29,530.41,508.5,518.8,4916769
1641911400,518.8,522.47,510.29,522.03,2457299
1641997800,522.03,530.03,522.01,525.8,1729540
1642084200,527.64,529.05,515.23,516.88,2428072
1642170600,511.57,512.98,501.86,502.99,3872496
1642516200,494.461,495.08,486.86,488.07,3803545
1642602600,489.885,496.24,487.1,490.16,2709384
1642689000,490.7496,499.8799,481.84,482.82,2893721
1642775400,481.9238,494.61,481.32,481.61,3295582
1643034600,475.5513,489.97,469.01,488.9,4423868
1643121000,479.9,482.64,472.37,477.32,3076814
1643207400,483.23,493.87,478.77,483.47,3074881
1643293800,486.92,495.7899,480.31,482.52,2374116
1643380200,483.74,492.725,475.901,492.43,1918479
1643639400,492,506.42,490.63,505.13,2480656
1643725800,505,509.68,496.94,508.41,2347161
1643812200,511.11,523.99,510.34,522.02,2547552
1643898600,515.88,526.44,514.21,521.77,2665116
1643985000,518.11,522,510.8034,519.77,2387434
1644244200,521.3,522,514.23,515.89,1863560
1644330600,515.89,523.39,510.5,521.15,1461959
1644417000,528,534.242,525.68,528.83,2256668
1644503400,520.87,524.47,514.7498,518.48,2558857
1644589800,518.4,521.35,507.38,509.67,2349695
1644849000,508.99,511.53,501.44,506.56,1749565
1644935400,513.34,516,510.7632,513.92,1984779
1645021800,511.49,514.55,501.71,512.4,1770754
1645108200,509.64,518.21,507.03,515.01,2022828
1645194600,514.89,517.9,510.3305,512.67,2154742
1645540200,510,514.58,498.16,502.18,2451796
1645626600,502.94,507.97,494.775,495.26,2021429
1645713000,483.265,506.545,482.98,505.58,2859804
1645799400,508.58,518.25,505.2461,517.49,2002964
1646058600,514.3,519.63,511.3,519.25,2408949
1646145000,519.46,529.36,519.19,522.93,2316018
1646231400,524,533.09,519.77,528,2571468
1646317800,534.49,538.96,529.54,533.05,3851836
1646404200,519.5,529.92,511.78,525.5,4418923
1646663400,523.45,545.29,523.4222,528.52,3896920
1646749800,526.22,539.73,522.41,523.36,3649663
1646836200,527.62,530.86,515.71,527.65,2789706
1646922600,523.11,534.37,518.14,532.72,1777660
1647009000,536.62,542.65,526.43,527.42,1735112
1647264600,527.77,535.31,523.54,525.95,1950008
1647351000,530,543.85,527.92,542.32,2547887
1647437400,544.53,551.62,531.26,543.39,3017225
1647523800,543.35,553.17,543.2,552.79,1974206
1647610200,552.96,562.55,549.51,561.35,3597825
1647869400,560.14,566.75,550.84,555.53,3136860
1647955800,556.96,560.35,552.325,559.42,1777494
1648042200,556.95,560.69,551.91,554.02,1546756
1648128600,555.51,558.26,549.22,558.11,1614151
1648215000,559.82,560.4299,550.225,555.71,1975990
1648474200,556.74,565.26,553.5,565.21,2056125
1648560600,568,571.22,564.53,569.98,2005367
1648647000,570.95,578.25,568.5901,576.47,2086497
1648733400,578.7,586.32,575.51,575.85,3439768
1648819800,577.38,582.99,572.31,575.57,1933507
1649079000,573.94,579.69,571.47,575.13,2202421
1649165400,572.59,583.98,572.1,575.32,1826816
1649251800,574.03,586.8,570.366,584.79,2646237
1649338200,592.29,612.27,588.78,608.05,4804249
1649424600,606.38,608,597.725,600.04,3230210
1649683800,598.79,601,582.8,584.67,2792714
1649770200,586.69,591.7343,578.76,581.36,2141958
1649856600,582.47,593.49,582.47,591.09,2211841
1649943000,591.78,596.28,587.05,590.39,2206167
1650288600,585.38,592.11,579.6,582.12,2161925
1650375000,583.35,594.83,582,594.3,2327834
1650461400,599.15,605.28,597.305,603.53,1793337
1650547800,607.28,609.18,591.15,591.74,2027947
1650634200,590.35,591.9,571.05,571.7,2878169
1650893400,570.31,570.33,553.53,568.21,3154501
1650979800,565.25,568.34,553.31,553.76,2057352
1651066200,556.19,563.62,552.85,554.08,2261581
1651152600,555.47,564.8,545.8,562,2118683
1651239000,560.93,561.575,529.7,531.72,2968024
1651498200,532.23,539.195,518.265,528.95,3303362
1651584600,530,534.27,523.7021,528.08,2398040
1651671000,531.6,546.1391,522.81,544.43,2465206
1651757400,541.57,542.34,512.17,517.32,3977041
1651843800,514.4,516.4362,498.82,503.36,3560758
1652103000,496.1,507.05,494.34,498.83,3292742
1652189400,509.7,510.63,495.63,501.46,2729398
1652275800,503.92,508,487.81,489.08,2782894
1652362200,486.79,497.2558,479.7611,486.18,2829489
1652448600,493.11,498.7942,489.6,497.27,2338637
1652707800,496.14,497.675,489.62,494.53,1579715
1652794200,489.16,493.56,480.23,490.47,2602815
1652880600,460,463.8599,424.551,429.4,9511603
1652967000,430.37,430.5253,418.72,422.93,5839640
1653053400,428.8,428.85,406.5101,416.43,5115014
1653312600,420,430,416.67,429.48,3687167
1653399000,424.8,438.73,424.35,437.71,3473424
1653485400,436.33,443.26,430.8252,440.11,3225105
1653571800,449.1,468.045,447.51,464.99,5917606
1653658200,456.8,474.88,455.12,470.76,5719609
1654003800,470.76,470.8,458.03,466.22,4424541
1654090200,469.38,470.5,456.695,456.99,2319395
1654176600,460.9,491.13,457.88,487.61,4950575
1654263000,485.03,488.15,475.59,476.25,2857437
1654522200,480.5,481,468.91,472.47,2297043
1654608600,459.91,473.73,459.59,471.78,2435455
1654695000,471.78,474.4298,466.89,467.99,1697022
1654781400,467.34,484.24,467.15,472.05,3087499
1654867800,465,468.1889,457.76,463.31,2551932
1655127000,450,458.635,448.9,452.25,3113404
1655213400,452.25,458.76,450.28,454.8,2224642
1655299800,458.5,464.36,451.39,458.79,2250190
1655386200,450.31,457.77,447.97,451.76,2906555
1655472600,451.05,455.6875,443.2,446.69,3623435
1655818200,450.55,464.82,449.14,463.11,2420616
1655904600,459.39,464.7229,458.5,459.96,1827536
1655991000,466.37,476.28,465.71,475,2030070
1656077400,480,484.83,476.676,484.37,2862608
1656336600,485.81,487.24,477.35,481.75,2034692
1656423000,483.5,487.24,467.89,468.61,1761731
1656509400,470.95,472.9736,466.415,469.84,1275598
1656595800,468.3,482.09,464.72,479.28,3852375
1656682200,481.18,491.25,478,485.76,2660404
1657027800,485.56,490.9,478.46,488.26,2490345
1657114200,488.26,497.02,487.78,492.65,2262272
1657200600,492.06,495.53,489.22,494.95,2125209
1657287000,497.32,505.52,497,501.54,2607818
1657546200,501.12,505.55,494.84,498.9,1891484
1657632600,497.01,501.9,488.04,490.57,1775346
1657719000,484.32,497.32,483.82,492.22,2008384
1657805400,496.09,513.27,493.62,511.94,3715592
1657891800,516.92,524.8,515.78,522.95,4265057
1658151000,521.86,528.53,515.665,516.3,2464070
1658237400,522.41,525.58,516.97,520.23,2391003
1658323800,521.26,526.16,516.81,524.2,1740735
1658410200,524.04,529.74,521.596,529.46,1716080
1658496600,530.71,537.11,526.07,529.72,1800760
1658755800,531.42,532.29,526,529.14,1452731
1658842200,515,519.685,508.76,511.93,3334847
1658928600,513.1,525.3193,511.17,522.31,2060140
1659015000,520.28,539.18,520.28,536.18,2083253
1659101400,532,542.12,531.9,541.3,2131516
1659360600,541.42,552.71,541.25,546.81,2256005
1659447000,544.03,551.0399,540.765,543.46,1984204
1659533400,545,548.7,542.1168,547.01,1693324
1659619800,547,547.2,540.67,543.28,2000678
1659706200,537.24,541.6,533.35,540.67,1711488
1659965400,543.84,547.5,538.6737,541.9,1345699
1660051800,543.64,545,533.89,535.82,1877305
1660138200,544.48,549.91,537.29,539.82,2336567
1660224600,543.24,543.49,531.81,532.2,2340166
1660311000,536.18,538.4,533.73,537.21,1918238
1660570200,536.4,547,535.68,545.75,1847952
1660656600,551.1,559.97,548.9678,553.02,2497958
1660743000,550,559.45,549.0101,556.32,1835240
1660829400,559.06,564.75,556.42,560.96,1619184
1660915800,558.65,559.26,553.165,554.53,1616955
1661175000,553,553,544.285,545.47,1860941
1661261400,545.74,546.01,536.88,542.07,1358979
1661347800,542.75,545.22,539.36,543.22,1145789
1661434200,545.74,550.91,539.55,550.77,1483254
1661520600,550,552.67,531.67,531.82,1886777
1661779800,527.03,535.5,524,531.06,1579865
1661866200,534.28,536.01,521.51,524.14,1872679
1661952600,525.54,526.32,520.26,522.1,2179809
1662039000,519.72,529.58,517.03,529.17,2280642
1662125400,532.7,534.84,516.05,519.11,1901738
1662471000,520.16,523.15,512.5289,518.9,1933504
1662557400,520,531.66,518.9,529.64,1827910
1662643800,524.33,533.0261,521.56,529.12,1600759
1662730200,532.12,538.06,529.53,536.58,1931148
1662989400,537.73,542.6,537,539.52,1522447
1663075800,530.79,532.24,508.6882,510.3,2881436
1663162200,513.86,514.01,503.1201,508,2007258
1663248600,508.4,509.055,500.53,503.5,1749609
1663335000,499.57,506.44,497.3,504.14,3004815
1663594200,502.16,506.71,498.89,506.57,1441346
1663680600,503,503.43,493.42,499.52,1843072
1663767000,502.5,506.43,493,493.07,2082552
1663853400,494,494,484.41,487.17,3133113
1663939800,478.94,482.32,463.53,466.4,5377805
1664199000,465.87,484.1096,465.21,480.3,4001938
1664285400,485.49,488.4,475.43,478.3,2412425
1664371800,481.53,491.55,474.19,488.29,2419497
1664458200,485.61,489.01,474.0663,478.98,1963927
1664544600,480.66,483.83,471.87,472.27,2436707
1664803800,474.5,480.84,470.4,477.73,2338532
1664890200,483.83,488.02,480.73,486.13,2175570
1664976600,481.3,483.87,474.8214,480.32,1587657
1665063000,483.45,493.88,481.92,482.49,2430699
1665149400,478.26,479.105,466.12,468.15,2568079
1665408600,469.69,470.25,461.61,466.31,1616272
1665495000,465,477.25,463.7,472.02,2341373
1665581400,474.32,479.74,466.3,466.38,2043932
1665667800,458.19,471.74,449.03,467.99,3390881
1665754200,472.03,473.39,453.79,454.65,2304733
1666013400,461.65,466.8799,460.48,464.17,2097535
1666099800,473.2,476.5205,468.83,473.27,1863980
1666186200,467.81,474.8667,466.95,471.43,1207647
1666272600,471,472.08,462.91,464.62,1709509
1666359000,463.71,479.57,462.28,478.18,2508437
1666618200,481.61,498,481.01,496.97,2366235
1666704600,493.32,500.19,490.5001,499.06,2130859
1666791000,498,507.42,495.69,499.45,2089915
1666877400,499.81,503.01,494.14,496.54,1576567
1666963800,497.3,512.82,495.97,510.87,2369348
1667223000,509.635,509.635,500.5,501.5,2192211
1667309400,503.7,507.3852,499.78,499.96,1586311
1667395800,497.8,503.235,483.27,483.51,2467966
1667482200,480.88,491.325,479.7126,486.29,2010383
1667568600,490.4,492.63,476.49,486.41,1987258
1667831400,477.05,490,474.5,488.55,2036031
1667917800,490.73,498.26,484.51,492.76,1709907
1668004200,491.9,497.58,486.8601,489.97,1640520
1668090600,504.95,514.85,501.4,513.13,3098317
1668177000,513.13,516.84,506.71,515.47,2393502
1668436200,515.77,520.6999,509.42,509.68,1820240
1668522600,520,529.8,520,526.47,2502189
1668609000,521.31,528.56,520.17,524.11,1833590
1668695400,519,521.79,512.96,521.32,1903715
1668781800,526.87,529.54,518.19,523.67,1584684
1669041000,525.74,527.28,522.08,523.37,1268524
1669127400,529.96,532.8,526.68,531.95,1809067
1669213800,534,536.8,530.4,534.49,1288249
1669386600,534.16,535.86,533.07,533.66,744222
1669645800,530.89,536.2499,528.94,530.92,1684701
1669732200,531.04,533.72,528,528.96,1685739
1669818600,527.41,542.58,522.14,539.25,3601779
1669905000,519.14,519.14,495.6673,503.86,6970367
1669991400,498.52,498.97,492.11,494.53,3632096
1670250600,492.5,492.7,484.73,488.66,2455346
1670337000,490.66,491.47,477.17,481.16,2995894
1670423400,479.09,486.54,478.87,481.97,2072597
1670509800,482.9,483.33,473.5,481.42,2901019
1670596200,475.1,490.09,470.5,483.02,4211132
1670855400,482.73,487.82,480.67,487.68,2276351
1670941800,497.04,497.97,481.5501,488.2,2626732
1671028200,488.855,491.69,481.04,483.52,2145018
1671114600,475.34,476.6999,463.16,463.91,3439381
1671201000,461.26,464.79,456.88,461.45,4909204
1671460200,460.92,463.41,455.355,458.63,1939248
1671546600,456.56,460.25,452.53,457.82,1993675
1671633000,459.38,463.69,456.2,462.06,1462351
1671719400,458.65,460.4,453.39,458.71,1907717
1671805800,457.52,463.1799,454.8,462.65,1229523
1672151400,464.4,464.7,457.11,458.5,1230839
1672237800,457.54,460.46,452.8,452.99,1324141
1672324200,455.63,459,453.46,456.53,1464967
1672410600,454.65,456.7,450.75,456.5,1803243
1672756200,458,458.8,447.9,453.28,1978075
1672842600,457.18,459.51,452.59,456.56,2097322
1672929000,454.54,456.43,449.62,450.19,2169298
1673015400,463.08,484.42,462.22,482.87,5174491
1673274600,482.93,486.87,478.14,478.75,2384764
1673361000,477.14,482.09,475.48,481.4,1649860
1673447400,480.33,484.52,479.11,484.31,1576394
1673533800,484.99,485,478.75,482.43,1628205
1673620200,480.89,485.59,479,485.25,1405912
1673965800,485.13,490.48,484.365,486.77,1539915
1674052200,484.81,488.8143,478.52,479.47,1925470
1674138600,476.24,477.56,468.07,469.49,1919451
1674225000,473.92,480.32,469.47,480.11,2588637
1674484200,479.95,495.24,477.6,492.61,2709439
1674570600,492.05,493.6,487.01,492.11,1510226
1674657000,489.36,491.94,484.5,490.88,1329768
1674743400,493.2,498.67,491.7676,498.3,1576405
1674829800,499.76,509.1,497.86,503.29,2034069
1675089000,500.37,505.6,500.37,503.28,1855941
1675175400,503.23,511.41,502,511.14,1924081
1675261800,508.31,520.45,504.72,517.91,2080208
1675348200,524.29,530.05,520.64,523.43,2287366
1675434600,519.13,521.55,512.5001,514.8,1844148
1675693800,514.44,517.2219,512.265,515.59,1740105
1675780200,511.99,517.99,507.3935,516.53,1927275
1675866600,511.29,512.18,501.56,503.81,2062928
1675953000,505.29,509.16,498.42,500.63,1517341
1676039400,498.51,500.55,495.38,499.99,1536847
1676298600,501.74,506.785,501.35,506.45,1452837
1676385000,505.01,507.85,498.63,503.22,1257327
1676471400,502.73,511.42,501.34,511.28,1423417
1676557800,503.61,510.7299,503.6,504.1,1455951
1676644200,504.27,507.71,501.835,507.48,1340437
1676989800,500.82,503.99,496.55,501.74,1811982
1677076200,503.92,505.46,496.6,497.39,1331969
1677162600,498.8,498.855,487.86,493.14,1546431
1677249000,488.58,490.355,484.7,488.61,1587611
1677508200,492.55,492.9999,485.68,487.03,1501749
1677594600,485.6,488.88,483.78,484.18,1918221
1677681000,481.1,482.575,475.02,478.67,1759327
1677767400,477.36,487.43,475.5618,485.69,2407400
1677853800,474.83,476,465.33,475.26,5354214
1678113000,476.52,488.8174,475.52,483.08,3104742
1678199400,486.1,495.21,485,485.15,2659077
1678285800,483,486.88,481.1401,486.04,1548504
1678372200,487.48,490,478.62,479.52,1629402
1678458600,478.98,480.46,468.38,471.14,2123002
1678714200,466.8,476.69,466.8,472,1799597
1678800600,475.43,485.16,473,481.92,2422900
1678887000,481.51,487.02,478.54,485.66,2226309
1678973400,484.93,488.14,482.76,487.26,1980652
1679059800,489.07,489.9,481.51,487.05,3959291
1679319000,488,490.79,485.72,489.29,1624017
1679405400,493,493,485.99,490.85,1663959
1679491800,489.46,496.62,487.35,487.52,1299654
1679578200,490.69,493.25,484.29,487.76,1566000
1679664600,486.94,495.97,486.5558,495.27,1636784
1679923800,497.28,499.8577,492.51,493.22,1452077
1680010200,492.61,494.0624,485.41,486.77,1407839
1680096600,489.2,491.3,485.9,490.87,1642982
1680183000,493,495.7436,491,491.48,1545533
1680269400,495,498.36,493.94,496.87,2082044
1680528600,496.5,499.2,495,497.03,1804653
1680615000,496.5,502.5762,495.5,497.73,1913281
1680701400,499,504.13,495.155,497.13,1941503
1680787800,482,487.85,477.5,485.98,4114702
1681133400,483.9,493.9034,481.66,493.83,1653593
1681219800,493.83,499.99,493,498.65,1547381
1681306200,500,500.05,488.54,489.35,2063696
1681392600,493.49,498.44,490.31,497.89,1600513
1681479000,496.19,500.37,490.16,491.3,1675297
1681738200,492.77,497.89,491.15,493.94,1411760
1681824600,496.1,497.63,494.115,496.9,1339585
1681911000,497.13,497.99,493.83,496.03,1098758
1681997400,495.75,510.66,495.51,505.58,2936493
1682083800,509.37,510.64,505.46,506.35,1508643
1682343000,506.1,511.69,505.81,511.42,1374117
1682429400,511.13,513.13,502.26,503.17,1789883
1682515800,500.42,502.87,493.39,494.66,1441855
1682602200,494.83,502.26,494.83,501.27,1361583
1682688600,501.56,504.83,500.64,503.22,1170249
1682947800,499.15,500.05,488.8,493.59,2203182
1683034200,495,495.68,489.81,494.81,1940805
1683120600,496.6,498.78,489.6615,490.06,1426432
1683207000,488.94,490.91,485.93,490.34,1487048
1683293400,493.2,499.4,492.98,499.06,1709239
1683552600,497.37,500.2499,495.7,499.06,1015210
1683639000,496.96,501.74,496.39,500.79,1571815
1683725400,501.95,504.9731,495.1,499.66,1257622
1683811800,499.51,503,497.55,501.89,1046730
1683898200,503.17,506.03,501.2,504.07,1472794
1684157400,504.01,504.995,498.86,502.04,1135682
1684243800,500,500.29,494.3,496.15,1230357
1684330200,498,498.01,491.895,495,2069473
1684416600,495,498.6,494.08,498.1,2298859
1684503000,499.39,499.39,493.92,496.52,1635036
1684762200,497,497,488.54,491.87,1943758
1684848600,487.17,487.17,482.97,484.87,1800161
1684935000,487.25,487.25,480.91,482.76,1600596
1685021400,480.21,488.5399,476.75,486.55,3421937
1685107800,485.65,510.75,484.12,507.26,5302638
1685453400,509.785,514.795,501.59,508.03,2544804
1685539800,508.86,513.865,504.95,511.56,3320765
1685626200,509.33,513.74,502.1,512.6,2407734
1685712600,510.32,518.5,509.4,512.59,2284798
1685971800,512.59,518.915,512.02,518.25,2023528
1686058200,518.25,518.63,512.76,516.26,1410270
1686144600,514.51,519.29,510.57,511.23,1784661
1686231000,512.5,520.2876,512.5,520.09,1530979
1686317400,518.19,522.06,515.5,517.28,1287649
1686576600,517.28,521.27,516,520.97,1405065
1686663000,522.02,522.95,517.91,522.02,1204672
1686749400,525,527.8541,523.14,527.2,1841361
1686835800,529,531.26,526.66,529.18,1871610
1686922200,530.1,530.42,522.63,523.65,3147777
1687267800,521.95,522.9,518.14,519.7,1684741
1687354200,517.91,521.64,516.54,519.62,1273579
1687440600,520.69,524.68,519.68,524.2,1114175
1687527000,523.13,525.4,519.34,524.44,1434348
1687786200,524.4,524.87,521.26,523.42,1278456
1687872600,522.65,532.41,522.1,530.33,1673558
1687959000,528.98,533.49,528.61,532.8,1245157
1688045400,530.58,532.4475,528.95,531.69,1121756
1688131800,534.17,539.56,533.63,538.38,2222116
1688391000,537.25,541.08,534.34,541.04,951399
1688563800,541.22,546.05,537.5,541.13,1632415
1688650200,538.88,540.3,536.58,537.37,1752931
1688736600,533.89,536.46,524.63,525.05,2740555
1688995800,525.06,531.15,525.06,527.01,1955628
1689082200,527.5,530.76,526.1504,529.64,1262318
1689168600,532,540.11,531.11,538,1960548
1689255000,537.8,539.12,532.785,538.45,1647200
1689341400,538.71,546.86,538.1,546.7,1828704
1689600600,546.18,554.21,546.1,552.96,1910253
1689687000,552.67,555,549.39,553.59,1779168
1689773400,554.48,555.886,552.0201,554.11,1261093
1689859800,553.81,561.065,553.71,556.96,1732780
1689946200,559.17,562.05,557.45,557.86,5264337
1690205400,558,566.57,555.875,563.93,2087252
1690291800,566.77,567.549,564.3,565.19,1602739
1690378200,565.51,568.025,563.42,566.17,1306402
1690464600,567.72,571.16,560.6,561.83,1485269
1690551000,564.58,567.81,562.62,563.32,1371583
1690810200,563,564.2908,559.05,560.67,1366148
1690896600,560.63,562.8799,554.54,555.47,1446026
1690983000,552.26,556.632,551.0171,552.35,1636012
1691069400,553.53,560.35,552.22,557.69,1464010
1691155800,561.07,561.29,551.41,552.04,1141952
1691415000,554.99,559.56,554.99,558.41,1015378
1691501400,558,558.895,551.84,556.12,1020524
1691587800,557.98,562.09,556.81,559.7,1471780
1691674200,563.2,569.21,560.7,561.49,1107233
1691760600,560.35,564.9999,559.033,562.96,1043176
1692019800,564.77,567.71,560.44,561.47,1247567
1692106200,561.05,565.16,558.2,558.51,1124458
1692192600,561.7,564.95,558.72,559.05,1340290
1692279000,559.47,560.42,545.08,547.11,1941923
1692365400,546.92,549.47,543.11,544.94,1878090
1692624600,543.86,545.15,536.3,543.21,2076349
1692711000,541.96,541.96,537.5,538.37,1286150
1692797400,538.96,541.17,536.24,540.86,1295812
1692883800,539.29,541,530.82,531.71,1587505
1692970200,532.91,535.785,530.56,534.01,1511474
1693229400,536,537.04,533.12,536.19,945776
1693315800,534.34,543.07,534.34,542.77,1468521
1693402200,542.73,544.4234,539.31,542.26,1292815
1693488600,540,552.2,540,549.28,2086507
1693575000,553.07,553.48,540.64,544.25,1437729
1693920600,545.73,549.19,544,544.73,1714296
1694007000,541.72,548.68,540.18,546.69,1476602
1694093400,548.65,550.99,544.285,548.62,1340191
1694179800,549.07,552.3799,548.1,551.19,1077496
1694439000,552.81,559.39,551.86,558.78,1388639
1694525400,559.28,560.4,556.18,558.79,1055620
1694611800,558.3,560.4439,554.615,559.76,1162710
1694698200,564.81,566.6993,560.25,564.77,1257325
1694784600,565.33,565.51,555.54,556.36,2945317
1695043800,558.18,564.19,557.465,562.72,1003221
1695130200,561.64,565.33,559.43,564.35,1145422
1695216600,564.35,569.2189,562.66,563.83,1312150
1695303000,564.07,564.57,554.28,555.08,1688396
1695389400,555.16,562.97,554.78,558.59,1527941
1695648600,559.49,561.27,554.735,558.62,1313326
1695735000,559.15,561.37,552,552.96,2425106
1695821400,547.38,566.5,544.73,563.53,4591429
1695907800,564.07,572.18,564.07,568.63,2192427
1695994200,570,570.99,560.7,564.96,1887507
1696253400,567.91,571.74,564,571.31,1831713
1696339800,571.1,576.1948,563.01,565.04,2007373
1696426200,569.49,572.61,563.7601,571.8,1798756
1696512600,572.17,574.75,564.355,569.52,1579732
1696599000,566.09,566.95,542.63,557.53,4246692
1696858200,555,559.75,549.78,558.97,1781511
1696944600,559.92,566.95,557.24,562.09,2176975
1697031000,564.85,566.5,560.2,565.52,1449996
1697117400,568.05,569.14,562.38,563.78,1457979
1697203800,563.85,567.44,561.98,566.84,1244163
1697463000,569.69,574.0966,568.52,572.24,1428517
1697549400,571.94,576.06,570.71,574.34,1404801
1697635800,573.915,577.3,572,574.64,1311893
1697722200,573.7,575.85,564.11,565.63,2019564
1697808600,566.54,566.67,552.01,552.93,2295445
1698067800,554.14,556.925,546.63,552.29,1776509
1698154200,552.1,555.99,549.325,551.84,1678622
1698240600,548.55,553.83,545.61,549.99,1757470
1698327000,549.65,554.66,545.5301,547.6,1925263
1698413400,547.6,548.03,540.23,543.03,1503322
1698672600,545.74,556.36,543.64,554.88,1696182
1698759000,552.16,554.03,549.063,552.44,1394661
1698845400,555,558.44,549.65,556.8,1735315
1698931800,556.5,559.51,552.01,555.97,2100573
1699018200,557.33,562.99,555.23,560.9,1826753
1699281000,560.49,572.65,560.13,569.82,2056898
1699367400,572.5,573.89,569.5575,571.27,1373229
1699453800,572.12,572.99,564.295,567.38,1343554
1699540200,569,569,562.01,563.27,1288443
1699626600,567.9,577.885,564.94,577.12,1909263
1699885800,575,579.95,573.485,578.23,1650942
1699972200,581.74,591.55,581.21,590.8,2037639
1700058600,593.99,599.89,593.39,596.78,2165104
1700145000,586.38,586.585,572.24,578.58,2954653
1700231400,578.9,579.92,574.06,577.15,1774272
1700490600,577.34,582.32,577.34,580.8,1624460
1700577000,582,584.95,577.71,584.3,1173710
1700663400,586.85,591.1424,586.3451,589.08,1068932
1700836200,591.02,594.195,590.41,591.36,645766
1701095400,592.52,599.94,592.4125,594.9,1627378
1701181800,593.19,597.42,591.4239,594,1286847
1701268200,595.2,595.21,587.42,587.86,1319844
1701354600,587.83,593.07,582.825,592.74,1755214
1701441000,593.28,596.35,590.59,596.25,1475343
1701700200,592.15,599.53,591.46,599.08,1624045
1701786600,598.53,608.88,597.03,605.35,2349732
1701873000,605.5,608.482,603.86,607.43,2234139
1701959400,610,612.35,606.35,610.95,1690366
1702045800,608.6,613.61,607.73,610.78,1502329
1702305000,621.97,625.03,618.7601,623.86,2139261
1702391400,627.44,629.69,623.21,629.5,2374394
1702477800,633.92,642.595,631,642,2436857
1702564200,641.18,641.9,630.3,630.78,3839180
1702650600,641.5,661.88,640.5,658.82,8807735
1702909800,664.5,681.91,661.1,681.24,5733447
1702996200,675,680.7979,669.12,677.74,3437331
1703082600,671.79,674.35,660.8,661,3782659
1703169000,665.86,667.34,659.45,665.16,2388448
1703255400,668,673.2733,666,671.6,1641675
1703601000,673.01,675.86,670.78,674.62,1774769
1703687400,662.7,668.58,660.4,666.8,1875928
1703773800,665.85,666.86,661.5901,663.1,1496929
1703860200,661,663.185,657.16,660.08,1947516
1704205800,655.58,657.8,649.5,650.65,2657689
1704292200,651.21,655.45,643.1,644.69,2612563
1704378600,642.08,649.9,640.5101,648.35,2171077
1704465000,656.18,659.65,652.24,656.01,2233451
1704724200,655.81,662.08,654.0338,661.69,2245294
1704810600,658.88,667.29,658.255,667.18,1886171
1704897000,669.56,673.83,669.005,672.76,1801881
1704983400,671,674.51,667.64,673.58,1670780
1705069800,677.5,683.715,676.11,683.24,2388399
1705415400,683.24,686.5199,678.16,681.49,1626699
1705501800,680.5,684.87,679.19,684.19,1786799
1705588200,682.83,687.72,680.21,687.31,1900615
1705674600,688.5,696.13,682.665,694.97,2267866
1705933800,695.43,698.66,690.515,692.51,2452868
1706020200,690.72,691.63,684.625,687.59,2208580
1706106600,689,689.974,683.12,686.51,1946549
1706193000,686.5,686.5,675.96,679.9,2751888
1706279400,680.08,687.24,679.5,686.88,1825517
1706538600,689.9,694.13,686.26,694.01,2215436
1706625000,692.94,702.645,690.8,700.74,1610482
1706711400,701.32,705.52,693.04,694.88,1928495
1706797800,694,705.3,691.5,704.48,2039177
1706884200,703.34,714.28,702.26,709.48,2377629
1707143400,710.64,712.86,705.675,711.16,2276889
1707229800,711.23,712.72,704.34,710.79,1920162
1707316200,714.15,723.32,712,719.78,2145467
1707402600,723.89,728.17,720.66,724.16,1918506
1707489000,725.14,725.5332,720.12,723.4,1426119
1707748200,723.52,723.8,715.3047,722.41,1572611
1707834600,721.39,721.78,709.04,714.25,1951080
1707921000,716,722.551,711.0699,722.18,1472519
1708007400,721.49,726.03,718.28,724.51,1264141
1708093800,721.99,729.06,718.5,723.99,1764947
1708439400,728.03,734.96,723.71,725.69,2407333
1708525800,725.69,728.79,720.27,723.02,1565913
1708612200,725.85,736.05,725.85,734.4,1801596
1708698600,740.12,742.5099,737.12,737.93,1265759
1708957800,742,746.78,739.0001,745.35,1707046
1709044200,746,746.64,741.33,744.71,1471310
1709130600,743.21,751.88,743.21,747.96,1364965
1709217000,751.42,752.56,742.99,743.89,3361185
1709303400,740.44,751.375,739.25,749.44,1678119
1709562600,755.08,764.74,753.67,759.18,2133354
1709649000,768.42,769.27,756.9,759.95,2353351
1709735400,764.84,775.16,763.6647,773.24,2400644
1709821800,779.11,787.08,777.0101,785.59,4187879
1709908200,756.05,756.22,725.1,725.56,8590163
1710163800,719.81,720,711.01,714.08,3762489
1710250200,717.08,740.0535,716.905,736.88,3727425
1710336600,735,736.5,726.58,734.2,2270262
1710423000,738.33,740.6754,728.99,731.95,1826066
1710509400,732.52,732.52,723.22,725.63,3390743
1710768600,726.1,733.335,726.015,731.54,1595245
1710855000,731.79,735.35,730.02,732.17,1322684
1710941400,731,742.09,729.13,740.72,1398710
1711027800,743.5,752.31,741.1,742.56,2106857
1711114200,744.43,744.79,734.38,734.8,1794078
1711373400,731,734.16,726.74,730.96,1604668
1711459800,731,734.7,730.2201,730.98,1353548
1711546200,734,735.89,727.75,732.08,1246672
1711632600,733.85,734.9,728.32,732.63,1713268
1711978200,731.76,733.27,720.2,721.24,1600705
1712064600,720,720,708.4,711.3,2326670
1712151000,709.98,710.81,697.27,705.69,3205499
1712237400,708.77,717.13,704.22,704.88,2252433
1712323800,706.04,716.8899,706.02,713.72,1552889
1712583000,713.51,716.14,710.87,711.81,1459032
1712669400,716.24,719.05,706.975,718.59,1388289
1712755800,711,723.9799,708.95,722.58,1832047
1712842200,731.5,733.79,724.1501,732.35,2107799
1712928600,728,732.9,726.54,731.31,1481799
1713187800,735.43,741,717.95,718.28,1808014
1713274200,718.3,722.4999,712.13,715.97,1412304
1713360600,723,723.8,711,715.19,1376665
1713447000,715.19,718.95,709.57,711.25,1846393
1713533400,713.03,714.87,702,709.51,2190356
1713792600,714.86,718.26,706.17,715.46,1437110
1713879000,719.03,724.27,716.2975,722.68,1176191
1713965400,719.71,725.43,716.09,723.89,1206638
1714051800,727.29,727.29,714.41,721.86,1613597
1714138200,715,730.945,715,729.18,1524431
1714397400,729.53,732.25,720.2182,726.33,1526906
1714483800,725.51,725.51,717.1,722.9,1734764
1714570200,722.27,729.86,715.32,722.22,1609060
1714656600,724.75,734.4,720.63,732.44,1826910
1714743000,734.28,747.49,733.345,743.9,2323300
1715002200,749.59,756.94,746.48,756.45,1773298
1715088600,758.69,772.24,755.57,771.31,1897769
1715175000,770,773.39,762.71,763.41,1511930
1715261400,763.8,779.71,763.6057,779.04,1716249
1715347800,779.04,787.4499,778.16,787.19,1652658
1715607000,788,789.4814,773.58,775.15,1596784
1715693400,774.93,780.812,771.4301,777.9,1327707
1715779800,778.52,789.66,778.52,787.04,1661652
1715866200,791.81,804.56,787.83,793.07,2000002
1715952600,793.61,797.6,790.605,795.81,1309108
1716211800,795.25,802.98,792.39,793,1347079
1716298200,795.57,801.44,792,800.93,1375735
1716384600,800.04,806.35,798.01,801.86,1192763
1716471000,804.3,808.05,795.43,796.34,1519159
1716557400,800.63,816.8668,799.09,809.73,1622970
1716903000,809.74,815.29,804.72,813.17,1986260
1716989400,807.02,813.44,806.29,806.52,2282792
1717075800,810.2,819.5,808.3,815.34,2288522
1717162200,809.03,811.74,788.2,809.89,4360692
1717421400,811,827.91,807.1324,815.39,2008733
1717507800,814.98,828.01,813.04,827.39,1754454
1717594200,830.91,834.39,821.68,834.3,2080014
1717680600,835.42,849.0909,834.32,842.64,1734991
1717767000,846.68,850.38,842.29,845.58,1593589
1718026200,847.18,849.48,842.74,848.34,1402332
1718112600,849.24,850.935,840.26,849.31,1690514
1718199000,852.31,855.74,843.61,847.81,1838255
1718285400,847.81,847.81,837.55,845.96,1322381
1718371800,843.42,856.18,841.91,855.67,1395485
1718631000,854.49,870.56,853.37,867.91,1904926
1718717400,868,873.9599,867.7,870.75,1763802
1718890200,871.31,873.85,860.56,862.44,1944601
1718976600,866.64,866.9653,847.65,848.31,3852859
1719235800,850,850.63,841.51,848.16,1722886
1719322200,849.32,855.69,845,855.51,1675700
1719408600,852.72,859.74,850.06,856.84,1505286
1719495000,857.705,858.3306,848.64,850.62,1254904
1719581400,851.25,857.24,846.81,849.99,2131691
1719840600,853.5,856,840.5001,845.67,1989003
1719927000,845.69,860.36,843.08,859.36,1377857
1720013400,855,863.52,855,862.66,814423
1720186200,864.56,886.94,858.72,885.67,2620714
1720445400,886.79,887.95,877.66,880.84,1611317
1720531800,883.85,896.67,882.965,886.85,1358498
1720618200,887.4,890.27,880.7,884.31,1755823
1720704600,890.76,890.76,846.52,846.59,6021054
1720791000,849.89,850,838.38,842.9,3288384
1721050200,846.86,857.8999,844.67,848.73,2064036
1721136600,847.8,851.235,841.34,850.77,1687592
1721223000,848.01,849.95,842.65,846.28,1783079
1721309400,849.43,855.3,825.11,839.37,2338477
1721395800,836.51,848.88,835.56,838.13,1984385
1721655000,845.75,849.59,838.6,847.42,1920228
1721741400,848.9,854.5799,845.5786,852.11,1744123
1721827800,844.6,846,829.5,830.82,2511321
1721914200,835.79,836.65,814.28,815.95,2183740
1722000600,818,822.28,809.01,817.6,1441455
1722259800,822.56,823.74,814.09,815.56,1320420
1722346200,818,822,803.28,810.03,2017248
1722432600,820.42,825.48,811.27,822,2135049
1722519000,818.55,824.17,809.68,816.89,1861405
1722605400,816.2,830.285,805.0101,822.08,2598467
1722864600,798,810.82,793,801.83,2820885
1722951000,805.06,833.09,805.06,816.88,2476255
1723037400,824.11,833.83,809.26,810.3,1702040
1723123800,821.5,842.76,820.45,839.43,2345030
1723210200,838.5,857.771,837.63,854.93,1710588
1723469400,857.25,870.25,852.4,863.57,1748173
1723555800,864.92,868.05,856.16,864.82,1484055
1723642200,864.87,866.7327,858.5,862.71,1341493
1723728600,872.87,880.325,869,877.35,1923809
1723815000,877.35,877.35,868.62,870.59,1516332
1724074200,870.59,873.63,868.7,872.35,1318382
1724160600,872,876.755,871.17,876.2,1104595
1724247000,880.74,891.12,877.22,881.42,1465505
1724333400,882.3,884,873.18,877.56,1440919
1724419800,882.49,884.556,871.6684,879.21,1305753
1724679000,883.17,893.2499,881.4411,892.51,1737024
1724765400,892.69,918.928,887.07,908.9,2098899
1724851800,910.96,912.22,881.655,888.05,1668378
1724938200,891,900.46,885.17,886.63,1709893
1725024600,890.5,896.3299,883.1,892.38,1933485
1725370200,896.68,896.89,874.44,878.57,1784179
1725456600,877.45,891.755,876.5866,890.02,1425160
1725543000,888.63,888.63,868.7,885.98,1998837
1725629400,891.261,893.2,871,876.68,2074604
1725888600,884.74,898.831592,881.7,896.49,1953977
1725975000,892.6,900.69,887.5201,894.29,1360818
1726061400,895,902,877.87,900.4,1796084
1726147800,900.42,915.7,896.51,915.03,1868674
1726234200,913.63,923.8299,909.36,916,1327509
1726493400,922,922.63,905.35,907.87,1661046
1726579800,908.43,908.6,895.45,897.27,1386963
1726666200,899.94,904.98,890.9497,892.52,1338163
1726752600,904.26,905.13,895.5001,900.74,1747482
1726839000,901.57,907.8073,895.7,906.98,4658159
1727098200,906.98,919.5,900.78,917.08,1697643
1727184600,912.01,912.77,897.53,901.54,2432552
1727271000,903,910.36,901.125,908.42,1728137
1727357400,905.3,909.2399,898.13,901.44,2738553
1727443800,893.26,893.49,874,885.62,3459054
1727703000,891.37,910,881.41,886.52,2146353
1727789400,885.25,886.99,872.75,877.38,1836683
1727875800,874.65,881.23,867.16,878.53,1317146
1727962200,874.44,881.18,872.665,875.67,1451942
1728048600,877.99,884.29,875.67,883.11,1517311
1728307800,881.6,887.71,872.3264,873.59,1963158
1728394200,876.7,891.305,876.7,890.42,1697910
1728480600,892.24,910,887.87,909.1,1956453
1728567000,910,910,891.84,893.63,1765785
1728653400,894.5,894.5,885.5001,889.03,1527294
1728912600,892.45,895.1716,886.26,889.76,1431497
1728999000,892.09,900.65,889.55,894.61,1613905
1729085400,889.92,891.325,879.5001,887.38,1475495
1729171800,891.555,895.33,882.8,885.29,1321463
1729258200,885.76,890.61,883.75,889.56,1654015
1729517400,889,891.4,883.7,886.77,1184880
1729603800,890.98,894.89,884.31,893.49,1189653
1729690200,896.02,905.68,894.99,899.17,2193473
1729776600,901.5,903.5,888.26,893.42,1649565
1729863000,895.65,901.6191,890,891.22,1425842
1730122200,895.99,895.99,890,890.96,912507
1730208600,890,891.17,874.09,886.99,1361681
1730295000,886.38,886.5699,877.37,879.09,1412209
1730381400,877.2,877.65,868.65,874.18,1771876
1730467800,874.27,879.4108,867.3401,877.31,1625161
1730730600,881.34,887,876.73,886.07,1577144
1730817000,888,895.58,886.7975,890.17,1622264
1730903400,898.28,899.9,886.28,899.25,2437420
1730989800,898.62,919.48,894.37,913.93,2145454
1731076200,914,962,913.75,943.8,3277090
1731335400,943.8,951.28,931.435,932.88,2181815
1731421800,935.95,939.56,927,932.38,1691807
1731508200,930,937.5899,923.2,933.73,1757645
1731594600,927,931.15,922.1715,923.89,1859919
1731681000,917.74,920.5499,905.5613,907.07,2269945
1731940200,910.64,925.94,907.1069,919.51,1797786
1732026600,928,934,916.36,930.15,1690536
1732113000,925.08,928.8,916.5,928.08,1452130
1732199400,935,958.4899,930,955.65,2320548
1732285800,962.74,976.3,958.5201,964.01,2078740
1732545000,975,975,949.69,960.89,3240929
1732631400,964,974.37,960.89,971.5,1438037
1732717800,971.46,972.29,958.59,961.55,1499464
1732890600,968.09,973.27,962.4671,971.88,1095860
1733149800,971.36,976.5,964.76,975,1955774
1733236200,974.69,983,970.76,982.15,1653910
1733322600,982,991.15,977.55,990.92,1784687
1733409000,986.66,990.13,978.2,982.26,2089430
1733495400,982.26,997.7068,982.26,992.61,1737317
1733754600,997.01,997.01,980.5,987.86,1855470
1733841000,989.73,994.99,985.8825,993.4,1556751
1733927400,995,1007.8,993.59,994.69,1903635
1734013800,1001.68,1002.47,987.21,988.39,2344334
1734100200,981,1006.6799,965.73,989.35,2951921
1734359400,989.045,1008.25,986.37,992.87,2581292
1734445800,994,996.92,980.76,982.08,2050219
1734532200,982,985.6,964,964.74,2725300
1734618600,974.51,974.64,953.51,954.8,2610843
1734705000,949.39,961.9414,943.05,954.07,5373797
1734964200,953.88,954.255,937,949.91,1856831
1735050600,950.74,959.38,945.45,958.82,939029
1735223400,956.82,959.41,954,956.14,969936
1735309800,948.72,950.45,932.0001,939.7,1943440
1735569000,931,934.17,915.5,922.21,1881241
1735655400,923.65,924.739,912.54,916.27,1742939
1735828200,915,925.77,902,909.81,1767658
1735914600,914.33,924.21,911.0001,916.58,1614211
1736173800,917.98,927.4099,913.27,922.71,1970405
1736260200,923.84,931.305,916.43,921.37,1887982
1736346600,922.975,930.4999,915.415,927.37,1774763
1736519400,933.36,944.28,923.5,936.94,2765797
1736778600,934,934.99,921,924.7,1693763
1736865000,924.3,927.7616,909.918,917.23,1683757
1736951400,927.26,932.87,918.3001,923.5,1839386
1737037800,924.73,927.4,917.82,919.75,1352957
1737124200,930,943.8,924.565,943.19,2375012
1737469800,945.25,956.55,943.5,947.73,2042443
1737556200,951.225,951.94,939.24,944.7,2154991
1737642600,941.69,943.39,936.485,942.16,1352440
1737729000,942.16,946.0404,933.555,939.68,1562422
1737988200,930,966.99,927.1801,965.25,3044682
1738074600,961.83,965.71,954.0657,958.67,2166375
1738161000,957.8,968.257,955,964.02,1713749
1738247400,970.3,986.75,970.0975,979.01,1788180
1738333800,976.24,991,975.78,979.88,1875713
1738593000,972.385,1009.6105,968.94,1005.83,2751018
1738679400,1005.4,1024.35,999.65,1021.86,2001641
1738765800,1020,1043.09,1020,1042.88,2050058
1738852200,1050,1063,1044.2,1050.99,2218045
1738938600,1047,1056.71,1035.51,1043.81,1632854
1739197800,1052,1063,1046,1061.92,2036894
1739284200,1059.91,1065.9999,1049.04,1058.34,1748505
1739370600,1054.15,1067,1051.0002,1065.12,1662315
1739457000,1067.01,1078.235,1064.65,1076.86,1623281
1739543400,1076.48,1077.49,1068.01,1071.85,1410728
1739889000,1069.21,1071,1045.24,1056.03,2090589
1739975400,1056.06,1063.18,1053,1062.54,1349634
1740061800,1053.64,1053.64,1033.85,1034.83,2000545
1740148200,1034.605,1036.2099,1024.6801,1035.03,1816308
1740407400,1028.54,1038.185,1025.22,1035.6,1759749
1740493800,1040.73,1057.02,1037.4583,1055.66,2083802
1740580200,1050.14,1058.89,1030.18,1031.97,1555684
1740666600,1034,1042.5299,1018.8272,1021.71,1629074
1740753000,1030.61,1049.38,1023.99,1048.61,3307117
1741012200,1051.74,1066,1041.14,1046.85,2422451
1741098600,1045.73,1047.93,1028.73,1036.87,2536792
1741185000,1033.08,1050.98,1028.5,1047.75,1898604
1741271400,1032.95,1045.89,1019.0544,1026.62,2594563
1741357800,995.15,1002.42,942.78,964.31,5510718
1741613400,955.47,959.66,924.03,934.41,4459854
1741699800,931,938,921.2,930.49,3204869
1741786200,938,944.38,923.25,927.08,2331610
1741872600,922,923.5,887.47,890.62,3447210
1741959000,891.81,906.95,881.56,903.92,3186406
1742218200,901.63,923.3899,898.0001,916.61,2256059
1742304600,913,917.56,896.835,898.05,2182005
1742391000,902.86,910.16,896,904.05,1908521
1742477400,901.5,907.48,894.1,895.4,1891797
1742563800,888.75,909.77,883.96,909.26,3447576
1742823000,920,928.65,920,926.04,2208062
1742909400,926.63,932.29,922.49,930.26,1622981
1742995800,934.33,939.4151,923.45,929.75,1646854
1743082200,929.56,942.9037,928,938.75,1546989
1743168600,937.5,938.75,926,929.66,2100487
1743427800,922.36,995,922.0432,945.78,3101963
1743514200,942.42,957.7236,938.75,954.4,2041507
1743600600,950.84,970.89,950.0001,965.08,1719896
1743687000,931.08,981.352,928,967.08,3096918
1743773400,955,964.52,914.14,916.48,5166988
1744032600,887.75,937.82,871.705,908.13,4626591
1744119000,932.05,942.985,899.57,908.75,3545403
1744205400,908,967.46,897.67,965.19,5084527
1744291800,966.5,993.4105,942.8947,964.31,4209053
1744378200,963.96,970.2075,943.16,963.41,2721811
1744637400,970,987.13,965,979.32,2219943
1744723800,985.35,994,974.25,976.92,1788151
1744810200,972.13,978.65,959.24,967.75,2531715
1744896600,973.275,999.9183,971.99,994.5,2711124
1745242200,993,996.99,942.97,957.77,2841310
1745328600,969.75,987.45,966.78,979.23,2230645
1745415000,994.52,995.75,969,975.84,2109653
1745501400,973.6,978,960.71,975.48,2468463
1745587800,973.97,978.32,962.88,977.16,1780887
1745847000,978.5,985.3,968.7752,978.54,1616155
1745933400,978,993.21,971.06,991.7,1523146
1746019800,990,997.76,976.55,994.5,2212362
1746106200,990.1,1006.3799,985,999.04,1829874
1746192600,1007.83,1018,1004.605,1008.3,1547710
1746451800,1007.505,1017.78,1002.5,1014.89,1952580
1746538200,1008.45,1016.23,1003.51,1010.5,1381248
1746624600,1011.18,1014.1,1001.4701,1007.15,1316596
1746711000,1013.5,1017,991.4,1007.71,1882643
1746797400,1004.61,1010.71,998.05,1008.09,1176656
1747056600,1009.79,1016.91,992.24,1016.15,2069049
1747143000,1013.715,1023.83,987.6,999.03,2917044
1747229400,998.755,999.86,990.52,991.54,2214978
1747315800,992.65,1014,983,1010.47,2470690
1747402200,1012.49,1028.262,1009,1025.83,2033744
1747661400,1018.6,1034.99,1012.89,1034.34,1879788
1747747800,1030.01,1037.9999,1030.01,1036.82,2271232
1747834200,1030.94,1039.4699,1023.8,1025.3,1438885
1747920600,1027.725,1028.775,1014.12,1018.13,1660909
1748007000,1012,1015.11,1007,1008.5,1413916
1748352600,1015,1018.95,1010.93,1017.79,1868169
1748439000,1017.05,1024.62,1012.96,1013.14,1674743
1748525400,1016.01,1017.535,1003.6,1008.74,2023815
1748611800,1002.3,1052.49,1002,1040.18,5403837
1748871000,1034.27,1060.5,1034.27,1056.85,2148004
1748957400,1054.15,1067.08,1043.2552,1055.59,1992850
1749043800,1055,1057.8299,1049.37,1051.69,1422086
1749130200,1050,1051.0499,1006.01,1010.81,3297524
1749216600,1020.63,1020.63,1008.61,1014.94,1855428
1749475800,1012.42,1013.35,996.9663,1006.18,1696711
1749562200,1006.93,1011.51,997.7211,1007.27,2255019
1749648600,1002.44,1005.44,993.375,996.78,2459835
1749735000,999,1003.25,995.3603,1002.71,1720138
1749821400,999.08,1003.5929,988.6738,990.21,1785964
1750080600,992.33,1001.85,981.4362,984.36,2109338
1750167000,983,986.1,976.2,977.72,1668225
1750253400,980,982.65,974.07,974.9,1509613
1750426200,983.99,988.66,973.9,980.29,3255699
1750685400,983.15,1004.87,981.26,1004.48,2082928
1750771800,1005.835,1005.835,992.065,1001.92,2385103
1750858200,1003,1004.9799,986,986.54,1827694
1750944600,987.725,987.725,976.5,982.91,2262786
1751031000,982.24,993.139412,980.3,985.14,2129190
1751290200,985.16,991.74,979.7501,989.94,2127591
1751376600,990,996.839,974.5,985.96,2200576
1751463000,983.87,985.6999,976.865,982.36,1606122
1751549400,982.41,987.67,977.325,987.02,1101351
1751895000,985,992.8931,976.2,992.18,1832591
1751981400,989.5,995.87,983.925,985.84,1716151
1752067800,988.39,988.39,972.28,982.09,2922574
1752154200,987,988,969.07,970.17,2903765
1752240600,973.29,978.98,965.7,970.33,1941995
1752499800,971.1,981.49,969.62,980.91,1679303
1752586200,979.25,980.25,966.66,967.68,1878003
1752672600,967.99,969.589,950.13,951.37,2950277
1752759000,950.36,954.75,947.51,953.91,2280638
1752845400,959.95,960.26,949.65,950.95,2115538
1753104600,951.51,955.76,946.6,947.56,1742426
1753191000,948.8,957.7,941.25,941.61,1799905
1753277400,942.375,948.5,936,941.19,2401619
1753363800,941.33,942.8999,933.49,933.8,2057072
1753450200,936.3,941.29,934.35,935.48,1827655
1753709400,935.5,940.241,930.89,933.99,2006292
1753795800,933.99,941.785,927.38,934.57,2065880
1753882200,935,937.7499,925.135,927.51,1699609
1753968600,925.36,945.95,925,939.64,2564353
1754055000,939.5,956.72,939.5,952.52,2934464
1754314200,952.6,960.18,948.66,955.37,2389907
1754400600,951.325,951.5,935.68,943.63,2462286
1754487000,943.63,970.55,942.6601,968.56,2752994
1754573400,974.68,982,970.96,977.45,1893275
1754659800,977.15,988.2,977,980.98,2189701
1754919000,983.16,989.58,976.32,988.74,2290125
1755005400,988.5,991.75,980.05,991.25,1589455
1755091800,983.96,986.4,970.1,978.85,2352567
1755178200,980.6,988.2925,975.18,975.39,1808742
1755264600,979.14,979.9999,967.215,972.04,1638281
1755523800,973.3,981.28,970,979.35,2078489
1755610200,978.62,988.5299,976.79,980.85,1673394
1755696600,979,999.3,979,994.57,2229573
1755783000,988.9,989.32,967.52,969.68,2145629
1755869400,971.54,973.5,953.11,958.54,3135979
1756128600,954.96,958.3047,940.56,941.58,2284250
1756215000,941.34,944.05,933.245,941.34,4341253
1756301400,940.49,952,937.215,949.52,1893587
1756387800,950.285,950.9999,944.1301,944.96,2067919
1756474200,945,948.61,940.46,943.32,1608954
1756819800,938.66,944.5126,936.58,938.82,1793947
1756906200,939,950.09,936.5,949.78,1670458
1756992600,953.4,959.5,951.11,955.9,1471872
1757079000,958.71,969.55,956.2226,963.48,1928459
1757338200,963.73,972.34,958.5863,971.85,1737032
1757424600,970,979.87,963.11,979.25,1496835
1757511000,976.39,981,953.96,956.29,2277534
1757597400,957.8,965.16,954.28,964.32,1532027
1757683800,960.29,969.57,960,967.9,1461618
1757943000,967.82,969.74,959.706,960.1,2199423
1758029400,959.1,959.5768,950.8,952.07,2012649
1758115800,953.49,963.98,953.49,963.03,1556773
1758202200,957.37,962.5373,950.67,952.36,1860898
1758288600,955,957.439,943.79,951.16,4606020
1758547800,947.375,949.9999,939.61,943.26,2794337
1758634200,942.76,944.99,933.5,943.6,3258514
1758720600,944.275,953.6599,943.11,945.27,2149803
1758807000,952.45,953,935.6201,943.31,2991526
1758893400,925.55,927.63,905.0501,915.95,4812869
1759152600,916.34,917.22,903.29,916.87,4107021
1759239000,916.25,930.505,913.37,925.63,3096697
1759325400,923,924,911.17,917.34,2642054
1759411800,912.56,918.51,910.01,916.77,2063842
1759498200,915.59,918.101,911.2,915.38,2319199
1759757400,915.5,915.7799,904.251,910.94,2503975
1759843800,908.73,917.64,903.88,914.8,2601836
1759930200,912.535,916.3795,910.96,914.8,2376942
1760016600,932.31,943.7699,927.2801,942.89,3742871
1760103000,944.42,945.45,929,930.01,3142539
1760362200,929,935.98,923,935.56,2169648
1760448600,940.26,947.42,935.9501,946.51,1925863
1760535000,946,964,945.2601,954.99,2009832
1760621400,955.54,957.9,921.16,925.62,2721426
1760707800,929.58,938.8194,928.15,936.33,2502164
1760967000,936.185,939.8,931.5,936.11,1523704
1761053400,936.11,943.37,935,937.5,1448215
1761139800,940,952.9999,932.5,944.68,2372365
1761226200,945.47,945.47,934.49,942.05,1974780
1761312600,940,943,930.15,932.14,1639373
1761571800,930.21,933.2,925.1201,929.85,1967623
1761658200,926.87,930.72,920.2,924.16,2090768
1761744600,919,919.88,909.3,912.42,2449556
1761831000,912.69,923,910.37,920.18,2677064
1761917400,916.21,920,909.68,911.45,2456261
1762180200,912.4,929.1899,908.38,928.04,3206606
1762266600,933.21,941.17,928.965,940.74,2554542
1762353000,940,945.28,927.44,935.03,2974784
1762439400,924.36,925,908.3,923.58,3247658
1762525800,929.53,937,920.79,922.74,2584010
1762785000,919,922,909.07,915.56,2612726
1762871400,916.5,918.89,913,913.86,1663441
1762957800,915.465,918.1,911.67,914,1829740
1763044200,916.35,926.75,911.72,925.08,2430607
1763130600,927.125,928.89,915.1,922.98,1739059
1763389800,922.02,924.9,908.81,912.59,2481947
1763476200,912.59,918.91,894.17,895.08,2984688
1763562600,895,895,873.9704,890.6,3462344
1763649000,893.5,904.57,891,893.29,2648257
1763735400,894.515,905.32,892.13,899.01,2870059
1763994600,899,901.3599,881.32,886.12,3661191
1764081000,886.66,895.72,885.13,894.33,2534731
1764167400,896.02,912,895.62,908.26,1936171
1764340200,905.015,914.2,903,913.59,1092608
1764599400,913.2,918.58,906.21,911.96,2149426
1764685800,911.96,923,905,922.03,2160592
1764772200,920.81,926.32,916.02,922.26,1886769
1764858600,907.025,907.96,888.08,895.855,3787830
1764945000,897.25,905.89,893,894.68,2359794
1765204200,893.5,894,882.9,887.52,2407918
1765290600,886.85,889.02,881.51,888.44,1899463
1765377000,887.82,889.58,871.09,874.41,3318294
1765463400,875.86,886,872.5501,884.48,3041582
1765549800,883.3,888.6199,867.12,884.47,4808873
1765809000,882.11,887.49,851.4,860.56,4771436
1765895400,857.435,863.59,844.06,860.39,3843318
1765981800,858.5,868.58,858.23,862.65,2363703
1766068200,860.295,863.15,852.51,857.59,2467502
1766154600,856.57,858.45,849.32,855.62,10097638
1766413800,854,855.5,847.31,850,2373318
1766500200,849.1,854.98,846.8,854.79,1903349
1766586600,858.6,876,858.352,871.86,1822151
1766759400,870.64,877.59,869,873.35,1324051
1767018600,873.29,874.5,865.69,867.84,1792476
1767105000,864,867.82,861.43,865.65,1680756
1767191400,864.58,868,861.34,862.34,1489954
1767364200,861.14,863.1,852.5,854.5,2373388
1767623400,863.95,878.77,860.845,875.74,2805557
1767709800,875.95,894.0799,871.3,889.1,2742339
1767796200,892,893.595,879.62,882.58,2680115
1767882600,901.13,931.67,896,915.31,5207158
1767969000,915.97,929.8499,911.33,924.88,2895418
1768228200,920.4,944.825,917,943.08,3246406
1768314600,938.02,942.9,929.5975,941.93,2222092
1768401000,938.33,955.6109,938.29,950.98,2894879
1768487400,954.54,958.28,950.0001,956.75,2185919
1768573800,962,964.98,951.0001,963.61,3862947
1768919400,958.38,969.9,954.13,964.26,3209921
1769005800,959.6,989.6358,959.6,982.86,4073664
1769092200,977.89,984,971.5601,976.17,2074413
1769178600,971.44,984.85,971.01,983.25,1680580
1769437800,986.43,993,976.35,977.67,2458693
1769524200,977.68,978,961.71,970.28,2077931
1769610600,969.51,970.1,955.61,960.78,2474811
1769697000,957.99,960.3,948.51,952.89,1824966
1769783400,948.83,951.12,930.3,940.25,2396325
1770042600,944.23,970.32,931.27,968.36,2451253
1770129000,964.35,990.6548,964.28,977.92,2960736
1770215400,983.31,994.5999,975.19,978.35,2631498
1770301800,995.5,1000.95,987.33,989.29,2988847
1770388200,988.15,1001.365,983.5001,1001.16,2358563
1770647400,1001.32,1009.62,992.68,997.59,1861683
1770733800,996.01,997.45,969,971.23,1781509
1770820200,973.285,989.565,967.1201,978.14,1769375
1770906600,978.745,1009.21,978.14,998.86,2970368
1770993000,1000,1022.88,993.76,1018.48,2661568
1771338600,1022.34,1028.44,1010.4801,1012.05,1732204
1771425000,1010,1016,993.5,996.08,1926753
1771511400,992.31,1007.86,984.11,987.82,1749967
1771597800,983.13,987.37,977.81,985.27,1662183
1771857000,981.8,991.305,978.06,986.02,1489290
1771943400,986.38,998.88,985.04,998.43,1671134
1772029800,997.675,1002.5,991.44,994.76,1554568
1772116200,996.915,1005.5199,983.53,986.74,1804376
1772202600,990.53,1014.19,989.58,1010.79,3935004
1772461800,1010.91,1020.82,1002.49,1002.77,1986902
1772548200,1002.54,1015.75,1000.63,1007.77,1947502
1772634600,1005,1014,997,1006.74,1806638
1772721000,996.5,999.25,978.81,982.57,2774284
1772807400,967.005,1002.5,960.46,998.1,2708851
1773063000,999.63,1007.41,987.99,1005.3,2348212
1773149400,1000.5,1010.1,996,997.36,1613381
1773235800,996.32,997.39,987.89,992.23,1262006
1773322200,988.61,1006.21,984,1003.32,1669248
1773408600,1005.9,1012.83,1002,1008.43,1469672
1773667800,1010.5,1012.65,995.4301,1001.74,1243752
1773754200,1006.49,1008.095,994.75,996.16,1210414
1773840600,990.37,993.9819,978.14,979.92,1434421
1773927000,985.84,988.79,970.41,974.78,1340173
1774013400,975.08,980.76,970.54,972.33,2621555
1774272600,985.665,986.64,964.53,965.73,1779094
1774359000,962.06,981.28,961,973.82,1259325
1774445400,978,980.81,968.0504,974.86,1067386
1774531800,975.69,987.19,972.7201,979.65,1498250
1774618200,982.015,987.11,978.11,983.86,1540925
1774877400,987.65,1005.54,985.01,996.58,2129129
1774963800,997,1008.6,985.85,996.43,2447853
1775050200,995.025,1003.13,990.59,996.56,1769848
1775136600,1008,1016,999.21,1014.96,1828612
1775482200,1014.96,1020.69,1004.01,1018.55,1448642
1775568600,1020.26,1020.86,1004.85,1013.21,1428543
1775655000,1004.44,1030.46,1000,1030.27,2265711
1775741400,1029.49,1035.82,1025.0569,1032.03,1433627
1775827800,1026.51,1028.9999,995.5,998.47,2333039
1776087000,998.47,1000.05,979.3601,980.85,2255514
1776173400,973.68,977.61,966,974.8,2136508
1776259800,970.31,985.38,968.3,984.75,2346203
1776346200,985,995.748,981.61,987.21,1484286
1776432600,985,1000.67,977,999.89,2346525
1776691800,1003.85,1011.3,994.14,997.84,1475447
1776778200,994.37,1006.5,986.7,1005.81,1367093
1776864600,1004.98,1008.11,998.29,1003.7,1215151
1776951000,1007.575,1016.6,1007.03,1014.38,1570728
1777037400,1012,1013.45,1002.5,1011.15,1695617
1777296600,1008.625,1014.41,996.63,998.01,1620358
1777383000,1010.475,1012.65,986,994,1775955
1777469400,988.37,998.97,985.12,998.67,1516865
1777555800,996.45,1017.69,996.32,1014.53,2049273
1777642200,1015.375,1031.265,1006.32,1011.7,1509728
1777901400,1007.02,1024.72,1002.21,1012.79,1479687
1777987800,1010.51,1020.78,1009.07,1016.42,1456309
1778074200,1011.31,1012.23,992.42,995.75,2619130
1778160600,993.5,1012.66,990.66,1012.06,2013993
1778247000,1011.74,1016,1005.11,1008.79,1805188
1778506200,1005.82,1007,985.15,999.47,2053529
1778592600,1002.535,1026,1001.14,1021.88,2143229
1778679000,1017.94,1042.52,1017.94,1033.08,1654600
1778765400,1034.95,1041.785,1026.1,1041.25,1606609
1778851800,1049.36,1057.5,1039.22,1048.95,1966963
1779111000,1050,1079.8299,1045,1076.47,2295156
1779197400,1077,1096.5,1072.1,1094.32,2853290
1779283800,1089.37,1089.74,1072,1074.01,2223436
1779370200,1063.405,1064.73,1039.01,1050.45,2149696
1779456600,1039.99,1045.64,1025.19,1028.24,2051784
1779802200,1026.13,1027.5,996.16,1002.93,2707389
1779888600,1003.86,1013.51,999.6863,1003.69,2392069
1779975000,1011.61,1012,994.27,995.2,2853278
1780061400,986.57,998.82,945.45,956.32,7034527
1780320600,955,959.21,936.51,946.11,2816325
1780407000,942.29,955.3899,939.45,954.27,2218184
1780493400,952.875,969.18,951.98,961.83,2174108
1780579800,986.96,990.01,968.21,972.35,2345228
1780666200,977.5,997.41,971.6,971.87,3092018
1780925400,963.455,978.98,961.002,974.75,2086132
1781011800,974.21,981.9699,964.94,968.59,1998630
1781098200,977.444,985.255,964.31,983.37,1715603
1781184600,986.91,989.12,973.995,975.69,1903390
1781271000,975.52,984.78,970,982.35,1737681
1781530200,974.19,986.9999,968,979.45,1893749
1781616600,980.39,995.38,973.16,986.68,1523449
1781703000,980,983.7106,961.16,965.59,1928018
1781789400,962.7,964,948.311,951.45,3742885
1782135000,948.565,956.23,942.53,951.35,2191926
1782221400,964.5,966.38,953.485,957.68,2529841
1782307800,962.03,967.94,957,961.09,2020218
1782394200,949.57,955.75,938.6,942.24,2495029
1782480600,953.25,961.64,943,952.54,8239163
1782739800,958.55,969.86,942.38,946.68,2450035
1782826200,942,946,932.41,935.47,2870944
1782912600,940.43,940.43,920.55,924.67,2909693
1782999000,927,952.64,924.84,951.67,2787532
1783344600,949.1,955.5,941.4,950.25,2327543
1783431000,967.52,969,945.33,947.5,1940191
1783517400,959,966.505,948,953.13,1645512
1783603800,934.94,935,907.68,912.97,4545245
1783690200,913.735,916.73,907.21,916.25,2102257
1783949400,918.425,930.98,916.8803,926.43,2373336
1784035800,921.38,929.42,918.5599,921.75,2409202
1784122200,917.75,927.5761,910.5,916.54,2423207
1784208600,924,945.76,921.5,945.57,2735301
1784295000,961.52,964.33,933.76,940.87,2508007
1784554200,938.75,946.9784,932.0101,935.8,1508337
1784640600,930.25,931.99,924.44,929.22,1833478
1784727000,930.88,933.6,920.965,927.31,1762703
1784813400,920.505,926.53,916.76,926.06,1785244
1784899800,925.01,936.66,921.28,935.03,1586611
1785159000,938.11,956.61,936.655,951.58,2110004
1785245400,970.55,987.5525,965.87,966.58,2690594
1785331800,968.07,978.8,963,974.03,1976428
1785418200,955.04,960.76,949.68,954.17,2336010
1785504600,945.74,955.56,937.51,951.89,1760194
1785763800,965.15,967.98,948.7501,954.08,2014078
1785850200,945,950.86,937.01,947.85,2437253
1785936600,956.99,956.99,935.22,941.99,1692426
1786023000,959.55,966.135,941.78,949.15,2116908
1786109400,943.51,949.79,937.51,947.82,1524247
1786368600,942.47,952.89,940.56,952.75,1479642
1786455000,950.05,954.9,938.09,944.32,1801428
1786541400,937.4,951.3886,935.05,949.575,1312225
1786627800,954.245,962.58,949.514,961.85,1324920
1786714200,959.99,965.36,957.75,961.1,1165412
1786973400,954.835,956.75,949.42,953.5,1242967
1787059800,966.11,971.9599,955.03,961.35,1845157
1787146200,960.23,978.7,956,956.99,1642283
1787232600,931.15,944.215,925.77,933.51,2503679
1787319000,939.64,949.8999,933.82,947.74,2368373
1787578200,953.01,974.4947,951.385,971.4,2205864
1787664600,965.86,969.05,959.89,960.01,1360603
1787751000,960.58,964.45,954.5355,956.12,1223015
1787837400,948.265,948.85,933.25,934.66,2242458
1787923800,938.935,953.73,937.11,945.47,1401469
1788183000,945.19,949.3,940.71,943.89,2393041
1788269400,947.35,952.095,935.925,939.96,1508559
1788355800,938.49,938.88,920.3101,928.48,2166373
1788442200,927.79,930.76,915.31,925.41,2172780
1788528600,926.09,928.04,914.54,915.74,2079070
1788874200,912.4,915.13,906.1,910.18,2240323
1788960600,907,909.2299,898.43,902.6,2067832
1789047000,906.62,912.1,899,902.38,1926795
1789133400,905.17,907.3588,900.75,904.77,1773175
