t,o,h,l,c,v
1412688600,21.22,21.28,20.41,20.42,59344336
1412775000,20.67,22.16,20.1124,21.94,114256577
1412861400,21.9,21.92,20.72,21.22,77686786
1412947800,21.13,21.61,20.67,20.77,52079023
1413207000,21.13,21.76,21.01,21.12,45807124
1413293400,21.28,21.75,21.23,21.37,36069085
1413379800,21.51,21.93,21.2,21.45,36039064
1413466200,21.31,21.77,21.23,21.36,28757740
1413552600,21.41,21.44,20.685,20.69,54512992
1413811800,20.95,21.23,20.8,21.2,32998652
1413898200,21.43,21.58,21.021,21.1,21702102
1413984600,20.97,21.06,20.42,20.4399,40030814
1414071000,20.25,20.72,20.05,20.56,36274283
1414157400,20.53,20.64,20.27,20.47,16306208
1414416600,20.35,20.4,20.09,20.11,28523236
1414503000,20.29,20.54,20.1,20.53,32699959
1414589400,20.29,20.53,19.5701,19.64,68045173
1414675800,19.43,19.45,18.16,18.2,113088504
1414762200,17.33,17.79,16.89,17.21,103841372
1415025000,17.44,18,17.25,17.91,74226560
1415111400,17.79,17.82,17.13,17.21,67537596
1415197800,16.68,17.335,16.45,16.59,86227285
1415284200,16.9,17.69,16.85,17.21,102999996
1415370600,17.56,18.69,17.54,18.64,136476895
1415629800,18.32,18.32,17.31,17.45,111605613
1415716200,17.77,18.55,17.73,18.22,86722201
1415802600,18.43,18.7,17.79,18.24,46634221
1415889000,18.46,18.53,17.81,17.94,56202126
1415975400,17.64,19.18,17.54,19.02,110737702
1416234600,18.85,19.51,18.66,19.39,58658928
1416321000,19.72,20.38,19.57,20.3,79925354
1416407400,20.23,20.26,19.12,19.1899,120991203
1416493800,19.66,19.93,19.36,19.71,58492686
1416580200,20.23,20.29,19.57,19.875,45995742
1416839400,19.77,19.955,19.43,19.59,40827488
1416925800,19.65,20.42,19.62,20.39,72984350
1417012200,20.33,20.35,20.04,20.1,36643025
1417185000,19.27,19.28,18.09,18.36,113272061
1417444200,18.95,19.86,18.8407,19.715,87972568
1417530600,19.08,19.66,18.91,19.2,58668464
1417617000,19.5,19.97,17.72,19.25,52488074
1417703400,19.65,19.87,19.18,19.2,49542438
1417789800,18.845,19.11,18.65,18.75,46715243
1418049000,19.02,19.245,18.27,18.89,52915752
1418135400,19.52,20.17,19.43,19.77,78927844
1418221800,19.76,20.21,19.21,19.21,61160953
1418308200,18.98,19.64,18.86,18.995,41317352
1418394600,18.95,19.15,18.57,18.65,43489867
1418653800,18.36,18.72,17.32,17.34,90290362
1418740200,17.91,18,17.08,17.1,64026180
1418826600,17.28,18.1,17.16,17.98,90028099
1418913000,18.41,18.85,18.07,18.76,62391152
1418999400,18.72,19.0301,18.53,18.53,46674476
1419258600,18.4,18.5,17.365,17.46,73948671
1419345000,17.495,18.07,17.21,17.3,41643482
1419431400,17.35,17.96,17.16,17.77,40803268
1419604200,18.35,18.48,18.04,18.24,39305822
1419863400,18.17,18.19,17.75,17.82,39723377
1419949800,18.17,18.71,18.15,18.45,61264124
1420036200,18.27,18.595,18.05,18.38,29107579
1420209000,18.07,18.95,17.95,18.94,47287443
1420468200,19.06,19.47,18.76,19.44,46021080
1420554600,19.63,20.685,19.54,20.47,76091158
1420641000,20.01,20.67,19.82,20.09,45809694
1420727400,20.23,20.57,19.605,19.79,46813913
1420813800,20.13,20.73,20.13,20.71,56338994
1421073000,20.89,21.76,20.78,21.49,62924448
1421159400,21.87,21.89,20.31,20.55,75387048
1421245800,21.09,21.12,19.88,20.31,64255854
1421332200,21.19,21.65,21.06,21.48,84358312
1421418600,21.71,22.325,21.68,22.16,68948493
1421764200,22.67,23.09,22.6,22.94,73781207
1421850600,23.195,23.22,22.1,22.54,60199011
1421937000,22.82,22.95,22.32,22.42,37732385
1422023400,22.22,22.31,21.615,21.74,51411334
1422282600,21.37,22.16,21.13,22.15,38330281
1422369000,22.36,22.93,22.31,22.88,52575341
1422455400,22.51,22.7248,21.73,21.97,69658560
1422541800,21.42,21.74,21.08,21.59,48279258
1422628200,21.67,22.33,21.3,22.29,51653135
1422887400,21.83,22.68,21.8,22.45,41388278
1422973800,22.16,22.43,21.71,21.87,52864467
1423060200,22.15,22.5,21.88,22.27,37901054
1423146600,22.13,22.59,22,22.58,26391976
1423233000,21.75,21.97,21.31,21.33,83701945
1423492200,21.53,21.855,21.52,21.69,31117433
1423578600,21.44,21.49,21.13,21.28,35880702
1423665000,21.35,21.4,20.8201,20.86,37436176
1423751400,21.11,21.27,20.89,21.15,36040993
1423837800,21.3,21.56,21.2,21.26,20499431
1424183400,20.74,20.91,20.5,20.57,47904208
1424269800,20.6,21.155,20.37,21.04,62464787
1424356200,21.06,21.12,20.42,20.54,44351798
1424442600,20.65,20.93,20.42,20.45,28204698
1424701800,20.33,20.74,20.21,20.54,29428742
1424788200,20.33,20.64,20.21,20.42,27003539
1424874600,20.62,20.945,20.55,20.79,42515881
1424961000,21.12,21.15,20.89,20.96,23794668
1425047400,21.17,21.48,21.11,21.28,33900134
1425306600,21.31,21.35,20.635,20.76,51326357
1425393000,20.84,21.05,20.285,20.38,36239445
1425479400,20.43,20.45,19.99,20.04,34871067
1425565800,20.2,20.38,19.94,20.08,19225561
1425652200,19.48,19.48,18.51,18.58,106781637
1425907800,18.75,18.81,17.91,17.91,66267697
1425994200,17.95,18.25,17.48,17.67,57613889
1426080600,17.7,18.26,17.29,18.2,72568585
1426167000,18.33,18.42,17.87,18.07,50202057
1426253400,18.16,18.17,17.555,18.07,38433465
1426512600,18.12,18.28,17.75,18.11,28041206
1426599000,17.85,18.2982,17.75,17.93,41381960
1426685400,17.88,18.88,17.71,18.84,83455799
1426771800,18.7,18.89,18.45,18.71,30136851
1426858200,18.95,19.48,18.89,19.33,55471948
1427117400,19.46,19.77,19.34,19.75,37938882
1427203800,19.81,19.83,19.53,19.64,27594468
1427290200,19.85,19.91,19.35,19.36,32797213
1427376600,19.68,19.875,18.87,19.07,53919801
1427463000,18.93,19.15,18.63,18.84,35143435
1427722200,18.53,18.72,18.38,18.47,37549388
1427808600,18.54,18.64,18.16,18.24,34256437
1427895000,18.54,19.25,18.46,19.21,82601097
1427981400,19.07,19.35,18.76,18.99,47542822
1428327000,19.63,19.8,19.47,19.7,50548452
1428413400,19.55,19.63,19.18,19.19,51149595
1428499800,19.3,19.43,18.9,19.09,30498167
1428586200,18.87,19.06,18.77,18.91,19143035
1428672600,19.28,19.49,19.2719,19.45,41731993
1428931800,19.48,19.49,19.195,19.26,24567180
1429018200,19.28,19.6,19.24,19.41,24945627
1429104600,19.57,20.02,19.42,19.98,45624188
1429191000,20.04,20.23,19.64,19.74,36434952
1429277400,19.84,20.06,19.655,19.72,25575897
1429536600,19.56,19.85,19.45,19.83,22548090
1429623000,19.85,20.07,19.68,19.97,18308096
1429709400,19.8,19.885,19.31,19.3101,52298227
1429795800,19.34,19.89,19.34,19.78,43056504
1429882200,19.62,19.83,19.36,19.36,41542949
1430141400,19.61,20.175,19.54,19.76,56812983
1430227800,19.88,20.56,19.88,20.53,61169747
1430314200,20.53,20.9,20.39,20.72,48166641
1430400600,20.18,20.255,19.86,20.11,58552534
1430487000,19.91,20.27,19.89,20.27,30991676
1430746200,20.59,20.655,20.28,20.41,20459680
1430832600,20.62,20.71,20.1,20.22,30224286
1430919000,20.32,20.35,19.66,19.71,46000459
1431005400,19.53,19.84,19.28,19.83,48920310
1431091800,19.94,20.065,19.64,19.97,24672137
1431351000,19.94,20.16,19.785,20.02,15760410
1431437400,20.08,20.34,20.07,20.29,32359158
1431523800,20.59,20.89,20.56,20.78,48741463
1431610200,20.99,21.25,20.71,20.82,49156297
1431696600,20.64,20.9756,20.5223,20.72,25460824
1431955800,20.86,20.93,20.65,20.75,18193810
1432042200,20.46,20.46,19.99,20,45125381
1432128600,20.06,20.31,20.025,20.08,24315624
1432215000,20,20.12,19.89,19.94,17569068
1432301400,19.95,20.06,19.82,19.83,22209704
1432647000,19.47,19.48,19.185,19.245,48088378
1432733400,19.32,19.45,19.17,19.44,25462963
1432819800,19.34,19.64,19.1501,19.6,28073776
1432906200,19.65,19.79,19.48,19.58,16940577
1433165400,19.83,19.91,19.45,19.49,25069195
1433251800,19.64,19.87,19.57,19.78,32909984
1433338200,19.62,19.73,19.315,19.41,37003629
1433424600,19.16,19.2,19.04,19.07,26423432
1433511000,18.82,19,18.67,18.83,29508613
1433770200,18.87,19.03,18.71,19.02,41183459
1433856600,19.08,19.225,18.76,18.78,24942359
1433943000,19.04,19.14,18.88,18.96,30386266
1434029400,18.8,18.86,18.63,18.74,23837088
1434115800,18.68,18.7694,18.5,18.55,22851006
1434375000,18.51,18.83,18.42,18.59,28170391
1434461400,18.43,18.49,18.3,18.33,30638866
1434547800,18.26,18.88,18.23,18.86,54948331
1434634200,19.14,19.18,18.99,19.1,38765054
1434720600,19.03,19.07,18.52,18.64,45124557
1434979800,18.41,18.52,18.32,18.33,27510823
1435066200,18.25,18.52,18.25,18.38,21862375
1435152600,18.3,18.48,18.25,18.36,14923642
1435239000,18.32,18.45,18.17,18.17,31516860
1435325400,18.15,18.26,18.0645,18.09,19863799
1435584600,18.17,18.23,17.9,17.9,28759779
1435671000,17.83,18.045,17.67,17.76,32479314
1435757400,17.68,17.71,17.26,17.28,35526374
1435843800,17.39,17.67,17.3745,17.63,35636567
1436189400,17.5,18.03,17.39,17.85,34573827
1436275800,17.44,17.46,16.95,16.98,66785234
1436362200,17.16,17.28,16.84,16.86,23785002
1436448600,17.13,17.19,16.77,16.93,14404752
1436535000,16.98,17,16.63,16.75,31843256
1436794200,16.53,16.81,16.4,16.8,17813177
1436880600,16.78,16.94,16.6801,16.69,16502444
1436967000,16.53,16.58,16.27,16.31,47108973
1437053400,16.28,16.28,16.1,16.15,20774625
1437139800,16.05,16.05,15.37,15.42,67369905
1437399000,14.7,14.77,13.75,13.76,169146045
1437485400,14.06,14.53,14.02,14.12,90063079
1437571800,13.82,14.28,13.665,14.08,39924814
1437658200,14.24,14.3,13.51,13.62,69592011
1437744600,13.41,14.13,13.17,14.08,141204170
1438003800,13.9,14.3767,13.44,13.57,76274733
1438090200,13.73,13.84,13.54,13.69,39222987
1438176600,13.69,14.07,13.54,13.97,56984089
1438263000,13.66,13.825,13.4,13.46,73229886
1438349400,13.84,13.97,13.58,13.75,41361098
1438608600,13.64,13.68,13.18,13.27,61550240
1438695000,13.47,13.54,13.18,13.29,69613752
1438781400,13.42,13.54,13.01,13.09,41758714
1438867800,13.21,13.69,13.11,13.37,69121167
1438954200,13.42,13.85,13.325,13.4,50618230
1439213400,13.57,14.29,13.36,14.29,91376792
1439299800,14.44,14.53,13.94,14.52,55172850
1439386200,14.81,15.53,14.78,15.52,123217213
1439472600,15.05,15.21,14.54,14.64,101956102
1439559000,14.92,14.99,14.36,14.49,33094266
1439818200,14.8,15.11,14.75,15.04,66965978
1439904600,14.74,14.92,14.51,14.77,52910997
1439991000,14.9,15.28,14.88,15.2,65822392
1440077400,15.69,16.05,15.57,15.82,86899959
1440163800,16.14,16.16,15.24,15.39,84174945
1440423000,15.16,15.605,14.07,14.13,131865306
1440509400,14.52,14.53,13.58,13.67,72336049
1440595800,13.48,13.49,12.96,13.04,97910140
1440682200,13.1,13.905,13.01,13.79,111023277
1440768600,13.76,14.405,13.75,14.25,94381323
1441027800,13.94,14.11,13.59,14.11,57079829
1441114200,14.21,14.37,13.67,13.67,56978824
1441200600,13.76,13.9,13.33,13.63,38700493
1441287000,13.39,14.03,13.36,13.38,49765417
1441373400,13.28,13.43,13.06,13.39,45569737
1441719000,13.53,13.74,13.335,13.55,36832868
1441805400,13.36,13.52,13.1,13.13,54365173
1441891800,13.35,13.42,13.08,13.12,33086571
1441978200,13,13.28,12.62,13.21,63781533
1442237400,13.06,13.34,12.91,13.07,37077439
1442323800,13.05,13.315,12.99,13.11,26398040
1442410200,13.38,13.93,13.37,13.89,81356402
1442496600,13.72,14.44,13.66,14.27,79245426
1442583000,14.6,14.71,14.18,14.48,53111926
1442842200,14.27,14.36,13.99,14,58501983
1442928600,13.67,13.71,13.31,13.36,73786478
1443015000,13.64,13.69,13.23,13.26,37996449
1443101400,13.62,14.275,13.56,14.22,102655924
1443187800,13.96,14.11,13.88,13.98,34885654
1443447000,13.62,13.715,13.29,13.32,67205917
1443533400,13.47,13.68,13.295,13.41,34734804
1443619800,13.22,13.74,13.19,13.74,41340742
1443706200,13.79,13.99,13.35,13.41,54110108
1443792600,13.95,14.5,13.88,14.49,98242132
1444051800,14.6,15.18,14.58,15.12,102197876
1444138200,15.52,15.77,15.23,15.68,92653207
1444224600,15.7,15.83,15.37,15.61,53676971
1444311000,15.36,16.15,15.32,15.41,62811017
1444397400,15.97,16.27,15.85,16.26,86931787
1444656600,16.61,16.61,15.62,15.78,73832637
1444743000,15.79,16.14,15.68,15.87,48817621
1444829400,16.24,16.99,16.165,16.9,126780679
1444915800,16.605,17.04,16.48,16.89,46677602
1445002200,16.84,16.99,16.37,16.39,65976635
1445261400,16.32,16.43,15.61,15.7,111747804
1445347800,15.9,16.52,15.89,16.33,88202890
1445434200,16.1,16.1723,15.73,15.85,63704079
1445520600,15.81,16.27,15.78,16.12,48065226
1445607000,16.34,16.655,15.93,16.52,65417223
1445866200,16.48,16.48,16,16.01,58216341
1445952600,15.92,16.21,15.79,16.04,25161301
1446039000,16.41,16.805,15.6,15.89,76262411
1446125400,15.635,15.78,15.035,15.12,87347236
1446211800,15.07,15.39,14.95,14.96,42003165
1446474600,14.8,15.18,14.63,15.02,40933424
1446561000,14.76,15.11,14.71,14.94,27659066
1446647400,15.05,15.22,14.6,14.62,47752798
1446733800,14.63,14.63,14.01,14.08,89901041
1446820200,13.64,13.72,13.41,13.46,73796298
1447079400,13.46,13.84,13.31,13.83,76441882
1447165800,13.57,13.715,13.4235,13.47,54219017
1447252200,13.54,13.66,13.44,13.65,29725669
1447338600,13.33,13.79,13.29,13.47,41792947
1447425000,13.44,13.6795,13.395,13.619,31486348
1447684200,13.74,13.8598,13.63,13.74,24226222
1447770600,13.62,13.66,13.05,13.08,70962553
1447857000,13.15,13.58,12.92,13.49,69238235
1447943400,13.69,14.06,13.665,13.97,57812970
1448029800,14.03,14.07,13.34,13.4,67609961
1448289000,13.35,13.48,13.25,13.33,26679887
1448375400,13.6,13.875,13.49,13.84,59251939
1448461800,13.65,13.95,13.56,13.71,35075085
1448634600,13.41,13.59,13.365,13.45,38458224
1448893800,13.55,13.795,13.52,13.76,43282792
1448980200,13.85,14.2,13.69,14.16,55243231
1449066600,13.82,14.0188,13.62,13.79,59197511
1449153000,14.03,14.2099,13.86,14.083,51983749
1449239400,14.23,14.86,14.23,14.83,76943239
1449498600,14.62,14.66,14.055,14.2,69177163
1449585000,14.23,14.31,13.94,14.08,58937739
1449671400,14.42,14.53,14.09,14.27,50909904
1449757800,14.15,14.46,14.13,14.21,32698220
1449844200,14.05,14.53,14.03,14.38,47148460
1450103400,14.28,14.32,13.56,13.56,88301096
1450189800,13.72,13.819,13.51,13.63,37161529
1450276200,13.93,14.24,13.67,14.17,82756558
1450362600,13.68,13.68,13.3,13.34,92531928
1450449000,13.55,13.825,13.48,13.635,62472418
1450708200,13.81,13.9,13.65,13.76,70487016
1450794600,13.73,13.92,13.63,13.68,33462860
1450881000,13.77,13.98,13.74,13.965,42889055
1450967400,14.08,14.29,14.0599,14.27,24429085
1451313000,14.03,14.04,13.67,13.79,49718130
1451399400,13.97,14.05,13.79,13.95,28853291
1451485800,13.65,13.74,13.57,13.66,40319342
1451572200,13.66,13.7488,13.6,13.72,27523264
1451917800,14.12,14.24,13.865,14.09,53710103
1452004200,14.13,14.15,13.91,14.02,29913361
1452090600,14.22,14.35,14.15,14.25,39864724
1452177000,14.5,15.01,14.3816,14.88,78644599
1452263400,14.5,14.64,14.26,14.52,66017860
1452522600,14.57,14.61,13.82,13.92,69796877
1452609000,13.8,13.8,13.37,13.61,66902549
1452695400,13.54,13.8,13.36,13.61,39568143
1452781800,13.46,13.59,13,13.13,56311143
1452868200,13.6,13.6088,13.065,13.085,35653183
1453213800,13.21,13.24,12.4,12.47,76883367
1453300200,12.78,12.92,12.52,12.85,64908606
1453386600,12.7,12.98,12.45,12.91,32173585
1453473000,12.73,13.17,12.69,13.03,32747308
1453732200,13.26,13.4,13.16,13.38,51095365
1453818600,13.53,14,13.52,13.97,76144484
1453905000,13.87,14.21,13.71,14.2,60024695
1453991400,13.87,14.185,13.73,13.86,51302769
1454077800,13.83,14.24,13.74,14.21,46570702
1454337000,14.33,14.65,14.3,14.65,48295585
1454423400,14.48,14.57,14.11,14.3,59458751
1454509800,14.44,15.35,14.42,15.35,120309254
1454596200,15.8,16.365,15.77,16.15,122759253
1454682600,15.75,17.12,15.57,17.05,129420572
1454941800,17.5,17.9,17.44,17.47,117795090
1455028200,17.72,17.815,16.75,16.75,122342702
1455114600,16.72,17.16,16.15,17.14,80445139
1455201000,18.35,18.65,17.77,18.37,168723889
1455287400,17.85,18.85,17.78,18.84,93974030
1455633000,17.94,18.31,17.2,17.21,155672243
1455719400,17.54,17.91,17.335,17.82,78925532
1455805800,17.52,18.91,17.44,18.9,106526884
1455892200,18.61,18.89,18.28,18.38,79098722
1456151400,17.82,18.69,17.75,18.53,50464734
1456237800,18.89,19.06,18.65,18.92,73296840
1456324200,19.44,19.85,18.8,19.11,91260397
1456410600,19.01,19.46,18.94,19.39,59332503
1456497000,18.95,19.335,18.64,18.69,117343278
1456756200,18.96,19.4,18.92,19.38,80199446
1456842600,19.44,19.5,18.52,18.57,119848346
1456929000,18.72,19.1775,18.59,19.0508,79717557
1457015400,19.16,20.0175,19.1005,19.82,100314531
1457101800,19.84,20.875,19.56,19.71,138290747
1457361000,20,20.73,19.92,20.4,109608538
1457447400,20.62,20.73,19.39,19.42,137523020
1457533800,19.01,19.725,18.81,19.51,79357761
1457620200,19.84,20.44,19.75,20.38,100554562
1457706600,20.24,20.575,19.84,19.98,87906084
1457962200,20.15,20.23,19.11,19.12,122947826
1458048600,19.11,19.55,18.86,19.53,73297418
1458135000,19.22,20.96,18.98,20.86,167168103
1458221400,21.05,21.42,20.37,20.43,131512407
1458307800,20.36,20.93,20.35,20.61,66406771
1458567000,20.5,20.78,20.31,20.57,40155085
1458653400,20.9,21,20.35,20.58,42354426
1458739800,19.78,19.88,19.02,19.03,156720749
1458826200,19.25,19.6,19.071,19.46,64733003
1459171800,19.62,19.66,19.09,19.42,35286724
1459258200,19.63,20.6,19.4,20.54,123660866
1459344600,20.23,20.5,19.851,20.23,62118354
1459431000,20.48,20.565,19.96,19.97,46237376
1459517400,19.46,20.12,19.32,20.12,58369174
1459776600,20.05,20.05,19.5135,19.53,65764779
1459863000,20.06,20.19,19.555,20.13,74601422
1459949400,19.88,20.23,19.8,20.15,35891037
1460035800,20.59,20.855,20.52,20.78,81856155
1460122200,20.71,21.55,20.7,21.44,69638855
1460381400,21.92,22.79,21.86,22.7,121978452
1460467800,22.78,23.055,22.36,22.88,62246394
1460554200,22.48,22.78,22.17,22.25,77053444
1460640600,22.15,22.34,21.295,21.6,100769976
1460727000,21.75,22.31,21.45,22.2,69043497
1460986200,22.47,22.48,21.91,22.18,39776623
1461072600,23.08,23.47,22.92,23.26,101450616
1461159000,23.24,23.82,22.71,22.84,107920450
1461245400,23.45,23.53,22.87,23.25,81445025
1461331800,22.95,23.41,22.435,22.59,101689236
1461591000,22.73,22.885,22.37,22.46,39890878
1461677400,22.71,23.01,22.39,22.99,63797916
1461763800,23.15,23.31,22.59,23.24,56420340
1461850200,23.48,24.4,23.42,24.2775,104264257
1461936600,24.75,25.83,24.72,25.83,116215950
1462195800,26.1,26.17,25.1,25.39,84514188
1462282200,25.49,25.53,24.47,24.66,94115524
1462368600,24.2,24.65,23.29,23.41,122063041
1462455000,23.82,24.32,23.72,24.18,88670133
1462541400,24.69,25.44,24.555,25.13,100086904
1462800600,24.04,24.18,23.5,23.52,128209010
1462887000,23.65,24.505,23.34,24.4,87010993
1462973400,24.92,25.34,24.195,25.05,84347426
1463059800,25.1,25.4,24.42,24.55,76147241
1463146200,24.58,25,24.44,24.79,47602888
1463405400,25.33,25.61,25.03,25.24,64173679
1463491800,25.18,25.85,24.92,25.58,60077774
1463578200,25.06,25.42,23.55,23.56,190329779
1463664600,23,24.09,22.78,23.96,88377960
1463751000,24.24,24.27,23.375,24.05,70444849
1464010200,23.47,24.24,23.36,23.78,51488888
1464096600,23.245,23.47,22.44,22.47,124509694
1464183000,22.36,23.185,21.94,23.03,90321703
1464269400,23.35,23.56,22.75,22.95,52006903
1464355800,22.74,22.96,22.17,22.28,100822961
1464701400,22.31,23.05,22.13,22.58,78294955
1464787800,22.7,23.09,22.34,22.72,51078869
1464874200,22.67,22.97,22.48,22.77,35409236
1464960600,24.08,25.36,24.08,25.33,190026809
1465219800,25.28,25.54,24.8443,25.45,76841900
1465306200,25.11,25.4399,25.01,25.11,52296412
1465392600,26.19,26.5,25.84,25.93,98078712
1465479000,25.92,26.41,25.765,26.33,62777332
1465565400,26.53,26.9008,25.755,25.96,68347905
1465824600,26.59,26.65,25.6,25.91,51094432
1465911000,26.06,26.06,25.13,25.34,71065698
1465997400,25.34,26.54,25.22,26.32,104434590
1466083800,27.03,27.03,25.41,25.485,124160707
1466170200,25.95,26.03,25.25,25.79,72290185
1466429400,25.01,25.81,24.91,25.64,58425435
1466515800,25.11,25.36,24.91,24.93,78428035
1466602200,25.025,25.5,24.8,25.5,75614745
1466688600,25.27,25.67,25.1317,25.22,61697453
1466775000,27.67,27.71,26.37,26.71,142864557
1467034200,26.97,27.41,26.43,27.06,79222201
1467120600,26.58,27,26.48,26.6,80951502
1467207000,27.01,27.607,26.95,27.15,68734123
1467293400,27.45,27.75,27.16,27.71,53540047
1467379800,28.5,29.2,28.44,29.05,86021775
1467725400,29.48,29.76,28.85,29.64,70577688
1467811800,30.08,30.68,29.96,30.57,106290259
1467898200,30.13,30.15,29.4,29.61,88889596
1467984600,29.66,30.68,29.4305,30.54,94809994
1468243800,30.23,30.73,30.14,30.6,46583952
1468330200,30.29,30.47,29.39,29.4,94497422
1468416600,30.09,30.6285,29.83,30.37,66785930
1468503000,29.52,30.245,29.35,30.21,55919243
1468589400,29.71,30.15,29.67,29.87,50421755
1468848600,29.95,30.05,29.581,29.98,50567059
1468935000,29.85,29.99,29.635,29.67,44503780
1469021400,28.96,28.97,27.8,27.99,130406111
1469107800,28.31,29.02,28.11,28.87,85509299
1469194200,28.5,28.95,28.47,28.78,30446467
1469453400,28.34,28.35,27.445,27.73,89557142
1469539800,28.21,28.73,27.99,28.5,74116407
1469626200,28.97,29.97,28.24,29.8,113312057
1469712600,29.93,30.09,29.24,29.75,57024498
1469799000,30.27,30.77,30.02,30.59,74383707
1470058200,30.47,31.05,30.26,30.93,84315508
1470144600,31.34,31.64,31.18,31.32,68903623
1470231000,31.12,31.13,30.7,30.94,50504164
1470317400,31.13,31.445,31.1,31.23,44509124
1470403800,30.35,30.47,30.06,30.23,85813909
1470663000,30.2,30.81,30.15,30.5,43730906
1470749400,30.74,30.95,30.59,30.76,42545443
1470835800,31.54,31.69,30.97,31.3,56247150
1470922200,31.32,31.785,30.98,31.04,48765217
1471008600,31.76,31.79,30.92,31.05,44118762
1471267800,31.1,31.3,30.74,30.86,39820796
1471354200,30.92,31.085,30.64,30.81,35355609
1471440600,30.5,30.62,29.66,30.37,78518185
1471527000,30.63,30.78,30.32,30.75,60204226
1471613400,30.14,30.325,29.86,29.96,61761924
1471872600,29.5,29.59,29.3,29.46,47948120
1471959000,29.72,29.77,28.98,29.02,57386674
1472045400,28.62,28.65,26.84,26.97,168133477
1472131800,26.96,27.86,26.64,27.31,68662934
1472218200,27.89,28.43,26.82,27.18,109036624
1472477400,26.9,27.52,26.72,27.24,57214336
1472563800,26.98,27.09,25.66,25.9,104101167
1472650200,25.6,25.85,25.33,25.49,76912308
1472736600,25.35,26.47,25.17,26.42,131755802
1472823000,27.25,27.46,26.79,27.35,105245017
1473168600,27.92,28.7,27.67,28.68,109292609
1473255000,28.6,28.65,27.775,28.52,76616751
1473341400,28.35,28.6101,27.7,27.9,86866496
1473427800,27.51,27.52,26.245,26.41,147300733
1473687000,25.95,27.28,25.86,27.04,103987023
1473773400,26.74,26.8,25.685,26.06,100593411
1473859800,26.31,26.665,25.86,26.01,58638063
1473946200,25.97,26.64,25.6,26.18,67775212
1474032600,25.84,26.31,25.56,25.96,78274870
1474291800,26.37,26.41,26.01,26.09,75485909
1474378200,26.11,26.29,25.86,26.06,36482285
1474464600,26.62,28.01,26.54,27.9,154524795
1474551000,28.25,28.56,27.45,27.74,75802451
1474637400,27.69,27.77,26.75,27.02,71253206
1474896600,27.21,28.08,26.735,26.78,34991127
1474983000,26.49,26.585,26.01,26.28,63202248
1475069400,26.27,27.11,25.86,26.91,76698164
1475155800,26.57,26.92,26.32,26.69,43496550
1475242200,27.21,27.245,26.33,26.43,45277390
1475501400,26.35,26.57,25.65,25.96,60525645
1475587800,25.1,25.1,23.38,23.4,232153602
1475674200,23.84,23.98,22.93,23.58,107388136
1475760600,22.83,23.21,22.58,22.84,99699507
1475847000,23.57,23.74,22.59,23,82953617
1476106200,23.17,23.39,22.965,23.16,39561267
1476192600,22.89,23.08,22.5,22.58,76084955
1476279000,22.71,23.36,22.62,23.07,77536233
1476365400,23.21,24.085,23.03,23.49,78278080
1476451800,23.14,23.635,22.91,22.99,68079828
1476711000,23.15,23.47,23,23.34,43448256
1476797400,23.82,24.265,23.55,24.2,80749716
1476883800,24.65,24.99,24.36,24.87,88193127
1476970200,24.86,24.94,24.375,24.81,39322123
1477056600,24.71,24.78,24.4,24.62,34304831
1477315800,24.86,24.87,23.79,24.09,69003641
1477402200,24.29,24.93,24.18,24.65,68885160
1477488600,24.62,24.75,23.86,24.13,80726794
1477575000,24.32,24.36,23.48,23.73,64873452
1477661400,23.67,24.29,23.43,23.81,61709846
1477920600,23.96,24.55,23.74,24.52,73846498
1478007000,25.08,25.58,24.91,25.13,82620895
1478093400,25.69,25.93,24.55,24.76,114456948
1478179800,24.78,25.47,24.73,25.3,67325554
1478266200,25.29,25.33,24.65,25.07,64627946
1478529000,24.22,24.35,23.75,24.08,91724886
1478615400,24.19,24.68,23.64,23.96,63550875
1478701800,25.63,25.7,24,24.59,120870834
1478788200,24.34,24.34,22.6,22.75,180716526
1478874600,22.67,22.75,20.83,20.92,179547684
1479133800,20.51,21.76,20.13,21.12,135306098
1479220200,21.23,22.15,20.99,22.02,107240502
1479306600,21.9,22,21.385,21.84,55839808
1479393000,21.81,22.245,20.9031,21.3,97704090
1479479400,21.05,21.28,20.77,21.05,75593038
1479738600,21.44,21.75,21.28,21.48,63978386
1479825000,21.55,21.62,20.96,21.56,44434973
1479911400,20.72,20.72,20.14,20.5,134621971
1480084200,20.7,20.86,20.44,20.61,34434225
1480343400,20.9,21.44,20.67,21.4,100582680
1480429800,20.88,21.38,20.77,21.23,50015476
1480516200,20.98,21.05,20.52,20.83,70615438
1480602600,20.59,21.14,20.27,20.66,58942445
1480689000,20.91,21.495,20.9,21.37,88022261
1480948200,20.99,21.58,20.63,21.33,64778054
1481034600,21.32,21.67,21.0625,21.2,43701303
1481121000,21.58,21.735,21.28,21.44,63628610
1481207400,21.35,21.52,21.18,21.46,35073568
1481293800,21.23,21.3,20.52,20.67,99890487
1481553000,20.9,21.1,20.62,20.75,54072779
1481639400,20.73,21.1,20.59,21.04,58388484
1481725800,21.34,21.49,19.87,19.89,154550063
1481812200,19.31,19.35,18.68,18.99,175932653
1481898600,19.26,19.48,18.79,19.08,99834331
1482157800,19.17,19.28,18.92,19.08,46656788
1482244200,18.71,19.175,18.58,19.13,56487545
1482330600,19.21,19.29,18.97,19.09,75381500
1482417000,19.05,19.42,19,19.07,59725480
1482503400,19.15,19.43,19.1025,19.34,58208895
1482849000,19.67,19.88,19.52,19.87,60061540
1482935400,19.75,20.315,19.64,20.24,61690268
1483021800,20.47,21.84,20.45,21.75,140319107
1483108200,21.79,22.235,20.79,20.92,142043287
1483453800,21.07,21.77,20.98,21.76,83239565
1483540200,22,22.01,21.56,21.92,59106159
1483626600,22.36,23.35,22.35,23.2,135141955
1483713000,22.68,23.09,22.02,22.39,123849487
1483972200,22.92,22.94,22.32,22.46,61158130
1484058600,22.68,22.96,22.275,22.62,69928585
1484145000,22.39,22.85,21.9,22.57,75435254
1484231400,23.05,23.25,22.38,22.62,67123819
1484317800,22.39,22.84,22.15,22.74,48983523
1484663400,23.48,23.56,23.165,23.36,94245661
1484749800,23.35,23.55,22.71,23.01,75029502
1484836200,22.75,23.07,22.55,22.88,60294585
1484922600,22.905,23.46,22.72,23.12,56212363
1485181800,23.36,23.82,23.25,23.81,87895725
1485268200,23.75,24.25,23.59,23.83,78455508
1485354600,23.36,23.4962,23.115,23.47,64683077
1485441000,22.93,23.13,22.78,22.87,68360954
1485527400,22.88,23.27,22.88,23.22,49016456
1485786600,23.33,23.6,23.095,23.15,35261207
1485873000,23.73,23.93,23.67,23.93,92955621
1485959400,23.56,24.99,23.45,23.85,56371625
1486045800,24.41,24.545,24.21,24.38,56822463
1486132200,24.38,24.65,24.27,24.5,33050498
1486391400,24.9,25.42,24.62,25.4,74543952
1486477800,25.13,25.57,25.03,25.29,58295180
1486564200,25.56,25.71,25.27,25.57,41295577
1486650600,25.57,25.62,24.84,24.91,80783299
1486737000,24.67,25.36,24.6,25.29,65396107
1486996200,25,25.1464,24.86,24.95,49701595
1487082600,25.27,25.325,24.61,24.92,56856876
1487169000,24.6,24.97,24.5,24.93,28928943
1487255400,25.06,25.335,24.98,25.2,46822697
1487341800,25.29,25.32,24.73,24.79,50189459
1487687400,24.48,24.76,24.12,24.62,50226280
1487773800,24.48,24.599,23.8201,24.33,78978500
1487860200,24.73,24.86,24.35,24.37,45345036
1487946600,24.71,24.72,24.05,24.13,49738718
1488205800,24.1,24.58,22.73,22.84,112479370
1488292200,23.24,23.42,22.64,22.85,83215196
1488378600,22.45,23.17,22.27,22.98,64108583
1488465000,22.49,22.685,21.83,21.93,102332071
1488551400,21.73,22.47,21.57,22.2,82068784
1488810600,22.1,22.12,21.35,21.64,75805847
1488897000,21.38,21.8,21.22,21.51,49198815
1488983400,21.23,21.64,21.17,21.35,47354846
1489069800,21.39,21.55,21.14,21.14,36909016
1489156200,21.32,21.89,21.1943,21.73,82724788
1489411800,21.89,22.1,21.73,22,52664601
1489498200,21.91,22.19,21.26,21.34,80950527
1489584600,21.57,23.04,21.37,22.98,150366050
1489671000,23.35,23.45,22.69,22.77,61512923
1489757400,22.86,23.08,22.51,22.67,49383545
1490016600,22.74,22.995,22.575,22.9374,45769737
1490103000,23.05,23.505,23.03,23.26,75857066
1490189400,23.41,23.56,23.13,23.25,61585373
1490275800,23.36,23.45,22.63,23.03,67748131
1490362200,22.95,23.18,22.83,22.92,35724906
1490621400,23.44,23.54,23.15,23.43,61768137
1490707800,23.35,23.48,22.58,22.81,74233040
1490794200,22.74,23.0552,22.66,22.91,33484220
1490880600,22.73,22.89,22.53,22.55,44880440
1490967000,22.65,23.115,22.5499,22.81,56753518
1491226200,22.84,23.22,22.7879,23.2,47771641
1491312600,23.34,23.465,23.19,23.45,36716200
1491399000,23.17,23.66,23.02,23.48,65945617
1491485400,23.4,23.55,23.25,23.51,35595909
1491571800,23.91,24.0199,23.22,23.5,53894812
1491831000,23.38,23.71,23.2008,23.65,44121659
1491917400,23.99,24.46,23.87,24.36,88138944
1492003800,24.36,24.59,24.08,24.57,64127971
1492090200,24.62,24.88,24.38,24.54,59164786
1492435800,24.56,24.7562,24.31,24.47,44182455
1492522200,24.38,24.44,23.99,24.27,53985959
1492608600,24.03,24.07,23.28,23.39,111847211
1492695000,23.48,23.8,23.36,23.58,48955767
1492781400,23.67,23.82,23.48,23.61,52601712
1493040600,23.14,23.44,23.08,23.2,69344285
1493127000,22.91,22.92,21.95,22.22,126743652
1493213400,22.19,22.42,21.68,22.26,75540501
1493299800,22.27,22.27,21.71,21.81,71963986
1493386200,21.98,22.43,21.87,22.23,67758572
1493645400,22.03,22.23,21.51,21.69,67101642
1493731800,21.62,21.96,21.55,21.74,43845792
1493818200,21.71,22.28,21.51,21.51,67303116
1493904600,21.18,21.306,20.89,21.1,70495192
1493991000,21.17,21.75,21.12,21.55,58316119
1494250200,21.58,21.59,21.29,21.54,26305195
1494336600,21.34,21.57,21.221,21.52,42362785
1494423000,21.83,22.04,21.75,21.93,48357253
1494509400,22.04,22.5,22.01,22.37,66080479
1494595800,22.71,22.88,22.62,22.72,44397525
1494855000,23.13,23.13,22.48,22.8,43566894
1494941400,22.87,23.045,22.835,22.96,32088988
1495027800,23.46,23.67,23.13,23.37,67494613
1495114200,23.11,23.17,22.55,22.65,76638183
1495200600,22.97,23.01,22.81,22.86,38485957
1495459800,23.07,23.39,23.04,23.16,40356397
1495546200,23.26,23.39,22.58,22.64,58240540
1495632600,22.57,22.98,22.2,22.97,56735747
1495719000,22.72,22.83,22.49,22.71,42202869
1495805400,23.01,23.05,22.83,22.94,33134961
1496151000,22.65,22.84,22.59,22.59,35882470
1496237400,22.68,22.91,22.45,22.69,41639328
1496323800,22.5,22.78,22.44,22.6,27032595
1496410200,22.94,23.01,22.665,22.76,43410917
1496669400,22.83,22.89,22.49,22.74,26543052
1496755800,23.1,23.86,23.08,23.8,97130459
1496842200,23.57,23.82,23.32,23.65,56209754
1496928600,23.4,23.41,22.96,23.22,70016927
1497015000,22.84,23.1115,22.81,22.83,50189930
1497274200,22.75,22.9711,22.68,22.74,44601467
1497360600,22.61,23.14,22.6,22.97,40029352
1497447000,23.38,23.42,22.095,22.22,107805432
1497533400,22,22.34,21.96,22.1,74322255
1497619800,22.06,22.17,21.94,22.06,50004963
1497879000,21.93,22.205,21.85,21.93,46840265
1497965400,21.96,21.97,21.75,21.8,31301076
1498051800,21.82,22.13,21.76,22.11,37797060
1498138200,22.36,22.55,22.26,22.36,47219867
1498224600,22.68,22.81,22.55,22.74,47655183
1498483800,22.44,22.77,22.41,22.56,39689117
1498570200,22.76,22.8,22.24,22.26,66702556
1498656600,22.37,22.47,22.1546,22.43,30354557
1498743000,22.16,22.2,21.88,21.95,54569927
1498829400,21.88,22.13,21.88,22.08,46691923
1499088600,21.67,21.7,21.46,21.48,43834460
1499261400,21.45,21.82,21.4,21.76,58726024
1499347800,21.68,21.7,21.44,21.49,39144212
1499434200,21.35,21.42,21,21.21,57304644
1499693400,21.03,21.65,20.99,21.51,52988248
1499779800,21.52,21.74,21.26,21.64,35247111
1499866200,21.94,22.06,21.7,21.74,39815225
1499952600,21.765,21.88,21.48,21.5,42072239
1500039000,21.96,22.015,21.8,21.8,47456054
1500298200,22.04,22.17,21.98,21.98,28408434
1500384600,22.23,22.27,22.115,22.14,30865797
1500471000,22.15,22.28,22.01,22.18,27487197
1500557400,22.15,22.42,22.11,22.32,25254861
1500643800,22.5,22.53,22.28,22.41,21746327
1500903000,22.47,22.475,21.97,22.05,45649395
1500989400,22.1,22.39,22.1,22.27,34211808
1501075800,22.15,23.06,22.13,22.84,63816878
1501162200,22.98,22.99,22.46,22.57,50762156
1501248600,22.68,22.94,22.61,22.91,40162911
1501507800,22.88,23.03,22.74,22.86,30392329
1501594200,22.77,23.09,22.6538,22.83,32116811
1501680600,22.8,22.98,22.725,22.77,27185523
1501767000,22.74,22.95,22.68,22.7,24214925
1501853400,22.5,22.58,22.19,22.32,50891118
1502112600,22.23,22.42,22.18,22.2,32327960
1502199000,22.41,22.43,22.025,22.25,34662226
1502285400,22.59,22.71,22.445,22.6,46821211
1502371800,22.99,23.08,22.875,23.08,65055693
1502458200,23.1,23.2,22.95,23.15,34549414
1502717400,22.9,22.955,22.72,22.83,39972947
1502803800,22.45,22.65,22.42,22.56,34484007
1502890200,22.51,23.16,22.5,23.08,50670040
1502976600,23.16,23.26,22.95,23.03,38285917
1503063000,23.34,23.48,22.87,22.93,55746979
1503322200,23.02,23.31,23.015,23.31,45541960
1503408600,23.2,23.31,23.08,23.09,38877783
1503495000,23.21,23.31,23.08,23.26,28781935
1503581400,23.23,23.45,23.175,23.35,37205621
1503667800,23.44,23.59,23.21,23.41,27137555
1503927000,23.59,24.27,23.56,24.26,83129457
1504013400,24.6,24.74,24.13,24.42,53706081
1504099800,24.31,24.4,24.13,24.16,41441403
1504186200,24.23,24.76,24.21,24.72,51429787
1504272600,24.84,24.87,24.49,24.78,31745174
1504618200,25,25.33,24.99,25.31,67571985
1504704600,25.19,25.29,24.78,24.92,58803574
1504791000,25.2,25.58,25.15,25.49,64252078
1504877400,25.42,25.48,25.08,25.24,49542182
1505136600,24.77,25.05,24.48,24.56,67349810
1505223000,24.44,24.75,24.36,24.67,33657952
1505309400,24.65,24.65,24.14,24.22,45006619
1505395800,24.15,24.44,24.05,24.37,43024001
1505482200,24.3,24.36,24.05,24.13,30564712
1505741400,23.86,23.93,23.59,23.73,48361290
1505827800,23.76,23.91,23.6904,23.85,22338144
1505914200,23.93,24.2,23.18,23.5,67407498
1506000600,23.1,23.5289,23.0399,23.21,39370239
1506087000,23.43,23.52,23.3,23.47,34951836
1506346200,23.33,23.87,23.28,23.83,55652348
1506432600,23.48,23.65,23.26,23.35,53216462
1506519000,23.09,23.19,22.98,22.99,49006923
1506605400,23.08,23.26,22.985,23.16,33380043
1506691800,23.17,23.19,22.95,22.96,24126569
1506951000,22.91,23.16,22.81,23.05,47007996
1507037400,23.09,23.325,23.04,23.28,38766727
1507123800,23.41,23.465,23.24,23.42,32421016
1507210200,23.4,23.45,23.17,23.22,31366769
1507296600,23.18,23.61,23,23.59,50090750
1507555800,23.66,23.82,23.58,23.74,26247696
1507642200,23.85,23.89,23.53,23.57,44450805
1507728600,23.69,23.83,23.3,23.8,39690433
1507815000,23.76,23.84,23.585,23.72,34478437
1507901400,23.94,23.99,23.7,23.84,23916846
1508160600,23.86,23.8844,23.301,23.46,47319998
1508247000,23.3,23.51,23.22,23.42,32778602
1508333400,23.35,23.49,23.265,23.33,20223423
1508419800,23.46,23.58,23.36,23.44,25090203
1508506200,23.28,23.365,23.11,23.23,33496464
1508765400,23.05,23.29,22.97,23.14,36056813
1508851800,23.04,23.14,22.9,22.95,30322105
1508938200,22.92,22.955,22.655,22.83,48156231
1509024600,22.84,22.87,22.3,22.43,51852324
1509111000,22.38,22.64,22.31,22.57,49494792
1509370200,22.54,22.9052,22.475,22.76,35144526
1509456600,22.71,22.71,22.411,22.48,28545657
1509543000,22.66,22.83,22.42,22.48,32439447
1509629400,22.53,22.78,22.47,22.58,26190515
1509715800,22.62,22.73,22.22,22.43,34775560
1509978600,22.48,23,22.46,22.91,51233197
1510065000,22.82,22.86,22.6047,22.73,26060437
1510151400,22.95,23.025,22.82,22.89,28553403
1510237800,22.91,22.96,22.7833,22.81,27157795
1510324200,22.81,22.87,22.48,22.52,35502872
1510583400,22.58,22.65,22.49,22.56,16756064
1510669800,22.42,22.71,22.345,22.59,22696786
1510756200,22.72,22.72,22.5,22.65,23133906
1510842600,22.59,22.7,22.5545,22.6,17070333
1510929000,22.73,22.915,22.57,22.79,38347475
1511188200,22.63,22.685,22.46,22.54,35821964
1511274600,22.58,22.775,22.565,22.72,28387066
1511361000,22.83,23,22.8,22.92,31873452
1511533800,22.97,23.09,22.81,22.83,16243185
1511793000,23.1,23.14,22.88,23.05,24489822
1511879400,23.08,23.1701,22.92,22.93,25800135
1511965800,22.77,22.77,22.471,22.5,54138809
1512052200,22.38,22.53,22.27,22.47,39156183
1512138600,22.36,22.855,22.35,22.49,45368832
1512397800,22.33,22.385,22.17,22.2,32949040
1512484200,22.01,22.125,21.79,21.97,35893559
1512570600,21.81,21.9,21.61,21.69,43407343
1512657000,21.44,21.7,21.4,21.58,31467243
1512743400,21.6,21.81,21.565,21.68,29074374
1513002600,21.57,21.815,21.43,21.51,33505220
1513089000,21.41,21.46,21.27,21.42,34569639
1513175400,21.42,22.315,21.42,22.16,82201586
1513261800,22.08,22.17,21.8,22.07,36365625
1513348200,22.16,22.21,21.975,21.99,33143985
1513607400,22.08,22.23,21.99,22.16,30791833
1513693800,22.16,22.26,22.035,22.13,25162567
1513780200,22.25,22.59,22.21,22.5,37314023
1513866600,22.43,22.75,22.43,22.63,27396785
1513953000,22.75,22.92,22.68,22.89,26914893
1514298600,22.97,23.25,22.89,23.2,34177887
1514385000,23.27,23.28,23.06,23.16,29887519
1514471400,23.28,23.35,23.02,23.2,18870231
1514557800,23.32,23.37,23.1,23.24,22380442
1514903400,23.46,23.84,23.42,23.82,43172042
1514989800,23.78,23.805,23.24,23.57,45780941
1515076200,23.55,23.74,23.39,23.72,31300269
1515162600,23.58,23.72,23.49,23.67,21765751
1515421800,23.58,23.61,23.275,23.42,33365965
1515508200,23.19,23.27,22.97,23.11,40393656
1515594600,23.34,23.43,23.155,23.25,28985545
1515681000,23.27,23.42,23.27,23.38,23581387
1515767400,23.6,24.02,23.5,24.01,55599163
1516113000,24.04,24.43,24.01,24.37,39719508
1516199400,24.21,24.4862,23.92,23.94,41932129
1516285800,23.97,24.075,23.56,23.61,39197956
1516372200,23.78,23.84,23.64,23.65,22753177
1516631400,23.75,23.825,23.54,23.71,19300918
1516717800,23.6,24.17,23.39,24.1,38807089
1516804200,24.51,24.84,24.49,24.6,53467096
1516890600,24.74,24.86,23.98,24.13,61745583
1516977000,24.3,24.42,24.2,24.35,31439482
1517236200,24.13,24.15,23.57,23.68,59675964
1517322600,23.8,23.86,23.33,23.45,37702188
1517409000,23.67,23.835,23.22,23.75,47006942
1517495400,23.57,23.805,23.45,23.7,33277712
1517581800,23.38,23.39,22.79,22.91,75765547
1517841000,23,23.02,22.48,22.71,53158411
1517927400,22.49,22.52,21.98,22.11,68463879
1518013800,21.99,22.275,21.73,21.8,51539145
1518100200,21.8,22.02,21.65,21.68,51192396
1518186600,21.65,21.68,20.835,21.68,101763831
1518445800,21.57,22.15,21.43,21.97,70844429
1518532200,21.99,22.09,21.83,22,21692860
1518618600,22.01,23.15,21.935,23.01,95516933
1518705000,23.07,23.1,22.6312,22.99,36155724
1518791400,22.81,22.9,22.215,22.51,49081699
1519137000,22.22,22.31,21.835,21.87,47894491
1519223400,22.06,22.46,21.78,21.79,40097786
1519309800,21.94,22.04,21.715,21.73,27068115
1519396200,21.75,21.99,21.67,21.97,24782013
1519655400,22.08,22.25,22.01,22.18,30234282
1519741800,21.97,21.97,21.345,21.49,69407293
1519828200,21.54,21.62,21.35,21.35,33039008
1519914600,21.12,21.64,20.94,21.57,59170816
1520001000,21.77,21.89,21.47,21.49,25906371
1520260200,21.44,21.65,21.31,21.65,38419827
1520346600,21.94,22.25,21.9,22.01,53458654
1520433000,21.98,22.06,21.505,21.57,42129852
1520519400,21.65,21.7,21.44,21.65,18596893
1520605800,21.52,21.77,21.42,21.57,23402871
1520861400,21.46,21.785,21.35,21.76,32577297
1520947800,21.78,21.8858,21.5633,21.67,17335377
1521034200,21.68,21.816,21.64,21.73,16708688
1521120600,21.57,21.654,21.411,21.45,30524758
1521207000,21.44,21.525,21.25,21.43,20880736
1521466200,21.41,21.56,21.22,21.51,30109477
1521552600,21.32,21.41,21.16,21.27,40842099
1521639000,21.47,22.02,21.38,21.86,77132059
1521725400,21.74,21.84,21.49,21.5,34294499
1521811800,22.06,22.3588,21.95,22.12,74162845
1522071000,22.31,22.51,22.26,22.44,44428837
1522157400,22.1,22.27,21.95,21.99,50314163
1522243800,21.87,21.9,21.56,21.66,57399707
1522330200,21.64,21.99,21.625,21.98,37327067
1522675800,22.19,22.44,22.105,22.23,38852529
1522762200,22.03,22.1,21.8283,21.91,32183141
1522848600,22.17,22.18,21.82,21.87,21892985
1522935000,21.71,21.99,21.68,21.97,21917191
1523021400,22.14,22.19,22.02,22.07,28824132
1523280600,22.09,22.1925,21.84,21.98,26503636
1523367000,22.17,22.405,22.14,22.26,37061390
1523453400,22.47,23.05,22.46,22.75,73378060
1523539800,22.55,22.6769,22.44,22.47,38282446
1523626200,22.68,23.05,22.66,22.89,45733650
1523885400,22.98,22.98,22.69,22.8,33914359
1523971800,22.73,23.01,22.67,22.93,26116166
1524058200,23.13,23.305,22.96,22.98,55934645
1524144600,23.1,23.18,22.815,23.06,33413154
1524231000,22.82,22.85,22.59,22.71,49114216
1524490200,22.5,22.555,22.37,22.41,38080828
1524576600,22.54,22.748,22.49,22.7,35369699
1524663000,22.43,22.66,22.3174,22.5,27986471
1524749400,22.59,22.69,22.435,22.59,27482303
1524835800,22.67,22.76,22.59,22.73,24141963
1525095000,22.43,22.48,22.25,22.28,48350375
1525181400,22.14,22.37,22.0448,22.31,31639726
1525267800,22.39,22.77,22.3,22.38,47085345
1525354200,22.65,22.775,22.53,22.65,31886809
1525440600,22.58,22.7,22.49,22.65,25226438
1525699800,22.6,22.795,22.58,22.65,18934444
1525786200,22.53,22.72,22.31,22.68,34792333
1525872600,22.65,22.77,22.59,22.63,24236927
1525959000,22.82,22.99,22.78,22.95,40726925
1526045400,23,23.06,22.83,22.88,25367508
1526304600,22.96,23,22.67,22.78,27921051
1526391000,22.32,22.38,22.1282,22.26,60869753
1526477400,22.22,22.37,22.21,22.29,29674746
1526563800,22.26,22.26,22.13,22.19,21513134
1526650200,22.1,22.255,22.03,22.19,21201857
1526909400,22.19,22.34,22.06,22.33,24219382
1526995800,22.33,22.45,22.11,22.13,29793678
1527082200,22.02,22.43,22.01,22.34,35634494
1527168600,22.42,22.65,22.36,22.65,43392206
1527255000,22.51,22.56,22.25,22.31,45369531
1527600600,22.12,22.375,22.075,22.15,38924898
1527687000,22.27,22.49,22.23,22.44,26859576
1527773400,22.37,22.45,22.27,22.34,21951729
1527859800,22.32,22.43,22.14,22.31,34934719
1528119000,22.44,22.46,22.24,22.28,14069751
1528205400,22.32,22.51,22.26,22.44,23725559
1528291800,22.5,22.6,22.36,22.58,28884424
1528378200,22.56,22.57,22.35,22.45,24370351
1528464600,22.39,22.43,22.27,22.36,14786266
1528723800,22.35,22.56,22.29,22.55,22189248
1528810200,22.44,22.57,22.37,22.49,18186536
1528896600,22.51,22.595,22.22,22.48,26970383
1528983000,22.55,22.67,22.54,22.66,27702272
1529069400,22.35,22.39,22.1239,22.23,67655109
1529328600,22.18,22.34,22.18,22.27,25229110
1529415000,22.06,22.23,22.02,22.05,29906011
1529501400,22.12,22.1539,21.875,21.92,27917341
1529587800,21.93,22,21.855,21.91,20138256
1529674200,21.99,22.23,21.96,22.18,31952949
1529933400,22.08,22.17,21.95,22.01,27603626
1530019800,21.88,22.02,21.79,21.95,20696257
1530106200,21.85,22.0292,21.79,21.81,29246455
1530192600,21.88,21.96,21.77,21.93,27797947
1530279000,21.94,22.4,21.93,22.31,53961430
1530538200,22.12,22.22,21.98,22.08,32224372
1530624600,22.29,22.63,22.28,22.47,36319257
1530797400,22.6,22.7425,22.57,22.68,39397277
1530883800,22.71,22.8,22.58,22.61,34351004
1531143000,22.86,22.93,22.53,22.55,24832426
1531229400,22.49,22.64,22.37,22.6,21568091
1531315800,22.39,22.46,21.94,22,63565282
1531402200,22.13,22.29,22.105,22.14,30125726
1531488600,22,22.105,21.94,21.96,22025876
1531747800,21.95,22,21.8,21.87,19669561
1531834200,21.73,21.94,21.67,21.88,41938341
1531920600,21.71,21.88,21.63,21.86,35836266
1532007000,21.5,21.92,21.48,21.58,46406314
1532093400,21.78,21.87,21.63,21.78,39166173
1532352600,21.62,21.6438,21.32,21.33,51711399
1532439000,21.45,21.63,21.45,21.62,45248652
1532525400,21.71,21.8,21.5,21.8,43789857
1532611800,21.57,21.67,21.36,21.39,60861679
1532698200,21.37,21.49,21.24,21.32,23550564
1532957400,21.3,21.38,21.1825,21.27,19823184
1533043800,21.21,21.46,21.1909,21.28,22085586
1533130200,21.25,21.29,21.08,21.11,36248827
1533216600,21.11,21.11,20.89,20.94,33472965
1533303000,21.06,21.32,20.99,21.16,41235181
1533562200,21.02,21.05,20.88,20.9,25437481
1533648600,21.07,21.09,20.64,20.66,32676597
1533735000,20.68,20.8,20.595,20.76,26941518
1533821400,20.82,21.015,20.7,20.71,26458004
1533907800,20.67,20.78,20.51,20.56,34589224
1534167000,20.39,20.41,19.88,19.98,71203517
1534253400,20.02,20.06,19.74,19.77,31663147
1534339800,19.44,19.45,18.47,18.6,127545489
1534426200,18.8,18.95,18.15,18.16,78684164
1534512600,18.39,18.8,18.3132,18.72,108432904
1534771800,18.81,18.96,18.58,18.79,50865732
1534858200,18.81,18.9784,18.68,18.92,32200090
1534944600,19.05,19.08,18.915,19.06,29172608
1535031000,18.87,18.87,18.35,18.46,60360228
1535117400,18.71,19.22,18.62,18.95,72678340
1535376600,19.06,19.305,19.03,19.28,48725631
1535463000,19.4,19.485,18.8,18.92,52003750
1535549400,19,19.1196,18.89,18.99,32824216
1535635800,18.86,18.86,18.58,18.69,41048455
1535722200,18.71,18.84,18.5,18.55,32493182
1536067800,18.28,18.35,17.97,18.02,68162529
1536154200,18.15,18.17,17.79,17.87,37114879
1536240600,17.95,18.16,17.77,17.84,44015176
1536327000,17.75,18.01,17.58,17.88,42474359
1536586200,17.89,17.94,17.57,17.61,36646400
1536672600,17.44,17.62,17.28,17.57,34496336
1536759000,17.55,18.29,17.425,18.11,80327167
1536845400,18.39,18.415,17.94,18.09,42941550
1536931800,18.08,18.2,17.92,17.98,28846514
1537191000,18.14,18.42,18,18.32,45917335
1537277400,18.3,18.46,18.21,18.43,40661366
1537363800,18.54,18.96,18.51,18.75,50131526
1537450200,18.94,19.105,18.67,18.93,45547714
1537536600,18.57,18.93,18.5,18.78,43991960
1537795800,18.9,19.11,18.745,18.8,45806457
1537882200,18.99,19.1,18.76,18.85,34694517
1537968600,18.72,18.83,18.39,18.42,78326346
1538055000,18.22,18.48,18.14,18.34,42157422
1538141400,18.5,18.69,18.47,18.52,36328016
1538400600,18.44,18.62,18.43,18.55,30221541
1538487000,18.83,19.075,18.735,19.05,70369552
1538573400,19.1,19.23,18.75,18.79,47836945
1538659800,18.91,18.99,18.5901,18.75,42990716
1538746200,18.82,18.9,18.58,18.65,32050256
1539005400,18.36,18.73,18.2,18.71,50616635
1539091800,18.58,18.63,18.29,18.39,39183779
1539178200,18.33,18.71,18.145,18.63,57558256
1539264600,19.03,19.985,18.84,19.87,134776294
1539351000,19.75,19.885,19.27,19.75,63982504
1539610200,20.02,20.39,19.93,20.06,64151527
1539696600,20.23,20.33,19.76,19.99,40971272
1539783000,19.9911,20.23,19.77,19.91,43598013
1539869400,19.85,20.35,19.775,20,40595016
1539955800,20.19,20.275,19.97,20.01,32958323
1540215000,19.9,19.98,19.68,19.86,30036771
1540301400,20.36,20.51,19.93,20.1,51504453
1540387800,20.1,20.24,19.795,19.87,38505953
1540474200,19.9,19.93,18.88,19,85572251
1540560600,19.13,19.58,19.01,19.06,74515943
1540819800,19.03,19.43,18.8238,19.01,39090253
1540906200,18.97,19.25,18.82,19.15,33839088
1540992600,18.84,18.94,18.64,18.93,55036993
1541079000,19.24,19.6699,19.2,19.57,63588464
1541165400,19.49,19.655,19.36,19.63,38780226
1541428200,19.43,19.8,19.34,19.56,29600120
1541514600,19.59,19.66,19.31,19.4,26050269
1541601000,19.52,19.56,19.27,19.31,22572964
1541687400,19.17,19.47,19.15,19.38,36788388
1541773800,18.93,19.12,18.78,19.04,48178187
1542033000,18.79,18.89,18.59,18.61,38310459
1542119400,18.7,18.73,18.2634,18.42,37410730
1542205800,18.37,19.075,18.34,18.83,66754948
1542292200,18.89,19.13,18.81,19.09,39657760
1542378600,19.37,19.5,19.29,19.38,46150454
1542637800,19.35,19.66,19.33,19.39,39968717
1542724200,19.51,19.51,18.97,19.3,33847429
1542810600,19.47,19.92,19.45,19.81,51285773
1542983400,19.63,19.74,19.27,19.36,30344437
1543242600,19.4,19.67,19.22,19.26,23593593
1543329000,19.29,19.29,18.72,18.87,51165103
1543415400,18.77,19.48,18.73,19.34,49633129
1543501800,19.44,19.52,19.16,19.17,28893448
1543588200,19.08,19.18,18.8,19.09,31884151
1543847400,19.39,19.49,19.16,19.44,47910024
1543933800,19.67,19.77,19.525,19.6,45434257
1544106600,19.66,19.9,19.5,19.71,50911067
1544193000,19.88,20.335,19.79,20.2,67727391
1544452200,20.1,20.55,19.99,20.13,47462674
1544538600,20.21,20.38,19.96,20.01,50551232
1544625000,20.07,20.49,20.07,20.44,71833453
1544711400,20.33,20.48,20.29,20.48,42891292
1544797800,20.26,20.365,20.075,20.12,48779841
1545057000,20.29,20.65,20.28,20.61,67083045
1545143400,20.54,21.17,20.53,21.09,79518674
1545229800,21.09,21.47,19.9,19.95,120753241
1545316200,20.53,20.84,20.34,20.67,94498152
1545402600,20.68,20.77,20.27,20.44,63182482
1545661800,20.7,21.11,20.65,21.09,60507002
1545834600,21.35,21.4,20.53,20.62,76365216
1545921000,20.84,21,20.7,20.97,52393006
1546007400,20.89,21.02,20.57,20.6,49834971
1546266600,20.7,21.13,20.56,21.09,53866572
1546439400,21.11,21.23,20.84,21.05,39963518
1546525800,21.3,21.54,21.13,21.48,52555173
1546612200,21.13,21.4,21.005,21.3,60257182
1546871400,21.48,21.53,20.98,21.04,41284864
1546957800,20.85,21.07,20.6867,21.05,36313102
1547044200,21.03,21.41,21.01,21.32,55350120
1547130600,21.24,21.35,20.95,21,38185638
1547217000,21.06,21.25,21.01,21.08,32955556
1547476200,21.12,21.27,20.8544,20.93,34552162
1547562600,21,21.055,20.42,20.61,45097682
1547649000,20.57,20.78,20.5,20.6,22030037
1547735400,20.57,20.765,20.51,20.66,25288313
1547821800,20.45,20.64,20.24,20.31,50575988
1548167400,20.36,20.51,20.22,20.45,34617622
1548253800,20.32,20.61,20.225,20.49,22692365
1548340200,20.37,20.59,20.35,20.5,37866193
1548426600,20.81,21.23,20.8,21.18,52892974
1548685800,21.18,21.48,21.175,21.45,38990475
1548772200,21.64,21.98,21.49,21.97,61112163
1548858600,21.86,22.55,21.75,22.18,66605723
1548945000,22.42,22.69,22.29,22.69,60796577
1549031400,22.53,22.655,22.2,22.57,42718246
1549290600,22.19,22.51,22.16,22.49,53968091
1549377000,22.49,22.61,22.22,22.61,33532922
1549463400,22.36,22.6,22.21,22.22,49850233
1549549800,22.21,22.35,21.96,22.03,36029517
1549636200,22.07,22.45,22.07,22.34,48965367
1549895400,22.11,22.3213,22.06,22.08,38453359
1549981800,22.23,22.27,21.95,22.05,23475654
1550068200,22,22.28,21.91,21.92,49415214
1550154600,21.96,22.18,21.84,22.14,33745177
1550241000,22.27,22.44,22.02,22.43,37505469
1550586600,22.71,23.26,22.62,23.14,90301510
1550673000,23.31,23.7,23.14,23.36,62442201
1550759400,23.11,23.21,22.94,22.98,54488177
1550845800,23.12,23.3601,22.9833,23.06,41676623
1551105000,23.03,23.09,22.76,22.77,47067737
1551191400,22.77,22.82,22.36,22.73,36298950
1551277800,22.6,22.675,22.2,22.35,49023487
1551364200,22.36,22.36,22.16,22.24,32776826
1551450600,22.06,22.32,21.69,21.7,78919183
1551709800,21.56,21.86,21.4,21.85,55000855
1551796200,21.77,21.97,21.68,21.97,30417055
1551882600,21.91,21.94,21.47,21.52,55293993
1551969000,21.52,21.89,21.5,21.79,41501311
1552055400,22.21,22.4,21.935,22.37,59866353
1552311000,22.4,22.51,21.99,22.29,38359652
1552397400,22.41,22.73,22.3364,22.68,48840708
1552483800,22.81,22.97,22.62,22.86,31968126
1552570200,22.4,22.4955,22.18,22.25,42989350
1552656600,22.4,22.58,22.16,22.3,42292626
1552915800,22.4,22.44,22.02,22.05,31836935
1553002200,22.32,22.38,22.1225,22.13,34131834
1553088600,22.2,22.73,21.83,22.63,58485683
1553175000,22.7,22.78,22.34,22.75,41302526
1553261400,22.61,22.865,22.53,22.78,41711439
1553520600,22.87,23.34,22.85,23.26,58308762
1553607000,23.03,23.38,22.98,23.35,41372376
1553693400,23.23,23.35,22.985,23.01,34488246
1553779800,22.65,22.73,22.32,22.41,66841246
1553866200,22.61,22.6488,22.39,22.42,35233003
1554125400,22.43,22.51,21.83,21.96,49601845
1554211800,21.98,22.1586,21.94,22.1,28698721
1554298200,22.1,22.265,22.07,22.07,24479468
1554384600,21.88,22.54,21.79,22.5,42380379
1554471000,22.42,22.47,22.26,22.43,20384569
1554730200,22.75,22.8,22.55,22.69,30695493
1554816600,22.81,22.84,22.6501,22.82,23756993
1554903000,22.8,22.93,22.59,22.62,26181778
1554989400,22.34,22.54,22.11,22.25,57531003
1555075800,22.25,22.36,22.14,22.21,22940773
1555335000,21.98,22.285,21.89,22.22,26720270
1555421400,21.94,22.01,21.79,21.81,46161535
1555507800,21.87,21.92,21.49,21.66,44246325
1555594200,21.61,21.74,21.19,21.34,43979719
1555939800,21.4,21.42,20.925,20.98,44655155
1556026200,20.8,20.97,20.71,20.82,27916255
1556112600,20.81,21.19,20.67,21.02,48993071
1556199000,21.06,21.21,20.76,20.87,29326196
1556285400,21.07,21.43,21.05,21.3,38923388
1556544600,21.22,21.23,20.74,20.84,39572580
1556631000,20.83,21.03,20.8,20.89,19674191
1556717400,20.83,21.1,20.35,20.52,72152524
1556803800,20.32,20.46,20.14,20.17,42758516
1556890200,20.4,20.59,20.27,20.29,26799882
1557149400,20.29,20.465,20.22,20.3,26382860
1557235800,20.41,20.83,20.27,20.71,48972380
1557322200,20.9,20.99,20.35,20.48,30100610
1557408600,20.52,20.775,20.3916,20.43,28038378
1557495000,20.55,20.58,20.265,20.28,23309442
1557754200,20.63,20.99,20.43,20.93,65640183
1557840600,20.88,20.9,20.59,20.84,29056079
1557927000,20.95,21.02,20.775,20.79,23251245
1558013400,20.68,20.735,20.405,20.56,32047647
1558099800,20.47,20.76,20.39,20.75,26518989
1558359000,20.7,20.85,20.64,20.68,17627995
1558445400,20.57,20.73,20.46,20.71,13437539
1558531800,20.68,20.71,20.26,20.36,31806219
1558618200,20.56,20.88,20.41,20.44,36332165
1558704600,20.5,20.62,20.4,20.57,15584040
1559050200,20.38,20.5,20.28,20.42,32450074
1559136600,20.52,20.55,20.35,20.42,23992273
1559223000,20.45,20.81,20.365,20.77,25439360
1559309400,21.24,21.74,21.19,21.59,83347589
1559568600,22.03,22.5,21.91,22.49,75414150
1559655000,22.17,22.62,22.17,22.59,40898730
1559741400,22.84,23.02,22.34,22.63,55594777
1559827800,22.66,22.92,22.6,22.87,48981051
1559914200,23.05,23.12,22.73,22.89,41368340
1560173400,22.42,22.52,22.2435,22.46,45057272
1560259800,22.35,22.69,22.31,22.59,23522505
1560346200,22.77,23.082,22.75,22.96,35955837
1560432600,23.02,23.2417,22.94,23.24,30634297
1560519000,23.45,23.67,23.1,23.33,42220917
1560778200,23.38,23.47,23.135,23.46,50692793
1560864600,23.75,23.8818,23.345,23.67,44411196
1560951000,23.52,24.03,23.45,24,46273757
1561037400,24.66,25.17,24.54,25.05,131980990
1561123800,25,25.24,24.675,25.21,50309842
1561383000,25.31,26.17,25.26,26.17,101843310
1561469400,26.23,26.25,25.11,25.63,103671804
1561555800,25.07,25.735,25.05,25.52,57094957
1561642200,25.31,25.39,25.135,25.33,53004832
1561728600,25.43,25.595,25.185,25.56,39459714
1561987800,24.8,24.99,24.53,24.58,90390151
1562074200,24.89,25.65,24.81,25.55,75815745
1562160600,25.67,25.7,25.36,25.65,24756090
1562333400,24.98,25.5,24.68,25.39,51920839
1562592600,25.45,25.61,25.21,25.42,40606069
1562679000,25.33,25.66,25.21,25.65,37529653
1562765400,26.02,26.23,25.77,26.2,56468965
1562851800,26.13,26.28,25.715,25.94,54018847
1562938200,26,26.245,25.865,26.21,31796830
1563197400,26.17,26.305,25.99,26.18,29939258
1563283800,26.14,26.33,25.97,26.05,32218187
1563370200,26.18,27.1,26.18,27.09,84770489
1563456600,26.91,28.31,26.77,28.25,100061375
1563543000,27.91,28.27,27.6,27.98,67827778
1563802200,28.08,28.29,27.965,28.19,38310623
1563888600,28.2,28.41,27.6483,27.87,53091659
1563975000,28.07,28.2,27.84,28.15,35305335
1564061400,27.98,27.98,27.325,27.43,66348827
1564147800,27.55,27.64,27.23,27.28,34186874
1564407000,27.4,27.77,27.22,27.77,51527576
1564493400,27.89,28,27.7,27.83,29517381
1564579800,27.68,27.88,26.42,26.5,125274602
1564666200,26.1,27.955,26.04,27.85,125771713
1564752600,27.73,28.11,27.56,27.77,46016195
1565011800,28.53,29.01,28.34,28.6,91723910
1565098200,28.59,28.79,28.31,28.67,45760926
1565184600,29.59,30,29.2,29.26,91307741
1565271000,29.11,29.86,28.87,29.77,62143868
1565357400,29.55,29.86,29.32,29.36,42424272
1565616600,29.59,29.75,28.99,29,62211761
1565703000,29.41,29.4499,27.81,28.45,98012937
1565789400,28.92,29.09,28.37,28.41,60301215
1565875800,28.31,28.87,28.16,28.73,49655926
1565962200,28.41,28.61,28.1275,28.28,58922008
1566221400,27.75,28.38,27.61,27.93,62768306
1566307800,28.16,28.97,28.1218,28.85,73113593
1566394200,28.6,28.86,28.55,28.7,30275838
1566480600,28.57,28.79,28.37,28.49,39511370
1566567000,28.64,29.7,28.59,29.64,92884072
1566826200,29.68,29.98,29.4,29.64,47355272
1566912600,29.71,30.615,29.64,30.56,81814889
1566999000,30.65,30.81,30.03,30.41,54023986
1567085400,30.45,30.49,29.39,29.66,75152466
1567171800,29.53,30.135,29.4475,29.86,48737096
1567517400,30.28,30.76,30.12,30.37,69361286
1567603800,30.33,30.96,30.29,30.95,48380826
1567690200,30.23,30.26,29.17,29.31,132667433
1567776600,29.53,29.76,28.44,28.48,88853931
1568035800,28.63,28.735,27.63,27.73,90351909
1568122200,27.7,28.06,27.45,27.51,66585031
1568208600,27.63,28.21,27.54,27.72,78529266
1568295000,28.53,28.7,27.23,27.27,82801752
1568381400,27.41,27.59,26.6,26.64,80728924
1568640600,27.25,27.505,26.89,27.29,68934764
1568727000,27.48,28.27,27.38,28.12,78514240
1568813400,28.11,28.14,26.975,27.62,97011969
1568899800,27.83,28.18,27.72,28.1,48645781
1568986200,28.19,28.69,27.86,28.69,79042273
1569245400,28.81,29.16,28.71,29.16,58218313
1569331800,28.84,29.58,28.69,29.49,60454660
1569418200,29.31,29.39,28.21,28.43,115027188
1569504600,28.55,28.78,28.09,28.11,51626787
1569591000,27.5,27.84,27.305,27.45,85792721
1569850200,26.99,27.35,26.54,26.71,83628535
1569936600,26.62,27.465,26.51,26.92,77649999
1570023000,27.47,27.5,27.02,27.41,84237397
1570109400,27.41,28.05,27.24,27.25,69106060
1570195800,27.15,27.91,27.14,27.87,59019217
1570455000,27.6,27.9868,27.46,27.58,42927114
1570541400,28.08,28.38,27.79,28.36,75845655
1570627800,28.35,28.36,27.88,28.05,45243363
1570714200,28.01,28.1618,27.52,28.05,41011379
1570800600,27.67,27.7,26.91,26.97,96012516
1571059800,27.04,27.29,26.94,27.07,35317985
1571146200,26.88,26.88,26.18,26.19,82900886
1571232600,26.45,26.74,26.19,26.71,63833545
1571319000,26.5,27.35,26.47,27.08,50874584
1571405400,26.95,27.24,26.79,27.12,31903617
1571664600,27.25,27.295,26.5,26.58,50174363
1571751000,26.67,26.8,26.23,26.54,31746443
1571837400,26.64,27.02,26.64,26.81,51001572
1571923800,26.97,27.55,26.94,27.52,55738253
1572010200,28.01,28.175,27.37,27.74,59960297
1572269400,27.43,27.44,27,27.06,60885627
1572355800,26.89,27.43,26.771,27.21,32762442
1572442200,27.3,27.49,26.73,27.45,54901652
1572528600,27.7,28.18,27.6,28.15,79602442
1572615000,27.93,28.16,27.65,28.01,55358996
1572877800,27.92,27.9599,27.485,27.52,56660008
1572964200,26.97,27.14,26.76,26.97,62148835
1573050600,27.13,27.4,26.91,27.3,48932862
1573137000,27.02,27.085,26.3,26.49,90744168
1573223400,26.23,26.58,26.14,26.23,42342087
1573482600,26.27,26.455,26.145,26.24,33321383
1573569000,26.28,26.64,25.975,26.59,56886611
1573655400,26.72,27.01,26.69,26.75,39509943
1573741800,26.87,27.07,26.735,27,34646022
1573828200,26.78,27.09,26.72,26.74,37431371
1574087400,26.79,27.21,26.74,27.2,49626917
1574173800,27.04,27.5,27.03,27.23,33297394
1574260200,27.2,27.46,26.935,27.34,35288284
1574346600,27.19,27.36,26.81,26.82,67801124
1574433000,26.92,26.98,26.59,26.76,24320201
1574692200,26.48,26.68,26.18,26.2,58426059
1574778600,26.25,26.83,26.14,26.78,64854120
1574865000,26.58,26.79,26.42,26.66,37119884
1575037800,26.69,27.16,26.69,27.08,44363109
1575297000,26.89,27.21,26.83,27.17,43830334
1575383400,27.54,27.9365,27.54,27.77,81368535
1575469800,27.64,27.72,27.31,27.48,56197292
1575556200,27.35,27.86,27.33,27.62,47772031
1575642600,27.12,27.39,26.955,26.97,75301987
1575901800,27.13,27.18,26.85,26.92,32182597
1575988200,27.15,27.1601,26.88,27.13,36772130
1576074600,27.24,27.85,27.16,27.71,76159500
1576161000,28,28.11,27.39,27.66,65662808
1576247400,27.47,27.84,27.32,27.72,29999666
1576506600,27.74,27.74,27.32,27.39,42358044
1576593000,27.36,27.445,27.15,27.16,31061559
1576679400,27.14,27.48,27.09,27.45,45240216
1576765800,27.5,27.59,27.27,27.48,24666917
1576852200,27.51,27.54,27.12,27.13,41969143
1577111400,27.13,27.83,27.05,27.77,72126561
1577197800,27.91,28.66,27.89,28.66,70679135
1577370600,28.9,29.25,28.75,29.08,57573578
1577457000,29.01,29.15,28.71,28.87,37733525
1577716200,28.92,29.49,28.9,29.49,56347773
1577802600,29.7,29.76,29.26,29.28,32777591
1577975400,29.62,29.72,29.11,29.35,40718484
1578061800,29.85,29.87,29.01,29.17,47416779
1578321000,29.75,29.785,29.01,29.22,45500443
1578407400,29.21,29.52,29.02,29.5,39563370
1578493800,29.37,29.43,28.12,28.35,94347662
1578580200,28.11,28.419,28,28.04,60567958
1578666600,28.15,28.56,28.12,28.45,38638023
1578925800,28.32,28.32,27.75,27.77,48731540
1579012200,27.71,28.31,27.68,28.26,57003142
1579098600,28.39,28.865,28.17,28.79,50472855
1579185000,28.6,28.71,28.36,28.67,37967107
1579271400,28.75,28.775,28.3,28.42,43853776
1579617000,28.26,28.969,28.2,28.95,48096869
1579703400,28.9,28.99,28.6504,28.84,21333709
1579789800,28.66,29.1,28.59,28.66,41346553
1579876200,28.61,29.3,28.61,29.22,44496967
1580135400,29.64,29.66,28.91,29.08,38199334
1580221800,28.8,28.97,28.28,28.31,55735244
1580308200,28.3,28.9,28.23,28.86,37968789
1580394600,28.9,29.08,28.5995,28.73,39866791
1580481000,28.8,29.235,28.76,28.99,41986211
1580740200,28.81,28.895,28.4,28.56,42345245
1580826600,28.2,28.28,27.77,28.05,62983538
1580913000,28.02,28.345,27.91,28.05,41433708
1580999400,28.27,28.51,28.11,28.4,37356813
1581085800,28.57,28.67,27.92,27.93,40445600
1581345000,28.19,28.51,28.02,28.39,34717158
1581431400,28.32,28.53,28.07,28.43,24591706
1581517800,28.34,28.41,28.08,28.12,33312728
1581604200,28.37,28.59,28.2099,28.32,29937427
1581690600,28.34,28.47,28.19,28.31,22888642
1582036200,28.59,29.25,28.38,29.23,64687825
1582122600,29.37,29.79,29.2,29.75,45467451
1582209000,29.66,30.1,29.5,29.75,52313889
1582295400,30.27,30.71,30.18,30.65,76598516
1582554600,31.76,31.84,30.66,31.05,87112400
1582641000,30.48,31.16,29.91,29.97,91165463
1582727400,29.9,30.28,29.67,29.87,49351885
1582813800,30.32,30.4,28.14,28.15,125123876
1582900200,26.8,27.04,25.43,26.22,166818945
1583159400,27.09,27.47,26.7,27.29,83762424
1583245800,27.82,29.61,27.46,28.68,130291525
1583332200,29.03,29.18,28.28,29.13,55030317
1583418600,29.47,29.84,28.96,29.82,68343832
1583505000,29.91,29.965,28.45,29.41,81228020
1583760600,28.38,28.715,27.26,27.31,87651722
1583847000,27.74,28.03,26.5,27.49,82748715
1583933400,27.045,27.25,25.04,25.17,119551243
1584019800,22.99,24.89,22,22.31,106328126
1584106200,23.29,23.4,16.5,19,195650933
1584365400,16.75,22.95,16.18,22.49,199906343
1584451800,22.11,25.5,22.02,25.5,119759922
1584538200,24.12,25.04,19.68,19.68,198033917
1584624600,20.65,24.98,19.29,21.27,103178985
1584711000,22.85,22.85,20.34,20.55,68320738
1584970200,21.63,23.29,21.12,21.93,93812059
1585056600,24.93,26.07,23.79,25.15,127861336
1585143000,25.39,27,24.55,26.31,102594396
1585229400,26.69,27.21,25.22,25.85,47458035
1585315800,25.15,25.67,23.725,24.37,94470997
1585575000,24.39,25.3299,23.14,23.93,63038631
1585661400,23.6,24.4299,23.03,23.04,45113655
1585747800,23,24.26,23,24.03,33900173
1585834200,24.59,25.72,24.37,25.04,39859263
1585920600,25.16,25.8755,24.74,24.95,33775679
1586179800,26.01,26.695,25.54,26.34,62383716
1586266200,26.61,26.76,25.78,26.09,31203244
1586352600,26.17,26.53,25.83,26.2,17480165
1586439000,27.2,28.97,27.09,28.95,68549366
1586784600,28.65,31.07,27.91,30.78,59888601
1586871000,31.12,32.27,30.025,30.75,59359915
1586957400,29.66,30.85,29.37,30.15,31917278
1587043800,30.42,31.13,30.04,30.92,37982779
1587130200,29.76,30.42,29.67,29.94,29249521
1587389400,29.98,31.13,29.9798,30.74,25488827
1587475800,29.68,30.87,29.55,30.56,22464480
1587562200,31.54,32.64,31.5,32.51,40955129
1587648600,33.21,34.74,33.0103,33.42,56325881
1587735000,34.02,34.305,32.96,33.93,40580447
1587994200,33.95,34.21,32.93,33.79,30455558
1588080600,33.5,33.98,32.98,33.81,31629718
1588167000,33.45,34.07,32.82,34.03,36913965
1588253400,33.18,33.835,32.15,32.26,52248771
1588339800,31.48,33.39,31.31,33.29,34002985
1588599000,33.76,34.2525,33.52,33.99,34391431
1588685400,33.91,34.91,33.37,34.79,30289712
1588771800,34.15,34.51,33.62,33.7,29078379
1588858200,34.09,35.495,33.875,35.03,35053602
1588944600,34.99,35.56,34.58,34.86,28619337
1589203800,34.92,35.045,33.55,33.89,28732669
1589290200,34.34,34.95,33.69,33.84,20999568
1589376600,34.34,34.69,33.42,34.08,33290193
1589463000,34.06,35.45,34,35.16,33736237
1589549400,35.96,36.68,35.61,36.57,38465785
1589808600,37.15,37.2,35.72,35.93,33168678
1589895000,36.51,37.4901,36.38,37.21,36737242
1589981400,37.36,37.49,36.45,36.61,30058078
1590067800,36.08,36.22,34.76,35.66,33179364
1590154200,35.98,36.44,35.47,35.55,17987005
1590499800,35.38,35.38,33.95,34.08,36174157
1590586200,33.09,33.76,32.54,33.71,43849143
1590672600,34.39,34.68,33.56,34,29944905
1590759000,34.67,34.87,34.11,34.32,33434075
1591018200,34.6,35.43,34.48,35.38,24201706
1591104600,35.56,35.58,33.935,34.09,39294216
1591191000,33.31,33.59,32.4328,32.83,40447639
1591277400,33.48,33.58,32.84,33.11,25889272
1591363800,32.04,32.46,31.22,32.46,50291089
1591623000,32.57,32.81,32.09,32.78,21180443
1591709400,33.05,33.465,32.6589,33.06,21745369
1591795800,33.49,34.53,32.44,34.53,46916445
1591882200,34.42,34.92,32.39,32.83,50214115
1591968600,33.46,33.775,32.5,32.64,29829026
1592227800,31.8,33.66,31.32,33.51,32187059
1592314200,33.46,33.68,32.45,32.64,39596111
1592400600,32.78,33.1874,32.5,32.85,23882500
1592487000,32.67,33.03,32.3,32.43,20130754
1592573400,32.88,33.84,32.69,33.55,37405046
1592832600,34.4,35.3401,34.27,34.87,46110348
1592919000,35.38,35.84,35.115,35.37,28979238
1593005400,35.14,35.68,34.3,34.74,37585817
1593091800,34.75,34.96,34.18,34.96,17938785
1593178200,34.59,35.33,34.08,35.19,29048378
1593437400,35.37,35.56,34.965,35.56,24259523
1593523800,35.44,36.72,35.22,36.68,35818585
1593610200,36.57,36.64,35.52,36.56,30673795
1593696600,36.34,37.08,36.11,36.17,28388822
1594042200,36.9,37.125,36.305,36.84,23654623
1594128600,36.69,37.975,36.66,37.73,30149951
1594215000,38.41,39.14,38.185,38.96,34212491
1594301400,39.27,39.44,37.82,38.79,37060292
1594387800,39.09,39.18,38.03,38.4,21900739
1594647000,39.06,39.18,37.08,37.13,34817428
1594733400,37,38.6,36.87,38.59,30430722
1594819800,38.37,38.76,37.7,38.67,21290966
1594906200,38.35,38.71,37.71,38.08,21296572
1594992600,38.56,39.34,38.3366,39.31,27743567
1595251800,39.78,40.49,39.63,40.38,28356291
1595338200,41.27,41.62,40.53,40.91,34701464
1595424600,41.47,41.939,41.095,41.75,39311493
1595511000,41.7,42.24,40.21,40.96,43686708
1595597400,41.455,41.91,41.12,41.83,34918693
1595856600,43.43,44.46,43.31,43.84,57601159
1595943000,43.2,44.05,42.73,43.56,37241879
1596029400,43.73,43.74,42.22,43.13,39586646
1596115800,41.9,42.68,40.96,41.63,38073484
1596202200,42.36,43.03,41.93,42.94,29563446
1596461400,42.6,42.9,41.7702,42.54,26243137
1596547800,42.5,44.48,42.12,44.48,42405281
1596634200,45.4,45.78,44.02,44.53,37859060
1596720600,45.18,45.36,43.58,44.23,29579910
1596807000,43.24,43.54,42.25,42.74,33217639
1597066200,43.23,44.18,42.285,42.39,28792727
1597152600,40.24,40.75,38.885,39.05,71304382
1597239000,40.3335,40.505,39.21,39.23,38312189
1597325400,40.03,41.03,39.69,40.63,36092736
1597411800,40.46,40.72,39.72,40.35,21075453
1597671000,42.12,43,41.85,42.96,35735953
1597757400,44.07,44.09,42.01,42.66,28185875
1597843800,42.26,42.61,40.77,41.01,36903312
1597930200,41.05,42.1,40.79,41.97,29589687
1598016600,41.12,41.3,40.44,40.89,23938217
1598275800,41.57,41.609,40.59,40.65,17717371
1598362200,40.61,40.61,39.59,40.58,20241546
1598448600,40.07,41.63,40.07,41.6,27676900
1598535000,42.34,42.34,40.035,40.66,31690874
1598621400,41.63,42.227,41.25,41.96,26915547
1598880600,42.2,42.81,41.92,42.27,21174580
1598967000,43.13,43.13,41.17,41.67,24256352
1599053400,41.23,41.8,40.41,41.76,21587374
1599139800,41.41,41.76,40.225,41.29,23533925
1599226200,40.96,41.14,39.47,40.86,31759952
1599571800,39.69,41.37,39.29,40.58,23893974
1599658200,40.9799,42.45,40.9799,42.34,30373322
1599744600,42.76,42.89,41.435,41.58,24778414
1599831000,41.87,42.33,40.91,41.16,19360884
1600090200,41.85,42.84,41.78,42.79,24207148
1600176600,43.28,43.6,42.521,42.79,21083553
1600263000,43.48,43.48,42.6,42.85,21649519
1600349400,41.81,42.32,41.37,42.1,21293220
1600435800,42.23,42.54,41.34,41.36,24531289
1600695000,40.21,40.79,39.37,39.84,30733604
1600781400,40.06,40.315,39.42,40.02,21529162
1600867800,39.36,39.3801,37.35,37.63,52942893
1600954200,37.2,38.91,37.08,38.69,35428374
1601040600,38.2,38.66,37.79,38.42,15107535
1601299800,38.92,39.16,38.3699,38.87,17378130
1601386200,39.07,39.62,38.94,39.37,16833233
1601472600,39.1,39.52,38.56,39.16,17572953
1601559000,39.55,39.94,39.16,39.57,21847938
1601645400,39.11,39.57,38.76,38.97,16693909
1601904600,39.17,39.98,39.07,39.57,19579828
1601991000,39.87,40.06,38.07,38.11,26691992
1602077400,38.5,38.805,38.15,38.35,22049824
1602163800,38.73,39.17,38.48,38.97,18446618
1602250200,39.91,40.795,39.83,40.78,29936412
1602509400,40.68,41.01,40.35,40.67,14011284
1602595800,40.1,40.5,39.46,40.25,20018117
1602682200,40.76,41.34,40.52,40.96,19355245
1602768600,40.19,40.67,39.9863,40.3,18523858
1602855000,40.41,40.52,39.83,39.83,13554722
1603114200,40.32,40.33,39.14,39.16,15292636
1603200600,39.29,39.705,38.97,39.46,15671885
1603287000,39.76,40.41,39.68,39.92,18089397
1603373400,39.34,39.44,38.59,39.19,19750654
1603459800,39.15,39.17,38.465,38.82,14497696
1603719000,38.52,39.16,38.17,38.21,17881875
1603805400,38.27,38.86,38.0877,38.83,14636849
1603891800,37.72,37.88,36.34,36.52,38818917
1603978200,36.06,37.285,36.01,36.95,22331970
1604064600,37.33,37.57,36.4877,37.49,27663936
1604327400,38.09,38.69,37.67,38.63,27180436
1604413800,39.1,39.625,38.835,39.37,20418908
1604500200,39.42,39.53,38.4,38.47,24981312
1604586600,39.88,41.51,39.865,41.22,51803648
1604673000,41.64,41.81,40.985,41.42,21921499
1604932200,39.41,39.42,38.03,38.88,43551216
1605018600,39.03,39.06,37.52,37.56,33309875
1605105000,37.07,37.26,36.7277,37.15,22360789
1605191400,37.5,38.08,37.39,37.49,21204910
1605277800,38.34,38.35,37.825,38.01,19270905
1605537000,37.86,38.235,37.45,37.76,17150204
1605623400,37.41,37.645,36.94,36.94,20716651
1605709800,36.94,36.97,35.815,35.82,26893335
1605796200,35.37,35.83,35.2,35.52,25927665
1605882600,35.96,36.36,35.66,35.9,25259605
1606141800,35.53,35.57,34.34,34.36,33864184
1606228200,33.38,33.9,33.25,33.42,41128086
1606314600,33.75,34.235,33.665,34.04,31203612
1606487400,33.54,34.29,33.5,34.23,11745571
1606746600,33.97,34.68,33.66,34.68,24406719
1606833000,35.8,36.07,35.08,35.96,31750906
1606919400,35.97,36.1,35.52,35.97,23736888
1607005800,36.14,36.14,35.235,35.51,21132485
1607092200,35.5,35.81,35.06,35.31,15779182
1607351400,35.3,36.92,35.24,36.5,26606174
1607437800,36.66,36.75,36.23,36.35,15029702
1607524200,35.94,36.16,35.01,35.4,26711273
1607610600,35.5277,36.025,35.14,35.24,17178644
1607697000,35.36,35.57,34.945,35.08,13294131
1607956200,34.92,35.35,34.26,34.29,27930959
1608042600,35.01,35.57,34.86,35.37,24425981
1608129000,35.6,36.04,35.12,36.03,21498615
1608215400,36.87,37.64,36.76,37.29,41042596
1608301800,37.27,37.27,36.55,36.58,21979781
1608561000,36.35,36.81,36.18,36.35,18383671
1608647400,36.38,36.39,35.03,35.29,34675278
1608733800,35.53,36.04,35.53,35.92,25420059
1608820200,35.75,36.2145,35.6223,36.03,14138459
1609165800,36.61,36.91,35.68,35.69,17137367
1609252200,35.9,36.29,35.59,35.74,19650373
1609338600,35.79,36.56,35.77,36.56,18311382
1609425000,36.56,36.68,35.8,36.02,18772713
1609770600,37.69,38.765,37.315,38.51,54565106
1609857000,39,39.01,38.06,38.5,28068442
1609943400,38.13,38.52,37.47,38.46,31826283
1610029800,38.32,38.66,37.815,38.37,18728570
1610116200,37.45,37.52,35.8,36.52,49003476
1610375400,35.78,36.28,35.74,35.78,26270086
1610461800,35.89,36.05,35.29,36.04,20901168
1610548200,36,36.3,35.62,35.64,15130292
1610634600,35.64,36.15,35.46,35.61,17274554
1610721000,35.34,35.49,34.48,34.51,26520248
1611066600,35.13,35.18,34.57,34.87,26382561
1611153000,35.49,36.32,35.395,36.04,30193242
1611239400,36,36.0399,35.41,35.71,19607840
1611325800,34.85,35.54,34.47,35.23,27744173
1611585000,35.49,35.74,34.8073,35.19,15905618
1611671400,35.11,35.535,35.01,35.09,13110808
1611757800,34.65,34.67,33.625,33.74,31884841
1611844200,34.62,35.39,34.085,34.58,35106662
1611930600,35.48,35.68,34.375,34.51,21743651
1612189800,36.03,36.28,35.08,35.68,33084896
1612276200,34.88,34.98,34.45,34.62,22560818
1612362600,34.7,34.945,34.44,34.61,16858341
1612449000,33.685,33.97,33.23,33.84,26075889
1612535400,34.11,34.69,33.9,34.61,20322709
1612794600,35.27,35.49,34.9,35.22,18754664
1612881000,35.43,35.475,34.935,35.18,18531709
1612967400,35.5,35.6,35,35.28,11693963
1613053800,35.33,35.615,34.66,34.81,19890691
1613140200,34.5,35.1221,34.18,34.78,15849345
1613485800,34.25,34.8172,34.08,34.09,22539109
1613572200,33.55,33.59,32.95,33.22,27688603
1613658600,33.17,33.4351,32.54,32.79,20776358
1613745000,33.09,33.21,32.57,32.74,17823026
1614004200,33.25,34.35,33.07,34.21,27946112
1614090600,33.8,33.87,32.81,33.44,25669743
1614177000,32.868,33.905,32.65,33.7,18765998
1614263400,33.01,33.63,32.2,32.33,36435964
1614349800,31.97,32.16,30.895,31.13,39888765
1614609000,31.52,31.72,30.72,30.9,25851374
1614695400,31.04,32.21,30.97,31.96,27817654
1614781800,31.44,31.6,30.64,31.35,34116975
1614868200,31.29,32.09,30.8,31.37,37821846
1614954600,31.4,31.88,30.9,31.78,27006828
1615213800,31.55,31.8,31.19,31.39,16400592
1615300200,32.47,32.89,32.095,32.3,26861922
1615386600,32.38,32.63,32.08,32.43,14538950
1615473000,32.67,33.08,32.52,33.05,21841578
1615559400,32.22,33.13,32.08,33.08,19710935
1615815000,33.23,33.72,33.14,33.62,21468359
1615901400,33.68,33.725,33.325,33.49,16995968
1615987800,33.26,34.48,33,34.21,24753124
1616074200,33.51,34.129,33.46,33.62,18855434
1616160600,33.74,33.92,33.46,33.89,17791428
1616419800,33.56,33.96,33.49,33.49,14935314
1616506200,33.18,33.26,32.535,32.64,17838720
1616592600,32.65,32.7699,32.28,32.3,14319311
1616679000,32.3001,32.52,31.91,32.24,16091687
1616765400,32.15,32.795,32.15,32.77,15938692
1617024600,32.5045,32.93,32.09,32.86,13768313
1617111000,31.9913,32.24,31.6479,31.83,25441929
1617197400,31.9,32.79,31.865,32.5,29139803
1617283800,32.95,33.62,32.84,33.6,27485551
1617629400,33.59,34.015,33.37,33.71,18197254
1617715800,34.078,34.59,33.98,34.28,21175661
1617802200,34.1401,34.315,33.845,33.93,18181850
1617888600,34.5401,34.85,34.435,34.73,19841066
1617975000,34.11,34.79,33.98,34.73,11232307
1618234200,34.41,34.44,33.83,33.96,15536208
1618320600,34.39,34.8,34.3,34.56,22275864
1618407000,34.54,34.7501,34.205,34.29,14033711
1618493400,34.8025,35.96,34.73,35.71,31132507
1618579800,36.0899,36.125,35.72,36.03,18939324
1618839000,35.84,36.095,35.59,35.79,12133699
1618925400,35.7,36.33,35.685,36.2,22559979
1619011800,36.22,36.835,36.13,36.83,18613551
1619098200,36.63,36.655,35.96,36.18,18554103
1619184600,36.5,36.62,35.95,36.06,10521143
1619443800,36.12,36.18,35.805,35.98,9254155
1619530200,36.03,36.06,35.25,35.3,16330790
1619616600,34.88,35.72,34.71,35.45,20209764
1619703000,35.03,35.12,34.38,34.77,23574832
1619789400,34.5701,34.835,34.31,34.36,20958956
1620048600,34.98,35.89,34.91,35.68,31858538
1620135000,35.66,36.33,34.98,35.31,19222341
1620221400,35.48,35.69,35.25,35.61,14786308
1620307800,35.91,37.08,35.88,36.76,33315050
1620394200,37.37,37.58,37.01,37.42,28018438
1620653400,37.98,38.2199,37.315,37.38,24645358
1620739800,36.63,37.67,36.5,37.64,19510803
1620826200,37.5475,37.755,36.74,36.86,23166293
1620912600,36.72,37.18,36.43,36.93,14643459
1620999000,37.32,37.945,37.24,37.84,19785915
1621258200,38.27,39.895,38.13,39.68,44330775
1621344600,39.78,39.89,39.035,39.63,22379022
1621431000,39.29,40.13,38.595,39.04,34676432
1621517400,39.0889,39.7975,38.92,39.51,17187755
1621603800,39.74,39.76,38.91,39.29,15441344
1621863000,39.38,39.655,39.17,39.43,11962114
1621949400,39.362,39.6899,38.87,39.52,18295900
1622035800,39.68,40,39.21,39.46,17944694
1622122200,39.26,39.4,39.02,39.21,15494090
1622208600,38.99,39.435,38.77,39.42,12656408
1622554200,39.64,39.88,39.165,39.49,14270611
1622640600,39.58,39.79,39.335,39.54,11231620
1622727000,38.622,38.63,38.015,38.17,32174153
1622813400,38.5601,38.9572,38.455,38.68,16937401
1623072600,38.55,38.71,38.21,38.65,13293109
1623159000,38.43,38.59,38.05,38.1,17455780
1623245400,38.152,38.48,37.995,38,14511107
1623331800,38.07,38.99,37.97,38.95,22342337
1623418200,38.7,38.88,38.18,38.28,18857285
1623677400,37.57,38.285,37.4,38.03,15826408
1623763800,38.062,38.13,37.4101,37.59,17405698
1623850200,37.53,37.92,36.73,36.77,29702867
1623936600,35.58,36.04,34.79,34.93,69043895
1624023000,34.84,35.1,34.1,34.13,34367726
1624282200,34.6613,34.95,34.2373,34.77,25070635
1624368600,34.6,34.81,34.41,34.55,17989751
1624455000,35.01,35.178,34.33,34.33,22658159
1624541400,34.64,34.73,34.29,34.44,16894522
1624627800,34.91,34.95,34.22,34.36,14417320
1624887000,34.32,34.44,33.72,33.98,19354761
1624973400,33.3935,33.97,33.3,33.64,15484480
1625059800,33.64,34.21,33.5,33.98,15159261
1625146200,34.4667,34.52,33.76,33.96,12172211
1625232600,34.39,34.59,34.05,34.42,14496634
1625578200,35.02,35.05,34.17,34.52,19947062
1625664600,34.74,34.791,34.29,34.56,14493739
1625751000,34.62,34.685,33.385,33.68,27118254
1625837400,33.8,34.49,33.76,34.37,18204532
1626096600,34.2,34.56,33.83,33.89,20292447
1626183000,34,34.92,33.92,34.28,21065664
1626269400,35.09,35.16,34.575,34.74,15714159
1626355800,34.84,35.03,34.63,34.97,14196133
1626442200,34.84,34.84,33.83,33.92,28734961
1626701400,33.5201,33.71,32.8728,33.19,29921491
1626787800,33.39,33.8101,33.05,33.3,17990750
1626874200,33.03,33.7275,32.97,33.62,15417857
1626960600,33.6901,33.6901,33.05,33.41,15667809
1627047000,33.2,33.32,32.92,33.15,12587716
1627306200,33.06,33.76,33.01,33.5,13565026
1627392600,33.65,33.725,33.29,33.68,14112945
1627479000,33.51,34.19,33.38,34.19,16424357
1627565400,34.75,35.369,34.7,35.07,29054917
1627651800,34.8,35.28,34.695,34.92,12405256
1627911000,34.92,34.99,34.67,34.78,11315814
1627997400,34.79,35.1257,34.64,35.09,11237311
1628083800,35.6,35.82,34.76,34.78,16927174
1628170200,34.77,34.84,34.1815,34.26,14194065
1628256600,33.38,33.49,32.87,33.24,34008684
1628515800,32.8,33.08,32.39,32.43,29020208
1628602200,32.32,32.465,31.92,32.02,23545603
1628688600,32.43,32.9,32.39,32.66,22827025
1628775000,32.47,32.47,31.9,32.16,17927044
1628861400,32.58,32.96,32.48,32.82,16207003
1629120600,32.86,32.9422,32.45,32.64,12163957
1629207000,32.53,32.66,32.01,32.25,20321225
1629293400,32.33,32.33,31.25,31.49,32163175
1629379800,31.43,31.45,30.89,30.96,24668400
1629466200,30.85,31.14,30.685,30.85,18101529
1629725400,31.63,32.345,31.345,32.12,34967673
1629811800,32.36,32.37,31.99,32.11,12994490
1629898200,31.95,31.97,31.41,31.68,20259406
1629984600,31.46,31.87,31.37,31.48,18155609
1630071000,31.4343,32.73,31.29,32.61,43782935
1630330200,32.61,32.7,32.103,32.17,17423173
1630416600,32.26,32.63,32.19,32.6,23492720
1630503000,32.78,32.8292,32.36,32.38,17135561
1630589400,32.41,32.51,32.18,32.5,14718550
1630675800,32.99,33.52,32.87,33.28,27206237
1631021400,32.89,33.06,32.22,32.35,23530591
1631107800,32.32,32.48,31.87,32.19,18090060
1631194200,32.44,32.49,31.735,31.96,20938848
1631280600,31.95,32.115,31.5,31.5,16890332
1631539800,31.68,32.405,31.6,32.11,24637976
1631626200,32.28,32.6199,31.99,32.27,17580112
1631712600,32.02,32.51,31.97,32.26,13130902
1631799000,31.5301,31.56,30.59,30.92,54399901
1631885400,30.69,30.73,30.35,30.58,26397372
1632144600,30.34,30.575,30.07,30.45,26368723
1632231000,30.74,31.05,30.41,30.47,23278498
1632317400,30.7,31.24,30.455,30.5,26826389
1632403800,30.29,30.33,29.88,29.89,28658375
1632490200,29.67,30,29.54,29.68,14285363
1632749400,29.83,30.235,29.63,29.68,16001616
1632835800,29.24,29.51,28.97,29.37,35629467
1632922200,29.29,29.415,28.83,28.91,34065822
1633008600,29.28,29.95,29.105,29.47,29802730
1633095000,29.68,29.685,29.115,29.33,20670188
1633354200,29.23,29.9,29.23,29.67,25250556
1633440600,29.54,29.85,29.17,29.78,21309595
1633527000,29.56,30.34,29.485,30.34,28606925
1633613400,30.09,30.69,30.05,30.4,18266930
1633699800,31.13,31.36,30.58,30.67,28715150
1633959000,30.7127,31.09,30.51,30.58,17432617
1634045400,30.8,31.26,30.55,31.14,25183499
1634131800,31.43,32.32,31.39,32.15,36495089
1634218200,32.6,32.93,32.41,32.85,25070580
1634304600,32.1456,32.73,31.88,32.52,19730734
1634563800,32.4,32.535,32.075,32.22,15584458
1634650200,32.86,32.8901,32.3,32.5,13999700
1634736600,32.85,33.16,32.595,32.86,15369526
1634823000,32.73,32.77,32.5,32.73,13482577
1634909400,33.2987,33.95,32.82,32.99,29547138
1635168600,33.44,33.71,33.26,33.45,16885127
1635255000,33.18,33.38,33.02,33.25,14855627
1635341400,33.23,33.4,32.95,33.1,14192936
1635427800,33.17,33.17,32.5,32.59,16147258
1635514200,32.06,32.23,31.7,31.71,19838470
1635773400,31.77,32.01,31.415,31.86,13055087
1635859800,31.6401,31.66,31.26,31.53,13406513
1635946200,31.09,31.99,30.96,31.86,19631375
1636032600,32.29,32.685,31.685,31.75,20728556
1636119000,32.1069,32.75,31.84,32.75,23291780
1636381800,33.09,33.14,32.655,32.9,16768969
1636468200,33.03,33.32,32.57,33.32,15970088
1636554600,34.14,34.5,33.69,33.91,41093016
1636641000,34.72,34.83,34.31,34.7,25332815
1636727400,34.45,35.01,34.22,34.77,16472228
1636986600,34.79,35.01,34.47,34.9,12669970
1637073000,34.88,35.08,34.27,34.29,17878666
1637159400,34.69,34.97,34.42,34.56,15595601
1637245800,34.51,34.68,34.11,34.24,16495437
1637332200,34.1601,34.415,33.66,33.67,22135674
1637591400,33.02,33.475,32.55,33,30001642
1637677800,32.52,32.81,32.15,32.5,20546608
1637764200,32.22,32.62,32.17,32.42,13253045
1637937000,32.8,32.8,31.64,32.12,21061792
1638196200,32.03,32.16,31.67,32.13,15302736
1638282600,32.4,33.03,31.64,31.8,30280638
1638369000,32.2,32.4801,30.82,30.83,30337643
1638455400,30.8799,30.8799,30.0932,30.46,27617314
1638541800,30.49,30.73,30.05,30.69,21055604
1638801000,30.56,31.23,30.47,31.12,16423306
1638887400,31.15,31.585,31.1,31.34,12973046
1638973800,31.25,31.515,31.08,31.49,9604717
1639060200,31.18,31.19,30.525,30.68,19843666
1639146600,30.94,30.95,30.3,30.49,13045463
1639405800,30.53,30.87,30.36,30.51,23841326
1639492200,30,30.55,30,30.11,16925642
1639578600,30,30,28.9,29.7,34442972
1639665000,30.13,31.24,30.12,31.19,38341083
1639751400,31.35,31.765,31.07,31.13,25354299
1640010600,30.56,30.64,30.15,30.59,18245718
1640097000,30.88,30.92,30.385,30.82,15175988
1640183400,30.91,31.18,30.48,31.16,19852086
1640269800,31.11,31.39,30.83,31.3,15213471
1640615400,31.24,31.48,31.0382,31.33,11633515
1640701800,31.33,31.655,31.07,31.09,15673399
1640788200,30.84,31.54,30.84,31.22,13900947
1640874600,31.22,31.83,31.22,31.78,14496688
1640961000,32.0101,32.075,31.72,32.03,12553707
1641220200,31.42,31.53,31.205,31.25,18828939
1641306600,31.44,31.87,31.31,31.38,15468251
1641393000,31.71,32.025,30.79,30.85,26211095
1641479400,30.17,30.38,29.74,29.76,28579287
1641565800,29.958,30.17,29.615,30.01,19982904
1641825000,29.87,30.54,29.65,30.51,24142739
1641911400,30.62,31.16,30.39,31.14,20294692
1641997800,31.27,31.71,31.07,31.71,19838609
1642084200,31.56,31.74,31.23,31.24,15356931
1642170600,31.3,31.32,30.725,30.97,15586459
1642516200,30.89,31.15,30.4801,30.6,16767040
1642602600,31.02,32.94,30.94,32.79,52590040
1642689000,33.11,33.19,32.33,32.33,26417558
1642775400,32.5801,32.605,31.48,31.65,30274230
1643034600,31.58,31.59,30.43,31.45,32167327
1643121000,31.11,31.82,30.84,31.66,26669508
1643207400,31.38,31.89,30.38,30.63,38945937
1643293800,29.87,30.61,29.635,29.68,32087688
1643380200,29.33,29.38,28.87,29.3,25046371
1643639400,29.56,30.24,29.505,30.23,22555424
1643725800,30.55,30.72,30.03,30.53,16090372
1643812200,30.61,31.0399,30.25,30.63,15417308
1643898600,30.45,30.66,29.94,30.25,17862630
1643985000,30.06,30.73,29.97,30.4,20375733
1644244200,30.64,31.45,30.42,31.3,24160501
1644330600,31.25,31.65,31.145,31.65,14835262
1644417000,31.76,31.98,31.53,31.59,19078658
1644503400,31.42,31.8778,30.55,30.69,29800098
1644589800,30.77,32.78,30.73,32.43,42380993
1644849000,32.54,33.16,32.52,33.09,29274744
1644935400,32.22,32.62,31.81,32.49,25751701
1645021800,32.68,33.67,32.67,33.53,28483315
1645108200,34.03,35.11,33.7793,34.78,45115430
1645194600,34.83,34.85,34.21,34.5,23469278
1645540200,34.72,34.96,33.9,34.11,23123927
1645626600,34.06,35.02,34.01,34.74,24488404
1645713000,36.05,36.0699,33.43,34.07,51288783
1645799400,33.68,34.48,33.46,34.39,22922160
1646058600,35.08,35.11,34.095,34.38,25871753
1646145000,34.75,35.86,34.69,35.86,39068447
1646231400,35.3101,35.815,34.95,35.73,26242080
1646317800,35.63,36.02,35.34,36.02,23492411
1646404200,36.28,37.6,36.185,37.4,40829129
1646663400,37.69,38.55,37.2,38.36,46921154
1646749800,38.8301,40.26,37.89,38.57,80295605
1646836200,36.8371,38.31,36.5,38.13,39938289
1646922600,38.41,39.32,38.37,38.91,29088628
1647009000,37.8,38.545,37.61,38.29,28285231
1647264600,37.38,37.55,36.26,36.73,38456790
1647351000,35.75,37.32,35.67,36.9,26134289
1647437400,36.698,37.11,36.035,37.01,28941555
1647523800,37.41,38.365,37.39,37.7,26488194
1647610200,37.24,37.88,36.97,37.22,30921104
1647869400,37.45,38.565,37.45,38.15,24683544
1647955800,38.21,38.21,37.25,37.76,17183874
1648042200,38.03,38.77,37.85,38.72,20446330
1648128600,39.0805,39.37,38.45,38.56,21580995
1648215000,38.2933,38.75,38.12,38.72,10082228
1648474200,38.1301,38.17,37.58,37.7,21267685
1648560600,36.895,38.25,36.66,38.22,18139796
1648647000,38.26,38.86,38.25,38.65,14993014
1648733400,38.7301,39.11,38.325,38.35,17229766
1648819800,38.1243,39.53,38.07,39.49,23745718
1649079000,39.718,39.8,38.655,39.14,18744448
1649165400,39.38,39.875,38.1,38.28,26451033
1649251800,38.25,38.65,37.801,38.18,19222701
1649338200,38.2977,39.01,38.175,38.73,17500545
1649424600,38.93,39.81,38.9,39.67,21664610
1649683800,40.21,40.38,39,39.45,20697459
1649770200,40,40.53,39.45,39.8,22313722
1649856600,40.23,40.88,39.98,40.69,22805812
1649943000,40.52,40.95,40.16,40.86,21680840
1650288600,41.28,41.605,40.82,40.87,21406426
1650375000,40.23,40.59,39.41,39.7,23777070
1650461400,39.5885,40.21,39.2477,40.13,23025926
1650547800,39.59,39.6,37.72,38.09,42409934
1650634200,37.05,37.7564,36.71,36.94,33747174
1650893400,35.47,36.17,34.8799,35.67,38894676
1650979800,35.8601,36.01,34.882,34.9,24442717
1651066200,34.95,35.375,34.66,34.7,15275437
1651152600,34.82,35.51,34.57,35.41,24492252
1651239000,35.77,36.09,34.98,34.99,20033737
1651498200,34.08,34.68,33.722,34.55,29034370
1651584600,34.6801,35.47,34.68,35.11,19495857
1651671000,35.07,35.93,34.63,35.78,28204465
1651757400,36.1,36.175,34.1301,34.63,35966826
1651843800,34.48,34.72,33.99,34.24,21303721
1652103000,33.36,33.57,32.185,32.23,34739688
1652189400,32.67,32.92,31.31,31.69,25276208
1652275800,32.21,32.835,31.61,31.65,27714271
1652362200,30.98,31.14,29.66,30.18,35862810
1652448600,30.12,31.14,30.12,30.88,27278831
1652707800,30.7877,31.265,30.74,31.18,15573529
1652794200,31.57,31.655,31.0029,31.24,16582400
1652880600,31.12,31.28,30.43,30.45,18448297
1652967000,31.243,32.36,31.23,32.15,30947612
1653053400,32.17,32.24,31.54,32.06,19963509
1653312600,32.64,32.83,31.91,32.25,16314355
1653399000,32.28,32.95,32.01,32.74,17950415
1653485400,32.34,32.67,32.11,32.59,13881152
1653571800,32.39,32.8,32.15,32.39,12079091
1653658200,32.665,32.74,32.22,32.51,11892156
1654003800,32.37,32.92,31.55,31.73,21928985
1654090200,32.02,32.3,31.595,31.98,14071074
1654176600,32.42,33.52,32.4,33.35,21415349
1654263000,32.93,33.28,32.4701,32.56,14528320
1654522200,32.84,32.95,31.97,32.22,12275795
1654608600,32.16,32.63,32.1,32.53,11530615
1654695000,32.38,32.69,32.13,32.31,9693323
1654781400,32.1,32.15,31.07,31.09,21702415
1654867800,30.6399,32.8,30.36,32.57,35438070
1655127000,31.27,31.61,30.465,30.47,32964397
1655213400,30.58,30.5801,29.4,29.7,22331611
1655299800,30.45,30.62,29.34,30.19,25359392
1655386200,29.9,30.99,29.445,30.76,28773164
1655472600,30.7,30.79,30.14,30.39,17456437
1655818200,30.35,30.95,30.19,30.5,15825161
1655904600,30.47,30.98,30.06,30.08,20321623
1655991000,29.94,30.31,28.64,28.91,30743878
1656077400,29.03,29.78,28.7,29.66,21579705
1656336600,29.46,29.58,29.06,29.47,17945744
1656423000,29.72,29.78,28.82,28.87,18486746
1656509400,29.16,29.27,28.18,28.44,17375386
1656595800,28.23,28.4,27.325,27.38,24080082
1656682200,26.96,28.37,26.83,28.16,30977663
1657027800,27.68,27.93,26.46,26.96,29004414
1657114200,27,27.1704,26.04,26.79,24663578
1657200600,27.01,27.61,26.8705,27.16,17608511
1657287000,27.2699,27.61,26.82,27.06,13882207
1657546200,26.69,27.1699,26.5801,26.65,19039334
1657632600,26.66,26.92,26.14,26.26,16844931
1657719000,26.055,27.38,26.03,26.83,30708264
1657805400,25.75,25.89,24.92,25.71,45394374
1657891800,25.88,25.88,25.14,25.59,19211527
1658151000,26,26.35,25.71,25.71,16172871
1658237400,25.92,26.3,25.7,26.02,14987710
1658323800,26.11,26.2601,25.23,25.26,20189348
1658410200,25.37,25.89,25.21,25.74,19919189
1658496600,25.85,26.54,25.3,25.41,27424837
1658755800,25.32,25.42,24.375,24.59,29326975
1658842200,24.6605,25.17,24.66,25.1,21849384
1658928600,25.16,25.67,24.81,25.53,32496733
1659015000,26.26,26.36,25.67,26,33677204
1659101400,26.18,26.39,25.53,26.27,25835308
1659360600,26.39,26.5,25.97,26.21,15231029
1659447000,26.35,26.935,25.87,25.88,28314603
1659533400,26.07,26.08,25.29,25.54,29568832
1659619800,25.8,26.775,25.628,26.43,25570787
1659706200,25.81,26.3,25.45,26.28,25529832
1659965400,26.77,27.3,26.7223,27,23607934
1660051800,27.19,27.21,26.48,26.94,16504672
1660138200,27.29,27.5799,26.87,27.13,18701384
1660224600,27.28,27.39,26.57,26.62,18682216
1660311000,26.85,27.26,26.72,27.22,17809958
1660570200,26.58,26.73,26.32,26.63,16144327
1660656600,26.5,26.78,26.32,26.73,11741831
1660743000,26.49,26.53,25.7,25.78,29383995
1660829400,25.85,26.05,25.05,25.81,13036810
1660915800,25.69,25.69,25.18,25.25,15279129
1661175000,24.96,25.39,24.8701,25.27,12544776
1661261400,25.37,26.2201,25.33,25.7,18062346
1661347800,25.56,25.98,25.3,25.91,14510712
1661434200,26.16,26.215,25.76,26.13,10157451
1661520600,26.02,26.19,24.69,24.9,29536512
1661779800,24.79,25.145,24.51,24.61,22795297
1661866200,24.58,24.61,23.905,24.08,22031909
1661952600,24.02,24.24,23.8,23.8,18461845
1662039000,23.35,23.485,22.97,23.06,33298952
1662125400,23.55,24.21,23.26,23.79,30245274
1662471000,23.87,24.25,23.4,23.44,23843955
1662557400,23.43,24.51,23.28,24.32,26791740
1662643800,24.095,24.52,23.885,24.36,21459404
1662730200,24.76,25.15,24.69,25.1,20847159
1662989400,25.64,25.71,25.281,25.45,20706432
1663075800,24.53,25.13,24.35,24.42,31353122
1663162200,24.57,24.89,24.42,24.47,18318385
1663248600,24.24,24.49,23.52,23.74,34626110
1663335000,23.36,24.295,23.155,24,30933761
1663594200,23.62,24.43,23.52,24.42,20269947
1663680600,24.05,24.05,23.5,23.75,20117041
1663767000,24,24.49,23.385,23.83,32189379
1663853400,23.98,24.25,23.56,23.74,22426474
1663939800,23,23.04,22.2,22.44,43070411
1664199000,22.4,22.55,21.52,21.86,38198672
1664285400,22.27,22.59,21.96,22,19460249
1664371800,22.5,23.58,22.49,23.58,40035437
1664458200,23.36,23.73,23.01,23.69,34381388
1664544600,23.62,24.55,23.51,24.12,37430357
1664803800,24.5,25.06,24.3,25.04,35531459
1664890200,25.49,26.11,25.33,25.75,34280757
1664976600,25.19,25.39,24.71,25.37,26009092
1665063000,25.21,25.68,25.03,25.65,25143745
1665149400,25.15,25.425,24.39,24.39,29761530
1665408600,23.98,24.55,23.92,24.02,17472558
1665495000,24.07,24.59,23.75,23.81,25189958
1665581400,23.85,24.18,23.65,24.02,18407651
1665667800,23,23.87,22.49,23.74,28872949
1665754200,23.54,23.57,22.7,22.72,22563915
1666013400,23.4101,23.77,23.37,23.45,18687115
1666099800,23.78,23.845,23.32,23.61,17248820
1666186200,23.12,23.26,22.77,22.89,20047391
1666272600,23.02,23.79,22.89,23.18,21703030
1666359000,23.31,24.35,23.19,24.34,30203339
1666618200,24.03,24.09,23.5,23.93,24087518
1666704600,24.0475,24.57,24.01,24.41,28223921
1666791000,24.7,25.4,24.67,25.13,24001417
1666877400,25.26,25.36,24.81,24.82,21524259
1666963800,24.5,24.74,24.275,24.72,16034929
1667223000,24.37,24.53,24.13,24.16,21769414
1667309400,24.84,25.06,24.57,24.7,23337207
1667395800,24.87,24.98,23.23,23.25,43806387
1667482200,22.979,23.1,22.58,22.68,30349460
1667568600,23.76,24.99,23.75,24.95,46797219
1667831400,25.1,25.245,24.65,25.15,28855178
1667917800,25.17,26.945,25.04,26.66,50666466
1668004200,26.53,27.02,26.16,26.24,31653510
1668090600,27.78,28.31,27.31,28.21,46849545
1668177000,28.289,28.34,27.832,28.3,23159875
1668436200,28.13,28.38,27.88,28.12,20061344
1668522600,28.438,28.49,27.575,27.85,29900735
1668609000,27.64,27.99,27.53,27.53,15708565
1668695400,27.058,27.28,26.84,27.12,24647700
1668781800,27.04,27.41,26.92,27.37,28557429
1669041000,27.17,27.26,26.76,27.18,21118073
1669127400,27.41,28.26,27.37,28.26,29686302
1669213800,28.25,28.78,27.9982,28.71,34294212
1669386600,28.6,28.69,28.3399,28.44,19297892
1669645800,28.351,28.37,27.25,27.3,33672440
1669732200,27.7199,28.3,27.71,28.15,35118682
1669818600,28.525,29.24,28.085,29.05,36827548
1669905000,29.73,30.27,29.44,30.04,50107685
1669991400,29.37,30.01,29.16,29.92,35815539
1670250600,29.63,29.63,28.75,28.84,42576868
1670337000,29.201,29.535,28.77,28.85,25644007
1670423400,29.07,29.73,29.06,29.41,38808481
1670509800,29.64,29.8299,29.255,29.41,18092077
1670596200,29.6928,30.1,29.04,29.07,24143047
1670855400,28.825,28.99,28.43,28.94,24168673
1670941800,30.03,30.455,29.465,29.78,27695829
1671028200,29.79,29.96,29.09,29.63,21961349
1671114600,28.785,28.985,28.29,28.32,29060379
1671201000,28.33,28.785,28.1191,28.6,23730908
1671460200,28.22,28.34,27.55,27.66,19577256
1671546600,28.2,28.91,28.11,28.74,26871964
1671633000,28.98,29.32,28.9,29.08,21455383
1671719400,28.63,28.785,28.12,28.76,20148818
1671805800,28.85,29.22,28.375,28.87,16347989
1672151400,29.08,29.99,28.8614,29.6,19464080
1672237800,29.35,29.39,28.5422,28.68,19542321
1672324200,29.03,29.23,28.74,28.82,9649175
1672410600,28.87,28.92,28.41,28.66,12476151
1672756200,29.329,30.0499,29.25,29.66,25649120
1672842600,30.2799,31.08,30.15,30.92,34447846
1672929000,30.35,30.69,30.0301,30.65,22716795
1673015400,31.18,31.675,30.675,31.56,32615382
1673274600,31.95,31.97,31.25,31.26,31134647
1673361000,31.38,31.865,31.2,31.84,16411325
1673447400,32,32.08,31.26,31.57,16050834
1673533800,32.11,32.3,31.55,32.18,26636848
1673620200,32.18,32.75,32.135,32.65,22740478
1673965800,32.28,32.32,31.33,31.52,28431315
1674052200,32.058,32.23,31.21,31.21,18027487
1674138600,31.46,32.195,31.25,32.02,31665274
1674225000,31.76,32.44,31.589,32.42,22162050
1674484200,32.03,32.42,31.71,32.4,24634884
1674570600,32.25,32.8,31.87,32.73,19363242
1674657000,32.321,33.34,32.26,33.27,21882947
1674743400,33.17,33.17,32.41,32.76,20056105
1674829800,32.599,32.625,32.09,32.31,18369032
1675089000,32.21,32.37,31.83,31.83,15401284
1675175400,31.73,32.04,31.5301,32.02,13269024
1675261800,32,33,31.66,32.74,27611747
1675348200,32.91,32.94,31.42,31.72,39837584
1675434600,30.84,31.11,30.21,30.32,35462349
1675693800,30.2701,30.42,30.02,30.21,19969190
1675780200,30.291,31,30.14,30.63,24785698
1675866600,30.78,30.78,30.29,30.37,12449612
1675953000,30.7,30.905,29.59,29.76,22280997
1676039400,29.81,29.95,29.36,29.62,16416421
1676298600,29.52,29.8,29.32,29.58,12356765
1676385000,29.34,29.8378,29.105,29.64,17614856
1676471400,28.96,28.96,28.51,28.79,22887239
1676557800,28.479,28.955,28.14,28.67,19613884
1676644200,28.29,28.47,27.785,28.41,23330367
1676989800,28.27,28.56,27.95,28.11,16102045
1677076200,27.89,27.96,27.25,27.45,21109411
1677162600,27.49,27.63,27.1301,27.31,15686466
1677249000,26.879,27.05,26.6395,26.99,20021012
1677508200,27.12,27.32,26.95,27.2,15404901
1677594600,27.22,27.69,26.952,27.51,25663966
1677681000,27.799,28.34,27.72,28.11,36704754
1677767400,28,28.21,27.84,28.17,14682639
1677853800,28.51,28.64,28.195,28.63,15765104
1678113000,28.353,28.49,27.895,28.08,16153009
1678199400,27.72,27.8,26.7299,26.89,34513146
1678285800,26.92,27.367,26.68,26.81,23263534
1678372200,27.06,27.33,26.585,26.68,20883154
1678458600,27.3,27.95,27.145,27.2,35753991
1678714200,28.5,29.285,28.34,29.1,56706492
1678800600,29.03,29.48,28.75,29.33,23982511
1678887000,29.83,29.83,28.94,29.33,34832649
1678973400,29.45,29.5,28.5,29.16,31411014
1679059800,29.74,31.025,29.36,30.58,63723754
1679319000,31.019,31.305,30.755,31.11,28656522
1679405400,30.62,30.63,29.6401,30,35598125
1679491800,30.12,31.175,30.04,30.56,30862317
1679578200,30.889,31.7,30.65,31.31,27957405
1679664600,31.39,31.795,31.11,31.55,28482575
1679923800,30.86,31.55,30.74,31.52,17072002
1680010200,31.7,32.35,31.43,32.31,24621864
1680096600,32.02,32.3729,31.88,32.04,17267856
1680183000,32.36,32.63,32.11,32.52,18704192
1680269400,32.62,32.73,32.09,32.35,18460358
1680528600,32.5,33.29,32.24,33.08,32416428
1680615000,33.11,34.275,32.92,34.19,38919688
1680701400,34.52,34.7,33.84,34.34,27676260
1680787800,34.2,34.51,33.77,34.43,16111364
1681133400,33.9701,34.04,33.6711,33.99,20707916
1681219800,34.24,35.035,34.24,34.58,21024202
1681306200,35.13,35.24,34.46,34.92,20592238
1681392600,35.475,36.1,35.43,35.87,28524878
1681479000,35.37,35.58,34.38,35.09,34145123
1681738200,34.67,34.83,34.07,34.3,25510137
1681824600,34.41,35.19,34.38,34.55,25445805
1681911000,33.93,34.38,33.83,34.08,27055281
1681997400,34.31,34.625,33.97,34.06,15975648
1682083800,33.74,34.07,33.29,33.61,23143199
1682343000,33.55,33.89,33.35,33.71,15115490
1682429400,33.6,33.92,33.235,33.77,14439555
1682515800,34.17,34.22,33.25,33.33,14899874
1682602200,33.24,33.88,33.06,33.85,16943218
1682688600,33.79,33.92,33.31,33.58,17740072
1682947800,34.15,34.3,33.37,33.41,13286688
1683034200,33.42,34.78,33.34,34.74,34821195
1683120600,34.64,35.16,34.515,34.86,23335764
1683207000,35.125,36.255,35.1,35.69,35165247
1683293400,34.62,35.59,34.52,35.4,22260160
1683552600,35.489,35.81,35.16,35.36,12247895
1683639000,35.279,35.53,35.09,35.25,9795824
1683725400,35.301,35.35,34.56,35,21045519
1683811800,34.68,34.68,33.52,33.52,31069296
1683898200,33.5,33.76,33.3,33.6,17355774
1684157400,33.78,34.17,33.71,33.91,13341864
1684243800,33.77,33.865,32.81,33.01,25027444
1684330200,33,33.02,32.49,32.73,19201305
1684416600,32.17,32.22,31.48,31.88,31404626
1684503000,32.06,32.58,31.74,32.16,18823071
1684762200,32.08,32.23,31.87,31.87,13003780
1684848600,31.7,31.94,31.54,31.65,13618987
1684935000,31.809,31.82,30.82,30.92,23978684
1685021400,30.651,30.66,30.18,30.26,21432451
1685107800,30.69,30.8,30.16,30.41,16912837
1685453400,30.45,30.575,30.11,30.2,23317554
1685539800,30.31,31.245,30.25,30.91,35961017
1685626200,31.08,32.29,31.03,32.01,32224627
1685712600,32.059,32.25,31.21,31.41,26595648
1685971800,31.26,31.77,31.215,31.56,14125268
1686058200,31.65,31.695,31.24,31.63,11372893
1686144600,31.7,32.2371,30.93,31.05,23061260
1686231000,31.55,31.87,31.4,31.54,18428566
1686317400,31.47,31.545,31.07,31.08,12669100
1686576600,31.03,31.245,30.78,31.24,10289452
1686663000,31.43,31.635,30.8,30.89,17547618
1686749400,31.26,31.48,30.53,30.87,15747198
1686835800,30.77,31.04,30.53,31,18198296
1686922200,31.2,31.735,30.9,31.39,19290348
1687267800,30.83,30.86,30.13,30.14,28355800
1687354200,30,30.26,29.62,30.06,16163945
1687440600,29.6,29.92,29.53,29.85,18076066
1687527000,30.13,30.34,29.7,29.79,15081240
1687786200,29.91,30.3,29.645,30.07,14255711
1687872600,30.12,30.18,29.365,29.65,23419512
1687959000,29.41,29.58,29.17,29.22,25956646
1688045400,28.9,29.62,28.76,29.62,17501668
1688131800,29.72,30.13,29.5,30.11,20732294
1688391000,30.25,30.77,30.17,30.69,17734843
1688563800,30.73,30.77,29.81,29.83,22271356
1688650200,29.64,29.66,28.91,29.07,29161513
1688736600,29.3,29.82,29.245,29.45,16733404
1688995800,29.31,30.15,29.255,30.04,24983307
1689082200,30.24,30.47,30.03,30.24,14834043
1689168600,30.83,31.95,30.82,31.82,44179126
1689255000,32.17,32.26,31.94,32.19,19564781
1689341400,32.11,32.395,31.895,31.96,15326177
1689600600,31.71,32.11,31.48,31.97,9782993
1689687000,32.37,32.925,32.1,32.63,20921464
1689773400,32.44,32.565,32.23,32.36,9273267
1689859800,32.08,32.21,31.36,31.39,22811468
1689946200,31.2,31.565,31.04,31.49,12288058
1690205400,31.46,31.6,31.01,31.29,10810283
1690291800,31.4,31.89,31.3,31.78,14009447
1690378200,31.83,31.83,31.34,31.65,14698475
1690464600,31.3699,31.39,30.33,30.35,38582358
1690551000,30.72,30.86,30.48,30.72,18510773
1690810200,30.97,31.745,30.93,31.41,19192656
1690896600,30.72,30.87,30.19,30.23,23907280
1690983000,30.12,30.18,29.2,29.28,23963808
1691069400,29.36,29.57,29.07,29.28,15669121
1691155800,29.57,29.81,29.36,29.56,17468653
1691415000,29.52,29.56,29.06,29.33,11421040
1691501400,28.95,29.215,28.67,29.08,15440711
1691587800,29.16,29.3614,28.925,29.13,9574663
1691674200,29.4,29.605,28.985,29.17,16827463
1691760600,29.01,29.5,28.95,29.46,10361033
1692019800,29.11,29.13,28.5,28.95,12180353
1692106200,28.84,28.86,28.13,28.21,20289805
1692192600,28.2,28.24,27.82,27.83,13524233
1692279000,27.89,27.975,27.45,27.61,16121480
1692365400,27.63,27.63,27.3,27.45,18334540
1692624600,27.61,27.745,27.275,27.71,18225622
1692711000,27.82,27.96,27.5288,27.95,13734404
1692797400,28.26,28.9512,28.2,28.74,30561307
1692883800,28.65,28.9699,28.28,28.68,17080666
1692970200,28.62,28.85,28.015,28.4,15352008
1693229400,28.54,29.13,28.42,29,18153913
1693315800,28.89,29.53,28.82,29.53,19623178
1693402200,29.78,30,29.4101,29.52,14524025
1693488600,29.52,29.63,29.04,29.26,16439517
1693575000,29.66,29.85,29.06,29.09,20828498
1693920600,28.8199,29.03,28.365,28.49,19547850
1694007000,28.33,28.74,28.24,28.47,14809732
1694093400,28.41,28.46,28.16,28.28,13897235
1694179800,28.39,28.81,28.28,28.34,17251287
1694439000,28.76,28.955,28.6,28.77,13542829
1694525400,28.4,29.04,28.3807,28.79,9549625
1694611800,28.8,28.98,28.58,28.72,10508918
1694698200,28.75,29.35,28.74,29.11,15558571
1694784600,29.42,29.885,29.4,29.72,24778893
1695043800,29.64,29.86,29.36,29.75,11023981
1695130200,29.84,29.86,29.31,29.4,13154295
1695216600,29.46,30.13,29.44,29.71,21914090
1695303000,29.09,29.245,28.785,28.91,23905165
1695389400,29.15,29.415,28.85,28.87,15054636
1695648600,28.771,28.79,28.26,28.51,16134994
1695735000,28.26,28.325,27.74,27.74,18917025
1695821400,27.56,27.6,26.66,26.91,33534666
1695907800,26.87,27.0812,26.62,27.05,28477318
1695994200,27.4582,27.59,26.66,26.91,23094770
1696253400,26.555,26.56,25.885,25.99,28436816
1696339800,25.91,26.28,25.68,26.07,25713126
1696426200,26.13,26.17,25.62,25.91,17971600
1696512600,25.89,26.33,25.88,26.32,15613202
1696599000,26.36,27.1,26.26,26.89,25572490
1696858200,27.3619,27.6,27.26,27.54,23042883
1696944600,27.67,27.87,27.482,27.81,18948765
1697031000,28.22,28.34,27.95,28.32,22283536
1697117400,28.32,28.42,27.59,27.74,22359660
1697203800,28.69,29.105,28.47,28.95,34511786
1697463000,28.86,29.19,28.64,29,16394455
1697549400,28.9848,29.57,28.83,29.53,17619993
1697635800,29.98,30.07,29.27,29.45,23181121
1697722200,29.45,29.585,29,29.51,24517128
1697808600,29.6,30.16,29.47,29.48,29715294
1698067800,29.26,29.53,28.71,29.24,16690184
1698154200,28.91,29.38,28.88,29.26,13488308
1698240600,29.11,29.51,28.76,28.78,21062712
1698327000,28.71,28.88,28.09,28.52,37274030
1698413400,28.64,29.215,28.32,29.2,31547348
1698672600,29.25,29.36,28.7,28.77,21899324
1698759000,28.62,28.845,27.79,28.01,30992641
1698845400,28.1,28.33,27.605,28.11,29754944
1698931800,28.41,28.41,27.9,28.26,15682811
1699018200,28.54,29.81,28.5,29.47,44113845
1699281000,29.3701,29.545,29.11,29.15,26550927
1699367400,28.77,28.84,28.11,28.59,42312953
1699453800,28.33,28.435,27.53,27.69,25654005
1699540200,27.78,28.245,27.41,27.59,19587006
1699626600,27.35,27.4,27.015,27.25,19081418
1699885800,27.14,27.385,27.02,27.04,13324208
1699972200,27.75,28.52,27.68,28.33,31498077
1700058600,28.36,28.505,27.9999,28.19,16306737
1700145000,28.25,29.07,28.19,28.61,34034659
1700231400,28.69,28.86,28.38,28.43,14434920
1700490600,28.14,28.54,27.97,28.51,15318318
1700577000,28.95,29.6,28.95,29.21,28990817
1700663400,29.24,29.395,29.0135,29.25,12388122
1700836200,29.255,29.52,29.18,29.32,8156754
1701095400,29.71,29.95,29.46,29.79,19761616
1701181800,30.15,31.23,30.055,31.22,41105016
1701268200,31.22,31.385,30.95,31.2,21026395
1701354600,31.065,31.33,30.86,31.32,18194320
1701441000,31.24,31.91,31.12,31.81,33532973
1701700200,31.12,31.3,30.7425,31.02,45796134
1701786600,30.69,30.95,30.17,30.48,28217670
1701873000,30.84,30.965,30.41,30.42,16836977
1701959400,30.62,30.63,29.985,30.32,18814971
1702045800,29.6802,30.1099,29.36,29.68,27561000
1702305000,29.34,29.625,29.08,29.55,18238438
1702391400,29.65,29.65,28.72,28.86,25652723
1702477800,28.87,30.7,28.67,30.7,44140119
1702564200,31.18,31.93,31.04,31.31,36945266
1702650600,31.11,31.345,30.89,30.95,21266032
1702909800,30.72,30.83,30.41,30.73,20872462
1702996200,30.9,31.85,30.82,31.55,33525943
1703082600,31.63,31.68,30.77,30.78,20212479
1703169000,31.3,31.5605,31.175,31.35,19965932
1703255400,32,32.35,31.56,31.56,22684408
1703601000,31.69,31.9,31.47,31.67,10339454
1703687400,31.85,32.286,31.79,31.98,18337517
1703773800,31.83,31.97,31.15,31.17,27291681
1703860200,31,31.16,30.68,31.01,19129744
1704205800,31.04,31.24,30.5,30.56,21612252
1704292200,29.91,30.06,29.525,29.76,33470550
1704378600,29.85,29.96,29.4386,29.77,17862253
1704465000,29.8099,30.36,29.5123,29.77,19585769
1704724200,29.291,29.87,29.219,29.7,14185485
1704810600,29.7699,29.77,29.07,29.17,20971228
1704897000,29.14,29.34,28.91,29.11,19691898
1704983400,29.14,29.3,28.52,28.89,22435145
1705069800,29.72,30.2205,29.555,29.7,29232839
1705415400,29.21,29.22,28.33,28.39,31802272
1705501800,27.95,27.97,27.435,27.51,37527452
1705588200,27.79,27.79,27.41,27.59,18315060
1705674600,27.81,27.81,27.329,27.69,20568553
1705933800,27.33,27.7255,27.2313,27.6,11064323
1706020200,27.82,28.25,27.71,28.23,17398142
1706106600,28.85,29.04,27.685,27.7,27261783
1706193000,28.14,28.355,27.99,28.25,17607995
1706279400,28.24,28.46,28.025,28.07,14246481
1706538600,28.4,28.4,27.865,28.36,16190837
1706625000,28.54,28.59,27.975,28.15,15319890
1706711400,28.26,28.77,27.87,27.94,28238930
1706797800,28.29,29.1399,28.25,29.03,34101996
1706884200,28.211,28.24,27.69,28.02,37211287
1707143400,27.46,27.665,27.23,27.36,22148909
1707229800,27.485,27.77,27.37,27.72,11292708
1707316200,27.65,27.75,27.382,27.46,13055861
1707402600,27.3,27.45,27.17,27.3,12609476
1707489000,27.17,27.19,26.77,26.97,20973733
1707748200,26.92,27.41,26.85,27.29,17511302
1707834600,26.62,26.63,25.6801,25.89,48888973
1707921000,25.97,26.1,25.685,26.01,26125921
1708007400,26.35,27.06,26.335,26.77,26932033
1708093800,26.6,27.16,26.52,26.86,19619152
1708439400,27.18,27.24,26.87,26.99,16047539
1708525800,27,27,26.435,26.82,21676282
1708612200,26.7,26.74,26.055,26.16,27627548
1708698600,26.25,26.76,26.01,26.66,27368364
1708957800,26.36,26.36,26.02,26.25,20293198
1709044200,26.27,26.36,26.01,26.03,20494059
1709130600,25.92,25.94,25.67,25.78,20071358
1709217000,26.33,26.69,26.28,26.36,28381710
1709303400,26.71,27.45,26.3,27.33,41346787
1709562600,27.8,28.58,27.68,28.51,49404913
1709649000,28.98,29.15,28.63,28.66,33710238
1709735400,29.05,29.54,29.01,29.16,28673013
1709821800,29.5,29.72,29.34,29.61,25808818
1709908200,29.82,30,29.44,29.64,32729211
1710163800,29.6,30.34,29.45,30.13,28313992
1710250200,29.55,29.62,29.2,29.58,25334163
1710336600,29.78,30.485,29.725,30.29,24676598
1710423000,29.96,30.09,29.71,29.89,22337696
1710509400,29.79,30.08,29.61,29.89,22359864
1710768600,29.85,29.925,29.655,29.74,25774493
1710855000,29.51,29.53,29.02,29.06,28698855
1710941400,28.961,30.52,28.91,30.26,35671389
1711027800,30.538,30.84,29.96,29.96,34092053
1711114200,29.77,30.045,29.59,29.6,21654895
1711373400,29.825,30.3899,29.82,29.83,17643335
1711459800,30.46,30.4708,29.82,29.85,13428595
1711546200,30.04,30.97,30.02,30.96,26953080
1711632600,31.41,31.7797,31.11,31.62,28716264
1711978200,32.31,32.43,31.71,32.03,27020585
1712064600,32.235,32.49,31.95,32.44,34459219
1712151000,32.39,33.24,32.33,33.14,30509287
1712237400,33.14,33.31,32.73,32.78,29952352
1712323800,33,33.99,32.79,33.84,41886594
1712583000,34.15,34.27,33.3,33.6,24472070
1712669400,34.23,34.59,33.92,34.18,29048215
1712755800,33.295,34.06,32.98,33.68,33130338
1712842200,34.12,34.49,33.54,34.45,22445096
1712928600,35.06,35.745,33.44,33.76,71512868
1713187800,34.06,34.14,33,33.53,34573811
1713274200,33.05,33.26,32.43,33.03,32547277
1713360600,33.32,33.9499,33.11,33.55,27931623
1713447000,34.03,34.09,33.455,33.75,18486445
1713533400,33.7,34.31,33.7,34.07,19785069
1713792600,32.6,33.19,32.43,32.53,41107735
1713879000,32.31,33.1489,32.2,33.05,24960523
1713965400,32.87,33.2061,32.79,33.12,17527569
1714051800,33.15,34.5,32.95,34.33,46561644
1714138200,34.7,34.95,34.29,34.58,21754268
1714397400,34.64,34.96,34.07,34.77,17947768
1714483800,33.8299,33.99,33.1,33.13,41599943
1714570200,33.4,34.2,33.1,33.32,30054845
1714656600,33.15,33.815,32.9301,33.58,22145445
1714743000,33.72,33.89,33.145,33.44,23408094
1715002200,34.155,34.4698,34.1,34.21,21579811
1715088600,34.1,34.265,33.915,34.17,10059747
1715175000,33.84,34.47,33.74,34.16,17701563
1715261400,34.44,35.43,34.44,35.36,30258978
1715347800,35.75,35.88,35.23,35.25,20642310
1715607000,35.11,35.4475,34.67,34.95,17445502
1715693400,35.18,35.46,35.04,35.4,14664205
1715779800,35.8,36.11,35.06,35.91,24490479
1715866200,35.67,35.89,35.33,35.66,19420393
1715952600,36.21,36.89,36,36.87,38752317
1716211800,36.95,37.47,36.5201,37.24,24774504
1716298200,37.02,37.22,36.73,36.93,17236070
1716384600,36.45,36.56,35.29,35.45,37395589
1716471000,35.4,35.65,34.66,34.75,32337668
1716557400,35.26,35.5,35.135,35.26,12299745
1716903000,36.03,36.23,35.7101,36.1,19222037
1716989400,35.67,35.91,35.17,35.19,19201647
1717075800,35.31,35.845,35.19,35.56,16137550
1717162200,35.8,35.95,35,35.3,15716546
1717421400,35.42,35.59,35.13,35.51,18190775
1717507800,34.96,34.96,33.9502,34.18,32853965
1717594200,34.43,34.87,34.08,34.79,17602578
1717680600,34.96,36.03,34.78,36.01,28039603
1717767000,34.74,34.81,33.49,33.54,50927688
1718026200,33.71,34.09,33.4501,34.03,17131416
1718112600,33.8,33.8,33.335,33.75,15357997
1718199000,34.5,34.8,33.8562,34,24768986
1718285400,33.83,34.06,32.955,33.15,23431282
1718371800,33.53,33.54,32.96,33.41,17444694
1718631000,33.21,33.35,32.835,33.2,13666823
1718717400,33.18,33.84,33.07,33.7,15535106
1718890200,34.0672,34.79,33.87,34.55,20772961
1718976600,34.41,34.47,33.795,33.99,25321299
1719235800,34.28,34.575,34.12,34.25,18740044
1719322200,34.07,34.1,33.81,33.84,11287469
1719408600,33.35,33.9,33.28,33.82,13325500
1719495000,34.2,34.43,34.16,34.23,11931006
1719581400,34.5,34.6,33.7301,33.93,15818736
1719840600,34.09,34.42,33.81,33.89,9041001
1719927000,33.86,34.35,33.65,34.02,12882984
1720013400,34.55,35.56,34.52,35.28,21553205
1720186200,35.88,36.535,35.86,36.27,22022084
1720445400,35.86,36.155,35.51,36.1,16419156
1720531800,36.13,36.37,35.83,36.11,8219010
1720618200,36.54,37.1666,36.525,37.05,20498401
1720704600,37.93,38.15,37.035,38.09,27458969
1720791000,37.65,38.31,37.65,38.17,16263320
1721050200,38.2,38.58,37.69,37.95,20302984
1721136600,38.27,39.3221,38.1,39.28,24694040
1721223000,39.16,39.41,38.38,38.44,23583027
1721309400,38.69,38.69,37.64,37.87,17062470
1721395800,36.86,37.7101,36.79,37.39,22858610
1721655000,37.31,37.58,36.97,37.45,15249177
1721741400,37.42,37.56,37.155,37.45,8238432
1721827800,37.82,38.38,37.2,37.23,20726902
1721914200,36.255,36.558,35.9,36.19,31714343
1722000600,36.52,36.7601,36.31,36.48,15901436
1722259800,36.6,36.6989,36.06,36.64,10107081
1722346200,36.87,37.03,36.3823,36.95,12735862
1722432600,37.64,38,37.395,37.93,26227537
1722519000,37.95,38.211,36.79,37.27,18198580
1722605400,37.76,38.06,36.095,36.48,27344525
1722864600,34.3,35.59,33.87,35.34,28615555
1722951000,35.15,36.04,34.92,35.63,14294654
1723037400,36.1,36.25,34.58,34.71,17663254
1723123800,35.19,35.755,34.74,35.55,16675726
1723210200,35.84,35.89,35.2096,35.84,9773638
1723469400,36.15,37.11,36.06,36.9,23084603
1723555800,36.8,37.5,36.75,37.38,13088432
1723642200,37.1,37.2,36.565,37.11,11565005
1723728600,37.15,37.5,36.645,37.29,14414800
1723815000,37.88,38.49,37.66,38.49,25966138
1724074200,38.22,39.25,38.16,39.22,21162555
1724160600,39.655,39.97,39.175,39.5,21548571
1724247000,39.4,39.925,39.1,39.77,13915635
1724333400,39.22,39.22,38.54,38.78,19744088
1724419800,39.25,39.56,38.81,39.34,15858634
1724679000,39.58,39.67,39.065,39.23,9216574
1724765400,38.92,39.26,38.66,39.22,8482889
1724851800,38.73,38.73,38.04,38.36,16988594
1724938200,38.54,39.14,38.51,38.88,13328512
1725024600,38.79,38.98,38.3399,38.62,13171492
1725370200,38.01,38.11,36.9,37.27,25260031
1725456600,36.89,37.36,36.715,36.91,15685142
1725543000,37.66,37.825,37.28,37.33,16259969
1725629400,37.17,37.43,36.215,36.32,19939184
1725888600,36.61,36.88,36.51,36.76,15264676
1725975000,36.76,37.23,36.45,37.22,13942751
1726061400,36.9,37.41,36.49,37.39,10854650
1726147800,38.06,39.43,38.02,39.21,35286118
1726234200,39.8,40.215,39.77,40.09,27456009
1726493400,40,40.23,39.58,39.89,12162497
1726579800,39.7,40.075,39.312,39.49,17906933
1726666200,39.76,40.985,39.02,39.06,41241358
1726752600,40.095,40.25,39.26,39.72,22284544
1726839000,40.4,40.68,40.06,40.51,28604413
1727098200,40.54,41.19,40.3,40.33,19153319
1727184600,40.745,41.59,40.34,41.41,27422363
1727271000,41.3,41.6899,41.18,41.31,18581143
1727357400,41.62,41.95,41.22,41.64,21027577
1727443800,41.39,41.58,40.31,40.36,25323392
1727703000,40.1,40.18,39.35,39.82,24531697
1727789400,40.31,40.755,39.96,40.45,22975935
1727875800,40.5,40.7883,40.045,40.37,13265826
1727962200,39.85,39.87,39.345,39.56,17147240
1728048600,39.65,40.19,39.35,39.55,15819221
1728307800,39.29,39.3,38.825,39.03,15133258
1728394200,38.68,39,38.38,38.99,16180362
1728480600,38.44,38.79,38.17,38.79,16477867
1728567000,38.99,39.89,38.77,39.87,22975027
1728653400,40.03,40.46,39.985,40.05,12060072
1728912600,39.93,40.305,39.68,40.16,7452965
1728999000,40.13,40.68,39.97,40.68,19942200
1729085400,41.15,41.72,40.89,41,20379125
1729171800,41.36,41.885,41.175,41.49,22965681
1729258200,42,43.31,41.82,43.15,31223461
1729517400,43.75,44.01,43.08,43.22,21060583
1729603800,43.52,44.22,43.52,44.09,21161608
1729690200,43.5,43.7978,42.91,43.26,22959848
1729776600,43.47,43.51,41.4,42.13,31946068
1729863000,41.91,42.16,41.405,41.56,21541231
1730122200,41.33,41.63,41.23,41.36,14784884
1730208600,41.8,42.125,41.48,42.02,20281251
1730295000,41.95,41.955,41.03,41.51,18161367
1730381400,40.83,40.89,39.865,40.34,27998396
1730467800,40.49,40.815,39.85,39.85,14358062
1730730600,40.27,40.37,39.7,39.9,13299705
1730817000,40.37,40.53,39.87,40.11,16833343
1730903400,38.21,38.985,37.56,38.64,44258440
1730989800,39,39.795,38.73,39.57,26922006
1731076200,39.23,39.34,38.63,39.02,22864163
1731335400,37.42,37.73,36.19,36.73,45733593
1731421800,36.27,36.455,35.67,36.11,37430756
1731508200,36.41,36.635,35.56,35.56,24799022
1731594600,35.31,35.9699,35.19,35.72,34765240
1731681000,35.93,36.18,35.4,35.51,20360375
1731940200,36.55,37.285,36.475,37.02,33575243
1732026600,37.49,37.9299,37.215,37.88,22829198
1732113000,37.73,37.85,37.505,37.72,16236517
1732199400,38.12,38.2,37.59,38.14,21175779
1732285800,38.47,38.57,38.02,38.28,19691265
1732545000,36.985,37.24,36.78,37.14,31492541
1732631400,37.11,37.41,36.83,37.29,9924443
1732717800,37.75,37.97,37.32,37.45,15286812
1732890600,37.72,37.85,37.5,37.66,7275271
1733149800,37.17,37.37,36.71,36.83,16539139
1733236200,37.1,38.12,37.1,37.7,18593784
1733322600,37.78,38.01,37.545,37.6,8149120
1733409000,37.64,37.995,37.14,37.53,9910038
1733495400,37.41,37.41,36.745,36.82,13455656
1733754600,38.02,38.87,37.91,37.91,30314285
1733841000,38.4,38.515,37.905,37.98,13338453
1733927400,38.24,39.17,38.075,39.09,21116922
1734013800,38.31,38.425,37.62,37.66,22705184
1734100200,37.24,37.38,36.49,36.65,19521412
1734359400,36.86,36.9,36.29,36.42,11421185
1734445800,35.99,36.31,35.79,36.19,14782864
1734532200,35.98,36.085,34.36,34.53,32773237
1734618600,34.72,34.945,34.19,34.39,22163920
1734705000,34.5,35.12,34.44,34.73,27872031
1734964200,34.23,34.4765,33.875,34.41,14593176
1735050600,34.52,34.58,34.135,34.41,5322038
1735223400,34.53,34.755,34.36,34.47,8727604
1735309800,34.08,34.38,33.83,34.26,10587068
1735569000,33.9,34.01,33.42,33.77,18267979
1735655400,33.645,34.0466,33.6,33.91,8034589
1735828200,34.46,35.4,34.44,35.34,24526956
1735914600,35.23,35.295,34.97,35,13694407
1736173800,35,35.215,34.52,34.58,13039030
1736260200,35.25,35.86,34.865,35.05,16976310
1736346600,35.42,35.9699,35.255,35.9,25009041
1736519400,36.66,36.9,35.74,35.97,19827321
1736778600,35.63,35.66,35.1,35.38,15738492
1736865000,35.51,36.41,35.51,36.32,16157657
1736951400,36.79,36.92,36.185,36.72,17436942
1737037800,36.97,37.175,36.58,36.62,13483602
1737124200,36.33,37.0152,36.12,36.75,16420446
1737469800,37.11,37.9501,37.11,37.61,26496365
1737556200,38,38.05,37.31,37.53,12555752
1737642600,37.12,37.52,36.84,37.5,12871692
1737729000,37.99,38.16,37.84,37.95,13728043
1737988200,37.59,37.59,36.845,37.35,15489389
1738074600,37.48,37.79,37.2101,37.7,10986665
1738161000,37.66,38.2499,37.45,37.9,11319824
1738247400,38.66,39.73,38.57,39.42,28590138
1738333800,39.52,39.68,38.8,38.96,19911039
1738593000,39.218,39.9174,38.98,39.56,20541753
1738679400,39.865,40.1777,39.67,40.03,12813101
1738765800,40.37,41.53,40.35,41.04,25371540
1738852200,41.07,41.16,40.67,41.13,12224947
1738938600,41.51,41.75,40.85,40.86,19136240
1739197800,41.95,42.21,41.8,41.96,25509353
1739284200,41.72,41.9,41.39,41.44,15264160
1739370600,41.36,42.48,41.1,42.13,21179296
1739457000,42.255,42.59,41.72,42.51,17219579
1739543400,42.6,42.66,41,41.08,26322372
1739889000,41.64,41.72,41.14,41.54,21365784
1739975400,41.35,41.7,41.11,41.54,12767313
1740061800,41.71,42.57,41.64,42.24,16326265
1740148200,42.02,42.03,40.75,40.8,31767349
1740407400,41.17,41.17,40.33,40.97,12704033
1740493800,40.66,40.79,39.53,40.38,20002866
1740580200,39.805,41.105,39.73,40.86,12880595
1740666600,40.2,40.46,39.42,39.46,21976346
1740753000,38.86,39.73,38.581,39.72,15602193
1741012200,40.39,40.86,39.505,39.71,16743450
1741098600,40.45,40.76,39.485,40.28,18770588
1741185000,40.195,41.72,40.19,41.7,18539815
1741271400,41.37,41.94,41.055,41.36,16372995
1741357800,41.42,42.31,40.92,41.64,17132130
1741613400,41.38,41.6,40.2,40.51,20333773
1741699800,40.895,42.04,40.85,41.84,22449297
1741786200,41.46,42.11,41.22,41.9,17152195
1741872600,42.18,43.54,42.07,43.21,30784929
1741959000,43.78,43.87,43.21,43.64,23488090
1742218200,43.86,44.63,43.77,44.57,18558839
1742304600,45.44,45.645,44.69,44.85,21782902
1742391000,44.87,45.275,44.54,45.23,17130740
1742477400,44.645,45.335,44.38,45.16,10082891
1742563800,44.54,44.63,43.84,44.5,18163627
1742823000,44.555,44.76,44.185,44.25,14465094
1742909400,44.87,45.62,44.86,45.02,16156911
1742995800,45.22,45.29,44.56,44.67,10133860
1743082200,45.22,45.895,44.9201,45.76,16699391
1743168600,46.1,46.94,45.44,45.57,21557400
1743427800,46,46.095,44.5,45.97,22217524
1743514200,45.93,46.26,45.34,45.8,17174789
1743600600,45.77,46.01,45.12,45.76,15903792
1743687000,43.86,46.71,43.53,45.72,30543023
1743773400,44.475,44.57,41.455,41.68,59893455
1744032600,40.71,43.695,40.26,41.45,33751694
1744119000,43.27,43.53,41.175,41.5,22508364
1744205400,43.27,45.325,42.765,44.99,47895578
1744291800,45.265,47.655,45.16,47.17,36181588
1744378200,48.865,50.1451,48.86,49.7,40991534
1744637400,48.95,50.2,48.42,50.02,20729469
1744723800,50.465,50.74,49.9,50.53,14841965
1744810200,52.307,52.81,51.285,51.91,36630514
1744896600,51.51,51.6,50.365,50.92,25661192
1745242200,52.66,53.25,50.945,51.66,36299331
1745328600,51.9,51.95,50.015,50.23,38019574
1745415000,47.93,49.175,47.77,48.73,38934580
1745501400,49.61,49.82,48.795,49.76,22803300
1745587800,48.215,48.895,48.08,48.81,19299580
1745847000,48.54,49.43,48.31,49.43,15128271
1745933400,48.78,49.21,48.4,48.48,13110175
1746019800,48,49.025,47.99,49.01,15832345
1746106200,47.55,47.64,46.89,47.2,27129950
1746192600,47.85,48.11,46.73,47.08,14244054
1746451800,48.87,48.9,48.05,48.72,20923185
1746538200,49.91,50.83,49.365,50.79,31154998
1746624600,49.54,50.28,49.29,49.82,22427311
1746711000,49.85,50.05,48.72,48.88,20400392
1746797400,49.615,50.47,49.105,50.37,20695291
1747056600,48.055,48.08,46.345,46.62,42761575
1747143000,46.72,46.75,46.16,46.54,22356323
1747229400,45.505,45.66,45.1,45.55,26797018
1747315800,46.05,46.6,45.605,46.49,23456736
1747402200,45.41,46.35,45.245,46.33,17271971
1747661400,47.1,47.4,46.65,47.34,19577587
1747747800,47.43,48.815,47.26,48.81,26942345
1747834200,49.08,49.6993,48.97,49.44,23175371
1747920600,49.28,49.57,48.7,49.18,16934828
1748007000,50.35,50.79,49.75,50.53,24171633
1748352600,49.41,50.31,49.34,49.77,20431139
1748439000,49.92,50.36,49.78,50.35,13211031
1748525400,50.59,50.84,49.94,50.28,11855618
1748611800,49.85,50.72,49.72,50.65,16795486
1748871000,51.72,53.83,51.655,53.77,39386811
1748957400,52.86,53.09,52.365,53.09,24482537
1749043800,53.26,53.496,52.87,53.21,18924402
1749130200,53.75,54.62,52.81,53.15,28643820
1749216600,53.09,53.09,51.47,51.62,31561993
1749475800,51.67,52.32,51.41,52.13,15247334
1749562200,52.43,52.595,51.12,51.43,17301653
1749648600,51.51,51.94,51.29,51.94,13531005
1749735000,52.8,53.7553,52.715,53.53,25699504
1749821400,54.34,54.7,53.85,54.46,22541407
1750080600,53.695,54.15,53.5,53.55,18475038
1750167000,53.79,54.01,53.06,53.51,13406463
1750253400,53.35,53.7,52.9003,53,14896992
1750426200,52.69,53.425,52.26,52.29,18722334
1750685400,52.52,53.74,52.27,53.11,21458316
1750771800,51.54,52.13,50.7001,51.86,22159918
1750858200,51.59,52.16,51.45,51.92,12728900
1750944600,51.76,52.62,51.76,52.62,14874255
1751031000,50.92,51.115,50.32,50.73,32657425
1751290200,50.93,52.07,50.75,52.06,19782712
1751376600,53.01,53.045,51.96,52.04,19063332
1751463000,52.33,52.76,51.8393,52.66,13096074
1751549400,52.19,52.92,52.15,52.91,11610930
1751895000,51.93,53.21,51.32,53.17,22030172
1751981400,52.94,52.95,50.345,50.79,37415345
1752067800,50.85,51.66,50.56,51.5,19712092
1752154200,51.68,51.9,50.975,51.9,13673307
1752240600,52.315,52.59,51.91,52.42,19044820
1752499800,52.42,53.3,52.375,52.45,13297254
1752586200,52.46,52.595,50.775,51.62,20154933
1752672600,51.71,52.37,50.965,51.82,16545297
1752759000,51.06,51.42,50.445,51.24,17442339
1752845400,51.69,51.79,51.12,51.13,12887786
1753104600,51.935,53.35,51.93,53.02,22674124
1753191000,53.64,54.78,53.22,54.48,23906897
1753277400,54.17,54.57,53.62,53.84,22084589
1753363800,53.05,53.8,52.53,53.33,12142160
1753450200,52.92,53.98,52.8504,53.96,25492222
1753709400,53.15,53.34,52.14,52.59,20458117
1753795800,52.76,53.355,52.52,53.25,13473479
1753882200,52.55,52.95,51.52,51.78,21662119
1753968600,52.02,52.32,51.365,51.64,16429374
1754055000,52.74,53.0585,51.935,52.45,20409387
1754314200,53.17,55.05,53.16,54.94,27343207
1754400600,54.61,56.655,54.57,56.46,32074393
1754487000,56.49,57.39,56.48,57.39,16683995
1754573400,57.91,58.48,57.6122,57.94,22573157
1754659800,58.43,58.81,57.84,58.06,18210715
1754919000,56.59,57.995,56.34,57.69,17523461
1755005400,57.83,58.23,57.37,58.21,11594165
1755091800,58.655,58.77,57.8657,58.07,10707245
1755178200,57.65,58.53,57.42,57.7,11226934
1755264600,57.795,58.56,57.34,58.28,13540572
1755523800,58.2,58.42,57.695,58.1,8505904
1755610200,57.84,58.035,56.59,56.6,15274267
1755696600,57.245,58.33,57.19,58.32,15489908
1755783000,58.165,59.69,58.11,59.29,17900243
1755869400,58.785,60.68,58.38,60.18,19540540
1756128600,60.39,60.79,60.17,60.26,8388430
1756215000,60.56,61.6,60.44,61.6,17598207
1756301400,61.05,61.48,60.47,61.48,10691641
1756387800,61.4,61.615,60.7,61.33,15854823
1756474200,61.21,63.23,61.21,63.17,19954360
1756819800,64.39,65.065,63.2,64.8,41939575
1756906200,65.476,65.825,64.71,65.2,25768664
1756992600,64.365,64.94,63.89,64.57,24753708
1757079000,66.005,66.87,65.16,66.34,31720222
1757338200,67.23,67.4135,66.49,67.24,24932728
1757424600,67.65,67.94,66.67,66.85,24429988
1757511000,67.47,68.5891,67.46,68.5,18297285
1757597400,68.24,69.76,68.085,69.76,18762120
1757683800,69.955,70.11,69.24,69.75,13891072
1757943000,69.3,70.76,69.151,70.48,16298194
1758029400,70.565,70.64,68.63,69.02,22742291
1758115800,68.24,69.925,67.77,68.66,28270269
1758202200,68.15,68.795,67.255,68.79,21638915
1758288600,68.92,72.525,68.89,72.36,36428972
1758547800,73.77,74.3699,72.84,74.33,30822555
1758634200,74.88,75.28,73.8801,74.23,23168443
1758720600,73.96,74.45,72.27,72.32,27972000
1758807000,72.31,73.2,72.01,73.13,23268574
1758893400,73.68,74.9255,73.24,74.68,21411932
1759152600,76.58,76.8742,75.355,75.72,24062680
1759239000,74.965,77.175,74.74,76.4,21221733
1759325400,77.11,77.96,76.59,77.13,22633033
1759411800,78.285,78.32,74.1,77.1,41791190
1759498200,77.315,77.76,76.53,77.08,15113274
1759757400,78.06,79.49,77.79,78.61,26286337
1759843800,78.655,78.69,76.69,76.97,21615649
1759930200,78.675,79.15,77.59,79.15,25676093
1760016600,79.195,79.33,74.58,75.61,40970473
1760103000,75.865,76.62,75.08,75.78,24817195
1760362200,78.075,79.455,77.96,79.37,26089486
1760448600,78.025,79.4,77.61,78.45,20129241
1760535000,79.51,81.74,79.24,81.47,31551730
1760621400,82.46,85.085,81.72,84.44,39781815
1760707800,82.165,82.415,77.175,78.73,70598808
1760967000,80.18,81.015,79.005,80.36,29436020
1761053400,74.575,74.99,72.13,72.79,71270245
1761139800,70.48,73.3199,70.28,72.95,47998523
1761226200,74.52,74.68,73.59,73.79,25688991
1761312600,72.5,74.01,72.1501,72.8,24477121
1761571800,70.145,71.38,68.13,69.91,50661736
1761658200,68.635,71.235,68.42,71.02,28611801
1761744600,72.9,73,70.7,71.07,33614540
1761831000,70.92,73.06,70.51,72.9,25166211
1761917400,72.91,72.92,71.15,72.06,20882345
1762180200,71.72,72.435,70.725,71.3,15630001
1762266600,69.34,69.625,68.2012,68.28,28765462
1762353000,69.91,70.89,69.48,70.67,24340108
1762439400,71.27,72.7144,70.7,70.76,22007576
1762525800,71.48,72.55,70.48,72.55,20421878
1762785000,75.24,76.465,74.62,75.98,30851174
1762871400,76.535,76.82,74.95,76.71,17170140
1762957800,76.75,79.97,76.295,79.25,33319497
1763044200,79.49,79.74,76.42,77.05,30345860
1763130600,73.535,76.91,73.25,76.16,28841150
1763389800,75.645,76.97,74.195,74.95,25837014
1763476200,75.61,76.47,74.3815,75.63,24323833
1763562600,76.95,78.18,75.52,76.39,21959431
1763649000,76.735,77.74,72.94,72.97,34685038
1763735400,73.02,74.655,72.45,73.65,25694889
1763994600,74.15,78,74.07,77.96,24487394
1764081000,77.31,78.54,76.86,77.8,14938434
1764167400,78.65,81.83,78.55,81.55,27375296
1764340200,82.26,83.28,81.77,83.23,15906798
1764599400,83.95,84.03,82.12,82.82,20533863
1764685800,82.47,82.96,79.3,81.61,25468399
1764772200,82.13,82.92,80.935,81.06,17556115
1764858600,80.335,81.49,80.025,81.39,12264613
1764945000,82,83.76,80.72,81.03,17559244
1765204200,81.015,81.25,79.07,79.16,18976999
1765290600,79.295,82.07,79.29,81.94,19287016
1765377000,81.55,83.94,80.525,83.32,22917876
1765463400,83.2,87.445,83.12,86.26,29997002
1765549800,88.5,88.5,84.24,85.66,26735869
1765809000,86.51,86.745,83.72,84.85,21774928
1765895400,85.16,86.3,83.75,84.83,14848778
1765981800,86.11,86.62,84.62,85.83,17984735
1766068200,85.33,87.1999,84.84,85.67,18771482
1766154600,85.58,88.69,85.56,87.79,24699842
1766413800,89.655,91.05,89.07,90.18,24707377
1766500200,90.35,90.48,88.69,90.27,18969209
1766586600,89.8,90.27,88.27,89.7,14136211
1766759400,90.93,91.67,89.61,91.29,24708928
1767018600,86.925,87.47,84.89,85.85,39910121
1767105000,88.05,88.4,86.56,86.84,19494795
1767191400,86.445,87.73,85.66,85.77,13174532
1767364200,87.12,87.21,83.23,85.73,24032271
1767623400,87.78,90.655,87.28,88.45,25194966
1767709800,89.265,92.21,89.0746,92.14,23581731
1767796200,89.455,91.13,88.09,91.06,18414856
1767882600,89.11,91.56,88.79,91.54,17535762
1767969000,91.81,93.17,91.23,92.56,18108483
1768228200,95.19,96.98,95.065,95.72,27296537
1768314600,97.03,97.97,96.24,96.47,19578642
1768401000,98.405,98.4175,95.37,96.86,22672562
1768487400,96.09,97.83,95.32,97.11,13979487
1768573800,96.28,97.34,94.44,97.24,19587313
1768919400,101.525,103.02,100.895,102.78,33061023
1769005800,104.9,105.33,100.555,101.29,34861201
1769092200,101.135,105.835,101.05,105.17,30396687
1769178600,105.525,107.615,104.85,107.02,19622966
1769437800,110.69,112.54,107.45,107.48,38883326
1769524200,107.92,109.38,103.88,109.29,30779146
1769610600,110.38,112.24,109.01,112.16,31375514
1769697000,113.285,113.5,104.6503,107.98,66962370
1769783400,98.91,101.88,93.12,94.2,102904806
1770042600,93.965,96.87,92,94.19,35455559
1770129000,99.785,99.99,95.66,98.22,43633829
1770215400,101.005,101.12,94.94,98.7,30256841
1770301800,94.54,97.2,92.28,92.44,39586589
1770388200,95.13,97.93,94.98,97.39,24807732
1770647400,98.545,103.085,98.51,102.89,27057085
1770733800,102.27,103.8,101.8459,103.01,15407597
1770820200,105.49,106.47,102.49,105.97,22624324
1770906600,104.82,105.79,98.13,98.28,43435465
1770993000,100.92,104.14,99.53,103.94,31928303
1771338600,99.855,101.1905,97.41,100.25,26742995
1771425000,101.82,103.69,101.29,102.56,18924086
1771511400,102.01,104.3,101.11,104.24,18466546
1771597800,104.33,106.39,102.03,106.26,23440969
1771857000,107.78,110.54,107.62,110.29,26609294
1771943400,107,111.5,106.47,110.7,15635673
1772029800,112.18,113.16,110.87,111.16,14632591
1772116200,110.4,114.1,109.13,113.89,18622908
1772202600,115.19,115.99,114.32,115.84,18646840
1772461800,116.455,117.175,111.36,115.34,27137304
1772548200,107.49,107.99,102.54,105.24,66618020
1772634600,108.155,108.26,104.31,105.88,20502902
1772721000,104.2,104.2,99.5307,101.82,34024094
1772807400,99.245,102.5,98.28,101.38,25722999
1773063000,98.64,102.57,95.96,102.44,24687032
1773149400,104.06,105.74,103.1,103.37,21592156
1773235800,102.05,102.16,99.14,101.36,19278298
1773322200,101.04,101.11,98.4101,99.3,20604322
1773408600,98.41,98.41,92.89,93.26,35725176
1773667800,93.35,95.855,92.35,94.38,21719631
1773754200,94.77,96.1275,93.305,93.96,14897774
1773840600,89.99,90.35,87.73,88.11,41331292
1773927000,80.86,83.39,79.96,82.9,63111250
1774013400,83.32,83.3856,78.74,80.12,40023335
1774272600,81.36,84.97,81.12,83.38,62217709
1774359000,81.91,84.12,80.78,83.5,23529703
1774445400,87.515,88.07,85.5,86.32,33509129
1774531800,83.465,86.53,82.27,82.39,41415953
1774618200,82.79,86.92,82.39,85.79,35300840
1774877400,87.385,88.41,84.73,85.79,24114378
1774963800,88.05,91.78,87.88,91.77,36516272
1775050200,94.71,97.705,93.48,96.01,42051254
1775136600,90.16,95.85,89.99,94.59,22726657
1775482200,94.26,95.2813,93.41,93.82,11572830
1775568600,93.69,95.23,91.44,94.97,13596746
1775655000,100.875,101.37,96.63,98.18,26188610
1775741400,98.35,99.93,97,98.35,14310500
1775827800,98.975,100.2215,98.79,99.39,17803488
1776087000,98.005,99.23,97.35,98.78,12446123
1776173400,100.05,101.57,99.42,100.75,15841090
1776259800,99.92,100.43,97.68,97.77,16644614
1776346200,98.21,99.1,97.3502,97.66,13841982
1776432600,99.75,102.39,99.39,100.34,21381404
1776691800,99.455,99.55,98.1,99.13,11897956
1776778200,97.89,98.48,92.69,92.99,31531455
1776864600,95.04,95.76,94.04,94.48,14371294
1776951000,93.33,94,90.2,92.19,27735573
1777037400,93.15,94.51,92.215,94.34,16967416
1777296600,93.42,93.47,92.12,92.59,12010050
1777383000,90.14,90.63,88.11,88.54,25303470
1777469400,87.105,87.65,85.93,86.22,20765727
1777555800,88.9,89.435,87.42,88.29,23142365
1777642200,87.705,89.07,86.995,87.11,12337251
1777901400,86.14,87.35,85.46,85.65,15612801
1777987800,87.28,87.7,85.72,85.81,11557639
1778074200,90.51,93.075,90.44,92.44,35115100
1778160600,94.8,96.11,91.63,91.72,26825759
1778247000,93.13,95.3,92.75,94.59,19426913
1778506200,95.34,98.74,95.29,97.6,24402835
1778592600,95.595,97.56,92.85,97.14,22283196
1778679000,96.09,97.2,94.64,96.23,12254826
1778765400,95.9,95.91,93.535,93.95,14371556
1778851800,89.5,89.55,86.83,87.35,38654654
1779111000,88.65,89.525,86.385,87.14,16998044
1779197400,85.55,85.6,83.35,83.78,21922222
1779283800,84.58,86.94,83.67,86.36,20430712
1779370200,84.46,87.66,84.11,85.99,17092602
1779456600,85.61,86.14,83.95,85.02,14642103
1779802200,87.035,88.57,86.93,88.5,21638830
1779888600,85.84,87.35,85.34,85.44,19401670
1779975000,84.53,87.995,83.32,87.18,20959941
1780061400,87.38,90.36,86.65,89.49,22277041
1780320600,86.45,87.5525,84.38,86.68,26022910
1780407000,87.93,88.29,85.99,88.05,19268989
1780493400,86.51,86.9308,84.94,85,18139578
1780579800,86.36,87.47,85.63,86.4,13420224
1780666200,83.8,83.85,78.78,78.84,44791952
1780925400,79.36,80.3,78.455,78.67,18567605
1781011800,79.5,80.23,75.03,77.59,24897096
1781098200,74.79,76.8,73.63,73.81,26414502
1781184600,73.99,78.175,73.77,77.72,34820794
1781271000,78.54,80.65,77.76,80.03,25560178
1781530200,85.415,86.88,84.71,85.27,34324461
1781616600,86.15,87.585,85.66,87.24,21635616
1781703000,87.2,89.99,84.29,84.36,49821503
1781789400,84.91,86.57,81.47,82.51,37180353
1782135000,80.42,81.67,80.14,81.44,17354794
1782221400,77.78,79.22,77.25,77.66,26808429
1782307800,74.185,76.4,73.7,74.59,30515814
1782394200,76.49,76.925,74.53,75.67,30972080
1782480600,76.66,78.485,76.19,77,22781618
1782739800,76.13,76.195,74.59,75.68,18075663
1782826200,75.39,75.93,73.89,75.45,16874835
1782912600,75.43,78.155,74.98,75.07,22382838
1782999000,77.71,79.2,76.775,78.43,29983870
1783344600,79.52,80.18,77.5,78.74,13977325
1783431000,78.35,78.79,75.13,75.76,20561995
1783517400,74.09,74.81,71.89,73.53,25642260
1783603800,75.15,76.05,74.32,75.78,16240914
1783690200,75.09,76.04,74.51,75.53,8140121
1783949400,74.1,74.64,72.835,73.37,20251221
1784035800,76.1,76.86,74.48,74.88,18329056
1784122200,74.44,75.29,72.64,74,14705354
1784208600,72.88,72.9,71.04,71.4,23823130
1784295000,70.4,71.93,69.74,71.32,18182121
1784554200,71.14,71.61,70.52,70.74,12353795
1784640600,72.44,74.225,72.11,74.19,18735246
1784727000,75.92,77.99,75.92,76.68,20428053
1784813400,74.442,75.36,73.85,75.02,16371395
1784899800,75.5,76.48,74.62,75.23,10693556
1785159000,76.21,76.56,74.25,75.73,11401249
1785245400,74.5,75.145,73.33,74.21,14266212
1785331800,73.94,76.03,72.18,73.57,25718807
1785418200,75.35,76.81,74.3,76.78,20321286
1785504600,74.88,75.32,72.92,74.1,17782727
1785763800,74.31,76.12,73.62,76.05,13804006
1785850200,77.61,78.86,77.01,77.92,20255625
1785936600,82.2,84.31,81.81,83.68,40684591
1786023000,82.44,84.48,82.18,83.92,25510574
1786109400,89.31,90.8,88.44,89.89,44624086
1786368600,88.9,90.75,87.43,90.49,22709785
1786455000,90,90.94,89.25,90.12,15322155
1786541400,92.59,92.66,90.38,90.96,18593306
1786627800,89.21,89.25,87.515,88.27,36716265
1786714200,89.635,91.02,89.36,89.97,15204299
1786973400,90.94,92.6,90.315,91.89,17103747
1787059800,90.535,91.21,88.775,88.95,22465984
1787146200,94.025,97.47,93.81,97.33,44388763
1787232600,96.32,100.33,96.3,99.85,33388074
1787319000,102.65,103.25,101.7699,102.83,33601603
1787578200,103.98,104.66,101.53,103.54,22815293
1787664600,101.94,105.67,101.8,105.52,26039862
1787751000,103.37,104.16,102.31,102.42,23884480
1787837400,102.14,104.114,101.69,103.69,16851380
1787923800,104.24,104.78,98.69,99.65,41059510
1788183000,99.275,99.635,96.99,98.51,17583148
1788269400,95.155,98.26,94.49,94.67,31351733
1788355800,96.96,98.76,96.3,97.63,22553275
1788442200,100.68,101.71,99.06,101.49,29159604
1788528600,98.75,100.1,98.01,99.26,21529057
1788874200,98.89,100.3,98.37,98.41,12532814
1788960600,100.46,101.48,98.69,99.47,15094218
1789047000,96.528,97.44,95.62,96.03,21940266
1789133400,98.21,99.0758,96.23,97.1,14308367
