t,o,h,l,c,v
1412688600,116.31,116.63,116.09,116.36,5278476
1412775000,117.03,117.71,115.85,117.4701,10675551
1412861400,117.86,118.26,117.49,117.64,6612637
1412947800,117.7,117.74,117.19,117.59,4653307
1413207000,118.14,118.665,117.93,118.52,5397633
1413293400,118.58,118.82,118.351,118.59,5180665
1413379800,119.23,120.18,118.59,118.99,9460425
1413466200,119.02,119.65,118.8799,119.22,6550140
1413552600,119.06,119.23,118.42,118.99,8060834
1413811800,119.68,119.86,119.54,119.8,3034916
1413898200,120.27,120.5,119.905,120.02,4568269
1413984600,119.69,119.79,119.25,119.34,3741487
1414071000,118.71,118.82,117.88,118.52,6423205
1414157400,118.62,118.63,118.12,118.35,3611311
1414416600,118.18,118.37,118.01,118.06,2445376
1414503000,118.48,118.48,118.01,118.1,3262626
1414589400,117.65,117.91,116.14,116.41,7900772
1414675800,115.8,115.83,114.94,115.19,7852239
1414762200,111.83,112.88,111.655,112.66,18209615
1415025000,112.39,112.68,112,112.15,6605175
1415111400,112.12,112.71,112.08,112.22,6430111
1415197800,109.92,110.84,109.67,109.79,13560114
1415284200,109.92,110.49,109.75,109.88,7019854
1415370600,110.78,113.15,110.73,112.97,10916540
1415629800,112.24,112.24,110.28,110.46,8548523
1415716200,111.08,112.76,110.87,112.04,8603165
1415802600,112.05,112.17,111.23,111.5,5133300
1415889000,111.89,112.26,111.22,111.67,4874598
1415975400,110.76,114.72,110.6501,114.47,14173586
1416234600,113.97,114.27,113.56,114.05,5440990
1416321000,114.86,115.17,114.55,115.05,5586694
1416407400,114.93,115.35,112.88,113.68,11997742
1416493800,114.57,115.0156,114.09,114.86,5607779
1416580200,115.58,115.96,114.47,115.39,6564258
1416839400,115.15,115.3699,114.79,115.11,4695022
1416925800,115.1,115.47,114.9,115.38,9051813
1417012200,115.25,115.34,114.98,115.16,3184017
1417185000,113.53,113.83,111.95,112.11,9616332
1417444200,113.8,117.36,113.74,116.58,15643964
1417530600,115.13,115.7095,114.72,115.14,6378105
1417617000,115.68,116.76,115.56,116.33,5758821
1417703400,116.01,116.3399,115.61,115.88,3623615
1417789800,115.16,115.18,114.24,114.43,6330980
1418049000,114.97,116.16,114.46,115.78,5224491
1418135400,117.04,118.99,116.98,118.19,10467158
1418221800,118.15,118.47,117.81,117.96,4277427
1418308200,116.98,118.38,116.82,117.69,5214467
1418394600,117.39,117.8,116.68,117.41,4736535
1418653800,116.22,116.9698,114.36,114.39,8795987
1418740200,116.28,116.5,114.07,114.95,9173964
1418826600,115.1,115.48,113.58,114.27,9097329
1418913000,115.59,115.81,114.58,115.15,5258103
1418999400,115.06,115.22,114.77,114.77,4652333
1419258600,114.81,114.97,112.41,112.55,7483195
1419345000,112.88,113.32,112.61,112.74,7763327
1419431400,112.83,112.92,112.66,112.77,1501552
1419604200,114.82,114.98,114.53,114.83,3765581
1419863400,114.61,114.64,113.23,113.67,12963725
1419949800,114.99,116.26,114.9,115.2,7987311
1420036200,114.89,115,113.28,113.58,7624198
1420209000,112.49,114.8,112.32,114.08,7109594
1420468200,114.78,116,114.73,115.8,8177350
1420554600,116.22,117.5,115.8,117.12,11238313
1420641000,116.47,116.88,116.17,116.43,6434196
1420727400,116.45,116.87,115.85,115.94,7033675
1420813800,116.51,117.34,116.5,117.26,7962886
1421073000,117.46,118.71,117.32,118.56,8318211
1421159400,118.96,119.19,117.87,118.16,7693200
1421245800,119.08,119.32,117.9,117.97,7727403
1421332200,120.41,121.695,120.34,120.94,17692548
1421418600,121.73,123.15,121.705,122.52,14428223
1421764200,123.63,124.6,123.49,124.2,14968636
1421850600,125.18,125.34,123.37,124.23,11082739
1421937000,125.07,125.58,124.145,125.23,10518355
1422023400,124.43,124.5,123.35,124.23,6270911
1422282600,123.33,123.3447,122.52,122.99,6768646
1422369000,123.56,124.64,123.51,124.4,9584838
1422455400,123.52,123.89,122.94,123.42,8470574
1422541800,121.99,122.29,120.26,120.76,11997964
1422628200,121.3,123.55,120.915,123.45,14555862
1422887400,121.84,123.155,121.82,122.42,8885189
1422973800,121.74,121.76,120.5648,121.05,8255863
1423060200,121.63,122.22,120.92,121.58,5386747
1423146600,120.98,121.83,120.61,121.79,6879945
1423233000,119.15,119.52,117.95,118.64,13206906
1423492200,118.83,119.4,118.77,119.17,5237181
1423578600,118.63,119.06,118.21,118.47,4086321
1423665000,118.49,118.57,117,117.07,6784397
1423751400,117.68,117.82,117.09,117.34,4344444
1423837800,118.05,118.58,117.79,117.98,4108870
1424183400,116.4,116.54,115.58,116.01,7225154
1424269800,115.99,116.53,114.99,116.34,8336029
1424356200,116.4,116.54,115.74,115.94,6528724
1424442600,116.1,116.455,115.05,115.28,6681734
1424701800,115.11,116.22,115.07,115.43,4812393
1424788200,115,115.55,114.29,115.26,7612919
1424874600,115.83,115.89,115.33,115.7,5032535
1424961000,116.54,116.55,115.83,116.07,4025356
1425047400,116.74,117.07,116.16,116.16,8255636
1425306600,116.5,116.64,115.62,115.68,7993280
1425393000,116.04,116.61,115.35,115.47,4738347
1425479400,115.7,115.79,115.02,115.11,4762403
1425565800,115.43,116.12,114.84,115,5872197
1425652200,113.17,113.26,111.7,111.86,11190846
1425907800,112.42,112.62,111.95,111.97,5534011
1425994200,112.09,112.35,111.22,111.42,7019781
1426080600,111.23,111.25,110.16,110.75,6550445
1426167000,111.15,111.2,110.25,110.72,6631459
1426253400,111.1,111.28,110.51,110.88,4557576
1426512600,111.09,111.205,110.42,110.81,3265305
1426599000,109.92,111.35,109.77,110.21,8923264
1426685400,110.33,112.87,110.09,112.37,12448040
1426771800,111.85,112.58,111.58,112.29,6537743
1426858200,112.71,114,112.67,113.57,8033444
1427117400,113.7,114.3701,113.4899,114.29,4240258
1427203800,114.35,114.6499,113.82,114.57,2979338
1427290200,115.11,115.14,114.65,114.73,3021437
1427376600,115.73,115.84,115.34,115.48,5495161
1427463000,115.14,115.36,114.45,115.06,4921741
1427722200,113.9,114.01,113.54,113.75,4383858
1427808600,113.84,114.28,113.4065,113.66,4383314
1427895000,114.56,115.99,114.54,115.6,7324008
1427981400,115.47,115.72,114.68,115.28,3884072
1428327000,117.32,117.47,116.52,116.69,5914163
1428413400,116.27,116.51,115.94,116.11,2468498
1428499800,115.98,116.03,114.9,115.47,5568527
1428586200,114.8,114.85,114.48,114.67,4707044
1428672600,116,116.19,115.5,115.966,3932404
1428931800,115.35,115.3899,114.8,115.14,3190149
1429018200,114.69,115.07,114.39,114.44,3651459
1429104600,114.8,115.6,114.47,115.43,3655950
1429191000,115.55,115.66,114.64,115.03,3132336
1429277400,115.38,115.79,115.23,115.6,3496313
1429536600,114.82,114.95,114.3162,114.72,3932756
1429623000,114.72,115.56,114.65,115.38,3317715
1429709400,114.83,114.96,113.77,113.83,5695960
1429795800,113.9,114.96,113.81,114.66,3459495
1429882200,113.96,114.07,112.77,113.05,7152913
1430141400,113.87,115.82,113.67,115.33,7487557
1430227800,115.36,116.62,115.34,116.33,8054361
1430314200,116.06,116.39,115.28,115.51,7170477
1430400600,113.88,113.88,112.96,113.47,9440253
1430487000,112.42,113.3089,112.28,113.08,7597006
1430746200,114.18,114.44,113.88,114.1,3648052
1430832600,114.89,115.11,114.39,114.42,3856520
1430919000,114.59,114.75,114.02,114.36,3280733
1431005400,113.84,114.01,113.32,113.42,5455090
1431091800,114.34,114.43,113.59,113.97,9964072
1431351000,114.09,114.31,113.08,113.53,2916745
1431437400,114.1,114.67,114.0648,114.5,3256715
1431523800,115.74,116.93,115.68,116.55,11768224
1431610200,117.28,117.75,117.03,117.18,6923017
1431696600,116.8,117.63,116.68,117.53,4447333
1431955800,117.78,117.88,117.27,117.52,5079850
1432042200,116.55,116.73,115.65,115.89,5052147
1432128600,116.03,116.38,115.76,116.08,4432556
1432215000,115.53,116,115.47,115.69,2514693
1432301400,115.51,115.93,115.32,115.6,1780191
1432647000,113.84,114.23,113.7,113.91,5769580
1432733400,113.78,114.0149,113.63,113.89,2681069
1432819800,113.85,114.16,113.21,114.02,5266016
1432906200,114.14,114.48,114,114.1,3407489
1433165400,115.02,115.5,113.9,114,8254034
1433251800,114.36,114.645,114.17,114.46,3988639
1433338200,114.13,114.37,113.08,113.64,4886054
1433424600,112.98,113.1497,112.48,112.84,5566618
1433511000,111.6,112.39,111.5668,112.24,5561283
1433770200,112.39,112.6599,112.13,112.57,3122078
1433856600,113.15,113.23,112.71,112.82,3529924
1433943000,114.14,114.14,113.69,113.78,5452863
1434029400,113.27,113.41,112.92,113.26,4434731
1434115800,113.06,113.499,112.96,113.23,2998483
1434375000,113.28,114.15,113.21,113.73,5055086
1434461400,113.08,113.45,112.789,113.32,4033268
1434547800,113.07,114.04,112.63,113.85,6455983
1434634200,115.19,115.61,114.89,115.32,8041255
1434720600,115.34,115.46,114.95,115.12,4611647
1434979800,113.79,113.94,113.34,113.64,5763662
1435066200,112.96,113.17,112.79,112.89,4522797
1435152600,112.48,112.74,112.31,112.59,2975539
1435239000,112.43,112.71,112.32,112.44,2904711
1435325400,112.2,112.68,112.13,112.56,4392589
1435584600,112.81,113.23,112.53,113.07,5820226
1435671000,112.24,113.05,111.84,112.37,7897042
1435757400,112.12,112.51,111.94,111.98,4409026
1435843800,111.66,111.839,111.41,111.76,3838553
1436189400,111.71,112.58,111.63,112.06,4259775
1436275800,111.08,111.14,110.05,110.76,9073403
1436362200,111.38,111.65,111.08,111.09,5694941
1436448600,111.8,111.93,111.15,111.36,3802857
1436535000,111.18,111.71,111.03,111.49,3594918
1436794200,110.43,111.14,110.36,110.99,4279310
1436880600,111,111.075,110.63,110.74,2600955
1436967000,110,110.1914,109.58,110.16,9286201
1437053400,109.67,110.01,109.6,109.76,4629683
1437139800,109.11,109.16,108.4,108.65,14858273
1437399000,106.6,106.65,105.62,105.7,15751735
1437485400,105.81,106.32,105.25,105.37,10519791
1437571800,104.39,105.09,104.18,104.8,8349201
1437658200,104.98,105.3,104.2,104.33,5779289
1437744600,103.61,105.59,103.431,105.35,11572679
1438003800,104.94,105.68,104.66,104.86,10690142
1438090200,105.09,105.33,104.83,105.02,5549222
1438176600,104.93,105.63,104.49,105.17,5616909
1438263000,104.03,104.97,103.86,104.27,6651960
1438349400,105.41,105.75,104.69,104.93,6689175
1438608600,104.59,104.82,104.05,104.1,3528596
1438695000,104.56,104.75,103.95,104.31,3241016
1438781400,104.42,104.5038,103.78,103.93,5041015
1438867800,104.15,104.86,104.14,104.39,3908124
1438954200,104.56,105.38,104.55,104.65,4400915
1439213400,105.03,106.27,104.9172,105.72,5892602
1439299800,106.49,106.63,105.77,106.26,4060892
1439386200,106.99,107.91,106.93,107.75,10022547
1439472600,106.95,107.18,106.71,106.86,4761682
1439559000,107.07,107.41,106.543,106.85,3509238
1439818200,107.37,107.51,107,107.13,5769080
1439904600,106.67,107.33,106.31,107.11,4121839
1439991000,107.63,108.67,107.63,108.55,7035087
1440077400,109.81,110.61,109.7,110.44,12549017
1440163800,110.93,111.33,110.12,111.13,13917638
1440423000,111.54,112.12,109.77,110.53,18388730
1440509400,110.01,110.05,108.72,109.16,9974186
1440595800,107.72,108.06,107.08,107.67,10856643
1440682200,107.33,108.04,107.11,107.73,8102071
1440768600,108.17,109.3,108.12,108.7,7558923
1441027800,108.19,108.92,108.03,108.82,4532081
1441114200,109.63,109.77,108.94,109.2,7077848
1441200600,109.01,109.34,108.46,108.62,4115731
1441287000,107.77,108.32,107.56,107.84,3913100
1441373400,107.14,107.56,107.07,107.49,4025022
1441719000,107.6,107.94,107.31,107.52,5982061
1441805400,106.64,106.71,105.48,106.13,8855138
1441891800,106.61,106.698,106.18,106.38,6203955
1441978200,105.65,106.2,105.27,106.16,4023894
1442237400,105.86,106.39,105.78,106.22,2350848
1442323800,105.83,106.06,105.68,105.9,2904958
1442410200,106.6,107.709,106.56,107.31,5315633
1442496600,107.07,108.58,106.96,108.41,8403849
1442583000,109.1,109.38,108.82,109.21,6794284
1442842200,108.49,108.66,108.328,108.53,4104752
1442928600,107.58,107.96,107.44,107.79,5483262
1443015000,108.54,108.64,108.2,108.22,2744177
1443101400,109.67,110.82,109.63,110.49,11024343
1443187800,109.87,110.03,109.55,109.81,5209493
1443447000,108.37,108.91,108.27,108.42,3809622
1443533400,108.24,108.69,107.88,107.98,4043592
1443619800,106.78,107.075,106.47,106.86,7405576
1443706200,106.98,107.21,106.63,106.73,4278592
1443792600,108.54,109.3199,108.54,108.99,7730647
1444051800,109.14,109.38,108.46,108.77,5490200
1444138200,109.8,110.26,109.63,109.86,7513898
1444224600,109.75,110.14,109.34,109.7,5355489
1444311000,109.16,110.27,109.06,109.14,5038194
1444397400,110.54,111.05,110.23,110.87,7907263
1444656600,111.67,111.7324,111.01,111.31,6257945
1444743000,111.36,111.87,111.28,111.86,5149627
1444829400,112.63,113.95,112.3,113.81,10207765
1444915800,113.2,113.99,112.94,113.29,14083929
1445002200,113.24,113.44,112.43,112.49,7328038
1445261400,112.64,112.69,111.89,112.02,3959383
1445347800,112.38,113.09,112.38,112.73,4903225
1445434200,112.37,112.37,111.41,111.73,3908787
1445520600,111.52,112.21,111.43,111.69,3436365
1445607000,111.81,111.84,110.9601,111.5,4868351
1445866200,111.73,111.98,111.33,111.43,2573512
1445952600,111.31,111.81,111.29,111.68,2646105
1446039000,112.68,113.25,110.31,110.78,8201197
1446125400,110.23,110.6,109.66,109.72,5150835
1446211800,109.5,109.58,109.06,109.3,5543162
1446474600,108.64,108.84,108.46,108.59,5843311
1446561000,107.79,107.8094,106.68,106.98,7145264
1446647400,107.02,107.09,105.92,105.97,7617813
1446733800,106.01,106.1,105.58,105.64,5931124
1446820200,104.17,104.42,104.02,104.1,8831874
1447079400,104.29,104.58,104.19,104.4,4129199
1447165800,104.09,104.65,103.87,104.18,4450764
1447252200,104.09,104.23,103.78,103.83,3527590
1447338600,103.09,104.32,103.04,103.85,6300546
1447425000,103.54,103.74,103.45,103.56,3224207
1447684200,103.98,104.03,103.515,103.71,2951244
1447770600,103.38,103.3999,101.98,102.34,8593070
1447857000,102.39,102.95,102.04,102.43,5043766
1447943400,103.07,104.09,103.07,103.56,5087639
1448029800,103.58,103.66,102.97,103.09,5971643
1448289000,102.48,102.75,102.16,102.26,4042473
1448375400,103.12,103.25,102.69,102.94,3479620
1448461800,102.47,102.69,102.21,102.46,2931291
1448634600,101.01,101.62,100.99,101.25,4993553
1448893800,101.53,102.38,101.52,101.92,6772983
1448980200,102.3,102.43,101.81,102.28,4645916
1449066600,101.35,101.35,100.53,100.69,10223492
1449153000,101.23,101.97,100.845,101.76,6499935
1449239400,102.74,104.21,102.65,104.02,10670249
1449498600,103.32,103.37,102.5,102.67,4393461
1449585000,103.13,103.26,102.53,102.84,3412291
1449671400,103.63,103.66,102.32,102.64,6026283
1449757800,102.51,102.825,102.34,102.55,3853545
1449844200,101.91,103.32,101.85,103.11,6798411
1450103400,102.58,102.72,101.74,101.79,5563778
1450189800,101.71,102.06,101.41,101.52,6831064
1450276200,102.59,103.2,101.66,102.75,8292194
1450362600,100.92,100.99,100.2326,100.5,10156223
1450449000,101.35,102.53,101.3,102.04,8345864
1450708200,102.95,103.52,102.83,103.15,6378892
1450794600,103.09,103.2,102.5599,102.61,4123512
1450881000,102.4,102.59,102.21,102.31,2821380
1450967400,102.82,103.05,102.77,103.05,1710153
1451313000,102.48,102.5962,102.03,102.27,3356190
1451399400,102.52,102.58,102.11,102.2,2832238
1451485800,101.47,101.6,101.345,101.42,3744959
1451572200,101.48,101.72,101.31,101.46,3823564
1451917800,103.13,103.67,102.485,102.89,6439982
1452004200,103.13,103.46,102.93,103.18,3500272
1452090600,104.37,104.8,103.93,104.67,9316599
1452177000,105.83,106.237,105.19,106.15,11730376
1452263400,105.48,105.8,105.04,105.68,7678153
1452522600,105.47,105.566,104.71,104.74,6272359
1452609000,104.09,104.59,103.65,104.21,5540231
1452695400,103.89,104.8199,103.78,104.72,7324203
1452781800,103.75,104.18,102.4985,103.02,9989065
1452868200,104.92,104.96,103.965,104.08,10052735
1453213800,104.06,104.45,103.65,103.98,4588405
1453300200,105.17,106.16,104.94,105.37,10120876
1453386600,104.99,105.49,104.515,105.49,5425032
1453473000,104.93,105.51,104.76,105,4185326
1453732200,105.76,106.09,105.6,106.08,6819409
1453818600,106.32,107.43,106.255,107.29,8443381
1453905000,106.86,107.93,106.65,107.69,8273353
1453991400,106.55,106.86,106.48,106.54,5914192
1454077800,106.61,107,106.26,106.9492,8098682
1454337000,107.54,108.15,107.53,108.05,10471814
1454423400,107.92,108.18,107.35,108.09,6656018
1454509800,107.91,109.58,107.9,109.25,15785215
1454596200,110.45,110.7,109.92,110.57,13213681
1454682600,109.79,112.35,109.58,112.32,14777267
1454941800,113.67,114.8692,113.39,113.83,28341176
1455028200,114.43,114.69,113.55,113.58,18156696
1455114600,113.92,114.52,112.98,114.46,13311118
1455201000,118.59,120.84,117.77,119.0592,49138983
1455287400,118.12,118.74,117.88,118.36,16981163
1455633000,116,116.31,114.74,114.77,14601662
1455719400,115.47,116.07,114.89,115.48,10582440
1455805800,115.3,118.595,115.29,118.29,13586529
1455892200,117.26,117.965,117.1,117.58,15191950
1456151400,115.44,116.19,115.41,115.49,10677842
1456237800,116.68,117.42,116.52,117.22,9033429
1456324200,119,119.86,117.35,117.61,17938767
1456410600,117.62,118.91,117.5401,117.92,12500275
1456497000,117.43,117.72,115.8637,117.11,12505077
1456756200,117.59,118.7,117.53,118.64,11517545
1456842600,118.74,119.11,117.34,117.77,14139278
1456929000,118.34,118.97,118.07,118.68,8903045
1457015400,118.86,121.3,118.81,120.73,18724053
1457101800,121.13,122.37,120.22,120.54,16261054
1457361000,121.18,121.5801,120.41,121.14,9358611
1457447400,121.79,121.88,120.47,120.58,11530989
1457533800,119.2,120.39,118.84,119.58,8672862
1457620200,120.5,121.76,120.42,121.5,18104896
1457706600,121.19,121.385,119.36,119.41,10812322
1457962200,120.27,120.31,117.5,117.87,14236159
1458048600,117.78,118.04,117.36,117.96,9941816
1458135000,117.42,120.76,117.34,120.59,17333961
1458221400,121.16,121.18,120.03,120.13,9914349
1458307800,119.59,120.34,119.51,119.8,16965893
1458567000,119,119.33,118.73,118.96,7240640
1458653400,119.73,120.16,118.96,119.31,6786752
1458739800,116.74,117.12,116.16,116.61,15993672
1458826200,116.77,116.94,116.3,116.33,6280937
1459171800,116.73,116.91,116.27,116.6,3879076
1459258200,117.36,118.81,116.8,118.76,14472350
1459344600,117.88,118.2,116.91,117.1,10769071
1459431000,118.161,118.39,117.6,117.64,9348249
1459517400,116.08,116.98,115.55,116.93,10405379
1459776600,116.67,116.73,116.07,116.15,7643738
1459863000,117.76,117.93,117.15,117.66,8865906
1459949400,116.7,117.385,116.26,116.94,7549435
1460035800,118.65,118.85,115,118.61,11900452
1460122200,118.07,118.77,117.98,118.43,9078874
1460381400,119.47,120.3,119.42,120.03,9845964
1460467800,120.23,120.345,119.55,120.05,9689464
1460554200,119.37,119.43,118.56,118.77,8841545
1460640600,118.09,118.1869,116.95,117.11,13165804
1460727000,117.33,118.12,117.19,117.92,7838146
1460986200,118.53,118.56,117.63,117.74,5809803
1461072600,119.87,120.09,119.37,119.58,21031520
1461159000,119.67,120.08,118.721,118.97,10233193
1461245400,120.42,120.55,119.13,119.42,14612767
1461331800,118.71,119.02,117.28,117.89,10047007
1461591000,118.14,118.7122,118.11,118.23,4369353
1461677400,118.79,118.89,118.45,118.7,9906835
1461763800,118.97,119.7,118.43,119.04,7976411
1461850200,119.92,121.42,119.7301,121.29,15133641
1461936600,122.43,123.93,122.34,123.65,19043902
1462195800,123.78,123.96,123.045,123.24,12137459
1462282200,123.73,123.82,122.51,122.96,9063588
1462368600,122.85,123.23,121.51,122.21,9398242
1462455000,122.63,122.7325,121.25,122.07,8846907
1462541400,122.83,123.805,122.5876,123.18,11366823
1462800600,121.2,121.285,120.59,120.65,9236166
1462887000,120.74,121.38,120.08,120.98,9844957
1462973400,121.85,122.16,121.38,122.12,7590081
1463059800,122.02,122.39,121,121.16,7447120
1463146200,121.09,121.86,120.66,121.71,7672825
1463405400,122.93,122.97,121.38,121.8,7103042
1463491800,121.58,122.52,121.48,122.22,8619848
1463578200,121.22,121.92,119.88,120.1,13381728
1463664600,119,119.975,118.9201,119.87,14339652
1463751000,120.19,120.32,119.31,119.71,10379355
1464010200,118.86,119.6,118.75,119.37,8628234
1464096600,118.17,118.23,117.25,117.3,12772047
1464183000,116.59,117.0599,116.32,116.98,10499963
1464269400,117.57,117.63,116.39,116.58,5893510
1464355800,116.27,116.36,115.29,115.62,8686689
1464701400,115.76,116.4,115.5,116.06,8187605
1464787800,115.97,116.135,115.2,115.94,8399598
1464874200,115.78,115.97,115.58,115.67,4591562
1464960600,118.25,118.89,118.23,118.88,14605056
1465219800,118.89,119.17,118.455,118.92,9887863
1465306200,118.5,119.02,118.41,118.82,4602865
1465392600,120.3,120.78,120.23,120.58,11661736
1465479000,120.61,121.4829,120.55,121.25,12173954
1465565400,121.55,122.1,121.175,121.74,13939966
1465824600,122.8,122.83,122.03,122.64,12594223
1465911000,123,123.06,122.3,122.77,11651694
1465997400,122.52,123.87,122.38,123.68,15053005
1466083800,125.17,125.67,122.23,122.38,26635004
1466170200,123.26,124.1,122.69,123.95,15573825
1466429400,122.26,123.33,122.13,123.21,11866200
1466515800,121.65,121.86,120.77,120.84,14585633
1466602200,120.83,121.25,120.68,120.9,7861000
1466688600,120.48,121.03,120.06,120.11,10704904
1466775000,126.62,126.82,125,126.01,35782892
1467034200,126.44,127.05,125.83,126.68,21400484
1467120600,125.56,126.02,125.06,125.32,16001451
1467207000,125.91,126.81,125.7,125.84,12218444
1467293400,125.95,126.52,125.5,126.47,15981577
1467379800,127.66,128.42,127.44,128.41,14940706
1467725400,128.8,129.59,128.17,129.47,19026247
1467811800,130.5,131.15,129.82,130.23,17376671
1467898200,129.82,130.12,128.98,129.74,16508526
1467984600,129.85,130.52,128.97,130.52,17634218
1468243800,129.49,129.895,129.16,129.29,10855630
1468330200,128.52,128.54,126.99,127.15,26459620
1468416600,128,128.43,127.61,128.32,7377686
1468503000,126.31,127.37,126.03,127.33,12132423
1468589400,126.38,127.19,126.33,126.84,13892073
1468848600,127.02,127.5,126.63,127.04,8489677
1468935000,126.95,127.35,126.82,127.21,5170665
1469021400,125.5,126.12,125.31,125.39,11777708
1469107800,125.66,127.37,125.6,127.3,9399212
1469194200,126.43,126.52,126.01,126.35,7716032
1469453400,125.53,126.21,125.11,125.47,13139408
1469539800,126.09,126.14,125.745,126,7613155
1469626200,126.79,128.12,126.04,128.03,17066363
1469712600,128.09,128.2,127.205,127.66,9261756
1469799000,128.42,129.41,127.88,128.98,13708194
1470058200,128.57,129.34,128.56,129.22,7109898
1470144600,130.04,130.55,129.9449,130.27,7652767
1470231000,129.95,129.96,129.27,129.65,5010703
1470317400,130.01,130.28,129.82,129.87,4908131
1470403800,128.46,128.5466,127.39,127.55,16205122
1470663000,127.29,127.7,127.274,127.44,6773804
1470749400,127.94,128.14,127.75,127.96,7500421
1470835800,129.12,129.2006,128.15,128.56,6196202
1470922200,128.61,129.19,127.475,127.67,9763821
1471008600,129.12,129.26,127.2,127.4,15395846
1471267800,127.62,128.25,127.6,127.84,4530841
1471354200,128.12,129.04,128,128.47,8678143
1471440600,128.17,128.99,127.46,128.5,12034752
1471527000,128.89,129.17,128.58,129.11,9500636
1471613400,128.08,128.67,127.855,127.97,10660119
1471872600,127.63,127.92,127.45,127.78,8627222
1471959000,128.14,128.22,127.61,127.76,9038482
1472045400,126.92,126.9663,126.295,126.34,13539655
1472131800,125.98,126.31,125.96,126.23,5926294
1472218200,126.88,128.11,125.82,126.05,17967738
1472477400,126,126.48,125.93,126.3,5562409
1472563800,125.73,125.95,124.88,125.03,9877044
1472650200,124.73,125.11,124.64,124.78,13324105
1472736600,124.67,125.51,124.55,125.29,12877745
1472823000,126.29,126.57,125.58,126.57,11318572
1473168600,127.4,129.08,127.27,128.71,15115279
1473255000,128.79,128.86,128.12,128.27,8859847
1473341400,128.16,128.52,127.4,127.59,10561791
1473427800,127.24,127.51,126.7,126.75,12485597
1473687000,126.31,126.92,125.97,126.59,11140336
1473773400,126.47,126.6,125.53,125.75,8866372
1473859800,126.1,126.54,126.03,126.18,5820694
1473946200,125.73,126.1,124.91,125.37,12978856
1474032600,124.81,125.245,124.67,125.06,18995065
1474291800,125.61,125.62,125.25,125.32,4959637
1474378200,125.31,125.59,125.17,125.44,5672021
1474464600,126.33,127.42,125.96,127.27,13646448
1474551000,127.57,128.2,127.5,127.57,15188007
1474637400,127.6,127.86,127.43,127.65,7702291
1474896600,127.96,128.035,127.42,127.55,5842740
1474983000,126.86,126.9,126.341,126.62,6220662
1475069400,126.25,126.4,125.73,126.22,6757652
1475155800,125.84,126.34,125.54,126.07,7448407
1475242200,126.52,126.55,125.235,125.64,11204261
1475501400,125.32,125.46,124.9,125.32,9044105
1475587800,123.16,123.18,120.86,120.97,24372722
1475674200,121.33,121.59,120.4,120.78,14718120
1475760600,119.69,119.98,119.24,119.66,17917672
1475847000,120.49,120.58,118.42,119.74,17907270
1476106200,120.16,120.42,119.92,120.16,4514368
1476192600,119.92,120.16,119.53,119.55,6065330
1476279000,119.72,120.07,119.289,119.74,4848622
1476365400,120,120.42,119.8,120.03,7184647
1476451800,119.37,120.16,119.29,119.36,6577309
1476711000,119.7,119.92,119.58,119.68,4777878
1476797400,120.08,120.64,119.82,120.42,4919730
1476883800,121.13,121.4565,120.89,121.11,6019772
1476970200,121.39,121.59,120.63,120.74,6496724
1477056600,120.9,120.925,120.55,120.83,6707783
1477315800,121.28,121.3,120.16,120.56,5481119
1477402200,120.89,121.76,120.855,121.47,6141110
1477488600,121.37,121.53,120.61,120.79,3905914
1477575000,121.11,121.18,120.75,121.01,4335994
1477661400,121.2,122.48,120.81,121.58,11639887
1477920600,121.51,122,121.23,121.94,7722055
1478007000,122.8,123.21,122.57,122.73,13384307
1478093400,123.76,124.76,123.56,123.64,15692420
1478179800,123.36,124.33,123.35,124.3,10093107
1478266200,124.4,124.54,124.04,124.39,8594613
1478529000,122.66,122.71,121.88,122.15,10014986
1478615400,122.12,123.09,121.36,121.64,9480647
1478701800,124.3,124.35,121.105,121.56,18236450
1478788200,121.52,121.54,119.38,119.75,22267962
1478874600,119.65,119.69,116.23,117.1,20381828
1479133800,116.12,117.14,115.49,116.11,20729377
1479220200,116.46,117.24,116.29,117.12,9348572
1479306600,117.27,117.27,116.58,116.77,5486129
1479393000,116.91,117.22,115.44,116.17,10342274
1479479400,115.52,115.77,114.96,115.15,10444285
1479738600,115.72,115.94,115.29,115.58,6654155
1479825000,115.72,115.79,114.98,115.54,6391928
1479911400,113.87,113.88,112.65,113.25,20982117
1480084200,113.42,113.51,112.35,112.61,5345889
1480343400,113.23,113.84,112.77,113.8,5655402
1480429800,112.76,113.48,112.6901,113.27,7438616
1480516200,112.69,112.79,111.5,111.75,10925538
1480602600,111.11,111.99,110.63,111.54,10236970
1480689000,111.89,112.32,111.78,112.14,7416468
1480948200,111.15,112.11,110.31,111.54,10187891
1481034600,111.69,112.03,111.19,111.43,5533689
1481121000,112.13,112.5,111.77,111.83,4901840
1481207400,111.72,111.8711,111.46,111.57,5977792
1481293800,111.18,111.25,110.19,110.4,10507697
1481553000,110.59,111.11,110.2659,110.82,6156717
1481639400,110.57,110.79,110.06,110.45,7961600
1481725800,110.95,110.98,108.52,108.83,12933647
1481812200,107.85,107.99,107,107.34,14427539
1481898600,107.95,108.78,107.475,108.05,10602807
1482157800,108.6,108.88,108.34,108.59,5339066
1482244200,107.47,107.997,107.2942,107.79,7321100
1482330600,108.25,108.3125,107.68,107.85,5188680
1482417000,107.68,108.1,107.49,107.59,4942759
1482503400,107.84,108.25,107.8,107.93,5012242
1482849000,108.61,108.67,108.24,108.56,3685504
1482935400,108.4,108.91,108.29,108.86,5091228
1483021800,109.23,110.53,109.16,110.29,7563896
1483108200,110.38,110.62,109.53,109.61,8873725
1483453800,109.62,111,109.37,110.47,7527353
1483540200,111.06,111.22,110.61,110.86,4904119
1483626600,112.16,112.94,112.07,112.58,9606761
1483713000,111.81,112.38,111.57,111.75,7686070
1483972200,112.39,113.0399,112.18,112.67,5674636
1484058600,112.94,113.45,112.635,113.15,6093404
1484145000,112.87,114.19,112.17,113.5,9918689
1484231400,114.52,114.93,113.805,113.91,8457319
1484317800,113.65,114.31,113.19,114.21,7261454
1484663400,115.89,115.96,115.495,115.85,9142370
1484749800,115.74,115.92,114.56,114.87,6498109
1484836200,114.32,114.96,113.935,114.77,6437008
1484922600,114.65,115.76,114.32,115.05,12261510
1485181800,115.51,116.17,115.2,115.79,6373102
1485268200,115.69,116.02,114.94,115.27,5798840
1485354600,114.14,114.44,113.68,114.32,6697523
1485441000,113.24,113.505,112.83,113.26,5390463
1485527400,112.93,113.545,112.81,113.49,6706570
1485786600,113.61,114.3,113.535,113.97,7687782
1485873000,115.27,115.8173,115.18,115.55,10421882
1485959400,114.66,115.45,114.14,115.2,6932889
1486045800,116.26,116.57,115.625,115.84,7189461
1486132200,115.73,116.365,115.71,116.13,9455464
1486391400,117.07,117.74,116.74,117.7,8547843
1486477800,117.31,117.74,117.2,117.46,8621039
1486564200,118.09,118.59,117.81,118.19,9633443
1486650600,118.32,118.58,117.2,117.29,8177210
1486737000,116.68,117.86,116.67,117.6,9072146
1486996200,116.73,116.95,116.15,116.8,7354924
1487082600,117.51,117.56,116.38,116.93,6927842
1487169000,116.33,117.48,116.2466,117.45,7088419
1487255400,117.93,118.35,117.83,118.08,6378650
1487341800,118.19,118.4,117.6201,117.68,7338065
1487687400,117.04,118,116.77,117.75,6166875
1487773800,117.86,118.02,117.24,117.91,6057179
1487860200,118.76,119.155,118.675,118.94,7523304
1487946600,119.74,119.88,119.25,119.7,9808957
1488205800,119.73,120.4,119.12,119.12,9263499
1488292200,119.71,119.84,118.82,119.23,8727832
1488378600,117.98,119.12,117.95,119.06,8679637
1488465000,117.76,118.34,117.225,117.58,10986262
1488551400,116.95,117.73,116.44,117.51,10665818
1488810600,117.35,117.35,116.63,116.72,4883547
1488897000,116.13,116.25,115.615,115.78,6846277
1488983400,114.99,115.36,114.945,115.06,7620924
1489069800,114.78,115.025,114.405,114.47,6410916
1489156200,114.45,114.73,114.13,114.72,7929500
1489411800,114.63,114.91,114.505,114.74,5807391
1489498200,114.54,115.01,114.025,114.12,5301810
1489584600,114.29,116.25,114.02,116.25,13524082
1489671000,117.27,117.29,116.69,116.73,9322018
1489757400,117.04,117.27,116.91,116.99,4683039
1490016600,117.31,117.595,117.205,117.5645,4000202
1490103000,117.77,118.8,117.76,118.54,9567932
1490189400,118.87,119.15,118.68,118.83,7287350
1490275800,119.15,119.25,118.32,118.67,6201129
1490362200,118.5,119.21,118.39,118.86,6879634
1490621400,119.93,120.08,119.27,119.53,8519573
1490707800,119.74,119.83,118.78,119.04,7112787
1490794200,119.22,119.45,119.047,119.33,4910528
1490880600,118.77,119.12,118.32,118.47,6894572
1490967000,118.61,119.08,118.46,118.72,8520847
1491226200,118.69,119.37,118.67,119.35,6105704
1491312600,119.59,119.77,119.38,119.62,4687301
1491399000,118.62,119.63,118.4,119.62,8105952
1491485400,119.22,119.42,118.975,119.18,4633470
1491571800,120.3,120.67,119.14,119.46,12351114
1491831000,119.04,119.69,118.85,119.46,4623673
1491917400,120.33,121.4,120.29,121.19,12455294
1492003800,121.38,122.22,121.14,122.02,9502540
1492090200,122.54,122.65,122.03,122.6,9892641
1492435800,122.55,123.07,121.99,122.24,8469580
1492522200,122.43,123.0292,121.73,122.82,10903701
1492608600,122.25,122.26,121.28,121.73,8472702
1492695000,121.82,122.17,121.5,121.96,11787330
1492781400,122.14,122.61,121.73,122.31,15608031
1493040600,120.77,121.51,120.6601,121.48,11053559
1493127000,120.53,120.87,120.05,120.25,10340290
1493213400,120.21,120.96,119.87,120.84,9758844
1493299800,120.42,120.5975,119.97,120.39,8266954
1493386200,120.34,120.77,120.27,120.77,9134246
1493645400,120.21,120.75,119.35,119.67,9331809
1493731800,119.3,119.65,119.24,119.65,4900784
1493818200,119.18,119.34,117.92,117.98,10811052
1493904600,116.81,117.28,116.63,116.79,12406931
1493991000,116.86,117.07,116.68,117.01,7127199
1494250200,117.03,117.14,116.68,116.75,5438375
1494336600,116.18,116.24,115.56,116.05,6801280
1494423000,116.42,116.4999,115.86,116.04,4290459
1494509400,116.21,116.845,116.185,116.5,6274368
1494595800,117.07,117.16,116.73,116.83,5434477
1494855000,117.52,117.54,116.99,117.14,5019589
1494941400,117.45,117.91,117.4,117.65,4942822
1495027800,119.36,120.02,119.27,119.79,13936876
1495114200,119.77,119.84,118.56,118.81,10341141
1495200600,119.39,119.545,118.88,119.4,6787254
1495459800,119.63,120.14,119.58,119.9,5132485
1495546200,120.13,120.19,118.9841,119.14,8305434
1495632600,119.07,119.7425,118.915,119.61,7064911
1495719000,119.52,119.695,119.29,119.48,4105092
1495805400,120.49,120.79,120.33,120.54,6791648
1496151000,120.24,120.33,119.95,120.14,4507493
1496237400,120.31,121.23,120.26,120.62,10360724
1496323800,120.17,120.74,120.06,120.72,8702543
1496410200,121.31,121.71,121.19,121.61,7268054
1496669400,121.91,121.94,121.58,121.73,3979162
1496755800,123.09,123.31,122.77,123.1,10798527
1496842200,122.79,123.16,122.015,122.45,9039175
1496928600,122.07,122.08,120.95,121.65,8169807
1497015000,120.46,120.91,120.4,120.54,7054664
1497274200,120.33,120.685,120.265,120.36,4927375
1497360600,119.95,120.71,119.92,120.48,3786628
1497447000,121.51,121.88,119.57,119.82,21124841
1497533400,119.22,119.5,119.1275,119.32,6796668
1497619800,119.35,119.5,119.24,119.34,6435674
1497879000,118.74,118.84,118.33,118.43,6786973
1497965400,118.42,118.46,118.07,118.18,4617387
1498051800,118.15,118.66,118.15,118.52,4723749
1498138200,119.13,119.1978,118.6,118.92,5811927
1498224600,119.65,119.66,119.31,119.43,9258628
1498483800,118.29,118.535,118.17,118.36,6593380
1498570200,118.87,119.05,118.481,118.81,5759344
1498656600,119.06,119.06,118.685,118.9,4220130
1498743000,117.97,118.64,117.91,118.32,7705165
1498829400,118.08,118.41,117.95,118.02,7272612
1499088600,116.54,116.85,115.94,116.09,12145049
1499261400,115.91,116.67,115.87,116.52,7223256
1499347800,116.58,116.61,116.24,116.47,4443390
1499434200,115.78,115.79,114.8,115.28,11153608
1499693400,115.02,115.57,114.83,115.47,4970886
1499779800,115.26,115.77,114.88,115.62,6637939
1499866200,116.21,116.33,115.87,116.03,4654361
1499952600,116.04,116.04,115.67,115.82,4148935
1500039000,117.04,117.25,116.64,116.77,5788219
1500298200,117.42,117.53,117.23,117.29,5170849
1500384600,117.99,118.33,117.88,118.11,7158573
1500471000,118.18,118.27,117.8363,118.08,3205142
1500557400,117.92,118.62,117.66,118.24,5571648
1500643800,119,119.39,118.751,119.26,10135919
1500903000,119.52,119.5762,119.18,119.31,3654331
1500989400,118.99,119.32,118.79,118.92,6202988
1501075800,118.57,120.15,118.55,119.88,8527944
1501162200,120.1,120.14,119.28,119.79,6385216
1501248600,120.15,120.8558,120.14,120.69,7393606
1501507800,120.5,120.805,120.45,120.75,3944561
1501594200,120.44,121.14,120.44,120.65,7365056
1501680600,120.51,121.02,120.34,120.4,5945279
1501767000,120.31,120.83,120.31,120.59,4275576
1501853400,119.97,120.039,119.2201,119.65,8644781
1502112600,119.43,119.79,119.43,119.51,3010138
1502199000,120.02,120.12,118.97,119.86,7227220
1502285400,121.02,121.55,120.76,121.31,9186236
1502371800,122.08,122.44,122.03,122.21,9817872
1502458200,122.24,122.83,122.03,122.79,8019519
1502717400,121.98,122.24,121.6845,121.92,6035297
1502803800,120.6,121.2299,120.5828,120.98,6731340
1502890200,120.66,122.06,120.66,121.87,8267341
1502976600,122.29,122.6099,121.76,122.49,8183805
1503063000,123.37,123.54,122,122.3,13654226
1503322200,122.54,122.981,122.5,122.76,5549687
1503408600,122.56,122.56,121.85,122.21,6493937
1503495000,122.58,122.69,122.31,122.67,5038391
1503581400,122.39,122.64,122.13,122.29,4193396
1503667800,122.77,123.02,121.29,122.74,12398247
1503927000,123.33,124.73,123.33,124.69,11578265
1504013400,125.81,125.87,124.0545,124.42,9861471
1504099800,124.33,124.62,124.16,124.36,6328422
1504186200,124.58,125.84,124.55,125.82,11775530
1504272600,126.01,126.17,125.12,126.06,11567404
1504618200,126.65,127.78,126.57,127.46,11813065
1504704600,127.34,127.44,126.55,126.81,10059273
1504791000,127.56,128.32,127.39,128.13,10219719
1504877400,128.205,128.3,127.59,127.97,9020001
1505136600,126.74,126.94,126.045,126.19,9126591
1505223000,126.03,126.59,125.94,126.56,8349012
1505309400,126.4,126.45,125.5,125.61,8490963
1505395800,125.66,126.44,125.62,126.16,5330663
1505482200,125.99,125.99,125.41,125.53,8375074
1505741400,124.71,124.76,123.965,124.36,8859807
1505827800,124.49,124.65,124.03,124.62,5826537
1505914200,124.68,125.0599,123.15,123.62,11415431
1506000600,122.56,123.07,122.49,122.68,7757897
1506087000,123.03,123.39,122.9348,123.24,6011928
1506346200,122.78,124.66,122.71,124.53,10257209
1506432600,123.57,123.81,122.9,123.14,8673582
1506519000,122.04,122.51,121.88,121.98,6903944
1506605400,122.04,122.475,121.83,122.21,5968213
1506691800,122.29,122.3,121.55,121.58,10207991
1506951000,121.17,121.34,120.74,120.77,11755378
1507037400,120.72,121.1,120.7041,120.83,3728655
1507123800,121.21,121.27,120.7101,121.17,6475238
1507210200,121.15,121.24,120.395,120.52,6205423
1507296600,120.26,121.21,119.7835,121.09,10013282
1507555800,121.64,122.11,121.551,122.08,5264116
1507642200,122.62,122.97,122.36,122.4,9315476
1507728600,122.57,122.88,122.03,122.79,5649430
1507815000,122.84,123.035,122.5,122.89,3037576
1507901400,123.66,123.86,123.34,123.82,6820348
1508160600,123.82,123.97,122.57,122.97,8201979
1508247000,122.03,122.32,121.73,122.13,7041261
1508333400,121.71,121.94,121.55,121.67,3666407
1508419800,122.2,122.55,122.111,122.39,5567279
1508506200,121.68,121.98,121.39,121.61,8481102
1508765400,120.98,121.9,120.96,121.8,5069650
1508851800,121.26,121.71,120.98,121.33,5114120
1508938200,121.31,121.5899,120.84,121.35,4282369
1509024600,121.16,121.16,120.22,120.33,6438806
1509111000,120.38,120.99,120.21,120.9,6664180
1509370200,120.93,121.47,120.8,121.13,5119241
1509456600,120.82,120.84,120.38,120.67,3910495
1509543000,120.98,121.55,120.835,121.11,4647787
1509629400,121.29,121.96,121.05,121.19,5369504
1509715800,121.36,121.43,120.1844,120.62,6330642
1509978600,120.72,121.85,120.68,121.65,6953772
1510065000,121.51,121.56,120.78,121.21,4165933
1510151400,121.95,122.25,121.59,121.63,5565212
1510237800,121.85,122.41,121.73,122.13,6072442
1510324200,121.99,122.11,120.935,121.13,7116200
1510583400,121.43,121.55,121.27,121.31,6249346
1510669800,120.9,121.91,120.77,121.56,6188992
1510756200,122.13,122.36,121.25,121.41,4984812
1510842600,121.45,121.71,121.29,121.4,2796545
1510929000,122.15,123.17,121.95,122.86,10613955
1511188200,122.3,122.41,121.04,121.31,8356673
1511274600,121.67,122,121.5,121.51,4956456
1511361000,122.26,122.95,122.17,122.63,5211832
1511533800,122.36,122.61,122.22,122.32,1779705
1511793000,123.26,123.33,122.67,122.83,4961215
1511879400,123.05,123.17,122.53,122.81,5603112
1511965800,122.24,122.33,121.74,122.04,6138941
1512052200,121.44,121.695,120.64,121.1,7936260
1512138600,120.94,122.43,120.74,121.59,13080101
1512397800,121.15,121.2,120.84,121.18,6943679
1512484200,120.44,120.505,119.72,120.32,10041159
1512570600,120.03,120.44,119.87,120.07,6643006
1512657000,119.01,119.24,118.1,118.49,12900240
1512743400,118.63,118.92,118.33,118.48,5231287
1513002600,118.37,118.54,117.8,118.01,4522244
1513089000,117.73,118.17,117.4,118.15,8020109
1513175400,118.19,119.35,118.01,119.17,10086657
1513261800,119.1,119.285,118.705,118.93,6993592
1513348200,119.41,119.5,118.97,119.18,7531964
1513607400,119.63,119.99,119.6,119.73,5452212
1513693800,119.67,119.9,119.53,119.82,4018885
1513780200,119.98,120.36,119.81,120.14,5734625
1513866600,120.07,120.45,120,120.31,4823709
1513953000,120.67,121.14,120.57,120.94,5791312
1514298600,121.55,121.87,121.51,121.77,8224411
1514385000,122,122.34,121.875,122.23,6232678
1514471400,122.82,122.92,122.56,122.85,5732725
1514557800,123.7,124.085,123.46,123.65,7852109
1514903400,124.66,125.18,124.39,125.15,11762515
1514989800,125.05,125.09,124.101,124.82,7904326
1515076200,124.89,125.85,124.74,125.46,7329718
1515162600,124.93,125.48,124.83,125.33,5739904
1515421800,125.2,125.32,124.9,125.31,3566707
1515508200,124.49,124.86,124.23,124.73,9153584
1515594600,125.17,125.31,124.72,125.03,14809303
1515681000,125.37,125.66,125.25,125.44,5994730
1515767400,126.01,127.13,125.81,126.96,9258570
1516113000,126.6,127.18,126.4,127.17,8083895
1516199400,126.77,127.22,125.9,126.14,10130509
1516285800,126.13,126.52,125.8,125.86,6289271
1516372200,126.57,126.73,126.41,126.42,8773753
1516631400,126.51,126.75,126.28,126.65,4893546
1516717800,126.53,127.35,126.34,127.28,6167910
1516804200,128.39,129.265,128.2338,128.83,11827554
1516890600,128.69,129.515,127.36,127.97,15219664
1516977000,128.24,128.52,127.97,128.07,7828744
1517236200,127.58,127.63,126.915,127.35,6956392
1517322600,127.91,127.9167,126.74,126.8,9736105
1517409000,127.45,127.85,126.4,127.65,13418904
1517495400,127.18,128.15,127.08,128.07,10854639
1517581800,126.81,126.85,125.955,126.39,16789214
1517841000,126.82,127.31,126.44,126.71,13596327
1517927400,126.54,126.55,125.22,125.38,17672450
1518013800,125.48,125.77,124.41,124.79,8558460
1518100200,124.92,125.44,124.51,124.98,7343637
1518186600,124.65,125.14,124.39,124.77,14140696
1518445800,125.19,125.82,125.11,125.37,6984852
1518532200,125.67,126.18,125.52,126.08,5321327
1518618600,126.47,128.59,126.29,128.23,16416413
1518705000,128.43,128.569,127.94,128.38,7276495
1518791400,128.3,128.7,127.5689,127.96,7956921
1519137000,127.28,127.4,126.04,126.24,11148745
1519223400,126.36,126.76,125.44,125.66,7908753
1519309800,125.92,126.37,125.88,126.3,5346347
1519396200,126.06,126.3,125.85,126.14,4239709
1519655400,126.45,126.62,126.18,126.45,3194743
1519741800,126.06,126.15,124.59,125.13,7082301
1519828200,125.09,125.46,124.81,125,4534884
1519914600,124.15,125.31,123.575,124.72,12910071
1520001000,125.67,125.69,124.97,125.39,9994341
1520260200,125.35,125.48,124.96,125.18,5778343
1520346600,126.2,126.9563,126.13,126.53,8676781
1520433000,126.22,126.29,125.42,125.72,5158674
1520519400,125.69,125.7,125.125,125.42,3474944
1520605800,124.94,125.69,124.78,125.54,5066833
1520861400,125.04,125.57,124.84,125.54,2884269
1520947800,125.67,125.99,125.05,125.78,4798303
1521034200,125.49,125.76,125.34,125.7,3777021
1521120600,125.12,125.21,124.72,124.9,6130124
1521207000,124.84,124.87,124.21,124.6,7402188
1521466200,124.57,125.16,124.42,124.87,4335420
1521552600,124.41,124.55,123.96,124.31,3399440
1521639000,125.4,126.76,125.03,126.48,12532035
1521725400,126.09,126.34,125.64,125.98,5298709
1521811800,127.82,128.06,127.4054,127.61,12025882
1522071000,128.05,128.58,128.0107,128.28,6169843
1522157400,127.23,127.62,127.05,127.49,6180707
1522243800,126.48,126.61,125.51,125.73,10254883
1522330200,125.42,125.81,125.31,125.79,7117156
1522675800,126.65,127.54,126.375,127.26,11421144
1522762200,126.54,126.59,126.01,126.3,6083717
1522848600,127.5,127.53,126.32,126.45,7488254
1522935000,125.45,126.0825,125.425,125.8,5332957
1523021400,126.57,126.6,126.125,126.39,6121225
1523280600,126.45,126.86,126.23,126.82,4189864
1523367000,127.02,127.305,126.67,127.12,5403992
1523453400,128.09,129.47,127.78,128.11,12348564
1523539800,127.25,127.34,126.47,126.62,8141339
1523626200,127.07,127.75,127.03,127.45,6821338
1523885400,127.74,128.05,127.57,127.63,4600039
1523971800,127.02,127.78,127.001,127.75,4184077
1524058200,128.32,128.54,127.751,127.85,6755575
1524144600,127.81,127.8839,127.13,127.6,8736103
1524231000,126.69,126.97,126.55,126.63,10403128
1524490200,125.62,125.76,125.3412,125.62,6921519
1524576600,125.78,126.34,125.67,126.23,4733107
1524663000,125.23,125.51,125.06,125.41,5985694
1524749400,125.54,125.57,124.69,124.97,7517135
1524835800,125.2,125.62,125.17,125.5,5653996
1525095000,124.41,125.2,124.1901,124.59,9830612
1525181400,123.9,123.9848,123.39,123.71,7551577
1525267800,123.9,124.54,123.58,123.65,7614019
1525354200,124.66,124.76,124.24,124.28,4857387
1525440600,124.1,124.65,124,124.54,5883574
1525699800,124.5,124.7,124.3,124.57,3397508
1525786200,124.14,124.95,123.79,124.59,5551078
1525872600,124.45,124.87,124.24,124.33,4405593
1525959000,125.22,125.3724,124.75,125.18,5218356
1526045400,125.57,125.59,124.94,125,4299164
1526304600,125.16,125.21,124.44,124.49,3753223
1526391000,122.82,122.82,122.13,122.48,10911850
1526477400,122.38,122.61,122.03,122.29,4943275
1526563800,122.23,122.43,122.04,122.36,7781336
1526650200,122.05,122.65,122.01,122.41,6837125
1526909400,122.16,122.53,121.97,122.48,4126673
1526995800,122.7,122.74,122.34,122.41,4579602
1527082200,122.14,122.74,122.11,122.54,7007256
1527168600,123.1,123.82,123.08,123.59,8850085
1527255000,123.66,123.7,123.21,123.21,7920650
1527600600,122.84,123.64,122.66,123.19,9013170
1527687000,123.17,123.61,123.17,123.37,4573697
1527773400,123.26,123.78,123.1,123.1,7862495
1527859800,122.58,123.09,122.44,122.49,8059121
1528119000,122.85,122.93,122.37,122.37,4345370
1528205400,122.55,123.2257,122.281,122.85,6864209
1528291800,123.08,123.35,122.63,122.92,4083702
1528378200,122.96,123.145,122.69,122.86,3700745
1528464600,123.08,123.12,122.91,123.01,3865667
1528723800,123.1,123.42,123.0175,123.23,3201179
1528810200,122.95,123.18,122.64,122.82,7279620
1528896600,122.84,123.34,122.47,123.19,5867744
1528983000,123.63,123.86,123.32,123.38,8015447
1529069400,122.18,122.2,120.83,121.34,14536993
1529328600,121.35,121.44,120.99,121.11,3845950
1529415000,120.81,121.03,120.581,120.8,4925832
1529501400,120.79,120.81,120.16,120.26,4548491
1529587800,119.92,120.32,119.821,120.05,5681906
1529674200,120.21,120.4,120.1,120.34,4518408
1529933400,120,120.23,119.8299,119.89,9350195
1530019800,119.28,119.59,119.09,119.26,8675447
1530106200,118.96,119.05,118.48,118.58,6480501
1530192600,118.59,118.67,118.01,118.22,7760936
1530279000,118.43,118.94,118.26,118.65,8002828
1530538200,118.18,118.21,117.4,117.46,12021957
1530624600,118.41,119.08,118.38,118.65,8900973
1530797400,118.92,119.33,118.77,119.05,4951873
1530883800,118.97,119.03,118.731,118.86,2947058
1531143000,119.65,119.73,119.14,119.15,4075297
1531229400,118.89,119,118.61,118.93,3754770
1531315800,118.45,118.53,117.62,117.64,6974791
1531402200,118,118.2638,117.94,118.13,4585460
1531488600,117.62,117.75,117.4465,117.61,5444284
1531747800,117.51,117.625,117.28,117.55,3670943
1531834200,116.72,116.925,116.12,116.28,7939635
1531920600,116.03,116.35,115.83,116.31,5391963
1532007000,115.13,116.47,115.12,115.81,14227628
1532093400,116.4,116.71,116.24,116.56,7892317
1532352600,116.25,116.31,115.76,116,6247368
1532439000,116.22,116.43,115.91,116.04,4801046
1532525400,116.79,116.8366,116.27,116.68,5480914
1532611800,116.24,116.51,115.77,115.77,6382946
1532698200,115.92,116.2399,115.77,115.83,5242099
1532957400,115.8,116.02,115.64,115.65,4157371
1533043800,115.47,116.35,115.394,115.99,5508456
1533130200,115.63,115.7,115.125,115.14,7941660
1533216600,115.17,115.23,114.42,114.52,6204910
1533303000,115.09,115.53,114.86,114.92,5953227
1533562200,114.56,114.72,114.31,114.33,5811614
1533648600,114.85,114.935,114.42,114.59,5188447
1533735000,114.75,114.95,114.41,114.91,3809872
1533821400,115.02,115.12,114.69,114.74,4252956
1533907800,114.81,115.23,114.6076,114.69,6757857
1534167000,113.81,113.81,112.83,112.96,9150873
1534253400,113.25,113.48,112.84,113.07,7086193
1534339800,112.17,112.18,111.06,111.19,12398366
1534426200,111.46,111.88,111.1,111.1,7484637
1534512600,111.69,112.15,111.38,112.13,8470951
1534771800,112.38,112.74,112.16,112.69,5313403
1534858200,112.77,113.1,112.44,113.02,5042443
1534944600,113.39,113.49,113.07,113.27,6215910
1535031000,112.68,112.88,112.06,112.2,5500102
1535117400,113.25,114.42,113.21,114.16,9214703
1535376600,114.12,114.78,114.12,114.59,4364167
1535463000,114.76,114.8666,113.55,113.68,6101386
1535549400,114.16,114.21,113.85,114.2,5616329
1535635800,113.92,113.93,113.24,113.64,5431837
1535722200,113.72,114.06,113.44,113.51,5048673
1536067800,112.75,113.07,112.61,112.93,6617486
1536154200,113.36,113.44,113.12,113.32,4459202
1536240600,113.89,114.26,113.28,113.54,4784729
1536327000,113.26,113.6,112.97,113.23,3714023
1536586200,113.26,113.43,113,113.15,2316718
1536672600,112.65,113.37,112.42,113.22,3791338
1536759000,113.12,114.39,113.055,114.17,6315934
1536845400,114.72,114.78,113.58,113.76,5636023
1536931800,113.79,113.9,112.91,113.02,5375645
1537191000,113.6,114.03,113.55,113.61,4727254
1537277400,113.79,113.91,113.275,113.44,4737849
1537363800,113.94,114.15,113.68,113.88,4223199
1537450200,114.21,114.37,113.855,114.27,4384523
1537536600,112.8701,113.68,112.79,113.49,6831550
1537795800,113.68,113.96,113.43,113.47,4435578
1537882200,113.75,113.885,113.57,113.65,3004824
1537968600,113.11,113.6,112.66,113.05,8297429
1538055000,112.1,112.4156,111.8499,112.05,7683739
1538141400,112.16,113,112.07,112.76,6020579
1538400600,112.4,112.62,112.15,112.57,3893012
1538487000,113.7,114.33,113.61,113.87,10776912
1538573400,113.87,114.05,113.26,113.42,6674517
1538659800,113.83,114.19,113.255,113.48,6616212
1538746200,113.81,114.1,113.57,113.8,7994440
1539005400,112.25,112.59,111.9,112.54,12111577
1539091800,112.37,112.67,111.97,112.6,8352697
1539178200,112.47,112.96,112.25,112.88,10571316
1539264600,114.2,116.04,114.09,115.78,26810920
1539351000,115.58,115.71,115.08,115.23,12939315
1539610200,116.12,116.53,115.89,116,11828366
1539696600,116.49,116.6,115.8,115.8,9531769
1539783000,115.89,116.33,115.68,115.79,7078639
1539869400,115.83,116.41,115.63,115.92,7964106
1539955800,116.23,116.24,115.96,116.01,7453947
1540215000,115.57,115.7789,115.43,115.71,5200759
1540301400,117.16,117.25,116.33,116.39,12704177
1540387800,116.38,116.72,116.1101,116.66,8563293
1540474200,116.58,116.73,116.19,116.4,8303495
1540560600,116.83,117.65,116.46,116.77,15733170
1540819800,116.41,116.54,115.84,116.31,8732486
1540906200,115.85,116.04,115.635,115.8,7233614
1540992600,114.89,115.17,114.66,115.15,11409346
1541079000,116.33,117.07,116.18,116.63,13662915
1541165400,116.61,116.98,116.39,116.65,8796962
1541428200,116.28,116.67,116.23,116.37,6291450
1541514600,116.44,116.525,115.74,116.04,7270793
1541601000,116.26,116.345,115.9,116.03,8392112
1541687400,115.77,116.15,115.5,115.78,7638817
1541773800,114.6,114.75,114.14,114.48,14159472
1542033000,114.01,114.05,113.58,113.66,7499046
1542119400,113.72,113.93,113.42,113.7,9309074
1542205800,113.53,115.06,113.46,114.64,13950218
1542292200,114.83,114.99,114.56,114.77,8910585
1542378600,115.83,115.88,115.37,115.62,8576955
1542637800,115.45,115.92,115.37,115.67,8508445
1542724200,115.94,115.95,115.37,115.67,9075193
1542810600,115.94,116.35,115.86,115.86,8834206
1542983400,115.76,115.88,115.585,115.77,3726611
1543242600,115.84,115.87,115.53,115.64,4018622
1543329000,115.55,115.63,114.6,114.95,9671170
1543415400,114.76,116.07,114.59,115.38,13789016
1543501800,115.97,116.24,115.56,115.74,6479502
1543588200,115.42,115.66,115.04,115.54,8169579
1543847400,116.6,116.77,116.295,116.41,8475664
1543933800,117.37,117.39,116.931,117.12,7186437
1544106600,117.38,117.685,116.92,117.14,9267628
1544193000,117.62,118.23,117.54,118.09,10402903
1544452200,117.7,117.94,117.42,117.68,8118110
1544538600,117.67,117.89,117.35,117.54,6395391
1544625000,117.7,117.95,117.6117,117.79,4136781
1544711400,117.54,117.62,117.26,117.53,4131770
1544797800,116.63,117.3,116.58,117.06,7501660
1545057000,117.37,118.03,117.35,117.87,8455007
1545143400,117.85,118.2,117.81,118.15,7542875
1545229800,118.24,118.96,117.4,117.43,13827509
1545316200,119.11,119.74,118.68,119.24,18615143
1545402600,119.19,119.25,118.57,118.72,13629830
1545661800,119.57,120.14,119.57,120.02,9736359
1545834600,120.62,120.995,119.57,119.66,14293459
1545921000,120.57,120.895,120.14,120.57,11874408
1546007400,120.8,121.08,120.72,121.06,6864842
1546266600,120.98,121.26,120.83,121.25,8449441
1546439400,121.35,121.75,120.88,121.33,12776155
1546525800,121.78,122.46,121.73,122.43,15440840
1546612200,121.32,121.6,120.69,121.44,13334368
1546871400,122.16,122.22,121.5731,121.86,7473641
1546957800,121.15,121.71,121.06,121.53,7643363
1547044200,121.45,122.335,121.44,122.31,10555933
1547130600,121.98,122.179,121.57,121.59,6672058
1547217000,121.74,122.05,121.66,121.8,8622666
1547476200,122.15,122.24,121.87,122.09,6477072
1547562600,122.28,122.38,121.62,121.88,7512779
1547649000,122.04,122.44,122.02,122.27,6878137
1547735400,122.03,122.26,121.81,122.11,8558523
1547821800,121.23,121.515,121.02,121.02,10896455
1548167400,121.18,121.5,120.9,121.45,7896668
1548253800,120.96,121.54,120.86,121.28,5224918
1548340200,121.16,121.36,120.92,121.09,5662490
1548426600,122.02,122.91,122.02,122.86,11103309
1548685800,122.75,123.29,122.7178,123.29,8522178
1548772200,123.71,124,123.46,123.98,11610204
1548858600,123.91,125.07,123.7,124.69,12104563
1548945000,125.18,125.23,124.62,124.75,10209516
1549031400,124.89,125.05,124.37,124.5,12485496
1549290600,123.99,124.29,123.82,123.96,6879187
1549377000,124.29,124.42,124.05,124.28,6291367
1549463400,124.16,124.1899,123.4,123.44,6595100
1549549800,123.8,123.95,123.4367,123.74,5935456
1549636200,124.05,124.33,123.9799,124.21,4235221
1549895400,123.19,123.82,123.19,123.6,4821904
1549981800,123.96,124.03,123.61,123.86,4271869
1550068200,123.84,124.55,123.31,123.37,7640509
1550154600,123.84,124.2,123.53,124.06,6276529
1550241000,124.59,125,124.18,124.8,12190104
1550586600,125.98,126.79,125.93,126.7,15614028
1550673000,127,127.21,126.31,126.48,8889665
1550759400,126.15,126.22,125.05,125.05,8634596
1550845800,125.53,125.95,125.39,125.5,5439375
1551105000,125.78,125.9,125.23,125.37,4882615
1551191400,125.33,125.6171,125.05,125.58,5153511
1551277800,125.17,125.226,124.4,124.69,7935647
1551364200,124.71,124.71,123.98,123.99,7811731
1551450600,123.48,123.96,121.87,121.88,16411743
1551709800,121.56,121.85,121.18,121.56,10272586
1551796200,121.38,121.73,121.03,121.72,7120090
1551882600,121.43,121.64,121.26,121.61,4819443
1551969000,121.27,121.71,121.18,121.51,6088768
1552055400,122.7,122.89,122.37,122.84,10427747
1552311000,122.52,122.54,121.92,122.24,6708655
1552397400,122.54,123.03,122.4,122.98,6289860
1552483800,123.56,123.88,123.425,123.84,7377297
1552570200,122.33,122.545,122.12,122.41,6778443
1552656600,123.06,123.4,122.9132,122.97,9412061
1552915800,123.3,123.3998,122.89,123.04,7781205
1553002200,123.72,123.79,123.34,123.38,6558693
1553088600,123.66,124.42,122.65,124.18,11304912
1553175000,124.36,124.37,123.11,123.68,7739775
1553261400,123.93,124.22,123.73,123.97,5874016
1553520600,124.56,125.11,124.4801,124.92,7288343
1553607000,124.48,124.51,124.07,124.3,5056224
1553693400,124.35,124.375,123.56,123.65,6595016
1553779800,122.28,122.355,121.705,121.9,11878328
1553866200,122.64,122.75,122.01,122.01,7094201
1554125400,122.4,122.43,121.46,121.53,13559963
1554211800,121.72,122.01,121.68,121.98,4475195
1554298200,121.73,122.01,121.675,121.8,6152734
1554384600,121.1,122.24,120.96,122.11,7508760
1554471000,121.88,122.13,121.6633,121.98,5114493
1554730200,122.97,123.0199,122.4,122.51,4271034
1554816600,123.26,123.35,123.03,123.15,4648392
1554903000,123.22,123.77,123.19,123.53,6344767
1554989400,122.54,122.75,121.79,121.95,11694503
1555075800,121.96,122.31,121.8,121.83,5272844
1555335000,121.2,121.82,121.095,121.6,4252774
1555421400,120.38,120.63,120.19,120.51,10097802
1555507800,120.46,120.51,120.195,120.28,4693864
1555594200,120.24,120.54,120.15,120.37,4090401
1555939800,120.46,120.5,120.27,120.37,2251185
1556026200,119.67,120.2,119.55,120.12,5574897
1556112600,120.06,120.72,120.04,120.47,4173034
1556199000,120.72,121.0962,120.5,120.57,4836857
1556285400,121.26,121.67,121.2199,121.37,6022715
1556544600,120.88,120.91,120.665,120.83,4469721
1556631000,120.89,121.36,120.85,121.2,4758567
1556717400,121.03,121.55,120.18,120.4,12331836
1556803800,119.69,120.11,119.54,119.94,6759844
1556890200,120.56,121.08,120.475,120.65,8414504
1557149400,120.61,121.12,120.54,120.81,3479563
1557235800,121.02,121.42,120.9067,121.21,4010654
1557322200,121.54,121.54,120.77,120.91,4178965
1557408600,120.96,121.62,120.86,121.2,5015785
1557495000,121.41,121.73,121.3,121.43,4586301
1557754200,122.63,122.85,122.325,122.67,11130908
1557840600,122.6,122.66,122.12,122.46,5556105
1557927000,122.71,122.765,122.2199,122.39,10298968
1558013400,122.03,122.0734,121.19,121.51,6349454
1558099800,121.03,121.06,120.33,120.65,6589382
1558359000,120.51,120.74,120.42,120.64,4345803
1558445400,120.08,120.36,119.83,120.36,3845702
1558531800,120.35,120.5,120.19,120.24,3741805
1558618200,120.82,121.52,120.77,121.17,6054721
1558704600,121.13,121.31,120.89,121.3,2324653
1559050200,120.8,120.84,120.46,120.83,4303495
1559136600,121.11,121.26,120.745,120.87,4133202
1559223000,120.96,121.69,120.8,121.69,7757033
1559309400,122.55,123.4,122.315,123.33,15367001
1559568600,124.09,125.34,123.9,125.11,14173636
1559655000,124.88,125.42,124.61,125.15,7997062
1559741400,126.18,126.37,125.24,125.47,7637880
1559827800,125.93,126.45,125.8,125.88,5551778
1559914200,126.79,127.25,126.32,126.59,8145853
1560173400,125.46,125.525,125.065,125.33,5409983
1560259800,124.94,125.4,124.884,125.18,4757841
1560346200,125.6,126.2,125.56,125.83,5756153
1560432600,126.03,126.77,125.9599,126.6,5374818
1560519000,127.21,127.63,126.26,126.56,9226446
1560778200,126.7,126.77,126.17,126.48,4763345
1560864600,127.58,127.75,126.39,127.12,10309646
1560951000,126.77,127.99,126.7,127.89,11660649
1561037400,130.41,131.49,130.185,131.11,18636339
1561123800,131.77,132.17,131.07,131.98,15068037
1561383000,132.77,134.035,132.58,133.94,17851801
1561469400,134.9,135.55,133.21,134.2,24772241
1561555800,132.99,133.55,132.41,132.97,12016402
1561642200,132.38,132.97,132.26,132.84,8412764
1561728600,133.05,133.34,132.61,133.2,8076966
1561987800,131.56,131.755,130.55,130.62,13369815
1562074200,131.27,133.63,131.16,133.41,13282139
1562160600,133.61,134.1,133.23,133.63,6351547
1562333400,131.46,132.32,130.81,132.14,11536581
1562592600,132.18,132.341,131.28,131.29,8028884
1562679000,131.43,132.1,131.1575,131.75,6633439
1562765400,132.94,133.87,132.35,133.83,13920593
1562851800,133.58,133.7,132.41,132.7,7535133
1562938200,132.89,133.69,132.53,133.53,6309451
1563197400,133.18,133.53,132.805,133.53,4026583
1563283800,133.18,133.3,132.13,132.4,7965981
1563370200,133,134.6,132.89,134.58,11288279
1563456600,133.83,136.63,133.61,136.48,18466488
1563543000,135.45,136.03,133.97,134.47,18079195
1563802200,134.56,134.82,134.32,134.45,7570898
1563888600,134.43,134.95,133.56,133.69,9981379
1563975000,134.59,134.84,133.98,134.37,6715167
1564061400,134.24,134.28,133.09,133.42,11708240
1564147800,134.24,134.29,133.59,133.64,6249928
1564407000,134.06,134.729,133.44,134.53,9162417
1564493400,134.76,135.18,134.41,134.98,9458733
1564579800,135.03,135.42,133.02,133.21,18797199
1564666200,132.42,136.43,132.305,136.41,27719822
1564752600,135.39,136.6,135.37,135.89,13753222
1565011800,137.93,138.64,137.05,137.79,17519817
1565098200,138.33,139.03,138.005,138.91,9471209
1565184600,141.28,142.47,140.88,141.02,26671092
1565271000,140.9,142.37,140.71,141.73,13108554
1565357400,141.28,142.03,140.96,141.26,9485912
1565616600,141.67,143.38,141.64,142.63,14864976
1565703000,143.17,143.285,139.35,141.78,29930394
1565789400,142.9,143.75,142.05,142.75,20672858
1565875800,142.96,144.02,142.61,143.7,13501099
1565962200,142.75,143.13,141.8,142.78,12184492
1566221400,141.33,141.79,140.85,141.11,10558366
1566307800,141.77,142.255,141.6,142.21,7479375
1566394200,141.62,142.17,141.46,141.76,8118733
1566480600,141.39,141.9,141.17,141.4,6847647
1566567000,141.84,144.33,141.64,144.17,20290539
1566826200,144.35,144.97,143.91,144.19,12200810
1566912600,144.3,145.68,144.27,145.57,12857588
1566999000,145.39,145.68,144.64,145.16,11454605
1567085400,145.4,145.49,143.28,144.12,14764572
1567171800,143.84,144.8822,143.02,143.75,9642584
1567517400,144.96,146.13,144.741,145.75,15627012
1567603800,145.54,146.82,145.5,146.66,11292000
1567690200,144.98,145.015,142,143.14,20297877
1567776600,143.64,144.06,141.86,141.92,14175216
1568035800,142.37,142.46,141.18,141.39,11323819
1568122200,141.23,141.525,140.16,140.18,12629208
1568208600,140.34,141.26,140.28,141.03,7453049
1568295000,142.68,143.1,141.11,141.32,12673707
1568381400,141.73,141.99,140.06,140.15,13451701
1568640600,141.6,142.05,141.02,141.32,8094567
1568727000,141.82,142.11,141.2237,141.6,7046430
1568813400,141.93,142.53,139.81,140.71,15071647
1568899800,141.57,141.74,141.0851,141.28,8062589
1568986200,141.61,143.03,141.46,142.95,12276521
1569245400,143.22,143.94,143.07,143.75,9036267
1569331800,143.21,144.77,142.88,144.51,10620690
1569418200,144.08,144.29,141.44,141.83,11997855
1569504600,142.19,142.57,141.56,141.79,8803139
1569591000,140.35,141.68,140.16,141.06,9665953
1569850200,139.77,140.21,138.03,138.87,15530068
1569936600,138.07,140.19,137.8,139.63,12502406
1570023000,140.79,141.88,140.462,141.26,11944623
1570109400,141.36,143.25,141.29,141.9,12407863
1570195800,141.48,142.31,141.14,141.9,9689966
1570455000,141.16,141.7709,140.24,140.69,6162696
1570541400,142.03,142.29,141.17,141.92,10485490
1570627800,142.16,142.58,141.62,142.05,7052811
1570714200,141.59,141.66,140.578,140.81,9331584
1570800600,139.97,140.19,138.91,140.03,11425535
1571059800,140.45,140.82,140.34,140.59,4009169
1571146200,140.27,140.3,139.21,139.61,9131732
1571232600,140.14,140.53,139.6988,140.41,10363893
1571319000,140.5,141.12,140.42,140.61,6224288
1571405400,140.5,140.71,140.32,140.46,6416213
1571664600,140.72,140.76,139.6,139.79,8314307
1571751000,140.13,140.3,139.72,140.2,3885045
1571837400,140.59,141,140.5,140.53,4160001
1571923800,141.02,141.74,140.93,141.53,6275566
1572010200,142.79,142.83,141.4,141.86,6011459
1572269400,141.25,141.25,140.4004,140.64,5442028
1572355800,140,140.63,139.78,140.25,3835427
1572442200,140.54,141.04,139.55,141.02,6992869
1572528600,141.98,142.69,141.89,142.43,7050926
1572615000,142.21,142.9,142.01,142.56,8089975
1572877800,142.26,142.45,141.7446,142.15,4740282
1572964200,140.65,140.89,139.38,139.85,11782250
1573050600,140.12,140.79,140,140.45,6416469
1573137000,140.11,140.2,137.6,138.27,15214223
1573223400,137.73,138.33,137.39,137.39,10378201
1573482600,137.61,137.79,136.435,137.06,7038053
1573569000,137.03,137.59,136.19,137.43,6451809
1573655400,137.8,138.22,137.64,137.98,8809752
1573741800,138.39,138.94,137.8685,138.56,5220927
1573828200,138.03,138.4208,137.971,138.21,10106940
1574087400,138.44,138.85,138.3,138.62,5722188
1574173800,138.13,138.9716,138.13,138.69,4825641
1574260200,138.53,139,138.1,138.76,6894534
1574346600,138.39,138.56,137.77,138,4197208
1574433000,138.37,138.46,137.66,137.74,3620534
1574692200,137.32,137.62,136.99,137.08,6418042
1574778600,136.98,137.8,136.58,137.74,4725594
1574865000,137.03,137.21,136.83,137.01,4113152
1575037800,137.1,138.1341,137.08,137.86,4516421
1575297000,137.32,138.09,137.3,137.79,8297366
1575383400,139.04,139.57,138.97,139.11,8502789
1575469800,139.16,139.165,138.59,138.92,6326512
1575556200,138.8,139.45,138.79,139,5674471
1575642600,137.76,137.8262,137.4,137.62,8748968
1575901800,137.8,137.81,137.45,137.58,2814342
1575988200,138.25,138.33,137.74,137.97,3241771
1576074600,138.2,139.3,138.1201,138.92,6117701
1576161000,139.78,139.85,137.88,138.43,8816618
1576247400,138.52,139.21,137.98,139.05,6979801
1576506600,139.2,139.39,138.8,139.04,4647211
1576593000,139.02,139.3,138.851,139.01,4288118
1576679400,138.86,139.25,138.81,139.02,3608069
1576765800,139.04,139.55,138.87,139.38,4975164
1576852200,139.37,139.52,138.98,139.52,4481503
1577111400,139.53,139.96,139.53,139.95,5182388
1577197800,140.44,141.33,140.43,141.27,5303698
1577370600,142.06,142.47,141.9062,142.38,8343019
1577457000,142.26,142.73,142.17,142.33,5120441
1577716200,142.56,142.8,142.46,142.63,4812117
1577802600,143.31,143.605,142.8,142.9,5314467
1577975400,143.86,144.21,143.4,143.95,7736828
1578061800,145.75,146.32,145.4,145.86,12285501
1578321000,148.44,148.48,146.95,147.39,14409912
1578407400,147.57,148.14,147.43,147.97,8401088
1578493800,148.49,148.61,146.14,146.86,22276323
1578580200,146.07,146.41,145.44,146.03,10304334
1578666600,146.22,146.99,146.17,146.91,6183992
1578925800,146.35,146.38,145.78,145.82,7603649
1579012200,145.42,145.81,145.082,145.69,6607124
1579098600,146.21,146.73,145.82,146.54,6510029
1579185000,146.27,146.4658,145.755,146.31,6069101
1579271400,146.51,146.99,146.31,146.58,11121140
1579617000,145.77,146.86,145.551,146.74,6086149
1579703400,146.68,146.81,146.38,146.79,4778186
1579789800,147,147.62,146.62,147.12,8419778
1579876200,146.9,148.38,146.89,147.98,9919871
1580135400,149.24,149.32,148.4575,148.99,9988069
1580221800,148.36,148.56,147.53,147.66,7543088
1580308200,147.7,148.56,147.61,148.46,5023827
1580394600,148.69,149.31,148.01,148.47,9119545
1580481000,148.88,149.68,148.81,149.33,14788263
1580740200,148.66,148.78,147.6802,148.36,9115075
1580826600,146.97,147.03,145.8,146.43,10525585
1580913000,146.38,146.81,146.16,146.61,6160661
1580999400,147.28,147.63,147,147.4,4819778
1581085800,147.83,148.18,147.335,147.79,6379311
1581345000,148.21,148.4464,147.91,148.17,5793599
1581431400,148.03,148.16,147.01,147.66,5179392
1581517800,147.42,147.81,147.1567,147.54,5040584
1581604200,148.24,148.58,147.9501,148.38,7082098
1581690600,148.74,149.13,148.63,149,5345393
1582036200,149.88,151.09,149.47,150.91,11527580
1582122600,151,151.82,150.815,151.79,9269784
1582209000,152,152.83,151.95,152.41,8457348
1582295400,154.43,155.2219,154.18,154.7,16353292
1582554600,158.5,158.53,155.36,156.09,27170954
1582641000,155.12,156.08,152.91,153.3,28091497
1582727400,153.82,155.28,152.9,153.97,17983155
1582813800,155.58,156.27,153.9,154,27878524
1582900200,152.71,152.77,147.05,148.38,42707124
1583159400,150,150.73,149.04,149.2,16295360
1583245800,150.84,155.24,150.735,153.89,28687689
1583332200,154.4,154.96,153.7,154.16,12315472
1583418600,156.06,157.62,155.72,157.49,17973475
1583505000,158.33,159.25,154.54,157.55,26973448
1583760600,158.6,159.37,156.33,157.81,24868674
1583847000,156.18,156.41,154.39,154.48,18811547
1583933400,156.25,156.5,153.61,153.93,18353302
1584019800,151.53,151.55,146.85,147.79,32893430
1584106200,149.42,149.6,141.58,143.28,35177244
1584365400,137.56,142.96,136.12,141.64,24495962
1584451800,140.18,146.2,139.93,143.56,24490276
1584538200,141.75,142.88,138.5,140.7,21953448
1584624600,139.08,140.5,137.8503,138.04,20828884
1584711000,140.71,141.17,139.14,140.11,20056048
1584970200,142.675,146.93,142.28,146.3,28275212
1585056600,153.5,155.66,152.05,153.4,20743472
1585143000,152.58,152.878,151.01,151.3,16457183
1585229400,153.3107,154.81,152.08,153.24,12778782
1585315800,153,153.55,152,152.25,9824572
1585575000,152.41,153.08,151.57,152.92,12080881
1585661400,151.36,151.8,147.97,148.05,13319495
1585747800,148.2,150.08,147.85,149.45,11827400
1585834200,151.2,152.5,150.7,151.9,9188303
1585920600,152.23,153.09,151.66,152.65,8469099
1586179800,154.16,157.22,153.96,156.88,14739272
1586266200,155.33,156.14,154.38,156.04,9195370
1586352600,155.91,155.94,154.59,154.65,7600804
1586439000,158.08,159.08,157.21,158.69,18123039
1586784600,159.17,162.38,158.625,161.41,20549213
1586871000,162.73,164.42,161.78,162.68,17095086
1586957400,161.8,162.54,160.8061,161.85,12141890
1587043800,161.88,163.15,160.65,161.71,9233164
1587130200,159.72,160.07,158.12,158.57,14652737
1587389400,158.62,160.22,158.46,159.7,10688689
1587475800,157.6,159.21,157.04,158.61,12478080
1587562200,160.5,161.74,160.42,161.73,12937093
1587648600,162.39,163.6,161.84,163.34,14928503
1587735000,163.13,163.31,160.89,162.64,11203587
1587994200,161.88,162,160.41,161.56,9033533
1588080600,160.89,160.98,159.16,160.84,10382975
1588167000,160.1,161.85,159.76,161.73,12232348
1588253400,160.22,160.82,158.13,158.8,13633483
1588339800,158,160.45,157.8,159.78,10914334
1588599000,160.33,160.95,159.91,160.34,7986191
1588685400,160.16,161.1,159.33,161.02,10563066
1588771800,158.99,159.81,158.1,158.95,13351959
1588858200,159.5,161.96,159.36,161.39,13696493
1588944600,161.08,162,160,160.42,12244561
1589203800,160.34,160.71,158.89,159.42,11209822
1589290200,160.3,160.95,159.72,160.04,10405991
1589376600,160.94,161.62,160.54,161.58,10950397
1589463000,161.53,163.34,161.51,163.01,17084368
1589549400,164.02,164.8,163.08,163.93,13918816
1589808600,164.33,164.495,162.4102,162.69,14137907
1589895000,163.6,164.43,163.04,164.26,8531719
1589981400,164.54,164.9599,163.89,164.65,10666071
1590067800,163.46,163.58,161.37,162.25,11790992
1590154200,162.88,163.47,162.74,163.21,8540909
1590499800,162.58,162.58,160.69,160.89,13972012
1590586200,159.42,161.34,159.2,161.18,13063451
1590672600,162.12,162.4598,160.9,161.72,9761610
1590759000,162.58,163.4,162.32,162.91,12584009
1591018200,162.9235,163.74,162.39,163.66,8155048
1591104600,163.89,164.08,161.86,162.6,10388908
1591191000,160.34,160.9,158.82,159.6,17000510
1591277400,161.14,161.87,159.84,161.28,10094024
1591363800,158.72,158.72,157.035,158.01,16021182
1591623000,158.9,159.8599,158.47,159.72,9244440
1591709400,161.1,161.775,160.87,161.26,9045618
1591795800,162.1,163.63,160.52,163.57,13009343
1591882200,163.35,164.06,161.9701,162.39,11673902
1591968600,163.41,163.88,162.56,162.62,6895361
1592227800,160.52,162.56,160.16,162.33,8538826
1592314200,161.85,162.685,161.36,162.25,7969781
1592400600,162,162.62,161.77,162.56,4758210
1592487000,162.1965,162.32,161.44,162.24,5397628
1592573400,162.87,164.09,162.78,164.03,12187390
1592832600,165.06,165.73,164.41,165.09,12385635
1592919000,165.63,166.52,165.52,166.48,12137343
1593005400,166.01,166.99,165.45,165.9,10901444
1593091800,165.89,165.91,165.16,165.8,7093774
1593178200,164.87,166.56,164.22,166.54,9753492
1593437400,166.56,166.8,166.18,166.63,6735695
1593523800,166.31,167.9906,166.185,167.37,12762295
1593610200,167.05,167.06,165.34,166.62,13214759
1593696600,166.2,167.24,166.02,166.98,8753455
1594042200,167.75,168,167.1901,167.98,7265701
1594128600,167.41,169.04,167.38,169.04,11633122
1594215000,170.32,170.8558,169.7827,170.09,11662726
1594301400,170.48,170.635,168.78,169.63,13327389
1594387800,169.95,170.15,168.57,169.19,8218013
1594647000,170.29,170.42,169.16,169.4,11095948
1594733400,168.97,170.2,168.8141,170.19,9812736
1594819800,169.62,170.43,169.39,170.34,7533752
1594906200,169.8,169.995,168.65,168.73,10242371
1594992600,169.94,170.27,169.605,170.12,10296037
1595251800,170.76,171.07,170.27,170.94,10095548
1595338200,172.53,173.25,172.31,173,12864620
1595424600,174.05,175.77,173.76,175.63,18712467
1595511000,176.17,178.41,175.65,177.18,23006824
1595597400,179.14,179.16,178.2,178.7,15601327
1595856600,181.85,182.83,181.53,182.23,21115604
1595943000,182.02,184.26,181.42,183.75,21164633
1596029400,184.0089,186.14,182.39,185.13,25640100
1596115800,183.44,184.33,182.13,183.76,18061227
1596202200,184.51,185.7501,184.165,185.43,15885010
1596461400,185.05,185.82,184.2,185.64,12896999
1596547800,185.61,189.6,185.21,189.59,20773210
1596634200,191.65,193.13,190.62,191.35,27193718
1596720600,193.74,194.4499,192.5207,193.89,20640119
1596807000,192.705,192.96,189.33,190.81,24570160
1597066200,191.2,192.61,189.66,190.15,19047223
1597152600,183.57,183.98,179.43,179.94,45354997
1597239000,182.61,183.1,179.04,179.1,28779419
1597325400,181.56,184.7,181.36,183.33,18596773
1597411800,183.44,183.72,181.49,182.54,11791981
1597671000,184.69,187.01,184.66,186.5,15709818
1597757400,189.18,189.4,185.63,188.18,16291627
1597843800,187.21,187.46,181.71,182.24,24646942
1597930200,181.19,183.71,180.93,183.5,16692201
1598016600,182.14,182.81,180.47,182.03,12713741
1598275800,182.91,182.925,180.685,181,11605788
1598362200,181.06,181.25,179.731,181.22,10056066
1598448600,180.26,183.58,180.2,183.36,12715762
1598535000,185,185.17,179.37,181.24,16299207
1598621400,183.98,185.4,183.4046,184.39,13200826
1598880600,184.79,185.53,184.28,184.83,10251152
1598967000,186.99,186.99,184.33,185.05,10689058
1599053400,183.75,183.86,181.5,182.62,11536946
1599139800,182.3,182.82,180.49,181.14,12176904
1599226200,180.95,182.1,180.05,181.64,11567864
1599571800,179.5,182.27,179.02,181.29,13229196
1599658200,182.5,183.22,182.19,183.05,8424118
1599744600,184.23,184.68,182.28,182.46,9143612
1599831000,183.14,183.5499,182.005,182.45,7662287
1600090200,183.57,184.3,183.39,183.89,9709501
1600176600,184.46,184.67,182.92,183.45,7993693
1600263000,184.98,185.01,183.33,183.97,12717630
1600349400,181.92,183.09,181.48,182.96,8836188
1600435800,183.07,184.09,182.64,183.2,9959667
1600695000,179.84,180.29,176.75,179.52,17436121
1600781400,179.63,180.02,178.11,178.65,7977916
1600867800,176.98,177.26,174.1,174.79,18134030
1600954200,174.36,176.235,173.77,175.44,11759192
1601040600,174.41,175.3,173.89,174.94,6779192
1601299800,175.83,176.805,175.09,176.7,7109746
1601386200,177.19,178.33,176.95,178.19,8762004
1601472600,177.71,178.61,176.66,177.12,8371844
1601559000,178.71,179.5,178.0375,178.7,10402833
1601645400,178.69,179.29,178.16,178.54,7488503
1601904600,179.02,180.14,178.9,179.41,6969605
1601991000,180.16,180.37,177.0513,177.3,8632761
1602077400,177.09,177.42,176.43,177.22,6410899
1602163800,178.18,178.45,176.67,177.85,6530845
1602250200,180.13,181.17,179.93,181.08,15979775
1602509400,180.57,180.83,180.19,180.56,4842997
1602595800,178.5633,178.6,177.1,177.72,8384295
1602682200,179.09,179.59,178.27,178.27,9100896
1602768600,177.71,179.15,177.59,178.92,6821291
1602855000,179.22,179.32,178.13,178.3,7262158
1603114200,179.41,179.475,178.37,178.39,6084398
1603200600,178.54,179.67,178.08,179.25,7124678
1603287000,180.47,181.31,180.23,180.6,7548086
1603373400,178.8767,179.027,177.72,178.83,8376974
1603459800,179.09,179.2,177.76,178.64,5919276
1603719000,178.75,179.14,178.22,178.55,5105103
1603805400,178.71,179.43,178.51,179.02,5826871
1603891800,176.45,176.85,175.44,176.13,11734083
1603978200,175.02,176.14,174.83,175.4,8474453
1604064600,177.18,177.36,175.95,176.2,7304589
1604327400,177.4499,177.925,177.1301,177.91,6498368
1604413800,178.95,179.39,178.3,178.92,7577092
1604500200,178.93,179.19,177.66,178.82,11117259
1604586600,181,183.285,180.97,182.93,16102775
1604673000,183.4,183.53,182.19,183.19,10378266
1604932200,176.42,176.45,173.64,175.08,29800706
1605018600,176.75,176.91,175.66,175.66,11728459
1605105000,174.695,175.28,174.435,174.9,9008471
1605191400,176.04,176.765,175.84,175.96,7182263
1605277800,177.65,177.8,176.84,177.16,6470910
1605537000,177.23,177.91,176.87,177.15,8358474
1605623400,177.25,177.44,176.0903,176.5,8229142
1605709800,176.26,176.86,175.35,175.49,7384661
1605796200,174.3,175.22,174.17,175.16,6965056
1605882600,176.12,176.38,175.58,175.69,6380936
1606141800,175.1,175.24,171.78,172.23,15510552
1606228200,169.3,169.69,168.86,169.59,19503992
1606314600,169.975,170.52,169.24,169.51,10286575
1606487400,166.9,167.8298,166.78,167.79,10569141
1606746600,166.68,167.43,166.03,166.67,13209977
1606833000,169.76,170.48,169.3,170.18,13555209
1606919400,170.57,171.76,170.15,171.46,9199741
1607005800,172.64,172.85,171.08,172.81,10457274
1607092200,172.78,173.32,171.59,172.32,10098639
1607351400,172.56,175.29,172.51,174.89,10555101
1607437800,175.51,175.93,174.72,175.5,6348418
1607524200,173.92,174.0399,171.24,172.5,10743185
1607610600,172.9,173.58,171.7,172.17,6564030
1607697000,172.25,173.32,172.11,172.49,6084848
1607956200,171.91,172.52,170.91,171.54,7644419
1608042600,173.43,173.9799,173.055,173.94,6848629
1608129000,174.13,175.015,173.02,174.9,8174737
1608215400,177.15,177.87,176.575,176.74,9475790
1608301800,176.65,176.98,176.1,176.44,6789888
1608561000,176.29,176.94,175.76,175.88,8168924
1608647400,176.2,176.34,174.34,174.49,9447403
1608733800,175.1,176.21,175.06,175.65,6542767
1608820200,175.55,176.37,175.5145,176.35,3695443
1609165800,177.26,177.91,175.625,175.71,7778685
1609252200,176.25,176.97,175.57,176.35,5983741
1609338600,176.44,177.72,176.44,177.7,5914039
1609425000,178.07,178.4,177.32,178.36,7540757
1609770600,181.97,182.4,180.955,182.33,14331436
1609857000,182.87,183.21,181.8239,182.87,12718753
1609943400,181.49,181.58,178.24,179.9,18453495
1610029800,179.69,179.92,178.84,179.48,7110214
1610116200,176.83,176.9899,171.48,173.34,24399895
1610375400,172.14,173.68,172.03,173,8579195
1610461800,173.13,174.18,172.32,174.12,9798480
1610548200,173.68,174.46,173.05,173.37,14110299
1610634600,173.44,174.22,172.655,173.28,13522670
1610721000,172.8437,173.07,170.975,171.13,16172494
1611066600,172.71,172.85,171.92,172.58,7485700
1611153000,174.37,175.467,173.82,175.39,9456038
1611239400,175.11,175.51,174.51,175.28,7250164
1611325800,172.89,174.29,172.35,173.9,7269592
1611585000,174.8199,174.96,173.19,174.05,5936770
1611671400,173.98,174.26,173.4202,173.62,4685568
1611757800,172.93,173.52,171.66,172.52,9036528
1611844200,174.28,174.73,172.04,172.68,9392363
1611930600,174.87,175.1633,172.61,172.61,11252816
1612189800,175.02,175.26,174.06,174.23,9079082
1612276200,172.49,172.53,171.51,172.11,7221689
1612362600,172.36,172.5901,171.5,171.85,4658060
1612449000,168.29,168.395,167.34,168.15,13736624
1612535400,168.99,170.18,168.67,169.81,6538458
1612794600,171.9799,172.4,171.49,171.52,6887535
1612881000,172.57,173.03,171.75,172.08,5131799
1612967400,173.15,173.22,172.01,172.71,6112812
1613053800,172.7,172.871,170.71,171.21,5994522
1613140200,170.29,171.65,169.88,170.69,6018930
1613485800,168.14,170.065,167.73,168.24,14761087
1613572200,166.92,167.34,165.85,166.33,11425421
1613658600,166.98,167.3,165.73,166.32,7498157
1613745000,166.76,167.94,166.6,167.01,8273502
1614004200,168.54,169.89,168.3,169.51,10083290
1614090600,169.48,169.74,168.28,169.12,8616789
1614177000,167.65,169.14,167.15,169,8890612
1614263400,166.92,167.66,165.45,165.82,16359418
1614349800,165,165.1,160.95,161.81,23730391
1614609000,163.03,163.35,161.16,161.53,13828347
1614695400,161.93,162.925,161.22,162.41,11424608
1614781800,160.61,161.69,159.485,160.62,13059936
1614868200,160.6,161.455,158.43,159.04,13870077
1614954600,159.66,159.82,158.55,159.14,12068139
1615213800,158.58,158.74,157.1297,157.49,12134854
1615300200,160.75,161.2521,160.415,160.84,10382555
1615386600,161.06,161.78,160.66,161.66,7962003
1615473000,161.47,161.98,161.12,161.52,6749209
1615559400,159.54,161.69,159.35,161.49,8608514
1615815000,162.305,162.55,161.43,162.2,8110140
1615901400,162.36,163.2,161.81,162.35,7547417
1615987800,162.268,164.15,161.48,163.51,12626689
1616074200,161.15,162.82,161.11,162.56,8731762
1616160600,162.56,163.43,162.4299,163.24,6868892
1616419800,162.27,163.13,162.16,163,5239970
1616506200,162.45,162.49,161.592,161.81,6048301
1616592600,162.21,162.89,161.94,162.37,6183666
1616679000,163.0599,163.5799,161.32,161.78,8398596
1616765400,161.71,162.73,161.6499,162.24,6153894
1617024600,161.46,161.52,159.83,160.31,8409316
1617111000,157.94,158.2,157.55,157.57,8353246
1617197400,158.06,160.68,158.05,159.96,10623771
1617283800,161.56,162.11,161.28,161.98,7105228
1617629400,161.52,162.4047,161.36,161.92,6163799
1617715800,162.79,163.53,162.75,163.22,6761166
1617802200,162.82,163.31,162.5,162.76,5436014
1617888600,164.1679,164.77,164.14,164.51,6574524
1617975000,162.75,163.66,162.48,163.27,6657898
1618234200,162.73,162.8,161.81,162.28,4896669
1618320600,163.18,163.85,163.03,163.43,6995903
1618407000,162.77,163.05,162.3,162.72,6312296
1618493400,164.07,165.79,164.03,165.35,8250646
1618579800,166.24,166.811,165.94,166.35,10057602
1618839000,165.91,166.44,165.72,165.89,5721727
1618925400,165.65,166.81,165.62,166.48,6531979
1619011800,167.18,168.39,167.15,168.13,8380178
1619098200,167.11,167.53,166.4901,167.04,7680140
1619184600,167.37,167.53,165.78,166.4,7107484
1619443800,166.63,166.865,166.05,166.84,4786613
1619530200,166.92,167.15,166.28,166.42,5363499
1619616600,165.75,166.96,165.49,166.91,6932217
1619703000,165.58,166.26,164.47,166.22,9067627
1619789400,165.86,166,165.24,165.66,6248711
1620048600,167.61,168.43,167.41,167.81,9014708
1620135000,167.69,168.55,165.5,166.58,10267411
1620221400,166.63,167.31,166.61,167.27,5949985
1620307800,167.95,170.29,167.92,170.06,13574072
1620394200,171.53,172.5501,171,171.59,14748628
1620653400,172.74,172.84,171.78,172.11,8276584
1620739800,170.5582,172.17,170.27,172.14,8348213
1620826200,171.4321,171.835,170.345,170.43,12666262
1620912600,170.35,171.27,170.225,171.13,8078266
1620999000,172.05,172.7,171.82,172.69,9686777
1621258200,173.3,175,173.28,174.7,11956831
1621344600,175.18,175.21,174.46,175.04,7294010
1621431000,175.14,177,174.345,175.16,20741106
1621517400,175.32,176.46,175.11,175.96,9802799
1621603800,176.58,176.8602,175.145,176.04,7677190
1621863000,176.15,176.59,175.87,176.35,5557339
1621949400,176.15,177.95,176.04,177.95,8986945
1622035800,178.368,178.61,177.04,177.64,8495383
1622122200,177.39,177.82,176.81,177.71,7992951
1622208600,177.46,178.43,177.2411,178.38,9968324
1622554200,178.76,178.85,177.19,177.9,9143250
1622640600,178.34,178.78,177.97,178.77,6613106
1622727000,175.83,175.83,174.66,175.27,10153899
1622813400,176.65,177.57,176.61,177.16,8375264
1623072600,176.96,177.9,176.63,177.87,7709094
1623159000,177.23,177.54,176.37,177.32,5905832
1623245400,177.38,177.8,176.78,176.98,6346094
1623331800,176.7,177.85,176.48,177.74,9896612
1623418200,176.33,176.57,175.48,175.74,7836860
1623677400,173.16,175.06,172.95,174.71,7733645
1623763800,174.78,174.915,173.34,174.05,7550154
1623850200,173.91,174.465,171.03,171.11,16919749
1623936600,167.02,167.615,165.44,165.85,27232236
1624023000,166.14,166.72,164.87,164.93,15744310
1624282200,166.52,167.2218,166,166.95,8370991
1624368600,166.35,166.915,166.01,166.25,7223919
1624455000,166.97,168.03,165.97,166.14,8474276
1624541400,167,167.23,166.01,166.04,6903352
1624627800,167.45,167.525,166.29,166.59,7473679
1624887000,166.68,166.91,166.3575,166.58,6508902
1624973400,164.34,165.2782,164.01,164.83,7451415
1625059800,164.57,166.1,164.29,165.63,7955839
1625146200,166.65,166.88,165.5,166.2,7430497
1625232600,167.35,167.715,166.4,167.29,7873574
1625578200,169.27,169.65,167.54,168.12,7932050
1625664600,168.72,169.23,168.19,168.76,7108909
1625751000,169.82,169.855,167.91,168.65,7244275
1625837400,168.84,169.62,168.66,169.21,4997398
1626096600,168.7,169.16,167.64,169,7315422
1626183000,169.51,169.9,168.93,169.22,7040277
1626269400,170.91,171.04,170.28,171.04,8830335
1626355800,170.89,171.3,170.34,171.07,6520126
1626442200,170.65,170.95,169.28,169.41,9460348
1626701400,169.51,169.91,168.89,169.61,6707365
1626787800,170.51,170.8,168.92,169.39,6540058
1626874200,168.33,169,168.14,168.76,4622581
1626960600,168.49,169.191,168.06,169.09,4793605
1627047000,168.5,168.88,167.95,168.56,5831463
1627306200,168.58,168.86,168.08,168.16,5229817
1627392600,168.73,168.905,167.93,168.44,6300183
1627479000,168.26,169.38,167.72,169.29,7905846
1627565400,170.7,171.52,170.67,171.17,8119591
1627651800,170.72,170.99,169.38,169.82,7391706
1627911000,169.3,170.245,169.1,169.61,10783240
1627997400,169.42,169.83,169.21,169.49,5402340
1628083800,171.28,171.4,168.99,169.53,9796349
1628170200,169.37,169.4371,168.203,168.86,7893245
1628256600,165.84,165.93,164.55,164.64,13547643
1628515800,163.01,163.295,161.26,161.72,11546973
1628602200,161.39,162.11,160.68,161.77,6870766
1628688600,163.15,164.17,162.68,164,7382417
1628775000,163.65,164.1,162.9335,164.04,5222080
1628861400,165.02,166.46,164.89,166.39,7466887
1629120600,166.73,167.39,166.59,167.22,7781796
1629207000,167.29,167.73,166.56,166.97,7106992
1629293400,167.24,167.51,166.26,167.1,7697931
1629379800,167.24,167.29,166.16,166.61,6934268
1629466200,166.8,167.14,166.36,166.7,7154348
1629725400,168.82,168.91,167.96,168.73,8190548
1629811800,169.04,169.27,168.52,168.65,4519173
1629898200,167.88,167.92,166.74,167.48,5588751
1629984600,167.21,168.21,166.83,167.67,4371866
1630071000,167.58,170.19,166.87,170.19,10036431
1630330200,169.66,169.835,169.09,169.35,3768628
1630416600,169.23,169.92,168.75,169.69,6336002
1630503000,169.94,170,169.16,169.7,4764866
1630589400,169.5,169.63,168.82,169.25,4601128
1630675800,170.59,171.55,170.15,171.06,8353646
1631021400,169.56,169.78,167.63,167.71,10007697
1631107800,168.02,168.08,166.7,167.29,6575990
1631194200,168.17,168.28,166.83,168.03,6641424
1631280600,167.81,168.08,167.145,167.18,7426272
1631539800,167.45,168.22,167.395,167.74,5474323
1631626200,168.22,169.16,167.48,168.82,7922917
1631712600,168.1332,168.36,167.45,167.83,5624883
1631799000,164.38,164.44,163.233,164.03,11780399
1631885400,163.86,164.32,163.4,163.77,8369679
1632144600,164.29,165.28,164.07,164.94,7566577
1632231000,165.81,166.63,165.49,166.04,7181458
1632317400,165.89,167.15,165.03,165.42,9777794
1632403800,164.1,164.2,163.27,163.51,8451899
1632490200,163,164,162.74,163.3,6937521
1632749400,163.85,164.3608,163.51,163.64,4942989
1632835800,162.73,162.82,161.73,162.05,9282755
1632922200,162.35,162.74,160.97,161.32,8360656
1633008600,162.66,164.95,162.34,164.22,10574824
1633095000,164.27,164.96,163.885,164.59,6654686
1633354200,163.69,165.54,163.47,165.36,7651658
1633440600,163.94,164.85,163.49,164.59,5617283
1633527000,164.23,165.06,164.1531,165.03,6067156
1633613400,164.02,164.8507,163.96,164.16,4791505
1633699800,166.32,166.42,164.135,164.23,8536109
1633959000,164.04,164.58,163.91,163.92,3820087
1634045400,164.5701,165.44,164.31,164.66,5453049
1634131800,165.28,167.92,165.28,167.59,11118291
1634218200,168.19,168.22,167.71,168,5083847
1634304600,165.39,166.09,165.1,165.33,8699223
1634563800,165.42,165.59,164.81,164.92,4029594
1634650200,166.5,166.5,165.2001,165.45,6588473
1634736600,166.21,167.11,165.9258,166.9,5022036
1634823000,166.7,166.94,166.24,166.75,4412389
1634909400,168.67,169.54,166.67,167.77,10703927
1635168600,168.66,169.21,168.53,168.93,4881346
1635255000,167.88,167.91,166.63,167.68,6658890
1635341400,167.73,168.2,166.86,168.12,5823080
1635427800,168.98,169.25,167.53,168.08,7000717
1635514200,166.29,166.73,165.64,166.65,7531872
1635773400,167.38,167.84,166.91,167.52,4975560
1635859800,167.43,167.63,166.963,167.16,3760736
1635946200,165.34,165.95,164.38,165.77,9055208
1636032600,167.51,168.14,167.37,167.65,6656097
1636119000,168.42,169.94,167.85,169.84,9368948
1636381800,170.43,170.7,170.06,170.45,4966135
1636468200,170.73,171.31,170.12,171.29,5781180
1636554600,173.67,174.65,172.11,173.15,11461779
1636641000,173.98,174.27,173.74,174.12,5959640
1636727400,173.51,174.67,173.4,174.45,7894848
1636986600,174.1,174.59,173.69,174.18,5630808
1637073000,173.97,174.48,172.86,172.92,8667323
1637159400,174.24,174.605,173.89,174.5,6523061
1637245800,173.96,174.36,173.53,173.94,6253445
1637332200,173.69,174.1,172.235,172.61,8787253
1637591400,169.9,170.44,168.42,168.74,13100511
1637677800,167.28,167.6,166.53,167.28,8053370
1637764200,166.5825,167.44,166.32,167.12,5359457
1637937000,168.6,168.64,166.37,166.85,9605192
1638196200,166.84,167.255,166.38,166.62,7394940
1638282600,167.77,169.01,165.37,165.5,12925270
1638369000,166.84,167.47,166.06,166.16,7825484
1638455400,165.89,165.9405,164.63,165.24,9604118
1638541800,165.49,166.93,165,166.63,9507938
1638801000,166.14,166.8,165.93,166.22,4813624
1638887400,166.2,167.08,166.18,166.81,4900713
1638973800,166.51,166.96,166.28,166.9,4288935
1639060200,166.54,166.58,165.65,165.88,4913771
1639146600,166.72,166.915,166.18,166.58,6450614
1639405800,166.9,167.255,166.67,167,6610673
1639492200,165.34,166.14,165.16,165.44,8637879
1639578600,165.27,166.4,163.8,166.15,14231184
1639665000,167.01,168.18,166.94,168.16,11186197
1639751400,168.73,169.125,167.78,167.8,9867792
1640010600,167.88,168,167.06,167.09,6972959
1640097000,167.69,167.7754,166.74,167.02,4548504
1640183400,167.58,168.64,167.11,168.59,4672941
1640269800,168.69,169.16,168.01,168.97,4551124
1640615400,168.96,169.42,168.78,169.37,4763297
1640701800,169.33,169.65,168.62,168.64,4545714
1640788200,167.36,168.69,167.28,168.59,5889714
1640874600,168.43,169.81,168.37,169.8,5426311
1640961000,170.53,171.04,170.04,170.96,7039330
1641220200,168.86,169.01,168,168.33,9014423
1641306600,168.9,169.72,168.73,169.57,6965598
1641393000,170.62,170.93,168.9,169.06,8715585
1641479400,167.16,167.75,166.86,166.99,10902661
1641565800,167.37,168.01,166.86,167.75,8191936
1641825000,167.36,168.3,167.31,168.26,7026475
1641911400,168.44,170.31,168.37,170.29,8368980
1641997800,170.19,170.75,170.01,170.74,6280745
1642084200,170.09,170.22,169.27,170.16,7034202
1642170600,170.22,170.56,169.4796,169.67,7865900
1642516200,169.6401,170.005,169.09,169.39,9323046
1642602600,170.3919,172.1895,170.2,172.08,15784477
1642689000,172.31,172.5999,171.585,171.65,9570477
1642775400,172.04,172.12,170.74,171.09,10982517
1643034600,171.78,172.14,170.85,172.03,15735970
1643121000,171.95,173.1499,171.775,172.58,17382097
1643207400,171.39,171.725,169.48,169.79,17799403
1643293800,168.02,169.09,167.325,167.6,15875306
1643380200,166.56,167.46,166.365,167.1,9782484
1643639400,167.79,168.14,167.46,168.09,8539265
1643725800,168.57,168.85,167.87,168.23,9763909
1643812200,168.34,169.12,168.155,168.84,9085285
1643898600,168.31,168.82,167.03,168.6,10650800
1643985000,168.04,169.1,167.99,168.86,9619611
1644244200,169.45,170.3,169.19,170.11,7796866
1644330600,170.1,170.78,169.95,170.63,5801993
1644417000,170.68,171.42,170.55,171.21,8002766
1644503400,170.5201,171.99,170.46,170.56,10693524
1644589800,170.75,174.2,170.71,173.81,25741494
1644849000,173.78,175,173.68,174.74,13650704
1644935400,173.1,173.34,172.39,173.08,12607006
1645021800,173.49,174.86,173.48,174.86,12772069
1645108200,176.7,177.53,176.39,177.25,18612546
1645194600,177.07,177.25,176.51,177.12,12760663
1645540200,177.67,178.07,176.8175,177.49,14960494
1645626600,177.39,178.39,177.36,178.29,11772201
1645713000,182.59,182.6,175.27,177.14,32725999
1645799400,176.42,176.79,175.79,176.55,11530929
1646058600,178.86,178.99,176.5,178.38,16055844
1646145000,179.0456,181.76,179.03,181.62,21942127
1646231400,180.13,180.71,178.788,179.73,19727192
1646317800,179.96,181.3,179.5,180.8,14826051
1646404200,182.1137,183.98,181.36,183.68,22412092
1646663400,184.45,186.64,184.22,186.41,27951785
1646749800,188.35,193.3,188.26,191.51,47347678
1646836200,186.04,187.225,184.76,185.82,26839671
1646922600,186.8799,187.38,184.99,186.4,18455213
1647009000,183.7399,185.78,183.44,185.09,14824715
1647264600,183.03,183.29,181.95,182.3,13186389
1647351000,179.1,180.27,178.01,178.89,16962273
1647437400,179.13,180.115,176.87,180.01,17548090
1647523800,181.16,182.03,180.65,180.89,10954139
1647610200,179.93,180.93,179.035,179.3,13996452
1647869400,179.33,181.29,179.32,180.67,10582224
1647955800,179.6,179.71,178.3231,179.36,9621751
1648042200,180.29,181.89,179.76,181.81,12557272
1648128600,182.35,183.51,181.77,183.13,10970070
1648215000,181.81,183.13,181.35,182.38,7914035
1648474200,180.38,181.325,178.85,179.06,9489725
1648560600,177.02,179.33,176.69,179.14,10458927
1648647000,179.76,180.92,179.6801,180.58,8361286
1648733400,180.91,181.96,180.56,180.65,9844398
1648819800,179.5501,180.4599,178.98,179.5,13034395
1649079000,180.2439,180.81,179.58,180.37,7063124
1649165400,180.91,181.49,178.93,179.24,10828531
1649251800,179.78,180.31,178.7,179.66,8942121
1649338200,179.87,180.88,179.8,180.34,10140585
1649424600,180.52,181.82,180.52,181.47,10655681
1649683800,183.17,183.33,181.11,182.37,10071319
1649770200,184.04,184.64,182.96,183.77,12024560
1649856600,184.5,184.94,184.13,184.65,8651635
1649943000,184.28,184.41,182.88,184.04,11567178
1650288600,185.95,186.1,184.39,184.61,8886690
1650375000,183.19,183.6506,181.33,181.82,12585622
1650461400,181.59,182.72,181.35,182.71,7038625
1650547800,181.77,182.32,180.775,182.06,9639834
1650634200,180.7235,181.605,179.74,180.29,9146973
1650893400,177.17,177.51,176.48,177.05,13073688
1650979800,177.95,178.3,176.915,177.32,9042403
1651066200,176.4561,176.64,175.5,175.98,8854721
1651152600,175.92,176.965,175.69,176.93,6384762
1651239000,178.0667,178.615,176.71,176.91,7719702
1651498200,173.6121,174.65,172.98,173.63,14318600
1651584600,173.89,175.205,173.85,174.09,7214348
1651671000,174.32,176.35,173.67,175.8,10491681
1651757400,177.56,177.61,174.66,175.13,12794160
1651843800,175.39,176.56,174.86,175.42,7643269
1652103000,174.27,174.27,172.79,172.88,10742410
1652189400,173.8039,173.96,171.2,171.42,11010440
1652275800,172.51,173.32,172.2,172.82,9179592
1652362200,172.072,172.4,169.9,170.17,11626799
1652448600,168.312,169.62,168.01,168.79,13031057
1652707800,168.43,170.43,168.34,170.4,7319277
1652794200,170.44,170.53,169.1409,169.33,6441110
1652880600,169.01,170.21,168.81,169.42,7472850
1652967000,171.5489,172.5197,170.89,171.91,10580267
1653053400,171.71,172.24,170.89,172.03,6578056
1653312600,173.13,173.38,172.28,172.83,5518503
1653399000,173.47,174.41,173.35,174.13,6793991
1653485400,172.79,173.16,171.73,173.08,4595917
1653571800,172.13,172.93,171.76,172.76,6466982
1653658200,173.4901,173.52,172.64,172.85,3847871
1654003800,172.71,173.07,171.08,171.14,6243967
1654090200,172.2099,172.53,171.39,172.23,6946516
1654176600,173.66,174.45,173.49,174.35,5623129
1654263000,173.5285,173.965,172.25,172.58,5519407
1654522200,172.81,172.89,171.65,171.82,3766042
1654608600,172.11,173.05,171.985,172.94,3860035
1654695000,172.89,173.45,172.67,172.78,5140816
1654781400,172.45,172.59,171.58,172.23,4701143
1654867800,170.89,174.94,170.46,174.54,16856138
1655127000,171.18,171.335,169.61,169.93,13265243
1655213400,169.61,169.7309,168.3,168.57,7347935
1655299800,170.4,171.84,169.08,170.77,9000294
1655386200,170.56,172.77,170.17,172.69,8823558
1655472600,172.15,172.3,170.97,171.27,7407223
1655818200,171.06,171.91,170.47,170.63,5608485
1655904600,171.61,172.3,171.1,171.31,6558656
1655991000,171.39,172.13,169.9,170.26,6535261
1656077400,170.24,170.7401,169.85,170.09,6143081
1656336600,170.595,170.67,169.75,169.9,5719684
1656423000,170.0699,170.21,169.51,169.62,2984448
1656509400,170.58,170.7,169.17,169.49,4785576
1656595800,169.51,169.96,168.24,168.46,9144391
1656682200,167.135,168.68,166.96,168.32,11380332
1657027800,167.18,167.33,164.41,164.75,14035426
1657114200,164.32,164.57,161.47,162.14,11861144
1657200600,162.43,163.04,162.06,162.23,4588418
1657287000,162.35,163.38,161.84,162.3,4584112
1657546200,161.93,162.435,161.3757,161.43,4321663
1657632600,161.22,161.62,160.72,160.83,5375081
1657719000,160.1,162.705,160.06,161.6,8456636
1657805400,159.02,159.83,158.22,159.33,12213614
1657891800,159.01,159.25,158.35,159.01,6783785
1658151000,160.08,160.43,159.05,159.16,5791779
1658237400,159.47,159.87,159.33,159.54,3796198
1658323800,159.71,159.815,158.025,158.04,4795846
1658410200,158.31,160.31,158.2699,160.27,5863333
1658496600,160.55,162.13,160.35,160.67,5733753
1658755800,160.64,160.7,159.81,160.23,3713368
1658842200,160.23,160.5,159.79,160.04,2672764
1658928600,160.02,162.21,159.51,161.67,5709082
1659015000,163.31,163.76,162.88,163.64,5606353
1659101400,163.89,164.69,163.28,164.1,7537307
1659360600,164.98,165.41,164.41,165.03,4666912
1659447000,165.66,166.46,164.02,164.05,5725388
1659533400,164.77,164.91,163.475,164.45,4417759
1659619800,165.53,167.31,165.34,167.17,5502000
1659706200,164.99,165.84,164.87,165.29,6023291
1659965400,166.03,166.8103,165.93,166.69,3457314
1660051800,167.48,167.8,166.82,167.2,3205494
1660138200,167.3925,167.98,166.6201,166.78,4077274
1660224600,167.16,167.66,166.31,166.34,4445977
1660311000,167.17,167.94,166.83,167.87,5151653
1660570200,165.99,166.25,165.44,165.71,5236292
1660656600,165.31,165.72,165.18,165.42,4291529
1660743000,165.21,165.228,163.95,164.35,5569071
1660829400,164.6,164.9125,163.545,163.92,3646087
1660915800,163.65,163.74,162.615,162.72,8172954
1661175000,161.66,162.12,161.36,161.64,4458113
1661261400,161.96,163.43,161.91,162.77,4425075
1661347800,162.44,163.61,162.37,163.25,3202411
1661434200,163.97,163.985,163.24,163.75,2857488
1661520600,163.12,163.61,161.55,161.76,6689259
1661779800,161.88,162.62,161.7,161.86,4702256
1661866200,161.27,161.43,160.34,160.51,4856576
1661952600,159.5,160.575,159.255,159.27,5438641
1662039000,158.17,158.39,157.32,157.87,7390755
1662125400,159.3499,160.06,159.14,159.26,5196908
1662471000,159.17,159.46,158.32,158.33,4863819
1662557400,158.15,160.15,158.08,159.94,3981410
1662643800,159.54,159.86,158.7115,158.98,4607118
1662730200,159.72,160.24,159.41,159.82,3927788
1662989400,161.04,161.62,160.55,160.63,4537530
1663075800,158.47,159.2675,158.39,158.54,6526388
1663162200,158.68,158.98,157.73,157.93,6091085
1663248600,156.76,157.485,154.62,154.98,13181203
1663335000,154.66,156.56,154.34,155.84,7141210
1663594200,154.87,156.04,154.815,155.96,5582767
1663680600,155.03,155.23,154.59,155.07,5943724
1663767000,155.97,157.25,154.01,155.79,7816071
1663853400,156.26,156.48,155.31,155.7,5975237
1663939800,153.9,154,152.64,153.01,9597991
1664199000,153.22,153.51,151.0301,151.23,8240501
1664285400,152.25,152.73,151.5,151.54,7151310
1664371800,153.2,154.88,152.93,154.69,8977243
1664458200,154.14,155.03,153.16,154.66,6317021
1664544600,154.94,156.045,154.57,154.67,6832430
1664803800,155.438,158.48,155.23,158.43,10362232
1664890200,159.18,161.08,158.92,160.7,8024496
1664976600,159.32,160.08,158.38,159.81,5296309
1665063000,159.41,159.94,158.9511,159.63,5712627
1665149400,158.46,158.98,157.68,157.88,5030041
1665408600,155.94,156.35,155.12,155.48,6110794
1665495000,155.49,156.81,154.92,155.16,5306673
1665581400,155.51,156.29,155.26,155.99,3998472
1665667800,153.48,155.73,152.92,154.91,7083767
1665754200,154.02,154.1996,152.72,152.98,5474648
1666013400,154.92,155.33,153.325,153.42,4348044
1666099800,154.08,154.2393,153.24,153.75,4528441
1666186200,152.09,152.49,151.54,151.69,8257060
1666272600,151.92,153.23,151.27,151.45,5019849
1666359000,151.98,154.31,151.83,154.15,6898351
1666618200,153.45,154.06,153.06,153.65,4673274
1666704600,153.9599,154.79,153.83,154,3434053
1666791000,154.78,155.73,154.78,154.98,4451056
1666877400,154.7148,155.09,154.22,154.74,3654871
1666963800,152.96,153.54,152.5,153.16,4645440
1667223000,152.16,152.8721,151.89,151.91,6097760
1667309400,153.82,153.98,152.87,153.46,4603597
1667395800,154.16,155.42,152.26,152.39,7220403
1667482200,150.699,151.955,150.5703,151.81,5378810
1667568600,154.95,156.6,154.66,156.47,7691954
1667831400,156.22,156.569,155.81,155.85,4425710
1667917800,155.99,159.87,155.975,159.45,11299635
1668004200,159.359,160.35,158.45,158.65,6040627
1668090600,162.01,163.51,161.655,163.48,9939858
1668177000,163.914,164.58,163.42,164.56,4622422
1668436200,164.2,165.24,164.15,164.92,6187552
1668522600,165.27,166.23,164.56,165.5,9903495
1668609000,165.41,165.71,164.8301,165.12,3645845
1668695400,163.79,164.1099,163.4,163.92,4578129
1668781800,163.38,163.69,162.68,162.79,4321075
1669041000,162.44,162.5,161.28,161.88,4766512
1669127400,162.3,162.6,161.72,162.07,3203837
1669213800,161.69,163.24,161.56,163.08,4167005
1669386600,162.85,163.43,162.765,163.22,1436508
1669645800,162.93,163.06,161.91,161.93,4053918
1669732200,162.7,163.6299,162.6,162.73,2620637
1669818600,163.69,164.81,162.4,164.81,4874746
1669905000,167.48,167.95,166.975,167.84,8625780
1669991400,166.18,167.47,165.76,167.26,5185941
1670250600,166.55,166.72,164.3201,164.39,5436175
1670337000,165.2,165.54,164.45,164.84,3597758
1670423400,165.4699,166.64,165.318,166.33,4610697
1670509800,166.58,167.045,166.07,166.47,3217874
1670596200,167.26,168.085,166.6,167.06,5431272
1670855400,166.438,166.6,165.43,165.68,3504409
1670941800,169.21,169.79,168.02,168.51,6750199
1671028200,168.43,168.81,167.14,168.1,5642965
1671114600,165.73,166.21,165.1,165.35,8370909
1671201000,166.02,166.98,165.84,166.79,5371967
1671460200,166.71,167.11,165.99,166.32,3940525
1671546600,168.1,169.53,168.03,169.08,7803118
1671633000,169.04,169.71,168.675,168.8,3990060
1671719400,167.76,167.7632,166.06,166.76,5672656
1671805800,166.8801,167.795,166.66,167.26,2912300
1672151400,167.89,170.61,167.8,168.67,6885715
1672237800,168.05,168.34,167.1,167.91,3662456
1672324200,168.54,169.35,168.52,168.85,3345874
1672410600,169.26,169.8999,168.795,169.64,2864455
1672756200,171.32,172.09,170.02,171.06,7992927
1672842600,172.86,173.09,171.845,172.67,7574633
1672929000,170.824,171,169.79,170.52,4692610
1673015400,171.76,173.96,171.23,173.71,7888954
1673274600,174.51,175.035,173.881,174.1,5134503
1673361000,174.61,174.98,174.06,174.74,4398411
1673447400,174.76,174.79,173.72,174.62,3374201
1673533800,176.01,176.71,174.88,176.64,6936919
1673620200,176.96,178.825,176.8934,178.76,7468768
1673965800,178.21,178.24,177.09,177.59,6610834
1674052200,178.92,179.18,176.9,177.08,5384664
1674138600,178.37,180.03,178.09,179.89,6678687
1674225000,179.06,179.66,178.645,179.29,5754818
1674484200,178.35,179.69,177.78,179.63,5265507
1674570600,179.56,180.32,178.35,180.28,4604628
1674657000,179.35,181.22,179.2925,181.11,6925348
1674743400,180.146,180.265,178.46,179.47,5860129
1674829800,179.27,179.72,178.262,179.22,6052728
1675089000,179.286,179.43,178.65,178.76,4210726
1675175400,178.82,179.699,178.54,179.41,5976888
1675261800,179.75,181.73,178.63,181.67,7996005
1675348200,181.08,181.11,177.74,177.9,8842396
1675434600,174.92,175.43,173.12,173.46,13674441
1675693800,174.11,174.455,173.28,173.82,8956963
1675780200,173.72,175.27,173.47,173.98,6794153
1675866600,174.942,174.99,173.83,174.41,4075638
1675953000,175.49,175.52,172.87,173.03,5361340
1676039400,173.63,173.68,172.63,173.36,2971125
1676298600,172.7,172.9014,172.07,172.48,3970786
1676385000,171.97,173.51,171.41,172.61,5403099
1676471400,170.6,170.99,170.16,170.89,5435337
1676557800,170.34,171.6,169.96,170.75,4540398
1676644200,169.87,171.47,169.52,171.26,4809799
1676989800,171.2,171.5,170.34,170.62,4035933
1677076200,170.81,170.96,169.56,169.66,4105675
1677162600,169.84,170.125,169.08,169.57,5073479
1677249000,168.42,168.84,168.19,168.35,6496496
1677508200,168.88,169.23,168.55,169.01,4509151
1677594600,168.781,170.25,168.59,169.78,6761585
1677681000,170.95,171.49,170.47,170.76,6590468
1677767400,170.52,170.975,170.36,170.66,3952266
1677853800,171.45,172.595,170.98,172.49,6894466
1678113000,172.32,172.37,171.54,171.62,4264124
1678199400,170.42,170.47,168.52,168.62,8713268
1678285800,168.61,169.59,168.52,168.54,5718595
1678372200,169.751,170.65,169.71,170.2,5582980
1678458600,171.93,173.88,171.92,173.87,13803589
1678714200,176.66,178.02,176.3,177.86,20554417
1678800600,177.35,177.59,176.21,176.83,10019032
1678887000,178.86,180.13,177.49,178.21,14546095
1678973400,179.51,179.654,177.87,178.57,10765891
1679059800,181.02,184.81,180.77,183.77,24156266
1679319000,184.19,184.54,182.74,183.84,11845702
1679405400,182.65,182.73,179.9,180.37,10734493
1679491800,180.4,183.94,180.28,183.44,11969861
1679578200,183.91,186.24,183.5996,185.74,11347149
1679664600,185.606,185.99,183.62,183.65,9253075
1679923800,181.15,182.15,180.69,181.95,6925046
1680010200,182.31,183.62,182.12,183.44,6202597
1680096600,182.49,183.27,182.24,182.53,4996493
1680183000,182.75,184.4401,182.55,184.18,6360296
1680269400,184.11,184.42,182.8,183.22,8003334
1680528600,183.85,185.035,183.32,184.54,9206635
1680615000,184.7224,188.23,184.66,187.98,13765361
1680701400,188.34,188.86,186.78,187.83,11440827
1680787800,186.8901,187.26,185.95,186.49,6648428
1681133400,185.18,185.36,184.19,185.11,6408114
1681219800,185.905,186.51,185.635,186.28,6031494
1681306200,187.54,187.66,185.97,187.19,10000948
1681392600,189.76,190.41,188.99,189.72,14060106
1681479000,188.08,188.4869,185.17,186.36,13272541
1681738200,185.89,185.93,184.1,185.53,7468062
1681824600,185.24,186.99,185.04,186.25,8056928
1681911000,184.3499,185.58,184.28,185.36,7373518
1681997400,186.14,187.03,185.78,186.09,5789908
1682083800,184.98,185.68,183.22,184.25,10698705
1682343000,184.07,185.025,183.46,184.81,8303396
1682429400,184.84,186.2204,184.3,185.75,8451933
1682515800,186.63,186.65,184.3,184.74,8203595
1682602200,183.9,184.989,183.38,184.75,9107425
1682688600,184.79,185.38,184.17,184.8,6700418
1682947800,186.05,186.22,183.91,183.97,7997658
1683034200,184.65,187.64,184.515,187.52,13554921
1683120600,187.61,189.205,186.93,189.11,11133826
1683207000,188.86,191.36,188.81,190.44,14146787
1683293400,186.56,187.58,185.77,187.46,12508113
1683552600,187.82,188.67,187.49,187.69,6075441
1683639000,188.12,189.33,188.07,189.02,7098810
1683725400,188.975,189.64,187.82,188.75,9392097
1683811800,188.44,188.81,186.86,187.13,8245523
1683898200,187.43,187.92,186.58,186.81,7087462
1684157400,187.3,187.88,187.032,187.21,5518086
1684243800,186.58,186.82,184.4601,184.87,9527806
1684330200,184.305,184.45,183.48,184.23,7474277
1684416600,182.1,182.28,181.335,181.84,8812591
1684503000,182.25,184.34,181.81,183.64,8434976
1684762200,183.22,183.84,182.91,183.21,4834298
1684848600,182.78,183.76,182.48,183.43,6345012
1684935000,183.54,183.54,181.77,181.95,6732940
1685021400,181.18,181.31,180.1,180.2,6919174
1685107800,181.01,181.3,180.09,180.92,5823674
1685453400,181.72,182.4,181.17,182.04,4906066
1685539800,182.39,183.445,182.1,182.32,8497893
1685626200,182.81,184.21,182.72,183.76,7300542
1685712600,183.53,183.56,180.96,181.05,8726111
1685971800,180.79,182.44,180.6,182.14,6403343
1686058200,182.36,182.65,181.52,182.34,4967156
1686144600,181.94,183,180.15,180.15,9066528
1686231000,182,183.04,181.96,182.53,6394890
1686317400,182.36,182.79,181.72,182.04,4380811
1686576600,181.8,181.94,181.04,181.88,4875450
1686663000,182.1,182.43,180.165,180.54,5126686
1686749400,181.69,181.96,180.14,180.64,6807003
1686835800,180.28,182.05,180.18,181.91,6739009
1686922200,181.925,182.618,181.41,181.63,8779096
1687267800,180.06,180.09,179.22,179.75,7586229
1687354200,179.15,179.95,178.19,179.49,6702339
1687440600,178.36,178.99,177.63,177.71,7948565
1687527000,179.6,179.95,178.09,178.2,5419784
1687786200,179.05,179.075,178.42,178.51,3222050
1687872600,179.07,179.29,177.43,177.69,5036916
1687959000,177.23,177.685,176.7,177.28,5866741
1688045400,175.83,177.63,175.79,177.09,6862511
1688131800,177.69,178.53,177.32,178.27,6420904
1688391000,178.61,179.34,178.46,178.47,4085711
1688563800,179.41,179.42,177.825,177.84,5652091
1688650200,177.51,177.8,176.66,177.31,5132954
1688736600,178.38,179.65,178.35,178.64,5201148
1688995800,178.37,178.92,178.2601,178.78,3320497
1689082200,179.43,179.71,179.13,179.45,2819610
1689168600,181.18,181.95,181.1,181.88,7062010
1689255000,181.96,182.15,181.49,182.01,4527900
1689341400,181.59,182.17,181.1101,181.43,5389968
1689600600,180.99,181.6307,180.64,181.56,4152919
1689687000,182.79,184.23,182.32,183.64,8242597
1689773400,183.45,183.835,182.87,183.67,3911565
1689859800,183.73,183.77,182.47,182.74,4972856
1689946200,182.06,182.46,181.68,182.18,3845361
1690205400,182.22,182.54,181.34,181.4,4370026
1690291800,181.72,182.47,181.1,182.41,4090149
1690378200,182.66,183.64,182.31,183.3,6158432
1690464600,181.64,181.64,180.32,180.42,7592752
1690551000,181.48,182.27,181.25,181.86,3829197
1690810200,182.43,183.09,182.31,182.35,5496890
1690896600,180.85,181.375,180.19,180.46,6289869
1690983000,180.57,180.79,179.41,179.6,6348266
1691069400,179.44,179.95,179.28,179.54,4638874
1691155800,180.25,180.77,179.85,180.19,5326191
1691415000,180.15,180.15,179.27,179.78,4510408
1691501400,178.64,179.33,178.46,178.64,6162879
1691587800,178.68,178.92,177.78,177.79,4643998
1691674200,178.22,178.7,177.54,177.6,5934598
1691760600,177.7,178.36,177.49,177.6,5289694
1692019800,176.86,177.58,176.5787,177.06,9554477
1692106200,176.75,177.43,176.33,176.59,7582703
1692192600,176.62,176.945,175.56,175.57,6559418
1692279000,176.53,176.56,174.93,175.3,7937672
1692365400,175.83,176.055,175.1,175.33,6253027
1692624600,175.9,175.94,174.96,175.81,4206360
1692711000,175.83,176.25,175.31,176.1,5892540
1692797400,177.32,178.22,177.07,177.89,7949056
1692883800,177.66,178.49,177.41,177.85,5526428
1692970200,177.58,178.38,176.63,177.62,6132927
1693229400,177.65,178.73,177.51,178.13,4740683
1693315800,178.03,179.88,177.9,179.87,7576640
1693402200,180.58,180.88,180.29,180.32,6593692
1693488600,180.37,180.49,179.94,180.02,4795626
1693575000,180.8,181.12,179.51,180.11,4970732
1693920600,179.33,179.4438,178.64,178.64,7056834
1694007000,178.33,179.01,177.7,177.83,6427224
1694093400,178.31,178.3701,177.9,178.02,3257213
1694179800,178.36,179.045,177.9,178.08,3293699
1694439000,178.97,179.07,178.261,178.41,3689085
1694525400,177.11,177.7,177.05,177.49,4445435
1694611800,177.53,177.75,177.035,177.08,3874788
1694698200,176.5,177.39,176.36,177.17,6184382
1694784600,178.55,179.105,178.34,178.34,5620888
1695043800,178.82,179.41,178.38,179.39,5049308
1695130200,179.54,179.65,179.03,179.22,4225102
1695216600,179.34,180.66,179.32,179.35,9330262
1695303000,177.86,178.485,177.69,178.05,7573300
1695389400,178.65,178.95,178.51,178.62,3637075
1695648600,178.41,178.71,177.64,177.7,5582074
1695735000,176.825,177.14,176.16,176.28,7181080
1695821400,175.27,175.32,173.7,174.1,10919579
1695907800,173.91,174.135,172.32,173.23,10061917
1695994200,173.92,174.03,171.265,171.45,10427383
1696253400,170.23,170.46,169.5,169.65,12706027
1696339800,169.14,170.08,168.745,169.16,11459840
1696426200,169.21,169.41,168.5,169.14,10034600
1696512600,168.74,169,168.3,168.83,6970219
1696599000,169.17,170.23,168.5,169.7,9948433
1696858200,171.18,172.86,171.075,172.82,10201547
1696944600,172.08,172.795,171.9,172.53,5843995
1697031000,173.6,174.125,173.26,173.79,7128002
1697117400,174.06,174.23,173.24,173.26,5912663
1697203800,176.8921,179.095,176.72,178.83,18802885
1697463000,177.84,178.33,177.535,177.96,8385428
1697549400,178.37,179.13,177.98,178.29,8231866
1697635800,180.894,182.02,179.75,180.87,13920793
1697722200,181.04,183.43,180.82,183.09,13406560
1697808600,183.43,185.23,183.09,183.59,12785667
1698067800,183.5099,183.56,182.705,182.97,9479805
1698154200,182.07,183.4,181.68,182.95,6593963
1698240600,183.42,184.2993,182.04,183.72,10087016
1698327000,183.4,184.49,182.87,184.01,7671406
1698413400,183.76,186.36,183.47,186.15,14102828
1698672600,185.54,185.7,184.73,185.1,8756405
1698759000,185.08,186.21,183.495,184.09,10104569
1698845400,183.91,185,182.67,183.51,9048562
1698931800,184.13,184.28,183.5,184.12,7343699
1699018200,184.48,185.47,184.35,184.79,8530399
1699281000,184.14,184.23,183.34,183.35,8274666
1699367400,182.25,182.65,181.75,182.59,6795795
1699453800,182.01,182.065,180.5699,180.77,6738304
1699540200,180.98,182.28,180.89,181.49,6486286
1699626600,180.51,180.585,179.245,179.51,7611618
1699885800,179.4,180.73,179.11,180.51,5385908
1699972200,181.7,182.75,181.62,182.12,6831639
1700058600,182.03,182.18,181.31,181.64,4909399
1700145000,182.8457,184.32,182.8,183.69,8253348
1700231400,183.96,184.125,183.45,183.67,4871297
1700490600,182.32,183.48,182.225,183.37,5393464
1700577000,185.57,186.115,185.065,185.35,7322379
1700663400,185.47,185.72,184.2715,184.56,4338209
1700836200,185.47,185.75,185.16,185.52,2445058
1701095400,186.56,186.8,185.93,186.77,6320420
1701181800,187.9,189.4,187.52,189.26,10901890
1701268200,189.16,189.99,189.02,189.54,8407253
1701354600,188.89,189.24,188.28,188.75,7558123
1701441000,188.805,192.395,188.685,192.01,16727571
1701700200,189.599,190.38,187.26,187.86,18460544
1701786600,187.5501,187.88,186.3,187.15,7027722
1701873000,188.32,188.46,187.5,187.84,5778604
1701959400,188.45,188.59,187.26,188.15,5802025
1702045800,185.93,186.78,184.9,185.64,7883204
1702305000,184.5,184.53,183.1513,183.59,8519527
1702391400,183.844,183.98,183.26,183.49,5056911
1702477800,183.82,187.66,183.38,187.63,10635500
1702564200,188.8649,189.82,188.08,188.73,9107157
1702650600,188.52,188.96,186.82,187,8324824
1702909800,187.5,188.49,187.24,187.85,5357987
1702996200,188.23,189.7239,188.13,189.13,6025564
1703082600,188.69,188.96,188.085,188.1,6002395
1703169000,189.21,189.62,188.75,189.43,4619995
1703255400,191.6,191.88,190.07,190.27,7176292
1703601000,190.97,191.74,190.4,191.72,4502664
1703687400,191.77,193.1823,191.54,192.59,5813295
1703773800,192.34,192.89,191.44,191.47,6171506
1703860200,190.99,191.64,190.74,191.17,4612349
1704205800,191.44,191.89,190.5,190.72,6025646
1704292200,188.77,189.86,188.16,189.13,8661568
1704378600,189.08,189.75,188.69,189.32,4416743
1704465000,189.68,191.26,189.08,189.35,7481883
1704724200,187.21,188.74,187.11,187.87,6214968
1704810600,188.68,188.78,187.73,187.93,4437269
1704897000,188.14,188.44,187.205,187.5,4504726
1704983400,188.02,188.55,186.56,187.87,6831086
1705069800,190.67,191.08,189.16,189.71,6833678
1705415400,189.15,189.26,187.54,187.91,6548068
1705501800,187.31,187.42,185.45,185.84,8643163
1705588200,186.36,187.4,186.3,187.37,4685239
1705674600,188.26,188.3,187.44,187.93,5719650
1705933800,187.23,187.7601,186.85,187.22,4397522
1706020200,187.45,188.15,187.28,187.95,5040771
1706106600,188.33,188.37,186.32,186.4,6085437
1706193000,187.34,187.64,186.46,187.14,4651026
1706279400,187.27,187.38,186.76,187.01,5064774
1706538600,188.31,188.54,187.1899,188.33,5629695
1706625000,189.7,189.83,187.975,188.59,4976467
1706711400,189.37,190.46,188.13,188.45,7886115
1706797800,189.71,191.36,188.99,190.41,10278129
1706884200,188.07,188.87,187.85,188.61,7337573
1707143400,186.875,187.82,186.7,187.57,5436062
1707229800,187.94,188.854,187.742,188.55,4866122
1707316200,188.45,189.39,188.28,188.5,6276879
1707402600,187.91,188.5298,187.8199,188.33,3873445
1707489000,187.56,187.77,187.14,187.6,4412654
1707748200,186.6,187.27,186.36,187.11,4706253
1707834600,185.35,185.38,184.33,184.53,9525794
1707921000,184.27,184.88,183.78,184.42,7031562
1708007400,185.6,186.02,185.095,185.66,6228859
1708093800,185.076,186.67,184.835,186.34,6518526
1708439400,187.96,188.03,187.4,187.47,5531152
1708525800,187.88,188.04,187.1,187.48,5789951
1708612200,187.56,187.64,187.05,187.56,4550823
1708698600,187.56,189.18,187.46,188.62,6827271
1708957800,187.79,188.36,187.53,188.2,4491937
1709044200,188.58,188.72,187.88,188,5165376
1709130600,188.34,188.52,188.0301,188.34,2824131
1709217000,189.64,189.918,189.23,189.31,6848639
1709303400,190.27,193.4,189.44,192.89,13410997
1709562600,194.15,196.3299,193.88,196.01,12216341
1709649000,197.44,198.14,196.65,197.19,9672210
1709735400,198.08,199.3,197.44,198.81,10459292
1709821800,199.54,200.11,198.91,199.94,8403737
1709908200,200.89,203.3,200.4459,201.63,13540110
1710163800,201.71,202.41,201.46,202,7329560
1710250200,200.42,200.6277,199.16,199.79,9436586
1710336600,200.44,201.86,200.35,201.19,5929990
1710423000,200.37,200.47,199.34,200.35,6865044
1710509400,199.94,200.634,199.57,199.71,4556710
1710768600,199.66,200.145,199.51,200.03,7206823
1710855000,199.62,199.81,198.935,199.8,4657527
1710941400,199.16,202.66,199.12,202.18,9593754
1711027800,203.88,203.92,200.6,201.97,7396540
1711114200,201.32,201.86,199.715,200.35,6918508
1711373400,201.19,201.95,200.965,200.99,4034750
1711459800,202.65,202.76,201.07,201.64,5752677
1711546200,202.32,203.22,202.32,203.1,6040980
1711632600,204.54,206.05,203.87,205.72,9194473
1711978200,208.68,208.73,206.29,207.82,13677114
1712064600,209.07,211.03,208.36,210.89,13421070
1712151000,210.57,212.83,210.3,212.74,11416226
1712237400,212,213.45,211.02,211.52,12307274
1712323800,212.49,215.74,212.22,215.14,13382720
1712583000,215.98,216.81,214.61,216.48,10331406
1712669400,217.81,218.86,216.45,217.67,13079306
1712755800,215.37,217.78,214.68,215.61,13317492
1712842200,216.85,219.84,215.89,219.8,11415224
1712928600,221.87,225.09,216.02,216.89,30898775
1713187800,217.94,221.03,215.16,220.95,13238952
1713274200,220.18,221.99,218.78,221.22,10746123
1713360600,221.05,221.76,218.52,219.59,11521054
1713447000,221.31,221.4599,219.312,220.34,6496885
1713533400,220.49,222.36,220.08,221.03,8688967
1713792600,216.35,216.9578,215.14,215.57,13404253
1713879000,213.96,215.86,213.87,215.04,10730332
1713965400,214.76,216.35,214.36,214.64,5741072
1714051800,214.47,217.05,214.3357,215.92,6606512
1714138200,216.77,217.0676,215.53,216.62,6268504
1714397400,216.02,217.215,215.25,216.18,6409870
1714483800,213.38,214.1271,211.8,211.87,11248615
1714570200,212.96,215.5,212.41,213.79,10373880
1714656600,211.9,213.705,211.49,213.13,6286967
1714743000,212.89,213.225,210.71,212.96,8679910
1715002200,215.14,215.91,214.47,215.2,6840477
1715088600,214.52,214.93,213.88,214.21,5660735
1715175000,213.62,214.8,213.5,213.58,4462736
1715261400,214.48,216.95,214.44,216.95,7732469
1715347800,219.22,219.6,218.08,218.71,8700917
1715607000,217.06,217.31,215.8,216.26,4896343
1715693400,217.31,218.3795,216.98,218.09,4662679
1715779800,219.06,221.19,217.65,220.89,9297715
1715866200,220.14,220.585,219.41,220.03,4301652
1715952600,222.18,223.8501,221.67,223.66,10481937
1716211800,223.79,225.66,223.02,224.56,5990860
1716298200,224.77,225.21,223.7,224.23,4002615
1716384600,223.09,223.24,219.7407,220.11,8903115
1716471000,218.78,219.23,215.66,215.72,9537911
1716557400,216.96,217.21,215.74,215.92,4212379
1716903000,218.43,218.59,217.21,218.19,3809677
1716989400,216.92,217.16,216.12,216.16,4184972
1717075800,216.69,217.51,216.41,216.57,3071290
1717162200,217.77,217.96,214.65,215.3,5617183
1717421400,215.92,217.82,215.54,217.22,6172606
1717507800,216.24,216.24,214.2,215.27,5509361
1717594200,216.69,218.0795,215.93,217.82,5479226
1717680600,218.36,219.97,218.1,219.43,5283914
1717767000,215.07,215.19,211.54,211.6,12195073
1718026200,213.13,214.02,212.76,213.54,4219641
1718112600,213.95,214.38,213.24,214.15,4004085
1718199000,216.47,216.55,214.2,214.72,5911883
1718285400,214.44,214.96,212.26,212.97,5861099
1718371800,215.34,216.04,214.98,215.73,7076496
1718631000,214.9,215.24,213.6,214.61,3852657
1718717400,214.38,215.83,214.04,215.47,4921415
1718890200,216.32,218.7413,216.15,218.16,7290516
1718976600,217.83,217.9,214.255,214.78,8935399
1719235800,215.55,215.94,215.2,215.63,4626923
1719322200,214.96,215.31,214.12,214.56,3847694
1719408600,212.39,213.11,212.1204,212.58,4690348
1719495000,214.71,215.5,214.45,214.99,4977837
1719581400,215.64,215.8148,214.82,215.01,3955080
1719840600,215.25,216,214.485,215.57,3797921
1719927000,215.33,216.08,214.6204,215.56,4921672
1720013400,217.34,218.7397,217.33,217.99,5055313
1720186200,219.58,221.28,219.58,220.93,5950550
1720445400,219.64,220.04,217.41,218.19,5790811
1720531800,218.57,219.29,217.265,218.56,3904495
1720618200,220.14,220.71,219.16,219.36,5556185
1720704600,222.65,224.1489,221.48,223.25,9323981
1720791000,222.03,223.62,221.86,223.11,5179297
1721050200,223.39,225.59,223.02,223.83,5719339
1721136600,225.45,228.29,225.3,228.29,11070663
1721223000,228.79,229.65,226.67,227.23,8620511
1721309400,227.71,228.32,225.57,225.78,5485459
1721395800,221.52,222.68,221.41,221.73,8665956
1721655000,221.58,221.92,220.4,221.8,5334060
1721741400,222.34,222.75,221.86,222.58,4435700
1721827800,223.47,224.88,221.74,221.8,6838783
1721914200,219.02,219.2607,217.52,218.33,9777054
1722000600,219.96,221.04,219.7,220.63,6328784
1722259800,221.26,221.55,219.045,220.32,4665057
1722346200,221.41,222.92,220.355,222.52,4939531
1722432600,223.73,226.6,223.64,226.55,7316552
1722519000,226.74,227.57,225.05,225.77,7217224
1722605400,227.95,228.76,222.865,225.34,11109387
1722864600,220.56,223.1,220.241,222.48,8939011
1722951000,221.5,222.14,220.11,220.7,14362267
1723037400,221.94,222.31,220.35,220.55,5287817
1723123800,222.73,224.25,222.515,224.01,6327054
1723210200,224.82,225.28,223.82,224.56,4441017
1723469400,226.14,228.535,225.965,228.41,5561259
1723555800,228.07,228.87,227.59,228.06,6740238
1723642200,226.55,227.48,225.35,226.2,5462495
1723728600,226.51,227.5,225.12,226.91,5273310
1723815000,229.99,232.02,229.005,231.99,11924536
1724074200,230.15,231.78,229.74,231.61,5164817
1724160600,233.71,234.01,231.13,232.46,9073611
1724247000,231.69,232.87,230.48,232.15,5337388
1724333400,230.35,230.38,228.26,229.37,5765369
1724419800,231.04,232.73,230.5199,232.02,5418171
1724679000,233.45,233.5,232.06,232.76,3151384
1724765400,231.69,233.47,231.5701,233.39,4435606
1724851800,232,232.02,230.73,231.75,4961482
1724938200,231.95,233.61,231.92,232.95,5524161
1725024600,232.53,232.86,230.5501,231.29,5742963
1725370200,230.38,230.54,228.52,230.29,6417918
1725456600,229.79,231.06,229.375,230.43,4695980
1725543000,232.72,232.89,231.33,232.35,4838112
1725629400,231.83,232.76,229.62,230.63,6315824
1725888600,231.26,231.62,230.39,231.6,3548806
1725975000,232.39,232.74,231.12,232.62,4378349
1726061400,231.72,232.87,231.09,232.25,4637312
1726147800,234.63,236.45,234.42,236.33,9944986
1726234200,238.13,238.98,237.7575,238.68,7455078
1726493400,238.73,239.278,238.05,238.66,4713541
1726579800,238.08,238.6,236.61,237.34,5257119
1726666200,238.19,240.2896,235.3,235.51,11081114
1726752600,238.24,239.515,237.39,239.17,6108226
1726839000,241.11,242.625,240.47,242.21,7737416
1727098200,242.97,243.46,242.585,242.68,5426166
1727184600,243.39,246.19,243.15,246.07,8386348
1727271000,246.19,246.47,244.79,245.73,7393448
1727357400,246.44,247.37,245.19,246.98,7041063
1727443800,246.31,246.75,244.19,245.02,8329633
1727703000,243.97,244.08,242.5,243.06,6919352
1727789400,245.2,246.98,245.06,245.61,10605494
1727875800,245.61,246.07,243.99,245.66,6798783
1727962200,244.72,245.91,243.69,245.49,5674503
1728048600,245,246.69,244.045,245,5951628
1728307800,244.58,244.82,243.81,244.17,3849026
1728394200,243.79,244.04,240.63,242.37,7669807
1728480600,241.16,241.84,240.64,241.05,4120486
1728567000,241.77,243.02,241.5101,242.82,4792690
1728653400,244.5,245.92,244.47,245.47,5789546
1728912600,245.16,245.86,244.26,245.07,3922892
1728999000,244.99,246.55,244.53,245.92,5640831
1729085400,247.62,248.09,246.36,247.15,5431939
1729171800,247.75,249.06,247.62,248.63,5176170
1729258200,250,251.37,249.9,251.27,7833614
1729517400,252.74,253.14,250.73,251.22,9258590
1729603800,253.06,253.94,252.52,253.93,5756321
1729690200,253.08,253.18,250.2,250.87,8080958
1729776600,253.27,253.32,251.4,252.8,5962188
1729863000,252,253.5499,251.77,253.32,4424475
1730122200,253.01,253.63,252.95,253.33,4029110
1730208600,254.49,256.29,254.23,256.09,8875470
1730295000,256.76,257.71,255.9101,257.5,6386196
1730381400,255.52,255.6,252.2,253.51,9930827
1730467800,254.33,254.86,252.435,252.47,6473012
1730730600,253.32,253.58,252.27,252.83,4581435
1730817000,253.78,253.9893,252.41,253.4,6029884
1730903400,245.635,247.35,244.9506,245.7,14600217
1730989800,248.29,250.24,248.12,249.65,8821445
1731076200,249.07,249.35,247.78,247.96,6267916
1731335400,242.73,242.73,241.06,242.14,11653848
1731421800,241.29,241.66,239.39,240.05,10145510
1731508200,241.31,241.47,237.59,237.63,8431694
1731594600,236.57,237.9886,236.1326,237.01,8262426
1731681000,237.57,237.88,236.33,236.59,7299482
1731940200,240.46,241.495,240.45,241.09,6512986
1732026600,242.75,243.31,242.03,243.25,6579103
1732113000,243.74,245.21,243.51,244.62,6630737
1732199400,246.23,246.81,245.69,246.66,7646429
1732285800,248.2,250.39,247.86,249.84,7502963
1732545000,244.27,244.3999,241.48,242.48,10733109
1732631400,242.71,243.09,241.58,242.95,4945897
1732717800,244.85,245.1835,243.2,243.49,6930587
1732890600,245.25,245.81,244.73,245.59,2708494
1733149800,244.46,244.5805,243.14,243.44,4765001
1733236200,244.96,245.18,243.3,243.93,3557819
1733322600,244.93,245.34,244.365,244.67,4608584
1733409000,244.16,244.38,242.15,242.86,4806206
1733495400,242.79,243.86,242.435,242.95,3540698
1733754600,246.28,247.11,245.2595,245.36,4711536
1733841000,247.86,248.86,247.83,248.59,4641963
1733927400,249.35,251.26,248.97,250.96,11033776
1734013800,247.81,248.24,246.87,247.28,10149585
1734100200,245.67,245.94,244.27,244.29,6602591
1734359400,245.41,245.54,244.29,244.88,3310036
1734445800,243.8,244.55,243.23,243.94,4421339
1734532200,243.57,243.7095,238.82,239.26,8015848
1734618600,239.67,240.05,238.73,239.6,8113568
1734705000,241.41,242.955,241.17,242.1,9527805
1734964200,241.6,241.67,240.65,240.96,5835498
1735050600,241.49,241.66,240.82,241.44,2421008
1735223400,242.39,243.56,242.195,243.07,4651778
1735309800,241.2,241.95,241.05,241.4,4728440
1735569000,241.08,241.08,239.58,240.63,3522539
1735655400,241.05,242.52,241.05,242.13,2522102
1735828200,244.22,245.53,244.08,245.42,6241899
1735914600,244.56,244.82,243.36,243.49,4875546
1736173800,242.33,243.79,242.05,243.19,3758903
1736260200,245.52,245.77,243.81,244.56,5090333
1736346600,245.72,246.45,244.51,245.86,6303334
1736519400,248.01,249.04,247.55,248.21,12380131
1736778600,246.34,246.79,245.151,245.74,8448595
1736865000,245.62,247.04,245.52,247.03,4914837
1736951400,248.21,248.9,247.0102,248.88,6344973
1737037800,250.56,251.39,250.27,250.6,9235998
1737124200,249.7,250.81,249.15,249.27,8312858
1737469800,251.95,253.3598,251.83,253.13,7668119
1737556200,254.29,254.68,253.7801,254.43,5213777
1737642600,253.19,254.54,252.82,254.07,6511526
1737729000,255.96,257.07,255.61,255.65,7341337
1737988200,253.86,254.26,251.92,252.99,5799780
1738074600,254.225,255.25,253.891,255.18,5332005
1738161000,254.55,254.82,253.3,254.2,5671753
1738247400,257.2,258.29,256.45,258.05,12981164
1738333800,259.08,259.99,257.86,258.56,8965576
1738593000,259.75,261.3897,259.5236,259.94,11521093
1738679400,261.83,262.54,261.35,262.5,9850412
1738765800,264.45,265.99,263.89,264.13,12681127
1738852200,263.66,263.72,261.49,263.43,8731433
1738938600,265.22,266.345,263.26,263.9,9154042
1739197800,268,268.66,267.24,268.37,13250312
1739284200,267.7,268.36,266.711,267.39,7169450
1739370600,267.15,268.43,266.3451,267.67,9328598
1739457000,268.4,270.39,268.22,270.31,8347547
1739543400,270.07,270.21,265.45,266.29,11546721
1739889000,269.68,271.0099,269.6,270.7,8185949
1739975400,270.68,271.33,269.24,270.85,9342452
1740061800,270.23,271.84,270.17,270.99,7356900
1740148200,270.795,271.51,269.51,270.74,8917431
1740407400,271.45,272.32,270.375,272.21,5374360
1740493800,271.46,271.6796,266.45,268.62,10079777
1740580200,267.08,269.08,266.6612,269.03,7276033
1740666600,266.49,266.67,264.4475,264.93,9374626
1740753000,262.555,263.4,261.25,263.27,11504491
1741012200,265.07,266.88,265.07,266.74,7725647
1741098600,269.01,269.4,267.52,269.06,8481343
1741185000,267.97,270.26,267.96,269.62,6990354
1741271400,268.25,269.51,268.16,268.25,6136447
1741357800,269.09,270.34,267.64,268.39,10431236
1741613400,267.62,268.44,265.64,266.04,7593890
1741699800,268.47,269.73,268.4401,269.16,8436562
1741786200,268.47,271.23,268.36,270.33,7236239
1741872600,271.57,275.345,271.55,275.13,13741460
1741959000,276.27,276.3,274.66,275.24,13364965
1742218200,275.54,276.79,275.39,276.73,8583359
1742304600,279.9,280.215,278.97,279.96,9596547
1742391000,279.85,281.479,279.06,281.11,8822197
1742477400,279.49,280.9,279.43,280.75,5863288
1742563800,279.46,279.46,276.59,278.49,9359340
1742823000,278.91,279.089,276.86,277.25,7870109
1742909400,278.78,279.96,278.27,278.47,5090179
1742995800,278.93,279.02,277.78,278.24,3741843
1743082200,280.55,282.065,279.5868,281.97,8476335
1743168600,283.82,284.64,282.86,284.06,9563660
1743427800,287.53,288.39,285.85,288.14,13925100
1743514200,288.54,289.13,285.91,287.57,15923553
1743600600,288.28,289.03,287.36,288.16,11074787
1743687000,282.78,289.09,282.45,286.42,20524385
1743773400,283.64,284.03,278.02,279.72,21517158
1744032600,278.855,280.14,272.58,273.71,19806990
1744119000,277.8665,278.32,274.24,275.2,12639534
1744205400,282.22,285.87,281.04,285.38,25342180
1744291800,288.805,292.86,287.231,292.35,19837799
1744378200,297.96,299.275,296.81,297.93,21080132
1744637400,295.54,296.58,294.53,296.23,12427590
1744723800,296.93,298.02,296.09,297.78,7924134
1744810200,304.65,308.0599,303.8,307.47,20778079
1744896600,306.31,307.13,302.73,306.12,18287825
1745242200,315.015,316.41,313.945,315.59,20372259
1745328600,317.49,317.63,310.36,311.11,35242287
1745415000,304.18,304.74,300.59,303.65,25421464
1745501400,306.98,308.495,304.71,308.07,10844971
1745587800,301.78,305.37,301.01,304.73,10691590
1745847000,304.15,309.11,302.97,309.07,9375484
1745933400,305.81,306.95,304,306.06,6852106
1746019800,304.605,306.065,303.44,303.77,8331894
1746106200,297.41,297.94,295.32,297.46,14969062
1746192600,300.17,300.85,297.03,297.98,8678366
1746451800,305.92,307.65,304.675,306.88,8924009
1746538200,313.12,315.62,311.4,315.48,11445270
1746624600,312.1,313.26,310.08,310.75,7909976
1746711000,309.76,310.48,303.05,304.63,11927583
1746797400,307.79,308.57,306.0101,306.84,6913131
1747056600,298.33,299.47,296.82,298.19,14375881
1747143000,299.02,300.3,297.24,299.46,10233603
1747229400,293.67,294.8,291.96,293.16,14800596
1747315800,294.1,297.9,293.75,297.84,13497735
1747402200,292.62,294.575,291.78,294.24,14173039
1747661400,297.845,298.58,296.482,298.03,11656261
1747747800,298.35,303.6825,298.3,303.58,12850980
1747834200,304.55,306.46,303.67,305.82,12414518
1747920600,305.09,305.28,302.1,303.11,9704165
1748007000,308.86,310.25,307.47,309.75,13339473
1748352600,303.81,304.875,302.74,304.5,9578486
1748439000,304.64,304.99,303.06,303.81,8803333
1748525400,305.74,306.89,304.46,305.61,9502412
1748611800,303.64,304.02,301.5,303.6,9553260
1748871000,309.21,311.72,308.72,311.67,13593232
1748957400,309.56,309.56,307.15,308.91,9315081
1749043800,309.41,311.88,308.74,310.9,7462529
1749130200,311.24,312.2,307.6501,309.33,10856012
1749216600,309.09,309.2,305.1,305.18,7787508
1749475800,305.39,307.61,305.06,306.62,7159036
1749562200,308.31,308.6,305.87,306.71,7071702
1749648600,307.5,308.615,305.85,308.37,9248766
1749735000,311.74,313.1,311.15,312.2,11531407
1749821400,317.26,317.6,315.0375,316.29,16592949
1750080600,314.8,314.87,311.65,311.78,12848440
1750167000,312.66,313,310.12,311.94,8234115
1750253400,312.89,312.98,309.86,310.26,9370785
1750426200,309.33,310.89,309.25,310.13,8794711
1750685400,310.34,312.67,310.31,311.08,12687916
1750771800,305.07,306.34,303.54,306.19,12035177
1750858200,305.31,307.36,305.12,307.12,6733155
1750944600,305.77,307.28,304.855,306.78,6787517
1751031000,300.03,302.36,299.89,301.22,13301308
1751290200,302.385,304.92,301.95,304.83,8192086
1751376600,308.555,309,307.36,307.55,9335647
1751463000,308.035,309.395,306.96,309.25,8316377
1751549400,307.05,307.57,306.15,307.14,5275838
1751895000,305.07,307.705,304.53,307.37,7351641
1751981400,306.3,306.445,302.77,304.16,11840545
1752067800,303.58,305.54,303.23,305.52,10644077
1752154200,306.11,306.51,304.82,306.2,7059561
1752240600,308.855,310.28,308.5153,309.14,9187302
1752499800,309.07,309.38,307.73,308.01,5772879
1752586200,307.73,308.74,305.79,306.73,8149008
1752672600,307.11,311.09,305.73,308.26,17693100
1752759000,305.5,307.665,305.12,307.59,6642258
1752845400,309.24,309.37,308.32,308.39,5574281
1753104600,311.88,313.31,311.61,313.13,10995756
1753191000,314.48,316.24,313.62,316.1,13691849
1753277400,314,314.96,311.42,312.18,10547520
1753363800,309.29,310.99,309.06,310.27,7698763
1753450200,307.82,308.31,306.2,307.4,9376386
1753709400,306.44,306.58,304.05,305.41,9275440
1753795800,305.8,307.03,304.985,306.25,5741114
1753882200,304.42,304.65,300.955,300.96,13459595
1753968600,304.59,304.61,302.86,302.96,8980956
1754055000,308.61,309.55,307.45,309.11,12843364
1754314200,310.8,311.74,310.37,310.91,7639030
1754400600,310.37,312.24,310.22,311.16,6997693
1754487000,310.32,311.24,309.84,310.5,7418158
1754573400,311.72,313.135,310.7,313.12,10891459
1754659800,312.35,313.53,311,313.05,19886802
1754919000,308.62,309.66,307.63,308.55,10326704
1755005400,308.22,309.305,306.71,308.27,9701725
1755091800,309.1,310.39,308.45,309.21,4718586
1755178200,307.925,308.34,306.52,307.25,5817726
1755264600,307.34,308,306.87,307.43,5990110
1755523800,307.79,307.89,306.625,306.95,6150140
1755610200,306.76,307.4788,305.19,305.27,5029939
1755696600,307.54,308.47,307.4,308.36,6515411
1755783000,307.86,308.15,307.0314,307.29,4808975
1755869400,306.52,311.025,306.43,310.58,8526492
1756128600,309.67,310.84,309.67,309.83,4044429
1756215000,310.62,312.21,310.305,312.08,11698460
1756301400,311.39,312.91,310.77,312.71,4320071
1756387800,313.32,315.08,313.07,315.03,9610202
1756474200,314.72,318.09,314.64,318.07,15642641
1756819800,320.82,325.92,320.24,325.59,21247534
1756906200,327.76,329.45,326.7301,328.14,16062221
1756992600,327.03,327.56,325.35,326.69,11703127
1757079000,329.53,331.44,328.93,331.05,16065150
1757338200,333.66,335.67,333.23,334.82,18617325
1757424600,337.03,338.31,333.85,334.06,21641935
1757511000,335.73,336.5,326.19,335.26,11945670
1757597400,333.37,335.1619,332.97,334.76,9082647
1757683800,335.88,336.39,335.23,335.42,9619709
1757943000,336.31,339.28,336.23,338.91,10569881
1758029400,340.09,340.88,338.62,339.59,12161527
1758115800,338.53,341.24,335.52,336.97,16535307
1758202200,336.22,336.32,333.81,335.62,14913267
1758288600,336.51,339.23,336.3119,339.18,14982567
1758547800,342.75,345.07,341.84,345.05,12386419
1758634200,348.23,348.75,345.32,346.46,18383982
1758720600,346.7,346.8299,342.14,343.32,12709068
1758807000,344.39,345.83,342.47,344.75,12639583
1758893400,345.83,348.25,345.314,346.74,11698212
1759152600,351.79,352.8305,351.28,352.46,15719623
1759239000,351.13,355.57,350.865,355.47,13312353
1759325400,356.17,356.9722,354.79,356.03,15573610
1759411800,358.26,358.67,351.4,354.79,16162050
1759498200,357.12,358.14,355.8,357.64,14463960
1759757400,362.16,365.3,361.37,364.38,17093657
1759843800,366.508,367.27,364.55,366.26,16836765
1759930200,371.65,373.57,370.5,372.3,28052276
1760016600,373.135,373.22,362.83,365.43,33674823
1760103000,367.54,370.31,365.44,369.12,24192782
1760362200,376.5,378.86,375.5797,378.09,18514421
1760448600,378.21,382.38,377.9,380.79,18409632
1760535000,385.93,387.755,384.59,387.39,20598324
1760621400,391.15,396.87,390.4,396.45,33621444
1760707800,397.14,397.28,385.22,388.99,62024965
1760967000,397.45,403.3,394.2,403.15,34523022
1761053400,386.54,388.89,375.65,377.24,54101416
1761139800,372.75,378.47,368.93,377.28,30524126
1761226200,381.46,382.25,378.65,378.79,13695495
1761312600,378.51,380.77,376.81,377.52,13263803
1761571800,371.13,371.59,365.34,367.01,23657603
1761658200,361.81,365.3,360.12,364.38,19257592
1761744600,369.65,370.08,361.3601,363,18891849
1761831000,365.09,370.36,364.5,370.13,14812754
1761917400,370.47,370.6625,365.5,368.12,11077910
1762180200,368.91,370.84,367.54,368.78,7254265
1762266600,363.48,365.74,361.39,362.32,11540059
1762353000,366.39,367.1,364.65,366.51,8357300
1762439400,367.16,368.18,364.7,366.07,6891096
1762525800,367.94,370.42,366.42,368.31,11060358
1762785000,375.93,378.66,374.7814,378.38,13456212
1762871400,379.98,380.4,376.87,379.87,10753182
1762957800,380.07,387.46,379.44,385.99,16203718
1763044200,387.29,388.18,381.21,382.87,15867869
1763130600,372.87,378.2,370.89,375.96,15198027
1763389800,374.035,375.4553,368.52,371.65,13295248
1763476200,374.832,375.54,371.62,374.35,7818783
1763562600,377.775,380.17,373.03,374.96,10980420
1763649000,375.29,377.6925,371.8514,374.85,10506548
1763735400,374.025,377.23,372.94,374.27,13194563
1763994600,374.88,380.28,374.19,380.2,10085318
1764081000,380.255,382.52,378.06,380.08,10462806
1764167400,381.055,383.775,380.46,383.12,9184071
1764340200,385.98,388,384.99,387.88,7175407
1764599400,390.61,390.7001,388.0605,389.75,11177072
1764685800,388.87,388.98,382.9103,387.24,8103923
1764772200,388.46,390.1293,385.83,386.88,7886793
1764858600,386.92,388,385.4,387.13,6754434
1764945000,389.12,391.735,386.175,386.44,9449808
1765204200,387.02,387.2418,384.01,385.42,6822119
1765290600,385.62,388.21,385.27,387.4,6358694
1765377000,385.95,389.76,384.5,389.05,9120475
1765463400,389.02,394.09,388.5,393.24,11240629
1765549800,399.155,400.39,391.47,395.44,16792059
1765809000,397.76,398.71,394.0738,395.8,11345031
1765895400,397.75,398.71,394.59,395.89,9201557
1765981800,398.08,399.98,397.25,399.29,10456889
1766068200,398.28,402.21,396.05,398.57,11837551
1766154600,397.92,400.63,397.17,399.02,9894767
1766413800,406.98,408.52,405.72,408.23,14202068
1766500200,410.3,413.76,407.1,413.64,13193258
1766586600,412.25,412.63,408.83,411.93,6718437
1766759400,416.48,418.45,414.75,416.74,10476234
1767018600,403.66,403.76,395.33,398.6,20679239
1767105000,403.6,403.8,398.56,398.89,10179028
1767191400,398.6,400.13,395.59,396.31,10194738
1767364200,401.62,401.82,396.25,398.28,10372572
1767623400,406.39,409.72,406.15,408.76,13410637
1767709800,410.67,413.48,410.31,413.18,11640912
1767796200,408.63,410.81,406.65,409.23,10589452
1767882600,406.965,411.64,406.4,411.49,8705926
1767969000,413.215,415.29,411.8,414.47,14011238
1768228200,421.52,425.74,421.52,422.23,20904133
1768314600,424.59,426.12,420.07,421.63,16681219
1768401000,426.03,426.86,422.8398,425.94,18305538
1768487400,423.02,425.06,422.79,423.33,14253249
1768573800,422.8,424.8,417.04,421.29,20951571
1768919400,436.69,438.1399,434.1,437.23,21308137
1769005800,446.87,447.9999,437.11,443.6,38830228
1769092200,443.84,452.9841,443.56,451.79,19251185
1769178600,454.11,458.75,453.45,458,21531873
1769437800,466.78,469.28,460.36,464.7,34155974
1769524200,465.07,476.49,463.95,476.1,28386220
1769610600,483.39,495.88,481.2501,494.56,44154580
1769697000,509.51,509.7,468.51,495.9,69970856
1769783400,466.245,470.06,430.8,444.95,86593519
1770042600,434.01,440.78,422.55,427.13,41626234
1770129000,452.63,459,448.31,454.29,28703465
1770215400,462.47,463.1,445.71,453.97,24427923
1770301800,444.29,450.9,440.35,441.88,17718069
1770388200,450.73,456.93,450.03,455.46,12663907
1770647400,461.39,467.56,460.85,467.03,12330874
1770733800,465.96,466.75,459.52,462.4,7861589
1770820200,466,468.61,462.82,467.63,11209595
1770906600,464.9,466.3799,448.06,451.39,20488829
1770993000,459.73,463.8399,456.25,462.62,12359348
1771338600,450.26,451.37,445.53,448.2,10976087
1771425000,455.81,460.51,455.324,458.28,10226301
1771511400,457.34,461.505,456.03,459.56,8411438
1771597800,463.25,468.62,458.34,468.62,14316250
1771857000,474.65,481.46,474.61,481.28,17441572
1771943400,470.085,475.44,469.55,474.61,14147095
1772029800,475.74,479.53,472.9,473.42,12954283
1772116200,474.95,477.83,442.04,477.48,12375047
1772202600,480.75,483.9,479.11,483.75,16795079
1772461800,490.095,492.15,483.28,490,19916577
1772548200,472.83,473.2,458.93,468.14,22591538
1772634600,474.82,476.415,469.39,471.8,9985887
1772721000,470.45,470.67,463.91,466.13,11674826
1772807400,469.04,475.46,467.07,473.51,10489815
1773063000,468.09,472.68,464.79,472.53,8829848
1773149400,479.74,481.31,474.21,477.86,9616837
1773235800,476.13,477.45,473.13,476.24,7522851
1773322200,475.02,475.02,466.6,466.88,11900580
1773408600,469.31,470.102,460.22,460.84,11741579
1773667800,461.265,462.8,456.905,460.43,8964093
1773754200,460.51,462.21,456.87,459.27,7610091
1773840600,446.66,450.06,444.39,444.74,18375612
1773927000,420.36,428.2677,416.8,426.41,30205977
1774013400,428.09,428.59,411.23,413.38,27204938
1774272600,405.12,414.54,399.6401,404.04,36796839
1774359000,400.24,407.29,399.2,404.13,17478516
1774445400,419.705,420.66,412.25,416.29,15713158
1774531800,408.53,411.37,400.26,400.64,15756339
1774618200,406.2,418.4,405.41,414.7,16580719
1774877400,419.54,420.1,412.66,414.58,13172067
1774963800,420.075,430.57,419.59,430.29,14534303
1775050200,435,440.19,433.76,437.82,14133118
1775136600,422.29,431.67,421.17,429.41,10838639
1775482200,428.87,431.49,426.71,427.65,5417250
1775568600,427.895,433.43,423.1,431.81,7263495
1775655000,439.98,440.44,431.31,434.53,9689696
1775741400,436.47,440.905,435.87,437.91,6748462
1775827800,438.59,440.35,436,437.13,6193254
1776087000,434.775,436.22,431.63,435.36,5549419
1776173400,439.32,445.18,439.02,445.09,8731650
1776259800,442.88,443.74,439.6,440.46,6455885
1776346200,442.15,442.98,438.18,440.08,5350127
1776432600,445.65,448.7,445.32,445.93,9711965
1776691800,443.13,443.42,440.05,442.09,8473002
1776778200,438.55,440.245,428.71,429.57,9480023
1776864600,436.27,437.17,433.78,435.26,5178054
1776951000,433.96,435.2913,428.22,431.04,4976399
1777037400,431.335,435.28,430.6501,433.25,5924116
1777296600,431.66,431.8,428.52,429.89,6105233
1777383000,420.72,422.52,418.4,421.91,7723432
1777469400,416.74,419.1705,414.16,417.41,6452572
1777555800,425.34,425.46,422.7394,423.66,6732811
1777642200,421.412,427.93,421.08,423.18,5911487
1777901400,418.84,420.86,413.2801,414.71,7285730
1777987800,420.15,421.16,417.905,418.27,4279931
1778074200,430.15,433.19,429.6,430.96,7013889
1778160600,435.61,437.42,430.25,431.68,6816211
1778247000,434.05,436.2,431.7,433.77,5380821
1778506200,434.182,436.04,432.21,434.65,5569059
1778592600,430.7,432.98,425.85,432.93,6660930
1778679000,430.52,432.49,428.75,430.5,4180266
1778765400,430.3,431.54,427.1,427.21,4021406
1778851800,417.64,419.2484,414.12,417.29,9360392
1779111000,419.82,420.9299,416.06,418.43,5628254
1779197400,412.45,414.47,409.8808,411.5,5419418
1779283800,412.14,417.99,410.08,417.4,6004981
1779370200,413.14,418.42,411.95,416.99,4679936
1779456600,415.17,415.68,412,413.82,5528437
1779802200,415.16,415.98,411.5,414,5098408
1779888600,404.335,409.25,404.3,408.49,6624575
1779975000,406.48,414.51,405.4108,412.77,7184086
1780061400,415.62,421.82,415.08,417.12,7705706
1780320600,409.86,412.61,408.24,411.26,6158855
1780407000,414.08,414.3999,411.1,411.95,3823879
1780493400,408.38,409.38,406.225,407.87,5038037
1780579800,413.37,414.37,409.01,411.27,4646545
1780666200,404.38,404.719,395.92,396.24,11473872
1780925400,397.52,398.98,396.03,397.27,8057349
1781011800,397.57,400.48,388.75,390.78,9567301
1781098200,380.75,384.21,374.55,374.58,13956163
1781184600,373.96,387.21,371.88,386.32,12622475
1781271000,385.73,388.77,383.35,386.54,7532577
1781530200,399.49,401,396.15,396.55,10477124
1781616600,397.83,398.96,395.82,397.63,6003963
1781703000,397.82,402.04,387.08,388.6,13343023
1781789400,391.24,392.5,385.6,387.12,7627319
1782135000,384.25,386.41,382.64,384.59,7835120
1782221400,377.722,380.35,377.17,377.32,7389590
1782307800,364.81,370.9,363.32,365.92,12741716
1782394200,368.99,371.0398,366.8,369.46,9164674
1782480600,372.27,375.85,371.18,373.63,5603324
1782739800,370.575,371.19,366.97,368.58,5006269
1782826200,369.22,372.83,368.255,368.38,5302053
1782912600,371.205,377.78,370.21,370.6,9058287
1782999000,377.435,380.27,376.2862,378.13,7607967
1783344600,380.21,382.43,378.83,382.13,3906524
1783431000,382.39,383.5999,375.52,377.49,4815434
1783517400,373.17,375.47,368.95,374.45,7728535
1783603800,378.505,379.65,377.41,378.18,4754582
1783690200,375,377.55,373.7,377.01,5455434
1783949400,372.77,372.8912,365.77,367.13,7161731
1784035800,374.53,376.28,370.92,372.15,6303383
1784122200,372.11,374.49,369.5,372.35,7683667
1784208600,367.45,368.43,364.05,364.96,9048047
1784295000,364.11,369.21,363.6,368.41,6456632
1784554200,367.79,368.7893,366.8,367.6,3922524
1784640600,371.7,375.01,371.07,374.81,6070621
1784727000,379.068,382.22,378.83,379.12,7115061
1784813400,372.36,373.0852,370.53,371.52,9820641
1784899800,371.26,374.49,371.03,371.9,3852356
1785159000,373.89,375.53,372.91,374.63,3699961
1785245400,369.605,371.23,367.98,369.37,4819262
1785331800,368.29,377.62,366.526,371.08,11839935
1785418200,374.16,377.86,373.755,377.16,5968409
1785504600,370.84,372.01,368.815,371.54,6825924
1785763800,370.1,372.035,368.6428,371.71,4968937
1785850200,374.14,376.69,373.71,374.16,5723063
1785936600,384.96,391.51,384.32,389.64,14758685
1786023000,389.5,392.12,387.27,389.67,10954325
1786109400,399.595,400.66,396.95,398.47,13324498
1786368600,397.714,403.24,395.93,402.54,11056999
1786455000,403.44,404.03,399.89,400.96,7439138
1786541400,405.31,407.36,403.22,404.92,10383089
1786627800,402.17,402.58,398.28,398.96,8695240
1786714200,402.18,403.33,400.935,401.48,6749803
1786973400,402.335,406.23,402.18,405.49,9604102
1787059800,402.55,404.32,397.87,398.55,10660892
1787146200,408.81,414,407.47,413.84,17480673
1787232600,410.08,416.45,409.82,415.26,13900940
1787319000,420.53,424.89,419.42,423.36,14528985
1787578200,428.55,429.42,424.2,426.69,18942968
1787664600,422.775,428.1399,422.33,428.07,12450559
1787751000,423,424.95,420.31,421.32,9816476
1787837400,420.815,423.35,418.43,422.6,7088987
1787923800,422.24,424.79,407.62,408.89,25044424
1788183000,407.76,408.8,404.9,408.42,9490022
1788269400,398.285,401.25,396.45,396.75,13143009
1788355800,399.71,403.33,399.58,402.78,13714094
1788442200,410.71,413.54,408.54,410.22,12509474
1788528600,404.66,408,403.96,406.77,9819435
1788874200,403.56,404.28,399.48,399.72,8992198
1788960600,406.11,406.56,401.1815,403.35,8188431
1789047000,399.53,401.15,395.451,396.36,10202948
1789133400,402.526,403.65,398.14,398.77,10962990
