t,o,h,l,c,v
1412688600,29.245,29.2925,28.705,28.705,30924560
1412775000,28.7395,29.2345,28.382,29.187,44207200
1412861400,29.0805,29.1265,28.4515,28.5405,48269060.00000001
1412947800,28.3735,28.7615,27.7505,27.7595,59593459.99999999
1413207000,27.7565,28.04375,27.2215,27.2375,55130160.00000001
1413293400,27.507,27.9315,27.225,27.4345,52200660.00000001
1413379800,27.104,27.19575,26.4211,27.0365,76724440
1413466200,26.35,27.0495,26.2475,26.846,76100920
1413552600,27.0225,27.1725,25.9205,26.1485,119974799.99999999
1413811800,26.0225,26.658,25.957,26.619,54996600.00000001
1413898200,26.8635,26.9385,26.51,26.9015,49202800.00000001
1413984600,27.0525,27.538,27.0115,27.1345,59490999.99999999
1414071000,27.414,27.87,27.275,27.6825,43073560
1414157400,27.749,27.75,27.258,27.445,43515340
1414416600,27.388,27.7,27.36,27.494,31968180
1414503000,27.5855,27.96,27.5215,27.947,34793320
1414589400,28.0425,28.2485,27.799,27.9225,41067100
1414675800,27.9125,28.125,27.6065,28.0135,32249380
1414762200,28.415,28.4365,28.2405,28.3935,46830780.00000001
1415025000,28.1765,28.3575,28.0815,28.1885,30886760
1415111400,28.058,28.2395,27.915,28.2095,27730180
1415197800,28.3395,28.345,27.7075,27.7975,32905280
1415284200,27.775,27.83995,27.529,27.5845,33014420
1415370600,27.78,27.78,27.4675,27.591,31782620
1415629800,27.62,28.0315,27.581,27.9115,26089620
1415716200,27.926,28.125,27.812095,28.0645,22003580
1415802600,28.0575,28.0625,27.775,27.9125,21882280
1415889000,28.0405,28.040995,27.7045,27.822,30219780
1415975400,27.9,27.9,27.6255,27.7595,28501200
1416234600,27.7595,27.7595,27.222,27.332,33612420
1416321000,27.3965,27.6395,27.19,27.2255,36443320
1416407400,27.2375,27.411,26.9595,27.36,30345720
1416493800,27.1045,27.269,27.075,27.188,35015160
1416580200,27.552,27.552,27.25,27.2945,50119760.00000001
1416839400,27.3285,27.5595,27.2075,27.374,33075460
1416925800,27.3605,27.625,27.3455,27.4615,38071780
1417012200,27.4615,27.494,27.2615,27.3865,29605880
1417185000,27.35,27.48,27.224005,27.454,24201220
1417444200,27.2545,27.4395,26.931,26.9825,39887980
1417530600,26.9725,27.0925,26.73285,26.9295,41479480
1417617000,26.875,27.07025,26.7605,26.8485,32479540
1417703400,26.882,27.1345,26.7445,27.129,32673760
1417789800,26.835,26.91,26.363,26.404,61402359.99999999
1418049000,26.461,26.69075,26.35,26.5365,64636359.99999999
1418135400,26.29375,26.8325,26.1705,26.8055,43376260
1418221800,26.795,26.968,26.3745,26.402,46324080.00000001
1418308200,26.5005,26.852,26.458,26.6055,41465800
1418394600,26.372,26.612,26.073,26.0755,47430860.00000001
1418653800,26.188,26.2685,25.76985,25.792,52439540.00000001
1418740200,25.68,25.779,24.8595,24.908,86997640
1418826600,24.993,25.4535,24.9555,25.3225,72788740
1418913000,25.7995,25.8125,25.328,25.731,77534640
1418999400,25.8495,26.0405,25.443,26.002,97441180.00000001
1419258600,26.0305,26.6485,26.0295,26.615,66389219.99999999
1419345000,26.7255,27.115,26.686,26.9385,57544439.99999999
1419431400,26.941,27.0145,26.755,26.8465,14756960
1419604200,26.8465,27.1625,26.7745,27.076,22269280
1419863400,27.025,27.1965,26.858,26.8655,44372640
1419949800,26.748,26.892,26.6805,26.764,20972620
1420036200,26.887,26.92,26.51,26.533,24728900
1420209000,26.63,26.79,26.394,26.4775,26557400
1420468200,26.3575,26.399495,25.8875,25.973,41182380
1420554600,26.025,26.0605,25.2775,25.332,54636260.00000001
1420641000,25.5475,25.5745,25.1825,25.2575,46917500.00000001
1420727400,25.0755,25.375,24.751,25.3455,73244480
1420813800,25.409,25.43,24.9325,25.036,42000480
1421073000,24.962,25.014,24.5455,24.853,57138759.99999999
1421159400,25.1285,25.43,24.863,25.09,61005899.99999999
1421245800,25.021,25.413,24.908,25.2965,52799180.00000001
1421332200,25.4445,25.4875,25.1005,25.2005,51133640.00000001
1421418600,25.1575,25.5425,25.1545,25.52275,49657160.00000001
1421764200,25.6385,25.7805,25.4685,25.497,46872240.00000001
1421850600,25.542,26.09255,25.4795,26.0195,46355780.00000001
1421937000,26.15,26.942,26.0955,26.865,56068019.99999999
1422023400,26.9015,27.2705,26.78754,27.0975,45965800.00000001
1422282600,27.075,27.075,26.6035,26.836,30931260
1422369000,26.57,26.639,26.04306,26.0595,39148800
1422455400,26.25,26.2845,25.6175,25.6215,35821540
1422541800,25.645,25.7595,25.174,25.6615,79017140
1422628200,25.95,27.155,25.909,26.8775,121108899.99999999
1422887400,26.716,26.825,26.086,26.61,75377220
1422973800,26.497,26.8725,26.3405,26.665,47061920.00000001
1423060200,26.657,26.8373,26.2515,26.305,33896640
1423146600,26.3965,26.5345,26.282,26.4915,33175020
1423233000,26.5505,27.01075,26.4325,26.69375,42938440
1423492200,26.553,26.694,26.3775,26.464,30313740
1423578600,26.6075,27.05,26.458625,27.008,47429360.00000001
1423665000,26.9865,27.0975,26.8,26.9,38306720
1423751400,26.983,27.417,26.85,27.3005,48590400.00000001
1423837800,27.3755,27.627,27.33,27.558,47382300.00000001
1424183400,27.558,27.65,27.163,27.2505,39173580
1424269800,27.191,27.3775,26.9775,27.1325,31163060
1424356200,27.1235,27.343,27.0375,27.3225,30833380
1424442600,27.379,27.379,26.905,27.09,38234640
1424701800,26.95,26.965,26.6,26.75,32905520
1424788200,26.5775,26.97,26.55,26.9325,28427460
1424874600,26.922,27.4785,26.9005,27.3665,40836540
1424961000,27.287,28.006495,27.2545,27.9645,54031680.00000001
1425047400,27.9075,28.471,27.8515,28.1315,68328900
1425306600,28.35,28.7995,28.1575,28.751,50406080.00000001
1425393000,28.8175,29.0425,28.525,28.93975,50525600.00000001
1425479400,28.8485,29.0815,28.626,28.9165,37963000
1425565800,28.981,29.16,28.9115,29.07175,35917780
1425652200,29.1,29.139,28.603,28.645,37592380
1425907800,28.546,28.7725,28.4525,28.705,23484880
1425994200,28.42375,28.4881,27.991,27.9925,40080480
1426080600,27.99,28.209,27.7705,27.7845,40523160
1426167000,27.924,28.092,27.7765,28.0585,35601140
1426253400,27.9615,28.218,27.5165,27.65,35427080
1426512600,27.8465,28.1875,27.566,28.082,36855080
1426599000,27.9145,28.032,27.7205,27.8805,28891200
1426685400,27.8865,28.3255,27.675,28.308,35324420
1426771800,28.226,28.348,28.106,28.1835,24659380
1426858200,28.3355,28.355,28.224,28.2475,44320760
1427117400,28.3,28.481995,28.153,28.2685,30233720
1427203800,28.427,29.094,28.4045,28.877,79156880
1427290200,28.8785,29.0035,28.35,28.35,53069020.00000001
1427376600,28.2325,28.3595,27.9155,28.182,49842820.00000001
1427463000,28.0915,28.2033,27.8465,27.8775,34552580
1427722200,28.0125,28.108,27.8395,28.05675,24787000
1427808600,27.897,28.1225,27.7335,27.735,34932440
1427895000,27.7415,27.925,27.3015,27.4745,38901800
1427981400,27.3705,27.4,27.022,27.0655,47760380.00000001
1428327000,26.942,27.277,26.785,27.1975,33717880
1428413400,27.2495,27.508,27.17925,27.243,27318320
1428499800,27.3,27.575,27.3,27.442,28386320
1428586200,27.4605,27.4685,27.09755,27.401,32365980
1428672600,27.4785,27.4925,27.249,27.427,26104380
1428931800,27.3525,27.6635,27.315,27.432,29325540
1429018200,27.3285,27.3285,26.787,26.989,47206580.00000001
1429104600,26.898,27.1595,26.6185,27.052,46961740.00000001
1429191000,26.9175,27.26145,26.905,27.176,31721760
1429277400,26.8655,26.99,26.45,26.637,49233960.00000001
1429536600,26.6875,27.29,26.6675,27.2265,38521280
1429623000,27.3155,27.388725,27.1105,27.14625,29127740
1429709400,27.153,27.55,27.066,27.459,31806400
1429795800,27.5205,28.0585,27.504,27.873,78183100
1429882200,29.0025,29.235,28.4175,28.683,92168060.00000001
1430141400,28.6385,28.776,28.115,28.306,48062100.00000001
1430227800,28.216,28.3915,28.048,28.2185,37195740
1430314200,28.0255,28.292,27.95,28.0695,33621280
1430400600,27.928,28.0555,27.336,27.4385,47240480.00000001
1430487000,27.5255,27.561,27.1925,27.558,36571320
1430746200,27.5495,27.8345,27.3695,27.642,35259040
1430832600,27.508,27.6305,27.1185,27.15225,28528340
1430919000,27.132,27.1965,26.61175,26.754,39034560
1431005400,26.795,27.26,26.6725,27.102,31844400
1431091800,27.4435,27.64,27.4015,27.4475,28225280
1431351000,27.4245,27.668495,27.28,27.289,21858460
1431437400,27.1405,27.14805,26.75,26.9365,35282460
1431523800,27.0235,27.192,26.949,26.9745,24238400
1431610200,27.1985,27.4845,27.125,27.46,31736660
1431696600,27.5195,27.53,27.125,27.3245,33439540
1431955800,27.191,27.417,27.1125,27.3335,26705120
1432042200,27.4,27.67,27.356,27.464,47125480.00000001
1432128600,27.546,27.80325,27.255,27.6255,30839240
1432215000,27.51,27.8805,27.46505,27.8405,34170240
1432301400,27.723,27.912,27.681,27.726,24265760
1432647000,27.629,27.666525,27.1485,27.3595,37474180
1432733400,27.434,27.7645,27.329065,27.7125,34844740
1432819800,27.6895,27.788,27.54,27.709,23546360
1432906200,27.66,27.697,27.252,27.266,43445640
1433165400,27.4365,27.5285,27.179,27.4605,33210000
1433251800,27.3715,27.9395,27.3275,27.6975,31856560
1433338200,27.755,27.8995,27.6075,27.7645,26709580
1433424600,27.609,27.798,27.456,27.5845,26866340
1433511000,27.6,27.6665,27.3692,27.4765,24396820
1433770200,27.4805,27.4935,27.1475,27.174,27336320
1433856600,27.171,27.242,26.94253,27.108,30016920
1433943000,27.285,27.739,27.2555,27.63,30316100
1434029400,27.7245,27.7415,27.4585,27.502,25871200
1434115800,27.3575,27.4425,27.2815,27.3735,25467660
1434375000,27.1365,27.2025,26.9605,27.15,27149620
1434461400,27.224,27.3345,27.07862,27.2435,32526980
1434547800,27.271,27.418,27.0905,27.33,24440980
1434634200,27.4,27.8625,27.4,27.809,41192060
1434720600,27.826,27.8955,27.6129,27.876,59289779.99999999
1434979800,27.9705,28.2805,27.9455,27.984,34751380
1435066200,27.9895,28.245,27.8575,28.1695,31396160
1435152600,28.124,28.132,27.8405,27.9285,28923120
1435239000,28.015,28.157,27.87275,27.8975,26705400
1435325400,27.9855,28,27.5925,27.653,43675060
1435584600,27.3375,27.545,27.012,27.0625,37756320
1435671000,27.2545,27.295,26.977,27.002,34509280
1435757400,27.183,27.2905,26.988,27.165,30759460
1435843800,27.237,27.4,27.1785,27.367,28124260
1436189400,27.1125,27.429,27.10475,27.281,25613740
1436275800,27.3715,27.55,26.9925,27.5015,33595180
1436362200,27.28,27.414,27.06,27.085,27661300
1436448600,27.4325,27.444,27.231,27.2325,29766480
1436535000,27.6855,27.9645,27.6,27.8055,43435000
1436794200,27.9755,28.6425,27.935,28.5865,41792820
1436880600,28.725,29.485435,28.7085,29.209,74831660
1436967000,29.187,29.4345,29.0105,29.198,41466600
1437053400,29.475,30.225,29.396,30.089,112641079.99999999
1437139800,34,35.15,33.9,34.981,257162719.99999997
1437399000,34.449,34.89,34.0885,34.642,102435040.00000001
1437485400,34.244,35.28,34.2075,34.7675,75604600
1437571800,34.701,35.6665,34.581,34.755,83099740
1437658200,34.5925,34.8035,33.5795,33.7365,76231960
1437744600,33.8385,33.8895,32.659,32.7385,82622740
1438003800,32.5785,33.3535,32.5775,32.9135,58382199.99999999
1438090200,33.088,33.205,32.6705,32.983,34363860
1438176600,33.113,33.1665,32.642,33.0715,36756100
1438263000,32.872,33.4025,32.5845,33.228,39606900
1438349400,33.235,33.249995,32.86,32.875,34921880
1438608600,32.883,33.3335,32.883,33.236,31348140
1438695000,33.217,33.4,33.0255,33.064,26188200
1438781400,33.2875,33.9955,33.279135,33.6645,36447740
1438867800,33.6995,33.7375,33.0365,33.5075,40659680
1438954200,33.389,33.43975,32.9435,33.2195,27543040
1439213400,33.3545,33.581,33.0115,33.157,34458300
1439299800,34.979,35.2,34.216,34.515,109880220.00000001
1439386200,34.7245,34.8,34.0255,34.5735,58646559.99999999
1439472600,34.46,34.7015,34.109,34.3255,36354960
1439559000,34.202,34.613,34.145,34.4685,27597100
1439818200,34.402,34.737,34.153,34.7055,24679020
1439904600,34.5535,34.78784,34.266,34.4365,27710880
1439991000,34.5055,35.01,34.34,34.702,50193940.00000001
1440077400,34.455,34.808,33.764005,33.974,57797539.99999999
1440163800,33.552,33.6445,32.1552,32.2015,91879400.00000001
1440423000,30.03,32.2165,29.6545,30.9055,129788599.99999999
1440509400,32.323375,32.35,30.5835,30.6235,71429380
1440595800,32.155,33.124,31.5185,32.987,87739700
1440682200,33.5995,33.698995,32.555,33.398,58974719.99999999
1440768600,33.288,33.35,32.6875,32.9845,38836660
1441027800,32.717,33.2205,32.3175,32.391,38936880
1441114200,31.6905,32.222,31.253,31.478,51457680.00000001
1441200600,31.9,32.25285,31.532,32.2455,37629780
1441287000,32.3965,32.5625,31.690365,31.8525,34571240
1441373400,31.485,31.725,31.325,31.448,40499800
1441719000,32.05,32.252,31.645,32.194,39092960
1441805400,32.594,32.868,32.045,32.1705,40978160
1441891800,32.195,32.745,32.085,32.554,27849620
1441978200,32.5105,32.7655,32.3705,32.765,34892300
1442237400,32.7815,32.796,32.47505,32.6235,29952540
1442323800,32.8355,33.4425,32.667,33.2535,35546400
1442410200,33.2775,33.403495,33.11,33.276,26251960
1442496600,33.3745,34.0995,33.25,33.5835,47752100.00000001
1442583000,33.253,33.492,33.0015,33.046,72544200
1442842200,33.2755,33.45,32.9,33.349,39093340
1442928600,32.8735,32.941,32.2515,32.66,54361620.00000001
1443015000,32.645,33.014,32.536505,32.6645,29159900
1443101400,32.4485,32.838495,32.10825,32.7455,38692780
1443187800,32.929,32.929,31.98275,32.0075,48479840.00000001
1443447000,31.9525,32.1425,30.892,31.2125,47646000.00000001
1443533400,31.275,31.734,30.9015,31.1305,42129320
1443619800,31.5915,31.9655,31.4575,31.9185,52953100.00000001
1443706200,31.897,32.192,31.55575,32.1,42506300
1443792600,31.9005,32.912775,31.675,32.8495,48788700.00000001
1444051800,33.08,33.651375,32.7935,33.584,37960240
1444138200,33.4675,33.94,33.154115,33.582,43148180
1444224600,33.87,33.937,32.9055,33.5,44353440
1444311000,33.4725,33.5945,32.7245,33.35,39307940
1444397400,33.3745,33.70425,33.118,33.562,32123560
1444656600,33.4595,33.899,33.362,33.8215,26684500
1444743000,33.713,34.423,33.6554,34.1585,42446760
1444829400,34.1865,34.502,33.945,34.0205,31291640
1444915800,34.2625,34.708,34.2195,34.651,47156580.00000001
1445002200,34.77,34.811,34.455,34.766,36315180
1445261400,34.7,35.011985,34.6105,34.9975,30171700
1445347800,34.8945,34.9,33.684,34,52434380.00000001
1445434200,34.1605,34.245,33.535,33.59,32168720
1445520600,33.772,34.402495,33.585,34.057,88631900
1445607000,37.503,37.625,35.897,35.9665,126726379.99999999
1445866200,36.001,36.7475,36.001,36.556,48776940.00000001
1445952600,36.3285,36.79821,36.20675,36.641,38778320
1446039000,36.65,36.8685,36.3635,36.846,39603080
1446125400,36.8315,37.3395,36.758,37.2425,36519140
1446211800,37.278,37.3155,36.8265,36.8695,39983220
1446474600,36.894,37.409,36.5725,37.387,39914160
1446561000,37.2715,37.5849,37.058,37.441,36306000
1446647400,37.495,37.995,37.46,37.7655,41839980
1446733800,37.9405,38.3175,37.8735,38.0335,45486280.00000001
1446820200,37.9695,38.1511,37.7515,38.08,33543980
1447079400,37.926,38.165,37.4555,37.7385,35537220
1447165800,37.674,38.03,37.4205,37.913,29798580
1447252200,38.119,38.454,37.9875,38.2625,41918440
1447338600,38.009,38.28995,37.793,37.8265,35451100
1447425000,37.702,37.7665,36.9735,37.0035,48187260.00000001
1447684200,37.0105,37.5855,36.7165,37.521,50703960.00000001
1447770600,37.6235,37.7475,37.2025,37.299,38863120
1447857000,37.4785,38.055,37.3695,38.0005,36266720
1447943400,37.989,38.1615,37.8615,37.997,28078260
1448029800,38.465,38.9659,38.205,38.85,55478880.00000001
1448289000,38.8735,39.145,38.6755,38.835,34648000
1448375400,38.648,38.7995,37.9055,38.4815,47880200.00000001
1448461800,38.5845,38.65,38.3265,38.463,23612860
1448634600,38.458,38.7,38.350005,38.5985,14446400
1448893800,38.5935,38.7515,38.056,38.1425,33586980
1448980200,38.347,39.25,38.2975,39.1895,40397280
1449066600,39.2625,39.652375,38.8215,38.8925,46876820.00000001
1449153000,39.028,39.224,38.1225,38.41,41949880
1449239400,38.4855,39.121,38.2755,38.9605,49799960.00000001
1449498600,39.003,39.05,38.336,38.6495,36625740
1449585000,38.225,38.9325,38.126,38.757,31082420
1449671400,38.555,38.80463,37.60033,38.1275,46549420.00000001
1449757800,38.1795,38.303275,37.75,38.002,32458800
1449844200,37.45,37.872,37.4325,37.521,43183280
1450103400,37.563,38.2075,36.813,38.127,54170400.00000001
1450189800,38.3895,38.7375,37.9,38.0045,49386380.00000001
1450276200,38.3285,39.075,37.85225,38.8295,53120200.00000001
1450362600,39.058,39.0795,38.465,38.4915,36510760
1450449000,38.3615,38.707,37.8295,37.8425,67794040
1450708200,38.1525,38.3175,37.7075,38.04,34847360
1450794600,38.2135,38.517,38.06,38.3565,36338700
1450881000,38.5345,38.595,37.8825,38.4255,30594840
1450967400,38.426,38.46,38.2195,38.292,10422820
1451313000,38.5,39.14075,38.3865,39.112,31155100
1451399400,39.3495,39.9345,39.3101,39.698,38429600
1451485800,39.698,39.82275,39.36,39.515,28565600
1451572200,39.391,39.4165,38.866,38.9005,32751220
1451917800,38.11,38.11,37.377,37.972,67381360
1452004200,38.205,38.46,37.7825,38.0765,45215900.00000001
1452090600,37.5185,38.2865,37.4,37.9665,48206020.00000001
1452177000,37.3245,37.7655,36.764,37.05,63131259.99999999
1452263400,37.39,37.506,36.446005,36.5455,47506960.00000001
1452522600,36.5975,36.754,35.978,36.6535,50896120.00000001
1452609000,37.0375,37.417,36.8215,37.267,46815060.00000001
1452695400,37.467,37.65,35.839,35.9785,51727900.00000001
1452781800,36.222,36.9945,35.25,36.5695,55557360.00000001
1452868200,35.4995,36.2079,35.0755,35.5245,76675020
1453213800,36.0075,36.2675,35.4925,35.954,48724400.00000001
1453300200,35.295,36.3475,34.389,35.928,82440200
1453386600,36.0085,36.8835,35.5555,36.3335,51938320.00000001
1453473000,37.1,37.428,37.025,37.273,47146300.00000001
1453732200,37.192,37.623,36.62505,36.681,45340620.00000001
1453818600,36.7605,36.973,36.3485,36.6895,30940980
1453905000,36.7945,36.7945,35.6725,35.879,42428680
1453991400,36.9095,37.558,36.53,37.415,62104439.99999999
1454077800,37.448,38.25525,37.21,38.0675,75807900
1454337000,38.563,38.8795,38.069,38.5385,111521780.00000001
1454423400,40.025,40.5175,39.03,39.0455,135846620
1454509800,39.314,39.5715,36.813,37.469,131114619.99999999
1454596200,37.2295,37.262,36.130005,36.5015,104922460.00000001
1454682600,36.275,36.336,35.007,35.188,109556420.00000001
1454941800,34.384,35.226,34.1005,35.208,89410280
1455028200,34.6475,36.048,34.425,35.051,84299000
1455114600,35.5895,36.161,35.2695,35.3425,60314659.99999999
1455201000,34.817,35.61575,34.5595,35.318,65004119.99999999
1455287400,35.6105,35.8,35.079,35.3445,46537780.00000001
1455633000,35.9325,36.143945,35.509,35.882,43444260
1455719400,36.35,36.688,35.8305,36.5985,49154300.00000001
1455805800,36.698,36.8,35.7775,35.8755,47276920.00000001
1455892200,35.795,36.2015,35.656,36.1055,34918800
1456151400,36.4755,36.74225,36.1725,36.4525,37516480
1456237800,36.305,36.545,35.7835,35.8645,41331320
1456324200,35.5305,36.061,35.101,36.045,37092240
1456410600,36.1465,36.4755,35.6615,36.456,36145160
1456497000,36.68,36.808,36.09696,36.243,42473800
1456756200,36.05,36.53,35.842,35.861,45068520.00000001
1456842600,36.065,37.1165,35.932,37.1085,60111059.99999999
1456929000,37.1435,37.15605,36.6625,36.974,36292860
1457015400,36.974,37.05,36.4815,36.5795,40534000
1457101800,36.74,36.75,36.281,36.511,48515000.00000001
1457361000,36.2575,36.3605,35.257,35.64,61765559.99999999
1457447400,35.4195,36.1125,35.2,35.6765,52529900.00000001
1457533800,35.75825,36.312,35.633,36.2705,39543380
1457620200,36.3895,36.827,36.1645,36.6085,44616220
1457706600,36.9975,37.245,36.835,37.2435,35379900
1457962200,37.2485,37.713,37.183125,37.512,32823780
1458048600,37.301,37.6505,37.142,37.5285,29831560
1458135000,37.4525,37.95,37.325,37.868,29305700
1458221400,37.8825,38.267,37.868,37.924,44564880
1458307800,38.0815,38.107,37.591,37.7705,56230359.99999999
1458567000,37.6955,38.167,37.5635,38.108,28773160
1458653400,37.922,38.25,37.89375,38.0025,22095680
1458739800,38.1675,38.2695,37.8015,37.878,24677080
1458826200,37.56,37.87775,37.525,37.742,31116880
1459171800,37.8085,37.915,37.602,37.664,21676460
1459258200,37.684,38.359,37.4145,38.2945,40061220
1459344600,38.4105,38.8655,38.379,38.417,40395100
1459431000,38.417,38.45421,37.9125,38.145,32553380
1459517400,37.858,38.502,37.76,38.4835,31673960
1459776600,38.4755,38.622,38.08925,38.256,26928480
1459863000,37.9065,38.1435,37.78,37.9285,24478100
1459949400,37.892,38.421,37.815,38.4035,25311540
1460035800,38.266,38.468,37.875,38.006,25497040
1460122200,38.2935,38.3565,37.7885,37.9735,23437340
1460381400,38.2725,38.361,37.867,37.877,31773840
1460467800,37.9215,38.246,37.57825,38.216,27387160
1460554200,38.5155,38.7875,38.22954,38.5955,35426160
1460640600,38.768,38.9805,38.661,38.7695,26992200
1460727000,38.775,39.0465,38.746505,39,31711680
1460986200,39.0095,39.4275,38.8805,39.384,33540300
1461072600,39.525,39.5475,38.5135,38.8125,43952300
1461159000,38.958,38.983,38.5635,38.746,34261760
1461245400,38.8655,39.083995,38.5775,39,77628400
1461331800,37.1955,37.696,36.5185,36.8885,140798960
1461591000,36.7675,37.244,36.755,37.1105,49441220.00000001
1461677400,37.221,37.2795,36.016,36.2685,55864200.00000001
1461763800,36.266,36.3575,35.454,36.073,66262739.99999999
1461850200,36.1645,36.463,35.16,35.253,62590039.99999999
1461936600,35.206,35.6055,35.189,35.394,58277959.99999999
1462195800,35.596,35.7705,35.318,35.7205,33476400
1462282200,35.625,35.6685,35.3665,35.422,38620800
1462368600,35.3385,35.7525,35.2025,35.5685,34172180
1462455000,35.75,35.8775,35.472505,35.7355,29667140
1462541400,35.61,36.2995,35.5975,36.259,39952560
1462800600,36.335,36.7145,36.175,36.4565,38073780
1462887000,36.748,37,36.5805,36.969,32634280
1462973400,37.026,37.04,36.395125,36.5275,29834920
1463059800,36.6,36.7685,36.2135,36.4035,27094340
1463146200,36.331,36.5645,36.1755,36.2415,25243220
1463405400,36.216,36.634,36,36.515,22537240
1463491800,36.553,36.7925,35.9,36.0095,33403520
1463578200,35.925,36.2785,35.751,36.089,32536000
1463664600,35.915,36.025,35.51525,35.7655,30598200
1463751000,35.823,36.385,35.7505,36.0855,34797900
1464010200,35.999,36.174995,35.847,35.8625,24816520
1464096600,35.9925,36.71,35.98225,36.6515,37883220
1464183000,36.75,36.9945,36.63,36.905,32332480
1464269400,36.8,37.055,36.65,36.8465,27202380
1464355800,36.8755,37.3955,36.8505,37.38,34802600
1464701400,37.438,37.674,37.2785,37.4425,42484960
1464787800,37.4235,37.5685,37.217,37.423,20796940
1464874200,37.305,37.365,36.85,37.2135,33916480
1464960600,37.0745,37.0745,36.6955,36.793,24607520
1465219800,36.925,36.925,36.4145,36.503,29992960
1465306200,36.6635,36.8355,36.54,36.5545,24314820
1465392600,36.975,37.1905,36.78825,37.1465,32314540
1465479000,36.8535,37.1965,36.825,37.126,19179260
1465565400,36.7975,36.982,36.5255,36.6595,29049120
1465824600,36.491,36.95,36.491,36.594,23354720
1465911000,36.4655,36.8,36.325,36.6625,26583520
1465997400,36.746,36.8575,36.5655,36.6095,23234020
1466083800,36.398,36.5195,35.777,36.2125,45001660.00000001
1466170200,36.0695,36.0695,35.056,35.2125,82261700
1466429400,35.5155,35.7935,35.2705,35.3065,45654500.00000001
1466515800,35.5025,35.769,35.233,35.444,30318360
1466602200,35.7025,35.7105,35.294,35.5235,29057680
1466688600,35.5275,35.744,35.0125,35.7435,42500560
1466775000,34.5085,35.25,34.2455,34.26,95435600.00000001
1467034200,34.1245,34.16625,33.633,34.057,58389719.99999999
1467120600,34.5685,34.636995,34.2425,34.563,38245600
1467207000,34.713,34.975,34.63417,34.7595,43124360
1467293400,34.8825,35.1885,34.745075,35.1765,42250260
1467379800,35.255,35.6265,35.1865,35.5125,30983200
1467725400,35.2505,35.406,34.9565,35.2445,28440560
1467811800,34.992,35.65,34.95,35.4485,28902520
1467898200,35.5055,35.5085,35.0335,35.363,21173960
1467984600,35.528,35.895,35.4055,35.889,29946460
1468243800,35.971,36.446445,35.94325,36.36,28822260
1468330200,36.596,36.78,36.375,36.6255,26573600
1468416600,36.776,36.776,36.451,36.474,20436540
1468503000,36.697,36.807,36.5295,36.79,21407020
1468589400,37.05,37.05,36.732,36.7815,32341740
1468848600,36.8955,37.756845,36.8255,37.66,38698000
1468935000,37.4935,37.8295,37.42445,37.6705,30435900
1469021400,37.7025,38.032,37.7025,37.854,22502340
1469107800,37.85,37.9075,37.576,37.7205,19061060
1469194200,37.866,37.9725,37.63275,37.964,20920480
1469453400,37.884,37.991245,37.7035,37.876,21466200
1469539800,37.876,37.963,37.637515,37.8825,23791460
1469626200,37.9485,38.2225,37.7965,38.0985,32171780
1469712600,38.442,38.4485,37.9545,38.292,73464420
1469799000,39.8855,40.197,39.5,39.567,101810540.00000001
1470058200,39.3335,40.3745,39.252,40.047,60593159.99999999
1470144600,39.8665,40.116,39.7265,40.006,39927080
1470231000,39.8235,39.977,39.651,39.946,29220500
1470317400,39.912,40.01,39.696,39.8625,21520620
1470403800,40.0055,40.361,39.8905,40.3465,36145420
1470663000,40.3,40.38,40.0845,40.2615,24432180
1470749400,40.2245,40.6665,40.203,40.374,32153700
1470835800,40.3525,40.54395,40.3245,40.4245,18370280
1470922200,40.5235,40.69395,40.3,40.41,25645480
1471008600,40.2545,40.3595,40.182,40.3525,17945660
1471267800,40.3605,40.568,40.2015,40.298,18601480
1471354200,40.175,40.213,39.85,40.0595,21157940
1471440600,40,40.2815,39.815,40.271,21321400
1471527000,40.268,40.4,40.0815,40.1375,17303200
1471613400,39.9895,40.0615,39.844,39.9825,22415260
1471872600,39.9255,39.965,39.7165,39.8475,17067300
1471959000,40.024,40.05,39.7995,39.8295,18350260
1472045400,39.843,39.923,39.538,39.68,25688740
1472131800,39.6,39.736,39.3615,39.565,24053600
1472218200,39.6245,39.97,39.470345,39.661,24977620
1472477400,39.6525,39.926,39.516,39.791,15473960
1472563800,39.644,39.9,39.4735,39.596,23348260
1472650200,39.48,39.5785,39.36,39.4925,21428400
1472736600,39.599,39.6445,39.3165,39.57,26069200
1472823000,39.7635,39.855,39.663,39.8435,26997920
1473168600,39.9195,40.5445,39.7715,40.401,39790740
1473255000,40.3965,40.53,40.186,40.3995,22914480
1473341400,40.261,40.421,40.050505,40.142,23553200
1473427800,39.9385,40.0875,39.4025,39.424,37752660
1473687000,39.226,40.0085,39.175,39.941,37274740
1473773400,39.7005,39.7895,39.2165,39.436,36180880
1473859800,39.3765,39.8165,39.3765,39.523,26278240
1473946200,39.5005,40.18225,39.433,40.0615,31327200
1474032600,39.951,39.951,39.681,39.8985,42611420
1474291800,40.0555,40.1995,39.678,39.7695,22990440
1474378200,40,40.1375,39.913,39.989,21000820
1474464600,40.063,40.2955,39.8015,40.2515,26969520
1474551000,40.5,40.953,40.3855,40.7975,35185800
1474637400,40.757,40.85,40.6365,40.748,28233460
1474896600,40.491,40.504,40.0225,40.1325,29454640
1474983000,40.0915,40.6745,40.0915,40.5365,27345420
1475069400,40.204,40.5125,40.139015,40.503,29405600
1475155800,40.3615,40.6955,40.04275,40.132,26999480
1475242200,40.18,40.4045,40.075,40.203,33204020
1475501400,40.1275,40.177,39.8115,40.019,29784240
1475587800,40.25,40.325,39.9835,40.1395,25174120
1475674200,40.3,40.425,40.0355,40.0615,24276400
1475760600,40.204,40.34725,40.0255,40.154,21998180
1475847000,40.2965,40.297,39.841,40.0355,23277980
1476106200,40.1965,40.869,40.112,40.7085,29922300
1476192600,40.7085,40.993,40.3685,40.4785,34431500
1476279000,40.598,40.725,40.427725,40.5885,18157520
1476365400,40.3035,40.328,39.931,40.204,27379620
1476451800,40.3725,40.5045,40.116,40.23,22238680
1476711000,40.2995,40.6745,40.1915,40.342,21127340
1476797400,40.7105,41.4405,40.6665,41.0745,45785300.00000001
1476883800,41.226,41.4905,41.16025,41.3545,30002840
1476970200,41.378,41.42325,41.0275,41.0815,27877400
1477056600,41,41.2145,40.9155,41.203,32316280
1477315800,41.5045,41.897,41.452,41.787,28952320
1477402200,41.925,41.925,41.265025,41.4275,37814240
1477488600,41.356,41.3855,40.8175,41.105,35897360
1477575000,41.1505,41.329,40.7305,40.8675,59469719.99999999
1477661400,41.497,41.95,40.85,40.978,87097680
1477920600,41.1215,41.1315,40.4,40.495,44853580.00000001
1478007000,40.5435,40.698,39.913,40.274,47117800.00000001
1478093400,40.338,40.338,39.25,39.421,47014720.00000001
1478179800,39.225,39.5,38.9315,39.1095,43504320
1478266200,38.565,39.424,38.550215,39.055,39412060
1478529000,39.7475,40.25,39.645,40.1015,39851400
1478615400,40.1015,40.802,39.981,40.599,35381380
1478701800,40.0915,40.5855,39.60175,40.2795,61970199.99999999
1478788200,40.5,40.503,38.4115,39.0145,118192179.99999999
1478874600,38.8405,38.8645,38.277,38.5875,71852820
1479133800,38.588,38.589,37.1795,37.661,73765480
1479220200,38.2735,39.01188,38.261,38.758,58877779.99999999
1479306600,38.521,39.175,38.3165,38.999,35967200
1479393000,39.125,39.445,38.9925,39.308,30673580
1479479400,39.3585,39.5645,38.7675,38.7985,36125280
1479738600,38.905,39.3275,38.815,39.24,32616700
1479825000,39.4495,39.6885,39.187,39.25,27883480
1479911400,39.476,39.476,38.6325,38.95,26259620
1480084200,39.1305,39.145,38.9095,39.0115,12270980
1480343400,38.9175,39.987,38.905,39.2895,51508640.00000001
1480429800,39.419,39.822,39.267,39.472,31239620
1480516200,39.455,39.5755,38.65725,38.794,45581080.00000001
1480602600,38.9275,38.93,37.668,38.2165,57341479.99999999
1480689000,38.095,38.525,37.95,38.223,34376920
1480948200,38.5,39,38.34843,38.911,33769460
1481034600,39.0095,39.264,38.666,38.809,34681980
1481121000,38.9975,39.6,38.6765,39.5735,40588300
1481207400,39.6475,39.95,39.39525,39.7585,32250620
1481293800,39.965,40.4975,39.9025,40.4725,38089260
1481553000,40.241,40.5675,40.226555,40.395,32572040
1481639400,40.6195,41.215,40.597,40.767,42564200
1481725800,40.796,41.213,40.639,40.8945,35993080
1481812200,40.868,41.15,40.6,40.7825,35394380
1481898600,40.9155,40.96,40.406,40.492,51977320.00000001
1482157800,40.464,40.811,40.225,40.625,25271620
1482244200,40.6685,40.8245,40.55,40.76,25437660
1482330600,40.786,40.786,40.255,40.61,29192560
1482417000,40.455,40.5535,40.3015,40.484,22642380
1482503400,40.4005,40.54848,40.2555,40.39,15310740
1482849000,40.434,40.8,40.29,40.4965,19519240
1482935400,40.6665,40.6665,40.122,40.2285,24295120
1483021800,40.1165,40.2875,39.9072,40.144,21147840
1483108200,40.1605,40.16425,39.481,39.6225,34717580
1483453800,40.031,40.57175,39.8445,40.4005,39180660
1483540200,40.4945,40.6715,40.2055,40.3885,30306780
1483626600,40.375,40.687,40.296,40.651,26810700
1483713000,40.7495,41.448,40.575,41.2605,40341940
1483972200,41.3185,41.5215,41.081,41.359,28178480
1484058600,41.3535,41.4705,41.157,41.3005,23948840
1484145000,41.331,41.495,41.0735,41.493,26507880
1484231400,41.419,41.519,41.0505,41.4765,27006160
1484317800,41.55,41.7325,41.476,41.547,25803640
1484663400,41.5,41.509,41.160005,41.373,28818100
1484749800,41.49,41.4905,41.204,41.451,20553960
1484836200,41.45,41.649995,41.198,41.2185,21409080
1484922600,41.4545,41.462,41.23,41.4085,26123660
1485181800,41.5805,42.27714,41.435,42.2215,49147540.00000001
1485268200,42.349,42.576,42.114,42.4765,33767500
1485354600,42.6775,42.93968,42.487,42.9225,33242960
1485441000,42.9525,43.05,42.526005,42.849,69865020
1485527400,42.95,43.35,42.095,42.2515,75049940
1485786600,41.853,41.8615,41.0515,41.1915,70338660
1485873000,40.975,41.1535,40.67,41.0095,40403600
1485959400,41.2,41.2,40.6125,40.762,45020940.00000001
1486045800,40.75,41.228,40.60255,40.913,33783580
1486132200,41.1565,41.3065,40.9675,41.0065,30561900
1486391400,41.046,41.1195,40.7145,41.081,27017500
1486477800,41.275,41.596,41.16463,41.4615,33332100
1486564200,41.5265,41.7125,41.2555,41.494,26044500
1486650600,41.5865,41.599,41.325,41.503,23884760
1486737000,41.6475,41.8575,41.5255,41.7425,28302560
1486996200,41.885,42.08675,41.8123,41.948,25914160
1487082600,41.9885,42.1,41.7915,42.0015,27266900
1487169000,41.9405,42.088625,41.811,41.866,27143700
1487255400,41.925,42.1345,41.863,42.1085,20101680
1487341800,42.0655,42.347,41.989,42.3275,29224200
1487687400,42.3995,42.61,42.3275,42.4635,25221240
1487773800,42.4,42.6895,42.335505,42.568,24497780
1487860200,42.554,42.631,42.125,42.55,27733620
1487946600,42.3825,42.418,42.148005,42.3905,26923780
1488205800,42.2475,42.5335,42.1505,42.4835,20206660
1488292200,42.3675,42.4415,42.07211,42.2465,27662380
1488378600,42.569,42.9,42.451,42.8375,36373420
1488465000,42.8155,42.8245,42.436,42.4925,25018760
1488551400,42.447,42.541,42.23525,42.454,20132240
1488810600,42.343,42.447,42.0585,42.3635,20957440
1488897000,42.363,42.6665,42.276,42.5575,20773920
1488983400,42.656,42.8465,42.5625,42.682,20596680
1489069800,42.6845,43.0355,42.6335,42.892,26953940
1489156200,43.135,43.21145,42.8805,43.07025,26731700
1489411800,43.0415,43.3565,43.041,43.229,23332100
1489498200,43.1875,43.379,43.0065,43.2955,21233840
1489584600,43.397,43.494,43.06475,43.4195,26657700
1489671000,43.5265,43.6355,43.376,43.5,22089040
1489757400,43.684,43.721,43.4185,43.6185,37365040
1490016600,43.474,43.517,43.23325,43.3955,30843980
1490103000,43.503,43.6735,42.38435,42.507,50759560.00000001
1490189400,42.474,42.7675,42.35,42.49,27334980
1490275800,42.0695,42.0845,41.65,41.9825,65753379.99999999
1490362200,42.1,42.2,41.455,41.757,42113640
1490621400,41.4045,42.069,41.215,41.9255,38704220
1490707800,41.9845,42.27,41.61325,42.0315,30384040
1490794200,42.1375,42.57925,42.069,42.4935,29122280
1490880600,42.599,42.6,42.3385,42.474,18987960
1490967000,42.3415,42.478,42.262225,42.39,28819640
1491226200,42.4375,42.95,42.37649,42.8375,39388040
1491312600,42.4,42.65,42.37525,42.6285,26969880
1491399000,42.7355,43.0295,42.376,42.4455,37103060
1491485400,42.475,42.6795,42.2,42.25475,30671280
1491571800,42.25,42.294,41.865,42.105,22232200
1491831000,42.077,42.33686,42.0395,42.085,20924300
1491917400,42.085,42.2315,41.73,41.994,19486860
1492003800,41.923,42.186,41.8795,42.073,22715500
1492090200,42.052,42.1865,41.892515,42.009,21473000
1492435800,42.069,42.782,42.0515,42.7565,20982500
1492522200,42.627,42.8695,42.5625,42.6995,18724020
1492608600,42.86925,43.01,42.676375,42.8255,21606720
1492695000,42.987,43.1965,42.875,43.004,23745420
1492781400,43.031,43.122,42.8865,42.9475,23457400
1493040600,43.422,43.998,43.3055,43.9465,33929660
1493127000,44.113,44.6125,43.964005,44.442,40610120
1493213400,44.5695,44.6495,44.2575,44.457,26465940
1493299800,44.5,44.66887,44.359,44.572,46846060.00000001
1493386200,46.45,46.795,46.161,46.226,76917140
1493645400,46.2075,46.791,46.04,46.641,46555640.00000001
1493731800,46.6635,47.14925,46.55,46.8545,35025840
1493818200,46.8025,47.51,46.7605,47.4225,36495180
1493904600,47.5145,47.957,47.3685,47.736,38765200
1493991000,47.836,47.921975,47.40493,47.514,32310960
1494250200,47.3725,48.0495,47.36975,47.9345,37533800
1494336600,48.0665,48.11,47.72,47.8355,33758840
1494423000,47.811,47.8355,47.492,47.742,22919380
1494509400,47.5645,47.8995,47.4305,47.7945,20621860
1494595800,47.8925,47.899,47.603,47.757,24297020
1494855000,47.7645,48.135,47.641,47.961,26753940
1494941400,48.1775,48.294775,48.0175,48.2305,22030880
1495027800,47.985,48.0495,47.003,47.1085,48981160.00000001
1495114200,47.16,47.709,47.0635,47.525,36009300
1495200600,47.641,47.978,47.6,47.7325,27205980
1495459800,47.85,48.241,47.828,48.2035,27747840
1495546200,48.498,48.7255,48.225,48.5275,30908420
1495632600,48.763,48.90575,48.581495,48.8805,22849760
1495719000,48.95,49.789,48.891,49.593,39082980
1495805400,49.6,49.8195,49.368,49.6635,32728320
1496151000,49.625,49.881,49.568005,49.8085,30333700
1496237400,49.8105,49.98,49.084,49.3545,34481900
1496323800,49.548,49.657,49.0645,49.4145,26127680
1496410200,49.4295,49.824,49.3535,49.806,34709380
1496669400,49.8945,50.370055,49.7725,50.194,27578320
1496755800,50.1655,50.4305,49.74,49.834,31042280
1496842200,49.941,50.1955,49.7905,50.0795,27481940
1496928600,50.2115,50.28,49.831,50.214,33758500
1497015000,50.2745,50.275,47.6685,48.506,72957140
1497274200,47.936,48.4,46.83975,48.0905,84042180
1497360600,48.602,48.8955,48.1005,48.525,40107120
1497447000,48.775,48.985,47.975515,48.3965,30109720
1497533400,47.401,48.033875,47.0185,48.009,48552780.00000001
1497619800,47.8955,47.9975,47.435,47.931,51184140.00000001
1497879000,48.4825,48.965,48.41,48.761,29376740
1497965400,48.7655,49.0395,48.41,48.4495,25945740
1498051800,48.5395,48.9835,48.458,48.9295,23232140
1498138200,48.8435,49.025,48.66574,48.831,20189520
1498224600,48.775,49.331,48.723,49.3045,31279700
1498483800,49.5,49.6995,48.5165,48.6045,30358240
1498570200,48.08,48.361,47.3545,47.4045,48872040.00000001
1498656600,47.533,48.162,46.808,48.0505,54911360.00000001
1498743000,47.5675,47.583,46.48,46.891,64133479.99999999
1498829400,47.1995,47.249975,46.4805,46.484,45753240.00000001
1499088600,46.661,46.712,45.7655,45.973,33896220
1499261400,46.21,46.8145,45.931525,46.613,41881100
1499347800,46.25,46.807,45.9925,46.3845,40297100
1499434200,46.54925,47.233,46.4895,47.0405,33266040
1499693400,47.0975,47.6565,47.0975,47.55,29029200
1499779800,47.526,47.7445,47.256,47.6765,29224940
1499866200,48.043,48.4815,47.852,48.383,32042300
1499952600,48.54,48.935,48.24,48.4425,30491420
1500039000,48.7,48.877,48.5075,48.8455,21592160
1500298200,48.816,49.1675,48.54,48.798,33209280
1500384600,48.668,49.5425,48.602,49.3475,28266700
1500471000,49.5005,49.78,49.3505,49.6385,28242960
1500557400,49.85,49.934,49.231,49.6095,28367700
1500643800,49.45,49.7555,49.2085,49.692,29266440
1500903000,49.705,50.3095,49.51364,49.9155,79690640
1500989400,48.535,48.8365,48.19,48.4515,118672039.99999999
1501075800,48.639,48.6975,48.0115,48.2655,44432500
1501162200,48.459,48.476,46.853,47.6255,74358000
1501248600,47.3995,48.0895,47.2655,47.9165,36275880
1501507800,48,48.059625,47.08625,47.275,45867780.00000001
1501594200,47.3905,47.7245,47.248,47.328,26649120
1501680600,47.4185,47.455,46.62605,47.382,40788360
1501767000,47.455,47.5,46.972,47.015,22478420
1501853400,47.1975,47.377,46.98975,47.2895,25091480
1502112600,47.376,47.448,47.175,47.2875,28915080
1502199000,47.2145,47.6245,47.124,47.2095,30101280
1502285400,46.9225,47.188,46.696,47.004,28017040
1502371800,46.75,46.815,46.08884,46.1795,54147860.00000001
1502458200,46.1855,46.668,46.061,46.5045,32334160
1502717400,46.9535,47.052,46.72425,46.9465,23012240
1502803800,47.0515,47.1535,46.832,46.904,22129680
1502890200,47.0625,47.495,47.001955,47.2135,26905220
1502976600,47.1475,47.1905,46.382,46.383,33913880
1503063000,46.349,46.551,46.1725,46.309,26748080
1503322200,46.2885,46.4125,45.93,46.0435,26024860
1503408600,46.348,47.098085,46.3085,47.02,35501980
1503495000,46.85,47.27125,46.762,47.129,22689280
1503581400,47.1855,47.3155,46.537,46.8445,25891180
1503667800,46.9605,47.0365,46.505,46.525,23746260
1503927000,46.594,46.7425,46.3055,46.4065,20987940
1504013400,45.9975,46.9095,45.9655,46.7875,23171520
1504099800,46.7835,47.293,46.7025,47.1815,22406840
1504186200,47.315,47.85975,47.3125,47.762,33866260
1504272600,47.8735,47.9165,47.514,47.5995,20857700
1504618200,47.343,47.56927,46.78,47.074,29216600
1504704600,47.1935,47.225,46.634,47.101,27830580
1504791000,47.2125,47.524825,46.8765,47.4945,22331500
1504877400,47.485,47.535,47.0005,47.0705,19998320
1505136600,47.36,47.634,47.05,47.1645,26747300
1505223000,47.346,47.40425,46.875,47.3325,25695740
1505309400,47.275,47.6425,47.237,47.522,21907640
1505395800,47.3,47.4015,46.9178,47.0065,28547580
1505482200,47.0045,47.0875,46.5625,46.7645,39885300
1505741400,46.7505,46.843,46.27,46.4875,29473020
1505827800,46.6705,46.897,46.333,46.843,24854520
1505914200,46.8865,47.5,46.875,47.377,40080360
1506000600,47.4065,47.64,46.969,47.3775,27413700
1506087000,47.1385,47.5,47.04175,47.163,21496120
1506346200,46.9725,46.9875,46.225505,46.714,37467500
1506432600,46.8345,47.204,46.756,46.8715,33454980
1506519000,47.137,48.2715,47.0975,47.995,46692700.00000001
1506605400,47.8125,48.309,47.7775,48.2405,28018620
1506691800,48.3,48.7905,48.3,48.686,40621840
1506951000,48.7825,48.887,48.0975,48.3735,30782440
1507037400,48.378,48.622,48.13525,48.604,21678960
1507123800,48.588,48.72,48.2805,48.339,21155380
1507210200,48.6395,49.325425,48.5135,49.2595,35618920
1507296600,49,49.713,48.9255,49.682,31060660
1507555800,49.75,50.023,49.575,49.6155,25909340
1507642200,49.765,49.8735,49.0555,49.39,23268000
1507728600,49.452,50.37825,49.397,50.2825,36299980
1507815000,50.192,50.57694,50.055,50.2825,30613280
1507901400,50.4555,50.738,50.353,50.3935,26552640
1508160600,50.4815,50.6,50.076,50.4675,21420460
1508247000,50.372,50.728,50.3025,50.55,20259960
1508333400,50.5525,50.815455,50.266,50.637,25595600
1508419800,50.2375,50.3661,49.865,50.092,34284860
1508506200,50.3525,50.4325,50.1135,50.2535,32120620
1508765400,50.259,50.28969,49.155,49.277,32785880
1508851800,49.325,49.463,48.854,49.4245,28902580
1508938200,49.3135,49.7215,48.8861,49.573,30574200
1509024600,49.9235,50.3255,49.5235,49.571,47396760.00000001
1509111000,51.5495,53.181,51.3425,51.6835,103682860.00000001
1509370200,51.458,51.9915,51.1165,51.6565,46803440.00000001
1509456600,51.65,52.05,51.31475,51.652,30325560
1509543000,51.81575,52.393,51.7,52.12975,43261460
1509629400,51.9995,52.276,51.433,52.1485,26693940
1509715800,52.1375,52.533,51.8825,52.4995,27769220
1509978600,52.455,52.6295,52.1,52.134,18294960
1510065000,52.4825,52.6705,52.15,52.6195,26104580
1510151400,52.5025,53.13455,52.3525,52.9145,24292000
1510237800,52.4,52.544,51.7925,52.386,35891500
1510324200,52.1935,52.3315,52.061,52.2075,19442540
1510583400,52.04,52.437,51.963,52.06,18814420
1510669800,51.886,52.115,51.4665,52.082,21011320
1510756200,51.75,51.9815,51.538,51.8205,18105240
1510842600,51.9375,52.588,51.9,52.4235,23767840
1510929000,52.49,52.55,51.6865,51.7945,26712200
1511188200,51.8,51.93475,51.63375,51.733,17526420
1511274600,52.002,52.5195,51.957,52.515,22206820
1511361000,52.558,52.7715,52.3625,52.596,14537960
1511533800,52.7195,53.0035,52.596,52.826,15546540
1511793000,52.9285,53.65175,52.738565,53.6005,35429820
1511879400,53.6995,54,52.727,53.1645,36423420
1511965800,52.809,52.9385,51.482665,51.869,55866640.00000001
1512052200,51.997,52.206995,51.5035,51.8085,45091800.00000001
1512138600,51.5205,51.86225,50.845,51.2535,37761620
1512397800,51.39,51.567,50.461,50.5935,38777220
1512484200,50.5495,51.834,50.11575,50.98,38997300
1512570600,50.826,51.979,50.7655,51.636,28710980
1512657000,51.8035,52.446,51.768,52.2285,30865700
1512743400,52.5905,52.821,52.293,52.469,31169440
1513002600,52.5555,52.8,52.206,52.5985,23253880
1513089000,52.5,53.125,52.2435,52.4385,33881220
1513175400,52.604,52.774,52.329,52.5695,27680760
1513261800,52.7745,53.354,52.67975,52.8735,30962780
1513348200,53.189,53.7625,53.004505,53.6,63759699.99999999
1513607400,53.8225,54.3245,53.5185,54.2545,30292020
1513693800,54.151,54.24875,53.61352,53.989,26350380
1513780200,54.046,54.06175,53.43,53.678,28727820
1513866600,53.7695,53.876,53.45,53.5425,25640500
1513953000,53.5,53.586,53.382,53.443,17788920
1514298600,53.432,53.443,52.932005,53.2925,18375340
1514385000,53.33,53.4135,52.919,53.01,22324060
1514471400,53.1125,53.242,52.669,52.7975,19884980
1514557800,52.7745,52.9025,52.635,52.67,23606800
1514903400,52.651,53.799,52.651,53.6605,31765360
1514989800,53.6965,54.805,53.6715,54.576,31318900
1515076200,54.8545,55.203825,54.713,54.788,26051380
1515162600,55.1725,55.678995,55.08975,55.5145,30250520
1515421800,55.55,55.958,55.5,55.7105,24644420
1515508200,55.922,55.922,55.41005,55.6395,26807620
1515594600,55.35,55.639,55.19921,55.507,20733100
1515681000,55.6155,55.7425,55.324,55.6025,22424320
1515767400,55.505,56.565125,55.400505,56.5325,38586120
1516113000,57.0155,57.444,56.333,56.535,36462000
1516199400,56.818,56.966,56.1745,56.955,27830200
1516285800,56.9675,57.02925,56.22325,56.7985,27497460
1516372200,56.9015,57.188985,56.625,57.175,30551080
1516631400,57.191,58.344,57.091,58.208,29550400
1516717800,58.531,58.9255,58.3625,58.8085,39137300
1516804200,59.249,59.3525,58.37005,58.5645,37128580
1516890600,59.0355,59.25,58.592,59.107,29984940
1516977000,59.3765,59.378,58.4015,59.378,42170040
1517236200,59.4,59.9,59.203,59.324,31494160
1517322600,58.886,59.3965,58.7255,58.8685,37337660
1517409000,59.1905,59.316,58.605,59.111,36022700
1517495400,58.7995,59.3725,58.468,59.0795,73514180
1517581800,56.371,56.565,55.5585,55.96,117842439.99999999
1517841000,55.0305,55.7495,52.837,53.1195,83549380
1517927400,51.699,54.36875,51.5005,54.2215,76630480
1518013800,54.2485,54.3265,52.731,52.7705,51941880.00000001
1518100200,52.9935,53.1965,50.235,50.3855,66792019.99999999
1518186600,51.294,52.586,49.85,52.3135,98359400.00000001
1518445800,52.8335,53.2785,52.2745,52.728,56240219.99999999
1518532200,52.5,53.061,52.346,52.707,31585160
1518618600,52.716,53.7735,52.49,53.635,41304040
1518705000,54.1725,54.705,53.3615,54.568,37395260
1518791400,54.669,55.4155,54.5775,54.775,39948100
1519137000,54.638,55.8145,54.5,55.1795,33753120
1519223400,55.455,56.81,55.3755,55.6875,41486420
1519309800,55.9585,56.273,55.2575,55.495,28010720
1519396200,55.933,56.45,55.421865,56.4045,25292760
1519655400,56.593,57.21,56.467,57.185,30912380
1519741800,57.185,57.2125,55.839505,55.8755,42963180
1519828200,56.1,56.3825,55.15,55.196,49292380.00000001
1519914600,55.477,55.56366,53.36425,53.5705,55337120.00000001
1520001000,52.899,54.3445,52.5055,54.207,50162900.00000001
1520260200,53.9065,55.059,53.613505,54.738,28647380
1520346600,55.105125,55.2815,54.725,55.045,23381360
1520433000,54.641,55.81,54.49551,55.752,30748580
1520519400,55.86,56.572,55.86,56.469,33862660
1520605800,56.975,58.05,56.7145,58.042,42661740
1520861400,58.2525,58.908,57.96,58.2965,44306080
1520947800,58.5915,58.9,56.7285,56.9955,43139980
1521034200,57.29,57.987995,57.1175,57.4445,41869640
1521120600,57.4785,58.125,56.783,57.5305,33381880
1521207000,57.7675,57.8405,56.568,56.721,58655179.99999999
1521466200,55.888,55.9685,54.446,55.0035,63655919.99999999
1521552600,54.92,55.2775,54.121,54.79,54597140.00000001
1521639000,54.6285,55.435,54.3605,54.7,44897300.00000001
1521725400,54.0005,54.196,52.482,52.6575,69312160
1521811800,52.5685,53.338995,51.2435,51.3275,49879420.00000001
1522071000,52.53,52.9635,50.529,52.7045,65983019.99999999
1522157400,53.195,53.227,49.881,50.347,60816179.99999999
1522243800,50.0955,51.2495,49.2,50.259,77698860
1522330200,50.5605,52.4025,50.202,51.857,69337520
1522675800,51.381,51.9765,49.7125,50.6315,65067739.99999999
1522762200,50.8075,51.25,49.86225,50.934,51322920.00000001
1522848600,49.9115,51.637,49.8255,51.4855,50723960.00000001
1522935000,52.3195,52.3355,51.2,51.632,35835220
1523021400,51.155,51.8,50.312505,50.4975,40133660
1523280600,51.002,52.2295,50.96,51.0045,33220240
1523367000,51.513,52.0605,50.7705,51.825,36733560
1523453400,51.6,51.7935,50.96,51.253,34060300
1523539800,51.5735,52.2325,51.3025,51.8645,32895880
1523626200,52.3445,52.649,51.5075,51.802,25409220
1523885400,52.2775,52.571475,51.696,52.305,29776440
1523971800,53.06,54.25,52.854505,53.968,54583940.00000001
1524058200,53.9505,54.1,53.52575,53.7695,31125960
1524144600,53.451,54.8755,53.451,54.4725,39884940
1524231000,54.2135,54.7375,53.605,53.866,42433840
1524490200,54.149,54.4,53.334,53.6905,69589920
1524576600,52.96,53.2245,50.64275,51.132,128220759.99999999
1524663000,51.4875,51.8035,50.8505,51.1495,57860939.99999999
1524749400,51.661,52.601,51.0225,52.1655,50926640.00000001
1524835800,52.277,52.58475,51.3795,51.5725,40745260
1525095000,51.721,51.9185,50.915,50.929,34492640
1525181400,50.815,52.0865,50.5305,52.0375,35325120
1525267800,51.7,52.199,51.158,51.3025,34697440
1525354200,51.2685,51.5345,50.3945,51.315,39281320
1525440600,50.9805,52.59396,50.9025,52.55,36892000
1525699800,52.6945,53.25,52.513485,52.973,34399420
1525786200,53.231,53.2615,52.58205,52.9295,26030480
1525872600,53.205,54.7,53.1055,54.4475,47159580.00000001
1525959000,54.75,55.4705,54.694,55.2735,36413520
1526045400,55.0205,55.4505,54.861,55.169,30504360
1526304600,55.2785,55.9075,55.24,55.33,39337860
1526391000,54.845,54.956,53.939,54.2435,35738520
1526477400,54.2545,54.719125,54.081505,54.2045,25628120
1526563800,54.073,54.55,53.821,54.063,25738140
1526650200,53.3,53.6865,53.234,53.482,35482980
1526909400,53.95,54.665,53.9,54.2005,25179980
1526995800,54.49,54.59,53.613,53.7655,22225980
1527082200,53.5,54.4,53.348,54.298,23739960
1527168600,54.345,54.356,53.615,54.2725,20603880
1527255000,54.3275,54.4785,54.13,54.204,22223220
1527600600,53.8,54.067,53.154,53.4035,36076100
1527687000,53.674,53.9495,53.3275,53.8735,28685640
1527773400,54.1,55.5,53.9,55,79367240
1527859800,55.6435,56.908,55.600505,56.75,63201999.99999999
1528119000,56.925,57.892865,56.85,57.652,44754020.00000001
1528205400,57.733,58.05482,57.373,57.551,32964440
1528291800,57.6385,57.735695,56.816,57.3475,34934380
1528378200,57.229,57.29325,56.306,56.721,36107760
1528464600,56.5605,56.939,56.1615,56.6355,27284520
1528723800,56.647,57.387,56.56993,57.045,24795400
1528810200,57.051,57.4375,57.051,57.4095,26092240
1528896600,57.614,57.782,57.169,57.2115,34301480
1528983000,57.6105,58.2995,57.53,58.0055,35422400
1529069400,57.996,58.19544,57.6845,57.9635,44437820
1529328600,57.6345,59.2065,57.55,59.179,33038260
1529415000,58.5055,59.1405,58.0805,58.9345,47282540.00000001
1529501400,59.165,60.0745,59.1015,59.2035,51685200.00000001
1529587800,59.2755,59.51665,58.174,58.472,44965540.00000001
1529674200,58.57475,58.75,57.9825,58.4645,34220060
1529933400,57.75,57.7995,55.995,56.964,57682619.99999999
1530019800,57.207,57.3435,56.45,56.631,34688280
1530106200,56.8,57.3105,55.835,55.847,34537320
1530192600,55.6195,56.7,55.30362,56.339,29733500
1530279000,56.6155,57.06795,56.351,56.4595,31562320
1530538200,55.7675,57.1495,55.33,57.1055,23220800
1530624600,57.471,57.4955,55.7215,55.814,16447880
1530797400,56.23,57.207,56.156,57.0645,28594200
1530883800,57.0885,57.81,56.862,57.754,21819340
1531143000,58,58.3965,57.861725,58.364,21584020
1531229400,58.4995,58.675,58.128,58.357,21334080
1531315800,57.781,59.022,57.768725,58.573,33252660
1531402200,58.743,60.0993,58.655,60.063,44148620
1531488600,60.14,60.522,59.7645,60.221,32637140
1531747800,60.1905,60.4355,59.670055,59.8255,26784740
1531834200,59.137,60.938,59.1,60.654,40162660
1531920600,60.4265,61.0795,60.228,60.6455,38947940
1532007000,60.3325,60.824,59.88672,59.955,38337840
1532093400,59.962,60.53825,59.8295,59.894,37967520
1532352600,59.783,60.755,59.6005,60.55,65446079.99999999
1532439000,63.55,63.75,62.207,62.9075,107600640.00000001
1532525400,62.630995,63.912,62.4525,63.797,51508740.00000001
1532611800,63.359,64.37,63.15,64.275,54686040.00000001
1532698200,64.456,64.572,62.22475,62.6445,48361800.00000001
1532957400,62.2525,62.6445,61.2085,61.502,43896740
1533043800,61.5855,62.0605,60.8095,61.361,39382220
1533130200,61.9555,62.295015,61.247,61.6495,36994800
1533216600,60.925,62.2205,60.903,62.0565,34703600
1533303000,62.259,62.326,61.471,61.908,21264880
1533562200,62.0805,62.12308,61.5265,61.8835,22118320
1533648600,62.6005,63.304,62.59,62.792,42505120
1533735000,62.836,63.586,62.606,63.0665,34373280
1533821400,63.1365,63.59824,63.005055,63.223,27326360
1533907800,62.959,63.06,62.358175,62.6255,26687740
1534167000,62.56,63.2985,62.3515,62.432,27617640
1534253400,62.625,63.0295,61.977,62.907,28079820
1534339800,62.214,62.599,61.31225,61.611,37051160
1534426200,62.0995,62.18487,60.9815,61.203,32175980
1534512600,61.102,61.347735,60.2,60.7925,33092580
1534771800,61.033,61.2955,60.435,61.0975,22223460
1534858200,61.151,61.638,60.7515,60.8705,23081860
1534944600,60.711,61.3265,60.661,61.0875,22296640
1535031000,60.994,61.7585,60.96744,61.058,24666940
1535117400,61.3,61.87,61.071,61.8375,24453060
1535376600,62.207,62.8935,62.034,62.8135,28579840
1535463000,62.795,62.828,62.1485,62.293,27330320
1535549400,62.75,63.3585,62.64,63.2325,36932300
1535635800,63.17,63.4745,62.3605,62.722,30104380
1535722200,62.6105,62.62725,61.287735,61.59,42308480
1536067800,61.126,61.3935,60.328,60.5655,41457380
1536154200,60.461,60.7435,58.767,59.955,53987880.00000001
1536240600,59.9285,59.949325,58.1805,59.1995,46854440.00000001
1536327000,58.6,59.42725,58.4635,58.8795,32663800
1536586200,59.21,59.333,58.5305,58.753,27678760
1536672600,58.555,59.547,58.2975,59.4995,29253760
1536759000,59.1,59.5347,58.308,58.58,35716660
1536845400,58.985,59.393,58.461,59.107,40068360
1536931800,59.4,59.4,58.676,58.899,24175340
1537191000,58.8885,59.091,57.92275,57.9915,34095800
1537277400,58.133,59.0665,58.07125,58.3555,32314020
1537363800,58.448,58.8135,57.93076,58.7135,25961680
1537450200,59.0335,59.7,58.8125,59.5785,29249100
1537536600,59.746,59.829,58.603,58.606,91222380.00000001
1537795800,57.9705,59.2595,57.575,58.978,31149580
1537882200,59.2125,59.842995,58.7045,59.6945,33156180
1537968600,59.6845,60.362,59.269845,59.703,37650480
1538055000,60,60.843,59.9025,60.368,36273040
1538141400,60.2045,60.4225,59.8915,60.354,35615180
1538400600,60.65,61.21,60.1595,60.4265,33187280
1538487000,60.3335,61.226,59.983,60.382,40179120
1538573400,60.6,60.709,60.1075,60.5765,26253720
1538659800,60.2515,60.295,58.19225,58.8535,46575560.00000001
1538746200,58.8,59.1,57.716,58.3915,31860240
1539005400,58,58.793,56.77,57.796,46190780.00000001
1539091800,57.5655,58.0775,57.2085,57.2585,33694560
1539178200,56.82,56.851,54.5755,54.608,58980119.99999999
1539264600,53.952,55.80275,53.7945,54.537,67695500
1539351000,55.982,56.291495,54.75125,56.027,49378400.00000001
1539610200,55.9,56.08975,54.911,55.122,30079120
1539696600,55.674,56.8185,55.5875,56.654,38377580
1539783000,57,57.35,55.7,56.3795,35652280
1539869400,56.5,56.6175,54.317,54.8955,46151920.00000001
1539955800,55.1855,56.0475,54.8515,55.259,41285780
1540215000,55.6255,56.0845,55,55.5685,27116840
1540301400,54.5645,55.9,53.9505,55.7455,37685100
1540387800,55.75,55.831,52.753,52.856,49285900.00000001
1540474200,54.015,55.891,53.77725,55.1795,72956280
1540560600,52.4165,55.85,52.1115,54.1875,106437660.00000001
1540819800,54.827,55.4415,50.36,51.7365,81289040
1540906200,51.0005,52.545,50.6985,52.4755,59768359.99999999
1540992600,53.41,55.4,53.41,54.529,70916420
1541079000,54.57,54.995,53.891,54.299,40131500
1541165400,54.45,54.9,53.383,53.5745,43444300
1541428200,53.6265,53.6675,51.7,52.7865,45357400.00000001
1541514600,52.751,53.991,52.6805,53.4785,28660260
1541601000,54.1745,55.496495,54.0295,55.412,43387840
1541687400,55.365,55.411,54.218,54.7315,33703860
1541773800,54.201,54.4175,53.213,53.851,34865960
1542033000,53.6565,53.705,52.0175,52.468,34001820
1542119400,52.7405,53.33325,52.02,52.3985,25749500
1542205800,53,53.2895,52.0555,52.729,34666040
1542292200,52.573,53.9435,52.064625,53.5525,41583080
1542378600,53.2615,53.622,52.745,53.4135,35366160
1542637800,53.1695,53.4,51.14346,51.371,45683820.00000001
1542724200,50.3645,51.8675,50.1105,51.5225,54458680.00000001
1542810600,52.2655,52.73525,51.97275,52.1715,29703440
1542983400,51.675,52.15,51.426,51.505,14177180
1543242600,52.2,52.85,51.9885,52.797,31558820
1543329000,52.567,53.338,52.275,52.614,33048660
1543415400,52.873,54.642875,52.1475,54.5895,46042420.00000001
1543501800,54.1765,55.0075,54.1,54.729,31010460
1543588200,54.7815,55.4825,54.159,55.4825,59666799.99999999
1543847400,56.608,56.75,55.5865,55.818,57528979.99999999
1543933800,55.6495,55.712,53.03875,53.1235,45629700.00000001
1544106600,52.25,53.971,52.124,53.904,47436500.00000001
1544193000,53.6115,54.2515,51.9685,52.329,42682220
1544452200,52.147,52.98,51.65,52.659,33652920
1544538600,53.347,53.52,52.505,53.0825,33851520
1544625000,53.854,54.586625,53.5985,53.6865,28959460
1544711400,53.7835,54.421,53.2497,53.677,24988060
1544797800,53.001,53.586,52.4685,52.5855,36358980
1545057000,52.3505,53.119,50.8315,51.2825,49931020.00000001
1545143400,51.7,52.9845,51.524,52.1705,43640380
1545229800,52.3645,53.7855,50.9715,51.773,58264739.99999999
1545316200,51.3,52.372,50.39324,51.179,53673400.00000001
1545402600,51.602,51.8835,49.0595,49.5625,104649800.00000001
1545661800,49.216,50.605975,48.882995,49.2335,36359100
1545834600,49.8995,52.4225,49.63225,52.3925,46317240.00000001
1545921000,51.31,52.667,50.35,52.645,45996120.00000001
1546007400,52.975,53.2115,52.1,52.334,34367040
1546266600,52.8915,53.1495,51.651935,52.248,33110080
1546439400,51.36,53.0395,51.26375,52.734,31867900
1546525800,52.5335,53.313,51.1185,51.2735,41959140
1546612200,52.128,54,51.843,53.9035,46028560.00000001
1546871400,54.0485,54.135,53.132,53.796,47453340.00000001
1546957800,54.3,54.6675,53.41743,54.2685,35413080
1547044200,54.3995,54.582,53.7185,54.0825,26998240
1547130600,53.747,53.9905,53.234,53.9415,26597220
1547217000,53.495,53.6685,52.8215,53.2235,30864760
1547476200,52.667,52.9225,52.4275,52.5755,28489720
1547562600,52.9005,54.4135,52.722,54.3255,37517040
1547649000,54.5,55.118,54.4005,54.4755,38280820
1547735400,54.3995,55.035,54.16275,54.956,24896020
1547821800,55.4295,55.9,54.96417,55.365,44891380.00000001
1548167400,54.8,54.9485,53.5445,53.9315,39631880
1548253800,54.343,54.6475,53.3785,54.2205,25194760
1548340200,54.1255,54.4,53.501,54.2,29118960
1548426600,54.7115,55.168,54.59006,55.0755,23275760
1548685800,54.5035,54.66825,53.7305,53.993,29334280
1548772200,54.052,54.2365,53.301,53.503,19704960
1548858600,53.868,54.976,53.832,54.8995,29452940
1548945000,55.612,56.3835,55.2625,56.2945,40231440
1549031400,56.1145,56.72,55.7125,55.931,33116260
1549290600,55.9505,57.117,55.8755,57.071,78411820
1549377000,56.4815,57.6385,56.18,57.5935,82295800
1549463400,57.4635,57.7,55.918,56.1445,48256400.00000001
1549549800,55.591,55.5995,54.6795,55.2955,38297540
1549636200,54.744,55.25475,54.712,55.119,21766540
1549895400,55.1875,55.6715,55,55.106,18497620
1549981800,55.5505,56.643,55.5505,56.379,35035420
1550068200,56.652,57.14248,56.3,56.4315,28041740
1550154600,56.25,56.8065,55.8545,56.46,21105940
1550241000,56.965,56.965,55.836,55.9815,27826960
1550586600,55.832,56.482,55.832,56.3255,21985180
1550673000,56.444,56.5465,55.5875,56.0295,24090660
1550759400,55.939,55.9575,54.899,55.2105,33279600
1550845800,55.485,55.8625,55.025,55.828,29435660
1551105000,56.0965,56.27,55.7055,55.8665,26207240
1551191400,55.7185,56.32175,55.335,56.1005,35025220
1551277800,55.7005,56.2865,55.428,56.1445,22097620
1551364200,55.95,56.6995,55.9205,56.3275,27427100
1551450600,56.55,57.5,56.55,57.426,34085160
1551709800,57.728,58.276,56.9125,57.671,35489340
1551796200,57.8,58.824495,57.651,58.4595,40094460
1551882600,58.588,58.737,58.1525,58.247,23601040
1551969000,58.025,58.179,57.08575,57.5425,30086560
1552055400,56.695,57.67252,56.51,57.4985,23694640
1552311000,57.6,58.9955,57.5785,58.963,30032660
1552397400,59.115,60.2855,59.115,59.8625,42219580
1552483800,60.2965,60.35617,59.8955,59.953,25887080
1552570200,59.951,60.235,59.5615,59.6265,27301440
1552656600,59.9,60.08625,59.3505,59.515,51866760.00000001
1552915800,59.4845,59.7475,59.07381,59.4275,24444060
1553002200,59.586,60.17025,59.47282,60.123,29788140
1553088600,60.07,61.4995,59.9795,61.3215,41508840
1553175000,61,61.822,60.82875,61.8065,28149600
1553261400,61.4425,61.6815,60.300005,60.3825,34422660
1553520600,59.978,60.472,59.50017,59.869,27576980
1553607000,60.2595,60.3825,59.088,59.492,30752120
1553693400,59.596,59.596,58.2115,58.9005,29428040
1553779800,58.775,58.8625,58.1715,58.6135,22402440
1553866200,59.009,59.1985,58.319,58.8445,30892300
1554125400,59.377,60.01,59.318,59.949,27711900
1554211800,60.0025,60.2905,59.562,60.277,18288260
1554298200,60.635,61.03,60.25375,60.5405,22192280
1554384600,60.5645,61.0275,60.452,60.9725,21021780
1554471000,60.965,61.0195,60.5015,60.5725,20020880
1554730200,60.5555,60.6975,60.23475,60.414,21751760
1554816600,60.0945,60.3575,59.919,60.1345,19676800
1554903000,60.2545,60.446885,60.033045,60.3225,15509120
1554989400,60.445,60.637,60.227,60.4795,16998940
1555075800,60.781,61.1525,60.6645,61.1365,24312200
1555335000,61.2045,61.46475,60.728,61.3265,23799480
1555421400,61.5,61.799,61.252,61.5955,22621980
1555507800,61.85,62.25475,61.645,62.007,30365720
1555594200,62.25,62.297,61.9705,62.0735,24755760
1555939800,61.8335,62.717025,61.6685,62.688,19088380
1556026200,62.832,63.7215,62.59875,63.5295,31868980
1556112600,63.5295,63.7,62.9905,63.0025,23395940
1556199000,63.515,63.64,62.9,63.367,31343220
1556285400,63.669,63.9455,63.25,63.871,27228380
1556544600,64.0255,64.84875,63.5855,64.81,72367240
1556631000,59.5315,60.048885,59.15,59.948,133177099.99999999
1556717400,59.875,59.9625,58.58375,58.666,74340360
1556803800,58.63,58.969,57.9165,58.3255,45097800.00000001
1556890200,58.8705,59.57,58.67725,59.4775,41587520
1557149400,58.6,59.7715,58.55775,59.673,31773680
1557235800,59.2905,59.7385,58.25,58.943,36604760
1557322200,58.8645,59.2135,58.3815,58.539,25520440
1557408600,58.13,58.7035,57.732,58.3985,29555040
1557495000,58.442,58.814,57.3185,58.382,31649200
1557754200,57.262,57.5985,56.275,56.8295,45633720.00000001
1557840600,57.116,57.24325,56.1765,56.243,40391000
1557927000,56.1275,58.915,56.07,58.54,59302339.99999999
1558013400,58.592,59.708,58.4225,59.225,35307760
1558099800,58.7915,59.3145,58.321,58.439,25361000
1558359000,57.65,57.65,56.90675,57.233,30602520
1558445400,57.724,57.9,57.1655,57.722,20564960
1558531800,57.5625,58.189,57.55,57.7925,18825580
1558618200,57.3035,57.5025,56.658,57.267,25213140
1558704600,57.6,57.718,56.8355,56.9305,18553020
1559050200,57.074,57.8245,56.9335,56.978,20951080
1559136600,56.635,56.75,55.5975,55.997,36230200
1559223000,56.0075,56.33975,55.795,56.0705,18088380
1559309400,55.282,55.670135,55.1675,55.325,31589620
1559568600,53.3465,53.35,51.3515,51.937,96889600.00000001
1559655000,52.2245,52.92185,51.8015,52.7245,60511279.99999999
1559741400,52.75,52.8405,51.65,52.232,46988720.00000001
1559827800,52.3105,52.5,51.7755,52.388,29020520
1559914200,52.714,53.6715,52.5575,53.4185,43827140
1560173400,53.85,54.742,53.764085,54.138,28509280
1560259800,54.8495,55.20025,53.9785,54.052,33516340
1560346200,53.9975,54.126,53.48,53.955,23673000
1560432600,54.2355,54.8295,54.1285,54.5505,20813220
1560519000,54.487,54.738,54.07376,54.315,24586080
1560778200,54.455,55.064,54.4,54.6945,19769820
1560864600,55.575,55.939,55.0395,55.262,34526240
1560951000,55.362,55.4715,54.8015,55.2255,26720300
1561037400,56.085,56.136,55.35,55.66,24018160
1561123800,55.493,56.3285,55.486,56.2685,50777440.00000001
1561383000,56,56.1785,55.6655,55.835,24237860
1561469400,55.754,55.785,54.22999,54.379,31644340
1561555800,54.55,54.756,53.68436,54.016,34697460
1561642200,54.3375,54.42325,53.7925,53.8315,24078280
1561728600,53.8615,54.14,53.69,54.14,33671360
1561987800,55.052,55.4295,54.7665,55,29288980
1562074200,55.2415,55.6445,54.9835,55.63,20638380
1562160600,55.925,56.399365,55.7425,56.1495,20154360
1562333400,55.9685,56.7325,55.875,56.63325,29793560
1562592600,56.2935,56.3605,55.588,55.8395,29887420
1562679000,55.516,56.393,55.3575,56.2145,29472440
1562765400,56.616,57.117,56.533,57.0455,30710920
1562851800,57.308,57.662,56.9765,57.204,26010580
1562938200,57.1465,57.375,56.928,57.267,21878660
1563197400,57.267,57.534,57,57.5255,21168620
1563283800,57.3365,57.929,57.3365,57.673,25352820
1563370200,57.546,57.922,57.331,57.337,19537880
1563456600,57.1,57.4085,56.64275,57.362,25475380
1563543000,57.466,57.579,56.5625,56.5775,23183060
1563802200,56.7735,57.001,56.2605,56.9605,28935140
1563888600,57.1725,57.443,56.6425,57.4025,20648760
1563975000,56.631,57.27275,56.4255,56.9865,27199120
1564061400,56.9475,57.17955,56.1855,56.797,54762780.00000001
1564147800,61.4,63.4197,61.4,62.261,121215899.99999999
1564407000,62.125,62.44975,61.51,62.092,41382540
1564493400,61.35,61.8455,61.266,61.4,28615500
1564579800,61.2435,61.7455,60.409,60.91,39959980
1564666200,60.8815,61.8149,60.35,60.589,35425420
1564752600,60.15,60.475,59.5,59.816,34909000
1565011800,58.6485,58.844,57.1375,57.7375,47839440.00000001
1565098200,58.276,59.07,58.07625,58.554,36014140
1565184600,57.89,58.9935,57.542,58.7955,30686940
1565271000,59.3215,60.314,58.7,60.3095,30116960
1565357400,59.99975,60.223,59.2445,59.445,20418900
1565616600,59,59.2805,58.436,58.725,22064860
1565703000,58.7175,60.2715,58.64975,59.8365,28604800
1565789400,58.8035,59.1395,58.0535,58.2125,35430020
1565875800,58.4215,58.821,58.15,58.466,28614300
1565962200,59.0395,59.192,58.65,58.9605,25303740
1566221400,59.5915,60.4695,59.52,60.022,24457080
1566307800,59.7675,59.9,59.15225,59.1765,20211320
1566394200,59.791,60.02784,59.396,59.579,14165440
1566480600,59.69,59.939,58.9455,59.576,17358300
1566567000,59.2585,59.7835,57.5,57.679,36262820
1566826200,57.9725,58.593,57.74225,58.559,21178520
1566912600,59.15,59.25,58.22786,58.541,23469780
1566999000,58.2435,58.925,58.0125,58.6875,16816580
1567085400,59.321,59.9595,59.264,59.712,19641960
1567171800,60.0175,60.0175,59.286,59.5265,18067500
1567517400,59.0925,59.454,58.18575,58.4775,25922320
1567603800,58.9725,59.244,58.5765,59.1135,21313320
1567690200,59.683,60.7,59.6345,60.6095,26413120
1567776600,60.457,60.64725,60.163,60.316,18971600
1568035800,60.354,61.0275,59.6585,60.2635,31859160
1568122200,59.8045,60.5,59.8005,60.285,27921540
1568208600,60.1945,61.1235,60.11375,61,23521320
1568295000,61.1735,62.12075,61.128,61.7485,31644600
1568381400,61.6055,62.0525,61.354,62.0015,23675240
1568640600,61.522,61.951,61.2595,61.5815,28217600
1568727000,61.5815,61.75,61.1675,61.494,20944020
1568813400,61.512,61.812,60.8235,61.6325,17855760
1568899800,61.616,62.217,61.6155,61.9375,16940040
1568986200,61.682,62.14,61.179,61.492,38754860
1569245400,61.3285,61.984,61.189125,61.7345,23941380
1569331800,62,62.3555,60.53219,60.9165,36714240
1569418200,60.8005,62.401,60.46,62.297,27103240
1569504600,62.107,62.2335,61.591,62.1145,23431540
1569591000,62.1415,62.2495,60.76,61.2975,34449620
1569850200,61.03,61.37025,60.671,61.057,25892180
1569936600,61.1245,61.642915,60.2775,60.3,25654700
1570023000,59.825,59.938,58.6315,58.896,33495480
1570109400,59.167,59.55,58.157,59.4715,29388260
1570195800,59.7145,60.623,59.5485,60.548,24573720
1570455000,60.35,60.9455,60.218,60.4125,17580400
1570541400,59.9385,60.34344,59.474,59.5065,20648520
1570627800,60.0665,60.423,59.90575,60.12,16264320
1570714200,59.93,60.781,59.893,60.4735,13364880
1570800600,61.2015,61.4375,60.68192,60.7855,22529040
1571059800,60.6945,61.294,60.594,60.8885,13678520
1571146200,61.075,62.35625,61.046,62.112,30544320
1571232600,62.0905,62.7095,61.9265,62.15,23020560
1571319000,62.57,63.1875,62.4935,62.64,21279620
1571405400,62.7345,62.9055,62.007,62.2205,31646400
1571664600,62.435,62.6755,61.9995,62.214,20601700
1571751000,62.224,62.4365,61.9925,62.06,25636420
1571837400,62.0105,62.902,62.0105,62.8815,23525620
1571923800,62.9555,63.145,62.6175,62.9555,22809560
1572010200,62.6,63.4,62.4575,63.215,27104960
1572269400,63.75,64.962,63.6155,64.449,65428219.99999999
1572355800,63.8,64.04,62.7805,63.033,52654300.00000001
1572442200,62.7575,63.40075,62.5325,63.035,29203860
1572528600,63,63.325785,62.474,62.94,31903080
1572615000,63.29,63.65,62.9855,63.6125,28812140
1572877800,63.8055,64.625,63.8055,64.4805,30632440
1572964200,64.56,64.862,64.469,64.572,25148540
1573050600,64.5045,64.6495,64.1135,64.5505,24625300
1573137000,64.714,66.1325,64.6875,65.347,45140100.00000001
1573223400,65.076,65.8555,65.076,65.45,30437840
1573482600,65.2,65.245,64.793505,64.914,17237200
1573569000,64.9285,65.4675,64.712,64.8605,28886840
1573655400,64.659,65.126,64.60735,64.809,18721700
1573741800,64.75,65.786,64.697,65.4575,29000780
1573828200,65.7525,66.677,65.5945,66.677,39299100
1574087400,66.617,66.696,65.808,65.992,27987480
1574173800,66.3315,66.3315,65.5885,65.6295,21872580
1574260200,65.568,65.6605,64.4605,65.093,28917400
1574346600,64.9625,65.556,64.5375,65.007,25546760
1574433000,65.15,65.345,64.46813,64.6835,27778240
1574692200,64.813,65.5205,64.7805,65.282,23593160
1574778600,65.4955,65.7005,65.202,65.65,21941780
1574865000,65.771,65.882,65.47371,65.6065,18810720
1575037800,65.33,65.4975,65.1615,65.2045,12801380
1575297000,65.128,65.272,64.019,64.443,26577780
1575383400,63.933,64.8615,63.8525,64.737,29600520
1575469800,65.305,66.2135,65.152555,65.947,35527840
1575556200,66.35,66.399,65.716,66.348,24412620
1575642600,66.6375,67.1235,66.5615,66.9695,32974580
1575901800,66.943,67.87765,66.8035,67.1495,31137780
1575988200,66.997,67.4,66.7,67.1445,17608600
1576074600,67.415,67.4945,67.055,67.2125,20486160
1576161000,67.1605,67.729,66.910005,67.4245,29129320
1576247400,67.395,67.5675,67.083,67.3435,33173680
1576506600,67.75,68.1765,67.5305,68.035,28129140
1576593000,68.1205,68.2165,67.5385,67.7445,32970980
1576679400,67.85,67.9715,67.523,67.5955,23334660
1576765800,67.5955,67.876295,67.437535,67.822,30421640
1576852200,68.155,68.2,67.5365,67.561,50276980.00000001
1577111400,67.9365,68.0927,67.4,67.5315,19939340
1577197800,67.5105,67.6005,67.20825,67.2215,13468200
1577370600,67.3275,68.16,67.2755,68.1235,23676000
1577457000,68.2,68.3535,67.65,67.732,23217460
1577716200,67.8405,67.85,66.89175,66.9855,20011840
1577802600,66.7895,67.033,66.6065,66.9695,19521220
1577975400,67.4205,68.434,67.3245,68.434,27285300
1578061800,67.4,68.6875,67.36618,68.076,23412580
1578321000,67.5815,69.916,67.55,69.8905,46786860.00000001
1578407400,70.023,70.175,69.57775,69.7555,34529120
1578493800,69.741,70.5925,69.6315,70.252,35325480
1578580200,71.0965,71.434,70.5105,70.9895,33228760
1578666600,71.4735,71.746995,70.979885,71.448,26263560
1578925800,71.7625,72.074,71.2685,72.0015,30746340
1579012200,72,72.1315,71.3885,71.5295,26112720
1579098600,71.651,72.039,71.583,71.96,21550380
1579185000,72.2725,72.535,72,72.508,26080800
1579271400,73.127,74.0275,72.8275,73.976,52423500.00000001
1579617000,73.95,74.494225,73.5105,74.1125,48932020.00000001
1579703400,74.4865,75.02906,74.13307,74.2085,28458920
1579789800,74.3775,74.675,74.016,74.2345,26651240
1579876200,74.641,74.71,73.15898,73.3085,29785600
1580135400,71.577,71.829,70.975,71.5865,34131320
1580221800,72.087,72.74,71.518,72.525,29731720
1580308200,72.923,73.207,72.26925,72.835,21639280
1580394600,71.905,72.7625,71.75,72.7125,27109440
1580481000,73.393,73.4835,71.353,71.639,43821500
1580740200,73.0825,74.315,72.8305,74.13,72175200
1580826600,72.7245,73.36675,71.1015,72.2705,95879340.00000001
1580913000,73.1805,73.229,71.48375,72.3025,36375860
1580999400,72.599,74.078,72.524,73.7985,37821580
1581085800,73.36925,74.26225,73.2705,73.9555,28360980
1581345000,73.8615,75.444,73.76,75.433,38301440
1581431400,75.6635,76.493995,75.272505,75.503,34852940
1581517800,75.793,76.015,75.4335,75.9315,31042720
1581604200,75.5,76.2973,75.2,75.6695,22913160
1581690600,75.7265,76.0025,75.2775,75.9365,23197140
1582036200,75.717,76.52775,75.5505,75.972,25680220
1582122600,76.36,76.537,76.0488,76.2435,22746760
1582209000,75.9505,76.3535,75.21275,75.8495,25967720
1582295400,75.229,75.54725,73.9245,74.173,42536860
1582554600,71.1525,71.819,70.3395,70.993,49560780.00000001
1582641000,71.55,71.84235,69.021,69.316,51579320.00000001
1582727400,69.749,70.6835,68.827505,69.5235,49803560.00000001
1582813800,67.957,68.47,65.712,65.7475,62289519.99999999
1582900200,63.7155,67.1225,63.4105,66.9625,80218000
1583159400,67.5695,69.3735,66.26,69.316,55429260.00000001
1583245800,69.884,70.4095,66.462105,66.886,56602239.99999999
1583332200,67.948,69.139,66.85,69.08,47597120.00000001
1583418600,67.2775,67.6815,65.082,65.738,54379640.00000001
1583505000,63.4975,65.1375,62.8605,64.787,64646299.99999999
1583760600,60.248,62.6365,59.902,60.7895,69251560
1583847000,62.7195,63.7925,60.7255,63.7585,54871320.00000001
1583933400,62.4135,62.8465,59.557,60.545,54833880.00000001
1584019800,56.131,59.4375,55.4235,55.5775,94325860.00000001
1584106200,58.7495,60.72,55.6145,60.7135,79399460
1584365400,54.4805,57.2735,53.354005,53.65,96519620.00000001
1584451800,54.532,56.3,52.455,55.903,83193720
1584538200,52.997,55.2495,51.85,54.5595,93044760.00000001
1584624600,54.411,57.6305,52.7775,55.5835,74064960
1584711000,56.545,56.923915,53.105,53.4105,82877940
1584970200,52.8185,53.3455,50.4435,52.7065,83672580
1585056600,55.199,56.6665,54.3215,56.5005,72468700
1585143000,56.229,57.3085,54.1505,55.081,90323240.00000001
1585229400,55.736,58.574,54.6015,58.146,76688440
1585315800,56.3735,57.5525,55.200135,55.513,62793219.99999999
1585575000,56.632,57.55,54.924505,57.3155,58736539.99999999
1585661400,57.4365,58.67,56.836,58.0975,65279419.99999999
1585747800,56.2,56.471,54.6745,55.105,51970380.00000001
1585834200,55,56.1385,54.6565,55.8515,56410679.99999999
1585920600,55.7355,55.9395,53.754,54.635,51373880.00000001
1586179800,56.65,59.537735,56.25,59.1595,63319819.99999999
1586266200,60.8505,61.03875,58.8625,59.128,61619099.99999999
1586352600,60.155,60.745,59.1977,60.35,40334260
1586439000,60.909,61.0995,59.62083,60.3285,54028460.00000001
1586784600,60.075,60.725995,59.11659,60.5205,38702560
1586871000,61.998675,63.787495,61.427065,63.2615,63357239.99999999
1586957400,62.3255,63.755495,61.7,62.865,42236840
1587043800,63.357,63.66793,61.91,62.8715,57895139.99999999
1587130200,64.085,64.5,63.3,63.95,51056480.00000001
1587389400,63.4945,63.841,62.822,63.0575,35292160
1587475800,62.1355,62.5,60.25,60.608,49648080.00000001
1587562200,62.0555,63.994,61.86,62.9205,46315840.00000001
1587648600,63.287,64.4075,63.026505,63.5585,34202440
1587735000,62.75,63.8855,62.2,63.83,37440080
1587994200,64.6,64.705,63.253,63.543,44186660
1588080600,64.16,64.238,61.519,61.6295,80700140
1588167000,67.25,68.0075,66.3365,67.109,108357760.00000001
1588253400,66.568,67.5,66.075,67.335,55842480.00000001
1588339800,66.2045,67.5715,65.483,65.866,48871080.00000001
1588599000,65.4065,66.2235,64.8005,66.145,30806940
1588685400,66.875,68.5505,66.7515,67.451,39666360
1588771800,67.9,68.4345,67.2565,67.2715,31732580
1588858200,68.0655,68.799995,67.62703,68.464,30716380
1588944600,69.091,69.832,68.6005,69.217,33329740
1589203800,68.8395,70.7765,68.775,70.1795,32717120
1589290200,70.411,70.7165,68.7255,68.759,33917480
1589376600,68.808,69.2665,66.4005,67.4165,40368080
1589463000,66.676,67.8685,66.165,67.843,36660340
1589549400,67.413,68.729,66.95,68.653,41543980
1589808600,68.079,69.638,67.71,69.259,47128980.00000001
1589895000,69.274,69.6245,68.688,68.72,31585000
1589981400,69.458,70.6013,69.370965,70.458,38262660
1590067800,70.5495,70.823,69.7195,70.3375,30899520
1590154200,70.195,70.85,69.7975,70.662,28544120
1590499800,72.098,72.2555,70.96975,71.0685,44589760
1590586200,71,71.26725,69.73,71.014,31683700
1590672600,70,72.223,69.9538,70.912,35195740
1590759000,71.0215,71.8365,70.799,71.676,37050440
1591018200,71.285,72.079,71.114,71.7435,25185080
1591104600,71.75,72.15,71.0805,72.1155,23441380
1591191000,72.135,72.4505,71.581,71.9625,27732800
1591277400,71.839,72.066,70.3005,70.715,26982100
1591363800,70.782,72.315,70.381065,72.001,42647000
1591623000,71.314,72.45,71.224,72.402,33877620
1591709400,72.262,73.39,72.118,72.604,33623100
1591795800,73.0755,73.6385,72.71775,73.235,31762320
1591882200,72.0515,72.580165,69.9205,70.095,47144860.00000001
1591968600,71.293,71.72525,69.29,70.646,36675120
1592227800,69.4745,71.25,69.35976,71.037,30553040
1592314200,72.45,72.8585,71.4495,72.3235,30696520
1592400600,72.647,73.11,71.75625,72.627,30610000
1592487000,72.4925,72.648495,71.31175,71.706,34861420
1592573400,72,72.225,70.95,71.232,52783340.00000001
1592832600,71.2505,72.5475,70.9595,72.533,29441440
1592919000,72.6,73.76,72.25,73.199,37751660
1593005400,73.164,73.7895,71.5,71.635,31591580
1593091800,71.561,72.116,70.977005,72.055,23958140
1593178200,71.6315,71.851,67.75,68.127,97640280.00000001
1593437400,68.017,69.9,67.5825,69.8585,45073560.00000001
1593523800,69.844,71.2,69.346505,70.9025,40286400
1593610200,70.9585,72.424,70.709,72.1,42182480
1593696600,72.592,74.426,72.55325,73.4965,57218299.99999999
1594042200,74.4075,75.5,73.8488,74.9825,44712600
1594128600,74.8065,76.066,74.485,74.496,42363880
1594215000,75.04,75.5585,74.615,75.18,31765840
1594301400,75.4965,76.45706,74.7795,75.933,41836660
1594387800,75.6625,77.067,75.036,76.9505,35921260
1594647000,77.497,78.818,75.328,75.6115,42954560
1594733400,74.6395,76.14,74.29625,76.043,38108000
1594819800,76.1615,76.8165,74.8915,75.844,31026500
1594906200,75.075,75.7955,74.4135,75.746,26484540
1594992600,75.8455,76.1715,74.905,75.8425,34264620
1595251800,75.75,78.4505,75.134805,78.192,30165540
1595338200,79.2515,79.3525,77.631,77.796,27554360
1595424600,77.7855,78.349,77.1615,78.2425,24482000
1595511000,78.2965,78.5175,75.4295,75.8375,33909960
1595597400,74.9595,75.771365,74.3795,75.4105,29907620
1595856600,75.663,76.878,75.6165,76.4715,27123700
1595943000,76.25,76.3005,75.026,75.1825,30910680
1596029400,75.25,76.6665,75.1505,76.1755,22675460
1596115800,74.8985,77.0445,74.7585,76.9185,36042420
1596202200,74.8525,75.251,72.7,74.3975,91527640.00000001
1596461400,74.55,74.8865,73.586,74.138,45521700.00000001
1596547800,74.3355,74.6555,73.2015,73.665,37212180
1596634200,73.841,74.5,73.56075,73.9545,29150360
1596720600,73.8075,75.3135,73.595,75.2475,33305220
1596807000,75.452,76.0045,74.3135,74.9185,27725880
1597066200,74.54,75.3575,73.874505,74.841,20546580
1597152600,74.7,75.522,73.9095,74.027,31097060
1597239000,74.356225,75.5835,74.25,75.362,22531200
1597325400,75.4105,76.84872,75.4105,75.8325,22394220
1597411800,75.6805,75.98925,74.95,75.2315,21941180
1597671000,75.7985,76.189,75.25,75.812,19998680
1597757400,76.306,77.8685,76.08325,77.789,28377000
1597843800,77.6245,78.443,77,77.2305,30471840
1597930200,76.9985,79.0085,76.723,78.8125,26382620
1598016600,78.59,79.594,78.1155,78.7785,34845500
1598275800,79.6235,80.439,78.752,79.2575,25637860
1598362200,79.005,80.444,78.894,80.2925,25149260
1598448600,80.315,82.6395,80.04877,82.2065,52187260.00000001
1598535000,82.3305,82.3995,80.940685,81.426,31350060
1598621400,81.4735,82.0675,81.28025,81.9715,22423900
1598880600,82.1785,82.225,81.2665,81.4765,26421940
1598967000,81.608,82.961,81.4765,82.754,22675320
1599053400,83.4005,86.30511,83.0095,85.8695,49521440.00000001
1599139800,84.976,85,80.3855,81.4755,63725739.99999999
1599226200,80.45,81.7495,76.898505,79.0605,55850660.00000001
1599571800,76.25,77.7775,75.825,76.18,54031720.00000001
1599658200,77.445,77.936,76.2585,77.3615,39241560
1599744600,77.509,78.683,76,76.3025,33023880
1599831000,76.4075,76.93475,74.651,75.788,30706740
1600090200,76.582355,77.85,75.2555,75.4415,42660140
1600176600,76.3945,77.5495,76.105,76.756,23041100
1600263000,77.124,77.7185,75.5795,75.6045,22143380
1600349400,74.2905,74.933,73.123,74.352,40007120
1600435800,74.415,74.76,71.581,72.5545,63055759.99999999
1600695000,71.581,72.003,70.134,71.507,56908099.99999999
1600781400,72.516,73.1985,71.47475,72.991,33950840
1600867800,72.6045,72.654,70.134,70.4695,37725980
1600954200,70.134,71.8995,70.1075,71.143,34552220
1601040600,71.2525,72.297,70.384,71.953,30333540
1601299800,73.5995,73.6495,72.314,72.933,30784720
1601386200,73.1955,73.6,72.7,73.301,31822240
1601472600,73.04675,74.309875,72.78775,73.28,40923400
1601559000,74.18304,74.7535,73.84,74.395,32884420
1601645400,72.9815,73.9515,72.3675,72.78,31222640
1601904600,73.1325,74.235,73.0045,74.1415,21601160
1601991000,73.775,74.226,72.2505,72.551,26095040
1602077400,72.9655,73.4485,71.6615,72.957,36108960
1602163800,73.2725,74.401375,73.2725,74.1715,26076040
1602250200,74.643,75.5925,74.35,75.5225,32966800
1602509400,76.9,79.421,76.465,78.2295,55343280.00000001
1602595800,78.8505,79.258,77.9315,78.3535,39072180
1602682200,78.73,79.1925,77.29475,78.172,33184560
1602768600,77.225,78.56975,77.056505,77.7735,31229700
1602855000,78.0915,78.8855,77.883,78.385,34206500
1603114200,78.7965,79.19625,76.146,76.4975,29733040
1603200600,76.1555,78.692,76.025,77.554,41718300
1603287000,78.4925,80.757,78.35675,79.2995,60321059.99999999
1603373400,79.25,80.671,78.874,80.333,30515460
1603459800,80.7525,81.706,80.5955,81.649,30548040
1603719000,80.75,81.479,78.389,79.2145,35826340
1603805400,79.446595,80.1,78.8495,79.944,25902760
1603891800,77.5005,77.6905,75.424,75.54,45173500.00000001
1603978200,75.851,79.43675,75.8275,77.844,55406860.00000001
1604064600,83.372,84.06575,80.0785,80.8055,99923940.00000001
1604327400,81.177,82.912,80.712,81.216,44228980
1604413800,81.538,82.95,80.6054,82.283,31432820
1604500200,85.279015,88.5015,85.15,87.2925,71342980
1604586600,88.5225,89.5909,87.0515,88.125,39758140
1604673000,87.567,88.42475,86.834,87.9865,28621680
1604932200,89.799,90.8445,87.87725,88.071,53440480.00000001
1605018600,86.4885,87.969,85.806,86.886,43021160
1605105000,87.42,88.145,87.153,87.3615,31838120
1605191400,87.1,88.249,86.8985,87.141,26487260
1605277800,87.4,88.8565,86.799,88.613,29757540
1605537000,88.207,89.717,88.0665,88.7015,25467860
1605623400,88.393,88.857,87.9745,88.083,21320680
1605709800,87.832,88.25,86.92829,87.032,20107540
1605796200,86.6615,88.1745,86.501,87.9285,20106800
1605882600,88.1,88.418125,86.75,86.819,27706440
1606141800,87.011,87.2995,85.509,86.378,22552360
1606228200,86.375,88.32375,86.0365,88.195,28006120
1606314600,88.3905,88.519,87.418,88.2065,19599140
1606487400,88.227,89.8505,88.227,89.351,14790140
1606746600,88.7825,89.01675,87.392,87.72,32417740
1606833000,88.33275,91.085995,88.1515,89.768,37362680
1606919400,89.768,91.637,89.258475,91.2485,29424700
1607005800,91.027,92.1915,90.85,91.092,24727320
1607092200,91.011,91.47497,90.6795,91.188,20544840
1607351400,90.7775,91.4645,90.152,90.8515,22287820
1607437800,90.426,90.7985,89.564,90.5665,19935360
1607524200,90.518,91.4185,88.100005,88.893,31728520
1607610600,88.13,88.7495,86.67635,88.3825,28688320
1607697000,88,88.8655,87.637,88.74,18628620
1607956200,88.536,89.49,87.4565,87.613,33049420
1608042600,87.993,88.2,87.0835,88.054,21365840
1608129000,88.4555,88.4555,87.453,87.8595,24676720
1608215400,88.1965,88.3355,86.5575,87.0255,34880100
1608301800,87.30851,87.418,85.75,86.311,85256740
1608561000,85.4565,86.85,84.7,86.728,33974140
1608647400,86.4665,86.630615,85.289,86.011,20376580
1608733800,86.1965,87.2055,86.06,86.4115,22973680
1608820200,86.45,87.1205,86.2175,86.708,9312760
1609165800,87.2455,89.35,87.091,88.698,27650740
1609252200,89.3615,89.4235,87.7555,87.888,19725740
1609338600,88.25,88.388,86.4,86.8125,21026160
1609425000,86.8635,87.875,86.8045,87.632,21069580
1609770600,88,88.124495,85.357,86.3065,37323900
1609857000,86.2545,87.3415,85.845,87.0025,20359240
1609943400,85.01275,87.19825,84.80507,86.144,46588020.00000001
1610029800,86.338,88.891,86.338,88.717,41936580
1610116200,88.858,89.96775,88.061,89.8915,35484520
1610375400,88.851,89.219,87.607,87.8145,34812360
1610461800,87.268,88.395,85.81875,86.8715,29534300
1610548200,86.366,87.8195,86.366,87.3625,23431800
1610634600,87.4435,88.377495,86.3035,86.546,29212340
1610721000,86.451,87.381,85.5855,86.381,31444280
1611066600,87.15,90.192,86.6415,89.2235,41659020
1611153000,91.3185,94.98617,90.9755,94.0035,64151399.99999999
1611239400,94.6825,96.604,93.9705,94.2075,58659459.99999999
1611325800,94.573,95.2195,93.82475,94.628,32743900
1611585000,95.637,96.091,92.958,94.714,50586920.00000001
1611671400,94.2995,95.7875,93.8065,95.3975,31461560
1611757800,93.7455,94.0235,89.864,90.947,82512620
1611844200,91.55,94.3995,91.55,92.66,55278100.00000001
1611930600,91.701,92.37675,90.078005,91.368,44530180
1612189800,92.22925,95.777,92.22925,94.6535,40252060
1612276200,95.6565,97.4685,95.3185,95.956,66332399.99999999
1612362600,103.2805,105.33117,100.6775,102.944,97881640.00000001
1612449000,103.03078,103.465,101.755,102.6815,48595600.00000001
1612535400,102.978,104.797,102.5,104.4415,29865120
1612794600,105,105.75,103.1675,104.226,28828860
1612881000,103.74,104.9255,103.5,103.7695,21891660
1612967400,104.157,104.944,102.612,104.324,25101600
1613053800,104.55,104.7,103.443,104.4375,20480580
1613140200,103.9885,104.975,103.6785,104.7515,18990500
1613485800,104.5875,107.257,104.5875,105.535,31003900
1613572200,104.699,106.12217,104.4175,105.931,20303540
1613658600,105.25,106.0995,104.6665,105.2905,22570980
1613745000,105.3895,105.929,104.1715,104.4405,37938780
1614004200,102.68,104.0165,102.4,102.713,29466340
1614090600,100.6995,103.625,99.5115,103.006,34657980
1614177000,101.502,104.416,101.3765,104.1905,22608740
1614263400,102.7965,104.15,100.3245,100.7975,41548180
1614349800,101.4975,102.826,100.0505,101.0955,40041280
1614609000,102.4,103.8115,101.721,103.483,26061780
1614695400,103.242,104.737,102.8335,103.224,25563680
1614781800,102.5975,103.7995,99.7,100.5705,33892900
1614868200,100.74345,103.7295,100.2715,101.6965,49215720.00000001
1614954600,103.0575,105.31,101.388865,104.8535,53099540.00000001
1615213800,104.203,105.687,100.2595,100.375,36867420
1615300200,102.4875,103.195765,101.78,102.018,33920620
1615386600,103.07,103.07,100.9665,101.8095,27100080
1615473000,102.911,105.5635,102.8225,105.027,27702600
1615559400,103.8205,103.8805,101.621,102.5,33817980
1615815000,102.24875,102.7495,101.3895,102.722,26214820
1615901400,103.2995,105.684,102.9645,104.1945,31900300
1615987800,103.4235,104.95,102.20609,104.111,26382520
1616074200,102.409,103.4373,100.959,101.067,31712960
1616160600,101.4865,101.852,100.1465,101.348,46071920.00000001
1616419800,101.3815,102.417,100.7,101.5345,33535420
1616506200,101.9975,103.2055,101.400005,102.0665,28509120
1616592600,102.588,103.38,101.450005,101.6265,25217060
1616679000,101.4525,102.282,99.8045,101.623,35615740
1616765400,101.5895,101.96925,100.1925,101.2365,27977500
1617024600,101.108,102.4605,100.2725,102.2895,26492620
1617111000,102.649,103.1335,101.8075,102.3235,27317120
1617197400,102.72,104.313,102.35,103.126,42569640
1617283800,104.6125,106.7875,104.5715,106.489,39880100
1617629400,107.3575,111.4495,107.26025,110.948,48509600.00000001
1617715800,110.546,111.4,110.0895,110.463,35240780
1617802200,110.655,112.225,110.655,111.9515,24133920
1617888600,113.2,113.589495,112.1505,112.5215,28664280
1617975000,112.272,113.6985,111.86275,113.5335,26145300
1618234200,112.706,112.84425,111.391,112.231,25023660
1618320600,112.5495,113.1735,112.1525,112.7215,25681560
1618407000,113.3715,113.3715,111.80075,112.0955,21002860
1618493400,113.0975,114.8,112.5585,114.2625,29174980
1618579800,114.462,114.712,113.546,114.1375,26282780
1618839000,113.509,115.2045,113.509,114.488,30289400
1618925400,114.8745,114.949995,112.856,113.9505,22288320
1619011800,113.6025,114,112.241,113.9175,23204180
1619098200,113.77,114.44407,112.016,112.626,24145520
1619184600,113.35,115.305875,113.0625,114.9965,29111080
1619443800,115.226,116.2265,114.86575,115.4965,32037840
1619530200,115.88163,115.9225,114.308,114.549,44385600
1619616600,119.62477,121.569,117.661,117.952,81106800
1619703000,119.4615,120.208,118.6925,119.638,41233080
1619789400,118.401,119.0925,117.328,117.675,44856760.00000001
1620048600,118.2455,119.0775,116.775,117.154,28242780
1620135000,115.6775,116.249495,112.834,115.3415,44818640.00000001
1620221400,116.4315,116.75,115.414,115.7385,26636180
1620307800,115.3165,116.8675,114.65209,116.8675,25190460
1620394200,118.1945,118.5625,117.30775,117.5965,28897240
1620653400,116.407,116.55,114.227,114.5875,30914580
1620739800,112.1535,114.014,111.696,113.503,34185840
1620826200,111.3095,112.399,109.681,110.0125,46375480.00000001
1620912600,111.306,111.971875,110.336,111.452,33220400
1620999000,112.927,114.236,112.5,113.919,31996580
1621258200,113.1785,114.489,112.775505,114.446,21597380
1621344600,115.1175,115.38409,113.1095,113.1235,22203700
1621431000,111.4215,113.7495,111.272,113.575,23684100
1621517400,114.55,115.6,114.176,115.3475,32351000
1621603800,115.8705,115.9445,114.465,114.7065,40631800
1621863000,115.7445,118.2775,115.59775,118.052,31832200
1621949400,118.6,119.2,117.75,118.1435,22439640
1622035800,118.326,119.4495,118.323125,119.0155,21571960
1622122200,119.4525,119.4525,117.813,118.134,35224020
1622208600,118.721,118.8035,117.6425,117.8425,21490800
1622554200,118.722,119.2855,117.714,119.059,23358020
1622640600,119.4575,119.682,117.61775,118.5295,21162920
1622727000,117.2865,117.85075,116.476,117.379,18695920
1622813400,118.4635,119.9515,118.1205,119.6785,24458200
1623072600,119.4718,120.225495,119.05,120.115,24119320
1623159000,120.6005,120.97601,119.739,119.922,24239840
1623245400,120.5715,120.644,119.845,120.397,17941040
1623331800,120.346,121.8,120.189,121.7565,25907500
1623418200,122,122.086,120.948,121.51,21958140
1623677400,121.613,122.446,120.9,122.4455,22097560
1623763800,122.45,122.7755,121.056,121.4195,21562140
1623850200,121.572,121.886,119.47,120.7725,26471860
1623936600,120.6975,122.5225,120.5,121.7435,25848880
1624023000,121.367,121.603,120.015,120.111,46115200.00000001
1624282200,120.5005,122,119.8985,121.8125,27413660
1624368600,121.75,122.4,121.064,122.3305,22390200
1624455000,122.0935,123.0955,121.8345,122.127,19154160
1624541400,122.7,123.055535,122.3,122.5,21365140
1624627800,122,122.633,121.56525,122.5085,34596380
1624887000,122.6785,122.78475,121.405505,122.536,28525420
1624973400,122.670355,123.02075,121.69075,122.2725,23108720
1625059800,121.9945,122.257,121.3545,122.0895,24473980
1625146200,121.725,122.587,121.5315,122.4445,18112820
1625232600,123.15,125.404,123.0595,125.2575,26002180
1625578200,125.6485,126.428,124.582505,126.19,26403580
1625664600,127.162,127.284,126.153,126.474,24059020
1625751000,124.026,125.5955,124.022,125.044,23789340
1625837400,125.025,125.7345,124.55125,125.5185,18631680
1626096600,126.178,127.06944,125.61075,126.9755,17667780
1626183000,127.0385,128.0575,126.6745,127.3415,19246940
1626269400,127.958,129.32633,127.91446,128.237,23745660
1626355800,128.649,128.7,126.53,127.005,24218800
1626442200,127.663,127.8115,126.1535,126.97,20424540
1626701400,126.0895,126.205,123.505,124.578,27967580
1626787800,125.5275,127.04318,124.3505,126.2095,26316440
1626874200,126.1335,127.596,126.0235,127.549,20746180
1626960600,127.844,128.483,127.498845,128.4215,14301880
1627047000,130.4305,133.398995,129.8005,133.015,41506420
1627306200,133.32825,134.237,132.3015,134.035,30571480
1627392600,134.2505,134.399,130.104,131.9,54709480.00000001
1627479000,136.31195,138.297,135.2775,136.094,95130600.00000001
1627565400,136.15,136.661015,135.543,135.7775,31715720
1627651800,135.035,135.3045,134.255,134.7265,25575780
1627911000,135.117,135.3365,133.79414,134.8545,21634200
1627997400,135.135,135.732,133.3195,135.63,20761880
1628083800,135.3495,135.6495,134.487,135.1255,19676020
1628170200,135.6805,136.35,134.846,136.2515,17869000
1628256600,136.042,136.4725,135.21,135.7385,20488120
1628515800,135.9425,137.184,135.33925,136.913,17766000
1628602200,137.342,137.772305,136.3645,136.807,19414080
1628688600,137.1815,137.68225,136.2715,136.279,15352000
1628775000,135.9755,137.3,135.4255,137.194,16518860
1628861400,137.25,137.8565,137.033,137.7275,15947440
1629120600,137.524895,138.3625,135.29875,138.3095,22398360
1629207000,137.75,138.2655,136.082,136.6615,21715200
1629293400,136.5,137.10425,135.3215,135.449,19258940
1629379800,134.4355,136.3525,134.25,135.68,21782540
1629466200,136,137.554,135.25,137.4295,31193160
1629725400,137.9695,140.8745,137.6075,140.0415,28453400
1629811800,140.6115,142.08,140.3385,141.2615,19267220
1629898200,141.625,142.189485,141.376,142.079,15851480
1629984600,141.75,142.4175,141.357,141.4405,20609320
1630071000,141.6525,144.5125,141.497,144.004,28780200
1630330200,144.4,145.9705,144.163,144.5905,24434200
1630416600,145.147,145.17125,144.281,144.6975,22448760
1630503000,145,146.25375,144.8835,145.2155,21936100
1630589400,145.216,145.51925,143.18475,143.287,32358140
1630675800,143.0805,144.155,142.4005,143.7395,19854360
1631021400,143.8345,144.565,143.619,144.2805,20131900
1631107800,144.1,144.4,143,143.691,18350220
1631194200,143.8405,144.3105,143.1775,143.541,15317100
1631280600,144.2125,144.7185,140.73775,140.876,36839340
1631539800,141.9495,142.95,141.25,142.3325,22093840
1631626200,142.99525,143.363,141.75,142.5445,19673860
1631712600,142.7715,144.4505,141.3475,144.4295,27407580
1631799000,143.9505,144.3,142.4015,143.61,26195420
1631885400,143.0305,143.45,140.46975,140.8,53384460.00000001
1632144600,138.1615,139,136.32175,138.7195,46518040.00000001
1632231000,139.7495,140.0115,138.278,139.033,25331900
1632317400,139.304,140.887,138.5515,140.2835,25055560
1632403800,140.9875,141.6965,140.4015,141.216,20951000
1632490200,140.5385,142.33025,140.241,142.215,22983900
1632749400,140.804265,141.938495,140.0675,141.072,21881960
1632835800,138.655,139.0965,135.36,135.83,45772200.00000001
1632922200,136.98,137.151,133.865,134.3535,30848700
1633008600,134.2615,135.5425,133.556,133.676,38028800
1633095000,134.4475,136.9105,134.073,136.543,35360180
1633354200,135.9605,135.9605,131.05,133.6595,51201940.00000001
1633440600,134.041,137.2245,134.041,136.023,32403260
1633527000,134.75,137.75,134.55,137.565,24364280
1633613400,138.892,140.042,138.6512,139.225,25110140
1633699800,139.577,140.331035,139.2175,139.7855,26525840
1633959000,139.292,140.712,138.859,138.914,17953620
1634045400,139.48,139.507,135.76,136.449,36332240
1634131800,137.4025,138,136.518815,137.582,19662320
1634218200,139.473805,141.33725,138.825,141.151,31927940
1634304600,141.6145,141.718,140.755,141.368,30274440
1634563800,141.0765,142.796,141.06945,142.778,20396160
1634650200,143.3875,143.6625,142.6,143.237,20163000
1634736600,143.338,143.54609,141.3765,141.769,23288060
1634823000,141.769,142.156,140.5,141.886,26292260
1634909400,139.15,140.58275,136.056,137.5665,50588960.00000001
1635168600,137.55,138,135.424,137.447,34412260
1635255000,139.2635,140.08294,138.3045,139.3085,49235020.00000001
1635341400,139.405,148.65,139.405,146.2175,85781400
1635427800,147.1345,147.158,144.62675,145.849,36206380
1635514200,145.078,148.242,144.6495,148.046,43320300
1635773400,148.046,148.046,143.2255,143.497,46923240.00000001
1635859800,144.5795,146.609,144.3355,145.4325,33482240
1635946200,145.9005,146.669,144.591,146.598,27493240
1636032600,147.1245,149.7335,146.308,148.2675,38411260
1636119000,149.1695,150.3275,148.197,148.852,38354740
1636381800,149.825,150.61475,148.4305,149.031,23052500
1636468200,149.233,149.8345,147.24475,148.9185,19529740
1636554600,147.5,148.07,144.5375,145.8935,29969800
1636641000,146.4895,147.5355,145.6005,145.7665,16517480
1636727400,146.6155,148.85,145.411005,148.678,22360000
1636986600,148.9005,149.5495,147.575,148.452,23507040
1637073000,148.1495,148.7625,147.3125,147.876,18904000
1637159400,148.0275,148.5595,147.24,148.047,19599500
1637245800,148.2415,150.5805,147.8845,149.8385,35628220
1637332200,149.97544,150.9665,148.899,148.9265,33699380
1637591400,149.3325,149.8295,146.1475,146.302,30629200
1637677800,146.153,146.66,144.115,145.782,27231160
1637764200,145.4735,146.24925,144.373,146.12,18040140
1637937000,144.3485,144.5575,141.8425,142.183,30469240
1638196200,144,146.2975,143.8935,145.5305,32595040
1638282600,145.0085,146,141.6015,141.8975,42067220
1638369000,144,145.95025,140.912,141.0515,34055240
1638455400,141.25,143.8645,140.2145,142.966,29194840
1638541800,143.681,144.4,140.301,142.0015,41230160
1638801000,143.0405,143.8525,140.15,143.155,30618100
1638887400,145.5965,147.53117,145.2275,147.2695,32240300
1638973800,147.5965,148.393,146.406,148.1865,24270320
1639060200,147.591,149.1,147.115005,147.6385,23269720
1639146600,148.7,148.9775,146.70375,148.0015,24462760
1639405800,147.7815,147.97,145.5175,145.8265,27069400
1639492200,143.968,144.48,141.21475,143.907,38446240
1639578600,143.409,146.721,141.67789,146.441,36370460
1639665000,147.1705,147.67675,143.607,144.445,33650380
1639751400,142.5,143.8345,141.3,141.725,51017880.00000001
1640010600,140,141.7745,139.321,141.607,27192360
1640097000,142.0535,143.869,140.5025,143.4725,28755360
1640183400,143.0675,146.5,143.0675,146.415,26322380
1640269800,146.5,148.2435,146.452,146.9165,26383440
1640615400,147.256,148.343995,147.16925,147.9065,15984460
1640701800,148.236,148.299005,146.05428,146.687,18254300
1640788200,146.644285,147.417,145.6475,146.655,17787460
1640874600,146.694,147.3,145.9945,146.2005,15687720
1640961000,146.05,146.6985,144.852,144.852,18135180
1641220200,145.055,145.851,143.71275,144.9915,28678940
1641306600,145.396,146.48489,143.71625,144.3995,28399440
1641393000,144.42,144.499375,137.688,137.775,54618280.00000001
1641479400,136.9985,139.94,136.5585,137.7475,37347420
1641565800,138.1455,138.4485,135.7665,137.017,29760560
1641825000,135.078,138.8195,133.1645,138.6695,44408120
1641911400,138.007,140.216,136.69225,139.736,28729700
1641997800,141.15,142.60775,140.6945,141.4305,26112040
1642084200,141.54,142.85,138.409,138.587,31436600
1642170600,137.079,140.742,136.9985,139.4805,29661280
1642516200,136.175,137.1315,135.43825,135.998,34888100
1642602600,136.5235,137.9595,135.0155,135.1165,28647640
1642689000,136.25,137.626,132.964655,133.3075,29907140
1642775400,132.5935,134.86553,130.0865,130.3515,55651420.00000001
1643034600,125.978,131.203,124.5,130.804,76694240
1643121000,128.74,129.399,126.5005,126.935,46960560.00000001
1643207400,131.119,133,127.142,129.233,49129500.00000001
1643293800,131.304,132.65225,128.93229,129.005,32018780
1643380200,129.659,133.3565,128.485,133.351,34361480
1643639400,134.161995,135.473,132.2095,135.3035,39986000
1643725800,137.5945,137.79275,134.3685,137.644,68643640
1643812200,151.25,151.546575,145.522505,148,123199219.99999999
1643898600,145.7055,149.675,142.665315,143.09,71517220
1643985000,143.444635,144.875,140.515,143.293,57998219.99999999
1644244200,144.25,144.25,138.9,139.201,54973300.00000001
1644330600,139.0265,140,137.01385,139.399,54283600.00000001
1644417000,140.9635,142.52425,140.18703,141.592,40143880
1644503400,139.7035,141.4845,137.957,138.62,39330660
1644589800,138.6,139.15625,133.4,134.2825,39958340
1644849000,133.2565,136.3,133.2565,135.526,34301080
1644935400,137.5705,138.1085,135.8215,136.6085,26711260
1645021800,136.6465,138.086,134.92375,137.738,25021300
1645108200,136.243,137.113495,132.4785,132.539,38949500
1645194600,133.467,134.069995,130.1965,130.403,45619440.00000001
1645540200,129.83809,132.18025,128.22325,129.8135,44990740.00000001
1645626600,131.6485,132.051,127.5275,127.588,32786020
1645713000,124.95325,133,124.95325,132.691,54455080.00000001
1645799400,133.552,135.2715,131.7515,134.4595,36405980
1646058600,133.05,135.7515,132.59225,135.057,38864420
1646145000,134.8785,136.2555,133.2185,134.0615,26495360
1646231400,134.628,135.2625,133.07154,134.5715,23519800
1646317800,136.01,136.439495,133.0255,133.8995,24603240
1646404200,132.9275,133.8515,130.3375,131.9065,30450640
1646663400,131.488,131.735,126.295,126.3785,45112940.00000001
1646749800,126.25,131.25,125.674685,127.1045,40427100
1646836200,131.25,133.7355,129.9005,133.42,37025400
1646922600,131.266,133.27175,130.9125,132.4295,27101400
1647009000,133.4885,133.7955,129.6315,129.8705,31526440
1647264600,130.25,130.409,125.275,125.951,38811260
1647351000,126.976,129.8545,125.7205,129.198,30919520
1647437400,130.733,133.333,128.7345,133.2805,35576980
1647523800,133.149,134.0804,132.185,133.839,28263920
1647610200,133.4245,136.244,132.25825,136.1255,44566900
1647869400,136.1635,137.05,134.09225,136.1015,26831680
1647955800,136.1015,141.05,136.1015,139.868,35495540
1648042200,138.7025,139.5885,137.835,138.2755,25153400
1648128600,139.2,141.61875,137.7505,141.572,26396560
1648215000,141.916,142.035,139.7375,141.673,24143080
1648474200,140.9005,142.0025,139.81125,141.4555,35049260
1648560600,142.6475,143.7935,142.03825,142.5055,34317020
1648647000,142.46,142.720315,141.6,141.9385,19884760
1648733400,142.053,142.10775,139.0245,139.0675,37524720
1648819800,139.5,140.47075,138.3075,140.1505,25941440
1649079000,140.3585,143.712,140.3105,142.9715,25970840
1649165400,142.869,142.9905,140.3825,140.591,21418120
1649251800,138.75,139.3605,135.517,136.548,32468480
1649338200,136.01,137.1645,134.227395,135.8885,26233600
1649424600,135.5835,135.67,132.9655,133.2875,25142800
1649683800,131.8235,132.0925,128.6685,128.8235,36883060
1649770200,131.6,131.6,126.788985,127.7145,32710700
1649856600,128,130.334,127.74125,129.894,27927240
1649943000,130.4795,130.4795,126.601,126.73,31597980
1650288600,127,128.2125,126.182,127.6765,20808660
1650375000,127.6915,130.333,126.9995,130.009,26489760
1650461400,130.892,131.399,127.5,128.04,31695460
1650547800,129.25,130.0985,124.5265,124.8145,36445160
1650634200,125,125.402,118.925,119.6355,56883719.99999999
1650893400,119.101,123.2775,118.511,123.074,46128260.00000001
1650979800,122.2945,122.51,118.511,118.65,73054880
1651066200,114.46925,117.242,112.736505,114.2945,91820580.00000001
1651152600,116.415,119.6495,114.115,118.5225,48884640.00000001
1651239000,116.7345,117.91975,113.8145,114.1095,42676000
1651498200,113.405,116.7455,112.6,116.583,35533020
1651584600,116.4305,118.441815,116.0345,117.334,24967360
1651671000,117.0315,122.8545,115.116,122.261,49915280.00000001
1651757400,120.204,121.039,115.00575,116.5055,45840580.00000001
1651843800,115.1845,117.5715,114.0155,115.7465,39709580
1652103000,113.25,115.07709,112.000505,112.511,40802860
1652189400,115.5075,116.25,112.9005,114.395,39900380
1652275800,113.2365,116.36441,113.2365,113.6025,37534740
1652362200,111.3775,114.295,109.8245,112.844,53836180.00000001
1652448600,114.533,117.875,113.605005,116.0505,35038480
1652707800,114.9555,116.17,113.8895,114.445,25990440
1652794200,116.8405,116.9,114.86975,116.473,23053160
1652880600,115,115.4,111.5555,111.8995,35125980
1652967000,111.4315,113.01,110,110.384,34144400
1653053400,111.951,112.1835,105.79636,108.908,48962960.00000001
1653312600,109.5875,112.1475,108.741,111.488,37184940
1653399000,105.772,106.45825,101.88468,105.97,76779780
1653485400,104.9855,106.5,103.8565,105.805,40257340
1653571800,105.677,108.6495,105.224855,107.7925,37947220
1653658200,109.483,112.318,109.13825,112.3165,37914120
1654003800,112.7465,115.735,112.0785,113.762,50012260.00000001
1654090200,114.855,117.101555,113.25,113.892,36605520
1654176600,114,117.8995,112.9465,117.6225,37992280
1654263000,116.0625,116.321625,113.5185,114.541,26135460
1654522200,116.7045,119.347,116.164,116.8205,33541540
1654608600,115.4805,117.691,115.052,117.1495,31590460
1654695000,116.7615,118.5705,116.6,117.194,26107740
1654781400,116.3275,118.298995,114.776,114.8355,25797960
1654867800,112.445,113.279,110.36612,111.1615,41481840
1655127000,106.7865,108.7915,106.11918,106.3925,47251920.00000001
1655213400,106.535,107.9245,105.8,106.7155,33706260
1655299800,108.545,111.4235,107.6695,109.7645,39698180
1655386200,107.221,108.6485,105.138005,106.0335,51684960.00000001
1655472600,106.0335,108.699495,105.046,107.1435,51376520.00000001
1655818200,108.9295,112.48925,108.6,111.544,47415800.00000001
1655904600,110.5565,113.3465,110.382375,111.4875,30774140
1655991000,112.2315,112.7425,110.5005,112.242,28361920
1656077400,112.995,118.079,112.9525,117.975,41163680
1656336600,118.273,118.5795,115.179685,115.8335,36420760
1656423000,115.8025,117.3095,111.848,112.0075,35880960
1656509400,111.552,113.16025,110.872505,111.7015,24716820
1656595800,110,110.888,106.75,108.963,43169060
1656682200,107.933,109.25,106.7305,108.7375,35475660
1657027800,107.1005,113.37675,105.7315,113.263,39399640
1657114200,113.302,115.5895,111.476,114.572,37431380
1657200600,115.08,119.1895,114.8335,118.783,40935880
1657287000,117.25,119.685,116.90125,119.3535,38238160
1657546200,117.998,117.998,115.3305,115.6765,31243700
1657632600,116.215,116.974,113.69022,114.0205,29959700
1657719000,111.701,114.196,111.2015,111.3535,43722020
1657805400,110.2105,111.093,108.373,110.3675,37003040
1657891800,112.0005,113.1405,110.9,111.7775,46769120.00000001
1658151000,112.64,113.68,108.37,109.03,43164588
1658237400,110.85,114.02,109.56,113.81,36530945
1658323800,113.17,115.4,112.48,113.9,35600426
1658410200,114.28,114.55,111.1132,114.34,32676166
1658496600,111,112.34,106.5,107.9,48901184
1658755800,108.41,109.87,106.3,107.51,34690894
1658842200,106.6,107.2,104.07,105.02,47990963
1658928600,109.26,113.91,108.01,113.06,59858495
1659015000,112.37,114.34,111.46,114.22,32816568
1659101400,113.08,116.705,113.06,116.32,37223391
1659360600,115.3,116.72,114.34,114.86,26034288
1659447000,114,116.35,113.72,115.13,20236029
1659533400,115.71,118.62,115.48,118.08,28499014
1659619800,117.48,118.78,116.89,118.19,21602925
1659706200,116.23,118.1056,116,117.47,19159520
1659965400,118.39,120.15,116.88,117.3,19169479
1660051800,117.135,117.32,115.71,116.63,19086465
1660138200,118.78,120.92,118.41,119.7,30930350
1660224600,121.28,121.49,118.56,118.84,24293654
1660311000,120.26,121.68,119.46,121.68,19096268
1660570200,121.13,122.3,120.61,122.08,19494825
1660656600,121.52,122.43,120.64,121.7,19041230
1660743000,120.12,121.29,119.38,119.55,22846958
1660829400,119.43,120.82,118.72,120.17,17987660
1660915800,119.06,119.15,116.76,117.21,21809528
1661175000,115.2,115.63,113.85,114.24,21456648
1661261400,113.475,115.01,113.43,113.86,15870373
1661347800,113.5,114.78,112.8701,113.69,17734624
1661434200,114.235,116.72,114.11,116.65,16956794
1661520600,114.72,115.12,110.19,110.34,37245697
1661779800,109.99,110.95,108.8,109.42,21191157
1661866200,110.17,110.5,107.8,108.94,27513255
1661952600,110.65,110.85,108.13,108.22,28626972
1662039000,108.28,110.445,107.36,109.74,28360926
1662125400,110.59,110.74,107.26,107.85,24160711
1662471000,107.3,108.03,105.78,106.81,25068280
1662557400,107.06,109.98,106.9,109.45,23166967
1662643800,108.04,109.6,107.16,108.38,24238293
1662730200,109.065,110.99,109.02,110.65,23213585
1662989400,110.99,111.62,109.93,110.86,22966752
1663075800,107.8,108.3,104.09,104.32,38172871
1663162200,104.57,105.275,103.66,105,26395134
1663248600,104.03,105.27,102.35,102.91,34188284
1663335000,102.07,103.13,100.94,102.8,42797172
1663594200,101.75,103.33,101.55,103.07,23036811
1663680600,102.08,102.37,100.52,101.14,26517123
1663767000,101.67,102.88,99.27,99.28,31487265
1663853400,98.82,101.24,98.79,100.14,34298619
1663939800,99.63,99.66,97.47,98.74,31625437
1664199000,98.1,99.88,97.8,98.17,27072662
1664285400,99.43,100,96.872,97.5,30072781
1664371800,97.65,100.7,97.11,100.05,32466323
1664458200,98.64,98.64,95.96,97.42,31047224
1664544600,97.05,98.9,95.56,95.65,32941493
1664803800,96.76,99.2872,96.521,98.64,27982031
1664890200,100.44,101.84,100.38,101.64,28850773
1664976600,99.825,101.93,98.8,101.43,22176903
1665063000,100.68,102.9254,100.59,101.42,22323989
1665149400,99.85,100.53,98.295,98.68,27502765
1665408600,99,99.095,97.01,97.86,18225094
1665495000,97.43,99.245,96.31,97.18,26507103
1665581400,97.3,98.75,96.735,97.56,21876362
1665667800,95.15,99.775,94.3836,99.06,34574549
1665754200,99.99,100.69,96.37,96.56,25410674
1666013400,98.86,100.93,98.83,99.97,28419192
1666099800,103.13,103.47,99.97,100.77,24060671
1666186200,100.01,101.0183,98.9201,99.63,23811064
1666272600,100,102.32,99.39,99.97,25323202
1666359000,97.845,101.31,97.72,101.13,32458722
1666618200,101.8,102.75,99.98,102.52,27176417
1666704600,102.9,104.82,102.72,104.48,40611375
1666791000,96.43,98.31,94.69,94.93,88279042
1666877400,94.52,95.43,91.8,92.22,60710859
1666963800,92.27,96.55,92.13,96.29,43697286
1667223000,95.42,96.03,93.98,94.51,31675036
1667309400,95.45,96.03,90.37,90.47,47161351
1667395800,90.94,91.18,86.88,86.97,57038282
1667482200,86.32,86.52,83.34,83.43,61288019
1667568600,85.4,86.64,83.71,86.58,51124904
1667831400,87.28,88.9,86.85,88.49,34078912
1667917800,88.9,90.32,87.5901,88.9,30429025
1668004200,88.45,89.435,87.28,87.32,31769099
1668090600,92.25,94.39,91.61,93.94,51620136
1668177000,94.69,96.93,93.92,96.41,33090482
1668436200,95.09,96.79,94.51,95.7,30179539
1668522600,98.26,100.14,96.71,98.44,41640816
1668609000,97.9,99.6375,97.64,98.85,29105154
1668695400,96.97,99.28,96.79,98.36,26052599
1668781800,98.77,98.9,96.37,97.43,28342297
1669041000,97.29,98.4,95.355,95.6,21647387
1669127400,95.95,97.22,94.05,97.05,23438480
1669213800,97.09,98.76,97.09,98.46,18868092
1669386600,98.24,98.64,97.4,97.46,9701441
1669645800,97.0363,97.58,95.61,96.05,26252433
1669732200,95.73,96.12,94.11,95.19,20061720
1669818600,94.82,101.04,94.42,100.99,43647481
1669905000,101.02,102.25,100.25,100.99,28687096
1669991400,99.05,100.77,98.9,100.44,21480703
1670250600,99.4,101.38,99,99.48,24405087
1670337000,99.3,99.78,96.42,96.98,24910655
1670423400,96.41,96.8811,94.715,94.94,31045449
1670509800,95.38,95.58,93.45,93.71,32213288
1670596200,93.77,94.26,92.75,92.83,28225448
1670855400,92.71,93.56,91.61,93.31,29009013
1670941800,97.76,99.53,95.03,95.63,40593656
1671028200,95.2,96.87,93.6,95.07,28733599
1671114600,93.13,93.64,90.01,90.86,40107033
1671201000,90.76,91.33,89.52,90.26,58011847
1671460200,90.255,90.56,88.21,88.44,29493030
1671546600,88.11,89.175,87.4401,89.02,23453836
1671633000,89.08,90.22,88.32,89.58,24745637
1671719400,88.16,88.54,86.32,87.76,27658293
1671805800,87.11,89.545,87.07,89.23,23003035
1672151400,88.795,88.94,87.01,87.39,20097346
1672237800,86.98,88.04,85.94,86.02,19523176
1672324200,86.62,88.845,86.61,88.45,23333537
1672410600,86.98,88.3,86.57,88.23,23986297
1672756200,89.585,91.05,88.52,89.12,28131224
1672842600,90.35,90.65,87.271,88.08,34854776
1672929000,87.47,87.57,85.9,86.2,27194375
1673015400,86.79,87.69,84.86,87.34,41381495
1673274600,88.36,90.05,87.86,88.02,29003901
1673361000,85.98,88.67,85.83,88.42,30467755
1673447400,89.18,91.6,89.01,91.52,26861969
1673533800,91.48,91.87,89.75,91.13,30258135
1673620200,90.85,92.19,90.1299,92.12,26329212
1673965800,92.06,92.25,90.05,91.29,32602423
1674052200,92.14,92.7999,90.64,91.12,29116691
1674138600,90.72,93.605,90.63,93.05,37000395
1674225000,95.1,98.3,95.02,98.02,63191078
1674484200,97.95,100.04,97.5,99.79,40005055
1674570600,98.1,99.61,97.2,97.7,33078512
1674657000,95.57,96.162,93.76,95.22,42329952
1674743400,96.5,97.57,95.38,97.52,30113974
1674829800,97.31,100.32,97.31,99.37,33879753
1675089000,97.48,98.29,96.395,96.94,27226198
1675175400,96.87,98.88,96.82,98.84,29870669
1675261800,98.71,101.19,97.58,100.43,35531104
1675348200,105.8,107.85,105.61,107.74,69883762
1675434600,102.93,107.81,102.58,104.78,65309261
1675693800,102.4,104.36,101.88,102.9,31999562
1675780200,103.22,108.18,103.12,107.64,49010230
1675866600,102.05,103.14,98.035,99.37,94743515
1675953000,100,100.03,93.63,95.01,119455020
1676039400,95.45,96.75,94.25,94.57,54980696
1676298600,94.74,95.2,93.84,94.61,50076120
1676385000,94.43,94.845,92.26,94.68,54726120
1676471400,94.49,97.12,94.15,96.94,50298481
1676557800,95.37,97.68,94.74,95.51,42462618
1676644200,94.85,95.5599,93.21,94.35,34284118
1676989800,93,93.1,91.72,91.79,33629256
1677076200,91.7,92.11,90.61,91.65,30884017
1677162600,91.92,91.94,89.76,90.89,41206380
1677249000,89.44,89.89,88.575,89.13,36585093
1677508200,89.87,90.16,89.335,89.87,27502302
1677594600,89.33,91.23,89.32,90.06,30142039
1677681000,89.98,91.03,89.67,90.36,31111225
1677767400,89.66,92.275,89.59,92,32226229
1677853800,92.48,93.73,92.45,93.65,35160105
1678113000,94.015,95.97,94,95.13,32639313
1678199400,94.98,95.67,93.53,93.86,27835476
1678285800,94.12,95.955,94,94.25,34103265
1678372200,94.05,95.53,91.9,92.32,28813532
1678458600,92.17,92.79,90.395,90.63,35941046
1678714200,90.09,92.57,89.42,91.11,37335573
1678800600,92.56,94.36,92.44,93.97,36050214
1678887000,93.22,96.93,92.64,96.11,50622050
1678973400,96.2,101.19,95.5,100.32,65567656
1679059800,100.26,102.835,100.1,101.62,61028547
1679319000,100.12,101.75,99.87,101.22,32960440
1679405400,101.25,105.1,101.22,104.92,42110279
1679491800,104.27,106.59,103.33,103.37,43427419
1679578200,105.06,106.3,104.46,105.6,40797769
1679664600,104.99,105.49,103.84,105.44,30411043
1679923800,104.615,104.76,101.9273,102.46,31120864
1680010200,102.44,102.45,99.74,101.03,32057865
1680096600,102.28,102.49,100.65,101.39,28779572
1680183000,100.91,101.155,99.78,100.89,33086183
1680269400,101.3,103.89,101.04,103.73,36863369
1680528600,102.39,104.53,101.93,104.36,25035399
1680615000,104.33,105.58,104.04,104.72,24420079
1680701400,105.78,106.1,103.66,104.47,28290503
1680787800,105.26,109.17,104.33,108.42,48711480
1681133400,106.98,107.59,105.12,106.44,27067355
1681219800,106.55,106.73,104.68,105.35,26311803
1681306200,106.58,106.75,104.34,104.64,24370274
1681392600,105.84,107.49,105.84,107.43,24843579
1681479000,106.89,108.94,106.84,108.87,26578002
1681738200,104.658,106.16,104.52,105.97,37571218
1681824600,106.49,106.54,104.07,104.5,26596445
1681911000,103.58,104.98,103.07,104.18,20905684
1681997400,103.91,106.25,103.8684,105.29,27820794
1682083800,105.47,106,104.78,105.41,25800082
1682343000,105.49,106.63,104.7,105.97,23542829
1682429400,105.825,106.69,103.84,103.85,46664104
1682515800,104.92,106.35,102.63,103.71,53347560
1682602200,104.45,108.37,103.54,107.59,50089187
1682688600,107.04,107.35,105.09,107.34,36139847
1682947800,106.84,107.99,106.82,107.2,26681680
1683034200,107.14,107.2,103.71,105.32,30997245
1683120600,105.53,107.49,104.96,105.41,21795405
1683207000,105.485,105.6,103.97,104.69,23419506
1683293400,104.82,105.88,104.11,105.57,26639254
1683552600,105.18,107.96,105.16,107.77,26511445
1683639000,108.39,110.15,107.19,107.35,36360141
1683725400,107.97,112.94,107.93,111.75,63153367
1683811800,115.395,117.92,114.41,116.57,78900029
1683898200,116.68,118.03,116.11,117.51,41102330
1684157400,116.11,118.48,116.01,116.51,36266765
1684243800,116.49,120.75,116.43,119.51,45035558
1684330200,119.61,121.67,118.89,120.84,33323588
1684416600,120.95,123.31,120.83,122.83,35234233
1684503000,123.55,125.97,122.15,122.76,41353445
1684762200,122.94,126.43,122.74,125.05,35253034
1684848600,124.16,124.625,122.2104,122.56,34046251
1684935000,121.12,121.91,119.86,120.9,34182635
1685021400,124.52,125.32,121.96,123.48,42316986
1685107800,123.17,125.26,122.45,124.61,35635937
1685453400,125.64,125.66,122,123.67,35076658
1685539800,122.75,124.0601,122.5,122.87,37325787
1685626200,122.815,124.42,122.62,123.72,30772683
1685712600,123.99,126.15,123.76,124.67,26980147
1685971800,124.01,127.43,123.84,126.01,32305531
1686058200,126.01,128.29,125.36,127.31,26638295
1686144600,126.97,129.04,122.12,122.5,52538986
1686231000,122.225,123.225,121.24,122.14,29389167
1686317400,122.25,123.755,121.91,122.23,23778319
1686576600,122.785,124.05,121.66,123.64,28338743
1686663000,124.98,125.16,123.18,123.83,22278313
1686749400,123.1,124.05,121.45,123.67,30592297
1686835800,123.14,125.46,122.4,125.09,35246268
1686922200,125.93,126.108,123.28,123.53,45535553
1687267800,122.93,124.57,122.14,123.1,26097492
1687354200,122.4,122.66,120.1,120.55,30306336
1687440600,120,123.24,118.83,123.15,26952246
1687527000,121.38,122.7879,121.06,122.34,34913637
1687786200,120.76,122,118.265,118.34,33969897
1687872600,117.08,119.08,116.1,118.33,39535936
1687959000,117.09,120.39,116.85,120.18,27091449
1688045400,119.24,120.06,118.295,119.1,24090902
1688131800,120.17,121.08,119.69,119.7,29532241
1688391000,119.24,120.19,118.8182,119.9,14467850
1688563800,119.24,122.61,119.23,121.75,27584809
1688650200,119.795,120.3,118.4,120.11,24778801
1688736600,120.1,121.05,119.4,119.48,21709549
1688995800,118.3,118.305,116.135,116.45,35315235
1689082200,116.29,117.71,115.35,117.14,23078782
1689168600,118.8,120.33,118.4145,118.93,30404409
1689255000,120.93,124.83,120.45,124.54,44297915
1689341400,124.8,126.775,123.49,125.42,33283076
1689600600,125.94,127.0999,124.195,124.65,25716215
1689687000,124.6,124.68,122.96,123.76,26226447
1689773400,124.6,125.18,121.8,122.03,37224033
1689859800,121.42,124.09,118.22,119.2,37906763
1689946200,120.62,120.99,118.73,120.02,71606474
1690205400,121.66,123,120.98,121.53,29723667
1690291800,121.36,123.145,121.02,122.21,52509551
1690378200,130.07,130.98,128.32,129.27,61682093
1690464600,131.67,133.24,128.79,129.4,44952074
1690551000,130.78,133.74,130.57,132.58,36591158
1690810200,132.73,133.525,131.775,132.72,28055531
1690896600,130.775,132.63,130.68,131.55,23276440
1690983000,129.45,130.09,127.56,128.38,26273258
1691069400,127.97,129.385,127.42,128.45,20159528
1691155800,129.28,131.51,127.91,128.11,26147158
1691415000,129.16,131.61,129.02,131.53,22746290
1691501400,130.62,131.51,129.545,131.4,23535181
1691587800,131.66,132.04,129,129.66,24912918
1691674200,131.32,132.05,129.45,129.69,20857754
1691760600,128.66,129.93,128.17,129.56,19591080
1692019800,129.39,131.37,128.96,131.33,24695608
1692106200,131.1,131.42,129.28,129.78,19770732
1692192600,128.7,130.2809,127.865,128.7,25216068
1692279000,129.8,131.99,129.29,129.92,33446280
1692365400,128.51,129.25,126.3824,127.46,30504769
1692624600,127.175,128.725,126.56,128.37,25248729
1692711000,128.51,130.278,128.32,129.08,22067520
1692797400,130.18,133.41,129.87,132.37,27819713
1692883800,133.95,134.25,129.57,129.78,28500694
1692970200,129.54,130.76,127.25,129.88,26762891
1693229400,131.31,132.54,130.14,131.01,20543266
1693315800,132.24,136.57,132.24,134.57,43075556
1693402200,134.78,136.275,134.07,135.88,28315769
1693488600,136.01,138,135.79,136.17,30053800
1693575000,137.455,137.455,134.85,135.66,21543687
1693920600,135.44,136.42,134.5801,135.77,19403112
1694007000,136.02,136.5299,133.665,134.46,18684534
1694093400,133.59,135.58,132.95,135.26,18844342
1694179800,134.91,136.66,134.85,136.38,23584188
1694439000,136.54,137.48,135.785,136.92,20763350
1694525400,136.26,136.8701,135.19,135.34,18405505
1694611800,135.09,136.9,134.15,136.71,20749496
1694698200,137.6,138.695,136.24,138.1,24750968
1694784600,137.98,138.52,136.48,137.4,38919614
1695043800,136.61,139.16,136.61,138.21,21861346
1695130200,137.42,138.41,136.62,138.04,20353653
1695216600,138.08,138.08,133.62,133.74,29927475
1695303000,131.44,132.23,130.07,130.44,31503910
1695389400,130.76,132.025,129.6,130.25,26397337
1695648600,129.83,131.17,128.96,131.11,20094643
1695735000,129.77,130.3645,127.22,128.565,25718704
1695821400,128.57,130.895,128.57,130.54,22746452
1695907800,129.84,133.3,129.79,132.31,22513132
1695994200,133.28,134.05,130.36,130.86,30859790
1696253400,131.21,134.42,131.17,134.17,22288038
1696339800,133.94,134.26,131.84,132.43,22989401
1696426200,132.79,135.57,132.53,135.24,26752295
1696512600,135.07,135.49,133.45,135.07,19832615
1696599000,134.01,138.155,134.01,137.58,27597598
1696858200,136.94,138.94,135.61,138.42,19278070
1696944600,138.5,139.72,137.33,138.06,27786613
1697031000,138.58,141.11,138.58,140.55,25884303
1697117400,141.05,141.22,138.26,138.97,24765537
1697203800,139.38,140,136.615,137.36,23435599
1697463000,138.17,139.63,137.99,139.095,28501871
1697549400,138.63,139.9,137.18,139.72,23515780
1697635800,139.445,140.72,137.38,137.96,23374998
1697722200,138.5,139.66,137.38,137.75,26066011
1697808600,137.33,137.87,135.08,135.6,26335673
1698067800,135.04,137.6599,133.95,136.5,26317930
1698154200,137.83,139.3599,137.42,138.81,44814321
1698240600,128.16,128.31,125.07,125.61,84366208
1698327000,123.27,124.3297,121.27,122.28,57061140
1698413400,122.88,123.31,120.2057,122.17,44566506
1698672600,123.21,125.4,122.75,124.46,28940081
1698759000,125.06,125.37,122.685,124.08,26292342
1698845400,124.07,126.49,123.715,126.45,30082438
1698931800,128.42,128.98,126.93,127.49,27124647
1699018200,128.02,129.525,127.86,129.1,26393109
1699281000,129.05,130.34,128.67,130.25,19052740
1699367400,130.71,131.91,129.88,130.97,29757276
1699453800,130.97,132.21,130.78,131.84,26425849
1699540200,131.96,132.55,130.065,130.24,23747773
1699626600,130.105,132.8,129.41,132.59,26927826
1699885800,131.78,132.59,131.25,132.09,18324751
1699972200,134.19,135.7,133.32,133.62,32395178
1700058600,134.87,135.03,133.57,134.62,23861515
1700145000,135.19,137.2199,134.32,136.93,28013179
1700231400,136,136.06,133.65,135.31,37287691
1700490600,133.69,136.66,133.62,136.25,27850762
1700577000,136.29,137.18,135.96,136.97,22635272
1700663400,137.47,139.42,137.47,138.49,17820456
1700836200,138.03,138.13,135.99,136.69,12514322
1701095400,136.03,138.42,136,136.41,23436526
1701181800,136.08,137.25,135.4222,137.2,18730032
1701268200,137.57,138.288,134.84,134.99,23967222
1701354600,135.05,135.55,131.28,132.53,38988263
1701441000,131.86,132.11,130.665,131.86,31442263
1701700200,129.88,130.03,127.9,129.27,36669876
1701786600,128.95,132.14,128.25,130.99,27384784
1701873000,131.44,131.84,129.875,130.02,23576176
1701959400,135.04,138.56,134.7,136.93,56767100
1702045800,134.2,136.4,134.025,134.99,32260112
1702305000,132.38,133.335,131.36,133.29,31138011
1702391400,131.81,133,131.26,132.52,29032831
1702477800,133.38,133.5,131.57,132.57,30104775
1702564200,133.38,133.72,129.685,131.94,38722413
1702650600,131.62,133.51,131.18,132.6,50847113
1702909800,132.63,137.1478,132.43,135.8,32257967
1702996200,136.84,137.47,136.08,136.65,25476753
1703082600,138.97,141.695,138.065,138.34,49107179
1703169000,139.49,140.685,139.18,140.42,27488284
1703255400,140.77,141.99,140.71,141.49,26532199
1703601000,141.59,142.68,141.19,141.52,16780333
1703687400,141.59,142.08,139.886,140.37,19628618
1703773800,140.78,141.14,139.75,140.23,16045712
1703860200,139.63,140.36,138.78,139.69,18733017
1704205800,138.55,139.45,136.48,138.17,23711220
1704292200,137.25,139.63,137.08,138.92,24212147
1704378600,138.42,139.16,136.35,136.39,27137735
1704465000,136.745,137.1558,135.15,135.73,22513854
1704724200,136.29,139.01,136.26,138.84,21403982
1704810600,138.5,141.485,138.15,140.95,24759598
1704897000,141,143,140.91,142.28,21320203
1704983400,143.49,145.22,140.635,142.08,24008722
1705069800,142.67,143.195,141.82,142.65,18785514
1705415400,142,144.35,141.45,142.49,22670467
1705501800,141.345,141.84,138.9,141.47,20968649
1705588200,142.05,144.21,141.99,143.48,25746417
1705674600,144.74,146.45,144.38,146.38,34271867
1705933800,147.1,148.39,145.84,145.99,32200369
1706020200,145.89,147.182,145.5,147.04,21636129
1706106600,148.54,149.855,148.1,148.7,25233450
1706193000,150.065,153.05,149.54,151.87,29149069
1706279400,151.1,152.535,151.01,152.185,26115494
1706538600,152.06,153.78,151.43,153.51,27784259
1706625000,152.8,153.62,151.185,151.46,36331833
1706711400,143.62,144,139.87,140.1,71910044
1706797800,142.12,143.06,140.79,141.16,40466549
1706884200,139.26,142.62,136.5,142.38,62499574
1707143400,142.82,145.47,142.78,143.68,38505405
1707229800,144.65,145.36,143.19,144.1,29128201
1707316200,144.76,145.615,143.925,145.54,25208862
1707402600,145.83,146.33,145.105,145.91,22563764
1707489000,146.68,149.44,146.18,149,26829504
1707748200,148.42,149.335,147.37,147.53,21564085
1707834600,144.92,146.67,143.69,145.14,27837730
1707921000,146.08,146.52,144.094,145.94,22704166
1708007400,143.14,143.52,140.46,142.77,37590695
1708093800,142.99,143.19,140.14,140.52,31468926
1708439400,139.655,142.08,139.49,141.12,24935710
1708525800,141.45,142.69,140.675,142.55,23315687
1708612200,144.93,145,142.8,144.09,27191892
1708698600,143.67,144.68,143.43,143.96,19493752
1708957800,142.14,142.44,137.39,137.57,53641795
1709044200,138.02,139.25,137.09,138.88,33099190
1709130600,137.9,138.01,135.41,136.38,37328558
1709217000,137.28,138.86,136.4,138.46,42132953
1709303400,138.43,138.87,136.92,137.14,31151116
1709562600,135.66,135.66,131.91,133.35,55999415
1709649000,131.88,133.24,130.665,132.67,40194757
1709735400,133.12,133.58,130.85,131.4,35318610
1709821800,132.795,134.94,131.61,134.38,37738209
1709908200,134.21,138.085,134,135.41,39370392
1710163800,136.13,139.095,136.13,137.67,32437772
1710250200,137.03,139.375,137.03,138.5,27563354
1710336600,139,141.09,138.99,139.79,23347208
1710423000,141.19,143.585,140.455,143.1,42753387
1710509400,142.5,143.18,140.03,141.18,49475417
1710768600,148.61,152.15,147.17,147.68,69273699
1710855000,148.16,148.7913,146.08,147.03,24070435
1710941400,148,148.86,146.735,148.74,21311501
1711027800,149.47,150.37,146.9001,147.6,24755597
1711114200,149.12,151.58,148.98,150.77,29211769
1711373400,149.94,150.375,147.82,150.07,19229285
1711459800,150.22,152.256,149.98,150.67,22149137
1711546200,151.18,151.635,148.9,150.87,22879178
1711632600,150.85,151.43,150.17,150.93,24485390
1711978200,150.69,155.74,150.61,155.49,31730848
1712064600,153.5,154.7,152.15,154.56,24585985
1712151000,153.6,155.08,152.73,154.92,24704991
1712237400,153.5,154.77,150.45,150.53,34724738
1712323800,150.03,153.42,149.6,152.5,23459246
1712583000,152.78,155.27,152.61,154.85,20701974
1712669400,156.085,158.56,155.19,156.6,31113013
1712755800,156.21,156.61,154.68,156.14,22838629
1712842200,156.91,159.68,156.46,159.41,27166431
1712928600,157.96,160.2225,157.14,157.73,25353746
1713187800,158.86,159.24,154.59,154.86,27136472
1713274200,154.19,155.65,153.43,154.4,20779495
1713360600,155.62,157.08,154.58,155.47,21763130
1713447000,155.34,156.94,154.62,156.01,19883044
1713533400,156.2,156.36,152.3,154.09,32615639
1713792600,154.31,157.64,154.06,156.28,26446206
1713879000,156.96,158.97,156.28,158.26,21151568
1713965400,157.49,159.565,157.165,159.13,22779112
1714051800,151.33,156.49,150.87,156,57109730
1714138200,174.37,174.71,169.65,171.95,64665299
1714397400,169.058,169.55,165.21,166.15,45610024
1714483800,165.612,168.1,162.6,162.78,33562861
1714570200,164.3,167.12,163.09,163.86,33493151
1714656600,164.785,166.73,163.89,166.62,24294549
1714743000,167.56,167.96,163.05,167.24,34662432
1715002200,167.46,168.14,166.03,168.1,21871283
1715088600,168.5,171.76,168.39,171.25,28039696
1715175000,169,170.15,168.735,169.38,19569146
1715261400,169.39,170.69,168.18,169.96,15346700
1715347800,168.025,169.85,166.19,168.65,29799931
1715607000,164.26,169.28,164,169.14,31327602
1715693400,169.77,171.25,168.8,170.34,25127138
1715779800,170.63,172.65,170.51,172.51,26948370
1715866200,173.29,175.115,172.69,174.18,27867947
1715952600,174.18,176.265,173.69,176.06,24479262
1716211800,176.192,178.77,176.08,176.92,22554400
1716298200,176.9,178.15,175.81,177.85,16989369
1716384600,176.644,177.15,175.21,176.38,17880042
1716471000,177.07,178.25,172.95,173.55,21024935
1716557400,174.98,175.77,173.65,174.99,16579438
1716903000,174.45,177.27,174.365,176.4,20572157
1716989400,175.43,176.836,174.72,175.9,23388693
1717075800,175.2,175.22,171.79,172.11,22958677
1717162200,171.86,173.06,169.44,172.5,37638876
1717421400,172.54,174.525,171.16,173.17,27459118
1717507800,173.28,173.845,171.89,173.79,26879596
1717594200,175.2,176.645,173.9339,175.41,22068519
1717680600,175.895,177.15,175.75,176.73,23251013
1717767000,177.05,177.87,174.3,174.46,19661399
1718026200,174.97,177.06,172.76,175.01,23779218
1718112600,176.22,176.84,173.7701,176.62,21540582
1718199000,178.25,180.41,176.11,177.79,27864737
1718285400,176.11,176.74,174.88,175.16,20913299
1718371800,174.22,177.0623,174.15,176.79,18063555
1718631000,175.46,178.36,174.81,177.24,19618497
1718717400,177.14,177.385,174.1042,175.09,21869857
1718890200,175.37,177.29,174.99,176.3,20160085
1718976600,177,180.85,176.61,179.63,58582743
1719235800,180.16,180.89,178.67,179.22,18298012
1719322200,179.62,184.29,179.42,184.03,23235589
1719408600,182.63,184.51,182.48,183.88,19838972
1719495000,184.18,186.05,184.02,185.41,18848884
1719581400,184.32,185.13,181.96,182.15,29156644
1719840600,183.03,183.88,181.3,182.99,16006128
1719927000,182.05,185.57,181.56,185.24,17372485
1720013400,184.85,186.09,184,185.82,10242126
1720186200,185.855,190.86,185.8,190.6,20967450
1720445400,189.895,190.17,187.78,189.03,21035886
1720531800,190.31,191.36,188.72,188.98,15141312
1720618200,189.15,191.75,189.03,191.18,15952454
1720704600,189.845,190.86,185.08,185.57,25625784
1720791000,185.08,187.11,184.49,185.07,22898406
1721050200,184.92,188.24,184.92,186.53,16474043
1721136600,187.36,188.68,183.3736,183.92,18290722
1721223000,182.965,183.55,179.9,181.02,20734071
1721309400,181.93,182.5,176.47,177.69,25315727
1721395800,178.88,180.29,177.13,177.66,18881885
1721655000,180.59,182.7,180.23,181.67,24100345
1721741400,182.05,183.61,181.54,181.79,36352714
1721827800,173.6,176.19,171.82,172.63,49585203
1721914200,172.52,173.42,167.19,167.28,44851973
1722000600,167.15,168.09,164.06,167,41336886
1722259800,168.83,170.43,167.99,169.53,20293822
1722346200,170.24,171.2299,168.44,170.29,18959686
1722432600,173.24,174.245,170.01,171.54,25729090
1722519000,170.25,174.05,168.88,170.76,24531392
1722605400,166.44,168.51,164.67,166.66,29130102
1722864600,155.5,164.43,154.93,159.25,53630673
1722951000,159.33,160.57,156.41,158.29,49004561
1723037400,161.25,162.98,158.47,158.94,25138573
1723123800,160.51,163.69,160.21,162.03,25578839
1723210200,160.01,163.79,159.06,163.67,28602285
1723469400,164.35,164.9,161.84,162.29,15895286
1723555800,163.41,164.73,162.97,164.16,18551690
1723642200,162.4,163.22,157.71,160.37,40591126
1723728600,160.5,161.635,159.61,161.3,31524252
1723815000,161.47,165.06,161.13,162.96,24208647
1724074200,165.28,166.69,164.26,166.67,22416185
1724160600,166.9,168.64,166.82,167.18,18341533
1724247000,165.15,166.85,164.67,165.85,22901997
1724333400,167.26,167.59,163.31,163.8,22493275
1724419800,164.72,166.18,163.83,165.62,13955741
1724679000,166.38,167.55,164.455,166.16,14190417
1724765400,165.835,166.4426,164.46,164.68,11821941
1724851800,165.035,165.6,161.5284,162.85,16407444
1724938200,164.31,165.97,160.25,161.78,19699767
1725024600,162.615,163.66,161.6925,163.38,22123811
1725370200,161.72,161.85,156.48,157.36,38945301
1725456600,156.655,159,155.9616,156.45,19353759
1725543000,156.3,159.45,155.9805,157.24,18688747
1725629400,157.3,157.83,150.55,150.92,37912130
1725888600,152.51,153.4,147.215,148.71,39260451
1725975000,150.45,151.27,148.34,148.66,31118765
1726061400,149.92,151.5,147.52,151.16,29607693
1726147800,153.8,154.82,152.65,154.69,29695048
1726234200,155.43,158.38,155.21,157.46,29591152
1726493400,157.31,158.25,156.6,158.06,18379775
1726579800,159.02,160.55,158.375,159.32,20715612
1726666200,159.86,160.5,158.595,159.81,23677315
1726752600,163.71,163.79,161.34,162.14,26587733
1726839000,163.5,163.73,162.06,163.59,40896438
1727098200,164.35,165.49,161.67,161.85,24150852
1727184600,163.03,163.2158,160.69,162.29,23332147
1727271000,161.47,162.81,161.3,161.49,18869199
1727357400,163.64,164.08,162.28,162.73,20319336
1727443800,162.81,165.7,162.6261,163.95,21101307
1727703000,163.32,166.15,163.26,165.85,20481303
1727789400,167.685,169.16,164.58,166.99,28338123
1727875800,166.42,167.52,164.73,165.86,17760179
1727962200,164.41,166.64,163.923,165.86,15073101
1728048600,168.06,168.23,165.48,167.06,19093724
1728307800,167.72,168.48,162.75,162.98,22463140
1728394200,163.94,164.725,162.87,164.38,23072733
1728480600,163.45,164.84,159.74,161.86,31181774
1728567000,160.87,163.07,160.395,162.08,14144068
1728653400,162.13,163.9,161.235,163.24,15344251
1728912600,163.64,166.226,163.4,164.96,19016141
1728999000,165.785,167.68,164.625,165.46,20247195
1729085400,164.53,165.8,163.74,165.16,16406030
1729171800,165.73,166.37,162.76,162.93,21453395
1729258200,163.19,164.71,163.08,163.42,19757661
1729517400,162.95,164.5,162.62,164.07,20946455
1729603800,162.98,165.77,162.98,165.14,16568121
1729690200,164.76,165.82,161.925,162.78,18280518
1729776600,162.83,163.33,161.01,162.72,22412527
1729863000,163.67,165.59,163.42,165.27,19828884
1730122200,168.75,168.75,163.95,166.72,32138641
1730208600,167.73,170.38,167.0896,169.68,42169025
1730295000,180.68,182.02,174.0599,174.46,68890787
1730381400,173.13,176.82,171,171.11,44768981
1730467800,170.07,172.32,168.88,171.29,31796477
1730730600,169.93,170.73,168.011,169.24,21492744
1730817000,169.43,170.53,168.84,169.74,18242050
1730903400,173.8,176.94,173.5,176.51,33695538
1730989800,177.41,181.08,177.19,180.75,25352939
1731076200,180.645,180.9,178.08,178.35,22006182
1731335400,178.58,180.545,178.47,180.35,17450354
1731421800,179.82,182.49,179.39,181.62,25134905
1731508200,180.46,180.96,178.54,178.88,23184003
1731594600,178.28,178.82,174.3218,175.58,31007457
1731681000,173.73,174.14,171.22,172.49,32504649
1731940200,173.42,175.438,172.9,175.3,20206613
1732026600,173.72,178.87,173.56,178.12,23434925
1732113000,177.34,177.675,173.78,175.98,18997111
1732199400,173.9,174.13,163.7,167.63,59734379
1732285800,165.85,166.46,163.9,164.76,38604587
1732545000,166.09,168.63,165.6072,167.65,33135263
1732631400,167.63,169.82,167.58,169.12,20486720
1732717800,169,169.4832,168.02,169.23,19266511
1732890600,168.5,169.43,167.16,168.95,14257244
1733149800,168.765,172.075,168.57,171.49,23789084
1733236200,171.49,172.68,170.85,171.34,22248705
1733322600,171.145,174.91,171.06,174.37,31615137
1733409000,175.36,176.06,172.33,172.64,21356243
1733495400,172.03,175.08,171.86,174.71,21462393
1733754600,173.96,176.26,173.65,175.37,25389631
1733841000,182.845,186.36,181.05,185.17,54813022
1733927400,185.31,195.61,184.85,195.4,67894071
1734013800,195,195.18,191.71,191.96,34817486
1734100200,191.01,192.73,189.64,189.82,25143495
1734359400,192.87,199,192.62,196.66,44934901
1734445800,197.25,201.42,194.98,195.42,43504025
1734532200,195.22,197,187.74,188.4,34166074
1734618600,191.625,193.03,188.38,188.51,32265241
1734705000,185.78,192.89,185.22,191.41,63462934
1734964200,192.62,195.1,190.15,194.63,25675014
1735050600,194.84,196.11,193.78,196.11,10403259
1735223400,195.15,196.748,194.375,195.6,12057210
1735309800,194.95,195.32,190.65,192.76,18891362
1735569000,189.8,192.55,189.12,191.24,14264659
1735655400,191.075,191.96,188.51,189.3,17466919
1735828200,190.65,192,187.5,189.43,20370828
1735914600,191.37,193.21,189.975,191.79,18596159
1736173800,193.98,198.2222,193.85,196.87,29563638
1736260200,197.11,201,194.6,195.49,26487244
1736346600,192.57,196.29,192.38,193.95,24864766
1736519400,194.295,196.52,190.31,192.04,26665206
1736778600,190.07,191.18,187.36,191.01,21823699
1736865000,191.24,191.98,188.3082,189.66,17174854
1736951400,193.09,196.36,191.86,195.55,21775969
1737037800,194.14,195.48,192.81,192.91,17815432
1737124200,196.53,197.23,193.75,196,27735089
1737469800,199.07,202.29,197.87,198.05,29971292
1737556200,199.06,200.48,197.53,198.37,26200617
1737642600,198.14,200.3,195.2,197.98,26951357
1737729000,198.1,200.9,198,200.21,23877521
1737988200,192.41,196.88,190.73,191.81,41728893
1738074600,192.745,195.48,190.68,195.3,24157929
1738161000,195.555,196.785,193.43,195.41,18218256
1738247400,198,201.4,197.67,200.87,24354684
1738333800,202,205.48,201.8,204.02,32041952
1738593000,200.69,203.75,200.1,201.23,27838348
1738679400,203.39,207.05,202.81,206.38,43856425
1738765800,191.07,192.75,188.03,191.33,70461770
1738852200,189.5,192.1,188.72,191.6,29297442
1738938600,191.05,191.18,183.24,185.34,49314961
1739197800,187.35,188.2,185.86,186.47,23105649
1739284200,185.03,186.94,184.28,185.32,21239519
1739370600,183.22,185.11,181.83,183.61,22072559
1739457000,184.32,186.28,183.14,186.14,21402523
1739543400,185.055,186.4,184.32,185.23,20448437
1739889000,185.6,185.96,181.7401,183.77,29916675
1739975400,184.07,185.46,183.59,185.27,19549396
1740061800,184.8,185.31,182.72,184.56,20441462
1740148200,185.15,185.34,179.08,179.66,35199239
1740407400,181.99,183.12,178.885,179.25,29854206
1740493800,178.04,178.74,174.6939,175.42,41913411
1740580200,175.07,176.08,171.5807,172.73,35431268
1740666600,173.99,174.56,167.94,168.5,39991015
1740753000,168.68,170.61,166.77,170.28,48130565
1741012200,171.925,173.37,165.93,167.01,40770451
1741098600,166.24,173.2946,165.8,170.92,45387996
1741185000,170.52,173.78,169.06,173.02,30954922
1741271400,170.53,174.81,170.5,172.35,28301953
1741357800,171.26,174.97,170.27,173.86,27385813
1741613400,168.26,168.46,163.69,165.87,43604027
1741699800,164.91,166.75,161.37,164.04,39587414
1741786200,166.58,167.6399,163.53,167.11,28372396
1741872600,166.035,166.13,162.11,162.76,31756214
1741959000,163.27,166.49,162.45,165.49,31995894
1742218200,165.03,166.3,163.67,164.29,31184335
1742304600,163.675,164.25,156.72,160.67,42074751
1742391000,161.76,165.87,161,163.89,34275582
1742477400,161.57,164.89,160.96,162.8,28138464
1742563800,161.205,164.24,160.8901,163.99,36625764
1742823000,167.065,168.32,165.14,167.68,30879129
1742909400,168.98,170.63,168.315,170.56,24174373
1742995800,169,169.61,164.84,165.06,28939326
1743082200,164.63,165.42,162,162.24,24508273
1743168600,160.49,161.82,153.63,154.33,48669335
1743427800,153.11,155.54,150.662,154.64,54603464
1743514200,153.62,158.1,153.62,157.07,30672899
1743600600,155.15,158.4052,154.7,157.04,25041730
1743687000,151.11,152.7799,150.39,150.72,46883371
1743773400,148.01,151.07,145.38,145.6,62259539
1744032600,141.55,152.85,140.53,146.75,76794136
1744119000,151.22,152.24,143.03,144.7,52200208
1744205400,144.415,159.55,143.905,158.71,70406232
1744291800,156.54,157.72,149.93,152.82,48021972
1744378200,152.9,157.67,152.82,157.14,33636239
1744637400,159.995,161.72,157.56,159.07,30332957
1744723800,159.125,159.65,155.21,156.31,27551534
1744810200,153.1,155.89,151.51,153.33,28187421
1744896600,154.29,154.68,148.5,151.16,33046576
1745242200,148.88,148.945,146.1,147.67,26049115
1745328600,148.89,152.19,148.54,151.47,26971774
1745415000,155.61,157.525,153.81,155.35,31128833
1745501400,156.15,159.59,155.79,159.28,45893951
1745587800,165.07,166.1,161.04,161.96,56033995
1745847000,162.425,163.15,158.6,160.61,29745782
1745933400,160.325,160.74,157.52,160.16,26808958
1746019800,157.975,159.27,155.4,158.8,34981059
1746106200,160.45,161.95,158.91,161.3,30203248
1746192600,163.405,164.97,161.87,164.03,25715005
1746451800,163,165.39,162.72,164.21,21341814
1746538200,162.17,164.8,161.19,163.23,21277210
1746624600,164.08,165,147.84,151.38,127747554
1746711000,155,155.93,152.9,154.28,57498692
1746797400,154.17,155.05,152.2,152.75,32435281
1747056600,157.485,159.1,156.25,158.46,44138818
1747143000,158.79,160.57,156.16,159.53,42382126
1747229400,159.96,167,159.61,165.37,48755869
1747315800,165.84,166.205,162.3732,163.96,33146669
1747402200,167.725,169.35,165.62,166.19,42846925
1747661400,164.51,166.64,164.22,166.54,30426097
1747747800,166.43,168.5,162.9,163.98,46607656
1747834200,163.69,173.14,163.56,168.56,73415956
1747920600,171.85,176.77,170.71,170.87,74864418
1748007000,169.055,169.96,167.89,168.47,35211439
1748352600,170.16,173.17,170,172.9,37995670
1748439000,173.16,175.265,171.9107,172.36,34783997
1748525400,174,174.4193,170.63,171.86,29373803
1748611800,171.35,172.205,167.44,171.74,52639911
1748871000,167.84,169.87,167.39,169.03,38612272
1748957400,167.49,168.475,165.28,166.18,45084903
1749043800,166.735,168.215,166.36,168.05,26900838
1749130200,170.34,170.93,167.59,168.21,36444564
1749216600,170.83,174.5,170.83,173.68,35731832
1749475800,174.54,176.47,174.37,176.09,28935906
1749562200,176.2,181.105,174.91,178.6,61766121
1749648600,179.77,180.37,176.75,177.35,31646757
1749735000,176.18,176.72,174.745,175.7,20941873
1749821400,172.44,177.13,172.385,174.67,27663107
1750080600,174.73,176.94,174.65,176.77,27389208
1750167000,175.7,177.3648,174.58,175.95,24973043
1750253400,176.01,176.56,173.2,173.32,28707524
1750426200,173.945,174.34,165.46,166.64,75659917
1750685400,166.27,167.34,162,165.19,57670985
1750771800,166.92,168.22,166.13,166.77,40524312
1750858200,167.63,172.36,167.55,170.68,35478989
1750944600,172.43,173.69,169.94,173.54,31796690
1751031000,173.54,178.68,171.73,178.53,108140200
1751290200,180.78,181.23,174.58,176.23,63378856
1751376600,175.735,176.09,173.53,175.84,35904526
1751463000,175.54,178.86,175.07,178.64,29128947
1751549400,178.5,179.67,177.05,179.53,21689729
1751895000,179.06,179.297,175.68,176.79,34175648
1751981400,177.85,177.95,172.81,174.36,40442535
1752067800,175.25,179.44,172.77,176.62,43025594
1752154200,175.63,178.429,174.38,177.62,29252386
1752240600,176.785,181.43,176.48,180.19,34282922
1752499800,181.01,183.67,179.68,181.56,32536632
1752586200,182.81,184.22,181.6,182,33448251
1752672600,183.235,184.327,182.03,182.97,33104193
1752759000,182.14,184.06,180.48,183.58,31992565
1752845400,185.4,186.42,183.71,185.06,34014509
1753104600,186.25,190.285,186.15,190.1,45803129
1753191000,191.495,191.645,187.46,191.34,44660215
1753277400,191.5,192.53,189.18,190.23,58681948
1753363800,197.03,197.95,191,192.17,74881687
1753450200,191.98,194.33,191.26,193.18,39785863
1753709400,193.65,194.05,190.84,192.58,38139504
1753795800,192.43,195.92,192.08,195.75,41389153
1753882200,195.6,197.5999,194.685,196.53,32445405
1753968600,195.71,195.99,191.09,191.9,51329163
1754055000,189.025,190.83,187.82,189.13,34832181
1754314200,190.29,195.27,190.12,195.04,31547350
1754400600,194.71,197.8599,193.885,194.67,31602340
1754487000,194.5,196.63,193.67,196.09,21562908
1754573400,197.06,197.54,194.33,196.52,26321811
1754659800,197.22,202.61,197.17,201.42,39161826
1754919000,200.935,201.475,199.07,201,25832435
1755005400,201.365,204.5,200.59,203.34,30424452
1755091800,204.13,204.53,197.5101,201.96,28342922
1755178200,201.5,204.44,201.225,202.94,25230427
1755264600,203.85,206.44,201.28,203.9,34931422
1755523800,204.2,205.265,202.49,203.5,18526594
1755610200,203.03,203.44,199.96,201.57,24240233
1755696600,200.73,201.28,196.595,199.32,28955498
1755783000,199.745,202.48,199.43,199.75,19774633
1755869400,202.73,208.54,201.3,206.09,42827040
1756128600,206.43,210.52,205.28,208.49,29928878
1756215000,207.51,207.85,205.7,207.14,28464130
1756301400,205.7,208.91,205.65,207.48,23022850
1756387800,207.25,212.22,206.9,211.64,32339307
1756474200,210.51,214.645,210.2,212.91,39728364
1756819800,208.44,211.675,206.195,211.35,47523037
1756906200,226.21,231.31,224.79,230.66,103336125
1756992600,229.65,232.37,226.11,232.3,51684167
1757079000,232.2,235.76,231.9,235,46588925
1757338200,235.47,238.13,233.67,234.04,32474743
1757424600,234.165,240.47,233.229,239.63,38060959
1757511000,238.9,241.66,237.85,239.17,35141074
1757597400,239.88,242.25,236.25,240.37,30599328
1757683800,240.37,242.075,238,240.8,26771610
1757943000,244.66,252.4099,244.66,251.61,58383796
1758029400,252.08,253.04,249.47,251.16,34109720
1758115800,251.22,251.6,246.28,249.53,34107992
1758202200,251.68,253.99,249.8,252.03,31239474
1758288600,253.25,256,251.81,254.72,55571424
1758547800,254.43,255.78,250.3,252.53,32290538
1758634200,253.04,254.36,250.48,251.66,26628016
1758720600,251.66,252.3501,246.44,247.14,28201003
1758807000,244.4,246.49,240.74,245.79,31020383
1758893400,247.065,249.42,245.97,246.54,18503194
1759152600,247.85,251.1486,242.77,244.05,32505777
1759239000,242.81,243.29,239.245,243.1,34724346
1759325400,240.75,246.3,238.61,244.9,31658234
1759411800,245.15,246.81,242.3,245.69,25483298
1759498200,244.49,246.3,241.655,245.35,30249559
1759757400,244.78,251.32,244.58,250.43,28894653
1759843800,248.27,250.44,245.52,245.76,23181285
1759930200,244.96,246.005,243.82,244.62,21307104
1760016600,244.47,244.76,239.15,241.53,27892086
1760103000,241.43,244.09,235.84,236.57,33180323
1760362200,240.21,244.5,239.71,244.15,24995028
1760448600,241.23,247.12,240.51,245.45,22111572
1760535000,247.245,252.11,245.99,251.03,27007690
1760621400,251.765,256.96,250.101,251.46,27997159
1760707800,250.76,254.22,247.81,253.3,29671629
1760967000,254.69,257.33,254.23,256.55,22350155
1761053400,254.74,254.88,244.15,250.46,47312098
1761139800,254.37,256.36,249.29,251.69,35029370
1761226200,252.98,255.04,251.85,253.08,19901425
1761312600,256.58,261.68,255.315,259.92,28655126
1761571800,264.815,270.14,264.28,269.27,35235231
1761658200,269.69,270.73,266.5,267.47,29738564
1761744600,267.75,275.336,267.67,274.57,43580277
1761831000,291.59,291.59,280.06,281.48,74875990
1761917400,283.21,286,277.03,281.19,39267945
1762180200,282.175,285.53,279.8,283.72,29785996
1762266600,276.75,281.27,276.26,277.54,30078369
1762353000,278.87,286.415,277.34,284.31,31010302
1762439400,285.33,288.35,281.14,284.75,37173648
1762525800,283.205,283.78,275.19,278.83,34479588
1762785000,284.42,290.8,282.855,290.1,29557309
1762871400,287.745,291.915,287.32,291.31,19842136
1762957800,291.675,292.005,283.69,286.71,24829923
1763044200,282.34,282.84,277.24,278.57,29494040
1763130600,271.405,278.56,270.7,276.41,31647227
1763389800,285.775,293.95,283.57,285.02,52670192
1763476200,287.915,288.8,278.2,284.28,49158743
1763562600,287.16,303.81,286.63,292.81,68198944
1763649000,304.54,306.42,288.67,289.45,62025218
1763735400,296.415,303.92,293.845,299.66,74137697
1763994600,311.13,319.48,309.595,318.58,85165123
1764081000,326.21,328.83,317.65,323.44,88632074
1764167400,320.68,324.5,316.79,319.95,51373361
1764340200,323.365,326.85,316.79,320.18,26018568
1764599400,317.7,319.85,313.89,314.89,41182956
1764685800,316.74,318.38,313.91,315.81,35854744
1764772200,315.89,321.58,314.1,319.63,41838317
1764858600,322.225,322.36,314.7,317.62,31240924
1764945000,319.49,323.16,319.165,321.27,28851705
1765204200,320.05,320.44,311.2219,313.72,33909433
1765290600,312.37,317.99,311.895,317.08,30194027
1765377000,315.83,321.31,314.68,320.21,33428923
1765463400,320.08,321.12,308.6,312.43,42353697
1765549800,313.7,314.87,305.56,309.29,35940170
1765809000,311.315,311.42,304.88,308.22,29151889
1765895400,304.945,310.77,302.59,306.57,30585020
1765981800,308.01,308.09,296.12,296.72,43930358
1766068200,301.72,303.96,299.2308,302.46,33518048
1766154600,301.73,307.25,300.97,307.16,59943239
1766413800,309.875,310.13,305.3,309.78,26429937
1766500200,309.625,314.94,309.32,314.35,25478670
1766586600,314.77,315.08,311.92,314.09,10097361
1766759400,314.48,315.085,312.275,313.51,10899017
1767018600,311.365,314.02,310.62,313.56,19621777
1767105000,312.5,316.95,312.46,313.85,17380888
1767191400,312.845,314.58,311.44,313,16377689
1767364200,316.9,322.5,310.33,315.15,32009385
1767623400,317.655,319.015,314.63,316.54,30195597
1767709800,316.4,320.94,311.78,314.34,31212101
1767796200,314.36,326.15,314.19,321.98,35104425
1767882600,328.965,330.3196,321.5,325.44,31896101
1767969000,327.09,330.83,325.8,328.57,26214166
1768228200,325.8,334.04,325,331.86,33923928
1768314600,334.95,340.49,333.62,335.97,33517607
1768401000,335.06,336.52,330.48,335.84,28525571
1768487400,337.65,337.69,330.74,332.78,28442406
1768573800,334.41,334.65,327.7,330,40341637
1768919400,320.87,327.73,320.43,322,35361045
1769005800,320.92,332.4799,319.3518,328.38,35386603
1769092200,334.45,335.15,328.75,330.54,26253640
1769178600,332.485,333.6889,327.45,327.93,27279974
1769437800,327.805,335.84,327,333.26,26042120
1769524200,335.365,337.91,333.48,334.55,21636164
1769610600,336.06,337.535,331.94,336.01,27434434
1769697000,340.3,342.29,326.54,338.25,39785612
1769783400,340,340,332.285,338,31023954
1770042600,336.22,344.83,335.63,343.69,32006052
1770129000,347.34,349,337.4745,339.71,36506709
1770215400,342.96,343.31,328.52,333.04,70618398
1770301800,312.22,332.69,306.46,331.25,88205849
1770388200,327.18,330.38,319.92,322.86,56380484
1770647400,320.93,327.7,317.26,324.32,39640055
1770733800,320.97,321.67,314.61,318.58,39170012
1770820200,318.97,321.06,309.66,310.96,45406405
1770906600,312.09,316.24,307.2,309,47761288
1770993000,307.725,308.63,303.71,305.72,38499701
1771338600,300.04,304.435,296.25,302.02,39247556
1771425000,302.09,305.38,301.25,303.33,28482075
1771511400,301.82,305.47,300.04,302.85,25834395
1771597800,304.32,316.5,303.9,314.98,53210820
1771857000,319.045,319.515,309.865,311.49,31422974
1771943400,310.515,312.27,305.93,310.9,25615646
1772029800,312.06,313.64,309.44,312.9,29963621
1772116200,312.64,313.14,302.345,307.38,36431231
1772202600,304.135,312.37,303.8,311.76,44640640
1772461800,303.225,308.49,301.3,306.52,34790203
1772548200,298.59,303.94,296.71,303.58,35496961
1772634600,302.89,305.47,300.75,303.13,29536190
1772721000,303.035,303.3,297.99,300.88,35752321
1772807400,296.09,300.53,295.18,298.52,25576916
1773063000,294.36,306.8,294.08,306.36,29312149
1773149400,306.17,309.51,305.5704,307.04,23239684
1773235800,306.75,311.42,305.92,308.7,24125714
1773322200,306.82,308.94,301.03,303.55,24928347
1773408600,307.01,307.69,300.44,302.28,23693092
1773667800,304.35,306.4886,303.0201,305.56,23519709
1773754200,305.86,311.42,305.5,310.92,21955171
1773840600,309.27,312.47,306.932,307.69,20009815
1773927000,304.005,308.06,302.35,307.13,25075831
1774013400,305.46,306,298.27,301,44364080
1774272600,302.11,305.98,300.93,302.06,29326946
1774359000,299.2,299.92,290.33,290.44,36864278
1774445400,293.44,296,289.24,290.93,29460669
1774531800,287.91,287.95,278.5,280.92,39080578
1774618200,277.275,279.37,273.95,274.34,35890612
1774877400,276.42,277.09,272.11,273.5,35141244
1774963800,278.04,288.08,277.09,287.56,43875400
1775050200,290.835,300.52,290.41,297.39,37684462
1775136600,290.69,298.08,289.45,295.77,21666465
1775482200,295.87,300.62,295.18,299.99,16945494
1775568600,302.725,305.63,297.72,305.46,23205361
1775655000,320.445,322.08,315.02,317.32,33547140
1775741400,315.905,319.54,311.06,318.49,23739173
1775827800,320.015,321.83,316.32,317.24,19152630
1776087000,317.135,321.63,315.47,321.31,18866424
1776173400,324.785,333.29,323.75,332.91,27721351
1776259800,332.89,337.48,330.9,337.12,24918842
1776346200,338.75,339.88,334.52,336.02,20541487
1776432600,337.65,342.32,336.24,341.68,25581881
1776691800,340.755,341.4,336.61,337.42,18784226
1776778200,337.685,339.34,331.35,332.29,23123795
1776864600,337.02,339.82,335.17,339.32,20293014
1776951000,341.18,341.96,336.18,338.89,18650256
1777037400,338.725,345.27,335.39,344.4,26426061
1777296600,345.98,353.18,342.73,350.34,28576887
1777383000,348.55,352.42,346.12,349.78,27824052
1777469400,347.565,355.79,344.21,349.94,35376328
1777555800,374.07,385.84,365.82,384.8,72039993
1777642200,381.63,386.76,379.05,385.69,30105227
1777901400,385.63,387.38,379.79,383.25,26298574
1777987800,386.23,392.8199,384.02,388.43,23878626
1778074200,394.245,399.8499,392.76,398.04,31308476
1778160600,399.92,400.1,392.68,397.99,24433490
1778247000,397,402,396.36,400.8,21461849
1778506200,393.645,397.44,388.47,388.64,30753738
1778592600,387.34,388.52,382.77,387.35,26017488
1778679000,385.595,403.7,385,402.62,28144555
1778765400,397.28,402.93,395.84,401.07,21136716
1778851800,396.315,399.5399,393.18,396.78,20309702
1779111000,395.685,408.61,394.53,396.94,26837196
1779197400,396.96,397.15,386.11,387.66,39545672
1779283800,387.7,393.8599,382.9,388.91,31744404
1779370200,385.7,392.5,383.02,387.66,24852843
1779456600,387.345,388.74,381.7716,382.97,20442123
1779802200,384.51,389.2599,382.6,388.88,27747388
1779888600,386.665,393.88,385.9,388.83,23087287
1779975000,388,391.87,385.16,390.13,24357455
1780061400,385.24,385.24,378.46,380.34,44415846
1780320600,376.52,378.56,373.52,376.37,28672120
1780407000,366.59,373.54,358.44,361.85,50412300
1780493400,362.03,366.45,358.08,358.99,55441583
1780579800,358.9,373.2499,358.21,372.19,44055520
1780666200,366.34,372.08,364.1207,368.53,37471206
1780925400,365.18,366.2,360.5309,363.31,27942464
1781011800,367.09,372.08,357.3,364.26,29535072
1781098200,363.19,368.555,355.2,356.38,32357132
1781184600,355.925,358.8,346.36,357.77,35538165
1781271000,362.62,366.57,354.94,359.68,24731020
1781530200,367.93,372.99,366.55,369.35,27727493
1781616600,369.6,376,367.06,373.25,24876095
1781703000,369.125,372.33,362.02,363.79,24543644
1781789400,365.75,369.48,358.67,368.03,44470070
1782135000,357.945,358.92,341.7219,349.68,52814764
1782221400,340.69,349.29,340.2,346.13,34007652
1782307800,349.035,353.476,341.93,345.29,44997277
1782394200,336.73,345.57,335.84,343.71,44564576
1782480600,342.55,346.36,330.2,337.39,114706326
1782739800,341.825,354.35,340.67,353.65,34213932
1782826200,353.865,358.62,350.4,357.37,35237231
1782912600,358.37,362.97,356.43,361.21,26736445
1782999000,359.48,364.205,353.42,359.91,25999346
1783344600,361.55,367.93,357.3805,366.46,26915808
1783431000,369.07,373.16,365.5,367.03,24045581
1783517400,364.76,367.84,358.02,361.92,22094769
1783603800,354.31,359.65,351.08,358.89,24729093
1783690200,357.525,357.82,352.75,357.18,18146147
1783949400,356.19,358.13,351.75,352.51,15901732
1784035800,351.195,360.16,351.09,359.51,18259355
1784122200,357.97,373.65,357.76,370.92,28284564
1784208600,373.06,375.27,352.3001,354.46,41158466
1784295000,346,348.52,341.36,346.77,29959283
1784554200,350.88,359.68,350.52,351.99,24736644
1784640600,351.32,351.32,347,347.15,23369833
1784727000,348.155,349.94,341.73,342.09,39334140
1784813400,321.13,324.49,314.9,317.69,69419700
1784899800,318.42,324.18,317.32,319.74,31806553
1785159000,325.04,330.42,324.45,326.56,28471593
1785245400,327.9,335.88,324.44,333.71,29511940
1785331800,334.665,342.5,331.62,336.71,27501632
1785418200,334.195,336.51,330.34,333.66,30168000
1785504600,340.83,358.58,340,356.13,46498023
1785763800,365.445,376.6932,363.35,373.51,38669652
1785850200,368.22,380.52,367.5,377.65,35705703
1785936600,383.34,384.48,356.77,362.43,46926339
1786023000,360.77,364.1259,356.88,357.75,25235895
1786109400,356.72,358.9,353.78,354.3,19859905
1786368600,355.175,357.61,352.71,357.52,18991368
1786455000,355.89,356.81,343.39,343.8,29081802
1786541400,346.31,346.48,340.88,343.54,25011987
1786627800,345.77,347.93,343.76,346.36,17866072
1786714200,346.8,350.45,344.5,345.9,17808598
1786973400,346.265,347.25,341.93,344,18291309
1787059800,342.405,344.8699,340.19,344.2,19248828
1787146200,342.455,346.73,340.66,344.72,19733808
1787232600,343.06,343.9,338.5651,340.67,18570357
1787319000,342.575,346.2,340.4,344.82,20849776
1787578200,343.615,351.6,342.49,348.06,26338229
1787664600,349.64,350.16,345.6,346.96,20649680
1787751000,346.62,346.88,340.18,342,20420257
1787837400,339.67,341.69,338.52,340.65,23391389
1787923800,340.705,349.14,340.27,346.59,25347206
1788183000,343.825,344.59,337.156,339.35,33493632
1788269400,336,337.2,333.05,335.02,23342665
1788355800,334.06,340,332.82,337.12,22582286
1788442200,340.56,344.68,340.06,342.48,20726904
1788528600,342.465,343.53,337.09,338.46,23189321
1788874200,335.42,339.68,333.22,338.36,22915839
1788960600,331.65,331.85,327.9,330.65,33151627
1789047000,328.225,333.23,327.74,332.6,23557551
1789133400,335.03,342.98,335.03,338.5,24708293
