t,o,h,l,c,v
1412688600,186.56,186.56,183.62,183.8,2927062
1412775000,184.03,187,182.15,186.64,3164203
1412861400,185.82,186.17,180.75,181.27,4893145
1412947800,181.57,182.95,180.06,180.38,4405622
1413207000,181,183.19,178.5,178.77,3436638
1413293400,179.48,181.79,177.77,178.7,3557237
1413379800,176.49,177.9499,171.52,177.24,6330496
1413466200,172.02,176.29,171.26,172.58,7798623
1413552600,175.8,177.54,175.1001,176.91,4950997
1413811800,176.22,178,175.82,177.84,2307943
1413898200,179.22,180.36,178.36,180.18,2652821
1413984600,180.55,180.8,176.83,176.83,3088270
1414071000,178.8,181.1,178.71,180.06,3397006
1414157400,180.27,183.49,180.01,183.35,2900871
1414416600,182.86,184.16,182.31,183.91,2388446
1414503000,184.16,186.32,183.2,186.32,3036526
1414589400,186.09,187.31,185.39,186.08,3378961
1414675800,185.48,187.1,185.1665,186.97,2794752
1414762200,189.24,190,188.12,189.99,3357146
1415025000,190.35,191.98,189.75,190.83,2305281
1415111400,190.47,190.97,188.82,190.27,2027621
1415197800,191.58,191.87,189.61,189.84,3141124
1415284200,190.38,191.44,189.78,191,1915405
1415370600,191.25,191.475,189.3,190.71,1981390
1415629800,190.51,191.87,190.51,191.8,1553929
1415716200,191.81,192.68,190.53,191.88,1629826
1415802600,190.66,190.89,189.33,190.18,2322218
1415889000,190.84,191.19,189.2,190.24,1749632
1415975400,190.36,190.84,189.62,189.98,1691559
1416234600,189.52,191.19,189.22,189.93,1593391
1416321000,189.62,190.66,189.59,189.64,1812415
1416407400,189.71,189.99,188.188,189.19,2260143
1416493800,187.82,189.86,187.5505,189.75,2849995
1416580200,191.52,191.655,189.37,189.59,2367908
1416839400,190.14,190.89,189.67,190.07,2028819
1416925800,190.5,190.5,188.2,188.86,3677892
1417012200,189.92,189.92,187.73,188.52,2024075
1417185000,188.4,189.49,188.115,188.41,1195167
1417444200,188,188.62,185.59,188.2,2468967
1417530600,189.31,190.94,188.81,190.19,3116089
1417617000,189.75,191.82,189.33,190.95,3049585
1417703400,190.78,192.34,189.96,191.95,3162010
1417789800,192.72,196.93,192.54,195.45,3625473
1418049000,195.45,198.06,194.51,196.62,2714961
1418135400,193.69,197.22,192.9,196.89,4568408
1418221800,195.48,195.99,191.6,192,6506655
1418308200,193,194.94,192.5,193.54,3179459
1418394600,191.71,192.635,188.07,188.82,3838914
1418653800,190.24,190.81,185.41,185.54,4729064
1418740200,183.96,186.93,182.4,183.31,4181927
1418826600,184.11,186.5,183.63,185.03,5074804
1418913000,188,191.66,187.81,191.61,4209608
1418999400,192.26,195,192.03,193.28,4798226
1419258600,193.92,194.5,192.762,194.44,3056427
1419345000,195.34,196.1,194.73,195.5,2346066
1419431400,196.61,196.75,195.01,195.89,697700
1419604200,196.09,196.49,195.4,195.45,1016252
1419863400,195.57,196.96,194.82,196.19,1229873
1419949800,195.5,196.5,194.577,195.71,1136152
1420036200,196.65,196.83,193.77,193.83,1566780
1420209000,195.3,195.73,192.7001,194.41,1877748
1420468200,193.06,194.04,187.48,188.34,3417017
1420554600,188.3,188.659,183.93,184.53,3430666
1420641000,186.85,187.99,185.77,187.28,1896784
1420727400,189.35,190.82,189.25,190.27,1962464
1420813800,190.48,191.31,186.96,187.35,1980679
1421073000,187.36,187.53,184.11,185.07,2084188
1421159400,186.58,189.375,183.37,184.93,2745342
1421245800,181.18,182.51,178.1,180.23,5204732
1421332200,180.18,181.6,177.5,178.49,3145989
1421418600,176.73,180.1,174.06,177.23,5124104
1421764200,177.57,178.33,174.23,175.63,3615587
1421850600,174.55,178.39,172.82,177.15,3737031
1421937000,178.81,182.59,177.25,182.04,6228247
1422023400,181.43,182.98,180.42,180.49,3123779
1422282600,178.72,180.99,178.06,180.42,2736529
1422369000,177.24,178.64,176.3,176.49,3335640
1422455400,177.73,177.97,172.97,173.05,3017283
1422541800,173.18,176.3,173.07,175.99,2421445
1422628200,174.13,175.69,172.32,172.41,3037367
1422887400,172.99,175.6,172.26,175.49,2975305
1422973800,176.01,180.48,175.91,180.24,3766909
1423060200,178.72,180.71,178.53,178.78,2980541
1423146600,179.44,181.6,179.23,180.77,2434365
1423233000,182.05,184.62,181.14,183.43,3250893
1423492200,181.69,182.95,181.15,182.22,2421853
1423578600,183.35,184.8,182.35,184.56,2556334
1423665000,184.07,188.19,183.75,187.65,4079642
1423751400,188.25,190,187.4,189.78,3086685
1423837800,189.87,191.33,188.34,189,2720401
1424183400,188.78,190.63,188.31,190.02,2123317
1424269800,189.54,190.035,187.82,188.67,1850721
1424356200,187.68,189.85,187.27,189.11,1470372
1424442600,188.35,191.64,187.05,191.51,2317113
1424701800,190.74,190.74,189.27,190.31,1691133
1424788200,190.03,193.28,189.68,192.22,2627289
1424874600,191.55,192.45,190.46,191.72,2775703
1424961000,190.51,192.47,190,192.2,2449264
1425047400,191.19,192.5,189.79,189.79,2572381
1425306600,190,191.92,189.78,191.79,1659394
1425393000,190.7,192.87,190.57,191.27,1487767
1425479400,190.35,190.82,188.98,189.67,1648467
1425565800,190.13,190.72,189.07,190.08,1330072
1425652200,187.58,191.4,186.58,186.91,4103633
1425907800,187.3,188.79,186.57,187.93,2233659
1425994200,185.59,186.14,182.71,182.71,2768460
1426080600,183.3,185.84,183.01,184.18,2098595
1426167000,185.94,190,185.94,189.95,3114792
1426253400,188.87,189.74,186.16,189.34,3095099
1426512600,190.04,192.49,189.9,191.9,2127669
1426599000,190.97,191.24,188.8,190.57,1883231
1426685400,189.67,193.04,189.2,192.32,2790127
1426771800,191.76,191.76,189.09,189.97,2097075
1426858200,190.47,193.918,189.9,193.13,3473782
1427117400,193.27,194.25,191.96,191.96,1590524
1427203800,191.94,192.51,191.16,191.28,1799127
1427290200,191.08,191.23,187.35,187.35,2542039
1427376600,186.52,187.97,185.02,187.24,2377241
1427463000,187.19,188.48,186.27,188.06,1539551
1427722200,189.24,192,189.19,191.02,2403833
1427808600,190.34,190.55,187.97,187.97,2146581
1427895000,187.94,192.33,186.96,192.23,4031448
1427981400,191.73,192.73,190.85,191.55,2296301
1428327000,190.18,192.64,188.95,192.05,1997035
1428413400,192.52,193.64,192.24,192.39,1778008
1428499800,193.04,193.85,192.2,192.56,1997262
1428586200,192.86,195.09,192.41,194.89,1986490
1428672600,194.65,195.86,194.09,195.64,1764768
1428931800,195.32,197.38,194.77,195.58,2196136
1429018200,196.98,198.49,195.71,197.72,3267415
1429104600,198.21,202.14,197.39,201.1,5066095
1429191000,202.7,202.87,198.7,200.21,5976908
1429277400,197.84,198.25,195.65,197.35,4578358
1429536600,199.07,199.6,197.92,198.1,2616642
1429623000,198.97,199.5,196.58,196.84,1868271
1429709400,197.91,199.1596,196.57,198.32,1938132
1429795800,198.16,200.49,197.6,199.31,2053443
1429882200,199,199.1,197.45,197.99,1445668
1430141400,198.76,199.31,196.37,196.52,1767077
1430227800,196.2,197.609,194.4,197.49,1909359
1430314200,195.79,199.73,195.48,198.56,2480559
1430400600,198.4,199.75,195.4,196.42,2732817
1430487000,198.45,198.57,196.83,197.53,2029500
1430746200,198.26,199.72,197.9,199.3,1581596
1430832600,198.31,200.39,196.72,197.29,2287530
1430919000,197.75,198.59,194.01,196.25,2433695
1431005400,196.26,197.95,194.81,197.39,1795322
1431091800,199.1,201.34,199.1,200.5,3192457
1431351000,200.29,201.9499,200.29,201.73,1966678
1431437400,200.48,201.04,198.07,200.53,2247452
1431523800,200.47,201.75,199.85,201.43,2143328
1431610200,202.33,202.88,201.43,202.62,1957048
1431696600,202.55,202.97,201.815,202.97,1742949
1431955800,202.65,205.18,202.64,204.66,2164617
1432042200,204.99,206.2,204.55,205.4,2370071
1432128600,205.17,205.96,204.15,205.08,1831225
1432215000,204.6,205.21,204.175,204.95,2225002
1432301400,204.66,208.26,204.63,207.8,3040357
1432647000,207.52,207.52,205,206.38,3336312
1432733400,206.89,209.68,205.87,209.06,3011464
1432819800,208.08,208.59,207.28,208.48,3084930
1432906200,208.23,208.27,205.62,206.19,2255524
1433165400,207.32,208.82,206.89,207.81,2088203
1433251800,206.85,207.84,205.654,206.43,2230654
1433338200,207.52,210.17,206.77,208.29,2417000
1433424600,207.6,210.06,207,208.87,3462485
1433511000,210.7,211.94,208.55,210.45,3225056
1433770200,211.15,211.7,209.4501,209.79,2180658
1433856600,210,210.44,207.62,209.02,2278834
1433943000,209.72,213.4,209.36,213.13,2677304
1434029400,213.17,214.605,212.87,213.94,2024123
1434115800,213.48,214.01,212.01,213.06,2006235
1434375000,210.89,212.34,210.38,211.76,1903767
1434461400,211.85,213.57,211.13,213.56,1954185
1434547800,213.59,214.5,212.571,212.93,1778397
1434634200,213.45,215.01,212.01,214.6,2167188
1434720600,214.12,215,213.19,213.19,4163396
1434979800,215.06,216.81,215,216.51,2006095
1435066200,216.92,218.77,216.64,218.4,2735585
1435152600,216.2,217,213.7,214.43,3945152
1435239000,215.15,215.8,212.49,212.82,2434684
1435325400,213.62,214.61,212.55,213.17,2762606
1435584600,210.14,211.22,207.65,207.65,3292821
1435671000,209.89,210.79,208.15,208.79,4167331
1435757400,211.63,212.49,208.945,209.94,2820266
1435843800,209.94,210.63,208.501,209.2,1816596
1436189400,206.71,208.53,206.26,208.04,2816813
1436275800,207.98,208.97,203.2,208.21,3304151
1436362200,206.3,206.785,203.7004,204.06,2185114
1436448600,207.13,207.55,204.44,204.81,2256224
1436535000,207.72,207.98,206.18,207.19,1840567
1436794200,209.44,210.31,208.65,210.12,2041670
1436880600,210.01,212.76,209.7,212.16,2090696
1436967000,213.54,213.61,211.425,212.96,2536657
1437053400,211.39,214.14,209.32,211.18,4405218
1437139800,210.76,212.8,209.785,212.46,2848961
1437399000,212.68,214,211.21,212.39,2175433
1437485400,211.98,212.796,210.75,211.5,1985341
1437571800,211.8,213.72,211.75,213.25,2301294
1437658200,213.66,214.61,210.7,211.05,2192661
1437744600,211.45,211.45,206.9,207.35,2453880
1438003800,205.45,205.84,203.5,205.02,2910477
1438090200,207.14,207.18,204.6,206.24,2018072
1438176600,206.57,208.13,205.67,206.84,1987293
1438263000,206.03,207.35,205.102,207.2,1342938
1438349400,207.4,207.47,204.9,205.07,1644029
1438608600,205.75,205.95,202.84,204.69,2075500
1438695000,205.01,207.15,204.8,205.17,1451455
1438781400,206.94,207.78,204.93,205.7,1535537
1438867800,206,206.7,204.3,205.09,1485778
1438954200,205.3,206.6399,202.32,203.44,1691113
1439213400,204.59,206.57,204.34,205.97,1640337
1439299800,203.5,203.92,200.66,201.7,2553963
1439386200,199.9,201.55,196.58,201.13,2789694
1439472600,200.72,201.95,199.58,200.74,3353617
1439559000,200.83,202.55,200.74,202.02,3567146
1439818200,201.01,202.86,199.78,202.57,1600670
1439904600,202.12,203.1,201.18,201.18,1665404
1439991000,200.02,202.75,199.14,200.95,2721380
1440077400,198.43,199.22,196.75,196.75,3140005
1440163800,193.66,194.6,187.58,187.74,5406193
1440423000,178.46,186.89,172.1,179.46,7183557
1440509400,185.89,187.33,177.71,178.22,7204780
1440595800,183.04,185.062,179.11,184.4,5561817
1440682200,186.81,189.86,185.4287,189.21,3798482
1440768600,187.59,188.85,186.26,187.75,2413053
1441027800,187.69,190.25,187.18,188.6,2857984
1441114200,184.24,186.47,181.08,182.12,5494486
1441200600,184.87,185.82,182.51,184.51,3043803
1441287000,185,187.89,184.28,185.06,2902175
1441373400,182.26,182.83,179.131,180.38,4295588
1441719000,183.91,186.31,183.65,185.88,3060052
1441805400,189.55,191.75,185.26,185.68,4756838
1441891800,185.45,187.82,184.77,185.91,3042592
1441978200,185.43,185.82,183.32,185.27,2536786
1442237400,185.6,185.86,183.3,183.94,2746271
1442323800,184.78,188.02,184.19,187.45,3092831
1442410200,187.96,189.3,186.59,188.64,2717753
1442496600,188.45,190.57,186,186.45,3712648
1442583000,183.2,183.38,180.55,180.94,6529889
1442842200,183.3,184.41,181.7,183.35,2947153
1442928600,180.89,181,178.01,179.72,4166934
1443015000,179.81,180.19,177.75,179.41,2732623
1443101400,177.66,177.975,174.8201,176.91,3910036
1443187800,179.2,181.11,178.16,179.83,3026501
1443447000,178.46,178.46,172.75,173.02,3898527
1443533400,173.01,173.3,167.49,171.86,4419120
1443619800,174.58,175.08,172.16,173.76,2931453
1443706200,174.4,176.17,173.04,176.02,3612953
1443792600,172.14,177.1,169.87,177.01,4469873
1444051800,178.23,181.06,177.83,180.7,3411878
1444138200,180.2,181.28,179.47,180.32,1859061
1444224600,181.8,183.79,180.54,182.23,2594918
1444311000,181.18,182.47,179.75,181.07,3253394
1444397400,180.96,182.29,178.21,179.19,3334864
1444656600,180.8,181.2,179.01,180.23,3059829
1444743000,179.57,183.14,179.5,180.97,2918822
1444829400,180.73,182.215,179.14,179.51,3252009
1444915800,176.73,185.75,175.76,184.96,5720088
1445002200,185.12,186.65,183.63,185.18,2977469
1445261400,183.48,186.5,183.15,185.74,2665724
1445347800,185.2,185.97,183.9,185.51,2736241
1445434200,186.22,186.22,179.55,179.7,3711065
1445520600,180.23,184.19,180.2,183.56,2609637
1445607000,185.16,186.36,184.43,185.5,2935718
1445866200,187.1,188,186.62,187.01,2573727
1445952600,186,186.83,184.5,186.31,1932290
1446039000,186.71,191.48,186.17,191.32,3231934
1446125400,191,191.96,189.33,189.89,3068096
1446211800,189.76,190.09,187.24,187.5,2791644
1446474600,188.32,190.43,187.675,189.68,2531476
1446561000,189.25,191.87,189.05,190.69,2443204
1446647400,191,192.89,190.31,191.65,2174279
1446733800,192.54,193.28,191,192.02,2186265
1446820200,196,199.47,195.9,199.17,4270825
1447079400,199.04,199.9,196.32,196.76,2604360
1447165800,196.58,198.22,195.275,197.81,2149921
1447252200,198.29,198.93,196.73,197.39,1645959
1447338600,196.19,196.19,192.26,192.77,3166928
1447425000,192.63,193.38,190.06,190.39,2483957
1447684200,189.99,192.16,188.01,192.16,4626574
1447770600,192.67,193,190.32,190.57,1783839
1447857000,191.05,194.05,191.01,193.66,2509231
1447943400,193.82,194.21,191.67,193.03,1835761
1448029800,193,193.49,191.11,191.47,2932129
1448289000,191.3,191.49,188.52,189.19,2671721
1448375400,188.02,189.795,186.56,188.67,2679373
1448461800,188.99,189.77,188.15,189.15,1495611
1448634600,189.16,191.19,188.8501,190.47,1092728
1448893800,190.5,191.08,189.24,190.02,3415027
1448980200,191.22,193.15,190.01,193.07,4141469
1449066600,193.3,193.84,189.8041,190.26,1817187
1449153000,190.66,191.65,184.73,185.2,3598980
1449239400,185.61,190.62,184.75,189.99,3517235
1449498600,190,190.12,185,185.49,3499925
1449585000,183.92,184.47,181.84,182.92,2663754
1449671400,182.02,184.85,179.8267,180.71,3907459
1449757800,180.99,183.93,180.31,182.11,2212337
1449844200,179.68,180.15,175.47,176.56,3750058
1450103400,176.67,178.63,172.9,176.4,5102368
1450189800,178.98,183.28,178.85,182.01,3398685
1450276200,184.01,186.88,181.68,186.21,3191740
1450362600,186.88,187.89,182.61,182.61,2807871
1450449000,181.2,181.9,175.39,175.49,6740815
1450708200,177.5,178.15,175.83,177.75,2472858
1450794600,178.9,180.6933,177.05,180.05,2312805
1450881000,180.7,183,180.46,182.95,2367940
1450967400,182.27,183.17,182.02,182.47,1107633
1451313000,181.77,181.9325,179.84,181.62,1723330
1451399400,182.82,184.18,182.5003,183.53,1848921
1451485800,183.28,183.53,181.84,182.01,1514347
1451572200,181.16,182.885,180.03,180.23,1773881
1451917800,175.79,177.19,173.76,177.14,3745474
1452004200,176.71,177.5,172.92,174.09,4521610
1452090600,171.31,172.02,169.1,169.84,5539404
1452177000,166.67,169.5,163.6,164.62,5687935
1452263400,166.75,168.42,163.63,163.94,4929788
1452522600,165,166.46,163.34,165.73,4386469
1452609000,166.89,168.18,163.3,165.71,4441260
1452695400,166.46,167.1,157.92,158.99,5252478
1452781800,160.3,162.51,156.76,161.39,4272470
1452868200,156.7,157.99,153.81,155.61,6237182
1453213800,157.56,158.76,155.2848,156.82,5860559
1453300200,154.1,158.37,151.65,153.75,9369148
1453386600,153.97,155.16,151.49,151.65,5738849
1453473000,154.58,156.99,153.86,156.86,5583770
1453732200,156.4,156.53,151.12,151.12,5051693
1453818600,151.41,156.1,151.19,154.45,5237676
1453905000,153.59,158.43,153.19,153.72,5153084
1453991400,155.01,158.05,152.53,157.06,4292910
1454077800,158.64,161.59,157.78,161.56,4887892
1454337000,160.41,161,158.45,159.65,2963524
1454423400,157,157,150.155,151.7,6316219
1454509800,152.5,153.84,147.01,152.68,5893224
1454596200,152.3,157.95,152.01,156.49,4573051
1454682600,157.57,159.7,155.69,156.47,4596102
1454941800,153.83,153.83,145.25,149.25,8680044
1455028200,145.52,149.95,145.1,148.25,6919394
1455114600,150,153.38,147.21,147.23,7609581
1455201000,143.41,144.41,139.05,140.69,10252167
1455287400,143.75,146.51,143.7,146.13,9009284
1455633000,149.6,150.48,147.45,149.02,10198018
1455719400,150.8,151.87,150.31,150.94,5578840
1455805800,151.25,152,147.37,147.73,5895488
1455892200,147,147.73,145.43,146.91,5257315
1456151400,149.2,149.99,148.23,148.79,4287935
1456237800,148,148.05,144.05,144.91,4249590
1456324200,143.08,145.64,140.26,145.56,5714714
1456410600,146,149.065,145.23,148.25,4299645
1456497000,149.72,151.97,149.0101,150.25,5924462
1456756200,149.75,150.29,148.32,149.53,5506409
1456842600,150.95,154.77,150.68,154.65,6490380
1456929000,154.75,155.41,153.45,154.2,5047517
1457015400,154,155.66,153.36,155.33,3615826
1457101800,156.37,158.85,155.29,156.84,5256715
1457361000,156,156.37,154.41,155.35,2771943
1457447400,154,154.23,151.5,151.6,3830392
1457533800,152.11,152.5,149.18,149.91,3250915
1457620200,150.41,153.6,148.84,151.02,4631750
1457706600,153.28,154.16,152.37,153.94,4058665
1457962200,153.66,154.4475,152.13,153.49,3317896
1458048600,152.65,152.74,150.9007,152.03,3731425
1458135000,150.92,152.85,149.71,150.54,4310259
1458221400,150.39,153.976,148.75,152.91,4431729
1458307800,153.91,158.18,153.87,157.6,7413219
1458567000,157.24,158.9,155.75,156.29,4410159
1458653400,155.5,155.59,153.36,154.2,3521484
1458739800,154.25,155.55,153.59,154.08,3633368
1458826200,152.4,153.04,150.13,153,3693406
1459171800,153.14,154.64,152.38,153.84,2308573
1459258200,152.87,155.35,151.5,155.03,2919470
1459344600,156.13,158.0225,154.892,156.5,3130594
1459431000,156.18,157.48,156.06,156.98,2927346
1459517400,156.46,160.01,155.085,159.82,3373383
1459776600,159.97,160,157.39,157.77,2478645
1459863000,156.44,156.53,154.55,155.35,2822667
1459949400,155.26,156.27,153.92,155.19,2927406
1460035800,153.65,154.03,149.37,150.41,4786805
1460122200,152.07,152.87,150.01,150.28,3122203
1460381400,151.18,153.9,150.41,152.2,3464286
1460467800,152.67,155.09,151.3,154.31,2732861
1460554200,156.53,159.99,156.38,159.85,5151130
1460640600,159.53,162.273,159.15,160.91,3067064
1460727000,161.23,161.7799,158.2,158.52,3467926
1460986200,157.61,160,157.15,159.02,3031476
1461072600,157.75,163.7,157,162.65,5832226
1461159000,162,167.45,161.94,166.98,4802171
1461245400,166.55,168.9,165.01,165.32,4165144
1461331800,165.79,167.49,165.66,166.75,2680296
1461591000,166,167.39,164.06,165.09,2472984
1461677400,165.38,166,164.22,165.84,2251595
1461763800,165.83,168.655,164.93,166.92,3323594
1461850200,165.35,167.32,164.01,164.29,2528028
1461936600,163.8,164.68,162.56,164.11,2890849
1462195800,165.08,167.19,163.99,166.18,1998361
1462282200,163.66,164.11,161.37,163.14,2776969
1462368600,161.2,162.599,159.09,160.07,3203857
1462455000,160.78,160.82,158.5,159.53,2366854
1462541400,158.19,160.17,157.01,158.85,2306976
1462800600,158.2,159.85,156.79,157.51,2097854
1462887000,158.67,161.5,158.39,161.42,2379590
1462973400,161.36,162.53,159.28,159.42,2096918
1463059800,160.32,161.47,157.31,158.07,2448136
1463146200,157.88,159.715,155.26,155.34,2550093
1463405400,155.34,156.9,154.6,155.38,3177707
1463491800,154.74,157.11,153.77,154.65,2701459
1463578200,154.81,160,154.65,159.94,3653260
1463664600,158.68,159.9499,154.52,154.7,4711959
1463751000,155.76,156.41,153.922,154.51,3247841
1464010200,154.44,156.09,153.7401,155.45,2767609
1464096600,156.67,158.55,156.44,157.59,3039543
1464183000,158.06,162.29,158.03,161.25,3260320
1464269400,161.16,161.3337,159.17,159.22,2576124
1464355800,158.7,160.4,158.323,159.53,2157794
1464701400,160.4,161.65,158.55,159.48,2916146
1464787800,157.9,160.55,156,159.97,2581557
1464874200,160.14,160.33,158.4624,159.28,2257052
1464960600,155.86,156.54,153.86,155.67,4329320
1465219800,156.25,157.9089,155.77,157.06,2540381
1465306200,157.2,157.47,155.17,155.17,2489706
1465392600,155.2,156.58,153.91,154.64,2426771
1465479000,153.79,154.29,152.4611,153.17,2712162
1465565400,151.35,151.6599,149.57,149.89,4335725
1465824600,149,151.316,148.59,148.63,3385841
1465911000,148.22,149.05,145.45,146.19,5069610
1465997400,147.16,148.7,145.9,146.16,2981372
1466083800,145,146.99,143.53,146.63,3499194
1466170200,146.63,148.23,145.46,145.64,4296532
1466429400,148.5,150.5,147.58,147.75,3338934
1466515800,148.5,148.83,147.12,148.35,2424787
1466602200,148.01,150.12,147.99,148.14,2487606
1466688600,150.56,152.8,150.14,152.66,2940458
1466775000,143.03,146.42,140.92,141.86,9442225
1467034200,140.07,141.23,138.2,139.51,7397164
1467120600,142.21,142.615,139.82,142.41,5041530
1467207000,143.6,145.55,142.9301,145.5,3804113
1467293400,146.67,148.88,145.37,148.58,4528624
1467379800,148.49,150.7,148.07,148.25,3096778
1467725400,146.72,146.94,143.33,144.45,3942959
1467811800,142.94,145.9399,142.6241,145.58,2941759
1467898200,146,148.09,145.36,147,2578292
1467984600,149.36,150.92,148.31,150.38,3281405
1468243800,151.49,152.98,151.38,152.19,3042069
1468330200,154,157.25,153.92,156.92,5119409
1468416600,157,158.27,156.15,157.92,4276430
1468503000,160.29,163.24,160.01,162.54,5087724
1468589400,162.86,163.14,160.7,161.64,3078402
1468848600,162.36,164.09,162.01,163.33,4734502
1468935000,162.02,164.08,160.73,161.41,5399685
1469021400,162.55,162.89,159.22,161.77,3547824
1469107800,161.71,161.9,159.77,160.05,2997187
1469194200,160.29,160.73,159.86,160.41,1811695
1469453400,159.64,161.33,159.61,160.51,1956099
1469539800,160.68,161.5,159.42,161.16,2150146
1469626200,161.2,162.17,160.41,160.99,2317561
1469712600,160.18,160.96,158.84,160.53,2047424
1469799000,159.51,160.19,158.65,158.81,2388194
1470058200,158.81,159.92,157.93,158.18,2316300
1470144600,157.65,158.46,155.37,156.06,3182783
1470231000,156.45,158.95,156.18,158.34,2284670
1470317400,158.22,158.9,157.41,158.05,2005699
1470403800,159.75,162.13,159.2,162.09,2676100
1470663000,162.1,163.98,162.01,162.83,2266612
1470749400,162.5,164.579,162.5,163.44,1957434
1470835800,163.45,163.6,162.01,162.19,1656141
1470922200,162.2,164.25,161.93,163.86,1827689
1471008600,162.67,163.37,162.07,163.25,1440839
1471267800,163.87,165.84,163.8,165.55,2222188
1471354200,164.99,166.76,164.72,165.65,2523774
1471440600,165.94,166.32,164.74,165.67,2061908
1471527000,165.34,166.56,164.63,166.06,1750624
1471613400,165.36,166.9,164.5,166.23,1840878
1471872600,166,166.91,164.89,166.26,1448111
1471959000,167,167.85,165.98,166.08,1965548
1472045400,165.78,166.7,164.85,165.3,2035311
1472131800,165.08,166.04,164.61,165.9,1441362
1472218200,166.76,168.07,165.36,165.97,2402214
1472477400,166.6,167.86,166.15,166.87,2620945
1472563800,166.69,169.51,166.4412,169.37,2934067
1472650200,169.25,170.24,167.47,169.46,3688209
1472736600,170,170.07,166.66,168.51,2843274
1472823000,168.52,169.74,167.9,169.18,1747492
1473168600,168.72,169.79,167.465,169.33,2034947
1473255000,168.7,170.21,168.65,169.67,1584347
1473341400,169.35,171.88,168.71,171.66,3031625
1473427800,170.83,172.42,168.51,168.57,3411750
1473687000,167.01,171.67,166.23,171.06,2647877
1473773400,168.54,169.97,166.38,167,2788205
1473859800,167,167.86,165.59,166.16,1995901
1473946200,165.78,168.76,165.76,168.08,1666130
1474032600,167.85,168.05,165.61,166,4534927
1474291800,167.34,168.31,165.68,166.21,2030742
1474378200,167.68,168.28,166.39,166.47,1533159
1474464600,167.42,168.28,165.93,167.03,2333687
1474551000,168.45,169.3325,167.7,168.02,2467664
1474637400,167.75,168.1,165.05,165.13,3421183
1474896600,163.83,163.97,161,161.48,2772196
1474983000,160.72,163.449,159.82,162.89,2602686
1475069400,163.34,163.79,161.68,163.45,1678107
1475155800,163.38,163.96,157.77,158.95,3733830
1475242200,159.95,162.41,157.8,161.27,4497189
1475501400,160.5,161.72,160.25,161.07,2444718
1475587800,161.24,164.15,161.23,162.27,2469912
1475674200,163.32,166.57,163.005,166.4,2548215
1475760600,167.18,167.29,164.82,167.15,2858217
1475847000,167.5,169.98,166.24,169.83,3390244
1476106200,170.52,171.75,170.1,171.04,2532001
1476192600,169.84,170.87,167.91,169.04,2679967
1476279000,169.04,169.99,168.301,169.3,2404792
1476365400,167.6,167.63,165.51,167.42,2713705
1476451800,171.6,172.95,169.11,170.52,5282325
1476711000,170.5,171.27,168.45,169,3061380
1476797400,172.01,173.47,171.1,172.63,4482486
1476883800,173.37,175.68,173.18,174.51,3676036
1476970200,174,175.79,173.8,174.51,2471135
1477056600,172.84,174.9,172.51,174.67,2004401
1477315800,175.5,175.79,174.35,175.12,1943200
1477402200,175.04,175.96,174.641,175.55,2423299
1477488600,174.79,177.9,173.93,177.07,2533800
1477575000,178.19,178.85,176.57,177.75,3021949
1477661400,178.51,178.51,175.46,177.14,2042775
1477920600,177.68,178.5,177.23,178.24,1828180
1478007000,179,179.18,176.61,178.06,2900633
1478093400,177.07,177.5,176.07,176.58,2104770
1478179800,176.77,177.97,176.21,176.21,1972746
1478266200,176.33,177.34,174.73,175.92,1846465
1478529000,179,181.5,179,181.48,3338783
1478615400,180.11,182.68,178.46,181.92,2646158
1478701800,185,193.54,183.45,192.63,7823835
1478788200,194.53,204.67,194,200.87,11345422
1478874600,198.25,205,198.25,203.94,6290179
1479133800,204.15,211.77,204.15,209.18,8248097
1479220200,206.56,211.2,205.17,211.19,4893793
1479306600,207.35,208.08,204.83,206.26,5276156
1479393000,206.26,209.69,205.67,209.63,3572432
1479479400,209.87,212.07,209.72,210.35,4278161
1479738600,211.46,211.69,209.18,211.08,2860229
1479825000,211.36,211.95,209.89,211.11,2945664
1479911400,211.5,213.41,209.37,212.31,3734360
1480084200,211.36,212.754,211.001,211.38,1973959
1480343400,210,211.76,209.6,210.35,3297394
1480429800,209.99,212.92,209.92,211.75,2577591
1480516200,215.2,220.77,214.97,219.29,6507871
1480602600,220.93,227.16,220.35,226.63,7606546
1480689000,226,226.25,221.22,223.36,5297420
1480948200,225.52,229.2,225.24,228.55,4599300
1481034600,230.18,232.67,227.9,231.38,5259347
1481121000,230.4,236.09,230.4,235.56,6595232
1481207400,236.88,242.42,236,241.45,7343669
1481293800,240.61,242,238.88,241.85,5456047
1481553000,240.5,242.83,236.37,237.17,5022038
1481639400,239,240.18,235.505,238.55,4680464
1481725800,235.67,243.12,235.37,239.93,6172391
1481812200,242.49,245.57,241.62,243,4829694
1481898600,242.8,243.19,238.4,238.9,6876447
1482157800,238.34,239.74,236.26,239.07,3743284
1482244200,240.52,243.65,240.23,243.09,4487687
1482330600,242.24,242.4,240.08,241.44,3277750
1482417000,241.23,242.86,239.55,240.12,2637229
1482503400,239.54,241.9,238.91,240.97,2187498
1482849000,241.95,242.5899,240.4,241.56,1998164
1482935400,243.69,244.5,240.44,240.65,3052978
1483021800,240.75,241.07,236.64,238.18,2619021
1483108200,238.51,240.5,237.4,239.45,2355544
1483453800,242.7,244.97,237.97,241.57,4384246
1483540200,241.44,243.32,240.03,243.13,2728709
1483626600,242.72,243.2324,236.78,241.32,3562618
1483713000,242.29,246.2,241.37,244.9,3591079
1483972200,243.25,244.69,241.47,242.89,3022766
1484058600,240.87,243.44,239.05,242.57,3432904
1484145000,242.77,245.84,242,245.76,3532563
1484231400,245.06,245.4669,241.57,243.84,4022328
1484317800,245.43,247.77,242.91,244.3,4186076
1484663400,242.94,243.06,235.61,235.74,6277192
1484749800,236,237.69,231.52,234.29,7590482
1484836200,234.07,234.75,230.62,231.41,4561821
1484922600,231.62,233.23,230.54,232.2,5211836
1485181800,231.86,233.752,230.75,232.67,3136161
1485268200,231.86,236.06,230.84,233.68,4448152
1485354600,235.53,237.33,234.485,237.25,3716771
1485441000,237.47,240.79,237.47,239.58,4195574
1485527400,236.9,237.97,236.01,236.95,3253114
1485786600,235.58,236.29,231.52,233.9,3803259
1485873000,232.85,234.35,228.16,229.32,5156419
1485959400,230.51,232.86,229.52,230.67,4024490
1486045800,228.51,232.33,227.05,230.41,2775736
1486132200,234.52,241.11,234.2,240.95,7381005
1486391400,239.6,243.65,239.17,239.98,4639232
1486477800,241.15,241.44,239.39,239.62,2660247
1486564200,238.3,238.94,236.31,237.73,2744667
1486650600,238.8,243.2906,237.42,241.55,3550836
1486737000,243.37,244.16,241.23,242.72,3072771
1486996200,244.49,247.48,244.49,246.27,2998225
1487082600,246.01,250,245.69,249.46,4141460
1487169000,250.58,251.95,248.51,250.54,4296636
1487255400,250.3,250.78,248.44,249.44,2286305
1487341800,247.51,250.56,247.11,250.38,3262325
1487687400,251,252.65,250.71,251.76,2794893
1487773800,250.06,252.35,250,251.73,2378769
1487860200,251.31,251.9,249.322,251.19,2594747
1487946600,247.7,248.88,246.1,247.35,3565388
1488205800,247.21,249.76,246.61,249.33,2373359
1488292200,248,249,245.61,248.06,3627095
1488378600,253.71,255.15,251.26,252.71,5218289
1488465000,253.52,254.2352,250.97,251.06,3020047
1488551400,251.73,254.75,251.5,252.89,3169639
1488810600,252.17,252.73,250.5,252.01,2467023
1488897000,252.49,253,250.31,250.9,2497340
1488983400,253.62,254.77,249.61,250.24,3584206
1489069800,251.22,252.74,249.52,250.18,3061457
1489156200,251.84,251.9,246.87,248.38,3365853
1489411800,249.32,249.32,247.2083,248.16,1801062
1489498200,246.81,247.83,245.41,247.72,2144231
1489584600,248.35,250.28,245.56,246.78,3427047
1489671000,247.85,250.2,247.31,248.22,2940620
1489757400,249.68,249.68,243.86,243.94,5438111
1490016600,243.32,244.93,241.52,242.14,2759141
1490103000,243.31,243.31,232.79,233,5660889
1490189400,231.215,232.92,229.1587,231.07,6291278
1490275800,230.75,234.63,229.95,231.9,4770674
1490362200,233,233.7,226.97,228.41,6387341
1490621400,223.3,227.07,220.85,225.48,9194797
1490707800,225.58,229.75,225.1,229.33,4471227
1490794200,229.39,229.965,227.52,228.45,2635143
1490880600,229.48,232,229.38,231.22,3156815
1490967000,230.53,230.8,228.73,229.72,2858414
1491226200,230,230.1,225.57,228.96,3735559
1491312600,227.72,230.69,227.28,229.26,3042692
1491399000,232.15,232.89,227.31,227.66,5286925
1491485400,227.09,230.12,225.71,228.64,2927189
1491571800,226.6,228.83,226.23,227.88,2853284
1491831000,228,229.79,226.95,228.89,2653919
1491917400,227.78,229.4,225.39,227.74,3374674
1492003800,227.65,228.25,225.23,225.75,2947529
1492090200,225.18,228.17,223.08,223.32,3653655
1492435800,223.9,226.88,223.02,226.26,4190874
1492522200,219.32,219.89,213.18,215.59,12464020
1492608600,215.87,217.18,213.61,214.09,6428792
1492695000,215.5,218.98,215,218.06,5165916
1492781400,218.55,219.18,216.38,216.86,3845675
1493040600,221.18,224.81,220.3,223.22,5353490
1493127000,226.2,227.98,225.15,226.63,3987518
1493213400,227.1,229.36,226.09,226.2,3765254
1493299800,226.7,226.7,223.52,225.81,2805768
1493386200,225.31,226.77,223.72,223.8,2936589
1493645400,224.9,226.39,220.93,224.85,3004791
1493731800,224.86,225.84,223.1756,225.12,2602378
1493818200,224.45,226.69,224.32,226.31,3042164
1493904600,228.26,228.89,224.81,226.59,2935435
1493991000,226.88,227.4711,225.3,226.87,2435823
1494250200,226.75,227.34,224.6,225.03,2316814
1494336600,225.47,226.565,222.93,223.76,2145374
1494423000,223.46,225.35,223.06,224.88,2630391
1494509400,224.35,225.09,222.15,224.76,2440345
1494595800,223.49,224.49,222.48,222.82,2166084
1494855000,223.13,226.57,222.85,225.12,2468056
1494941400,225.44,226.82,224.41,225.6,1710650
1495027800,221.73,222.16,213.12,213.72,7525741
1495114200,214,217.61,213.86,215.16,4792351
1495200600,214.87,217.8,214,215.39,3747072
1495459800,217.37,217.64,215.4,216.02,2506111
1495546200,215.97,220.79,214.66,219.64,3308804
1495632600,220,224.4,219.45,223.83,4156079
1495719000,224.41,225.45,222.3,222.47,2640017
1495805400,222.01,224.23,221.18,223.53,1787060
1496151000,221.83,222.44,218.01,218.42,3097752
1496237400,218.24,218.3,209.62,211.26,8311998
1496323800,212.61,215.93,210.79,215.01,4057944
1496410200,212.94,215.21,211.91,213.31,3692017
1496669400,213.08,215.81,212.68,213.99,2696644
1496755800,212.51,216.02,212.48,214.53,2891323
1496842200,215.37,217.23,214.31,215.78,2679400
1496928600,215.56,221,214.63,218.76,3765607
1497015000,220.83,223.85,219.75,222.44,4455389
1497274200,223.63,225.23,219.65,221.91,3388246
1497360600,223.35,226.8,222.77,224.2,2767809
1497447000,222.99,226.94,221.76,226.51,3652867
1497533400,224.81,226.35,222.8,223.23,3378908
1497619800,222.65,223.67,221.1301,221.81,3758320
1497879000,223.43,227.04,223.11,226.13,2900873
1497965400,225.51,226.5399,224.19,225.1,2264178
1498051800,224.54,224.93,221.9328,222.49,3015320
1498138200,221.44,221.9,219.29,219.77,3344571
1498224600,220.5,220.69,216.46,217.19,4448712
1498483800,218.26,221.97,217.6963,220.44,2589455
1498570200,221.84,222.41,219.56,220.28,2899441
1498656600,221.87,224.63,220.75,223.22,3482752
1498743000,228.37,228.79,223.03,224.41,5063410
1498829400,225.31,226.05,221.54,221.9,3154274
1499088600,224.46,229.07,223.42,227.28,2846554
1499261400,228.38,228.92,225.21,228.04,2772023
1499347800,227.97,230.06,225.25,226.69,3076622
1499434200,228.23,228.4898,224.42,225.28,2697551
1499693400,224.27,227.34,223.96,225.84,2357526
1499779800,226.04,227.95,224.67,226.95,2742870
1499866200,226.4,229.02,226.07,227.39,2567280
1499952600,227.39,230.64,226.95,230.4,2852577
1500039000,227.22,229.61,225.1,228.6,3703571
1500298200,228.73,229.6397,227.21,229.26,2551771
1500384600,227.5,230.36,222.76,223.31,6400673
1500471000,222.91,224.2,221.67,222.87,4884634
1500557400,223,224.7555,221.61,222.3,3497758
1500643800,221.89,222.31,219.09,220.18,3446620
1500903000,218.94,219.7267,218,218.18,3168178
1500989400,220.34,222.8725,220.18,221.58,3509470
1501075800,222.45,223.74,221.87,222.25,2792457
1501162200,221.84,222.71,220.43,221.48,2812519
1501248600,221.77,223.67,220.86,223.61,2483233
1501507800,223.95,225.5,223.05,225.33,1999637
1501594200,227.09,228.62,226.73,227,2986784
1501680600,226.4,227.73,225.57,226.27,1863287
1501767000,226,226.74,223.97,223.99,2106377
1501853400,226.05,229.79,225.06,229.79,3400343
1502112600,229.8,233.13,229.29,232.92,3809764
1502199000,232.4,235.83,231.7,232.05,3322548
1502285400,230.32,231.49,229.06,231.01,2571146
1502371800,229.02,229.454,225.4656,225.5,3325531
1502458200,225.07,226.6799,222.65,224.15,2956601
1502717400,226.37,229.83,226.2966,227.36,2266069
1502803800,229.57,230.61,227.5,227.59,1867043
1502890200,228.26,229.01,225,225.61,2393898
1502976600,224.38,225.98,221.11,221.42,3460287
1503063000,220.79,224.091,220.55,222.15,3149324
1503322200,222.4,222.4,219.21,220.79,2203270
1503408600,221.86,223.78,221.33,223.58,2021309
1503495000,221.9,224.81,221.33,222.74,2568023
1503581400,223.77,224.565,222.59,222.99,2263028
1503667800,223.64,224.9489,222.13,222.47,2232476
1503927000,222.91,223.085,218.86,220.35,2641607
1504013400,217.27,220.1302,215.75,219.96,2369131
1504099800,220.25,224.22,220.09,222.42,2411427
1504186200,223.25,224.49,222.58,223.74,2240611
1504272600,224.55,227.56,223.53,225.88,2346855
1504618200,223.85,224,217.3,217.78,5651453
1504704600,218.98,221.02,217.61,218.83,3613562
1504791000,218.73,218.81,214.64,215.84,3594587
1504877400,215.51,219.28,215.4,217.21,3120862
1505136600,220.07,221.89,218.99,221.06,2971497
1505223000,222.54,227.69,222.02,225.95,3745841
1505309400,225.25,227.14,224.72,226.56,2383468
1505395800,226.1,228.1,226.05,226.85,1986626
1505482200,227.15,227.21,223.82,225.22,4365813
1505741400,226.3,229,225.66,227.53,2466828
1505827800,228.01,230.1356,227.33,228.91,1858009
1505914200,229.5,231.65,228.5,229.79,2682253
1506000600,229.89,232.1,229.4,231.29,1800822
1506087000,230.64,231.49,228.88,231.03,1861843
1506346200,230.77,231.86,228.3552,230.26,2261753
1506432600,230.86,231.44,229.03,229.94,1770007
1506519000,234.07,235.6,232.91,234.76,3072128
1506605400,235,236.2,233.5,235.47,2121841
1506691800,235.01,237.6,234.57,237.19,1902308
1506951000,237.2,241.0996,237.1,240.65,2501272
1507037400,241.07,242.71,239.69,241.62,2010771
1507123800,241.62,242.88,240.1203,240.31,1840415
1507210200,241,246.32,240.12,246.06,3521265
1507296600,246.3,247.075,244.61,246.02,2396134
1507555800,245.15,246.35,242.02,242.8,2165180
1507642200,242.8,243.73,241.7,242.6,2187050
1507728600,242,243.2,241.35,242.4,2175706
1507815000,242.33,243.42,238.75,239.8,2148150
1507901400,239,239.45,236.84,238.53,2491012
1508160600,238.6,242.76,238.35,242.41,2969192
1508247000,244.44,244.89,235.19,236.09,7088445
1508333400,236.87,242.65,236.87,242.03,4235853
1508419800,240.35,240.99,238.1,239.99,2710875
1508506200,242.95,245.25,240.67,244.73,3022769
1508765400,244.39,245.33,241.381,242.13,1963295
1508851800,243.6,246.25,243,244.84,2285251
1508938200,246.16,246.5,240.8,241.71,2904307
1509024600,242.61,244,241.53,241.72,1948825
1509111000,240.85,242.44,239.67,241.71,2111903
1509370200,240.1,242.59,239.53,240.89,1764451
1509456600,240.68,244.18,240.63,242.48,2658731
1509543000,243.89,247.4,242.91,244.26,2969572
1509629400,244.69,247.74,243.38,246.88,2509072
1509715800,245.37,246.28,243.19,244.4,1954583
1509978600,243.5,244.579,241.67,243.49,1744764
1510065000,243.91,244.98,238.84,239.81,2483904
1510151400,239.2,242.32,237.55,241.25,2349780
1510237800,239.51,242.367,237.84,240.79,2123010
1510324200,241.69,243.32,240,240.15,1845619
1510583400,237.97,240.9,237.16,240.27,1953911
1510669800,239.65,240.88,235.63,237.24,3000194
1510756200,234.97,238.15,233.55,237.61,2564130
1510842600,238.38,240.69,238.2,239.37,2304336
1510929000,238.86,239.08,237.12,238.02,2826379
1511188200,238.78,238.78,237.11,238.13,2000660
1511274600,239.41,239.59,237.54,238.02,2223847
1511361000,237.94,238.95,236.36,236.43,2177237
1511533800,237.42,238.56,235.55,235.95,1266796
1511793000,235.75,236.88,234.8,235.11,1999613
1511879400,236.09,240,234.33,239.41,3212932
1511965800,241.25,244.47,240.4,241.36,4500022
1512052200,244.07,250.79,244,247.64,6364574
1512138600,249.78,250.68,244.01,248.95,4765370
1512397800,254.89,254.9,250.01,250.65,3326126
1512484200,250.8,251.35,247.41,248.33,2526845
1512570600,247.23,248.075,245.13,245.95,2331424
1512657000,244.62,249.48,244.4,248.56,2666989
1512743400,250.5,250.68,247.2,250.35,1959075
1513002600,250,251.4,248.76,250.13,1494228
1513089000,250.81,258.2,250.685,257.68,3464242
1513175400,257.81,260.5,255.56,255.56,3482341
1513261800,257.13,259.55,255.48,255.48,3353191
1513348200,256.7,258.97,254.76,257.17,5283374
1513607400,260,262,259.16,260.02,2575573
1513693800,261.6,261.8,256.18,256.48,2195500
1513780200,258.87,259.09,254.55,255.18,2052359
1513866600,256.61,262.09,256.28,261.01,3337818
1513953000,261.66,262.1363,257.72,258.97,2100623
1514298600,258.19,259.2,256,257.72,1289310
1514385000,257.98,257.98,255.52,255.95,1567928
1514471400,256.98,257,255.1,256.5,1301165
1514557800,255.87,256.6499,252.91,254.76,2519253
1514903400,257.77,257.91,253.92,255.67,2258261
1514989800,255.48,256.14,253.22,253.29,2988206
1515076200,255.23,259.72,254.32,256.83,2583204
1515162600,257.18,257.49,253.691,255.52,2594712
1515421800,254.75,255.18,251.62,251.81,2940546
1515508200,252.8,255.5988,252.62,253.94,2637346
1515594600,255,255.15,252.35,254.33,2927210
1515681000,255.75,255.89,252.97,255.13,2422405
1515767400,255.75,257.3,254.09,257.03,2849176
1516113000,259.25,261.77,256.3958,258.46,4445460
1516199400,260.98,262,248.8364,253.65,8608134
1516285800,254.49,254.54,250.6,250.97,4984536
1516372200,251,256.14,250.26,256.12,4643375
1516631400,255.45,262.8699,255.19,261.52,5264672
1516717800,258,260.26,256.85,260.09,4003561
1516804200,260.74,265.78,260.3,265.68,4313964
1516890600,266.35,270.5,265.01,269.03,5054952
1516977000,267.49,269,266.05,268.14,3535395
1517236200,269.04,273.79,268.81,272.48,3882736
1517322600,270.39,272,267.111,268.94,3970433
1517409000,268.55,270,266.33,267.89,3710160
1517495400,266.15,272.59,266.001,272.23,3388237
1517581800,270,271.75,259.35,260.04,5913920
1517841000,257.51,263.3,241.5,249.11,6528467
1517927400,244.21,258.75,242.11,258.7,6739908
1518013800,255.9,261.95,255.66,257.1,4125037
1518100200,257.93,258.78,246.05,246.35,4166152
1518186600,249.62,251.67,239.29,249.3,5978553
1518445800,251.15,256.15,248.82,253.16,3692544
1518532200,252.01,256.4,250.58,255.53,2700493
1518618600,255,262.71,254.477,262.58,3793777
1518705000,265.76,268,262.91,267.68,3523083
1518791400,265.99,269.28,265.9,267.62,2602502
1519137000,266.89,268.85,263.31,264.89,2618423
1519223400,263.92,270,263.13,263.4,3017869
1519309800,264.4,266.32,260.72,261.43,2678880
1519396200,263,266.98,262.4,266.77,2507056
1519655400,267.5,271.78,266.77,271.26,2751367
1519741800,271,273.12,267.93,267.93,3140609
1519828200,269.14,269.49,262.57,262.93,3104329
1519914600,262.61,263.55,256.201,256.78,3483534
1520001000,255,259.24,252.1,258.12,3122826
1520260200,256.46,264.55,256.24,263.12,2445846
1520346600,264.77,267.87,263.21,266.93,2217341
1520433000,262.69,266.43,260.9455,265.35,2509352
1520519400,266.48,268.1,262.63,266.34,2565359
1520605800,268.7,271.09,267.04,270.77,4410571
1520861400,271,275.31,270.77,273.38,3065557
1520947800,274.34,275.03,267.44,268.53,2288103
1521034200,270.4,270.78,263.911,264.43,2478684
1521120600,265.72,269,265.35,266.61,2255191
1521207000,266.01,269.85,265.33,267.6,4114337
1521466200,266.99,267.5,259.47,262.53,2426864
1521552600,263.29,264.64,261.8873,263.19,1514754
1521639000,263.01,266.49,260.31,261.85,2817633
1521725400,258.42,260.82,252.18,252.6,4489285
1521811800,253.63,254.954,244.93,245.26,3634249
1522071000,250.65,255.36,248.45,254.88,3787177
1522157400,255.89,257.06,245.61,247.26,2981484
1522243800,248.78,251.23,244.37,249.37,2660194
1522330200,250.79,252.98,248.33,251.86,3073925
1522675800,251.26,252.6,243.77,247.35,3429894
1522762200,248.61,250.89,245.9,250.58,2488166
1522848600,245.71,253.22,244.511,252.62,2853211
1522935000,254.5,258,253.4,255.81,1924810
1523021400,251.48,255.34,246.68,249.97,3621939
1523280600,251.48,257.5,249.17,252.19,3256691
1523367000,257.96,259.89,255.95,256.57,3314641
1523453400,252.59,254.83,249.79,252.94,3321982
1523539800,256.27,260.73,255.11,259.59,3059104
1523626200,261.94,262.499,254.54,255.92,3026173
1523885400,257.13,260.66,256.66,257.88,3257417
1523971800,261.6,262.25,252.34,253.63,10134395
1524058200,254.9,257.02,252.25,254,4524761
1524144600,254,256.16,252.83,254.17,3990014
1524231000,254.1,255.68,251.48,251.96,2930638
1524490200,251.66,252.75,246.19,246.67,3775874
1524576600,248.82,249.15,240.04,242.49,4705066
1524663000,242.19,242.4617,237.51,239.23,5041420
1524749400,239.27,241.66,238.01,240.09,2891094
1524835800,240,241.9289,239.02,239.8,2136781
1525095000,240.97,243.07,238.22,238.33,2790458
1525181400,237.51,237.9,233.96,236.67,3269793
1525267800,236.6,237.905,233.42,234.05,3710850
1525354200,232.45,234,227.4,233.41,4511425
1525440600,232.31,236.79,232.28,234.94,2622252
1525699800,236,238.1699,235.275,237.2,1979446
1525786200,238.24,240.66,236,237,3267002
1525872600,237.98,242.05,237.248,241.73,2434002
1525959000,242.11,245.42,240.1644,243.44,2598955
1526045400,243.44,244.91,241.71,242.92,1540146
1526304600,243.6,245.88,243.5,243.91,1928526
1526391000,243,243.95,240.67,241.56,2165705
1526477400,241.27,241.84,240.59,240.96,1965177
1526563800,240.42,242.44,238.78,239.1,2462688
1526650200,238.1,238.74,236.87,237,2698990
1526909400,239.1,240.07,237.32,237.7,1951741
1526995800,238.7,240.699,237.98,238,2551478
1527082200,236.88,237.87,234.38,237.81,3114002
1527168600,236.6,237.17,233.65,236.1,2308658
1527255000,235,236.12,234.28,235.01,1985610
1527600600,231.52,232.47,225.02,227.03,5323609
1527687000,228.94,229.666,226.28,229.16,3348589
1527773400,227.34,228.11,224.09,225.88,5334873
1527859800,228.4,230.25,228.09,228.35,3330852
1528119000,230.35,231.15,228.95,229.89,2133594
1528205400,228.94,229.34,227.29,228.34,1986219
1528291800,229.85,232.58,229.36,232.23,2566410
1528378200,233.89,235.92,232.54,233.45,2904959
1528464600,233,234.2699,232.35,233.39,2253128
1528723800,234.62,235.16,233.585,234.09,1936809
1528810200,234.12,235.23,231.86,232.63,2079981
1528896600,233.65,238.23,233.1,233.83,3637425
1528983000,235.87,235.89,232.59,233.65,2899565
1529069400,231.5,233.15,229.84,231.92,4738084
1529328600,230.2,231.67,229.15,231.39,2327485
1529415000,228.22,229.04,226.1603,228.32,3326561
1529501400,229.92,229.94,226.9618,227.82,2678291
1529587800,226.39,228.43,224.5686,226.98,3094630
1529674200,227.78,230.4999,225.58,226.02,2892218
1529933400,224.5,225.1352,220.39,221.54,3817727
1530019800,221.78,222.8,219.1204,221.58,2692887
1530106200,221.48,225.47,220.14,220.18,3104188
1530192600,220.25,224.66,219.58,223.42,3072630
1530279000,224.4,225.17,220.45,220.57,3395263
1530538200,219.75,223.34,218.8901,223.26,1723244
1530624600,224.46,224.64,219.99,220.38,1204376
1530797400,221.5,222.14,219.78,220.74,2218550
1530883800,220.54,223.2,219.88,221.79,1846534
1531143000,223.36,228.2,223,227.99,2743874
1531229400,228,228.87,225.8486,226.85,2524839
1531315800,225.76,227.25,225.2,225.66,2527030
1531402200,227.64,227.8,225.7701,227.22,2223060
1531488600,226.63,228.62,223.93,226.41,2543722
1531747800,227.2,231.44,226.74,231.44,3271217
1531834200,231.48,233.23,226.87,231.02,9280184
1531920600,232.34,233.72,230.15,231.24,6149874
1532007000,231.11,231.99,228.98,229.63,4638844
1532093400,229.01,232.05,228.8,231.69,2684620
1532352600,231.8,234.86,231.72,233.76,2788682
1532439000,234.75,237.48,234.34,235.88,2887509
1532525400,235.01,236.85,233.95,236.69,2174698
1532611800,237,238.335,236.43,237.11,1885496
1532698200,237.96,238.8,235.99,237.64,1999682
1532957400,238,239.73,236.89,238.95,2454219
1533043800,239.5,239.5,236.55,237.43,2504133
1533130200,238.5,239.4,235.78,236.04,2510727
1533216600,233.93,235.21,232.77,233.99,2580124
1533303000,234.44,235.52,233.49,234.09,3053154
1533562200,234.14,236.98,234.03,235.93,2259700
1533648600,237.25,239.46,236.49,237.83,2399530
1533735000,238.12,239.16,236.23,236.37,2522656
1533821400,236.35,236.845,233.39,233.78,2951211
1533907800,230.97,231.455,228.11,229.61,3863732
1534167000,229.49,229.89,226.57,226.86,2663244
1534253400,227.35,230.37,227.3,229.56,2359006
1534339800,229.35,231.54,228.31,229.25,3218939
1534426200,230.67,233.29,230.45,233,2438306
1534512600,232.51,233.72,231.64,233.38,2107243
1534771800,234.13,235.975,234.075,235.78,2604975
1534858200,235.29,239.53,235.29,238.65,2437333
1534944600,237.89,239.67,237.58,239.34,1870940
1535031000,239.05,239.28,235.84,236.34,2065059
1535117400,237.36,237.8,234.7,235.11,1948234
1535376600,236.99,243.65,236.56,242.6,4106946
1535463000,243.06,245.08,241.59,242.37,2951180
1535549400,242.05,242.79,240.31,241.4,1911957
1535635800,240.8,241.12,238.68,239.4,1963935
1535722200,238.94,239.35,237.12,237.81,1965472
1536067800,237.76,238.12,234.59,237.66,2083698
1536154200,237.01,239.4497,236.17,237.56,2092231
1536240600,237,238.63,233.88,234.52,2651790
1536327000,235.05,235.64,232.68,233.91,1952884
1536586200,235.01,235.5,231.74,231.91,1948493
1536672600,230.67,231.65,228.66,230.21,2719540
1536759000,230.91,231.99,227.3017,228.15,3577707
1536845400,229.5,229.85,227.57,228.33,3003569
1536931800,229.08,230.55,228.76,229.24,2228307
1537191000,229.4,230.16,227.3,227.89,1918787
1537277400,228.35,229.4,226.57,228.89,2498063
1537363800,229.9,236.28,229.52,235.58,3716487
1537450200,237,238.51,236.03,237.4,2502995
1537536600,238.06,238.52,234.83,235.34,3760267
1537795800,234.74,235.74,232.24,232.9,2056982
1537882200,234.64,234.64,232.225,232.5,2003418
1537968600,232.96,233,228.24,228.88,2372746
1538055000,228.77,229.85,227.52,227.74,2451510
1538141400,225.75,227.4,223.8,224.24,3097847
1538400600,226.22,227.59,225,225.33,2451341
1538487000,225.28,226.33,223.97,226.07,2272681
1538573400,227.75,229.77,226.58,227.78,2574210
1538659800,229.26,231.4,225.39,227.48,2903786
1538746200,228,228.41,224.21,225.71,1722697
1539005400,224.26,226.917,222.5,225.35,2523200
1539091800,224.99,225.12,222.53,222.91,1863236
1539178200,223.24,223.64,214.56,214.89,3955472
1539264600,214.2,216.03,210.95,212.97,6217366
1539351000,217,217.98,211.46,213.87,4161711
1539610200,214.45,217.14,213.05,215.22,3333750
1539696600,219.35,222,216.3005,221.7,5924183
1539783000,220.53,228.9,220.05,228.28,4953723
1539869400,227.5,228.73,223.8601,224.95,2995425
1539955800,225.26,228.3,224.191,226.96,2759105
1540215000,226.93,228.87,221.52,221.6,2736770
1540301400,216.59,219.5236,214.32,218.56,3318168
1540387800,218.14,218.93,208.4,209.18,4152713
1540474200,211.27,215.69,210.3363,214.01,3179707
1540560600,210.73,214.8,209.5275,212.36,3558077
1540819800,214.15,218.21,212.05,214.49,3278258
1540906200,215.99,220.35,215.04,219.28,3897378
1540992600,221.89,229,221.4,225.37,4369633
1541079000,225.76,228.88,225.47,226.97,2557550
1541165400,230,231.69,226.29,229.69,3698981
1541428200,228.32,231.095,226.95,228.72,2565374
1541514600,228.19,229.52,227.05,228.2,2275807
1541601000,230.05,232.7958,226.9025,231.28,3514619
1541687400,231,234.06,230.6,231.65,2404854
1541773800,231.69,231.69,222.3,222.65,3721716
1542033000,222,222.31,205.13,206.05,11019357
1542119400,204.4,209.5858,202.33,205.05,6984798
1542205800,206.24,207.34,198.44,202.49,5742451
1542292200,201.8,204.5,199.32,203.74,4260001
1542378600,202.93,204.7442,200.35,202.12,2829572
1542637800,201.83,202.3,197.35,198.22,3419116
1542724200,195.1,195.89,190.345,191.34,5513841
1542810600,192.09,195.24,191.19,192.6,4111653
1542983400,191.61,191.87,188.94,189.1,1862633
1543242600,191.17,195.23,190.69,194.34,3143267
1543329000,193.4,194.62,191.564,193.65,2346394
1543415400,194.84,198.45,192.23,198.35,3789873
1543501800,196.02,197.45,193.16,194.85,2666117
1543588200,190.57,191.45,188.12,190.69,6219958
1543847400,194,195.66,191.62,191.63,4018393
1543933800,190.69,191.11,183.63,184.31,5797535
1544106600,181.33,184.88,180.15,184.09,5275511
1544193000,183.85,186.25,179,179.67,3921232
1544452200,178.6,179.84,174.68,178.83,4528341
1544538600,182.15,184.43,175.45,176.8,4713871
1544625000,178.5,180,176.48,176.7,3677292
1544711400,177.83,178.69,175.12,175.92,4008550
1544797800,174.34,176.26,172.37,172.77,5078341
1545057000,169.4,171.43,166.53,168.01,8395805
1545143400,169.78,173.02,169.32,171.5,5150789
1545229800,171.59,174.85,167.6,169.25,5316095
1545316200,168.39,171.65,167.16,168.41,6488177
1545402600,168.25,169.63,159.42,160.05,8961148
1545661800,159,160,154.31,156.35,3783497
1545834600,157,163.11,151.7,162.93,7054656
1545921000,160.12,165.41,159.02,165.41,4972964
1546007400,165.64,165.95,162.02,163.03,4110520
1546266600,163.78,167.12,163.78,167.05,4550009
1546439400,164.33,172.25,163.35,172.03,4002086
1546525800,170.66,171.77,168.29,169.51,4060393
1546612200,172.99,176,171.1,175.05,3788312
1546871400,175.23,177.825,172.27,176.02,3152092
1546957800,177.78,178.0999,172.9,175.37,2692684
1547044200,176.1,177.69,174.91,176.47,3321697
1547130600,175.66,178.07,175.5,176,2808732
1547217000,175.1,177.04,172.42,176.93,3183036
1547476200,174.52,179.54,174.1,178.72,3361688
1547562600,178.32,179.99,176.4,179.91,2911802
1547649000,187,198.15,185.6,197.08,15194227
1547735400,195.95,199.8,192.83,199.09,8176998
1547821800,200.38,203,196.91,202.54,5650934
1548167400,200.5,201.47,195.92,197.68,4648472
1548253800,197.55,198.09,194.53,196.9,3410681
1548340200,196.22,199.68,195.76,197.8,2632011
1548426600,199.83,201.19,199.42,200.74,3275461
1548685800,197.99,200.07,197.1,199.72,2369554
1548772200,199,201.97,197.87,200.5,2694125
1548858600,200.9,203.29,199.65,202.48,2773366
1548945000,200.1,202.35,196.95,198.01,5604546
1549031400,198,199.64,196.54,196.54,3174301
1549290600,195.8,197.76,194.786,197.72,2400169
1549377000,198.12,199.325,196.86,198.01,2601036
1549463400,197.18,199.06,195.83,196.62,2063097
1549549800,195.28,195.88,191.05,193.07,2948750
1549636200,191.72,192.62,188.2158,191.67,2757596
1549895400,192.88,193.32,191.07,191.33,2056684
1549981800,193.05,195.65,193,194.49,2392931
1550068200,195.92,198.78,194.6,194.69,2757343
1550154600,192.21,194.13,189.44,192.53,2864952
1550241000,193.21,198.8899,193.1,198.5,3065444
1550586600,196.66,199.06,195.61,198.67,2558186
1550673000,198.73,199.3,197.51,198.6,2265991
1550759400,198.97,199.45,195.05,196.36,2786021
1550845800,196.6,197.75,195.2,196,2626634
1551105000,198,201.5,197.7139,198.65,3032171
1551191400,198.47,200.56,196.55,198.9,2499795
1551277800,198.5,199.89,197.12,198.1,1804501
1551364200,198.04,198.4,196.01,196.7,2964439
1551450600,198.75,201.44,197.43,198.2,2580797
1551709800,198.81,200.83,194.15,195.98,2683593
1551796200,195.85,196.18,193,196,2338725
1551882600,195.9,197.5634,194.53,194.74,2247480
1551969000,193.13,193.45,190.08,192.77,3567935
1552055400,190.4,195.765,189.7118,195.24,3167874
1552311000,197.23,198.97,195.73,195.97,2669014
1552397400,196,197.3976,195.69,196.63,1977361
1552483800,197.75,198.93,196.52,197.25,1904531
1552570200,197.32,198.5,196.7,197.47,1482382
1552656600,197.16,198.85,196.8507,198.26,2985264
1552915800,199.18,203.85,198.92,202.47,3355202
1553002200,204.88,206.45,200.78,201.12,3284871
1553088600,200.33,200.33,193.97,194.32,5033491
1553175000,192.9,195.55,191.75,194.58,4031526
1553261400,192.67,193.71,187.78,188.96,5703063
1553520600,189.33,191.45,186.5,188.51,3751226
1553607000,190.03,192.41,188.69,190.69,2910110
1553693400,190.6,191.61,188.74,190.03,2343810
1553779800,190.74,191.9086,189.29,191.18,2343428
1553866200,192.68,193.105,191.14,191.99,2632797
1554125400,194,198.09,193.61,196.74,3562556
1554211800,196.24,197.76,195.4,197.5,2246979
1554298200,199.25,201.09,198.54,200.86,3227885
1554384600,200.8,204.29,200.5,202.23,2582379
1554471000,203.38,205.5,202.06,202.38,2447288
1554730200,202.79,203.63,201.18,202.54,1891580
1554816600,201.23,201.59,198.86,200.62,2400893
1554903000,201.8,203.17,200.2736,202.98,1907115
1554989400,204.23,205.45,201.57,202.83,2802400
1555075800,207,209.97,206.37,207.84,5096630
1555335000,204.11,205.7356,199.7,199.91,6617232
1555421400,199.62,202.94,199.24,201.84,4852969
1555507800,201.96,208.5,201.78,207.9,4195336
1555594200,207.09,207.86,205.15,205.91,2874292
1555939800,205.12,205.59,204.14,204.6,1591430
1556026200,204.25,205.19,202.74,204.14,2121243
1556112600,203,203.52,199.73,200.54,4606367
1556199000,199.7,202.56,199.1,201.4,2075273
1556285400,201.73,203.12,200.32,203.08,1543137
1556544600,203.5,208,203.27,206.92,2997024
1556631000,206.94,207.9899,204.15,205.92,1833416
1556717400,206.4,208.4086,204.03,204.73,1981789
1556803800,204.43,206.22,203.12,204.99,1514660
1556890200,206.01,208.75,205.67,207.52,1897692
1557149400,202.8,206.98,201.71,206.43,1927994
1557235800,203.34,204,201.01,202.63,2839464
1557322200,201.4,203.2,200.795,200.95,1817714
1557408600,199.51,202.22,197.91,201.63,2333539
1557495000,200.98,202.1,198.99,202.05,2089764
1557754200,197.9,197.9,194,194.97,3605565
1557840600,194.99,198.13,194.9,196.28,2463391
1557927000,194.64,197.59,193.42,196.4,2271501
1558013400,196.63,200,196.6231,199.14,2008310
1558099800,196.3,199.09,196.3,197.43,1928394
1558359000,197.09,197.78,195.57,197.24,2483484
1558445400,198.66,199.32,198.0005,199.11,2327767
1558531800,197.44,198.48,195.46,195.52,2427247
1558618200,193,193,189.56,191.97,3184179
1558704600,192.89,194.07,191.68,193,1637338
1559050200,192,193.31,189.39,189.44,3039950
1559136600,187.74,188.65,184.92,188.05,2815797
1559223000,188.09,189.3698,186.01,187.37,1919327
1559309400,184.77,184.89,182.31,182.49,2640393
1559568600,181.7,183.49,180.73,183.19,2857821
1559655000,186.18,189.99,185.71,189.88,2421063
1559741400,190.1,190.16,187.01,188.44,1968185
1559827800,188.06,190.74,187.31,189.81,1653532
1559914200,189.88,190.61,188.52,189.81,1838954
1560173400,191.4,197,191.4,194.12,2372134
1560259800,195.3,196.1153,193.51,194.73,1632227
1560346200,193.61,194.0507,189.83,190.22,2059406
1560432600,190.41,192.25,190.07,191.45,1411616
1560519000,191.29,192.17,189.31,191.66,1403930
1560778200,192.02,193.23,190.74,190.83,1155579
1560864600,190.67,197.13,190.67,194.98,2362978
1560951000,195.35,197.61,194.79,195.64,2196816
1561037400,197.5,198.19,193.61,195.7,2749296
1561123800,195.34,198.34,193.97,195.94,3365504
1561383000,196.53,199.35,196.03,197.49,2069816
1561469400,197.5,197.52,194.0142,196.06,1828309
1561555800,196.5,197.87,196.12,197.01,1649866
1561642200,197.57,199.605,196.76,199.32,2239186
1561728600,203.5,205.84,202.94,204.6,4854919
1561987800,208,209.85,205.735,206.86,2468489
1562074200,205.4,206.305,204.16,205.98,1626880
1562160600,207.3,207.4,205.23,206.04,978795
1562333400,206.86,208.76,206.2,207.9,1511445
1562592600,206.36,207.25,204.705,205.75,1853938
1562679000,203.75,207.94,203.54,207.77,1812186
1562765400,207.18,208.99,205.65,205.97,1779844
1562851800,206.2,212.59,206,211.35,3691619
1562938200,212,214.19,210.79,213.94,2626026
1563197400,214.11,214.6,209.79,211.58,2600222
1563283800,214.8,217.33,212.55,215.52,5283690
1563370200,213.83,215.775,213.16,213.3,2583462
1563456600,212.71,215.83,211.75,214.52,2858986
1563543000,214.02,215.77,213.35,213.52,1822284
1563802200,213.4,214.86,212.31,214,1907237
1563888600,214.95,220,214.95,219.43,3330637
1563975000,219.25,222.09,218.63,222.03,3180106
1564061400,221.77,221.77,218.23,219.98,2777134
1564147800,220.45,222.24,220.37,222.14,2304848
1564407000,221,222.13,220.2,220.32,1372767
1564493400,218.49,221.99,217.33,221.4,1644552
1564579800,221.24,221.98,219.01,220.13,1991056
1564666200,219.35,219.95,210.76,211.6,3070149
1564752600,211.58,211.58,205.31,209.37,2502996
1565011800,205.82,205.82,199.58,201.68,2794194
1565098200,203.56,206.07,200.89,206.01,2349383
1565184600,201.11,205.96,199.05,205.74,2454249
1565271000,207.17,207.8,203.54,207,2342226
1565357400,205.62,208.3,203.86,206.9,1790148
1565616600,203.28,204.15,200.48,201.52,1495341
1565703000,201.51,206.6,200.23,204.11,2157671
1565789400,199.8,199.9101,195.06,195.56,3025103
1565875800,195.91,196.965,193.71,196.18,1981913
1565962200,197.03,200.67,197,199.42,1878739
1566221400,203.81,204.45,201.82,202.2,1646082
1566307800,200.21,201.99,199.7,199.98,1545894
1566394200,202.74,203.02,200.17,200.68,1161185
1566480600,202.28,203.45,200.9101,202.42,1276379
1566567000,200.81,201.88,195.19,196.2,2201526
1566826200,198.27,199.71,197.9973,199.65,1442394
1566912600,200.33,200.8595,196.5,198.07,1513448
1566999000,196.57,201.47,196.25,200.42,1444021
1567085400,201.36,204.37,201.36,203.44,1817824
1567171800,204.85,205.21,203.01,203.91,1529629
1567517400,201.1,201.61,196.58,198.97,2633970
1567603800,201.49,202.1,200.05,201.73,1736967
1567690200,205.27,208.93,205.04,207.05,2237906
1567776600,207.06,208.25,205.57,207.21,1439087
1568035800,209.22,213.88,208.44,211.98,2734609
1568122200,213.5,217.09,213.22,215.63,2616235
1568208600,215.21,216.85,213.36,216.8,1886291
1568295000,216.38,220.76,215.15,218.74,2913786
1568381400,220.35,221.5,219.1988,219.9,2722411
1568640600,217.82,219.33,216.32,217.22,2205543
1568727000,215.8,216.14,212.54,215.91,2467394
1568813400,214.83,217.89,213.3,217.08,2492485
1568899800,217.58,217.93,215.06,215.23,1611076
1568986200,214.66,216.68,213.63,213.74,5490118
1569245400,212.85,214.11,211.56,213.46,1565762
1569331800,214.04,214.2,206.8,207.75,2885686
1569418200,207.96,211.09,207.45,210.03,1609841
1569504600,209.05,209.97,208.11,208.22,1692716
1569591000,209.85,210.55,208.09,208.97,1531374
1569850200,209.71,209.71,206.83,207.23,1798010
1569936600,207.01,209.38,202.61,202.69,3171507
1570023000,201.69,201.88,197.6,198.25,3395299
1570109400,197.61,198.37,193.99,197.24,2923698
1570195800,196.99,201.226,196.04,200.8,3028781
1570455000,200.79,202.53,199.47,200.4,2210318
1570541400,197.6,198.95,195.92,197.37,2674425
1570627800,198.19,198.98,196.68,196.85,2457361
1570714200,197.59,201.32,197.54,199.87,2114131
1570800600,203.72,207.29,203.72,204.68,3342623
1571059800,203.83,206.165,202.92,205.82,2303649
1571146200,202,208.24,198.61,206.46,8303263
1571232600,206.17,208.62,206.1,207.42,3447187
1571319000,208.29,208.93,204.39,206.46,2893459
1571405400,204.99,208.06,204.99,206.52,2207607
1571664600,208.67,210.86,207.68,209.25,1958379
1571751000,209.59,211.65,208.31,209.6,1885431
1571837400,209.22,212.0193,209,211.32,1583225
1571923800,211.61,213.145,209.775,211.05,1273179
1572010200,210.18,215.42,210.18,214.23,2602050
1572269400,216.32,218.92,215.69,217.75,2707775
1572355800,217.22,219.28,216.45,217.64,2030786
1572442200,217.02,217.05,213.81,215.81,1584888
1572528600,215.15,215.3625,211.32,213.38,1876214
1572615000,215.26,217.89,214.75,217.39,2112310
1572877800,219.7,220.69,218.57,219.87,2538122
1572964200,220.8,221.78,218.47,218.64,2525109
1573050600,218.01,219.07,216.55,218.42,1863038
1573137000,220.77,224.77,220.41,223.29,3748660
1573223400,223,223.23,221.1,222.91,1610873
1573482600,220.9,221.41,218.52,219.03,2755038
1573569000,218.56,221.11,217.9264,220.41,1891598
1573655400,218.39,219.84,217.01,219.32,1769133
1573741800,218.79,220.47,218.0301,219.43,1483216
1573828200,220,221.09,219.04,220.25,1693160
1574087400,219.73,219.95,218.04,219.73,1603539
1574173800,220.56,220.68,218.31,220.04,1817120
1574260200,218.36,219.4709,216.4,217.91,2177738
1574346600,218.6,219.32,216.82,218.23,1677745
1574433000,218,220.71,218,220.28,1529121
1574692200,220.89,223.95,220.89,222.75,2181836
1574778600,222.68,222.76,221.113,222.45,1926961
1574865000,223.45,224.28,221.86,222.95,1615085
1575037800,220.88,222,220.41,221.35,770438
1575297000,220.97,221.8,217.08,217.64,2119133
1575383400,215.43,215.43,210,212.24,3279762
1575469800,213.54,216.99,212.38,215.94,1583647
1575556200,217.15,217.63,215.4185,217.14,1329572
1575642600,219.95,225.4,218.815,224.61,4229733
1575901800,224.61,224.65,221.77,221.81,2149451
1575988200,221.67,222.88,220.55,221.88,1854483
1576074600,222.25,222.85,220.84,221.19,1778596
1576161000,221.91,226.7762,220.6,226.05,2975577
1576247400,226.72,227.99,223.7023,225,1908510
1576506600,228.5,230.7,227.87,228.04,3219426
1576593000,230,232.07,228.8,231.15,3590439
1576679400,231.97,232.195,229.94,230.45,2280912
1576765800,230.95,231.39,228.96,229.94,2420063
1576852200,230.96,231.29,228.62,228.93,3716158
1577111400,229.66,230.48,228.41,229.09,1671705
1577197800,228.98,229.95,228.37,229.91,467722
1577370600,230.26,232.1999,229.99,231.21,1704161
1577457000,231.81,232.21,230.47,230.66,1343887
1577716200,231.68,231.68,229.5,229.8,1494667
1577802600,229.71,229.97,228.67,229.93,1447336
1577975400,231,234.64,230.16,234.32,3737791
1578061800,231.6,232.61,230.3,231.58,2276089
1578321000,229.93,234.02,229.49,233.95,3329354
1578407400,235,237.77,234.76,235.49,5393171
1578493800,235.68,239.75,235.48,237.76,3564884
1578580200,241.34,243.4,239.82,242.6,3982130
1578666600,242.75,243.39,241.39,242.11,2249212
1578925800,244.44,246.11,243,245.21,3361630
1579012200,245.32,248.52,244.6,245.66,4309141
1579098600,242,249.5,239.16,245.21,5411198
1579185000,247.01,249.82,246.23,249.72,3968405
1579271400,250.23,250.46,248,249.46,3108371
1579617000,247.21,248.85,245.6,245.7,2492363
1579703400,246.61,248.52,246.34,247.05,2031016
1579789800,244.5,247,242.88,245.58,2806820
1579876200,245.07,245.7093,240.6,241.92,2877351
1580135400,236.37,238.99,235.0112,238.14,2506445
1580221800,239.49,243.58,238.05,242.58,3123389
1580308200,244.52,246.5,239.5697,240.12,3713664
1580394600,237.69,244.34,236.73,244.13,3261733
1580481000,241.99,242.89,236.88,237.75,3482838
1580740200,238.36,242.39,238.05,239.01,2733171
1580826600,242.88,243.74,241.55,241.94,3052654
1580913000,244.99,245.13,243,244.3,3126622
1580999400,245.35,245.77,241.18,241.82,2225886
1581085800,239.75,240.52,236.55,238,3006894
1581345000,237.4,237.87,235.4556,237.36,2591280
1581431400,239,239.55,236.22,236.46,2238902
1581517800,238.01,241.18,237.72,238.65,2119549
1581604200,237.85,238.97,236.57,238.35,1461372
1581690600,237.94,239.01,236.23,237.08,1718742
1582036200,236.55,237.07,231.2,233.21,2737383
1582122600,235,237.8,233.28,237.33,2207061
1582209000,236.41,236.9,231.25,232.73,3183748
1582295400,230.91,231.7994,228.37,230.62,3082273
1582554600,223.23,226.69,222.54,224.54,4139814
1582641000,224.78,225.87,215.89,217.61,5343512
1582727400,218.7,220,214.76,215.78,4172156
1582813800,210.49,213.48,205.37,205.69,5848188
1582900200,199.09,202.245,194.85,200.77,6740665
1583159400,201.41,209.62,197.63,209.47,5285526
1583245800,209,211.79,202.12,203.43,5677200
1583332200,205.84,208.92,202.7,208.74,3520352
1583418600,201.33,203.465,196.95,198.79,4151707
1583505000,190.68,196.3,189.28,192.85,5071909
1583760600,173.58,179.25,170.16,172.81,6443000
1583847000,181.62,185.395,173.285,184.35,6803867
1583933400,178.48,180.77,170.97,171.89,5316998
1584019800,160,166.745,150,150.68,8357743
1584106200,162.82,177.56,152.35,177.17,6368355
1584365400,150.23,169.54,150,154.66,6888003
1584451800,157,166.74,150,158.67,6876285
1584538200,150,155.97,135.41,140.02,9543242
1584624600,137.38,152.49,130.85,149.49,6548186
1584711000,148.99,149.19,138.29,138.41,7561254
1584970200,136.03,141.935,133.26,134.97,5472629
1585056600,144.32,153.9,143.63,153.6,6647422
1585143000,154.6,162.21,145.32,155.13,8587796
1585229400,156.37,167.66,154.31,165.79,6790307
1585315800,159.08,163.73,157,158.34,4186742
1585575000,158.52,160.43,153.18,159.62,4152809
1585661400,158.13,161.1,153.72,154.59,3589699
1585747800,146.1,149.57,145,145.29,4689124
1585834200,143.02,150.453,141.67,149.93,4446911
1585920600,149.2,150.9195,145.23,146.93,2801582
1586179800,155.47,158.93,153.77,158.23,4689431
1586266200,166,169.1388,162.45,166.02,4953506
1586352600,168.55,178.0974,168.55,176.96,5194782
1586439000,180.58,187.328,179.77,184.26,6449870
1586784600,183.85,184.97,179.13,179.18,4774325
1586871000,182.35,183.38,174.543,178.23,4149605
1586957400,170.63,181.68,169.15,178.52,6042720
1587043800,177.22,178.44,172.39,177.04,4662186
1587130200,183.49,185.28,178.29,183.49,5426703
1587389400,179.7,186.32,178.0221,180.4,4674763
1587475800,175.44,179.2,173.66,173.81,3818970
1587562200,177.5,178.18,174.47,175.98,2316558
1587648600,177,179.07,174.45,175.05,2013306
1587735000,177,177.95,173.49,177,2024646
1587994200,179.1,184.25,178.72,183.54,2743124
1588080600,189.16,190.42,184.87,187.01,3344730
1588167000,192.61,193.72,189.57,190.03,3086258
1588253400,186,187.55,182.8999,183.42,2695447
1588339800,179,179.595,176.65,177.1,2650183
1588599000,175,176.31,171.72,176.03,2990142
1588685400,179.1,182.6,178.14,178.3,3272990
1588771800,179.68,181.2,175.2115,176.92,2408676
1588858200,179.18,183.38,179.18,182.32,2480533
1588944600,185.03,185.91,182.74,185.39,2282566
1589203800,182.54,184.85,181.26,183.16,2212324
1589290200,183.89,184.3,176.75,177.21,3549190
1589376600,175.66,176.88,170.76,171.8,3445251
1589463000,169.04,174.78,165.36,174.45,4176657
1589549400,173.48,174.09,170.58,171.87,2867769
1589808600,177.71,183.1,175.24,181.88,4512571
1589895000,180.56,182.185,177.72,177.83,2210480
1589981400,180.95,183.83,180.3,181.44,2599855
1590067800,180.2,181.17,177.68,180.1,2153769
1590154200,180.03,180.64,178.06,179.93,2176407
1590499800,185.63,197.1,185.22,196.06,5971201
1590586200,203,210.71,200.01,209.66,8182053
1590672600,210.84,211.31,201.21,201.22,4890687
1590759000,197.23,200.92,194.65,196.49,3824488
1591018200,197.31,201.77,195.12,199.93,2235963
1591104600,203.77,206.5,201.32,204.14,4128686
1591191000,208.49,211.93,206.43,210.57,3471886
1591277400,208.79,214.99,207.96,214.82,3522252
1591363800,222,222.98,217.66,217.92,4737626
1591623000,220.02,222.2646,218.24,220.81,3260307
1591709400,215.74,220.02,215.16,218.1,2478365
1591795800,217.39,219.8499,212.8,213.52,3091188
1591882200,204.7,206.9,194.02,194.13,4923410
1591968600,200.62,202.94,196.21,201.78,3380817
1592227800,195.73,206.9932,195.15,206.31,3468788
1592314200,214.98,214.98,203.73,209.59,3103691
1592400600,210,210.79,205.44,206.19,1798324
1592487000,203.99,207.26,202.67,203.84,2051659
1592573400,207.05,207.4228,200.97,201.63,4962438
1592832600,200.99,204.58,200,203.42,1806868
1592919000,206.5,207.51,203.64,204.78,2451825
1593005400,202.34,202.61,197.3801,198.02,2756726
1593091800,197.86,207.39,197.61,207.1,3466472
1593178200,199,200.2441,188.5075,189.19,9530651
1593437400,191.38,193.9,188.66,193.47,3735957
1593523800,193.84,198.41,193.62,197.62,3102760
1593610200,198.88,199.74,195.52,197.57,2620147
1593696600,202.5,203,197.13,197.4,2699373
1594042200,201.335,207.7896,201.13,207.36,3567664
1594128600,205.5,205.71,199.19,199.36,2853484
1594215000,199.54,203.25,199.02,202.25,2789713
1594301400,202.11,202.5,195,196.83,3160116
1594387800,196.87,206.3199,196.83,205.56,4414807
1594647000,209,212.98,207,208.88,4449599
1594733400,211.43,214.3,207.01,214.01,5201950
1594819800,224.37,225.2399,214.69,216.9,12516724
1594906200,213.51,220.455,213.5,214.67,5769606
1594992600,214.9,215.17,211.25,211.41,3618027
1595251800,210.73,213.165,210.25,211.71,2268726
1595338200,212.25,213.81,210.39,212.02,3394178
1595424600,210.5,211,205.35,206,4978425
1595511000,205.1,206.0221,202.05,203.02,4088636
1595597400,203,204.93,201.32,201.47,3191549
1595856600,200.1,204.18,199.59,203.02,2601182
1595943000,201.91,203.6,201.09,201.62,2139771
1596029400,201.7,203.89,199.62,202.58,2634961
1596115800,199.5,199.99,196.3,199.53,3057922
1596202200,199.84,199.84,196.51,197.96,2401074
1596461400,198.49,199.88,196.53,199.39,2295652
1596547800,199.35,201.72,198.475,201.64,1944676
1596634200,203.17,204.8075,203.01,204.52,2323194
1596720600,205,206.29,203.83,204.25,1882367
1596807000,203.48,208.8,202.45,208.27,3074961
1597066200,209.59,210.64,208.04,209.38,2432770
1597152600,212.72,216.95,210.53,211.06,4042742
1597239000,214.7,215.95,209.27,212.13,2439593
1597325400,210.41,212.2,207.69,208.39,2219859
1597411800,207.46,209.48,206.61,207.97,2287572
1597671000,207,207.85,202.53,203.07,3922588
1597757400,203.45,203.58,201.1,201.31,3067854
1597843800,202.4,206.1,201.77,203.02,2458524
1597930200,200.76,203.28,200.34,201.85,1764214
1598016600,200.11,203.35,199.82,202.43,1781141
1598275800,203.11,207.43,201.32,207.34,3097432
1598362200,209.99,210.49,205.17,206,2627906
1598448600,205.89,207.28,205.03,207.22,2563236
1598535000,206.68,213,206.41,210.15,3692411
1598621400,211.89,212,207.09,207.71,3697406
1598880600,205.5,206.41,203.63,204.87,3046152
1598967000,203.6,206.71,203.01,205.46,2458801
1599053400,205.79,210.93,205.37,210.04,3565242
1599139800,211.75,215.23,205.83,207.56,3533485
1599226200,210.89,213.35,205.32,210.94,3668891
1599571800,209.51,209.96,201.27,202.48,4574748
1599658200,204.19,204.83,202.03,202.22,4681380
1599744600,203.73,205.35,199.55,200.01,2510274
1599831000,200.24,201.91,198.95,200.92,2376385
1600090200,203.3,203.3,200.67,201.34,2756891
1600176600,202,202.585,197.98,198,3717632
1600263000,198.49,203.8,198.07,200.68,3571873
1600349400,198.21,199.89,194.51,194.83,4274772
1600435800,195.01,196.65,192.3848,194.86,9066647
1600695000,189.9,194.17,187.47,194,4871299
1600781400,194,196.14,188.43,191.62,3355768
1600867800,192,192.915,185.865,186.12,3116142
1600954200,188.98,197.4594,187.05,195.11,5114566
1601040600,192.96,195.39,189.6085,194.95,3105989
1601299800,197.78,201.865,197.15,199.07,3280138
1601386200,198.16,198.77,195.43,196.79,2401523
1601472600,198.68,203.08,198.36,200.97,3075829
1601559000,201.53,203.13,197.8738,198.55,2288651
1601645400,195.34,200.6999,195.29,199.9,2541588
1601904600,201.93,202.84,199.59,201.8,2551633
1601991000,204.25,206.09,199.9,201.09,2833119
1602077400,203.9,205,201.17,203.6,2326917
1602163800,205.15,208.16,204.11,207.98,2330609
1602250200,208.76,209.81,206.07,207.54,3040923
1602509400,207.41,214.89,207.41,214.12,3474215
1602595800,214.01,214.11,209.18,210.81,3317312
1602682200,213.88,214.45,210.27,211.23,7557023
1602768600,209.58,210.73,206.9,208.6,4334014
1602855000,208.32,209.995,205.81,206.21,3246646
1603114200,207.39,207.91,204.59,205.69,3235296
1603200600,206.7,211.38,206.465,208.03,3336684
1603287000,207.39,207.95,202.01,202.91,3083593
1603373400,203.2,206.365,202.2,205.4,2137823
1603459800,206.76,208.21,204.02,205.04,2110153
1603719000,202.49,202.81,198.51,201.14,3249695
1603805400,200,200.59,195.41,195.68,3430420
1603891800,191.31,193.365,188.94,189.77,4214584
1603978200,189.8,192.35,186.9,189.94,3581156
1604064600,189.51,190.4,185.52,189.04,3661181
1604327400,192,192.7,188.23,190.2,2459562
1604413800,193.94,199,193.22,197.93,4545470
1604500200,196.25,200.82,194.9,197.87,3868514
1604586600,199.65,204.12,199.06,202.96,2892815
1604673000,204.34,204.39,200.42,201.26,2475115
1604932200,214.49,218,209.37,214.93,6960521
1605018600,215.25,218.38,211.18,217.47,4166465
1605105000,218.64,219.92,215.03,218.05,2680710
1605191400,215.22,216.86,212.4,214.51,3009267
1605277800,215.85,220.96,215.41,219.08,2832645
1605537000,223.53,224.6,220.03,222.38,3004948
1605623400,220.02,224.85,218.33,224.65,2722921
1605709800,225,227.72,223.51,224.3,2856225
1605796200,224.3,224.94,222.11,224.57,1505154
1605882600,223,224.81,222.63,223.35,1848687
1606141800,226.06,230,225.73,228.83,3378180
1606228200,231.1,238.116,230.63,237.5,3920282
1606314600,235,237.45,232.43,236.54,2272937
1606487400,237,237.3,233.785,235.4,1050396
1606746600,232.05,235,230.36,230.58,2705408
1606833000,231.96,234.8704,231.35,232.08,2580965
1606919400,232.08,238.13,231.5822,237.65,2136313
1607005800,237.29,238.85,234.64,235.47,2142890
1607092200,237.7,239.75,236.95,239.58,2373011
1607351400,238.54,239.85,235.45,238.45,1788559
1607437800,237.01,239.19,236.58,238.84,1371782
1607524200,240,245.36,239.53,242.82,3552254
1607610600,240,245.1799,239.5138,244.4,2541804
1607697000,240.81,241.2,237.1,239.99,2077419
1607956200,243.28,243.5,237.39,237.79,1927781
1608042600,239.5,243.61,237.19,242.43,2348775
1608129000,243.56,243.9,241.12,243.77,2400910
1608215400,245,245.93,243,244.43,2983609
1608301800,245.39,245.39,240.56,242.13,4088144
1608561000,250.29,260.85,248.76,256.98,7408489
1608647400,256.86,257.7,249.8,250.09,3603652
1608733800,251.5,260.575,251.3,256.45,3376142
1608820200,257.04,257.62,253.75,256.16,968146
1609165800,257.81,262.655,257,259.59,2793392
1609252200,260.26,260.8606,256.5,258.01,1430868
1609338600,258.81,260.65,257.83,259.45,1566767
1609425000,258.8,263.93,258.0001,263.71,2043050
1609770600,267,267.58,260.16,265,3572043
1609857000,263.88,273.5,262.57,270.93,4207081
1609943400,276.29,288.38,273.1,285.55,6383530
1610029800,287.77,295.8894,286.68,291.65,4009730
1610116200,292,292.28,285.06,290.08,2800784
1610375400,286.8,295,284.2,293.83,2650134
1610461800,297.14,303.98,296.02,302.21,4814362
1610548200,300.08,303.72,299.1,302.94,2413821
1610634600,304.05,309.41,303.54,307.87,3192169
1610721000,301.19,304.86,296.88,301.01,3863723
1611066600,305,306.6,293.8031,294.2,6727794
1611153000,295.82,297.45,287.48,290.47,4792644
1611239400,290.45,292.74,288.53,289.37,2517753
1611325800,286.69,290.59,285.5,289.39,2568757
1611585000,285.53,286.35,277.5,283.04,4575007
1611671400,283.93,285.77,280.08,281.76,3296846
1611757800,276,277.37,271.3201,273.33,3891838
1611844200,274.61,279.83,271.33,275.02,3778696
1611930600,274.27,277.4,270.62,271.17,3411974
1612189800,272.66,276.8,272,274.73,2324088
1612276200,278.32,288.25,278,286.97,5195520
1612362600,286.61,289.81,285.1801,288.55,2712770
1612449000,290,295.83,289.525,293.75,2994699
1612535400,295,297.24,292.1901,293.5,2938134
1612794600,295,300.89,294.5,300.15,2826173
1612881000,299.6,302.45,297.7,300.46,2071700
1612967400,300,305.18,297.75,304.28,3213655
1613053800,303.98,305.01,299.1718,302.32,2159868
1613140200,301.99,306.7,301.77,306.32,1977298
1613485800,310,312.92,309.2233,311.96,2792198
1613572200,310.03,314.98,308.7613,312.74,2464414
1613658600,309.22,314.5,307.5841,309.9,2095144
1613745000,310.23,316.78,310.23,315.62,2749542
1614004200,313,320.56,312.21,316.87,3162272
1614090600,317.98,320,310.58,319.21,2942528
1614177000,320.17,330.97,320.095,330.64,3934425
1614263400,333.325,335.8131,326.29,327.76,4137158
1614349800,325.77,328.68,319.04,319.48,3732221
1614609000,325,331.04,323.31,329.92,2959050
1614695400,330,336.19,329.51,330.94,2850325
1614781800,333.68,340.1,333.25,334.43,3606299
1614868200,333.13,339.76,323.92,329.29,3647614
1614954600,335.58,335.58,316.465,327.37,3740398
1615213800,331.36,337.59,329.1,334.19,2997991
1615300200,328.62,336.39,325.57,330.59,3324825
1615386600,332.07,342.4,331.53,342.02,3153109
1615473000,338.66,345,336.46,342.1,2756559
1615559400,345.22,350,343.64,348.81,2436744
1615815000,349.44,352.42,342,346.05,2277831
1615901400,345.28,346.9,337.75,341.71,2332558
1615987800,344.62,347.03,340.4001,344.95,2710906
1616074200,350.75,356.85,346.99,348,3715240
1616160600,346.42,347.24,340.63,344.2,3512961
1616419800,341.06,342.88,336,339.33,2094548
1616506200,337.62,341.8885,331.33,331.77,2457544
1616592600,333.42,336.94,328.44,328.65,3332168
1616679000,327.35,331.39,321.92,330.55,2804721
1616765400,334.51,335.45,322.69,327.39,3082556
1617024600,320.35,327.76,317.72,325.73,4533245
1617111000,329.41,335.75,328.85,332.01,2717270
1617197400,330.23,332.65,325.44,327,2624540
1617283800,324.3,329.66,324.16,327.64,2658951
1617629400,332.85,332.85,323.05,323.54,3234998
1617715800,324.49,328.54,324,327.06,1801975
1617802200,327.7,329.2,323.35,326.55,2157335
1617888600,324.29,331.49,322.9652,331.14,2402755
1617975000,334,334.9,328.79,330.81,2347149
1618234200,332.67,334.48,329.94,331.84,2318780
1618320600,329.51,330.05,324.18,327.68,3575907
1618407000,328.55,344.4694,326.15,335.35,9876753
1618493400,338.9,341.35,334.54,338.55,4354775
1618579800,340.29,343.74,338.62,342.31,4231858
1618839000,340,344.43,336.6,343.09,3228160
1618925400,339.97,340.47,329.35,331.88,3662274
1619011800,330,335.47,327.56,335.27,2733251
1619098200,334.62,336.97,330.29,330.85,2165200
1619184600,331.25,340.67,330.72,339.35,2165370
1619443800,341.94,345.9,340.89,343.52,2171458
1619530200,344,347.55,343.66,346.63,2088604
1619616600,348,350.12,346.09,348.11,2140875
1619703000,350.55,353.83,347.48,352.97,2584423
1619789400,351.12,352.8197,347.2,348.45,2101069
1620048600,350.34,354.0599,349.26,350.16,1871653
1620135000,348.9,351.78,342.57,349.84,2831390
1620221400,352,359.14,348.55,357.62,2786771
1620307800,359.77,366.3,356.5001,365.97,3048665
1620394200,362.3,371.65,360.93,370.89,3378112
1620653400,373.5,376.98,368.5,368.68,3396306
1620739800,363,368.63,358.62,359.92,3734339
1620826200,363.07,368.13,353.2712,354.4,3309798
1620912600,353.25,360.885,353.25,358.81,2674804
1620999000,362,369.51,361.7,368.77,2732312
1621258200,367.78,370.7,364.5,369.25,1826125
1621344600,371.38,373.08,364,364.56,2018638
1621431000,360,360,353.9319,358.38,3695975
1621517400,358.98,361.95,353.35,359.78,1919583
1621603800,361.49,367.14,360.51,366.26,2657548
1621863000,367.32,369.72,365.51,368.29,1818182
1621949400,369.912,373.7696,364.09,364.51,2630979
1622035800,365,368.79,361.91,367.4,2121254
1622122200,371.33,373.5487,367.3,371.37,3897048
1622208600,372,373.07,368.26,372.02,2170561
1622554200,377.7,383.36,376.31,382.44,3644004
1622640600,383.33,384.665,379.37,383.44,2809704
1622727000,382.25,391.25,380.1349,388.72,3003860
1622813400,389.68,392.05,386.32,391.45,2514077
1623072600,393,393.2603,387.55,388.16,2188724
1623159000,385.79,386.4799,382.22,384.7,2452596
1623245400,383.16,384.27,378.88,382.78,2026166
1623331800,389.64,389.64,372.345,373.94,3900798
1623418200,375.7,378.75,375.11,378.05,2117305
1623677400,377.43,378.75,370.7,372.92,2560497
1623763800,373.5,374.84,367.16,371.3,2302905
1623850200,370.99,374.0788,365.25,371,3264194
1623936600,373.52,373.52,356.55,361.5,4146348
1624023000,356.52,358.38,348.125,348.83,6290084
1624282200,352.89,357.97,351.04,357.54,2717264
1624368600,357,359.88,352.64,357.53,1870813
1624455000,358.79,362.48,357.66,361.05,1713116
1624541400,363,370.88,362.78,368.75,2716625
1624627800,368.82,371.1499,364.54,368.77,2782436
1624887000,367.8,368.87,363.86,368.71,1833383
1624973400,374.86,378.09,370.7495,372.62,2365932
1625059800,370.9,380.11,370.9,379.53,2238381
1625146200,380.7,381.64,374.145,374.99,2571040
1625232600,376.31,376.6,372.42,374.16,1599595
1625578200,373.23,373.6313,365.405,369.86,2162885
1625664600,367.5,370.09,362.18,367.67,2012801
1625751000,359.69,362.89,355.5915,358.94,2940514
1625837400,366,372.15,364.95,371.76,2641825
1626096600,370.31,384,367.33,380.5,4135949
1626183000,381.06,385.33,372.01,375.98,6466774
1626269400,378.75,381.77,371.39,374.4,3295722
1626355800,371.24,378.75,370.57,373.35,2183883
1626442200,374.93,374.93,363.83,364.8,2583278
1626701400,354,355.19,349,354.72,4394635
1626787800,352.27,367.31,351.54,364.76,2937859
1626874200,368.04,374.9,367.93,373.5,2398848
1626960600,372.3,373.6938,368.45,372.71,1887130
1627047000,374.59,378,371.38,374.05,1707088
1627306200,373.18,376.6773,373.11,375.9,1559134
1627392600,372.5,375.14,369.22,374.84,1791771
1627479000,375.81,377.44,372.34,374.23,1668941
1627565400,377.03,379.51,374.81,377.55,1296615
1627651800,376.57,379.95,373.06,374.88,1474985
1627911000,376.17,386.93,375.75,378.19,2383212
1627997400,380.25,381.31,371.77,380.36,1494566
1628083800,378.48,382.6533,375.76,377.86,1460508
1628170200,380.15,384.31,379.95,384.3,1583780
1628256600,388.88,398.8599,388.64,397.89,3655764
1628515800,396.59,404.6,393.58,399.88,3319120
1628602200,400.12,410.63,399.5,407.97,3152266
1628688600,408.8,414.68,407.06,413.89,3000518
1628775000,414.38,418.62,410.56,415,2318873
1628861400,416,416.89,408.18,410.78,1980037
1629120600,408.99,408.99,402.15,408.35,1591335
1629207000,403.84,408.35,400.2,404.97,2077398
1629293400,402.6,406.11,398.59,398.8,2187776
1629379800,394.6,397.7337,390.91,393.57,2241689
1629466200,391.49,396.45,391,395.87,1612127
1629725400,401.89,404.1,399,401.45,1857603
1629811800,403.59,409.66,402.7,408.56,1958368
1629898200,409.9,416.68,408.94,413.12,1845260
1629984600,415.88,420.7297,411.1617,412.41,2076546
1630071000,412.78,419.85,412.5,419.69,2174684
1630330200,419.95,420.7599,412.715,413.6,2089407
1630416600,412.11,414.86,408.76,413.51,1958083
1630503000,413.16,416.11,410.31,413.66,1680365
1630589400,415.11,417.5786,412.64,414.5,1832271
1630675800,414,415.1199,410.6,411.31,1374128
1631021400,411,414.73,409.64,410.32,1558500
1631107800,409.22,410.98,404.7,405,1646164
1631194200,404.67,408.8799,403.51,404.58,2424949
1631280600,408,409.79,403.16,403.48,1955994
1631539800,407.41,409.37,403.8,409.26,1802781
1631626200,410.3,417.01,402.78,403.69,3263151
1631712600,398,403.61,396.21,401.95,3199766
1631799000,404.52,405.98,394.89,396.68,2882949
1631885400,396.32,399.16,388.83,391.46,3845123
1632144600,377.82,380.86,372.5,378.13,3834484
1632231000,380.85,381.5,374.08,375.84,2377286
1632317400,380.8,389.29,379.71,385.47,2991275
1632403800,390.39,393.74,388.18,391.86,2517987
1632490200,390.47,392.49,388.6,390.85,1789664
1632749400,396.58,401,395.18,399.81,2788509
1632835800,400.45,404.21,388.39,389.5,2608961
1632922200,390.68,392.39,384.3,384.89,1955033
1633008600,388,388.02,376.62,378.03,2668590
1633095000,379.44,382.72,375.845,380,2382303
1633354200,380.21,386.87,372.82,374.15,2895551
1633440600,378.1,388.22,375.5,385.81,2508430
1633527000,382.38,389.55,378.66,388.05,2111769
1633613400,392.91,397.85,389.76,390.62,2348003
1633699800,390.83,394.31,388.18,392.81,1446728
1633959000,392.9,396.95,385.02,385.24,1787360
1634045400,386.22,388.59,381.02,386.53,2088229
1634131800,388,388.3809,378.625,386.31,2392607
1634218200,392,393.66,382.2,391.2,3380905
1634304600,402.31,407.272,396.34,406.07,6451387
1634563800,408.01,415.94,407.6,413.69,3832324
1634650200,415.18,415.85,409.69,412.16,2568325
1634736600,411,414.33,406.195,407.89,2453437
1634823000,406.8,412.66,404.615,407.59,2162127
1634909400,409.99,415.36,409.1,414.32,2411032
1635168600,416.21,419.49,413.27,414.75,1824667
1635255000,416.37,419.81,413.76,417.61,1843341
1635341400,416.55,418.06,410.55,410.99,2067219
1635427800,412,414.92,409.06,414.82,1444653
1635514200,414.02,415.96,411.18,413.35,2061716
1635773400,417.07,418.73,413.248,416.7,1820782
1635859800,415.1,426.1582,412.79,423.85,3000776
1635946200,423.115,424,412.56,417.9,3542395
1636032600,414.65,415.99,403.028,408.07,3802336
1636119000,411.4,414.45,406.1,407.08,2105586
1636381800,409.89,413.65,407.96,408.34,1728354
1636468200,406.11,407.584,400.06,405.35,2246913
1636554600,402.33,405.55,397.245,399.12,2243941
1636641000,400.14,403.76,398.51,402.34,1252402
1636727400,403,405.1,399.2,404.91,1360058
1636986600,406,407.34,403.9149,404.81,1436452
1637073000,403.91,405.84,399,403.09,1310951
1637159400,401.85,402.65,391.47,391.55,2926990
1637245800,392.3,393.9202,385.68,391.37,1848941
1637332200,382.38,390.24,381.04,387.39,2611891
1637591400,393.16,402.49,390.18,396.16,3059658
1637677800,400.25,406.9559,397.51,406.34,2405701
1637764200,405,407.48,398.3,399.19,2186259
1637937000,384.48,391.71,382.715,389.39,2687915
1638196200,394,396.37,382.45,386.54,2883431
1638282600,383.53,386.83,377.26,380.99,4570434
1638369000,383.82,390.16,376.21,376.48,2477444
1638455400,378,389.09,376.03,387.54,3343716
1638541800,389.88,389.88,379.03,382.73,2807501
1638801000,388.67,393.5999,383.49,389.3,1990217
1638887400,393.58,401.75,393.06,400.11,2440999
1638973800,401.23,401.71,395.14,397.32,1635227
1639060200,395.7,400.1899,393,396.49,2111459
1639146600,398,398.86,388.66,391.06,1893761
1639405800,391.19,391.19,382.66,384.64,2313256
1639492200,383.56,392.5,383.26,388.82,2788459
1639578600,389.5,391.4,380.598,389.91,2802320
1639665000,395.13,399.84,391.8001,397.37,3578189
1639751400,389.21,393.67,380.63,381.8,7067987
1640010600,375.52,375.625,366.65,371.61,3735570
1640097000,376.43,382.085,374.76,380.32,2942812
1640183400,380.42,384.005,379.265,382.33,1487922
1640269800,383.79,387.61,383.57,385.04,1624168
1640615400,386.99,389.11,385.0001,388.04,1430760
1640701800,388.93,391.3328,386.235,387.61,1528340
1640788200,387.97,389.46,384.42,386.2,1327800
1640874600,387.75,389.7799,385.195,385.52,1160146
1640961000,385,387,380.835,382.55,1601272
1641220200,389,399.3,387.34,395.33,3338527
1641306600,402.23,410.28,401.18,407.48,3916412
1641393000,409.8,412.6599,397.89,398.63,3469627
1641479400,401,401.2,386.4332,396.93,2960923
1641565800,397.67,400.55,394.53,397.51,2360655
1641825000,401.32,404.37,394.215,399.17,3009436
1641911400,400.25,403.34,396.31,403.05,1748829
1641997800,403.24,404.12,388.56,390.31,4157980
1642084200,394.05,396.865,389.75,390.8,2497816
1642170600,382.13,384.39,375,380.94,4685335
1642516200,360.04,361.57,347.23,354.4,13140598
1642602600,358.34,359.7096,346.39,347.32,7426064
1642689000,348.9,357.1799,346.1372,348.1,4599934
1642775400,345.54,348.99,340.72,343.91,4904089
1643034600,337.32,344.07,326.23,343.39,6573835
1643121000,337.86,342.93,330.91,341.55,3959335
1643207400,346.6,350.48,338.4127,342.68,3745854
1643293800,345.67,348.77,337.72,341.03,2577150
1643380200,337.73,347.15,333.45,347.01,3714571
1643639400,344.6,355.21,343.44,354.68,3312350
1643725800,356.13,364.54,354.05,364.06,3303705
1643812200,363.5,368.53,357.83,363.06,2742362
1643898600,362.82,365.76,358.16,358.88,2372885
1643985000,362.17,370.95,361.02,367.6,3762311
1644244200,365.49,371.47,363.35,368.15,2635618
1644330600,371.08,372.65,366.25,370.1,3422322
1644417000,373,376.28,370.9,374.53,2250563
1644503400,371.71,377.4,368.83,370.57,2406181
1644589800,368.55,374.9,360.77,363.06,3142097
1644849000,363.06,364.29,357.1813,360.24,2585620
1644935400,364.09,365.89,361.36,363.94,1847145
1645021800,361.35,363.02,356.5308,360.05,2165268
1645108200,358.78,360.96,347.835,349.06,3102380
1645194600,345.57,350,343.37,346.04,2910900
1645540200,342.46,349,341.2,344.27,2590849
1645626600,347.57,349.26,339.82,341.19,2217335
1645713000,328.57,341,326.9471,340.19,4563974
1645799400,340.19,350.7,340.19,350.12,2980478
1646058600,340.25,343.84,337.55,341.29,4245655
1646145000,337.4,338.16,327.02,328.2,5631495
1646231400,331.6,338,327.4,336.38,3469857
1646317800,338.87,341.5,330.13,333.42,2393694
1646404200,327,330.66,324,329.67,3294826
1646663400,326.82,327.7892,320.85,321.89,3689854
1646749800,322.5,330.56,318.55,321.37,3596440
1646836200,331.68,337.465,330.03,333.59,3202098
1646922600,327.63,331.84,324.76,329.9,2232591
1647009000,334.37,336.61,326.71,327,2613505
1647264600,329.21,331.62,322.9,324.98,2342374
1647351000,327.07,331.9,324.84,329.16,2140675
1647437400,335.07,341.33,334.26,340.76,3468522
1647523800,337.37,343.595,334.9,343.27,2403730
1647610200,338.87,346.765,337.3,345.38,5861872
1647869400,345.26,346.3,337.15,339,3401215
1647955800,342.2,346.24,340.12,343.01,2840158
1648042200,340,340.83,335.13,335.61,2196798
1648128600,336.44,337.5,334.3,336.23,1944098
1648215000,337.43,341.83,335.48,337.49,1581392
1648474200,338.15,338.5,331.51,335.3,2182550
1648560600,342.47,344,336.73,339.66,2378721
1648647000,339,339.855,333.63,335.59,2650176
1648733400,336.13,336.5,330.1,330.1,2632043
1648819800,333.93,334.16,327.57,330.22,2444790
1649079000,330,331.87,325.86,328.21,2570807
1649165400,327.36,329.74,323.475,323.96,2573906
1649251800,320,320.615,315.75,316.26,3151265
1649338200,315,315.83,308.2,314.15,3562598
1649424600,313.58,323.679,313,321.39,3294183
1649683800,320.61,328.9,319.03,320.76,2747725
1649770200,321.68,327.12,318.01,319.78,2365242
1649856600,315.8,322.63,314.72,321.97,3022923
1649943000,328.47,333.03,319.0305,321.64,5460927
1650288600,320.65,332.66,320.65,329.88,3653413
1650375000,330.47,337.2,330.47,335.95,2774844
1650461400,338.1,344.9,337.5,341.06,3040082
1650547800,344.33,347.35,333.36,334.3,3097791
1650634200,332.31,332.5,319.47,319.77,3125194
1650893400,316.38,322.16,312.74,321.42,3093646
1650979800,317.95,321.6,312.8,313.12,2791654
1651066200,312.14,319.24,312.14,313.23,2469304
1651152600,317.12,319.36,312.15,318.41,2178499
1651239000,317.25,319.08,304.71,305.49,3129608
1651498200,305.81,311.37,302.21,310.42,2968062
1651584600,311.52,319.52,311.32,314.66,2606151
1651671000,315.83,324.8,312.17,324.11,2629439
1651757400,320.5,320.68,308.69,313.07,2622086
1651843800,312.28,313.71,306.0583,312.96,2375613
1652103000,308.92,313.77,304.98,308.89,3233951
1652189400,311.72,315.15,300.65,305.06,2798422
1652275800,305.06,310.91,301,301.55,2320564
1652362200,300,302.89,293.9,299.41,3408272
1652448600,303.63,309.63,303.57,306.99,2152474
1652707800,305.95,306.47,300.55,303.44,1569047
1652794200,309.87,314.315,308.13,312.97,2096198
1652880600,309,312.86,304.88,306.73,2033234
1652967000,303.82,309.99,303.39,308.2,2108751
1653053400,311.26,312.59,299.41,306.8,2201054
1653312600,312.72,321.83,311.07,316.61,2653032
1653399000,315.35,315.8,306.43,313.95,1870879
1653485400,311.25,317.6,309.98,314.9,1929450
1653571800,318.3,325.5,317.98,323.63,2440352
1653658200,326.75,328.67,323.19,328.58,2106682
1654003800,324.01,329.72,322.66,326.85,2722943
1654090200,327,329.27,315.83,321.85,2330155
1654176600,320.59,325.199,319.225,324.25,1957644
1654263000,320.88,322.5,317.5,318.68,1238861
1654522200,323,325.21,319.79,320.51,1099800
1654608600,318.28,321.84,316.6567,321.51,2516789
1654695000,318.34,319.545,312.8,314.68,1438114
1654781400,313.56,314.1441,304.02,304.22,2897621
1654867800,296.99,298.65,286.8504,287.02,3870274
1655127000,279,286.42,278.32,283.32,4218123
1655213400,284.33,289.1843,281.3,282.54,2487935
1655299800,287.16,294.48,284.17,290.07,2725792
1655386200,282.68,286.1299,279.15,284.98,2777306
1655472600,282.13,286.2599,278.15,279.79,5234356
1655818200,287.77,288.07,282.98,284.81,2506349
1655904600,282.29,286.01,281.04,284.54,2464716
1655991000,283.76,286.59,278.93,286.17,2547001
1656077400,291,303.13,290,302.75,3984332
1656336600,303.06,304.32,298.8784,300.78,2091675
1656423000,305.9,308.97,299.18,299.49,2329015
1656509400,303.37,307.44,299.91,303.28,2475949
1656595800,296.58,300.335,292.23,297.02,2669548
1656682200,295.27,300.33,291.7198,299.23,1749411
1657027800,293,297.35,288.36,297.2,2483079
1657114200,296.27,297.34,290.6,293.76,1774514
1657200600,297.66,299.07,293.6,298.6,2046455
1657287000,300.5,300.8916,295.07,296.47,1438883
1657546200,293.2,296.5399,291.875,293.18,1520253
1657632600,289.71,299.08,289.51,292.53,1772558
1657719000,290.51,291.1867,285.81,290.15,1884091
1657805400,284.24,284.24,277.84,281.59,3171949
1657891800,286.5,296.43,285.1536,293.87,3457630
1658151000,305.76,311.25,298.71,301.26,6767934
1658237400,303.59,319.14,303.5,318.05,5641124
1658323800,317.28,322.17,316.31,321.45,3489808
1658410200,320.51,327.16,319.845,326.54,2518823
1658496600,327.11,329.045,322.19,323.93,1830279
1658755800,325.97,327.2899,322.6,324.12,4024480
1658842200,321.77,324.29,317.76,318.55,2054744
1658928600,320.29,326.39,318.3786,324.54,2028448
1659015000,325.3,329.98,321.89,329.11,1820696
1659101400,329.5,335.18,329.5,333.39,2112387
1659360600,331.73,334.8,329.01,332.08,1476496
1659447000,329.5,331.83,327.22,327.88,1862939
1659533400,332.07,335.51,329.62,333.17,1770613
1659619800,333.28,334.3,330.62,331.87,1533372
1659706200,330.9,336.91,329.67,334.67,1876393
1659965400,337.11,338.84,334.34,334.68,1460469
1660051800,336.15,338.17,334.57,336.62,1587947
1660138200,341.36,349.7,341.35,347.91,2459505
1660224600,350,356.05,349.775,351.68,2361191
1660311000,353.44,354.56,350.146,353.82,2369177
1660570200,351,358.62,349.05,355.85,2045684
1660656600,352.99,356.468,352.02,354.97,1740922
1660743000,351.9,355.59,350.77,353.74,1576303
1660829400,352.66,355.1,350.86,354.52,1102200
1660915800,351,351.86,347.5,349.27,1812266
1661175000,342.44,344.53,340.76,342.42,1723896
1661261400,341.95,344.0725,339.03,340.18,1538005
1661347800,339.02,344.32,338.49,341.94,1530842
1661434200,344.45,346.86,342.11,346.49,1763878
1661520600,348.34,348.74,336,336.4,1703941
1661779800,333.92,336.4,332.01,333.92,1835640
1661866200,335,336.01,331.18,333.63,1830322
1661952600,331.55,335.14,329.68,332.67,2487973
1662039000,329.87,333.69,324.62,333.5,1575083
1662125400,334.68,340.315,329.97,331.48,2215460
1662471000,332.32,333.245,323.46,326.49,1578145
1662557400,324.25,332.155,323.25,330.56,1496739
1662643800,330.29,335.81,327.36,335.38,1755566
1662730200,337.98,341.03,337.03,340.1,1445701
1662989400,341.66,344.365,340.09,342.58,1563384
1663075800,336.08,336.52,326.83,328.39,2242113
1663162200,328.45,330.93,323.5,327.26,1953279
1663248600,328.73,335.28,327.59,331.62,1489400
1663335000,326.38,329,319.79,326.21,2946756
1663594200,320.57,329.29,320.54,328.66,1652686
1663680600,325.7,326.8,320.01,323.26,1569913
1663767000,324.92,329.79,320.63,320.71,1796654
1663853400,322.32,323.385,311.2,312.92,2239883
1663939800,307.55,309.79,297.46,301.97,2918467
1664199000,299,302.1,292.31,294.62,2308809
1664285400,297.5,299.15,288.6193,291.38,2007408
1664371800,294,302.41,292.46,300.79,2289657
1664458200,297.07,299.35,291.55,296.11,1930765
1664544600,296,301.09,292.7,293.05,1970815
1664803800,297.17,301.23,291.1,299.15,1938770
1664890200,306.8,315.16,305.875,314.87,2399524
1664976600,306.58,310.21,303.6,309,1992774
1665063000,307.39,309.08,303.4201,304.67,1367385
1665149400,304,305.15,299.15,301.08,1790105
1665408600,303.63,304.72,298.43,300.54,1309747
1665495000,298.01,302.52,293.92,294.21,2392772
1665581400,293.99,299.78,291.71,295.31,1763838
1665667800,290.42,308.755,287.75,307.07,2724865
1665754200,307.46,311.615,299.07,299.99,2398350
1666013400,304.41,311.62,304.14,306.71,3118594
1666099800,321.67,324.48,312,313.85,6428583
1666186200,312.61,314.79,308.0601,311.76,2363833
1666272600,312.1,316.05,309,310.81,2382314
1666359000,311,325.775,309.4939,325.1,3545738
1666618200,328.5,331.2363,325.85,328.7,2232767
1666704600,327.86,333.6,325.918,332.4,1837717
1666791000,334.52,338.67,334.14,335.69,2177102
1666877400,339.31,341.93,336.53,337.18,1998784
1666963800,338.52,342.58,336,341.82,1677052
1667223000,341.07,346.18,340.57,344.51,2224025
1667309400,345.13,348.69,343.77,348.58,2316558
1667395800,347.62,357.44,346.74,349.79,3224731
1667482200,347.5,350.67,342.59,348.87,2515632
1667568600,354,358.38,351.23,357.91,3172674
1667831400,360.01,362.96,358.5188,362.56,2526872
1667917800,362.3,367.19,361.46,364.02,3501332
1668004200,362.95,367.15,360.88,362,3047193
1668090600,370,380.43,369.744,378.31,3790378
1668177000,380,387,378.75,385.17,3409056
1668436200,384,387.3,380.5,382.36,2609338
1668522600,385.98,389.5781,380.65,382.88,3192390
1668609000,383.21,385.395,380.01,382.33,2303685
1668695400,377.15,381.72,375.01,379.78,2299419
1668781800,381.28,382.83,377.39,379.2,2384735
1669041000,378.9,380.77,375.42,380.21,1877529
1669127400,381.4,385.825,381.4,383.87,2019816
1669213800,383.9,388.2,383.41,386.25,1865756
1669386600,385.76,389.44,385.18,388.86,1129250
1669645800,385.43,388.39,380.89,382.36,2232764
1669732200,381.13,384.93,379.26,383.71,1746942
1669818600,382.5,386.15,375.1,386.15,2964127
1669905000,386.5,386.5,380.45,383.81,1706386
1669991400,381.52,382.52,378.4,380.58,1932530
1670250600,378.55,378.87,369.31,371.54,2329570
1670337000,369.48,370.37,360.33,362.91,3081920
1670423400,362.49,365.3,358.15,359.92,2128204
1670509800,362.03,362.59,356.055,358.08,1967822
1670596200,356.71,361.64,356.2138,359.14,1588812
1670855400,358.57,364.01,356.34,363.18,1750370
1670941800,374.63,378.56,365.51,368.69,3062618
1671028200,367.01,368.825,359.45,360.38,2519710
1671114600,354.48,356.105,347.94,349.83,3164047
1671201000,345.08,347.78,343.4056,346.35,5008921
1671460200,346.27,348.3983,342.63,344.61,1646653
1671546600,345.99,347.42,343.49,344.49,1622994
1671633000,348.26,350.88,346.89,350.16,1923118
1671719400,347.16,348.05,339.88,345.58,1529264
1671805800,344.84,347.76,343.11,345.51,1062061
1672151400,346.51,347.75,341.79,341.97,1035110
1672237800,340.5,342.847,339.3,340.87,1117275
1672324200,342.44,344.64,341.2396,343.43,1273551
1672410600,341.74,343.69,339.4,343.38,1031535
1672756200,345.5,348.6,342.805,346.22,1589777
1672842600,348.03,350.31,345.0783,347.7,1880985
1672929000,344.25,345.14,340.14,343.76,1397960
1673015400,347.3,349,340.945,348.08,3097817
1673274600,351.88,356.5,349.5,353,1989134
1673361000,352.64,357.5,350.5,357.36,1610302
1673447400,358.87,365.5,356.21,364.48,2127013
1673533800,366.24,370.1,362.57,369.94,2103065
1673620200,363.49,374.35,362.355,374,3310238
1673965800,364.8,366.79,344,349.92,14448267
1674052200,348.32,354.79,347.8,349.09,5585162
1674138600,346.03,352.16,345.5201,350.75,3100606
1674225000,349.87,352.25,338.21,341.84,11247154
1674484200,341.67,349.56,336.1583,349.14,4915671
1674570600,340,350.3,340,348.33,2371973
1674657000,344.75,349.955,343.9,349.63,1985154
1674743400,351.73,355,349.52,354.97,1919172
1674829800,351.95,355.99,351.83,353.7,2427638
1675089000,353.29,362.33,352.4,357.46,3184633
1675175400,359.16,365.92,356.86,365.81,2311684
1675261800,359.1,368.94,358.76,365.71,2889433
1675348200,368,372.89,364.5501,369.47,2619577
1675434600,365.62,374.57,365.44,369.95,2243051
1675693800,369,371.2552,365.78,370.8,1816448
1675780200,368.17,376.31,367.34,374.4,2205581
1675866600,372.92,378.35,371.98,375.1,1893223
1675953000,377.04,379.68,367.8,367.99,2052544
1676039400,367,372.23,364.555,371.28,1933370
1676298600,369.09,375.06,368,374.02,1570700
1676385000,373.94,377.05,369.38,371.78,2155712
1676471400,368.74,374.365,368.25,374.34,1687569
1676557800,370.75,374.25,368.8001,370.2,1947985
1676644200,368.05,371.06,366.86,368.5,1857335
1676989800,366.72,366.72,360.09,361.12,2403029
1677076200,361.63,363,358.041,360.89,2203940
1677162600,363.2,367.88,359.61,363.54,1931502
1677249000,360.17,365.18,359.53,363.85,2428661
1677508200,368.22,370.3,364.505,365.53,2842388
1677594600,366,366.01,351.33,351.65,4945557
1677681000,349.39,352.54,345.96,346.23,2717354
1677767400,343.99,349.78,340.49,349.1,3260264
1677853800,350.64,357.77,349.56,357.09,2396334
1678113000,358.06,358.86,353.73,357.05,1614160
1678199400,355.55,356.2,345.625,346.08,2048530
1678285800,346.19,349.69,345.17,349.29,1584632
1678372200,349.2,354.29,341.05,342.09,3177787
1678458600,338.87,339.93,326.03,327.67,4559749
1678714200,319.67,326.11,314.54,315.51,5660696
1678800600,324.77,326.38,318.945,322.15,3785873
1678887000,310.77,312.51,304.41,312.19,6596697
1678973400,309,318.32,304.92,315.09,4402043
1679059800,310.09,310.405,301.8731,303.54,6369764
1679319000,306.78,312.2,306.255,309.53,3963653
1679405400,317.62,320.32,315.35,317.28,3242359
1679491800,317.28,322.2206,313.49,313.67,2505909
1679578200,315.21,321.355,312.64,314.85,2585854
1679664600,310.15,312.75,305.36,312.57,2457182
1679923800,318.62,320.9,317.17,318.53,2300622
1680010200,319.09,320.605,316.12,318.44,1224463
1680096600,322.5,322.71,318.68,320.72,1475911
1680183000,324.56,324.87,319.88,321.14,1456528
1680269400,323.47,327.33,322.42,327.11,2281101
1680528600,326.14,328.98,323.155,326.52,1808836
1680615000,326.82,326.87,320.12,322.65,1536818
1680701400,319.62,322.2,319.37,321.53,1329340
1680787800,320.38,323.225,319.98,322.4,1310998
1681133400,322.4,324.99,321.31,324.96,1114386
1681219800,326.05,329.2,323.665,327.37,1559582
1681306200,331.72,332.07,327.18,330.24,1862442
1681392600,330.08,332.94,327,332.13,1765454
1681479000,336.53,339.63,334.32,336.92,2275657
1681738200,336,340.45,333.68,339.68,3012148
1681824600,328,336.55,326.13,333.91,7549535
1681911000,332.98,336.99,331.6703,336.89,2625397
1681997400,334.95,339.31,334.32,338.71,2218025
1682083800,339,342.3599,336,341.66,2278870
1682343000,341.99,345.06,341.53,343.96,1966254
1682429400,341,343.47,338.33,339.48,2138164
1682515800,337.58,340.6,334.64,336.56,2042094
1682602200,340.14,343.36,338.76,341.6,1768168
1682688600,340.05,344.1,339.7,343.44,1714119
1682947800,344.05,347.46,340.365,340.57,1375028
1683034200,339.01,339.89,330.0013,333.37,2397583
1683120600,332.36,334.83,328.25,328.65,1825366
1683207000,325.95,326.98,318.56,321.26,2965114
1683293400,325.06,327.8691,322.42,327.02,2413384
1683552600,329.64,330.3,325.67,326.51,1607368
1683639000,325.04,327.1799,323.295,324.77,1253285
1683725400,329.92,329.92,319.08,322.55,1752373
1683811800,319.66,321.94,318.18,320.72,1515390
1683898200,322.04,323.22,317.3201,319.5,1099060
1684157400,320.42,323.25,318.06,322.07,1178249
1684243800,322.5,323.07,320.495,320.81,1618975
1684330200,322.66,330.39,322.66,330.18,2098260
1684416600,330,330.6,325.66,329.58,1645540
1684503000,330,331.95,324.79,326.15,1546149
1684762200,326.15,327.34,322.43,324.92,1499004
1684848600,323.6,327.14,322.81,323.57,1551084
1684935000,320.39,321.9,318.8,319.81,1439076
1685021400,318.92,325.18,318.8,323.88,1618646
1685107800,324.72,332.87,324,332.01,2718654
1685453400,332.08,332.53,327.725,330.83,1998762
1685539800,326.07,327.25,321.815,323.9,2938032
1685626200,324.51,324.675,314.02,316.4,3339733
1685712600,318.235,325.2699,317.0491,323.65,3987763
1685971800,322.93,323.485,320.32,321.81,1595261
1686058200,322.43,328.07,321.4,326.8,1495628
1686144600,327.64,337.84,326.32,335.75,3382887
1686231000,335.36,336.33,331.34,335.47,2010162
1686317400,335.21,336.2,332.54,336.02,1703003
1686576600,338.44,340.09,336.35,339.49,2291289
1686663000,340.2,345.28,339.45,342.5,1772383
1686749400,344.78,347.73,337.23,338.42,1819396
1686835800,337.32,344,335.695,339.74,3322660
1686922200,341.38,341.4,337.1101,338.31,4544941
1687267800,335.32,335.38,329.23,330.72,3208987
1687354200,328.45,329.9999,324.92,325.07,2158659
1687440600,323.69,324.26,319.01,319.58,2412217
1687527000,316.56,317.71,314.07,314.71,2612014
1687786200,315.13,316.64,312.17,312.36,2480985
1687872600,312.41,315.68,310.56,313.45,2156849
1687959000,311.72,314.9,310.685,313.66,2423479
1688045400,317.85,325.5,316.25,323.09,3553574
1688131800,325.82,326.03,322.45,322.54,2361843
1688391000,322.41,329.4,322.41,326.61,1106831
1688563800,323.95,324.61,319.63,320.05,2561728
1688650200,318,318.64,312.84,313,2897815
1688736600,313.2,317.365,312.7,315.17,2903136
1688995800,316.67,320.08,316,316.47,1775938
1689082200,318.83,321.04,314.58,320.88,2042581
1689168600,324.58,333.3499,324.25,326.4,2741432
1689255000,327.35,329.28,325.6901,328.68,2787765
1689341400,331.99,332.475,325.02,326.19,1815195
1689600600,325.89,327.4899,324.36,327.2,1778480
1689687000,327.3,338.25,327.3,337.27,3899130
1689773400,338,345.88,331.3,340.55,6037364
1689859800,339.16,351.68,339.16,350.86,3915002
1689946200,351.78,355.08,346.7818,351.96,3217355
1690205400,352.83,361.62,352,358.93,3517526
1690291800,357.42,360.82,353.98,354.7,2892975
1690378200,354.49,360.26,354.28,357.56,2281562
1690464600,358.13,360.535,354.17,354.51,2010761
1690551000,356.11,356.5,351.61,353.23,1827589
1690810200,354.88,357.2,354.02,355.87,1385712
1690896600,354,357.87,353.39,357.72,2024407
1690983000,354.99,354.99,348.87,351.1,2107550
1691069400,349.99,355.2099,348.62,353.16,1840492
1691155800,353.34,358.73,352.51,353.22,1725271
1691415000,355.4,357.67,353.92,355.56,1260463
1691501400,351.7,352,342.03,348.26,1917387
1691587800,346.82,348.455,342.49,342.69,1326159
1691674200,344.07,347.26,339.8,340.4,1345914
1691760600,339.93,341.79,337.55,340.73,1256837
1692019800,337.41,338.45,334.86,337.74,1347039
1692106200,333.3,334.03,330.48,332.21,1657764
1692192600,330.54,332.92,328.97,329.11,3340306
1692279000,330,333.99,324,327.52,3135291
1692365400,324.32,327.62,323.195,324.93,1730485
1692624600,325.39,326.39,319.39,322.06,1983723
1692711000,322.48,322.64,318.31,318.79,1810287
1692797400,320.62,322.45,318,322.33,1429147
1692883800,322.15,327.49,319.51,319.96,1185557
1692970200,320.8,322.7199,318.1901,320.15,1159572
1693229400,321.34,326.6,321.34,325.97,1440275
1693315800,325.56,332.7,324.68,332.55,1831735
1693402200,330,331.91,327.65,328.58,1131451
1693488600,329.41,330.49,325.9575,327.71,1271233
1693575000,329.67,331.62,326.205,327.4,1201407
1693920600,327.34,328.48,322.625,323.75,1846007
1694007000,322.31,324.14,319.305,321.13,2120866
1694093400,320.62,324.22,320.13,321.96,1471138
1694179800,321.92,325.97,321.659,325.52,2026803
1694439000,328.26,330.1499,324.29,324.65,1283102
1694525400,324.01,335.28,324,330.9,2054652
1694611800,333.5,337.01,330.82,334.98,2164992
1694698200,339,345.12,336.85,344.57,2822721
1694784600,345.15,346.19,341.8586,342.54,3063887
1695043800,342.54,344.26,339.27,343.32,1356719
1695130200,343.46,344.97,337.97,341.89,1660396
1695216600,342.61,343.8029,336.2901,336.7,1225777
1695303000,334.5,334.6925,330.08,330.24,1685328
1695389400,330.1,331.5399,326.83,327.89,1669558
1695648600,327.07,329.285,325.28,328.84,833525
1695735000,325.61,327.43,322.42,323.82,1481824
1695821400,324.98,325,318.98,321.95,1493003
1695907800,320.21,326.84,320.21,325.2,1389644
1695994200,327.2,327.96,322.27,323.57,1403878
1696253400,322.03,323.58,317.1,318.5,1303821
1696339800,315.27,315.68,304.39,306.12,3118598
1696426200,304.85,309.06,303.48,308.6,1872003
1696512600,307.36,310.55,304.2075,310.5,1584764
1696599000,308.11,315.32,307.17,312.48,1595270
1696858200,308.9,313.4761,308.37,312.61,1094602
1696944600,314.47,316.85,312.29,314.77,1194030
1697031000,315.43,316.63,311.6,313.02,1672491
1697117400,314.15,314.25,308.02,309.85,1727714
1697203800,312,316.18,308.174,309.3,1785777
1697463000,313.18,315.9,310.25,314.39,2273906
1697549400,313.38,316.18,305.91,309.36,4122960
1697635800,307,307.22,301.48,301.96,3460269
1697722200,301.96,305.336,298.63,299.19,3211804
1697808600,298.5,303.25,298.1,300.05,2328977
1698067800,298.29,303.55,298.19,299.22,2959982
1698154200,300,303.1,299.08,299.18,1697300
1698240600,298.6,300,295.03,296.76,1809273
1698327000,296.96,300.14,294.7801,296.99,2011172
1698413400,297.55,298.27,289.3568,289.91,2601664
1698672600,293.45,301.81,293.29,300.83,3065158
1698759000,301.68,304.29,300.7,303.61,2611046
1698845400,303.33,308.25,302.8371,307.16,2345370
1698931800,309.69,314.54,308,313.76,2596968
1699018200,318.46,329.33,317.93,327.62,3742027
1699281000,326.66,328.9,322.1,323.91,2087563
1699367400,322.13,326.39,321.29,323.95,1504999
1699453800,323.95,326.66,323.67,324.56,1484489
1699540200,326,326.65,319.66,320.78,1788040
1699626600,323.32,326.06,321.65,325.51,1781440
1699885800,324.16,328.72,323.53,326.91,1403320
1699972200,333.53,341.775,332.47,338.72,3592920
1700058600,339.9,341.08,335.3407,337.6,2534619
1700145000,337.76,339.75,335.01,336.67,1620383
1700231400,339.5,340.45,338.12,339.19,1465594
1700490600,340,341.315,337.5,339.45,3149459
1700577000,338.36,339.09,334.55,334.97,1901001
1700663400,336.94,338.91,335.37,338.64,1235402
1700836200,338.8,340.27,337.64,339.15,460100
1701095400,339.19,340.02,335.74,337.71,1250571
1701181800,337.38,338.3999,334.87,337.65,1418976
1701268200,337,343.53,336.51,340.26,2038124
1701354600,341.68,344.755,340.09,341.54,1903754
1701441000,341.46,348.89,340.42,348.43,3623292
1701700200,346.3,350.49,345.29,349.39,2178216
1701786600,346.6,346.8337,340.54,341.75,2429702
1701873000,343.51,347,341.6,341.97,1869436
1701959400,343.71,344.69,342,344.62,2162631
1702045800,344.31,352.29,343.7758,350.83,2239001
1702305000,351.44,353.03,349.05,351.76,1635961
1702391400,351.41,353.9956,349.58,352.61,1597669
1702477800,352.94,362.85,351.6,362.73,2876467
1702564200,366.5,386.2,365,383.47,5376303
1702650600,380.19,385.895,379.32,380.51,4522310
1702909800,381.26,382.76,375.91,376.4,2741011
1702996200,376.01,383.769,374.545,382.45,2091787
1703082600,380.73,385.13,377.25,377.52,1836529
1703169000,380.05,381.49,377.01,380.57,1301713
1703255400,382,383.4896,379.41,380.65,1538183
1703601000,380.65,382.61,380.05,381.61,837409
1703687400,381.2,385.75,380.31,384.48,1367219
1703773800,384.52,387.76,383.63,386.41,1024818
1703860200,385.57,386.64,383.57,385.77,881319
1704205800,383,389.14,382.19,388.3,2263330
1704292200,383.88,385.395,376.7633,381.79,2265306
1704378600,383.55,387.0899,381.95,382.95,1618314
1704465000,381.92,389.47,381.08,386.44,2913924
1704724200,385.97,389.08,382.025,388.86,1902568
1704810600,384.6,385.95,381.77,383.74,1708765
1704897000,381.35,383.05,378.53,381.96,1547381
1704983400,380.89,380.98,374.68,379.75,2209933
1705069800,383.34,385.845,376.58,377.75,2223834
1705415400,378.36,385.01,374.32,380.45,3926571
1705501800,375.2,380.2,374.13,377.18,2415333
1705588200,380.33,381.64,374.56,376.91,1771217
1705674600,376.73,383.3,372.07,382.2,2603278
1705933800,386.36,392.73,384.56,385.96,2922749
1706020200,379.98,383.36,378.625,380.77,3313294
1706106600,381.81,384.61,379.18,379.4,2235811
1706193000,382.69,386.7099,382.01,382.7,2376324
1706279400,378.65,380.9,376.75,377.79,3464718
1706538600,375.89,380.84,374.24,380.56,1632534
1706625000,384,387.92,381.59,386.87,3897864
1706711400,386,393.9099,383.7,384.01,3421105
1706797800,384.43,389.54,378.8,383.85,2138452
1706884200,381.8,388.74,380.6,387.86,2180892
1707143400,384.6,385.33,381,383.02,2231062
1707229800,383.02,386.8218,383,384.99,1488144
1707316200,385.31,387.07,382.5,386.66,1963216
1707402600,386,388.11,381.34,385.04,1913833
1707489000,384.77,386.13,382.585,384.26,2028204
1707748200,385,396.35,384.32,392.64,2797421
1707834600,387.59,389.16,375.2,378.75,3030784
1707921000,380.88,381.48,375.775,378.04,2041326
1708007400,379.42,387.21,379.14,385.42,2218890
1708093800,383.24,387.58,380.945,384.44,2376824
1708439400,380.95,385.575,380.85,384.52,2358977
1708525800,381.84,388.6599,381.263,388.27,1773121
1708612200,389.23,395.6,389,390.47,2326776
1708698600,390,396.79,389.21,391.05,2247640
1708957800,391.05,396.06,388.82,390.22,1797790
1709044200,392.26,395.9,389.33,390.81,1725071
1709130600,387.19,393.26,387,393.18,2572859
1709217000,395.22,395.98,385.67,389.05,3139123
1709303400,389.63,391.04,385.25,388.1,1573017
1709562600,388.81,396.57,386.2,392.25,1955263
1709649000,390.72,397.49,390.31,390.91,2697770
1709735400,395,395.29,384.52,389.57,2692376
1709821800,391.9,394.51,387.06,388.43,2033080
1709908200,388.73,395.62,386.71,386.99,1657387
1710163800,385.67,386.41,381.42,386.16,1654403
1710250200,387.62,389.13,383.78,388.18,1703880
1710336600,388.91,395.25,388.18,392.31,2370677
1710423000,394.43,396.38,385.45,388.61,3029744
1710509400,388.87,391.13,386.4,387.21,3763948
1710768600,388.65,389.03,383.41,384.37,2069030
1710855000,384.07,390.78,383.705,388.66,1858220
1710941400,386.36,396.5,386,396.47,2157408
1711027800,399.77,414.0248,399.09,413.71,4613791
1711114200,414.4,416.76,405.78,406.82,2190278
1711373400,406.87,410.46,403.86,404.94,1683977
1711459800,406.09,409.33,404.52,406.18,1406974
1711546200,409.62,415.49,408.37,415.25,2353629
1711632600,416.21,419.2,414.98,417.69,2409718
1711978200,416.68,417.95,412,413.51,1863918
1712064600,410.74,413.17,407.615,410.15,1976056
1712151000,411,416.63,411,414,1549242
1712237400,418,419,405.7,406.25,1704684
1712323800,406.56,409.135,401.47,408.07,1694860
1712583000,409.1,412.525,407.55,410.54,1181923
1712669400,411.51,413.2212,407.05,410.71,1247834
1712755800,404.01,405.45,397.29,400.76,1903250
1712842200,400.48,401.47,394.84,397.48,2176231
1712928600,392.84,394.09,387.12,389.49,2815758
1713187800,407,412.865,398.69,400.88,6176998
1713274200,404.45,404.97,395.18,396.86,3459728
1713360600,402.4,407.12,401.18,403.91,4373757
1713447000,405.49,407.86,402.41,403.11,2776465
1713533400,404.06,408,403.01,404,2805466
1713792600,406.94,417.9799,404.57,417.35,4165569
1713879000,417.71,425.35,416.2,424,2662338
1713965400,421.5,424.58,419.61,423.04,1575931
1714051800,420.99,423.61,414.85,420.05,1970127
1714138200,420.23,428.53,419.64,427.57,2322674
1714397400,427.57,433.33,427.2,430.81,2456938
1714483800,428.5,431.39,426,426.71,1830134
1714570200,426.69,433.43,425.19,426.95,2313676
1714656600,431.2,433.65,428.1689,432.57,2087512
1714743000,435,442.3,434.92,438.18,2406445
1715002200,441.75,444.3778,439.68,443.67,1914307
1715088600,445.17,447.42,442.87,443.8,2058336
1715175000,442.8,448.02,442.05,446.95,2006896
1715261400,446.34,456.43,446.34,455.56,2710171
1715347800,456.52,458.75,454.32,454.73,1823943
1715607000,456.27,457.2,453.32,453.56,1579582
1715693400,454.84,461.765,454.01,458.47,2412856
1715779800,461.59,466.19,460.945,466.09,2217704
1715866200,464.37,468.25,462.277,464.52,2070276
1715952600,466.38,468.6594,464.25,467.72,1656079
1716211800,468.2,471.48,462.6,462.94,2591495
1716298200,462.23,471.305,462.2,470.41,2762730
1716384600,467.36,470.33,459.75,462.38,2729478
1716471000,464.23,464.31,457.41,458.15,2254680
1716557400,459.84,465.25,459.1,461.18,1932470
1716903000,459.94,463.69,458.91,459.81,1930788
1716989400,454.84,458.74,451.65,457.17,2315691
1717075800,453,455.86,447.6,450.23,2135290
1717162200,449.76,456.77,448.12,456.52,2638347
1717421400,458.87,458.87,450.2,454.98,1930715
1717507800,450.5,457.71,449.21,455.3,1834972
1717594200,457.55,463.015,457.5,461.68,1678887
1717680600,461.82,464.52,457.01,458.1,1597964
1717767000,455.44,461.16,454.5,454.91,1736189
1718026200,452.33,455.36,450.3,453.55,1698631
1718112600,451.04,451.855,443.38,444.27,1938237
1718199000,455.6,457.64,446.19,448.7,1733049
1718285400,446.73,448.32,442.15,446.35,1849094
1718371800,441.99,448.23,439.15,446.46,1559064
1718631000,445.1,450.78,443.39,450.18,1532262
1718717400,449.57,457.69,448.51,457.43,1798377
1718890200,458,460.41,455.24,458.05,2080573
1718976600,458.68,458.8,449.9,450.18,3919230
1719235800,451.25,463.52,450,462.09,1882184
1719322200,459.46,464.08,456.75,457.38,1633414
1719408600,455.41,457.93,452.45,455.86,2131737
1719495000,449.78,449.78,442.8,445.96,2835198
1719581400,450.1,457.34,449.53,452.32,3839657
1719840600,454.51,464.02,454.01,463.66,1850463
1719927000,461.51,466.27,459.6,465.61,1491787
1720013400,469.04,469.8899,465.82,467.92,993915
1720186200,467.47,467.58,460.13,464.75,1594040
1720445400,467.65,474.86,464.04,464.82,2214374
1720531800,465.6,479.3,461.58,472.83,4525354
1720618200,472.51,479.86,469.85,478.89,1946041
1720704600,480,483.16,476.27,479.23,2252304
1720791000,480.93,483.44,478.1,479.88,2727751
1721050200,480.25,493,476.307,492.23,3568195
1721136600,494,506.59,491.99,503.02,3981658
1721223000,503,509.475,499.43,502.18,3909113
1721309400,499.52,503.69,484.22,486.21,3320237
1721395800,489.12,492.6,483.19,484.93,2032670
1721655000,484.56,489.47,482.3808,487.04,1792477
1721741400,487.08,495.81,486.28,492.15,2020493
1721827800,489.26,495.99,485.82,486.7,1598598
1721914200,486.05,496.11,483.23,491.71,1489796
1722000600,495.72,504,495.65,499.03,2249857
1722259800,500.42,502,491.0601,492.72,1599475
1722346200,498.31,509.47,498.3,505.67,2642528
1722432600,504.86,517.26,504.86,509.03,2658903
1722519000,510,514.0191,494.68,500.12,4006779
1722605400,491.1,494.46,467.21,470.64,6115462
1722864600,447.59,463.183,437.37,459.02,4177225
1722951000,461.01,475.25,457.43,470.22,2209283
1723037400,479.39,488.55,472.57,473.01,2587633
1723123800,477.87,487.725,477.155,485.77,1936684
1723210200,485.02,492,482.2,490.26,1622719
1723469400,490.26,492.87,483.75,485.5,1839468
1723555800,490.29,493.27,486.47,491.94,1243798
1723642200,492.9,499.35,488.4,498.7,1545768
1723728600,505,506.91,498.26,499.02,1732298
1723815000,497.05,504.905,497,504.26,1587216
1724074200,505,507.78,501.86,504.68,1028042
1724160600,503.87,504.1557,496.5,497.34,2122653
1724247000,499.5,500.78,494.0325,496.46,917087
1724333400,497,499.7,494.79,497.75,944020
1724419800,502.75,512.44,499.845,509.42,1751832
1724679000,512.34,513.5,505.32,507.87,1084335
1724765400,507.84,511.4797,506.59,507.26,977917
1724851800,506.6,508.37,498.47,503.33,1568072
1724938200,506,513.24,501.14,510.1,1566250
1725024600,507.83,511.185,505.17,510.25,1839064
1725370200,507.47,509.7,485.4,487.46,2373571
1725456600,486.7,496.195,486.7,490.64,1509436
1725543000,493.58,495.768,483.07,487.88,1828331
1725629400,486.6,495.41,477.06,479.61,1995561
1725888600,485.53,494.28,483.3895,488.57,1714183
1725975000,489.13,489.2,461.57,467.13,3583073
1726061400,463.98,471.89,457.48,471.17,2426457
1726147800,471.3,474.34,465.4,474.06,1482197
1726234200,475.99,482.1,475.5,478.99,1794645
1726493400,481.43,487.38,479.49,485.16,1500456
1726579800,488,489.73,481.8,485.39,1444884
1726666200,485.4,492.99,481.7737,484.58,1699498
1726752600,494.74,506.41,493.46,503.83,3060671
1726839000,500.19,502.05,495.475,498.43,4452617
1727098200,498.21,501.4,495.2201,497.41,953191
1727184600,497.59,499.56,494.1,498.02,1035466
1727271000,498.5,502,490.395,491.14,1763943
1727357400,494,498.4,492.48,496.92,1378145
1727443800,498.97,505.4,495.86,498.51,1420298
1727703000,494.89,496.515,488.9,495.11,1603079
1727789400,494.575,494.575,484.61,490.17,1528568
1727875800,491.17,494.85932,487.95,491.99,1445116
1727962200,489.93,490.505,484.2,486.1,1290719
1728048600,495.64,496.31,486,495.16,1721821
1728307800,494.63,499.01,490.79,494.62,1173326
1728394200,497,498.34,492.78,496.57,1296762
1728480600,498.2,506.27,495.25,505.18,1695949
1728567000,506.31,506.8,499.59,503.72,1309042
1728653400,508,517.97,507.8,516.3,2409660
1728912600,517.65,523.07,515.51,522.75,2174891
1728999000,538.8,540.51,515.51,522.38,4525395
1729085400,530,536.22,525.975,529.86,2649018
1729171800,531.24,535.29,528.23,529,2123514
1729258200,529.39,530.765,526.87,528.5,1779315
1729517400,528,529.85,517,517.8,1752085
1729603800,515.61,519.63,512.94,518.3,1587978
1729690200,515.8,520,513.4,517.2,1263151
1729776600,519,525,518.2001,524.5,2058176
1729863000,528.05,528.8,510.74,512.6,1633203
1730122200,515.4,524.59,514.975,523.58,1687386
1730208600,521.18,527.24,521,524.28,1281786
1730295000,523.4,530.785,523.07,524.4,1441947
1730381400,522.44,525,514.5301,517.79,2061658
1730467800,520,526.64,517.04,519.35,1625284
1730730600,518,518.05,510.51,511.47,1798045
1730817000,513,527.46,512.6,526.96,2169936
1730903400,567.3,598.605,566.1,595.98,8042841
1730989800,590,595,581.5232,582.17,4475600
1731076200,586.42,595.15,581.3,589.26,2713956
1731335400,598.9,607.15,596.165,602.34,2510802
1731421800,598.05,602.09,591.47,592.59,2392850
1731508200,594.63,603.5499,592.65,594.22,1763195
1731594600,600,601.53,586.24,588.61,1670468
1731681000,593.36,595.14,587.09,593.54,2007812
1731940200,594.71,595.07,584.715,587.99,1857601
1732026600,579.66,584.7637,575.51,581.38,2217724
1732113000,583.83,587.8,576.62,581.93,1528869
1732199400,586.51,600.7,584.51,596.11,2282297
1732285800,596.22,603.94,594.44,602.78,1733996
1732545000,608.79,611.3,598.83,603.03,2940763
1732631400,600.13,607.19,593,605.5,2846937
1732717800,607.68,612.25,603.275,605.43,1424558
1732890600,609.31,612.7299,607.0641,608.57,1170180
1733149800,608,611.91,601.3,601.71,1804365
1733236200,608.96,611.42,600.8,602.08,1718093
1733322600,603,604.277,596.76,598.71,1617529
1733409000,600.53,606.56,596.35,596.8,1672772
1733495400,597.16,600,594.37,599.68,1405677
1733754600,598.99,602.9999,593.72,594.12,1633266
1733841000,590,596.27,583.76,585.03,2600805
1733927400,590.12,593.71,586.9,592.56,2195314
1734013800,592.59,596.3202,588.61,591.61,1218538
1734100200,594,595,585.08,585.48,1215371
1734359400,588,588.27,578.7,586.33,1713320
1734445800,580.84,581.61,572.2922,574.68,2314490
1734532200,577.49,579.4679,544.49,550.25,3271563
1734618600,561.44,567,553.6,553.99,2755784
1734705000,554.94,572.9,553.38,566.1,4515921
1734964200,565,571.64,561.8,570.78,1519949
1735050600,574.2,582.79,571.36,582.79,913403
1735223400,578.15,582.59,577.5,581.23,1092220
1735309800,577,581.9599,571.35,576.18,1486184
1735569000,567.27,576.0199,565.1,573.55,1265884
1735655400,575.07,576.92,570.395,572.62,1055809
1735828200,579.31,584.31,569.74,574.97,2219170
1735914600,581,582.14,571.7301,580.13,1422989
1736173800,584.98,593.65,579.815,583.39,2257017
1736260200,587.11,588.28,568.4,580.12,2021921
1736346600,581.04,581.1975,572.67,580.02,1513364
1736519400,576.25,576.25,558.01,560,2817887
1736778600,557.88,566.1934,556.76,562.95,1871155
1736865000,569.66,573.59,565.2,571.53,2221922
1736951400,598,609.41,593,605.92,5119840
1737037800,609.99,616.84,606,612.99,3224496
1737124200,617.8,627,613,625.94,3425198
1737469800,616.81,635.43,609,634.74,5076701
1737556200,633.44,635.6,629.7073,632.73,2835655
1737642600,634.92,645.5381,634.4922,639.5,2582717
1737729000,630,640.6,628.9599,636.9,3183456
1737988200,625,635.705,624.46,633.28,3351650
1738074600,632.2,639.08,631.81,637.8,2338364
1738161000,637,649,636.41,637.38,1918882
1738247400,644.49,649.52,641,645.7,1812825
1738333800,650,650,637.44,640.4,1996221
1738593000,626,638.48,622.48,632.37,2102578
1738679400,632,637.665,629.09,634.18,1743840
1738765800,638,646.4094,635.53,645.45,1908212
1738852200,650,658.85,648.9401,658.22,2439237
1738938600,659.4,663.87,653.16,655.9,2616865
1739197800,659.02,662.49,644.25,650.53,2351792
1739284200,646.78,649.035,643.599,647.24,2711608
1739370600,643.76,650.47,639.105,649,2295969
1739457000,651.83,652,640.5101,648.95,2031807
1739543400,650.32,663.2599,650.32,660.55,2246279
1739889000,662.59,672.19,661.02,672.19,2350419
1739975400,669.08,671.04,663.28,668.15,1953895
1740061800,668.03,670.28,631.655,642.26,3929024
1740148200,644.75,647.5,623.435,625.6,3000779
1740407400,633.51,637.3,614.8,626.14,3274124
1740493800,628.53,631.32,606,614.91,2885947
1740580200,616.67,623.133,615.2,617.77,2001201
1740666600,617.54,625.23,607.31,608,2396289
1740753000,607.79,623.65,604.01,622.29,3337195
1741012200,622.4,628.7834,598.321,605.26,3152334
1741098600,595.98,600,567.5701,581.14,4061006
1741185000,582.09,597.12,576.78,593.07,2600616
1741271400,580.59,586.71,564.62,567.67,4332338
1741357800,568.17,568.17,544.91,559.67,4069949
1741613400,542.3,546.465,523.1318,531.66,5272115
1741699800,532.47,539.99,524.2,531.43,4190502
1741786200,544,545,528.59,535.71,3078055
1741872600,535.67,538.14,520.06,524.81,2529106
1741959000,533.99,543.57,526.7,541.41,2808108
1742218200,541.23,557.16,540,551.34,2695571
1742304600,550.29,553.75,546.65,551.78,2641018
1742391000,549,563,544.6,557.34,2770144
1742477400,553.1,568.4355,552,562.68,2531298
1742563800,555.33,567,551.2079,565.14,3565589
1742823000,575,582.72,573.05,580.1,1877703
1742909400,584.69,586.89,578.2148,585.94,1875451
1742995800,588.39,592.64,571,573.92,1952000
1743082200,565,565.995,552.55,558.92,2100878
1743168600,555.95,560.5,537.71,543.12,2773080
1743427800,533.82,547.3899,528.59,546.29,2455063
1743514200,543.25,551.955,533.2388,548.45,1869564
1743600600,539.8,567.32,539.0765,563.1,2560692
1743687000,525.43,529.99,509.56,511.23,5193888
1743773400,487,491.9998,460,470.81,8105212
1744032600,446.9,489.98,439.38,465.51,6353791
1744119000,488.25,491.9237,452.83,462.22,4240876
1744205400,451.36,522,447.11,516.87,7024087
1744291800,503.1,503.1,474,489.8,5374481
1744378200,487,498.52,478.58,494.44,3770238
1744637400,510,511.9999,497.15,503.98,4392587
1744723800,507.41,518.65,507,507.89,2501170
1744810200,501.72,509.45,492.69,499.05,2765570
1744896600,503.24,514.8299,499.12,509.49,2593496
1745242200,505.4,509.27,494.68,501.36,2859282
1745328600,510.23,521,508.93,519.99,2514594
1745415000,533.63,551.79,528.2612,529.18,3048077
1745501400,527.1,546.84,523.42,545.37,2223623
1745587800,544.6,549.09,541.22,544.86,1612723
1745847000,544.86,554.5,542.47,546.4,1459715
1745933400,543.79,550.88,541.3,548.92,1695565
1746019800,535.76,549.522,531.45,547.55,2438282
1746106200,548.1,558.345,545.5,553.83,2583032
1746192600,561.58,569.78,559.7,566.1,2883009
1746451800,558.36,566.56,557.5,559.56,2197371
1746538200,549.6,557.44,547.06,549.36,2902491
1746624600,550.21,555.38,547.7406,551.92,1955077
1746711000,558.82,572.16,558.21,565.7,1994630
1746797400,570.25,572.095,565.78,567.1,1522728
1747056600,596.255,603.37,588.08,591.34,3527740
1747143000,593.3,607.71,593.06,603.81,2765786
1747229400,603.8,615,602.5,611.6,2874409
1747315800,609.73,619.21,609.73,615.9,2428097
1747402200,616.95,620.79,613.56,619.03,2021766
1747661400,609.19,619.38,598.34,612.3,2842072
1747747800,607.75,611.55,603.0088,606.52,1602046
1747834200,601.8,609.865,592,593.46,2635920
1747920600,592.55,602.2,592.505,598.23,1939565
1748007000,585,601.96,582.5,598.54,1530625
1748352600,605.895,617.67,604.95,615.73,2364692
1748439000,617.28,618.6299,607.31,608.44,2001916
1748525400,608.52,610,598.3,604.86,1736459
1748611800,600,603.6,593.83,600.45,2129871
1748871000,598.6,599.17,592.1701,598.72,1221389
1748957400,600,606.32,593.73,603.83,1730268
1749043800,605.48,606.33,598.72,599.21,1295143
1749130200,600,609.715,592.9,605.88,2088546
1749216600,613,621.375,610,614,1676062
1749475800,614.75,619.1,611.01,613.52,1610717
1749562200,613,616.55,609.3113,614.87,1376484
1749648600,617.18,629.84,614.59,624.17,2063555
1749735000,621,626.01,615.8,625.11,1634667
1749821400,616.05,620.1236,609.59,613.54,1675102
1750080600,619,632.27,618,627.85,1870396
1750167000,624.7,631.67,623,624.64,1479255
1750253400,624.51,639.88,623.645,635.24,2423106
1750426200,638.83,642.64,636.69,640.8,4115367
1750685400,639.26,647.42,630.01,646.88,2020840
1750771800,654.45,663.77,653.235,662.11,2307810
1750858200,664.6,670.12,660.785,669.87,1566692
1750944600,670.62,689.33,670.51,687.16,2849509
1751031000,691,694.1971,685.39,690.81,3650514
1751290200,714.265,714.3,702.95,707.75,3976416
1751376600,708,713.01,700.61,706.46,3300971
1751463000,708.8,718.73,705.08,715.89,2906509
1751549400,715.91,726,713.4022,723.68,1502041
1751895000,721.7,723.97,706.34,710.93,2863715
1751981400,710.72,711.185,693.77,697.28,3100706
1752067800,704.34,704.34,694.71,696.56,1763664
1752154200,696.74,710.375,696.4501,709.12,1733788
1752240600,703.59,706,700.23,704.95,1682060
1752499800,704.74,713.43,702.125,713.3,1909262
1752586200,713.3,714.6861,700.04,702.51,1981228
1752672600,708.5,709.7809,691.3,708.82,3323219
1752759000,706.275,717.45,704.28,705.84,2046053
1752845400,707.06,710.29,698.3938,708.26,1925396
1753104600,709.14,712.76,704.35,706,2006467
1753191000,703.66,706.49,691.88,700.41,1978860
1753277400,702,719.01,701.5,717.52,2395697
1753363800,718.93,725.7686,714.73,719.18,1974746
1753450200,720.76,729.89,718.3478,728.98,1851667
1753709400,728,732.52,722.1701,723.65,1465032
1753795800,726.85,734.1299,722.42,731.98,2136342
1753882200,731.14,737.88,723.18,730.75,1816238
1753968600,726.59,734.04,720.44,723.59,2358080
1754055000,710.51,714.52,694.05,709.57,2999098
1754314200,715.2,726.79,715.2,726.03,1753725
1754400600,728,729.4,714.55,720.91,1977330
1754487000,724.5,728.3,722,724.74,1477307
1754573400,730.62,732.94,717.6108,719.74,1400392
1754659800,725.86,728,718.65,721.27,1275528
1754919000,722.2,723.84,715.74,719.24,1273485
1755005400,725.28,748.135,724.35,743.38,2418313
1755091800,745.78,748.91,732.615,744.69,1862990
1755178200,742.72,748.16,737,747.2,1371507
1755264600,749,749.05,729.18,730.72,1645865
1755523800,729.5,731.61,723.8702,730.96,1158015
1755610200,729.16,730,717.73,721.38,1856357
1755696600,721.195,722.25,705.55,720.68,1872699
1755783000,716.54,719.22,712.965,715.95,1162101
1755869400,720.14,744.835,718.5835,741.89,1948881
1756128600,741.89,746.5,738.33,738.79,1381285
1756215000,737.71,749.16,733.86,748.95,1511647
1756301400,745.97,753,745.02,749.67,1535102
1756387800,750.99,753.33,746.99,751.22,1411464
1756474200,746.71,748.9165,738.9,745.25,1467307
1756819800,736.385,736.385,721.1572,730.85,2296616
1756906200,728.56,732.02,722.3,730.56,1485765
1756992600,733.75,748.91,731.1701,748.9,1778153
1757079000,752.19,757.35,727.1525,738.21,1822767
1757338200,739.42,743.5432,733.57,741.85,1400067
1757424600,740.13,765.62,738.54,763.92,2611307
1757511000,761.86,774.47,761.625,769.58,1996395
1757597400,772,793.17,771.35,784.73,2076093
1757683800,783.5,787.03,776.2577,780.06,1099570
1757943000,782.95,792.375,781.44,786.76,1292267
1758029400,789.53,790.01,779.6901,785.53,1529464
1758115800,788.86,798.57,785.23,794.22,1945281
1758202200,795.57,807.275,792.4,804.31,1501837
1758288600,804.09,809.66,797.3652,805,3789814
1758547800,801.14,806.0299,797.54,805.56,1151214
1758634200,807.1,825.25,802,806.32,1759168
1758720600,809.55,812.8375,792.34,792.43,1402486
1758807000,786,798.18,782.01,794.76,1413098
1758893400,797.16,809.5,795.13,802.51,1376242
1759152600,807.8,808.84,797.985,804.12,1059139
1759239000,805.5,809.62,786.4531,796.35,2463934
1759325400,793.62,796.28,783.23,785.51,1789094
1759411800,788.88,791,772.4447,779.38,1553849
1759498200,783,794.92,777.86,789.98,1470517
1759757400,795,802.5,780.0462,796.78,1632584
1759843800,798,805.322,781.39,789.65,1547401
1759930200,791.75,795,774.34,776.51,1939277
1760016600,778.85,782.91,771.35,779.96,1575049
1760103000,783.12,791.66,764,764.36,2457850
1760362200,777.88,791.05,777.88,786.78,2766010
1760448600,764.45,786.569,742.4601,770.76,4710809
1760535000,778.62,782.49,762.66,767.93,3217433
1760621400,770.66,781.44,752.41,758.09,3160922
1760707800,758.15,758.935,740.01,750.77,2884713
1760967000,757,766.4199,752.88,763.32,1925438
1761053400,759,765.2999,758.27,758.98,1782194
1761139800,760.61,760.61,743.11,744.6,2141448
1761226200,749.34,755,744.66,750.78,1615360
1761312600,759.85,784.61,756,783.88,2505628
1761571800,789,796.7099,787.01,789.99,1645272
1761658200,792.05,798.36,787.35,792.09,1242031
1761744600,788,800.49,778.82,783.06,2251507
1761831000,783.56,807.14,780.6001,790.16,1829451
1761917400,784.98,791.7224,783,789.37,1328350
1762180200,789.57,796,781.44,785.52,1569490
1762266600,777,806,773,790.83,2045978
1762353000,790.44,797.36,775.58,793.09,1832849
1762439400,794,798.2,777,787.58,1572510
1762525800,783,787.06,762.8,786.34,2098378
1762785000,796.08,806.36,788.8,797.2,1698196
1762871400,798.48,812,795.61,810.31,1521454
1762957800,814.13,840,814.13,838.97,2954130
1763044200,833.06,841.28,805.02,805.5,2557357
1763130600,795.55,800.61,778,790.91,2552397
1763389800,790,796.73,770.5,775.56,1850550
1763476200,772.06,787.7,766.5446,776.3,1673456
1763562600,776.3,787.87,775,785.99,1521113
1763649000,795.25,816,772.19,773.7,2598978
1763735400,776.83,780.37,754,774.03,2284742
1763994600,778.635,793.99,775.3628,790.71,2319465
1764081000,797,805.26,777.99,802.32,2253164
1764167400,805.84,819.58,805,816.01,1862897
1764340200,820,830.57,818.95,826.04,868346
1764599400,818.59,824.73,809.61,810.86,2133209
1764685800,811.12,819.7,808.3,815.21,2254578
1764772200,812.95,837.91,812.95,836.57,2347919
1764858600,835.535,843.99,834.5,837.83,1671014
1764945000,837.26,856.2,836.515,854.56,2277520
1765204200,861.1,870.56,856.3001,866.69,2238131
1765290600,866,883.721,864.31,876.58,2274812
1765377000,871.35,897.1959,869.271,889.24,2394286
1765463400,889.98,919.098,888,911.03,2682952
1765549800,913.75,914.99,886.99,887.96,2715200
1765809000,892,904.47,889.59,889.59,1976603
1765895400,890.23,896.24,874.32,879.15,2161603
1765981800,886.33,895.97,868.441,872.33,2213336
1766068200,880.5,892.785,874.6975,876.3,2066338
1766154600,883.17,899.7475,881.951,893.48,4808303
1766413800,896.52,905.48,894.84,899,1442332
1766500200,900.345,905.92,893.7,901.71,1210438
1766586600,901.16,911.88,898.7,910.78,771780
1766759400,911,913.3175,905.305,907.04,995328
1767018600,906.45,906.48,891.56,892.18,1577955
1767105000,894.74,895.02,881.1801,884.42,1833267
1767191400,884.1,886,876.79,879,1221740
1767364200,884,914.44,880.75,914.34,2817613
1767623400,914.4,961.69,912.6,948.44,3742022
1767709800,949.41,958.57,943.25,955.47,1965954
1767796200,956.88,958.25,934,941.02,2683338
1767882600,935.475,945.19,932,934.83,1961243
1767969000,938.77,946.14,932.7,938.98,1334087
1768228200,934,950.56,929.1101,949.55,2180033
1768314600,947.32,949.94,931.0001,938.15,1969584
1768401000,932.3,938.15,917.9,932.67,2513038
1768487400,924.9,981.2599,924.67,975.86,3773730
1768573800,973,984.7,957,962,3071631
1768919400,946.38,962.6,939.1,943.37,2629085
1769005800,944,968.92,943.45,953.01,2251250
1769092200,960.06,970.9504,950.81,954.65,2468294
1769178600,934.08,937.19,917.05,918.88,3872606
1769437800,918.41,933.735,917.98,931.86,2655865
1769524200,924,933.4,920.39,929.72,2012488
1769610600,932.51,937.17,922.76,936.81,1674080
1769697000,937.3,955.38,925.13,940.12,2335849
1769783400,933.95,947,923.17,935.41,1893676
1770042600,932.125,949.4444,912.08,946.33,1802012
1770129000,949.5,964.5,919.06,938.99,2321948
1770215400,937.12,944.1642,893.8,913.3,3561866
1770301800,901.67,910.83,876.72,890.41,3214264
1770388200,907.87,931.77,907.23,928.75,2473247
1770647400,929,949,927.11,943.62,2322964
1770733800,945.7,961.83,929.93,948.99,3324939
1770820200,950.64,968.13,931.28,944.59,2654273
1770906600,956.17,968.39,903.98,904.55,3188714
1770993000,894.41,905.99,869,905.14,2623331
1771338600,907.73,921.55,905.68,916.04,2008475
1771425000,921.58,947.6999,919.98,933.73,1864857
1771511400,925,929.664,906.485,916.65,1974197
1771597800,912.55,922.37,900.57,922.24,2009290
1771857000,918.5,932,883.7501,892.31,2535866
1771943400,885.44,911.77,881.65,902.27,1971522
1772029800,914.72,922.51,907.52,921.38,1763623
1772116200,927.76,938.39,921.5401,929,2220304
1772202600,912,916.25,854.1501,859.57,5552255
1772461800,840,873.63,836,861.7,2873190
1772548200,836,868.335,824.64,862.58,3782323
1772634600,869.84,878.8,860,867.25,2081820
1772721000,862.01,866.5243,822.2,835.46,3096912
1772807400,816,827.16,801.33,821.42,2472991
1773063000,810,836.68,795,832.03,3258185
1773149400,834.68,846.09,826.35,833.81,1871901
1773235800,829.95,832.8025,810.54,823.76,2236531
1773322200,805.32,807.21,784.1,787.52,3533042
1773408600,789.36,798,780.5,782.21,2567411
1773667800,792,805.455,790,794.77,2082689
1773754200,806.3,820.44,803.47,807.04,1955568
1773840600,801,816.19,801,805.48,1541291
1773927000,792.93,816.18,790.59,809.5,1765919
1774013400,807,827.23,804.9265,813.53,3918407
1774272600,833,849.53,829,831.27,2190280
1774359000,824.93,844.5,818,835.72,1656051
1774445400,845.01,854.75,833.9001,841.84,1628908
1774531800,833.79,844.8,816.11,822.64,2052166
1774618200,813.67,817.1,797.78,802.89,2106773
1774877400,811.12,818.6325,801.88,807.6,1621403
1774963800,823.9,848.5,810,845.99,2689828
1775050200,859.95,870.2,850.15,860.21,1803625
1775136600,838.39,867.3,831,863.04,1717678
1775482200,863,873.21,859.77,866.05,1444532
1775568600,858,867.97,850,864.15,1498382
1775655000,903.01,918.115,893.6,905.75,2438967
1775741400,902,909.4,895.29,903.72,1797804
1775827800,903.37,908.959,895,907.8,1642709
1776087000,875.55,896.94,865.34,890.79,4236179
1776173400,894.42,914.19,890.1,909.63,2822631
1776259800,915,927.79,897.1,899.49,2403919
1776346200,897.99,907.96,895.8501,900,1742311
1776432600,915.5,929.19,912.219022,925.95,2805147
1776691800,923.68,941.8,922.985,941.74,2374272
1776778200,944.5,952.01,922.54,926.55,1765397
1776864600,939,940.98,931.15,934.84,1382617
1776951000,935,944.39,920.69,931.3,1655033
1777037400,930.485,932.915,919.22,926.91,1263285
1777296600,926.04,941.73,926,937.81,1223013
1777383000,941.24,945.3,924.235,926.55,1501634
1777469400,927.5,930,899.16,905.6,1725854
1777555800,910.41,928,905,923.77,1880306
1777642200,916.4,935.7782,912.14,923.71,1359755
1777901400,922.27,925,899.0001,903.27,1660107
1777987800,909.73,921.7539,908.22,918.89,1507210
1778074200,935.93,944.06,931.33,937.35,2318249
1778160600,937.93,945.29,921.98,925.87,1715327
1778247000,936,939.78,927.4634,936.48,1665037
1778506200,932.65,949.78,926.63,944.86,2411447
1778592600,942.16,948.5,920.795,945.9,2236454
1778679000,941.84,959.55,933.0801,955.42,2355240
1778765400,966.9,975.66,960.5,968.96,1898031
1778851800,953.65,959.5,941.61,948.47,1862658
1779111000,947.74,961.69,938.55,946.36,1508183
1779197400,933.22,939.64,923.81,928.74,1767342
1779283800,945,982.725,940.5001,982.12,3104417
1779370200,982.21,999.5,970.3,988.17,2452318
1779456600,994.63,1005.36,990.9,996.73,1924892
1779802200,1006.53,1016.535,987.03,994.52,2081723
1779888600,995.91,1003.65,974.42,996.47,2197548
1779975000,986.42,1009.97,982.45,1008.37,2274973
1780061400,1009.27,1027.2152,1004,1025.56,2158796
1780320600,1015.33,1051.2,1011.6,1048.58,2666658
1780407000,1049.74,1073.97,1047.89,1064.58,2125576
1780493400,1055.275,1055.97,1031.01,1041.02,2562196
1780579800,1052.87,1095.9,1050,1092.61,2608755
1780666200,1092.82,1098.3631,1035.6,1038.68,2643799
1780925400,1052.78,1063.18,1042.33,1045,2326720
1781011800,1061.79,1064.35,1006.3,1032.01,2868534
1781098200,1028.35,1036.31,1000.04,1001.29,2287194
1781184600,1013.5,1036.92,1000.4503,1035.64,2561860
1781271000,1053,1073.74,1048.06,1062.75,2206027
1781530200,1089.52,1094.18,1075,1076.17,2363969
1781616600,1086,1097.2505,1085.53,1090.67,1965515
1781703000,1098.46,1121.945,1094.29,1099.14,2180014
1781789400,1120,1125,1093.33,1096.56,4499162
1782135000,1109.7,1115.98,1091.6245,1106.37,1894803
1782221400,1077.34,1103.545,1069,1094.44,2066874
1782307800,1090,1090.1,1068.507,1076.91,1933083
1782394200,1095.62,1105.25,1062.1,1065.09,1950982
1782480600,1054.74,1057,1013.384,1019.61,4008511
1782739800,1029.19,1035.93,1016.17,1020.21,1887189
1782826200,1019.29,1026.32,1006.1101,1011.37,3162833
1782912600,1010,1033.53,1003,1019.61,1735022
1782999000,1038.99,1039.28,1009.73,1021,1544157
1783344600,1029.88,1055.29,1029,1055.29,1754404
1783431000,1052,1053.86,1035.13,1042.98,1353462
1783517400,1030,1040.175,1011.92,1029.64,1699174
1783603800,1055,1064.005,1042.61,1055.97,1242124
1783690200,1063.21,1067.17,1048,1055.18,1110563
1783949400,1056.34,1057.8199,1036.84,1045.91,1799483
1784035800,1085,1143.84,1082,1140,3792567
1784122200,1148.42,1153.99,1117.4,1152.07,2735516
1784208600,1147.65,1152.4522,1089.01,1095.46,2529358
1784295000,1071.64,1085.93,1047.15,1065.22,2162709
1784554200,1074.65,1087.895,1053.66,1055.03,1718302
1784640600,1070.07,1088.48,1063,1085.56,1718588
1784727000,1078.52,1106.66,1078,1098.2,1538665
1784813400,1072.52,1084.73,1062.48,1074.72,1852716
1784899800,1075,1077.38,1051.82,1061.23,1381810
1785159000,1080.18,1088.5,1029,1048.23,2539544
1785245400,1041.93,1047.71,1011.865,1033.34,2174498
1785331800,1025,1028.12,977.7,980.75,3201113
1785418200,1007.36,1029.79,998.51,1024.86,2331287
1785504600,1034.72,1042.98,1008.6004,1018.38,1553747
1785763800,1025,1027.96,1005.16,1027.06,1706771
1785850200,1050,1066.16,1043.27,1052.98,2653632
1785936600,1063.71,1077.21,1060.02,1060.38,1648048
1786023000,1062.04,1068.0399,1030.78,1032.58,1726452
1786109400,1038.34,1047,1032.03,1039.61,1429686
1786368600,1039.61,1045.43,1030.07,1034.51,1819118
1786455000,1036.39,1043.43,1027.19,1034.41,1829306
1786541400,1055,1056.05,1031.74,1037.21,1737824
1786627800,1040.61,1059.07,1038.47,1042.63,1421706
1786714200,1040.91,1043.74,1029.58,1039.42,1593017
1786973400,1040.79,1054.6258,1038.14,1051.31,1450700
1787059800,1040,1043.5,1026.0751,1040.47,1909158
1787146200,1044.82,1044.82,1014.5,1021.65,2744228
1787232600,1016.99,1026.42,1001.68,1001.95,1756172
1787319000,1015.99,1043.66,1008.854,1039.28,2746132
1787578200,1039,1047.37,1030.18,1036.28,1987764
1787664600,1050,1063.52,1039.29,1058.88,2498678
1787751000,1061,1062.56,1036.775,1040.46,1489945
1787837400,1041.68,1052.55,1035,1040.87,1713130
1787923800,1046.49,1048.84,1031.575,1033.99,1053189
1788183000,1032.6,1032.6,1022.6201,1025.9,1361114
1788269400,1004.72,1031.12,996.97,1002.56,1846398
1788355800,1009.74,1021.843,998,1004.42,2194092
1788442200,1013.5,1039.83,1012.5,1037.93,1676091
1788528600,1031.09,1041.19528,1024.63,1038.61,1429525
1788874200,1040.55,1043.84,1028.56,1036.53,1263453
1788960600,1028,1038.4325,1011.4,1028.78,1661698
1789047000,1017.29,1027.23,1011.68,1019.77,1897021
1789133400,1035.05,1042.99,1018.585,1029.18,1163162
