t,o,h,l,c,v
1412688600,93.04,93.56,92.44,92.47,5030738
1412775000,92.57,94.16,92.24,94.09,6619986
1412861400,93.91,94.79,93.02,93.07,6674894
1412947800,93.23,93.86,92.54,92.55,6350141
1413207000,92.88,92.94,90.4313,90.6,7378868
1413293400,90.37,90.53,88.52,90.1,9711348
1413379800,88.09,89.17,86.62,87.85,12993637
1413466200,86.35,89.72,86.35,88.88,7147819
1413552600,89.3,91.12,89.05,90.24,7013765
1413811800,89.87,92.07,89.77,91.85,5614727
1413898200,92.53,94.37,92.12,94.2,6611310
1413984600,94.3,94.99,93.24,93.34,5912513
1414071000,94.5,95.52,94.44,94.8,5926297
1414157400,94.6,95.189,94.13,94.99,4825237
1414416600,94.96,95.68,94.71,95.47,4465121
1414503000,95.91,96.6,95.5,96.59,5261206
1414589400,96.62,97.2537,95.8006,96.42,4275440
1414675800,96.12,97.8,96.03,97.52,4115778
1414762200,98.78,99.257,97.33,97.52,6336392
1415025000,96.81,96.83,95.975,96.09,7615378
1415111400,96.06,96.18,95.19,95.96,5349563
1415197800,96.59,96.85,95.15,95.78,5002664
1415284200,96.35,97.51,96.01,97.29,4016928
1415370600,97.17,97.75,96.6925,97.65,3429560
1415629800,97.64,98.17,97,98.16,3662260
1415716200,98.46,98.75,97.88,98.14,3819301
1415802600,98.3,98.7,97.61,98.49,4629393
1415889000,98.9,99.36,98.34,99,3182816
1415975400,98.9,99,98.02,98.24,4085461
1416234600,98.17,98.945,97.8,98.03,8581591
1416321000,97.15,97.71,86.78,95.98,10387062
1416407400,96.55,97.31,96,96.7,6831110
1416493800,96.08,97.97,96.02,97.57,4958779
1416580200,98.98,99.1,97.82,98.28,6806841
1416839400,98.68,98.9,98.22,98.4,5043636
1416925800,98.64,98.87,96.41,97.01,7991953
1417012200,97.06,97.71,97.01,97.7,4338093
1417185000,98.06,99.8,98,99.4,3305799
1417444200,99.49,99.61,98.31,98.88,4393689
1417530600,98.62,99,97.99,98.16,4677714
1417617000,98.1,98.7399,98.04,98.59,4358974
1417703400,98.15,99.11,97.78,98.95,5227444
1417789800,98.77,99.68,98.66,99.64,4649088
1418049000,99.71,100.95,99.66,100.43,6624334
1418135400,99.69,99.98,98.5856,99.64,5285388
1418221800,99.36,100.23,98.82,98.94,5357039
1418308200,99.28,101.4,99.15,100.27,6863972
1418394600,99.69,101.25,99.39,99.78,5985138
1418653800,100.01,101.24,99.29,100.05,5488342
1418740200,99.38,100.232,96.99,97.06,7831584
1418826600,97.59,99.14,97.09,98.94,6096377
1418913000,100.34,100.69,99.3,100.67,6593962
1418999400,100.92,102,100.81,101.93,12500604
1419258600,102.25,103.57,102.23,103.5,5418865
1419345000,103.66,104.2,103.32,103.76,4067739
1419431400,104.05,104.3792,103.56,103.56,1819047
1419604200,103.98,104.3202,103.48,103.75,2594855
1419863400,103.58,104.8,103.261,104.53,3492708
1419949800,104.44,104.74,103.85,104.27,2927755
1420036200,104.75,106.02,104.56,104.97,5821631
1420209000,105.16,105.6548,102.67,103.43,4324850
1420468200,102.78,102.78,100.79,101.26,5881379
1420554600,102.07,102.07,100.34,100.95,4913547
1420641000,102.29,104.47,101.995,104.41,5090980
1420727400,105.37,106.99,105.02,106.72,6468184
1420813800,106.88,106.88,104.82,104.89,5717610
1421073000,105.17,105.29,104.06,104.42,4992945
1421159400,105.41,106.04,103.15,103.73,5395151
1421245800,102.42,103.41,101.88,102.64,5384438
1421332200,103.32,103.65,100.82,101.01,6894979
1421418600,100.86,104.31,100.24,104.12,6403841
1421764200,104.84,104.95,102.35,103.25,5335526
1421850600,103.05,104.06,102.5,103.53,5899195
1421937000,104.38,106.31,103.54,106.07,5804132
1422023400,106.21,106.48,105.31,105.37,4075976
1422282600,105.36,106.5,105.06,106.36,4192274
1422369000,104.78,105.8137,104.4,105.16,4606480
1422455400,105.31,107.43,104.6,104.74,4917323
1422541800,105.14,107.74,104.51,107.62,6529339
1422628200,106.36,106.86,104.38,104.42,6999952
1422887400,104.78,105,101.57,104.43,5012800
1422973800,104.89,107.32,104.81,107.24,5969829
1423060200,107.09,109,106.75,108.41,6766242
1423146600,108.98,109.34,108.15,108.99,4471808
1423233000,109.28,109.74,108.46,109.04,4223662
1423492200,108.88,109.46,108.04,108.34,4243767
1423578600,108.79,110.85,108.66,110.67,5414382
1423665000,110.6,110.798,109.81,110.31,4553751
1423751400,110.81,112.2,110.21,112.16,4592234
1423837800,112.01,112.39,111.3,111.89,5099683
1424183400,111.69,112.225,110.62,112,6029630
1424269800,111.6,112.17,111,111.99,3731576
1424356200,112.01,112.447,110.635,110.94,5910566
1424442600,110.81,112.25,110.05,112.24,7276070
1424701800,112.99,113.16,111.8,112.28,5637972
1424788200,117.5,117.92,115.13,116.75,12775465
1424874600,117.35,117.35,115.85,116.31,7328170
1424961000,116,116.42,115.2,115.38,5649886
1425047400,115.19,115.67,114.555,114.75,5732581
1425306600,114.86,117.06,114.86,116.12,5971908
1425393000,116.11,116.12,114.8,116.07,3784761
1425479400,115.39,115.47,114.25,114.76,3799034
1425565800,115.23,116.098,115.06,115.91,4089528
1425652200,115.96,115.96,114,114.45,5169186
1425907800,114.38,115.48,114.37,115.25,5351215
1425994200,113.85,114.34,112.56,112.56,5685032
1426080600,112.68,113.8,112.41,113.07,4356487
1426167000,113.85,116.46,113.77,116.1,5741991
1426253400,115.99,116.31,114,114.82,4626909
1426512600,115.33,116.61,115.32,116.5,4820315
1426599000,115.45,116.0799,115.14,115.58,3715940
1426685400,115.41,116.42,113.3101,116.08,4773550
1426771800,116.21,116.43,115.07,115.16,3545575
1426858200,115.55,117.99,115.33,117.49,8445980
1427117400,117.04,117.75,116.07,116.07,4095198
1427203800,116.2,117.83,116.04,116.15,4026866
1427290200,115.96,116.61,113.64,113.68,4725790
1427376600,113.36,113.43,111.58,112.37,5409611
1427463000,112.08,114.23,112,113.86,3879323
1427722200,114.96,116.05,114.53,114.63,3968431
1427808600,113.7,115.37,113.55,113.61,4128769
1427895000,113.88,114,112.43,113.13,4737737
1427981400,112.61,114.92,112.52,114.54,4065097
1428327000,113.45,115.55,113.41,114.95,3250043
1428413400,114.83,115.79,114.23,114.3,3189404
1428499800,113.97,115.81,113.83,115.59,3753476
1428586200,115.46,116.2446,114.14,114.57,4674020
1428672600,114.47,115.65,114.42,115.24,3658058
1428931800,114.96,115.43,114.35,114.44,2981956
1429018200,114.2,114.98,113.11,114.05,4072474
1429104600,114.58,115.21,113.38,113.45,4210990
1429191000,113.34,113.99,113.02,113.37,4013015
1429277400,112.91,113.11,111.7701,112.1,6245213
1429536600,113,113.69,112.68,112.86,4397308
1429623000,113.5,113.98,112.5,113.17,3899843
1429709400,113.2,113.31,112.19,112.99,4065535
1429795800,112.74,114.51,112.56,113.96,3945310
1429882200,113.88,114.04,112.9,113.7,2879124
1430141400,114.05,114.11,111.28,111.39,5618018
1430227800,110.9,111.77,110.05,110.58,5743300
1430314200,110.17,110.31,108.07,108.71,7238947
1430400600,108.56,109.21,106.62,106.98,9041570
1430487000,106.98,109.79,106.85,109.55,6696926
1430746200,109.94,110.4497,109.32,110.06,3366760
1430832600,109.2,109.88,107.98,108.06,4164751
1430919000,108.2,108.91,107.2401,108.31,3996648
1431005400,108.4,110.7199,108.25,110.04,5400160
1431091800,112.4,113.4825,112.11,112.47,6435306
1431351000,112.24,112.91,111.81,111.9,3725195
1431437400,111.12,112.82,110.83,112.52,4053840
1431523800,112.92,112.95,111.1,111.19,4340651
1431610200,112.05,112.22,110.83,111.94,3815733
1431696600,111.92,113.4,111.82,113.35,4575811
1431955800,113.87,114.6,113.16,114.33,6878237
1432042200,116.12,116.48,112.34,112.34,11133206
1432128600,112.19,112.89,111.22,112.1,7004521
1432215000,111.98,112.3299,111.62,112.01,4238635
1432301400,111.87,112.53,111.46,112.16,3693959
1432647000,112,112.18,110.69,110.93,4612599
1432733400,111.04,112.53,110.81,112.16,4147790
1432819800,111.91,112.7,111.86,112.19,2806141
1432906200,111.84,112.59,111.37,111.42,5310612
1433165400,111.97,112.34,111.25,111.67,5114842
1433251800,110.75,112.18,110.64,111.59,6088225
1433338200,111.72,113.48,111.45,113.16,6337980
1433424600,112.52,113.16,111.1745,111.46,4328576
1433511000,111.34,111.36,110.27,110.37,4505390
1433770200,110.14,110.81,109.83,109.93,3449728
1433856600,109.79,110.25,109.03,109.53,3658994
1433943000,109.9,111.19,109.39,110.98,3967931
1434029400,111,112.33,111,111.29,3642764
1434115800,110.89,111.59,110.415,110.6,4301864
1434375000,110.23,110.455,109.55,110.01,3965178
1434461400,109.9,110.45,109.75,110.23,3466563
1434547800,110.73,111.29,109.96,110.47,5722179
1434634200,111.06,112.3,110.76,111.85,7222590
1434720600,111.64,113.3,111.44,112.43,9255075
1434979800,112.93,113.62,112.78,113.07,3190171
1435066200,113.24,113.59,112.93,113.18,3075864
1435152600,112.94,113.68,112.35,112.35,3716056
1435239000,113.24,113.71,112.24,112.24,4467082
1435325400,112.77,113.34,112.23,112.6,4208527
1435584600,111.56,112.32,110.46,110.54,5187380
1435671000,111.15,111.76,110.59,111.13,5938810
1435757400,112.45,112.81,111.47,112.07,4216233
1435843800,112.58,112.75,111.1,111.49,3845043
1436189400,110.27,111.93,110.17,111.32,3864664
1436275800,111.72,112.6399,110.7,112.4,5515857
1436362200,111.72,112.46,110.8,111,3794058
1436448600,112.32,112.59,111.2,111.38,3643735
1436535000,112.67,113.48,112.09,113.1,4631403
1436794200,114.21,115.02,114.0655,114.9,4171921
1436880600,114.5,115.53,114.39,115.36,3688931
1436967000,115.42,116.15,115.07,115.58,3365201
1437053400,115.87,115.91,113.83,114.73,5234834
1437139800,114.49,115,114,114.47,5497580
1437399000,112.25,114.1095,112.17,113.41,6107521
1437485400,113.41,113.97,112.678,113.86,4660582
1437571800,113.96,115.08,113.8,114.9,5485245
1437658200,115.21,116.11,114.43,114.59,4308872
1437744600,114.74,115.23,113.43,113.59,4427770
1438003800,113.37,113.89,112.71,113.07,4468238
1438090200,113.76,115.03,113.18,114.84,4176783
1438176600,115.16,116.76,115.11,116.37,5104040
1438263000,115.94,116.74,115.345,116.46,3291136
1438349400,116.98,118.13,116.37,117.03,4301198
1438608600,117.62,117.7,116.16,116.89,3645105
1438695000,116.63,117.82,116.25,117.53,3008159
1438781400,118.38,118.53,117.1001,118,4299076
1438867800,118.39,118.5,116.07,116.56,4768869
1438954200,116.7,117.16,115.78,116.93,3986101
1439213400,117.53,118.34,117.36,117.6,3408880
1439299800,117.02,118.14,116.76,117.69,4080013
1439386200,117.13,117.88,115.7,117.69,4620961
1439472600,118,120.14,117.79,119.02,6255459
1439559000,119.3,119.89,118.46,119.75,5135524
1439818200,119.1,120.75,118.73,119.7,7255634
1439904600,121.83,123.8,121.15,122.8,11021859
1439991000,122.67,123.79,122.13,122.76,6490297
1440077400,121.98,122.53,120.54,120.54,5555537
1440163800,119.54,120.36,116.15,116.16,10190666
1440423000,110.05,115.88,92.1685,112.54,13983094
1440509400,117,117,110.89,110.97,10221090
1440595800,114.06,116.03,112.08,115.93,9313225
1440682200,117.5,118.09,115.33,117.66,7579059
1440768600,117.43,118.46,116.92,117.52,5015991
1441027800,117.01,117.49,115.93,116.46,5444482
1441114200,113.99,114.75,112.56,113.07,7392882
1441200600,114.83,116.48,114.32,116.48,6487436
1441287000,117.03,118.08,116.18,116.6,5302908
1441373400,114.68,115.69,113.49,114.42,5752377
1441719000,115.69,116.64,114.73,116.43,5775792
1441805400,117.11,117.47,113.7,113.97,5316362
1441891800,114,115.41,113.69,114.49,5259120
1441978200,113.97,115.46,113.7,115.44,4472836
1442237400,115.5,115.68,114.415,114.73,4248741
1442323800,114.78,116.63,113.9,116.18,4994007
1442410200,116.08,118.025,115.97,117.82,5285136
1442496600,118.33,119.82,117.271,117.91,6607052
1442583000,116.51,117.2,114.98,115.12,11366739
1442842200,115.96,117.11,115.27,116.58,5201825
1442928600,115.4,116.39,114.89,115.8,4631619
1443015000,115.85,116.55,115.66,116.17,4084866
1443101400,115.34,116.65,114.8401,116.34,5172266
1443187800,117.23,118.165,116.04,116.74,5478907
1443447000,116.53,117.38,113.85,114.1,5994609
1443533400,114.21,114.93,111.8,112.91,7908808
1443619800,114.37,115.63,114,115.49,5395592
1443706200,116.23,117.13,114.74,117.03,5215227
1443792600,115.56,117.9,114.71,117.81,4359794
1444051800,118.75,119.29,117.91,119.2,4528683
1444138200,119.1,119.2,117.97,118.68,5275370
1444224600,119.2,119.84,118.49,119.65,4810700
1444311000,119.31,121.23,119.15,121.06,4958197
1444397400,121.27,121.5,120.47,121.33,3893492
1444656600,121.49,122.45,121,121.9,2861908
1444743000,121.77,122.29,121.14,121.61,2971353
1444829400,121.33,121.88,119.56,120.27,5200407
1444915800,120.62,122.03,120.4,121.81,3448925
1445002200,121.63,122.82,121.63,122.74,4068819
1445261400,122.61,123.2,122.2,123.1,3097713
1445347800,122.89,123.17,122.35,122.85,3318402
1445434200,123.29,124.02,122.75,123.3,3492176
1445520600,123.9,124.48,122.88,124.36,5855338
1445607000,125.01,125.75,122.97,124.61,5281580
1445866200,124.55,125.66,124.02,125.01,4550203
1445952600,124.51,125.09,123.82,124.47,3674805
1446039000,124.38,124.59,122.22,123.82,6821538
1446125400,123.42,124.07,122.75,123.63,4635318
1446211800,123.27,124.75,123.27,123.64,4991516
1446474600,124.24,124.64,123.38,124.41,3715626
1446561000,124.23,126.04,123.81,125.66,4313696
1446647400,125.48,125.87,124.62,125.38,4101588
1446733800,125.46,126.008,124.95,125.72,3059445
1446820200,125.27,126.1092,124.82,125.98,3752029
1447079400,125.8,126.12,123.71,124.5,4988836
1447165800,124.49,125.41,124.04,125.26,3872869
1447252200,125.43,125.43,124.52,124.71,3247636
1447338600,124.18,124.97,123.06,123.81,4285682
1447425000,123.1,123.25,119.9,120,8728758
1447684200,120.05,121.03,118.61,120.84,7785740
1447770600,124.86,126.34,123.1,126.18,10517133
1447857000,126.44,126.73,124.66,126.54,6501984
1447943400,126.53,127.62,125.95,126.86,4662194
1448029800,127.36,130.21,127.09,130.21,8191901
1448289000,130.21,132.64,130.21,132.5,6329651
1448375400,131.93,133.93,131.74,133.6,6672683
1448461800,133.69,135.24,133.55,134.65,5300949
1448634600,134.81,135.47,134.53,134.74,3337790
1448893800,135.2,135.32,133.01,133.88,8057870
1448980200,133.52,134.63,133.26,134.43,5267607
1449066600,134.56,134.65,133.57,133.81,5022711
1449153000,133.52,134.12,130.8,130.93,6688008
1449239400,131.55,134.8299,131.35,134.53,5387092
1449498600,134,134.79,133.1896,133.93,5444257
1449585000,132.71,134.56,132.41,133.84,4731424
1449671400,133.21,134.78,131.51,131.9,5055629
1449757800,131.96,133.59,131.8,132.54,4186225
1449844200,131.09,132.19,130.31,130.44,5300764
1450103400,131.09,132.1255,130.71,132.01,5960071
1450189800,132.62,133.49,131.19,131.29,4921773
1450276200,132.17,133.28,130.36,132.9,4711726
1450362600,133.06,133.54,130.995,131.35,4345798
1450449000,130.73,131.31,130.015,130.29,9840572
1450708200,131,131.61,130.18,131.31,3414798
1450794600,131.37,132.2815,130.46,131.88,3401932
1450881000,132.49,133.34,131.88,133.11,3244802
1450967400,132.8,133.48,132.66,132.9,1517075
1451313000,132.25,132.9,131.89,132.68,2607306
1451399400,133.37,134.3299,133.276,133.7,3037424
1451485800,133.58,134.06,133.28,133.35,2484826
1451572200,133.08,133.5684,132.24,132.25,3178724
1451917800,130.11,131.07,129.45,131.07,8050884
1452004200,131.15,131.94,130.05,130.43,5320942
1452090600,129,129.9,128.56,129.08,8199577
1452177000,126.93,127.88,124.7,125.4,12550970
1452263400,126.44,126.53,123.5,123.9,7104540
1452522600,124.87,126.08,124.09,125.78,6811614
1452609000,126.78,128.8,125.83,127.49,5695664
1452695400,127.47,127.47,120.97,121.4,8932228
1452781800,121.29,121.515,118.2,119.62,13389107
1452868200,117.12,121.15,116.1,119.23,10514991
1453213800,120.54,121.89,118.8,119.76,6350726
1453300200,117.89,118.66,113.5865,116.46,11331418
1453386600,117.38,121.94,117.14,120.22,8993902
1453473000,121.64,124.67,121.58,122.76,6554471
1453732200,123.38,123.85,121.56,121.71,4854686
1453818600,121.73,122.45,120.64,122.2,4475561
1453905000,122.46,124.32,120.86,121.57,5430974
1453991400,121.97,122.69,120.31,122.28,4871577
1454077800,123.17,125.76,122.75,125.76,7616222
1454337000,124.92,127.09,123.99,126.51,4674058
1454423400,125.41,126.43,124.71,125.27,5832204
1454509800,126.02,126.16,121.54,123.79,7485657
1454596200,123.65,123.9,119.45,121.11,9171816
1454682600,120.89,121,115.69,116.43,8117679
1454941800,114.93,115.965,109.62,111.85,11286592
1455028200,110.94,115.29,110.68,113.86,7572939
1455114600,114.5,116.16,114.0526,114.33,5307617
1455201000,113.08,114.19,112.22,113.27,6447062
1455287400,114.88,116.43,113.52,116.32,5361634
1455633000,118.12,120,117.7,119.43,6966351
1455719400,120.45,121.68,119.87,121.21,5970736
1455805800,120.93,121.11,119.56,119.97,4460722
1455892200,119.82,121.7,118.75,121.69,5435541
1456151400,123,124.47,122.13,122.85,7796862
1456237800,127,127.19,123.35,124.53,11168725
1456324200,124.05,125.78,122.92,125.61,7935545
1456410600,125.76,126.86,124.891,126.86,4738820
1456497000,127.59,127.75,125.93,126.26,4608229
1456756200,126.26,126.99,124.05,124.12,5575320
1456842600,124.78,125.97,123.98,125.7,4916912
1456929000,125.48,125.87,124.46,125.59,3967489
1457015400,125.2,127.26,124.78,126.8,5009737
1457101800,127.37,127.498,125.16,125.56,6448180
1457361000,125.01,126.54,125.01,126.17,4161174
1457447400,125.22,128.2,125,126.72,5280935
1457533800,127.03,127.52,125.33,126.03,4047028
1457620200,126.2,127,124.31,125.89,4503668
1457706600,126.97,128.76,126.73,128.46,4626637
1457962200,128.43,129.66,128.1,128.84,3653235
1458048600,128.78,130.48,128.62,129.71,4034561
1458135000,129.63,131.11,128.81,130.45,3609559
1458221400,130.1,131.19,129.32,130.88,4131168
1458307800,131.14,132.09,130.83,131.35,8069183
1458567000,131.53,132.13,130.27,131.01,3816956
1458653400,130.61,131.22,129.92,130.59,3946527
1458739800,130.59,131.18,129.95,130.22,3625269
1458826200,129.54,130.76,129.46,130.46,3449469
1459171800,130.6,131.81,130.49,131.08,2621143
1459258200,131,132.9,130.71,132.47,3405373
1459344600,133.11,133.929,132.84,133.42,3138348
1459431000,133.56,134.29,133,133.43,3685885
1459517400,133.1,135.2,133.1,134.85,4259433
1459776600,136.07,136.23,134.35,134.85,3548253
1459863000,134.2,135.7,133.9,134.58,4068595
1459949400,134.25,135.7401,133.82,135.44,3365550
1460035800,134.73,135.24,133.12,133.87,3953672
1460122200,134.62,134.62,133.06,133.62,2924397
1460381400,133.58,135.08,132.96,133.01,3472679
1460467800,133.3,134.72,133.11,134.38,4251412
1460554200,134.86,134.86,133.22,133.84,4324776
1460640600,133.5,134.7125,132.88,134.37,4183300
1460727000,134.41,135.275,133.97,135.01,3508913
1460986200,134.81,136.8,134.74,136.8,3965031
1461072600,136.8,137,134.85,135.44,4649466
1461159000,135.75,136.08,134.48,135.19,4760195
1461245400,135.23,135.49,134.39,134.6,3542180
1461331800,134.85,135.68,133.41,135.66,4180910
1461591000,135.18,135.7299,134.28,135.65,2835404
1461677400,135.09,136.24,134.88,135.34,3507212
1461763800,135.37,136.28,134.765,135.75,3488050
1461850200,134.81,135.44,132.49,132.73,5553551
1461936600,132.71,134.3,131.75,133.89,4610053
1462195800,134.37,136.25,134.31,136.05,4284363
1462282200,135.45,135.8399,134.04,134.54,3408711
1462368600,133.59,135.4,133.13,135.16,3192089
1462455000,134.87,135.37,133.75,134.67,3474903
1462541400,134.48,135.81,134.311,135.7,3356848
1462800600,135.59,136.47,135.24,136.24,3552322
1462887000,136.32,137.82,136.3,137.51,3662758
1462973400,136.8,137.05,134.04,134.3,6058405
1463059800,135,135,133.1,134.19,5355621
1463146200,133.81,135.33,133.03,133.13,5295789
1463405400,133.84,136.55,133.08,135.34,8394783
1463491800,133.15,134.49,131.1,132,15989556
1463578200,131.03,132.7701,130.02,131.77,8258938
1463664600,131.45,132.13,130.78,131.73,4577199
1463751000,131.89,133.06,131.748,131.85,5089786
1464010200,131.84,132.48,131.3,131.42,3854497
1464096600,132.18,133.8701,132.05,133.36,5181511
1464183000,133.46,134.52,133.05,133.2,5017700
1464269400,133.13,134.36,132.86,134.05,3996805
1464355800,134.07,134.9,133.38,133.94,4025272
1464701400,133.57,133.8,131.72,132.12,6366892
1464787800,131.58,132.12,131.15,131.83,4744329
1464874200,131.85,132.7,131.33,132.41,3858481
1464960600,132.53,132.73,130.92,131.74,4155852
1465219800,130.82,130.87,128.47,129.19,8051735
1465306200,129.38,130.8,129.32,129.92,4433982
1465392600,130.01,130.295,129.25,129.59,3742365
1465479000,129.27,129.84,129.04,129.3,3450623
1465565400,128.45,129.227,128.21,128.83,3926010
1465824600,128.94,129.45,127.785,127.83,4830907
1465911000,127.31,127.44,124.71,125.24,7303517
1465997400,125.74,127.75,125.49,126.53,5139988
1466083800,126.05,127.54,125.66,127.36,4432314
1466170200,127.52,127.78,126.73,127.14,7541933
1466429400,128.13,128.85,127.42,127.62,3880279
1466515800,127.96,128.3114,127.285,127.74,3600869
1466602200,127.69,128.97,127.4,127.6,3723663
1466688600,128.98,129.1,127.45,128.29,4784451
1466775000,126.1,127.8,125.5,126.4,8979810
1467034200,125.34,125.75,123.62,124.67,5674722
1467120600,125.89,127.53,125.6,127.53,5385017
1467207000,127.9,128.47,126.9,127.37,5782130
1467293400,127.27,127.86,126.1,127.69,6641997
1467379800,128.29,130.23,128.12,129.62,5645180
1467725400,129.6,130.48,128.503,129.35,4096582
1467811800,129.2,131.61,129.03,131.57,4933160
1467898200,131.25,132.18,130.56,131.16,3973585
1467984600,132.33,134.36,132.25,134.34,4806226
1468243800,134.83,135.88,134.45,135.15,4576988
1468330200,135.24,135.99,134.3,134.84,3615776
1468416600,134.84,135.2,133.1,133.56,4235486
1468503000,134.4,134.79,133.83,134.54,3122618
1468589400,135.12,135.59,134.65,134.78,5322955
1468848600,135.46,136.48,134.81,136.34,3730925
1468935000,136.07,137.05,135.56,136.98,3831522
1469021400,137.4,137.45,136.77,137.41,3092010
1469107800,136.76,137.14,135.47,136.07,4975146
1469194200,136.41,136.64,135.96,136.52,2627239
1469453400,136.55,136.85,136.15,136.5,3352553
1469539800,136.5,137.51,136.06,136.75,2575629
1469626200,137.01,137.69,135.96,136.31,3030755
1469712600,136.19,138.12,136.105,137.96,3229964
1469799000,137.46,138.72,137.44,138.24,3662581
1470058200,138.06,138.94,137.85,138.77,3157785
1470144600,138.91,139,136.82,137.22,3898130
1470231000,137.13,137.22,135.7,137.06,3642635
1470317400,135.79,137.2,135.46,136.05,3802914
1470403800,137,137.74,136.6,136.91,3022121
1470663000,136.91,137.401,136.16,136.21,3182761
1470749400,136.27,137.09,135.34,136.11,3180435
1470835800,136.3,136.89,135.06,135.6,3438042
1470922200,136.31,137.5,135.17,137.04,4183308
1471008600,136,137.39,135.6321,136.57,4090019
1471267800,137.11,137.97,136.93,137.06,6327437
1471354200,137.65,138.65,135.66,136.23,7286139
1471440600,135.5,136.47,134.75,136.15,5222166
1471527000,136.03,136.15,134.44,134.8,4430783
1471613400,134.42,135.76,134.32,135.46,3959011
1471872600,135.6,135.85,135.02,135.34,2752526
1471959000,135.93,136.55,135.93,136.22,2961061
1472045400,135.77,136.25,134.81,135.06,4113011
1472131800,134.73,136.16,134.37,135.43,3168909
1472218200,135.43,136.18,133.92,134.36,4193411
1472477400,134.86,135.3,134.58,135.24,3227691
1472563800,134.8,135.05,133.63,134.1,3440622
1472650200,133.89,134.68,133.6,134.12,4650586
1472736600,134.48,135.06,133.66,134.23,3851836
1472823000,134.77,135.88,134.55,135.15,3402622
1473168600,134.96,135.72,133.8814,134.1,4220390
1473255000,133.3,133.87,132.16,132.79,4676049
1473341400,131.55,132.94,131.12,131.26,5019625
1473427800,130.64,130.89,127.73,127.74,6315009
1473687000,126.5,128.855,126,128.59,7882616
1473773400,127.74,128,125.43,125.72,6376284
1473859800,125.61,126.945,125.565,126.26,4313902
1473946200,125.97,127.635,125.71,126.96,5110485
1474032600,127.02,127.02,125.7,126.11,6941162
1474291800,126.68,127.37,126.17,126.29,4525406
1474378200,126.86,127.33,126.33,126.83,3627058
1474464600,127.52,128.59,126.55,128.11,5367370
1474551000,128.82,129.65,128.72,128.75,4099666
1474637400,128.63,129.2,127.79,127.79,4464702
1474896600,127.1,127.23,125.35,125.45,5338465
1474983000,125.8,126.99,125.36,126.82,4433646
1475069400,127.21,128.53,127.06,128.27,5751066
1475155800,128.5,130.74,127.91,127.93,5987472
1475242200,127.87,129.24,127.63,128.68,6044649
1475501400,128.2,128.82,127.97,128.5,3652715
1475587800,128.53,129.92,127.95,128.2,4848592
1475674200,128.32,129.03,127.52,127.58,4115427
1475760600,126.87,130.45,126.43,130.19,7472410
1475847000,129.83,130.41,127.88,128.31,5511856
1476106200,128.45,128.94,127.25,127.25,4349741
1476192600,126.85,127.08,125.46,125.85,5113918
1476279000,125.85,127.16,125.71,126.69,3545903
1476365400,126.25,126.66,125.173,126.29,3655714
1476451800,126.9,127.56,126.42,126.42,4462055
1476711000,126.18,126.8,124.88,125.14,3753022
1476797400,126.15,126.25,125.15,125.74,3563302
1476883800,125.76,126.09,124.51,125.89,4095509
1476970200,125.95,127.08,125.57,126.25,3543223
1477056600,125.31,126.8,125.25,126.6,3234121
1477315800,127.23,128.14,127.23,127.78,3824784
1477402200,126.27,126.27,123.29,123.34,8731869
1477488600,122.83,123.75,122.4,122.71,5456080
1477575000,122.71,123.46,121.85,122.26,4261602
1477661400,122.7,124.09,122.2065,123.58,4497717
1477920600,123.35,123.5,121.62,122.01,5671525
1478007000,121.69,122.25,119.2,119.89,7492561
1478093400,119.93,121.29,119.82,120.29,4846031
1478179800,120.34,120.93,120.08,120.18,5113496
1478266200,120.54,121.9,120.06,120.91,4607581
1478529000,122.5,123.98,122.31,123.75,5510441
1478615400,123.95,125.42,123.6,124.25,6105908
1478701800,120.95,126.26,120.32,126.02,8052506
1478788200,126.72,130.1,126.51,129.03,8736986
1478874600,129.06,130.13,128.72,129.85,5496122
1479133800,130.5,130.64,126.94,127.67,11438461
1479220200,127.07,127.67,122.92,124.4,13445388
1479306600,123.6,125.7,123.28,125.33,9793361
1479393000,125.87,129.14,125.7,128.93,6801184
1479479400,128.93,129.36,127.72,128.33,4428888
1479738600,128.28,128.9,127.41,128.22,4072116
1479825000,128.38,131.3,128.38,130.98,5535796
1479911400,131.36,131.99,130.86,131.21,3610508
1480084200,131.86,132.135,131.07,131.57,2545977
1480343400,131.25,131.65,130.17,130.64,4858978
1480429800,130.35,130.78,129.25,129.62,4127122
1480516200,129.34,130.32,128.81,129.4,6973817
1480602600,129.34,130.35,129,129.47,5398674
1480689000,129.04,130.615,128.91,129.87,3738338
1480948200,130.32,130.46,129.56,129.68,4065425
1481034600,130.13,130.14,128.6775,128.74,4292631
1481121000,128.75,133.06,128.75,132.46,6987286
1481207400,132.21,133.13,131.58,132.53,4975419
1481293800,132.51,133.4,131.1,133.39,5174577
1481553000,133.13,134.66,133.13,134.58,6276457
1481639400,134.55,136.89,134.55,136.54,6886268
1481725800,136.05,136.88,135.75,135.98,7036307
1481812200,136.51,137.325,135.77,135.84,5839829
1481898600,136.11,136.61,135.05,135.11,9429345
1482157800,135.06,136.5,134.79,135.44,3463558
1482244200,135.65,137.24,135.43,137.11,4301529
1482330600,136.93,137.24,136.56,136.83,2705523
1482417000,136.25,137,135.18,135.43,4094846
1482503400,135.65,135.99,134.79,135.05,2337685
1482849000,134.76,135.72,134.71,135.26,2254948
1482935400,135.57,135.86,134.66,135.07,3369386
1483021800,135.02,135.8499,134.63,135.1,2777885
1483108200,135.64,135.82,133.83,134.08,4149140
1483453800,135.1,135.51,133.589,134.31,5300410
1483540200,134.34,135.94,134.21,135.5,4055284
1483626600,134.98,135.46,133.7801,133.9,3821073
1483713000,133.97,134.33,133.05,133.53,3827482
1483972200,133.22,134.76,133.14,134.31,4310227
1484058600,134,136.38,133.77,136.1,5928339
1484145000,136.1,136.385,134.74,135.7,4643728
1484231400,135.51,135.53,133.94,135.07,3600181
1484317800,134.92,135.75,134.76,135.04,3117703
1484663400,135.09,136.48,134.76,135.93,3976936
1484749800,135.9,136.295,134.92,136.16,3869678
1484836200,136,136.78,134.93,135.39,5078666
1484922600,135.26,136,134.6,135.6,4853902
1485181800,135.31,138.27,135,138.07,7056159
1485268200,137.88,138.38,137.3,138.06,4055080
1485354600,138.45,139.37,137.43,137.48,3631714
1485441000,138.01,139.18,137.71,138.46,2931605
1485527400,138.8,138.83,137.7,138.33,3149464
1485786600,137.99,138.49,136.86,138.47,2705039
1485873000,137.63,138.615,136.85,137.58,3227039
1485959400,137.66,137.96,136.53,137.44,2968801
1486045800,137.47,137.55,136.56,136.95,2197649
1486132200,137.26,138.47,136.97,137.98,2654729
1486391400,137.43,137.9,136.45,136.49,3864067
1486477800,137.16,137.7,136.33,136.65,3242017
1486564200,136.89,137.91,136.82,137.88,2882742
1486650600,137.78,139.15,137.41,138.71,2931873
1486737000,138.6,140.57,138.245,139.85,3296963
1486996200,140.48,140.65,139.05,139.87,2753068
1487082600,139.95,141.365,139.34,141.36,4775802
1487169000,141.27,142.66,140.95,142.19,4343541
1487255400,142.39,142.985,140.9,141.54,4295811
1487341800,141.36,143.12,141,143,5108352
1487687400,145.6,145.65,143.25,145.02,9275897
1487773800,145.05,145.47,143.97,145.25,5037762
1487860200,146.11,146.33,144.51,144.71,4184046
1487946600,144.65,146.0799,144.65,145.95,3516923
1488205800,145.87,146.01,144.8,145.3,4388414
1488292200,144.98,145.63,144.465,144.91,4211949
1488378600,146.72,147.6999,145.891,146.68,6213540
1488465000,147.08,148.23,146.3886,147.95,4053412
1488551400,148.12,148.26,146.82,147.81,3413398
1488810600,147.13,147.51,146.58,147.13,3998026
1488897000,146.33,146.95,145.83,146.02,3996289
1488983400,146.22,147.12,145.92,146.92,3614479
1489069800,147.08,147.16,146.53,146.62,3594694
1489156200,147.24,147.46,146.45,146.85,3123243
1489411800,147.33,147.67,146.5,147.43,2933276
1489498200,147.27,147.59,146.46,147.16,3272706
1489584600,147.35,148.38,146.76,147.95,3670513
1489671000,148.4,149.19,148.01,148.73,3544464
1489757400,149.4,149.99,148.13,149.6,9001961
1490016600,149.38,149.59,147.7,147.8,5906058
1490103000,148.33,148.7,146.26,146.61,4530019
1490189400,146.73,147.93,146.06,147.36,3169038
1490275800,147.28,148.41,147.03,147.99,3219352
1490362200,147.85,150.15,147.01,147.71,4735361
1490621400,147.07,147.68,146.26,146.87,2943006
1490707800,147.29,147.35,145.94,147.2,4635629
1490794200,146.37,147.42,145.96,147.04,3729960
1490880600,146.72,147.38,146.43,146.95,2450781
1490967000,146.87,147.18,146.65,146.83,3248666
1491226200,146.94,147.2005,146.09,146.62,3775283
1491312600,146.5,146.9,146.05,146.34,3124200
1491399000,146.63,148.44,146.58,146.64,3390363
1491485400,147.04,147.96,147,147.24,2699679
1491571800,147.1,147.8,146.9,147.13,2869120
1491831000,146.96,148.995,146.75,148.21,5044458
1491917400,147.91,148.65,147.1,148.2,2844794
1492003800,147.42,147.57,146.367,146.54,4445599
1492090200,146.42,147.01,145.87,145.91,2346886
1492435800,145.9,147.31,145.76,147.31,3467650
1492522200,147.06,148.18,146.77,147.76,2969413
1492608600,147.93,148.4,147.02,147.22,3460975
1492695000,147.66,149.05,147.44,148.72,3700195
1492781400,148.49,150.146,148.4,150,5019927
1493040600,151.08,152.0601,150.85,151.89,5077174
1493127000,152.79,154.65,152.79,153.03,5487609
1493213400,153.11,154.8076,152.4,154.22,5120177
1493299800,154.69,156.27,153.89,156.12,5881432
1493386200,156.01,156.25,154.102,156.1,4983041
1493645400,156.22,156.27,154.21,154.21,3152949
1493731800,154.49,155.16,153.76,154.95,3295105
1493818200,155.16,155.39,154.59,155,2445489
1493904600,155.46,155.64,154.26,154.86,3793067
1493991000,155.34,155.75,154.09,155.73,2500636
1494250200,155.85,157.16,155.49,156.89,3184576
1494336600,157.04,157.74,156.29,157.68,3004377
1494423000,157.52,158.15,157.3,158.13,2617601
1494509400,157.35,157.7,155.33,156.2,3929068
1494595800,156.39,157.2,155.75,156.92,2926365
1494855000,157.28,157.84,156.66,157.33,6068872
1494941400,160.11,160.86,158.05,158.26,10120878
1495027800,157.08,157.3,155.89,156.09,5936974
1495114200,155.48,156.665,155.24,155.7,4858557
1495200600,156.04,156.74,155.32,156.3,4781806
1495459800,156.49,157,155.8,155.96,3802060
1495546200,155.91,156.43,154.68,154.83,4640854
1495632600,154.7,155.43,153.29,155,4593198
1495719000,156.2,156.69,155.35,156.46,3110806
1495805400,156.1,156.42,154.64,154.9,4284660
1496151000,154,154.56,153.52,153.88,3504291
1496237400,154.36,154.38,153.28,153.51,7158383
1496323800,153.52,155.16,152.74,155.15,3385133
1496410200,154.79,155.86,154.42,155.35,3485582
1496669400,155.53,155.62,154.23,154.79,2651789
1496755800,154.44,154.66,153.65,154.2,3260265
1496842200,154.69,155.3,154.35,154.96,3158964
1496928600,155.16,155.2335,153.3801,153.5,4041556
1497015000,154,154,152.78,152.96,4705349
1497274200,152.8,153.3,151.73,152.18,4473919
1497360600,152.31,154.04,152.06,153.99,3753767
1497447000,154.5,157.28,153.96,156.76,5999411
1497533400,156.13,157.27,154.92,156.77,3972260
1497619800,156.25,156.69,155.41,156.64,9105408
1497879000,156.91,159.03,156.39,158.81,5196140
1497965400,158.73,159.2242,157.6,157.67,4201226
1498051800,157.91,158.53,156.43,156.59,4071298
1498138200,156.44,157.07,155.47,155.48,3347363
1498224600,155.16,155.23,150.91,151.31,11422231
1498483800,151.67,151.97,151.13,151.42,4128535
1498570200,151.06,153.25,150.75,152.24,4567125
1498656600,152.75,153.45,152.36,153.23,5087003
1498743000,152.77,153,151.52,152.16,2855395
1498829400,152.51,154,152.27,153.4,3640851
1499088600,154.39,154.79,153.71,154.01,1658535
1499261400,154.01,154.295,151.46,152.69,4432537
1499347800,151.77,152.48,151.22,152.05,3408538
1499434200,152.04,152.87,151.9,152.23,3775383
1499693400,152.22,152.26,151,151.18,5081101
1499779800,151.45,151.81,150.5,150.6,5642013
1499866200,151.46,153.14,151.09,152.59,4275878
1499952600,152.82,154.13,152.6,153.29,3287961
1500039000,153.22,153.67,151.82,152.88,3588437
1500298200,152.9,154.5,152.72,153.89,4166618
1500384600,153.75,153.86,151.98,152.17,3783567
1500471000,152.55,154,152.55,153.3,2808385
1500557400,152.56,152.57,145.61,147.03,18264081
1500643800,147.03,147.46,146.13,146.65,9120167
1500903000,146.61,146.69,144.25,144.58,7295913
1500989400,145.74,147.4,145.28,146.97,5002381
1501075800,146.86,147.245,145.96,146.69,2835975
1501162200,146.18,147.86,145.89,147.73,5399029
1501248600,147.9,148.27,147.32,148.08,3421081
1501507800,148,149.98,147.54,149.6,5253318
1501594200,150.24,150.39,148.95,149.85,4110605
1501680600,149.94,150.86,149.92,150.5,3754192
1501767000,150.7,152.03,150.5,150.79,5146565
1501853400,151.01,152.75,150.8,152.75,3258581
1502112600,152.83,154.47,152.47,153.35,3833620
1502199000,153.32,154.2,153.08,153.35,3218945
1502285400,153.35,155.57,153.32,155.26,3844857
1502371800,155.19,155.98,153.88,153.88,4433653
1502458200,154.11,155.72,153.98,154.88,3650541
1502717400,156.04,156.05,153.56,154.26,6662484
1502803800,154.275,154.8,148.26,150.17,13528650
1502890200,151.45,152.95,151.16,152.25,6043875
1502976600,151.81,152.15,149.61,149.67,4460870
1503063000,149.61,149.61,146.96,147.49,6989147
1503322200,147.1,149.88,146.89,149.2,4222473
1503408600,149.29,150.58,149.29,149.91,3268114
1503495000,148.58,149.48,147.4271,149.1,5235444
1503581400,149.73,150.6,147.98,148.25,3736039
1503667800,148.51,150.53,148.4,149.65,3047971
1503927000,151.94,152.39,150.43,151.39,6845407
1504013400,150.07,150.9,149.03,149.84,5368723
1504099800,150,150.25,149.28,150,3640966
1504186200,150.61,150.925,149.85,149.87,6083340
1504272600,150.26,150.94,149.76,150.78,3383036
1504618200,151.71,153.92,151.7,152.93,7512387
1504704600,154.86,157.03,154.145,156.56,8126012
1504791000,158.17,159.28,156.79,157.93,8273080
1504877400,159.09,160.69,157.52,159.66,10088630
1505136600,158.42,158.74,156.22,158.37,8847928
1505223000,159.06,160.93,158.71,159.91,5794570
1505309400,160.39,161.38,159.55,160.02,4713676
1505395800,160.35,160.85,159.33,159.38,5290796
1505482200,159.98,159.99,158.29,158.4,9124244
1505741400,159,159,157.69,157.81,4010587
1505827800,157.8,158.32,157.16,157.66,3713412
1505914200,157.57,159.39,157.36,158.68,4599197
1506000600,158.87,159.556,158.72,159.19,3082093
1506087000,159.14,160.09,159.01,159.97,3576479
1506346200,160.05,161.43,159.75,161.1,4897741
1506432600,161.55,162,160.79,161.26,3222646
1506519000,161.38,161.69,160.14,160.92,3966238
1506605400,160.72,162.45,160.66,162.36,4614080
1506691800,162.5,163.61,162.15,163.56,3467426
1506951000,164.2,164.25,163.22,164.02,2721377
1507037400,164.06,165.28,164,165.17,3046381
1507123800,165.49,166.08,164.91,165.29,2746513
1507210200,165.07,166.25,164.26,166.12,3504865
1507296600,166.18,166.63,165.74,165.85,2916301
1507555800,166.14,166.63,165.42,165.71,2131837
1507642200,165.7,165.8,164.64,165.16,2755438
1507728600,165.19,165.865,164.45,165.25,2319308
1507815000,165.41,165.41,164.47,164.59,3397775
1507901400,164.92,166.0699,164.35,164.47,3259004
1508160600,164.47,164.67,163.26,164.22,2586716
1508247000,164.22,164.92,161.5111,163.35,4189197
1508333400,163.42,164.24,163.35,163.45,2758595
1508419800,163.5,164.11,162.77,163.24,2676062
1508506200,163.97,164.15,162.74,163.43,4166481
1508765400,164.04,166.265,163.75,164.74,3995110
1508851800,164.67,166.46,164.65,166.03,3686663
1508938200,166.11,166.95,165.3803,166.07,4189398
1509024600,166.39,167.94,166.1068,167.65,3750464
1509111000,166.8,167.75,166.46,167.34,3720385
1509370200,166.99,166.99,164.88,165.31,3906265
1509456600,165.4,166.34,165.1,165.78,2922416
1509543000,166.42,166.74,165.12,165.38,3568321
1509629400,165.01,165.01,160.53,162.71,6518907
1509715800,163.01,164.99,162.68,164.39,3080941
1509978600,164.8,164.88,163.01,164.22,3275469
1510065000,164.09,164.4,162.83,163.66,3198129
1510151400,163.34,164.68,163.27,164.05,2912866
1510237800,164.1,164.135,162.28,163.27,3405186
1510324200,163.34,164.58,162.93,164.11,3554945
1510583400,164.64,166.64,164.25,165.35,7189270
1510669800,163.62,168.14,163.15,168.06,10284002
1510756200,167.44,167.44,165.35,165.47,5534520
1510842600,166.68,167.76,166.06,167.5,4587949
1510929000,167,168.43,166.06,167.74,4530127
1511188200,168.14,170.69,167.8,170.45,4699894
1511274600,170.53,172.86,170.15,172.86,6229029
1511361000,172.89,172.94,172.04,172.06,4133497
1511533800,172.11,173.1,171.7425,172.33,1852886
1511793000,172.87,174.91,172.38,174.16,4539828
1511879400,174.89,176.77,172.9911,176.57,6048963
1511965800,176.57,178.43,175.68,177.25,4902161
1512052200,178.07,180.67,177.41,179.82,9180664
1512138600,180.32,180.6,176.7,180.42,4683390
1512397800,183.19,186.31,183.19,184.9,6193849
1512484200,184.79,184.91,182.2589,182.85,6347568
1512570600,180.25,182.15,178.68,180.8,6892458
1512657000,180.05,182.58,179.77,182,5484946
1512743400,182.5,183.9,182.16,183.41,5092113
1513002600,182.9,182.96,181.1201,182.25,6038891
1513089000,182.75,183.21,181.66,181.8,5275512
1513175400,182.01,183.67,182,183.03,5177363
1513261800,183.59,184,182.06,182.13,3542922
1513348200,182.99,183.21,182.13,182.58,8202172
1513607400,183.5,185.47,183.5,184.73,5011891
1513693800,185.24,186.72,184.6,185.98,4576282
1513780200,187,187.9024,186.035,187.31,5383692
1513866600,187.89,188.84,187.44,188.08,5859058
1513953000,188.46,188.46,187.27,188.13,3256564
1514298600,188.53,190.42,188.34,190.36,2969182
1514385000,190.6,191.49,190.01,190.19,5912613
1514471400,190.91,190.98,189.64,189.78,3175674
1514557800,190.74,190.74,189.53,189.53,4637827
1514903400,190.21,190.72,188.0103,188.03,4684674
1514989800,188,189.36,187.819,189.01,4530468
1515076200,189.87,190.87,188.47,190.51,4047365
1515162600,190.93,192.54,190.51,192.5,4224807
1515421800,191.72,193.72,191.6,192.04,3508451
1515508200,192.7,193.47,191.64,193.1,3012324
1515594600,192.76,193.216,191.65,191.8,3119520
1515681000,191.68,194.73,191.4,194.68,3899237
1515767400,195.5,199.42,194.82,196.42,6748410
1516113000,197.86,198.9496,195.7,196.31,5692715
1516199400,197.5,199.82,196.8401,199.82,3996052
1516285800,199.78,200.24,197.66,198.33,4474606
1516372200,199.81,201.33,199.13,201.33,5809640
1516631400,201.6,204.47,201.51,204.46,4857697
1516717800,204.89,206.35,204.151,204.9,3621745
1516804200,205.2,207.1,204.551,206.22,4370661
1516890600,206.8,206.83,203.84,205.37,3537694
1516977000,205.6,207.3098,204.44,207.23,3778050
1517236200,207.23,207.605,204.71,204.92,3634727
1517322600,201.47,203.15,191.57,201.81,5979620
1517409000,203.22,205.083,200.23,200.9,4547323
1517495400,199.34,202.25,198.28,199.9,3553795
1517581800,199.25,199.3,193.44,193.97,6178952
1517841000,190.07,194.295,180.38,183.11,10618526
1517927400,178.62,191.96,175.42,191.04,11682716
1518013800,190.73,194.515,189.72,191.29,6016847
1518100200,191.14,191.14,180.93,181.22,7241823
1518186600,183.25,186,175.79,184.12,9059239
1518445800,186.55,187.01,183.41,184.06,6783710
1518532200,183.23,183.99,180.89,183.72,4273771
1518618600,181.88,185.06,181.05,184.69,6767034
1518705000,186.74,187.19,183.255,185.27,5113323
1518791400,185.06,187.99,184.86,186.97,7619162
1519137000,189.9,191.44,186.31,186.71,8922129
1519223400,187.21,187.98,182.86,183.06,7527186
1519309800,183.72,186.2199,182.91,185.47,5653924
1519396200,186.2,188.41,185.62,188.35,4315388
1519655400,189.17,189.79,187.8601,188.46,4647963
1519741800,188.87,189.25,184.96,184.98,4618805
1519828200,184.41,186.6495,182.27,182.27,6419903
1519914600,182.75,184.4,178.25,179.64,6123863
1520001000,177.72,179.185,176.34,178.46,5671038
1520260200,177.86,182.26,177.7,181.74,5748553
1520346600,182.75,183,179.51,181.64,5306777
1520433000,178.82,180,176.82,178.58,4799246
1520519400,179.44,179.98,176.73,177.94,4750745
1520605800,179,182.24,177.92,182.16,4477217
1520861400,182.43,183.06,179.55,179.71,4993318
1520947800,179.59,180.95,177.86,178.35,6128147
1521034200,179.1,179.66,175.89,177.41,4531510
1521120600,177.69,179.86,176.72,178.07,3936650
1521207000,178.43,180.4,177.97,178.96,8410576
1521466200,178.65,179.32,176,177.1,4744511
1521552600,177.64,178.8883,177.16,178.16,4148338
1521639000,178.35,180.14,177.68,178.02,3494433
1521725400,177.42,178.56,175.08,175.29,5255092
1521811800,176.24,177.56,171.56,171.8,6021266
1522071000,174.11,176.8,173.515,176.38,7323601
1522157400,177.38,178.73,173.6,174.68,4713911
1522243800,175.24,177.53,173.92,174.76,4318636
1522330200,175.7,178.64,175.5,178.24,4423526
1522675800,177.15,177.69,170.42,172.9,7229319
1522762200,172.78,174.9385,172.43,173.76,5283287
1522848600,170.8,177.84,170.4204,177.44,4757299
1522935000,178,180.04,177.31,179.13,3799927
1523021400,177.98,178.52,173.35,174.45,5236946
1523280600,175.06,175.35,172.37,172.51,5079802
1523367000,174.03,174.1851,172.2352,173.49,4812883
1523453400,172,175.06,171.8,172.86,4228416
1523539800,173.31,174.24,172.9,173.36,3396657
1523626200,174.49,175.51,172.225,172.8,4311225
1523885400,174.23,175.6,173.32,174.43,3534205
1523971800,175.76,176.24,174.1,174.91,3106493
1524058200,175,180.25,174.99,179.85,5858880
1524144600,179.5,179.7,175.77,177.08,5407311
1524231000,177.85,178.89,176.32,177.01,5008614
1524490200,177.62,178.38,176.13,177.66,2987719
1524576600,179.3,180,175.05,176.26,4435423
1524663000,176.08,178.07,174.55,177.39,5587286
1524749400,178.46,185.93,178.08,185.72,8782470
1524835800,185.49,187.0432,183.87,186.46,4382418
1525095000,186.99,187.8,184.8,184.8,4173189
1525181400,184.73,184.73,181.4,184.63,3423884
1525267800,184.49,187.12,183.75,185.91,3866503
1525354200,184.87,184.9,181.201,183.19,4123873
1525440600,182.75,186.35,181.84,185.03,3896175
1525699800,185.4,185.5,182.67,183.56,3582327
1525786200,183.45,185.3,182.5,185.04,4168151
1525872600,185.03,186.5,183.57,186.36,3392251
1525959000,185.97,187.97,185.88,187.16,3850116
1526045400,187.63,190.8,187.35,190.31,5355073
1526304600,191.5,191.65,189.86,191.08,7035919
1526391000,189.5,189.69,186.101,187.98,10147044
1526477400,189.28,189.28,185.9,186.38,5044785
1526563800,186.25,187.18,184.87,185.33,4227660
1526650200,185.75,188.21,185.55,187.42,4697850
1526909400,188.2,190.67,188,189.79,4147784
1526995800,190.06,190.78,186.5175,186.87,4585635
1527082200,187.1,187.315,184.98,186.67,7387362
1527168600,186.79,187.41,184.67,187.15,3941299
1527255000,186.71,187.8302,186.05,186.85,2730436
1527600600,185.55,186.83,184.25,185,4725486
1527687000,184.83,187.8,184.01,187.09,3976000
1527773400,187.16,187.36,185.25,186.55,4839948
1527859800,187.21,188.83,186.52,187.35,3706248
1528119000,188.22,191.54,187.97,191.36,4103328
1528205400,190.44,192.38,189.7,191.94,4231253
1528291800,193.07,193.59,191.21,193.59,4134745
1528378200,193.83,197.2,193.83,196.17,4378743
1528464600,195.87,198.5,195.01,198.33,4006213
1528723800,198.91,200.52,198.34,199.64,4242950
1528810200,199.84,201.34,199.51,201.31,4616661
1528896600,201.3,201.58,199.6588,200.31,5128112
1528983000,200.26,201,198.16,199.67,4305893
1529069400,198.95,201.6,198.5,200.54,7820898
1529328600,198.94,200.91,198.11,200.69,3405347
1529415000,198.21,199.9,198.1,199.21,5501146
1529501400,200,200.13,198.12,199.08,3389588
1529587800,199.21,200.94,198.61,200.31,4695068
1529674200,200.79,201.2,197.17,197.41,7067329
1529933400,197.41,197.84,195.06,196.38,5127170
1530019800,196.58,197.33,195.6,196.36,3270629
1530106200,196.66,197.99,195.01,195.02,3771722
1530192600,195,196.01,193.51,195.21,2994073
1530279000,195.86,198.83,194.99,195.1,4106627
1530538200,193.82,194.18,192.12,194.02,3822776
1530624600,194.44,195.71,193.41,193.62,1608418
1530797400,194.49,194.74,193.13,194.41,3040575
1530883800,194.58,195.35,192.95,194.48,2552568
1531143000,195.7,196.71,195.03,196.08,2575076
1531229400,196.56,197.76,196.38,197.61,2842359
1531315800,197.22,197.76,195.9506,196.95,3309295
1531402200,198.2,198.48,197,197.95,2709206
1531488600,198.46,199.93,198.46,198.69,2311624
1531747800,199.14,199.22,197.89,198.88,2530462
1531834200,198.63,201.43,198.63,201.1,4662847
1531920600,201.02,201.92,200.19,200.97,3787846
1532007000,200.89,203.23,200.5463,202.63,3691097
1532093400,202.08,203.76,201.82,202.45,3568417
1532352600,202.46,203.39,201.9,202.23,2264267
1532439000,203.53,204.25,201.35,201.99,5058216
1532525400,201.4,202.29,199.07,201,4380559
1532611800,201.53,202.12,198.91,199.4,4280024
1532698200,200.21,200.49,196.68,197.14,3871568
1532957400,196.53,197.57,196.4,197.28,2331224
1533043800,197.69,198.03,196.87,197.52,2795866
1533130200,196.86,197.74,195.6,196.3,3086996
1533216600,195.1,195.8444,193.55,195.66,3543511
1533303000,196.03,196.4,195.25,195.64,2309318
1533562200,195.62,196.06,195.11,195.69,2515673
1533648600,196.35,197.2,195.64,197.05,3052464
1533735000,197.44,198.91,197.3,198.02,2177400
1533821400,199,199.74,198.04,198.08,2465988
1533907800,197.34,197.93,195.6438,196.3,2873006
1534167000,196.3,197.59,194,194.14,5294354
1534253400,195.17,195.98,191.27,193.1,11488074
1534339800,191.75,194.18,191.09,193.99,6049299
1534426200,194.02,196.09,193.72,195.39,5690109
1534512600,195.6,195.98,194.82,195.56,3885804
1534771800,195.84,198.44,195.4,197.93,2956741
1534858200,198.83,200.74,198.41,200.23,4124597
1534944600,200.8,203.55,198.6505,198.97,5007014
1535031000,199.39,201.41,199.14,200.16,3595033
1535117400,200.35,202.5,200,201.3,3054321
1535376600,202.83,202.95,201.19,201.98,2521349
1535463000,202.3,202.4196,200.63,201.97,3516441
1535549400,201.11,201.99,200.7125,201.68,2488194
1535635800,201,201.44,199.1,199.26,2825582
1535722200,199.38,200.91,199.29,200.77,4023306
1536067800,200.69,205.92,200.5,205.08,4612762
1536154200,204.83,206.67,203.15,204.15,3667119
1536240600,204.59,207.09,203.8,205.89,3490531
1536327000,205.45,207.2299,205.43,206.23,3672696
1536586200,208.13,211.62,208.13,210.69,5586552
1536672600,213,214.66,211.5,213.85,5969470
1536759000,214.03,215.43,210.91,211.98,5660075
1536845400,211.44,211.44,208.7,209.45,4701094
1536931800,210.19,210.53,207.55,209.07,3622393
1537191000,209.08,210.035,208.26,208.4,3074720
1537277400,208.63,211.73,208.16,211.02,4338462
1537363800,212,212.67,210.66,211.68,2579094
1537450200,211.66,212.61,211.005,211.06,4020776
1537536600,211.3,212.66,210.51,212.39,9749205
1537795800,211.52,211.84,207.96,207.99,4623688
1537882200,208.84,209.3,206.8,207.46,4443309
1537968600,208.58,209.14,207.23,207.52,2965845
1538055000,207.5,207.83,205.6713,206.84,3218841
1538141400,206.44,208.85,206.35,207.15,3966222
1538400600,208.52,209.79,207.37,207.6,3670701
1538487000,207.49,208.04,204.67,204.75,4428039
1538573400,206.1622,206.46,203.65,203.74,4162453
1538659800,203.65,203.76,198.27,198.85,5996170
1538746200,199.07,199.7,194.57,196.38,5016586
1539005400,196.24,198.66,195.06,198.41,3731816
1539091800,197.95,199.18,195.58,195.75,4466758
1539178200,199.11,199.24,193.35,193.7,6157921
1539264600,193.71,196.67,188.47,189.74,5831416
1539351000,192.75,193.59,190.16,192.47,5450229
1539610200,192.36,193.29,190.7021,191.17,3642768
1539696600,191.83,194.08,190.61,193.58,4057412
1539783000,189.64,190.67,183.98,185.17,8985667
1539869400,184.26,185.4,179.53,180.44,9261963
1539955800,180.34,180.99,178.57,179.85,7004297
1540215000,180.82,181.4,177.56,178.75,4866716
1540301400,175.77,179.49,175.44,178.53,7004926
1540387800,178.58,182.3693,176.31,176.97,6791655
1540474200,177.52,180.5,176.8262,179.07,5227977
1540560600,176.88,177.34,170.91,172.23,9472382
1540819800,173.74,175.99,170.95,173.2,5918379
1540906200,173.16,176.43,172.64,176.24,5657107
1540992600,177.98,178.85,175.59,175.88,6339454
1541079000,176.84,180.86,175.9,180.46,5225343
1541165400,182.47,183.01,177.39,179.93,4730558
1541428200,181.02,182.41,179.3,182.19,3885319
1541514600,181.93,182.65,180.05,182.01,3339037
1541601000,183.79,187.68,182.06,187.23,4673834
1541687400,187.13,188.69,185.72,188,4054004
1541773800,188.32,188.48,184.96,185.99,4761172
1542033000,185.23,186.95,179.02,179.43,7590396
1542119400,177.3,181.62,172.85,179,14274029
1542205800,182.61,182.9,179.15,179.9,7561076
1542292200,179.01,179.67,173.61,177.36,8663136
1542378600,173.99,177.605,173.51,177.02,6834880
1542637800,176.71,178.88,172.3,173.59,6203443
1542724200,169.25,172,167,169.05,8661014
1542810600,170,170.93,169.145,169.3,5752238
1542983400,169.39,170.33,168.47,168.85,2710983
1543242600,170.2,172.39,168.87,169.82,6140476
1543329000,169.11,173.38,168.82,173.22,7084925
1543415400,172.91,177.65,170.62,177.43,7133627
1543501800,176.8,177.27,174.92,175.66,4329330
1543588200,175.75,180.37,175.11,180.32,8942386
1543847400,183.29,183.5,179.35,181.74,7609902
1543933800,181.06,182.23,174.55,175.3,7059563
1544106600,173.5,176.04,170.4551,175.96,7571194
1544193000,175.35,178.36,172.24,172.79,6226078
1544452200,173.39,173.985,167.73,171.69,5373771
1544538600,174.3,175.6,171.24,172.21,5229405
1544625000,173.75,176.87,172.81,174.21,5912831
1544711400,174.31,174.91,172.07,173.87,6102173
1544797800,172.98,175.14,171.95,172.29,4265183
1545057000,171.51,171.99,166.93,167.97,5631716
1545143400,168.9,171.95,168.5,170.04,4462210
1545229800,170.92,174.95,166.77,167.56,6996948
1545316200,166.28,167.31,162.23,164.16,7675587
1545402600,162.81,167.96,160.17,160.48,13034747
1545661800,160.16,161.4,158.09,158.14,4547363
1545834600,159.46,168.28,159.44,168.28,6141459
1545921000,166.44,170.46,163.3627,170.32,5069251
1546007400,171.22,173.12,168.6,170.22,4551989
1546266600,171.47,173.24,170.65,171.82,4206020
1546439400,169.71,173.18,169.05,172.41,4242898
1546525800,171.84,171.84,168.21,168.61,4810468
1546612200,170.18,174.74,169.5203,173.62,4762627
1546871400,173.83,178.18,173.83,177.04,4928789
1546957800,178.57,179.59,175.61,177.89,4722367
1547044200,177.87,181.27,177.0999,179.73,4922046
1547130600,178.03,179.24,176.34,179.06,3605294
1547217000,177.93,180.26,177.12,179.41,3285063
1547476200,177.59,179.23,176.9007,178.81,3871399
1547562600,176.08,177.8212,175.2,176.47,5016065
1547649000,177.09,177.93,175.86,177.04,4075410
1547735400,174.01,175.46,172,174.87,6499188
1547821800,176.98,180.04,176.18,179.58,6371422
1548167400,177.49,178.6048,175.3626,177.11,6272715
1548253800,176.59,178.06,174.53,176.89,4910402
1548340200,177,177.53,175.3,177.29,3860309
1548426600,179.78,180.87,178.61,180.4,4502516
1548685800,178.97,179.99,177.41,179.83,4091373
1548772200,178.96,180.15,178.09,179.69,3686877
1548858600,180.47,184.2,179.78,182.18,5197765
1548945000,181.5,184.67,181.06,183.53,5138001
1549031400,184.03,185.15,182.83,184.37,4513184
1549290600,184.3,186.43,183.84,186.43,3050201
1549377000,186.89,186.99,184.69,186.39,4175859
1549463400,186.69,186.69,184.06,184.72,3072472
1549549800,183.74,184.9231,182.45,184.07,2793487
1549636200,183.05,184.58,182.72,184.54,2792477
1549895400,185,185.42,182.75,182.92,3729222
1549981800,183.84,186.4,183.52,185.52,3773229
1550068200,186.3,188.68,185.92,188.41,4147029
1550154600,187.5,188.93,186.0025,187.71,2600831
1550241000,189.87,192.62,189.05,192.39,4997891
1550586600,191.71,193.19,191.28,192.33,3828464
1550673000,192.39,192.4,191.11,191.85,3970075
1550759400,191.85,192.37,190.61,191.82,3094240
1550845800,191.69,192.54,191.62,192.39,3321635
1551105000,192.75,193.4199,189.96,189.98,6190665
1551191400,185.59,188.47,182.8,188.3,13635082
1551277800,187.9,188.5,183.21,183.67,8766217
1551364200,183.6,185.19,183.11,185.14,8060552
1551450600,185.82,186.56,182.861,185.17,5481417
1551709800,186.2,186.24,182.1025,183.81,5046772
1551796200,184.24,185.12,183.25,184,3690994
1551882600,184.53,184.97,183.84,184.45,4460878
1551969000,184.39,184.62,181.58,182.51,4122194
1552055400,181.49,181.91,179.52,181.23,3873432
1552311000,182,183.1966,181.2,182.44,3866236
1552397400,183.43,184.27,182.33,184,3776971
1552483800,183.24,183.78,181.0801,181.14,4528250
1552570200,181.28,181.74,180.5,181.61,4393038
1552656600,182.3,182.49,179.57,182.23,8059489
1552915800,182.53,183.48,182.33,183.42,4395846
1553002200,184.19,185.82,183.48,184.13,4437087
1553088600,184.3,187.12,183.43,186.1,4772648
1553175000,185.5,190,185.5,189.97,4756126
1553261400,189.31,192.05,188.67,188.75,5173899
1553520600,188.75,191.71,188.51,189.68,3845892
1553607000,190.69,192.19,188.74,189.34,4143254
1553693400,189.65,191.61,188.39,189.25,4298373
1553779800,189.91,191.3999,189.16,190.06,3326131
1553866200,190.85,192.04,190.14,191.89,4674122
1554125400,192.99,195.9,192.85,195.64,5381379
1554211800,195.5,195.5,194.015,194.31,2717818
1554298200,194.98,198.785,194.11,198.61,4581479
1554384600,199,200.49,198.02,200.45,3138816
1554471000,200.86,203.13,200.61,202.06,3615266
1554730200,201.37,203.79,201.24,203.55,3040935
1554816600,202.26,202.71,200.46,200.9,3721698
1554903000,201.26,201.6,198.02,199.43,3587644
1554989400,199.9,201.5,199.03,201.48,2465415
1555075800,202.13,204.26,202.13,203.85,3097939
1555335000,204.16,205.14,203.404,204.86,3049880
1555421400,205.25,205.99,204.29,204.47,3271592
1555507800,205.34,206.84,205.32,206.55,3271891
1555594200,206.02,207.775,205.1,205.66,3162460
1555939800,204.11,206.25,204,204.78,2594207
1556026200,205.14,207.33,203.43,206.05,3702592
1556112600,206.16,208.295,205.54,206.72,2750949
1556199000,206.01,207.72,205.06,206.5,3292133
1556285400,205.88,206.14,203.34,203.61,3560313
1556544600,203.31,203.8,200.34,202.16,3785216
1556631000,201.55,203.75,200.79,203.7,3415616
1556717400,203.2,203.52,198.66,198.8,4644666
1556803800,199.3,201.06,198.8,201.01,2810109
1556890200,202,202.31,200.32,200.56,3583835
1557149400,198.74,199.93,198.31,199.63,2619675
1557235800,196.75,197.65,192.96,194.77,4622108
1557322200,194.49,196.61,193.68,195.17,3122569
1557408600,193.31,195.077,191.59,194.58,2917943
1557495000,193.21,195.49,190.01,194.58,3863576
1557754200,191,191.66,189.14,190.34,3326028
1557840600,190.5,192.76,190.01,191.62,3663632
1557927000,190.81,192.81,190.27,191.76,3355797
1558013400,192.47,194.96,192.2,192.38,3853985
1558099800,190.86,194.495,190.75,192.58,5223777
1558359000,191.13,192.86,190.61,190.95,4782752
1558445400,187.13,192.52,186.34,191.45,8555840
1558531800,190.49,192.22,188.05,188.91,5706339
1558618200,188.45,192.54,186.27,192,7754163
1558704600,192.54,193.86,190.41,193.59,3799486
1559050200,194.38,196.47,191.35,191.55,5165764
1559136600,190.28,191.88,188.03,189.99,4569945
1559223000,190.13,192.5,190.09,191.08,3029849
1559309400,189.64,190.29,188.66,189.85,3681598
1559568600,189.52,191.87,188.75,189.57,4620379
1559655000,191.58,195.5,191.42,195.25,5118128
1559741400,194.01,196.72,193.08,196.69,3704587
1559827800,196.65,197.65,194.96,197.17,3732940
1559914200,197.2,199.02,196.21,197.3,3522396
1560173400,198.56,199.85,197.32,198.05,3154460
1560259800,199.02,200.84,195.84,198.01,3708474
1560346200,198.81,200.185,197.98,198.94,2551590
1560432600,199.95,202.68,199.45,202.35,3631270
1560519000,201.31,206.5,201.31,205.77,4898440
1560778200,207,208.79,206,206.98,4620500
1560864600,208.1,210.17,207.11,207.48,3891295
1560951000,207.9,208.48,205.9,207.94,3648435
1561037400,209.57,211.66,209.31,211.25,5171454
1561123800,211.26,211.99,209.08,209.39,9854979
1561383000,208.15,209.26,205.12,205.5,4943452
1561469400,206.3,207.1,204.2,204.74,3588178
1561555800,205.34,207.32,204.65,206.42,3071224
1561642200,207.61,208,206.01,207.02,2286764
1561728600,207.77,209,207.39,207.97,11068972
1561987800,209.7,212.31,208.17,210.28,4100105
1562074200,210.24,210.26,208.46,210.14,3160610
1562160600,209.82,212.75,209.7,212.1,2183742
1562333400,209.97,212.17,209.7261,211.46,2547864
1562592600,210.98,213.44,210.59,212.91,2705327
1562679000,211.93,213.33,211.2,212,2397527
1562765400,210.72,211.32,208.8268,210.75,3457376
1562851800,212.25,214.08,211.02,214.04,3450056
1562938200,215,218.25,214.61,218.23,4429826
1563197400,218.95,219.2951,216.81,218.7,3141289
1563283800,217.3,218.35,216.73,217.26,2657421
1563370200,216.73,217.58,215.61,215.61,3037577
1563456600,215.5,216.23,213.01,214.44,3069619
1563543000,214.67,215.23,212.93,213.04,3255033
1563802200,213,213.26,210.38,211.27,2765719
1563888600,212.57,214.13,211.726,213.08,2590137
1563975000,213.19,214.79,213.07,214.71,2207164
1564061400,214.28,215.92,213.63,215.55,2335396
1564147800,215.53,217.21,214.1,216.91,2675559
1564407000,216.79,218.27,216.35,218.04,2407248
1564493400,217.52,218.59,216.86,217.36,2172571
1564579800,216.35,217.8,212.165,213.69,3426412
1564666200,214.14,217.61,212.02,212.83,3431473
1564752600,211.86,213.14,211.0812,212.15,2884886
1565011800,209.53,209.99,204.08,204.94,4553198
1565098200,205.01,209.09,204.5,208.8,3646800
1565184600,206.04,208.5,203.13,207.91,3901105
1565271000,209.7,211.69,208.7201,211.57,2968173
1565357400,211.45,212.4123,207.95,210.02,2912078
1565616600,208.1,209.64,206.15,207.01,1980408
1565703000,206.31,211.62,204.78,208.33,3906289
1565789400,204.46,205.36,201.51,201.59,4582123
1565875800,203,203.76,199.05,201.79,4199748
1565962200,203.75,204.43,201.6701,203.65,4093594
1566221400,206.98,208.82,205.3,207.95,6413591
1566307800,213.5,217.85,212.17,217.09,12455056
1566394200,218.73,220.88,216.76,220.4,7940577
1566480600,220.05,222.655,219.88,221.02,4545216
1566567000,219.9,220.87,216.01,217.47,5770379
1566826200,218.46,219.5,216.18,218.65,3680273
1566912600,219.55,220.41,217.91,218.21,4313269
1566999000,217.88,222.09,217.11,221.95,3072754
1567085400,223.9,227.7,223.76,227.32,4184912
1567171800,228.43,229.27,226.69,227.91,3769326
1567517400,226.45,227.63,223.38,224.07,4139414
1567603800,223.95,224.15,220.67,224.15,3146989
1567690200,226.3,228.78,226.25,228.15,3373539
1567776600,228.7,231.37,227.88,231.13,3237893
1568035800,231.5,233.87,230.075,232.87,4449066
1568122200,232.25,233.02,229.7117,233,4210672
1568208600,232.93,233.68,231.02,232.66,2978346
1568295000,233.42,235.49,233.11,233.8,3366138
1568381400,234.33,234.97,232.33,233.98,3805519
1568640600,232.73,233.61,230.61,230.99,3120219
1568727000,226.79,230.33,226.47,230.21,3806137
1568813400,230.37,231.53,229.01,230.83,3423131
1568899800,231.15,231.4,227.95,228.12,3254884
1568986200,227.99,230.05,224.23,224.67,7797035
1569245400,224.16,227.14,223.95,226.25,2955323
1569331800,228.14,230.2383,224.78,225.41,4518353
1569418200,226.59,228.45,224.5,228.1,3969380
1569504600,229.68,231.12,229,229.79,4383280
1569591000,231.61,231.75,229.13,229.86,3152242
1569850200,230.19,232.59,230.12,232.02,3258468
1569936600,233.01,234.51,230.72,231.08,3530209
1570023000,230.6,230.6,224.34,225.55,4371896
1570109400,225,226.81,222.12,226.81,2972928
1570195800,227.17,229.21,227.02,227.93,3188709
1570455000,227.51,228.13,226.05,226.74,2967658
1570541400,225.36,228.78,225.1,226.67,3568004
1570627800,228.5,229.56,226.61,228.94,2676280
1570714200,229.34,232.24,229.08,231.61,3052401
1570800600,234.32,236.7,233.76,234.66,3479059
1571059800,234.22,235.485,234.06,234.18,2538129
1571146200,234.69,236.86,234.6,235.62,2667156
1571232600,235.42,236.17,233.84,235.9,2389282
1571319000,236.36,238.1736,235.51,236.77,2296853
1571405400,236.99,238.73,235.64,237.93,3663925
1571664600,238.26,238.99,235.61,236.7,2079644
1571751000,237.3,238.3,236.516,237.2,2022890
1571837400,236.66,237.41,234.36,234.67,2138451
1571923800,234.81,236.37,233.07,233.89,2184113
1572010200,233.49,235.42,232.55,234.38,2210872
1572269400,234.95,236.96,234.56,236.8,2705001
1572355800,236.84,237.5,233.92,234.14,2558004
1572442200,233.51,236.6,232.88,236.24,1956669
1572528600,236.86,237.39,233.22,234.58,2824072
1572615000,236.07,237.445,235.061,237.34,2197403
1572877800,238.27,238.39,233.88,234.92,2542426
1572964200,234.74,234.92,230.27,232.2,3624629
1573050600,232.83,234.04,231.89,234.01,2631943
1573137000,234,235.79,231.76,232.94,2832865
1573223400,232.8,233.26,231.6313,232.84,2088455
1573482600,230.5,232.28,230.18,231.8,2310669
1573569000,232.15,234.63,232,233.12,2991171
1573655400,232.09,234.9,230.85,234.8,2625015
1573741800,235,236.94,234.04,236.55,2283848
1573828200,237.69,238.05,236.36,237.29,3526672
1574087400,238.44,239.3091,236.76,238.85,5766962
1574173800,230.6,233.12,225.4,225.86,14984830
1574260200,224.55,225,220.57,220.9,10228810
1574346600,221.94,222.31,218.5,218.54,7823720
1574433000,218.5,219.13,217.81,218.03,5786478
1574692200,218,218.53,216.88,218.4,8869811
1574778600,218.76,220.96,218.39,220.76,9988417
1574865000,221.68,223.4496,220.664,223,6691487
1575037800,223.3,223.33,220.29,220.51,2952948
1575297000,220.9,221.19,217.46,217.62,4428499
1575383400,216.45,216.45,212.9305,214,6734092
1575469800,213.5,214.96,213.19,214.1,4256397
1575556200,214.36,214.5,211.7701,213,4581409
1575642600,214.21,215.3595,213.9,214.28,4194211
1575901800,214.29,217.88,214.18,216.53,5149564
1575988200,216.52,216.69,215.1,215.9,4664413
1576074600,211.03,213.65,210.61,212,8286340
1576161000,212.5,214.13,210.73,212.04,9916525
1576247400,212.12,214.23,210.67,214.08,6870348
1576506600,214.43,216.715,214.3,215.53,5851489
1576593000,216.02,219.45,215.87,217.72,7578895
1576679400,218.21,219.59,217.64,218,6678292
1576765800,218.48,220.77,218.28,220.22,5765685
1576852200,220.59,221.569,219.8,221.19,7778259
1577111400,222,222,219.14,219.21,3945353
1577197800,219.5,221.04,219.22,220.67,2260656
1577370600,220.74,221.1532,219.59,220.82,2650339
1577457000,221.2,221.79,219.78,219.97,3082875
1577716200,220.37,220.49,216.5479,217.31,3952771
1577802600,217.1,218.51,216.44,218.38,3790250
1577975400,219.08,219.76,217.8401,219.66,3936097
1578061800,217.14,219.68,216.75,218.93,3425706
1578321000,216.49,220,216.4,219.96,5683576
1578407400,219.5,220.56,216.9,218.52,5696660
1578493800,218.8,222.97,218.665,221.79,4916829
1578580200,222.64,225.55,221.85,225.19,4844154
1578666600,224.75,225.49,223.03,224.22,4226760
1578925800,224.5,224.51,222.68,223.34,6061943
1579012200,222.48,224.9458,222.31,222.81,3916025
1579098600,222.28,224.98,222.13,224.59,3444310
1579185000,225.93,228.86,225.4,228.82,5390755
1579271400,229.61,232.6,228.91,231.91,7979597
1579617000,231.53,233.66,231.06,232.95,4873853
1579703400,233.79,236.53,232.8759,232.9,4030827
1579789800,232.13,234.8167,230.64,233.65,4617883
1579876200,234.46,235.43,230.56,232,4467501
1580135400,228.2,232.47,228.2,231.19,3595928
1580221800,231.82,235.25,231.35,233.86,3622093
1580308200,234.9,235.88,233.4,234.02,2564540
1580394600,232,233.295,231.57,232.79,4685674
1580481000,232.96,233.233,227.89,228.1,5304743
1580740200,230.3,233.53,229.35,231.54,5101207
1580826600,234.03,236.36,234.03,235,3505081
1580913000,237.1,238.32,235.86,238.11,3868791
1580999400,238,239.405,237.48,238.84,3930383
1581085800,238.84,239.5299,236.52,237.3,2456067
1581345000,236.6,240.61,236.18,240.61,2568037
1581431400,240.61,242.45,240.2035,241.64,2692405
1581517800,242.13,242.3003,238.84,241.59,3592140
1581604200,240.97,243.6,240.4,242.36,2468189
1581690600,243.44,245.2,242.63,245.03,2841585
1582036200,244.84,246.11,243.16,243.94,2893400
1582122600,244.91,245.5,243.01,243.64,2713341
1582209000,243.69,247.12,242.15,247.02,3701834
1582295400,246.5,247.36,244,245.34,3881083
1582554600,238.48,243.11,237.7,239.7,5350146
1582641000,246.1,246.97,236.48,237.38,8061529
1582727400,239.1,241.0407,234.32,235.28,6965709
1582813800,231.07,234.82,224.57,224.73,7612793
1582900200,218.63,221.0599,212.33,217.84,11814663
1583159400,219.98,230,218.49,229.94,7150821
1583245800,230.03,235.82,225.5705,227.94,8432488
1583332200,233.01,241.32,231.8,241.08,6769978
1583418600,236.6,239.6099,233.15,234.81,6473854
1583505000,227.57,230.29,222.25,228.51,7400162
1583760600,213.87,216.18,207.25,210.46,10120507
1583847000,217.21,225.83,211,225.7,7206600
1583933400,217.3,219.15,210.5,212.89,7261975
1584019800,195.41,206.58,184.84,190.59,10928673
1584106200,200.45,205.82,190,205.67,10292304
1584365400,181.97,186.1,163.11,164.96,12536627
1584451800,168.21,174.78,155.3,173.64,16234413
1584538200,159.8,162.33,140.63,155.63,14681865
1584624600,153.16,162.91,142,161.13,13499063
1584711000,162.78,170.22,151.81,152.15,12602415
1584970200,150.06,164.93,146.34,162.39,12241617
1585056600,173.39,185.67,172.01,184.72,14676623
1585143000,184.42,191.545,180,181.76,11497377
1585229400,183.49,198.2,182.5,195.21,10174075
1585315800,188.49,196.3827,186.5,190.55,7121658
1585575000,190.57,198.2,187.61,196.1,6936746
1585661400,194.8,195.49,185.45,186.71,7341134
1585747800,175.91,182.76,175,178.63,7858183
1585834200,174.95,182.72,174,181.31,6353948
1585920600,179.56,181.35,174.94,178.7,7299814
1586179800,188,192.41,185.1273,191.33,7454001
1586266200,202.92,204.11,191.85,192.29,6444195
1586352600,194.21,196.77,191.54,194.82,6094736
1586439000,199.8,205.99,196.5,201.53,7125726
1586784600,200.45,200.45,195.37,198.79,4415560
1586871000,201.88,209.725,200.13,207.17,5655443
1586957400,198.67,202.2351,196.6141,198.48,5693945
1587043800,199.12,202.21,196.82,199.85,7262770
1587130200,207.17,210.25,206.1631,209.42,6717580
1587389400,206.13,211.03,205.36,206.05,4753058
1587475800,200.75,204.34,199.51,200.61,4844962
1587562200,201.89,205.71,201.14,204.17,4071352
1587648600,203.32,206.97,202.19,202.32,3565518
1587735000,204.73,212.93,203.85,212.18,5026219
1587994200,215.04,220.94,214.01,217.76,5472779
1588080600,223.99,224.22,216.91,217.63,5080746
1588167000,221.34,224.17,219.82,221.81,4381069
1588253400,216.79,222.11,216.52,219.83,5152681
1588339800,216.77,219.7,215.77,218.57,3819299
1588599000,216.68,222.66,215.21,221.84,4090943
1588685400,224.94,228.85,223.61,225.61,4655164
1588771800,227.37,228.44,223.8,223.92,3321131
1588858200,226.51,231.6315,226.4201,229.45,4503029
1588944600,232.7,235.55,231.15,234.43,4367213
1589203800,231.77,238.77,231.25,236.56,4378313
1589290200,238.57,239.25,232.9,232.9,4399618
1589376600,233.04,236.3,228.544,230.1,6237154
1589463000,226.37,234.66,226.2,234.48,6434481
1589549400,232.79,243.23,232.7,239.33,16176261
1589808600,245.84,248.3199,244.04,245.35,8341251
1589895000,240.45,242.46,237.8,238.1,9386987
1589981400,242,242.27,234.95,238.19,7534153
1590067800,237.62,241.18,235.79,240.88,4772695
1590154200,240.7,242.34,238.655,241.88,3041768
1590499800,248.15,248.22,242.07,242.48,4535235
1590586200,242.69,247.39,240.78,247.36,4664800
1590672600,249.52,252.23,244.43,245.14,5261750
1590759000,245.06,249.71,244.73,248.48,5342824
1591018200,249.41,249.78,245.87,247.29,3409936
1591104600,248.63,252.72,247,252.71,5301049
1591191000,251.8,252.825,250.3913,251,4638114
1591277400,249.77,252.173,247.47,248.95,4759381
1591363800,252.34,255.85,250.38,254.9,5054333
1591623000,252.49,256.81,252.26,256.77,3811872
1591709400,255.33,258.29,253.86,256.76,3716430
1591795800,257.45,259.2867,254.22,254.45,3589810
1591882200,248.86,250.62,238.74,239.47,6563710
1591968600,243.07,246.39,237.05,242.45,5238493
1592227800,237.62,242.2199,234.31,241.36,6253342
1592314200,249.4,251.65,242.87,249.95,5296424
1592400600,252.77,254.62,250.08,250.85,4234003
1592487000,249.36,251.75,247.13,249.21,3347826
1592573400,253.1,254.3,246.38,246.65,11114627
1592832600,245.7,250.06,245.51,249.16,3815172
1592919000,253,253.44,250.13,250.31,3105348
1593005400,247.81,250.2873,242.73,246.13,3873027
1593091800,244.8,246.35,242.2,245.38,2938448
1593178200,245.35,246.1,240.25,241.01,5002690
1593437400,242.66,246.5,240.3401,246.12,3468293
1593523800,247,251.65,246.09,250.51,4524580
1593610200,249.65,250.3295,246.93,248.15,3677252
1593696600,251.94,252.3,247.92,248.5,3369796
1594042200,250.27,251.5,247.04,249.55,3133849
1594128600,247.37,250.78,247.07,247.35,2927762
1594215000,247.87,249.785,246.22,249.17,2293978
1594301400,249.66,250.51,246.35,247.96,2994695
1594387800,248.29,250.33,246.635,250.11,2745258
1594647000,251.92,257.86,249.09,249.62,4437469
1594733400,249,258.18,248.46,257.79,4614212
1594819800,260.14,261.2878,255.15,257.8,4343650
1594906200,256.76,260.5,256,258.08,2511224
1594992600,260.03,260.65,257.72,260.38,3094992
1595251800,259.04,261.2,258.02,260.17,2451072
1595338200,261.62,263.87,260.72,262.42,2440478
1595424600,262.59,265.59,262,265.17,2749966
1595511000,267.8,267.8,261.8,263.81,2680102
1595597400,265.04,266.89,262.99,265.31,2984507
1595856600,265.09,268.68,265.09,267.42,2412476
1595943000,268.56,269.07,264.6694,265.28,2226974
1596029400,264.8,267.105,264.17,264.66,2874097
1596115800,263.34,267.345,261.55,266.31,2347799
1596202200,265,267.17,260.61,265.49,3640388
1596461400,266.73,268.58,265.67,266.18,2364447
1596547800,266.63,267.89,263.84,267.87,2223957
1596634200,268.39,268.39,265.89,267.48,1963860
1596720600,266.6,270.44,266.53,269.37,2203428
1596807000,270.61,274.9199,269.81,271.64,2846290
1597066200,272.42,275,271.795,274.73,2393112
1597152600,277.69,279.37,274.41,274.92,3321260
1597239000,279.75,282.9673,276.96,281.58,3869967
1597325400,281.16,282.655,279.74,281.66,2202427
1597411800,281.14,282,279.19,280.55,2490422
1597671000,284.4,289.2172,283.57,288.24,5584428
1597757400,288.9,290.58,283.04,285,6934290
1597843800,287.46,287.97,281.93,282.86,4986759
1597930200,280.535,281.91,279.4351,280.68,3529991
1598016600,279.97,283.55,278.42,283.23,5504045
1598275800,284.99,286.85,281.9223,286.75,4430864
1598362200,287.27,287.48,283.885,286.13,2854466
1598448600,287.73,292.12,286.275,291.93,4001938
1598535000,292.22,292.95,286.56,288.63,3430926
1598621400,288.31,288.83,284.77,286.29,3100102
1598880600,285,286.69,282.87,285.04,4105437
1598967000,284.03,286.68,283.5,285.94,3238088
1599053400,284.85,288.04,283.6,287.2,3464637
1599139800,287.3,287.7,272.17,274.63,5380082
1599226200,275.55,276.77,264.6727,269.66,5253456
1599571800,267.11,271.04,262.81,269.26,5241197
1599658200,272.46,279.74,271.75,277.04,4754651
1599744600,278.01,280.98,271.17,272.7,3156250
1599831000,273.98,277.98,273.46,276.33,3729223
1600090200,278.55,282.46,278.015,280.65,3055846
1600176600,283.04,286.7,282.38,285.58,4174935
1600263000,285.61,286.58,280.6801,281.63,3380045
1600349400,277.91,282.72,276.96,279.96,3166910
1600435800,278.41,279.835,270.81,275.19,6072932
1600695000,271.87,272.8999,266.53,272.35,3547977
1600781400,271.68,273.52,270.63,273.31,2972025
1600867800,275.42,276.62,264.685,266.55,4467612
1600954200,265.71,269.7,263.8801,265.7,3095558
1601040600,264.19,270.15,263.9194,268.55,2457922
1601299800,271.93,274.22,270.3,272.33,3061079
1601386200,273.4,273.8415,271.1138,272.11,2049239
1601472600,273.48,279.915,272.52,277.71,4779076
1601559000,279.44,280,275.85,277.62,2696923
1601645400,274.94,281.08,274.1032,279.31,2943577
1601904600,280.92,282.42,279.7,282.1,2330743
1601991000,282.5,283,275.77,276.47,2992517
1602077400,280.85,284,280,282.79,3423651
1602163800,283.84,284.95,281.1707,284.52,2256215
1602250200,285.47,287.28,284.09,285.92,2240096
1602509400,287.39,288.33,286.06,286.91,2411899
1602595800,285.7,290.77,285.7,290.36,2699882
1602682200,289.51,290.3,285.15,287.09,2221184
1602768600,284.12,290.25,283.12,287.54,2700137
1602855000,288.25,292.655,287.25,287.66,3109401
1603114200,289.76,290.11,283.38,283.73,2428441
1603200600,285.14,289.79,284.13,286.04,2281770
1603287000,285.39,288.0187,283.28,284.51,2304473
1603373400,283.93,285.68,280.65,281.16,2787332
1603459800,282.38,283.19,279.55,283,1750747
1603719000,279.64,281.5299,272,276.04,2911876
1603805400,276.99,279.73,276.1157,276.84,3014280
1603891800,270.25,273.6696,268.6901,269.72,3255851
1603978200,269.69,273.7,267.3119,269.63,2872501
1604064600,268.82,269.62,262.03,266.71,3874571
1604327400,270.15,274.78,268.52,270.74,2956798
1604413800,274.85,279.53,273.72,277.37,3037485
1604500200,276.76,287.04,276.01,282.72,3525318
1604586600,288.35,288.998,284.08,285.85,2516570
1604673000,286.73,286.7799,282.85,284.24,2839134
1604932200,287.98,288.42,269.47,269.97,7856419
1605018600,272.785,275.79,269.25,275.57,4828522
1605105000,277.32,281.69,276.1701,277.75,2987878
1605191400,283,283.6943,273.84,276.24,3820310
1605277800,276.42,279.73,275.26,277.17,3941687
1605537000,279.18,281.29,276.4,279.57,5360160
1605623400,272.1,273.529,269.4001,272.47,8532219
1605709800,270.5,275.38,269,269.83,5122219
1605796200,270.42,272.38,268.7,270.93,3929422
1605882600,271.45,272.37,268.87,269.81,4112543
1606141800,270.01,273.689,269.55,271.4,3294219
1606228200,274,275.545,272.57,273.31,4775318
1606314600,273.48,274.74,271.212,273.96,3001748
1606487400,275.24,276.58,274.36,275.99,1625328
1606746600,275.22,277.76,271.92,277.41,4624131
1606833000,278.73,278.95,275.55,276.6,3944872
1606919400,273.97,274.11,269.57,271.1,4168645
1607005800,270.63,271.93,267.14,268.14,4168929
1607092200,267.47,268.73,262.82,263.99,7732829
1607351400,263.5,264.5,261,262.64,6378989
1607437800,261.72,262.5,258.73,261.72,5338142
1607524200,264.61,265.7708,262.25,265.58,4550125
1607610600,264.08,266.07,262.11,264.81,4234320
1607697000,263.36,265.3618,262.646,264.55,3454512
1607956200,266.14,268.5999,265.27,265.58,4576775
1608042600,267.51,268.7628,266.2,267.98,3756037
1608129000,268.53,270.75,267.51,269.59,4669578
1608215400,272.16,274.33,271.3,273.97,4247048
1608301800,274.59,275.74,270.3,270.45,9817032
1608561000,268.56,271.95,265.88,270.99,4339037
1608647400,270.06,271.36,268.51,270.04,3143451
1608733800,270.06,271,268.2,269.81,2337149
1608820200,269.44,271.36,269.4,270.92,1093947
1609165800,272.17,272.25,269.24,269.25,2633841
1609252200,269.98,270.46,265.07,266.19,2572074
1609338600,266.11,267.3,264.92,265.26,2511385
1609425000,265.57,265.95,263.58,265.62,2608139
1609770600,266.01,266.4446,261.06,263.92,5001983
1609857000,262.66,266.53,262.26,266.05,3822639
1609943400,264.06,269.77,261.87,267.57,3949198
1610029800,266.95,268.783,266.17,266.26,3833249
1610116200,267.35,270.7325,267,269.09,3757709
1610375400,267.47,273.37,267.26,271.23,3765227
1610461800,271.11,277.939,270.655,276.33,4030946
1610548200,278.31,280.48,273.94,274.05,3921418
1610634600,274.5,274.895,267.67,268.34,4641421
1610721000,268.63,276.39,268,275.59,5131741
1611066600,278,278,273.02,273.19,3615794
1611153000,273.25,277.21,271.5,274.3,3498412
1611239400,276.22,280.7,275.67,279.05,4401230
1611325800,279.26,285.08,277.87,284,4501941
1611585000,283.85,285.77,281.42,285.08,4025905
1611671400,285.42,285.65,281.695,282.6,2472211
1611757800,279.99,280.8099,273.08,274.05,4336987
1611844200,276.17,282.96,274.93,278.05,3462967
1611930600,275.81,277.06,270.03,270.82,4079485
1612189800,271.23,272.65,267.2533,270.07,3707825
1612276200,270,275.69,269.99,272.16,4111756
1612362600,271.89,275.72,270.715,274.17,2802674
1612449000,274.25,279.44,274.25,278.82,2975976
1612535400,280.29,281.7599,277.81,278.86,2389915
1612794600,279.69,280.4194,276.8895,280.03,3475827
1612881000,279.66,280.2,276.62,276.77,2507751
1612967400,278.03,278.93,276.25,278.69,2410575
1613053800,277.93,280.25,276.01,277.06,2595287
1613140200,277.12,278.71,276.58,277.51,2392184
1613485800,277.01,278.63,274.88,275.39,2873454
1613572200,275.54,281.79,275.4,280.92,3537815
1613658600,280.8,284.68,279.83,283.05,3531964
1613745000,282.87,283.91,279.44,279.64,4079946
1614004200,278.21,278.49,273.63,275.85,3995469
1614090600,269.38,269.67,257.58,267.24,12111045
1614177000,263.23,266.99,254.03,259.97,14512744
1614263400,259.75,260.9,254.71,255.25,6545422
1614349800,257.77,260.24,256.1105,258.34,7871183
1614609000,258.81,262.48,258.4739,261.62,4530280
1614695400,261.68,263.1099,259.7701,260.29,3740283
1614781800,259.28,260.5,256.01,257.36,4257543
1614868200,256,256.86,247.1,250.93,7154940
1614954600,252.26,254.2,246.59,253.52,6351823
1615213800,254.23,263.23,252.52,259.03,5037359
1615300200,262.73,267.5685,261.79,264.96,6625292
1615386600,265.92,268.75,264.08,266.24,3798409
1615473000,268.6,270.78,267.2,268.85,4371269
1615559400,267.45,273.81,266.76,273.1,4190460
1615815000,274.5,279.6527,274.34,278.54,4356177
1615901400,278.54,282.52,277.65,282.08,4458875
1615987800,281.14,283.88,279.25,280.03,5908380
1616074200,279.03,285.47,277.7601,283.16,4808075
1616160600,283.64,289.1,282.43,289.1,13729246
1616419800,286.5,290.33,284.2,288.94,5564871
1616506200,289.61,293.427,288.94,289.98,4801240
1616592600,289.26,296.779,288.99,292.75,4841970
1616679000,293.03,297.8787,292.455,297.18,5373520
1616765400,297.34,304,296.03,303.81,5865920
1617024600,303.3,305.55,299.93,302.2,4642897
1617111000,301.65,305.68,300.035,304.82,5045414
1617197400,305.5,308.02,304.14,305.25,4744061
1617283800,306.88,308.55,303.89,307.75,3923902
1617629400,309.84,315.85,309.74,315.4,4697182
1617715800,313.61,315.94,313.13,313.78,3988628
1617802200,312.84,315.14,310.93,312.47,3799321
1617888600,312.7,315.2499,310.59,314.43,4035628
1617975000,315.37,319.32,314.75,319.23,4607758
1618234200,317.72,321.31,317.31,320.79,3556832
1618320600,320.53,320.9,317,320.4,3635055
1618407000,319.71,322.7,319.29,320.02,3440628
1618493400,320.21,323.4,320.05,322.74,3508216
1618579800,324.84,328.67,323.935,328.08,6213121
1618839000,326.49,328.83,325.44,326.85,4494282
1618925400,326,327.69,322.16,323.96,4462880
1619011800,324.96,327.91,323.885,325.95,3740101
1619098200,326.2,326.43,318.84,321.46,4874998
1619184600,322.19,325.53,319.5754,323.89,3407497
1619443800,323.68,324,319.315,319.99,2848501
1619530200,320.5,322.4688,320.38,320.59,3335793
1619616600,321.95,322.96,319.3,319.71,2713438
1619703000,321.71,325.79,321.08,325.34,3261852
1619789400,325.05,325.835,321.61,323.67,3118747
1620048600,326.28,331.62,325.68,330.27,3683678
1620135000,329.12,333.23,328.88,332.77,3954400
1620221400,334.25,335.71,331.08,332.05,3227226
1620307800,333.67,337.81,333.23,337.58,3539581
1620394200,336.68,339.81,335.53,339.25,2998274
1620653400,340.45,345.69,339.54,341.12,4840551
1620739800,337.55,338,328.21,330.66,5500874
1620826200,326.52,328.8,316.27,317,5821980
1620912600,319,327.415,318.69,325.42,5161694
1620999000,326.29,327.32,321.86,323.63,3997955
1621258200,321,322.83,315.31,320.01,4388032
1621344600,320,324.555,314.7783,316.75,7010318
1621431000,312,314.75,309.066,314.45,5242148
1621517400,314.89,319.71,314.89,315.9,3854700
1621603800,317,319.2837,314.45,315.77,3920594
1621863000,316.84,318.74,314.59,314.84,2930620
1621949400,315.53,317.1,314.2474,316.75,3523348
1622035800,317.81,321.375,316.68,317.33,2881591
1622122200,317.3,320.41,317.3,318.77,3734767
1622208600,320.37,321.51,318.85,318.91,3197218
1622554200,320.66,321.255,315.17,316.31,3549754
1622640600,315.48,316.98,312.41,313.23,3380075
1622727000,311,312.925,309.69,311.43,2652535
1622813400,312.11,313.45,309.35,311.01,2638681
1623072600,311.12,312.33,307.88,309.96,3974785
1623159000,311.27,312.29,308.98,310.9,2913774
1623245400,311.45,312.98,306.9,307.34,3603743
1623331800,307.65,309.65,306.14,308.31,3286333
1623418200,309.27,311.24,308.35,310.77,2785057
1623677400,308.93,310.06,306.22,309.32,3393468
1623763800,308.75,308.95,303.485,306.45,5270587
1623850200,306.69,307.35,301.17,302.78,4492520
1623936600,303.05,305.2101,300.03,303.12,4481070
1624023000,299.25,303.83,298.4,302.61,8792671
1624282200,305.25,308.7194,304.87,307.6,3774182
1624368600,309.13,314.91,308.295,312.71,4418668
1624455000,312.02,313.6599,310.632,311.67,2564520
1624541400,313.12,314.8355,311.67,311.84,2649191
1624627800,312.24,315.46,311.5501,313.63,11733470
1624887000,313.66,315.27,311.3694,314.28,2635733
1624973400,315.788,320.299,315.56,318.24,3150142
1625059800,317.94,320.285,317.69,318.89,3061522
1625146200,319.91,321.69,318.5001,321.54,2578049
1625232600,322.53,323.12,321.35,322.7,2201785
1625578200,322.83,323.83,316.8,319.26,3109525
1625664600,318.49,324.4199,318.25,323.48,2939948
1625751000,319.07,320.33,314.8,318.54,3663159
1625837400,320.54,323.31,320.18,322.09,2587371
1626096600,321.07,324,320.53,321.74,2521771
1626183000,322.44,323.29,316.83,317.05,3213818
1626269400,318.75,320.06,318.0101,319.22,3381563
1626355800,317.38,322.96,317.3635,322.71,2603905
1626442200,324,326.28,321.4,321.54,3623944
1626701400,317.99,319,314.91,318.87,3752924
1626787800,318.5,326.13,318.27,325.35,4251678
1626874200,327.6,328.47,324.97,326.36,2832573
1626960600,327.94,327.97,325.33,326.66,2208229
1627047000,329.47,333.45,327.94,332.84,2786373
1627306200,330.07,331.56,326.88,331.18,2752275
1627392600,331.79,331.88,326.06,327.26,2910260
1627479000,326.42,329.33,324.71,325.52,2376160
1627565400,326.49,328.56,325.44,327.43,2172425
1627651800,326.85,330.11,326.34,328.19,2381388
1627911000,330,330,326.42,327.22,2016388
1627997400,328.35,333.0145,328.03,331.94,2405883
1628083800,330.69,331.92,329.39,330.31,1783670
1628170200,331.96,336,331.09,333.11,2284098
1628256600,334.69,335.71,329.1231,329.84,2656872
1628515800,329.23,331.07,327.3201,328.76,1995337
1628602200,328.67,333.24,327.146,331.48,1868143
1628688600,333.8,338.55,333.4,337,3258579
1628775000,337.35,338.17,332.28,334.02,2554783
1628861400,333.86,335.8,330.98,331.32,2217001
1629120600,330.71,335.63,327.97,335.05,3501342
1629207000,321,323.59,316.61,320.75,9322822
1629293400,319.34,327.86,319,321.55,4880638
1629379800,318.79,325.19,317.8,322.9,2974734
1629466200,322.64,329.68,322.47,329.24,2929948
1629725400,330,330.53,327.38,327.74,2792663
1629811800,328.76,328.84,324.51,324.9,2359831
1629898200,324.15,326.56,323.11,323.88,2587070
1629984600,323.208,324.99,321,321.48,2952338
1630071000,320.88,324.05,319.647,323.38,2985438
1630330200,325.91,329.5012,325.21,327.1,2926865
1630416600,327,328.2721,323.62,326.18,4183144
1630503000,325.56,325.78,320.28,323.64,3339053
1630589400,325.03,328.18,323.7,327.74,3111117
1630675800,325.33,330.9,325.16,330.34,2775245
1631021400,331.03,332.56,326.9,328.95,2555840
1631107800,328.95,331.93,327.63,331.58,2219483
1631194200,332.45,333.7286,330.87,331.77,3012064
1631280600,334,335.23,331.45,331.95,3178640
1631539800,334.95,337.15,332.75,335.45,3908660
1631626200,336.03,337.4899,332.4183,333.12,2857182
1631712600,333.36,334.67,330.1,333.37,2875484
1631799000,334.72,337.84,334.17,336.39,3043946
1631885400,334.95,339.645,334.95,335.67,7103090
1632144600,331.83,335.39,328.4301,331.21,4036622
1632231000,333.03,336.9676,332.0001,334.22,3171072
1632317400,335.85,339,333.4596,335.93,2873107
1632403800,337.84,339.52,335.6,335.91,2426771
1632490200,336.78,337.84,335.55,337.49,2005153
1632749400,336.87,343.74,336.87,341.41,2966325
1632835800,341.37,341.37,332.46,333.8,3304063
1632922200,333.36,338.88,333.36,336.93,2424024
1633008600,338.24,338.71,327.628,328.26,4255516
1633095000,328.15,332.73,324.575,329.86,2814197
1633354200,328.5,330.61,324.16,326.47,2919900
1633440600,326.9,332.19,326.3269,329.48,2514633
1633527000,328.16,330.65,325.4,330.36,2226755
1633613400,333.5,339.22,332.86,337.48,2789455
1633699800,333,335.405,330.88,334.34,2912407
1633959000,335.6,340.855,334.6,336.97,2589300
1634045400,339.14,341.05,337.4,337.8,2960592
1634131800,337.32,340.24,336.55,338.28,2477742
1634218200,340.53,344.37,340.1,344.05,2825549
1634304600,346.54,350.9527,345.75,350.41,3473488
1634563800,349,355.95,349,355.01,3487794
1634650200,356.94,358.09,354.42,357.99,2375643
1634736600,357.74,359.57,356.21,358.23,2574822
1634823000,358.2,364.85,358.12,364.62,2885381
1634909400,365,367.03,362.15,365.99,2734712
1635168600,367.2,371.66,365.99,371.26,2923355
1635255000,373.39,374.05,369.08,369.2,2989456
1635341400,369.87,375.15,369.3082,372.32,2840530
1635427800,373,373.94,370.89,371.57,2553451
1635514200,370.33,375.15,370.03,371.74,3820193
1635773400,373,373.57,364.7,366.48,3380513
1635859800,366.2,368.89,364.94,367.29,2367422
1635946200,366.63,369.36,365.25,368.97,2378916
1636032600,370.78,373.23,369.41,372.18,3210297
1636119000,373.81,374.41,367.57,368.4,3090203
1636381800,370.22,372.91,367.85,368.59,2357162
1636468200,369.67,373.88,368.705,370.65,2183287
1636554600,368.25,371.21,367.72,368.58,2161363
1636641000,371,372,365.83,367.63,2387327
1636727400,369.12,373.5,366.7,372.63,2793301
1636986600,374.39,374.87,369.29,371.08,3650647
1637073000,382,394.38,379,392.33,8648192
1637159400,392.83,399.43,390.81,394.85,4647042
1637245800,398,406.5378,396.09,405.85,4504774
1637332200,407.63,410.1,404.1101,408.69,3541964
1637591400,409.8,416.56,408.7,408.79,4008859
1637677800,405.67,409.68,403.01,408.37,3557468
1637764200,403.66,412.75,402.88,412.11,2676339
1637937000,407.26,414.14,402.25,402.7,3007785
1638196200,406.9,410.805,406.04,406.82,3725493
1638282600,403.59,408.425,400.25,400.61,7773528
1638369000,402.08,410.25,400.22,400.42,3519344
1638455400,401.81,410.7,401,407.77,3705017
1638541800,409.85,415.93,404.45,407.81,5237476
1638801000,413.52,420.61,411.22,415.7,4624477
1638887400,417,418.56,413.02,416.18,4204474
1638973800,416.18,419.85,408.28,411.25,4079365
1639060200,410.8,415.25,408.285,411.34,3822865
1639146600,412.19,415.61,410.255,415.4,2625183
1639405800,415.4,416.5,404.51,405.24,3766397
1639492200,403.45,405.68,398.08,402.2,4663013
1639578600,400.62,407.93,399.39,407.81,4421435
1639665000,408.4,408.87,398.12,399.53,4632837
1639751400,396.97,397.975,387.42,387.98,11106727
1640010600,384.29,390.17,380.9,389.4,4294757
1640097000,391.63,393.76,383.24,390.47,3038158
1640183400,391,395.77,388.8567,395.64,3267847
1640269800,398.29,399.84,394.6201,397.07,2743898
1640615400,399.04,404.45,398.21,404.09,2230555
1640701800,404.99,407.02,403,406.22,2522529
1640788200,406.38,412.37,406.31,410.84,2209598
1640874600,411.85,413.44,408.4,409.94,1804380
1640961000,409.99,416.53,409.885,415.01,2386069
1641220200,416.57,417.8446,403.26,408.64,3721342
1641306600,408.64,413.61,408.19,412.84,3266516
1641393000,414,414.22,406.81,407.24,4443198
1641479400,408.56,409.07,403.02,405.76,3315099
1641565800,403.36,404.09,392.88,393.61,4520671
1641825000,387.4,387.59,380.91,387.46,6439979
1641911400,388.07,391.84,384.32,386.67,4385404
1641997800,388.29,393.45,386.38,389.4,3623271
1642084200,392.51,394.31,385.86,386.98,3466279
1642170600,381.33,382.0077,371.5,372,6336236
1642516200,366.1,368.0894,360.03,366.72,6437444
1642602600,367.18,368.7,359.41,359.69,5175114
1642689000,361.33,361.85,349.02,349.58,5440597
1642775400,351.72,360.09,347.18,349.1,7718435
1643034600,343.78,364.38,343.61,363.81,8595587
1643121000,358.14,361.52,352.19,358.98,5536718
1643207400,360,365.8972,354.45,357.28,6103290
1643293800,360.43,364.12,353.9061,356.43,3944004
1643380200,360.17,366.72,352.84,366.54,4551332
1643639400,364.81,367.41,362.205,366.98,4084565
1643725800,369.47,370.6875,362.37,368.7,3406831
1643812200,368.38,374.67,367.763,373.73,3839251
1643898600,370.19,372.12,363.2,364.81,4009701
1643985000,363.5,364.67,354.25,359.67,3728123
1644244200,360.26,361.8,355.44,357.35,2809304
1644330600,357.35,362.98,354.7998,361.44,3225146
1644417000,365.31,367.4574,363.0001,364.37,2777544
1644503400,358.84,363,352.87,355.09,4291847
1644589800,354.69,357.34,348.5636,350.29,3308671
1644849000,348,352.91,346.83,351.56,3654274
1644935400,355.56,357.42,351.38,353.26,3552864
1645021800,351.5,352.86,345.72,350.09,3594853
1645108200,348.99,352.31,347.39,347.94,3926974
1645194600,348.39,350.6,344.1,346.87,5526133
1645540200,335.09,336.69,312.35,316.17,19752822
1645626600,319.32,320.4,307.1,308.45,11026044
1645713000,300,313.4393,299.29,313.24,8416724
1645799400,313.18,317.4445,307.565,316.65,6510600
1646058600,312.97,316.0799,310.475,315.83,5735147
1646145000,314.59,322.43,313.755,320.25,5640906
1646231400,321.06,331.19,319.68,327.37,5645611
1646317800,329.19,330.68,322.835,324.36,3858439
1646404200,322.21,326.66,319.51,324.26,3631653
1646663400,324.26,329.6,320.11,322.77,4669950
1646749800,319.75,328.49,315.95,316.74,5092527
1646836200,320,322.46,316.92,317.2,4443609
1646922600,314.36,318.26,308.7507,317.94,3895211
1647009000,319.28,321.794,316.23,316.79,2973298
1647264600,322.91,324,316.21,318.36,3604268
1647351000,320.35,330.18,320.33,328.54,3775297
1647437400,331.58,333.95,324.23,330.91,3942427
1647523800,329.14,336.36,327.84,336.36,3123210
1647610200,333.63,340.74,332.305,340.74,9409577
1647869400,338.04,340.69,327.08,329.37,4521212
1647955800,329.32,331.3,324.01,329.73,4852801
1648042200,326.9,328.19,315.85,317.05,5207746
1648128600,317.15,319.4,314.3,315.78,4599930
1648215000,318.48,318.8,308.3,310.68,5177998
1648474200,311,314.35,309.23,314.28,3936640
1648560600,316.91,321,312.915,317.71,5306131
1648647000,313.11,315.24,306.1,308.46,7223830
1648733400,306.21,307.96,298.89,299.33,11044642
1648819800,300.5,303.37,298.9,301.89,5554611
1649079000,301.49,306.48,299.57,305.58,4665847
1649165400,306.26,309.1,302.21,304.86,4376138
1649251800,298.09,300.66,294.99,298.54,6499947
1649338200,296.79,304.59,293.5901,302.75,5241024
1649424600,301.46,312.29,301.28,311.11,5741921
1649683800,307.81,314.17,305.93,306.72,4100561
1649770200,309.44,313.285,305.1,306.29,4122551
1649856600,306.11,311.7,305.72,310.42,3185296
1649943000,310.83,312.25,304.33,304.52,4569196
1650288600,303,306.29,298.72,300.21,3192413
1650375000,300.61,308.13,299.81,307.8,3389701
1650461400,311,316.1,309.75,315.14,4720754
1650547800,317,318.4,309.74,310.36,3014188
1650634200,309.82,309.82,299.78,300.11,4043169
1650893400,300,305.16,296.27,304.94,4396905
1650979800,302.25,307.56,299.72,299.96,3415244
1651066200,301.3,306.42,299.12,301.6,3446242
1651152600,304.75,314.535,303.01,311.76,4151717
1651239000,308.15,311.72,299.71,300.4,4878169
1651498200,301.99,308.79,299.91,306.97,4233870
1651584600,305.69,309,303.02,304.96,3336636
1651671000,304.08,315.75,302.93,315.31,4021309
1651757400,311,311.36,293.71,299.11,4959610
1651843800,296.3,296.75,289.41,294.31,4325343
1652103000,290.28,300.74,288.5,297.03,5243628
1652189400,298.46,301.07,287.664,291.16,4392900
1652275800,291.45,293.33,282.57,282.96,3880469
1652362200,281.57,293.1806,280.63,289.69,4447676
1652448600,289.95,299.415,288.45,296.03,3949134
1652707800,294.08,299.57,289.79,295.99,4267850
1652794200,306.5,310.94,290.9,300.95,12425881
1652880600,293,295.44,281.1801,285.18,7799541
1652967000,285.5,292.5,284.96,287.76,5211530
1653053400,289.82,290.5,279.59,287.19,5621770
1653312600,289.09,290.34,280.32,286.03,4305632
1653399000,284,289.32,280.65,287.92,4241931
1653485400,285.81,295.49,285.66,293.57,4612940
1653571800,297.32,305.63,297,302.81,4170801
1653658200,303.54,308.5,301.6032,308.46,3899284
1654003800,306.6,307.8659,300.83,302.75,5966574
1654090200,301.74,302.98,297.03,297.19,3080760
1654176600,298.81,306.03,295.8933,305.87,4086408
1654263000,303.33,308.46,301.9,305.08,2956559
1654522200,305.56,307.613,303.25,303.89,2562003
1654608600,295.06,302.38,292.6,301.77,3547797
1654695000,299.78,300.58,295.6823,297.53,3003115
1654781400,297.76,306.88,297.35,299.86,4170367
1654867800,291.5,296.5,288.64,289.24,4625619
1655127000,284.36,286.82,281.2801,283.16,4704607
1655213400,283.21,286.3803,276.59,278.67,3986997
1655299800,281,283.59,275.47,279.73,4050378
1655386200,274.92,276.1084,269.73,273.46,6181025
1655472600,271,276.62,270.39,270.73,10775633
1655818200,273.69,273.92,267.42,269.2,5498444
1655904600,266.39,271.77,264.51,268.98,4679513
1655991000,270,275.59,269.89,275.42,3747525
1656077400,277.47,283.46,273.92,283,10310737
1656336600,284.46,285,281.49,282.69,2538618
1656423000,283.78,285.6,269.82,270.15,4068691
1656509400,271.58,276.16,268.805,273.87,2460462
1656595800,270.73,277.04,268.04,274.27,4057969
1656682200,275.73,280.75,274.55,279.08,2818310
1657027800,275.5,283.73,275.03,283.73,3241987
1657114200,284.99,285.9212,280.52,283.58,2206112
1657200600,282.84,286.97,281.45,286.69,3133933
1657287000,285.99,287.99,283.91,286.47,1890962
1657546200,285.18,289.59,285.14,286.39,2453278
1657632600,288.97,293.6423,283.4101,285.12,2696086
1657719000,281.63,289.79,279.76,287.18,2941558
1657805400,281.85,290.29,281.65,289.48,2822219
1657891800,294.81,295.4522,290.95,292.41,2647191
1658151000,297.25,298.49,292,293.05,2664016
1658237400,295.44,300.01,293.3101,299.83,2614945
1658323800,300.93,303.69,298.28,302.3,2533412
1658410200,302.85,305.25,298.87,305,1965036
1658496600,307.66,310.67,304.3609,306.59,2391540
1658755800,306.8,307.4299,303.83,306.15,1910480
1658842200,297,300.635,295.91,298.18,2690206
1658928600,298.21,300.31,291.79,298.91,3219621
1659015000,295,301.24,293.165,299.63,3992053
1659101400,300,301.435,297.43,300.94,3236036
1659360600,300.64,308.45,300.01,305.82,3303894
1659447000,305.4,305.61,300.01,300.71,3091035
1659533400,303.35,308.07,300.34,306.37,3329353
1659619800,304.54,309.97,304.44,307.17,2718383
1659706200,305.38,309.78,304.495,309.69,2029298
1659965400,311.86,315.8,310.44,311.97,2505344
1660051800,308.89,309.959,303.31,305.21,2607007
1660138200,309.5,312.98,309.05,311.58,3863371
1660224600,313.84,314.62,309.58,310.69,2444200
1660311000,312.61,314.93,310.18,314.89,2273796
1660570200,312.04,315.76,310.15,314.61,3917318
1660656600,312.98,332.98,312.88,327.38,10089762
1660743000,328.09,329.5,324.07,325.76,3162612
1660829400,324.96,327.9399,322.22,325.21,2899614
1660915800,324.97,326.32,319.775,321.32,3489092
1661175000,318.09,319.74,311.71,312.21,3144240
1661261400,311.21,311.515,305.64,306.9,3317535
1661347800,305.05,309.98,303.55,308.11,2495587
1661434200,308.64,309.96,305.83,309.78,2529669
1661520600,310.3,311.505,298.02,298.1,3315542
1661779800,296.57,299.71,294.29,296.32,2711751
1661866200,298.56,299.9,291.67,293.1,2892427
1661952600,292.01,292.468,288.28,288.42,4376169
1662039000,288.4,293.58,286.72,293.37,3742451
1662125400,296.11,296.8,290.1217,291.9,2753601
1662471000,293.22,294.5,287.26,289.54,4109969
1662557400,290.44,297.7,290.3,297.47,3016015
1662643800,296,300.1899,294.54,299.9,2703239
1662730200,299.48,302.49,298.33,299.77,2769929
1662989400,300.8,302.83,296.35,297.54,3632935
1663075800,292.01,294.08,277.32,277.93,4797246
1663162200,279.4,279.54,273.17,276.34,4194435
1663248600,277.89,278.01,270.54,271.54,3896084
1663335000,269.05,276.56,268.9,275.97,9535105
1663594200,273.58,281.23,273.51,280.42,3047191
1663680600,276.88,278.78,271.37,274.17,2940742
1663767000,276,280.13,271.51,271.57,3173521
1663853400,271.22,271.22,267.85,269.14,3515833
1663939800,267.89,271.3,266.32,270.94,3527874
1664199000,271.43,273.555,265.61,266.58,4181825
1664285400,269.36,273.69,266.98,268.69,3701021
1664371800,275.22,283.4998,272.71,282.19,5816583
1664458200,278.51,278.76,274.7342,278.33,4518628
1664544600,277.82,281.785,274.76,275.94,4789087
1664803800,281,286.06,279.55,283.7,3579971
1664890200,287.5,291.31,286.56,289.56,3641251
1664976600,286.25,292.11,285.37,289.85,2728022
1665063000,289.56,292.97,287.775,290.39,2641641
1665149400,287.53,288.63,282.42,284.32,2405956
1665408600,283.56,284.86,280.22,282.46,2115429
1665495000,281.1,286.2,280.9,282.89,2771941
1665581400,284.42,284.6425,280.49,280.52,2258401
1665667800,274.66,284.83,268.7321,282.83,3881627
1665754200,286.64,286.64,275.95,276.43,2783361
1666013400,279.6,283.87,279.34,281.26,3426680
1666099800,287.95,289.86,283.23,285.06,3166524
1666186200,282.47,282.765,273.02,275.49,4322993
1666272600,274.94,278,267.865,269.46,3959531
1666359000,268.34,275.71,268,275.53,3429101
1666618200,276.97,284.47,276.97,283.26,2937117
1666704600,285.51,292.1339,285.51,290.26,2791640
1666791000,290.6,291.8699,286.168,290.15,2615341
1666877400,291.85,294.27,289.45,291.06,3041731
1666963800,290,299.16,290,298.65,3243147
1667223000,294.41,299.28,292.55,296.13,4211031
1667309400,300.37,302.21,293.35,296.06,3309326
1667395800,295.2,300.165,288.52,288.73,4427211
1667482200,283.57,285.95,280.5115,281.5,4823867
1667568600,285.89,288.838,277.5,284.03,4399410
1667831400,286.5,291.6999,282.84,290.27,3260152
1667917800,292.43,293.34,287.6332,291.14,3371826
1668004200,289,292.5,286.26,286.75,3071380
1668090600,297.74,314.74,297.08,311.7,7793983
1668177000,312,317.68,310.24,314.94,4945385
1668436200,314.36,315.98,306.34,306.92,6394785
1668522600,304.06,316.63,303.25,311.93,9290361
1668609000,305.86,316.41,304.51,314.91,5249549
1668695400,312,313.68,306.15,311.44,3643182
1668781800,314.14,316,310.26,313.18,3559301
1669041000,316.96,318.84,314.2,316.78,4068957
1669127400,320,326.82,319.38,324.88,6054740
1669213800,326.76,327.82,320.44,321.51,4243427
1669386600,322.89,329.075,321.9,326.38,3393533
1669645800,325.06,328.8,317.846,318.92,4735507
1669732200,316,320,315.62,315.96,3505644
1669818600,312.93,324.19,311.495,323.99,15106515
1669905000,326.31,329.67,324.44,327.07,3830118
1669991400,321.08,328.48,320.33,327.99,3644116
1670250600,325.15,325.52,319.54,320.08,5057347
1670337000,319.64,321.65,314.54,317.45,3341458
1670423400,315.96,322.877,314.44,320.15,4038175
1670509800,318.55,324.525,318.55,324.09,3483561
1670596200,321.48,324.44,319.93,320.48,3738832
1670855400,323,328.34,321.29,327.98,4900164
1670941800,344.35,347.25,329.96,332.89,5787668
1671028200,330.53,339.055,329.0075,333.43,4546024
1671114600,329.44,330.02,323.3705,327.6,5057631
1671201000,323.43,327.94,319.2422,323.34,9614983
1671460200,319.5,321.91,316.02,317.33,3000613
1671546600,313.32,316.887,310.83,314.84,2632300
1671633000,318.05,319.59,314.74,319.36,2610365
1671719400,316.4,316.4,310.725,316.12,3064779
1671805800,314.15,319.1,313.06,318.73,2064872
1672151400,318.41,321.547,317.51,319.55,1610418
1672237800,320.55,321.4328,315.5,315.73,1568353
1672324200,318.65,321.83,317.59,320.41,1559184
1672410600,317.49,318.17,313.0218,315.86,2581645
1672756200,317.42,319.22,311.78,315.91,2822390
1672842600,321.07,322.51,316.3753,319.73,3560934
1672929000,317.83,318.075,313.23,315.47,2935083
1673015400,316.29,318.85,309,317.53,4022511
1673274600,320,322.5499,317.06,317.81,3466267
1673361000,316.3,320.73,313.96,320.63,2111276
1673447400,322.55,329.04,322.12,329,2864834
1673533800,332.21,332.21,326.71,329.87,2481803
1673620200,326.49,332.3899,326,331.21,2798591
1673965800,330.33,335.1631,327.1,327.53,3988949
1674052200,330,334.52,322.93,323.69,2952202
1674138600,320.34,321.3399,310.63,310.88,5359280
1674225000,310.01,315.24,307.3901,315,3725066
1674484200,313.54,317.53,311.09,315.48,3237915
1674570600,315.12,318.0999,312.63,317.69,2127866
1674657000,315.33,318.12,311.55,317.26,2060388
1674743400,314.15,319.26,312.53,313.81,3555265
1674829800,312.02,318.24,311.33,316.69,2761169
1675089000,315.83,318.14,313.69,314.24,2643141
1675175400,315.99,324.35,315.095,324.17,3526837
1675261800,322.39,330.545,317.6382,328.09,3076471
1675348200,333.45,341.4691,332.69,339.79,4776634
1675434600,332.53,334.7099,330.33,331.5,3389884
1675693800,328.99,331.01,327.46,329.27,2229679
1675780200,324,327,320.72,325.2,3865481
1675866600,322.94,323.99,319.5667,320.79,2777196
1675953000,323.1,323.89,314.83,315.55,3063322
1676039400,313.85,317.2,312.7501,316.54,2768995
1676298600,317.34,323.69,315.61,323.53,2432487
1676385000,320.61,322.962,315.67,318.43,3380793
1676471400,315.88,321.5309,315.79,320.69,2585889
1676557800,315,323.74,314.93,321.24,3169211
1676644200,318.68,320.6,312.95,317.95,4985543
1676989800,305.55,308.01,295.026,295.5,10891773
1677076200,297.55,300.4,295.09,296.3,5922119
1677162600,296.79,299.88,294.62,299.31,4354477
1677249000,292.4,298.3282,292.001,296.66,3713328
1677508200,299.36,300.49,295.04,296.01,3238332
1677594600,295,298.6999,294.3135,296.54,3949457
1677681000,291.92,293.72,288.66,290.79,5905093
1677767400,288.46,294.11,287.27,293.02,4103817
1677853800,294.64,298.605,293.76,298.45,4036700
1678113000,298,300.11,296.98,298.21,3763206
1678199400,299.06,299.06,290.42,290.7,4512372
1678285800,289.44,292.46,288.27,291.49,4680277
1678372200,293.05,294.37,287.75,288,3247953
1678458600,288.56,293.16,284.1,286.31,4730998
1678714200,283.99,292.34,282.6,286.52,3892100
1678800600,289.3,289.8,281.39,285.57,5115963
1678887000,283.95,289.1599,282.67,287.97,4835545
1678973400,287,288.03,285,286.73,4400907
1679059800,287.82,291.95,286.2623,288.39,8341992
1679319000,287.43,289.825,286.61,289.26,3678030
1679405400,291.43,292.89,287.6,289.43,4788155
1679491800,290.09,291.205,282.45,282.61,3723393
1679578200,285.26,286.11,280.22,283.91,6005846
1679664600,282.56,284.93,280.83,283.02,3851349
1679923800,283.75,284.94,280.91,281.27,4269715
1680010200,280.8,283.29,279.93,280.82,3633317
1680096600,281.25,283.99,281.25,283.36,3607467
1680183000,285.36,286.095,283.8511,285.36,3432765
1680269400,286.99,295.55,286.76,295.12,5800560
1680528600,294.87,297.97,294.735,297.73,4007558
1680615000,297.5,299.8,294.395,294.96,2965903
1680701400,295,295.71,288.48,288.67,4002411
1680787800,287.25,289.79,284.24,288.61,3193441
1681133400,286.13,292.635,285.66,291.17,2799984
1681219800,292.69,295.1,291.76,293.77,2497125
1681306200,296.2,298.44,289.58,290.44,3341591
1681392600,290.89,292.47,286.37,292.15,3506009
1681479000,292.15,296.2,291.38,292.19,2653419
1681738200,291.7,295.5,291.55,295.4,2621939
1681824600,296.32,299.24,295.92,298.95,2847773
1681911000,296.45,298.29,295.05,296.91,2889329
1681997400,295.97,301.31,295.5,298.57,3371950
1682083800,301.62,303.2,299.35,300.04,3506816
1682343000,300,301.9,299.22,301.64,2515471
1682429400,301.5,302.69,296.13,296.33,4529517
1682515800,295.43,295.9699,287.08,288.07,4037371
1682602200,288,294.71,287.8,293.93,3133553
1682688600,293.77,300.82,293.375,300.54,4063418
1682947800,298.98,299.56,297.37,297.7,2969999
1683034200,298.44,298.67,291.045,294.28,3413376
1683120600,294.56,298.76,292.5,293.08,2743399
1683207000,292.72,294.5893,285.33,285.75,4422521
1683293400,287.17,290.87,286.1025,289.62,3806598
1683552600,289,289.8399,284.44,287.93,3736546
1683639000,286.17,291.06,285.76,290.58,2569969
1683725400,291.71,293.57,285.92,289.03,3571029
1683811800,288.74,289.45,285.02,287.69,3859744
1683898200,288,290.97,287.45,290.47,3438271
1684157400,289.92,290.92,286.94,288.54,5353632
1684243800,281.75,286.09,277.09,282.33,12365693
1684330200,282.15,294.05,281.21,292.39,7956888
1684416600,292.65,295.93,291.6,295.16,4546983
1684503000,295.76,295.76,289.95,290.88,4470591
1684762200,290.73,292.99,288.08,290.66,3736199
1684848600,289.28,297.774,289.28,294.94,5352185
1684935000,297.37,297.525,290.18,291.1,4978212
1685021400,291.79,291.79,286.06,286.75,5355858
1685107800,287,293.3,285.69,292.83,4626113
1685453400,293.28,294.45,288.95,292.4,5193255
1685539800,289.59,290,281.96,283.45,18288783
1685626200,284.05,289.22,279.98,288.39,4305103
1685712600,290.65,296.21,289.72,295.94,4515554
1685971800,295.62,295.75,291.365,293.1,3221947
1686058200,291.82,296.92,291.65,296,2855434
1686144600,297.31,302.2,297.105,301.7,4842660
1686231000,302.16,305.45,300.79,301.09,3758904
1686317400,300.98,301.43,296.1001,297.35,3486443
1686576600,298.4,302.61,297.65,300.86,4457363
1686663000,302.4,304.12,298.67,300.08,4043383
1686749400,300.99,302.5502,295.625,299.71,4175958
1686835800,300.84,303.43,299.5801,302.02,4109746
1686922200,304.34,305.98,300.14,300.38,10809348
1687267800,299.77,302.75,298.23,301.41,3371247
1687354200,302.87,303.5663,300.1764,300.7,2713378
1687440600,301.5,302.835,299.6,301.18,3052180
1687527000,300.32,302.315,299.1,300.81,8525877
1687786200,302.67,309.21,301.98,307.89,4440078
1687872600,308.15,315.4627,307.89,313.74,5342491
1687959000,312,312.9363,306.06,306.51,4025557
1688045400,306.78,308.1291,304.03,307.82,3279710
1688131800,309.58,311.43,308.3,310.64,3230714
1688391000,309.78,311.3999,308.9,310.02,1483269
1688563800,310.5,312.3,309.99,310.8,2496625
1688650200,306.84,307.98,301.54,302.02,4831220
1688736600,301.99,305.63,300.89,302.81,2951873
1688995800,303.2,310.53,303.2,310.28,3246705
1689082200,312.91,314.57,310.74,313.66,2913954
1689168600,316.31,321.26,316.01,317.52,5300724
1689255000,318.1,318.42,313.47,314.6,3235603
1689341400,314.84,316.9,314.22,316.5,2942129
1689600600,315.72,317.82,314.15,316.05,2003340
1689687000,314.53,318.32,312.1315,316.76,2316991
1689773400,317,319.9399,316.685,319.48,2361436
1689859800,320.34,321.45,317.88,319.09,2101940
1689946200,321.07,321.89,319.49,320.47,3673354
1690205400,320.97,325.66,320.945,325.11,2621982
1690291800,325.07,326.9,323.8324,325.13,2890828
1690378200,324.69,330.96,324.24,329.59,3448123
1690464600,331.71,333.435,328.93,329.71,2608561
1690551000,332,333,329.5,331.37,2268947
1690810200,331.65,334.07,331.48,333.84,2690587
1690896600,331.76,334.97,330.88,332.07,2547410
1690983000,330.03,332.53,327.92,328.5,2753888
1691069400,327.68,332.1,327.64,329.85,2452330
1691155800,328.16,329.5199,325.33,326.43,3591635
1691415000,327.21,329.405,326.5883,329.17,2111166
1691501400,326.58,328.525,323.39,327.81,3272766
1691587800,327.35,330.92,326.7601,328.21,2698894
1691674200,330.66,332.895,328.94,329.4,3075122
1691760600,328.52,331.59,328.35,331.11,3108422
1692019800,331.46,333.79,328.4301,329.95,3974759
1692106200,331.76,338.17,328.52,332.14,5860938
1692192600,332.62,337.81,331.68,333.03,3753910
1692279000,333.77,335.65,327.06,327.28,3885098
1692365400,325.06,328.89,324.425,327.37,3471953
1692624600,326.61,327.87,323.5,324.06,3109678
1692711000,325.27,326.31,322.03,324.48,2582234
1692797400,324.52,326.929,324.08,326.09,2728024
1692883800,325.12,329,322.305,322.59,2490159
1692970200,323.43,326.34,321.2,322.86,2418103
1693229400,323.2,327.44,322.87,325.91,2100114
1693315800,326.79,329.84,326.7671,329.38,2628221
1693402200,328,331.62,327.87,330.63,2256151
1693488600,331.2,332.5999,329.675,330.3,2914712
1693575000,332,333.45,331.14,333.08,2317413
1693920600,331.84,332.3,327.3674,327.78,3141630
1694007000,327.53,328.6072,325.555,326,3199736
1694093400,325.03,329.92,324.3,328.42,2453979
1694179800,327.5,329.49,326.68,328.71,2211132
1694439000,329.29,329.88,327.57,328.37,2087856
1694525400,326.83,328.77,325.89,326.28,2190597
1694611800,326.04,327.96,325,325.88,2564520
1694698200,327.39,330.3,325.27,329.63,2707576
1694784600,327.32,329.17,320.33,321.4,7117755
1695043800,320.16,321.65,316.91,317.26,2740425
1695130200,315.95,316.9325,312.34,314.61,2776594
1695216600,315,316.35,310.8,310.86,2320403
1695303000,309.4,310.225,306.355,306.76,2767805
1695389400,306.16,307.65,305.46,305.73,2289219
1695648600,304.51,307.29,304.51,306.49,1882366
1695735000,304.52,305.81,301.63,302.54,2655576
1695821400,303,304.22,299.9,301.82,2513914
1695907800,301.67,304.8722,300.75,303.49,2369593
1695994200,304.95,305.67,299.82,302.16,3502578
1696253400,300.52,303.45,298.46,299.83,2807021
1696339800,297.91,298.2952,290.0717,291.94,3609222
1696426200,293.36,294.21,290.36,292.39,2956313
1696512600,292,292.67,290.235,291.7,2469265
1696599000,290.76,294.535,287.39,292.82,2922456
1696858200,290.3,295.53,289.68,295.36,1930103
1696944600,296.69,300.67,295.1701,299.22,3116433
1697031000,299.74,300.85,295.9,298.05,2292761
1697117400,297.7,297.7,290.77,293.02,2546429
1697203800,292.94,294.7263,290.89,291.92,2092894
1697463000,294.43,298.37,293.5801,297.33,2567037
1697549400,296.69,298.36,294.5,295.94,2139844
1697635800,293,293.3299,289.585,290.24,2720098
1697722200,291,291.34,286.42,286.77,3028600
1697808600,285.86,287.177,283.61,286.41,2885301
1698067800,285.82,288.2463,284.33,285.07,2591071
1698154200,286.74,287.9067,282.0301,283.31,2705199
1698240600,281.75,283.23,279.2,280.93,2962761
1698327000,280.53,283.24,277.75,278,3108175
1698413400,278.98,279.67,274.26,276.46,2907338
1698672600,277.47,282.32,276.96,281.48,3074607
1698759000,282.59,285.4,281.615,284.69,3035976
1698845400,285.59,286.83,282.0201,286.63,2747346
1698931800,290.25,294.66,290,294.53,3627985
1699018200,294.18,297.81,294.17,295.61,3071885
1699281000,294.75,296.44,293.2225,294.57,2890444
1699367400,294.61,296,293.56,294.77,2628960
1699453800,295.03,298.01,294.11,295.92,2455045
1699540200,291.95,292.7389,287.68,287.87,4059121
1699626600,289.23,291.59,286.79,291.59,3653772
1699885800,287.79,289.9307,287.24,288.07,4586705
1699972200,300.89,308.2399,300.1401,303.63,7952845
1700058600,304.1,308.93,304.01,308.19,3985937
1700145000,305.88,307.9499,304.33,306.44,3114150
1700231400,308.5,308.715,305.45,307.27,2770460
1700490600,307.19,309.67,305.74,308.19,3459474
1700577000,305.57,306.07,302.34,305.34,2977410
1700663400,307.39,309.86,306.475,309.2,2873635
1700836200,309.18,311.38,308.31,310.7,1259937
1701095400,310.69,312.89,309.75,310.92,2992573
1701181800,310.71,314.58,309.39,313.34,3116918
1701268200,314.06,314.06,310.91,311.02,3084028
1701354600,312.54,313.76,308.5939,313.49,4493669
1701441000,313.83,320.1,313,319.62,3613808
1701700200,319.62,325.08,318.96,324.02,3827910
1701786600,322,323.919,320.01,323.5,3269803
1701873000,325,328.31,324.21,326.11,3030897
1701959400,326.11,327.41,324.68,326.17,2742269
1702045800,326,327.28,325.06,326.47,2889470
1702305000,329.81,332.09,328.81,331.33,3520718
1702391400,330.44,334.52,330.32,333.2,2893574
1702477800,334.9,343.835,331.91,343.4,5822699
1702564200,349.74,353.07,348,351.81,7594781
1702650600,348.22,354.38,346.75,354,11212928
1702909800,353.71,354.92,350.32,350.81,4420534
1702996200,351.46,352.96,350.4,352.07,4654836
1703082600,351,354.77,348.31,348.66,3259495
1703169000,351.87,352.25,347,348.97,2794221
1703255400,349.04,351.34,346.69,348.59,2030139
1703601000,348.43,350.09,348.16,349.31,1585615
1703687400,349.91,350,347.1801,348.53,2764484
1703773800,348.5,349.04,345.8,347.36,2859487
1703860200,345.83,347.55,343.02,346.55,10325908
1704205800,344.21,347.3013,343.22,345.08,2833794
1704292200,342.48,342.7,336.59,338.26,3309589
1704378600,339.93,342.9217,338.54,338.59,3652356
1704465000,337.87,343.8299,337.82,342.94,2664279
1704724200,343.43,348.4559,343.25,347.93,2736244
1704810600,345.81,349.11,345.25,346.19,2338058
1704897000,350.62,356.86,350.31,356.8,4109255
1704983400,357.09,361,353.26,356.53,3530570
1705069800,358.53,358.53,353.43,355.71,1956284
1705415400,358.06,359.645,356.21,358.43,3669405
1705501800,356.63,359.7551,354.05,355.7,2646225
1705588200,356.12,358.71,354.03,357.9,2510660
1705674600,358.81,362.96,356.2801,362.41,3234572
1705933800,359.36,361.46,355.6861,356.69,4003659
1706020200,355.85,355.88,349.06,350.78,3878445
1706106600,351.94,352.87,347.07,347.27,3474405
1706193000,352.59,352.875,348.26,350.97,3064197
1706279400,351.47,357.05,351.02,355.3,3177883
1706538600,355.15,356.37,353.0101,355.7,2731986
1706625000,354.5,358.93,354.04,357.1,2336454
1706711400,357.92,358.982,352.35,352.96,3377866
1706797800,353.4,360.14,352.32,360.07,2439201
1706884200,354.18,359.55,350.02,357.23,3697782
1707143400,353.66,356.07,350.76,355.14,2654040
1707229800,354.85,358,354.3001,356.25,2045343
1707316200,358.48,363.7266,357.72,362.69,3272379
1707402600,362.86,365.65,361.6485,363.72,2521954
1707489000,364.13,364.43,360.8,363.15,2389992
1707748200,364.22,368.72,364.05,365.45,3119737
1707834600,358.47,359.43,353.88,357.59,3106506
1707921000,357.17,358.98,353.98,358.23,2998873
1708007400,358.9,361.64,356.85,361.08,2662754
1708093800,360.68,363.99,359.15,362.35,3899647
1708439400,355.31,365.25,354.5561,362.57,4830046
1708525800,360.59,365.11,358.95,364.13,3278896
1708612200,367.44,372.96,367.15,371.34,3387455
1708698600,372.08,374.245,370.25,371.96,3398308
1708957800,373.51,374.88,370.72,371.6,2460960
1709044200,372.66,375.8,370.6101,375.56,2802853
1709130600,375.56,379.84,375.06,377.61,2282512
1709217000,378.79,381.78,378.15,380.61,4382836
1709303400,380.36,385.095,379.83,384.45,2750902
1709562600,382.9,384.5299,380.11,380.37,2619007
1709649000,380.1,380.98,377.02,378.45,3011731
1709735400,378.53,379.815,375.89,377.44,2496251
1709821800,377.87,380.3,375.575,376.55,2368480
1709908200,375,376.62,372.1,373.35,2162906
1710163800,371.56,372.98,368.87,371.52,2833804
1710250200,372.51,375.9,372.405,374.54,2843841
1710336600,376.03,382.71,375.78,378.99,3761407
1710423000,378,380.2,372.17,375.27,3877542
1710509400,374.12,378.42,372.54,373.23,9234905
1710768600,376.49,377.6,371.14,371.91,3455722
1710855000,374.89,379.46,373.13,379.41,3493781
1710941400,379.42,384.88,376.23,384.41,2750405
1711027800,388.41,396.8729,388.29,395.2,4212248
1711114200,394.69,396.42,390.09,390.28,2911046
1711373400,389.1,389.86,382.89,383.51,2683928
1711459800,382.41,384.26,379.4,379.93,2720409
1711546200,380.85,386.3199,380.74,385.89,2536661
1711632600,387.13,387.607,379.7236,383.6,4108328
1711978200,381.47,383.139,367.84,368.03,4333231
1712064600,364.5,366.86,362.96,363,4650544
1712151000,362,362.4,359,359.9,4723245
1712237400,362.61,365,356.91,357.68,4381563
1712323800,357.68,359.33,356.0157,357.87,3243488
1712583000,358.07,362.57,357.26,362.05,4339821
1712669400,363.63,364.45,358.73,361.42,3022807
1712755800,351.87,353.99,348.745,350.56,4805246
1712842200,351.04,351.91,345.79,347.37,4104715
1712928600,346.12,346.12,341.51,342.87,3550338
1713187800,345.92,346.08,337.19,337.93,4209165
1713274200,336.82,338.105,332.96,334.83,4525522
1713360600,336.78,337.25,331.9401,332.83,4273837
1713447000,335.65,336.95,331.325,332.89,3717526
1713533400,334.71,335.87,332.58,335.36,3076576
1713792600,338.22,339.45,333.71,336.11,3112789
1713879000,338,340.19,336.2949,339,3697424
1713965400,337.07,337.55,331.82,333.01,4029153
1714051800,329.72,332.9099,326.9,331.98,3787752
1714138200,331,335.83,330.99,335.09,2465262
1714397400,335,337.335,334.145,336.8,2603866
1714483800,335.72,337.44,332.8601,334.22,3089890
1714570200,333.01,335.394,329.43,331.97,3267852
1714656600,335.5,336,330.975,335.53,3213554
1714743000,341.28,346.88,340.37,342.85,4165054
1715002200,346,346.38,340.4402,342.29,3366254
1715088600,343.6,345.54,340.38,340.69,2930715
1715175000,338.78,340.44,337.63,338.83,3123197
1715261400,339.25,348.005,338.88,347.44,3801438
1715347800,347.46,349.81,344.695,346.43,3413895
1715607000,348.06,348.79,340.4,340.96,4055584
1715693400,335.05,344.2549,333,340.5,5854302
1715779800,345.18,350.44,344.69,348.67,4151111
1715866200,348,348.25,342.67,342.73,3101626
1715952600,344.76,344.93,340.59,344.21,2739006
1716211800,341.13,342.5491,337.54,337.82,3237361
1716298200,339,339,332.325,336.15,4275120
1716384600,334.66,335.25,328.93,330.59,4024444
1716471000,330.98,331,325.995,326.89,4021123
1716557400,326.39,327.54,324.42,325.1,2736871
1716903000,325.39,330.99,324.48,328.7,3807491
1716989400,326.53,326.79,323.77,325.91,3506227
1717075800,326.26,330.22,325.705,329.18,2922152
1717162200,330.05,335.17,328.01,334.87,5557767
1717421400,333.65,333.65,326.8374,328.01,3712785
1717507800,326.87,329.79,325.1,328.26,4296831
1717594200,328.5,330.46,325.92,330.26,2422380
1717680600,329.8,331.84,328.06,331.1,2979372
1717767000,325.73,328.8156,323.93,327.03,2583813
1718026200,327,332.8,326.5,332.56,2691369
1718112600,333,336.31,330.32,335.72,3250889
1718199000,347.03,350.49,343.06,344.14,4793021
1718285400,345.9,348.6899,343.07,347.88,3380799
1718371800,344.81,347.495,341.69,346.84,2588960
1718631000,344.89,350.694,344.4,349.5,2680797
1718717400,352.95,356.4111,352.1146,353.87,3654970
1718890200,352,354.9213,349.59,353.44,3661185
1718976600,354.84,356.25,352.05,355.8,6596539
1719235800,356.9,357.685,350.72,350.88,4278905
1719322200,346.31,346.99,334.5337,338.32,4980465
1719408600,339.46,342.59,337.53,341.82,3365303
1719495000,342.83,344.76,338.45,341.49,2912566
1719581400,341.35,345.28,340.71,344.24,6344192
1719840600,343.92,344.645,335.39,336.19,2643576
1719927000,335,336.83,332.53,334.97,2995943
1720013400,337,339.6395,333.5401,333.64,1732991
1720186200,332.71,335.92,331.64,334.58,3437489
1720445400,335.88,340.76,335,339.6,3534519
1720531800,338.95,339.26,335.57,337.09,2255131
1720618200,338.64,344.29,337.62,344.18,3263135
1720704600,350.78,354.13,345,353.79,4147603
1720791000,355,363.95,354.09,359.77,4019875
1721050200,359.14,361.18,355.03,358.46,2884198
1721136600,360.06,369.415,359.5,369.12,3210362
1721223000,366.64,375.19,365.42,371.89,3991105
1721309400,369.9,375.74,365.775,366.08,2394996
1721395800,366.43,367.6,361.945,363.36,2474497
1721655000,364.5,367.28,361.08,363.25,4049300
1721741400,365.43,365.43,359.38,359.62,2535667
1721827800,358.93,361.4536,350,350.31,3508062
1721914200,350.2,358.8332,349.33,353.29,3297550
1722000600,355.01,361.67,355.01,359.51,2439246
1722259800,359.21,362.89,358.945,361.67,2142243
1722346200,362.82,364.685,359.26,363.69,2788755
1722432600,365,372.49,363.043,368.16,3526126
1722519000,369.99,371.48,353.7501,358.58,3759024
1722605400,354.93,355.57,346.74,355.43,3764790
1722864600,350.88,353.94,345.24,350.01,3828080
1722951000,348.75,358.6599,347.28,353.91,2831088
1723037400,355.18,356.27,342.28,342.4,3429059
1723123800,342.24,348.74,341.34,348.34,3591145
1723210200,347.89,351.5299,345.395,348.64,2314771
1723469400,350.77,351.5,342.13,345.81,3830237
1723555800,341.87,353.39,339.37,350.07,6388596
1723642200,349.55,359.6899,349.4,355.66,4814780
1723728600,362.46,365.41,358.14,360.07,3575809
1723815000,359.97,363.7,359.97,362.06,3308320
1724074200,362.5,364.69,362.1,363.07,3634851
1724160600,360.65,367.64,360.5,367.27,3459401
1724247000,369.45,372.87,368.5218,370.46,4587568
1724333400,371.5,372.46,364.61,365.36,4097321
1724419800,366.66,376.32,365.19,375.59,3426154
1724679000,377.08,378.5821,373.37,374.11,2452134
1724765400,373.49,374.28,371,373.18,1780282
1724851800,373,375.41,370.2,372.69,2218430
1724938200,372.61,373.316,366.93,367.06,2698518
1725024600,369.24,370.41,364.8772,368.5,3216660
1725370200,367.9,369.38,362.9,364.74,3598082
1725456600,364.17,365.93,360.0124,364.67,3221318
1725543000,364.9,365.15,357.58,361.85,2789359
1725629400,362.92,365.44,359.42,360.05,2228832
1725888600,362.76,366.16,360.03,365.52,2747588
1725975000,365.7,371.56,362.48,370.87,2787401
1726061400,369.55,371.21,362.14,370.49,2937689
1726147800,371.94,374.99,370.56,374.43,2368302
1726234200,375.56,382,375.51,379.99,2514699
1726493400,382,384,379.53,382.01,2877932
1726579800,383.43,387.94,381.68,383.24,2947574
1726666200,384.09,392.67,381.07,384.01,3549367
1726752600,390.84,391.87,387.01,390.34,3753549
1726839000,388.33,391.83,387,389.86,6584408
1727098200,390.83,392.6499,387.26,391.96,2502469
1727184600,394.7,401.11,393.63,400.66,4057692
1727271000,400.66,400.66,395.62,396.93,2787489
1727357400,399.5,400,395.49,396.7,2849536
1727443800,399.65,403.5437,398.31,399.53,2452254
1727703000,400.2,405.31,399.02,405.2,3444362
1727789400,404.02,410.56,401.41,409.05,3476191
1727875800,407.7,411.46,404.96,411.26,3431264
1727962200,409,412.97,406.8,411.58,3320682
1728048600,410.07,411.82,399.4501,408.36,3989606
1728307800,404.89,409.8099,401.24,408.06,3267812
1728394200,409.8,415.29,408.44,414.18,3693887
1728480600,420,420.03,410.75,416.07,3627800
1728567000,409.72,414.48,407.63,409.96,3040794
1728653400,410.56,413.14,408.84,411.9,2717431
1728912600,411.48,416.42,411.304,415.42,2088681
1728999000,417.95,421.56,415.02,415.58,3693034
1729085400,413.87,418.74,413.87,418.61,2429037
1729171800,418.61,419,414.5607,415.6,2013819
1729258200,416.65,416.66,413.24,415,2436725
1729517400,416.07,416.555,404.371,406.4,3699527
1729603800,398.5,402.95,396.21,401.85,4486654
1729690200,400.56,404.2799,396.69,399.64,3159207
1729776600,402.29,404.2,398.088,402.68,2550281
1729863000,403.52,403.52,397.83,398.91,1941426
1730122200,403.45,405.8399,401.95,402.89,2586529
1730208600,393.94,399.105,389.05,395.07,3822679
1730295000,395,397.69,391.94,392.52,2795609
1730381400,390.5,395.67,390.5,393.75,2518637
1730467800,394.8,398.71,392.01,392.59,3277974
1730730600,391.95,400.48,391.07,395.57,2690877
1730817000,394.97,400.23,393.8601,400.09,2496489
1730903400,394.04,394.04,381.72,388.37,7133367
1730989800,391,399.76,390.8,399.44,4323070
1731076200,404,406.4,402.3001,405.9,3448699
1731335400,407.77,411.6,405.825,408.29,4071533
1731421800,414.25,416.02,402.19,403.08,5647107
1731508200,409.13,412.7399,406.7201,410.19,3083105
1731594600,408,411.5,404.39,405.72,3348056
1731681000,402.9,408.91,402.9,408.18,3239545
1731940200,405.5,412.54,403.95,410.44,3394375
1732026600,408.38,409.16,399.36,406.8,3239356
1732113000,406,406.7,399.92,400,4732195
1732199400,401.33,411.39,400.38,410.45,3722586
1732285800,412.09,420.14,410.95,420,4932501
1732545000,425,430.25,424.46,428.67,4544233
1732631400,428.6,439.37,424.695,429.52,2758597
1732717800,428.6,430.1,425.96,427.19,2293453
1732890600,428.56,431,427.54,429.13,2028714
1733149800,429,430.4,423.155,426.96,2617198
1733236200,429.73,430.68,423.32,429.35,2713985
1733322600,426.41,428.83,425.5,427.92,1969019
1733409000,426.6,429.7594,425.88,426.54,2523528
1733495400,428.7,435.75,427.01,431.37,3161705
1733754600,432.35,436.36,428.03,429.18,3425988
1733841000,426.9,427.31,421.41,422.59,3354873
1733927400,425.23,428,421.26,421.38,4211198
1734013800,421.43,422.75,413.18,414.42,3673612
1734100200,415.77,418.14,414.18,416.98,2649853
1734359400,417.85,418.48,410.69,410.71,2879619
1734445800,410,410.4,406.23,408.47,3726820
1734532200,407,410.71,393.38,393.82,4225524
1734618600,394.74,395.14,384.89,385.02,4576147
1734705000,383.37,393.2872,383.05,392.6,8046363
1734964200,391.1,393.24,387.03,392.45,2434007
1735050600,392.13,396.14,390.5,396.14,1392629
1735223400,392.52,395.78,391.62,395.14,1321218
1735309800,392.14,395.47,391.37,392.86,1942681
1735569000,390.53,391.21,385.68,389.43,2444858
1735655400,390.01,391.46,387.3,388.99,2179671
1735828200,392.13,392.67,386.38,388.46,2418343
1735914600,389.82,391.01,385.81,389.18,2232389
1736173800,390.5,393.99,388.03,389.37,3274669
1736260200,390.9,391.9,383.1,384.23,2274312
1736346600,383,387.69,380.1,387.2,2848462
1736519400,388.91,392.91,384.615,389.89,5323431
1736778600,389.99,395.86,387.7,389.18,3512936
1736865000,390.59,394.2,389.63,392.78,3405174
1736951400,406.65,408,401.76,406.09,4584769
1737037800,406.27,410.105,403.916,409.33,2305938
1737124200,413.49,414.45,408.53,409.38,3228960
1737469800,413,420.22,413,418.43,3568089
1737556200,417.55,417.55,409.33,410.1,3581351
1737642600,411.57,414.69,408.75,414.39,3840275
1737729000,414.09,415.01,410.755,414.5,2370116
1737988200,414.9,426.1859,414,424.87,3699202
1738074600,423.24,423.24,416.7,418.83,2818648
1738161000,420.22,421.37,411.79,413.42,2385201
1738247400,416.41,417.3236,411.5192,414.5,3081304
1738333800,413.17,416.38,410.32,411.98,2761798
1738593000,406.12,411.9,401.01,408.76,2896444
1738679400,409.51,412.58,406.085,411.49,2150773
1738765800,415.15,415.15,408.14,413.82,2212115
1738852200,414.91,417.79,413,414.16,2023667
1738938600,413.2,414.2899,406.5,407.37,2530505
1739197800,410.64,414.95,408.7902,413.99,2617582
1739284200,414,416.57,412.74,416.36,1442188
1739370600,408.58,409.65,402.12,407.14,3387401
1739457000,408.71,412.98,407.49,412.43,3067859
1739543400,415,417.9999,408.5551,409.5,3004396
1739889000,408.31,408.87,400.22,403.31,3994025
1739975400,397.22,398.64,392.935,395.43,3780014
1740061800,393,394.76,391.1,394.64,2703526
1740148200,396.4,397.815,383.9,385.3,5286976
1740407400,386.09,386.55,378.2,382.42,5722039
1740493800,385,401.01,384.19,393.29,6823898
1740580200,395.24,398.87,388.56,390.48,3871549
1740666600,389.91,395.47,388.325,390.27,2825142
1740753000,394.42,396.87,390.2819,396.6,4263916
1741012200,396.95,397.07,386.47,389.69,3397551
1741098600,386.15,387.96,378.9,381.68,4384823
1741185000,379,387.12,378.01,386.35,2780317
1741271400,383.5,387.76,380.73,381.73,4221975
1741357800,379.5,380.6502,368.9,376.8,4574277
1741613400,377.44,383.12,372.61,374.65,3710542
1741699800,374.22,374.93,365.7276,368.16,4013320
1741786200,371.97,372,361.75,364.73,3368038
1741872600,361.91,362,345.26,347.25,7062396
1741959000,350.65,351.39,345.42,351.31,5510696
1742218200,351.76,355.55,350.96,354.13,3681459
1742304600,353.53,353.89,347.59,349.57,3008238
1742391000,352,354.4263,348.985,353.42,2990191
1742477400,354.69,361.7665,352.2,355.52,3391223
1742563800,352.09,353.39,346.275,351.15,8205413
1742823000,354.62,364.43,354.28,363.77,4023527
1742909400,361.53,363.65,358.54,360.99,2799657
1742995800,360.39,364.73,360.12,362.13,3141372
1743082200,361.9,365.21,361.15,362.73,3036580
1743168600,363.16,363.2,356.17,358.15,2980206
1743427800,353.495,368.74,352.65,366.49,4498842
1743514200,364.14,367.29,361.92,365.52,2801979
1743600600,362.56,372.3099,362.26,370.89,3189508
1743687000,355.78,360.04,351.7147,355.91,5407124
1743773400,350.71,365.44,349.04,353.9,7531133
1744032600,344.3,354.22,333.5,341.51,6950486
1744119000,350.38,354,329.74,335.24,4868020
1744205400,328.6,356.04,326.31,355.39,6792988
1744291800,352.85,355.29,339.66,353.62,5574797
1744378200,350.31,354.47,344.2,353.86,3576408
1744637400,357.8,359.02,353.6,357.2,2842090
1744723800,356.56,361.4446,353.3201,354.11,2883120
1744810200,351.84,353.8,344.32,345.99,2637577
1744896600,348.55,357.5,348.37,355.06,3232397
1745242200,354.29,354.355,341.8,346.9,4015242
1745328600,351.16,356.215,350.42,354.43,2802374
1745415000,361.92,364.84,354.85,356.42,3283290
1745501400,356.5,360.4,354.61,359.64,2749485
1745587800,357.7,359,354.74,357.58,2811278
1745847000,357.99,360.1,354.51,356.92,2412991
1745933400,355.89,360.58,354.73,359,2837019
1746019800,356.5,361.27,352.38,360.49,3741474
1746106200,360.31,362.88,357.72,358.3,3210084
1746192600,362.08,366.2299,361.16,364.52,2283261
1746451800,362.13,364.2599,359.73,361.73,2563500
1746538200,358.68,362.27,357.13,359.38,2299714
1746624600,360.48,363.78,359.76,362.75,2657494
1746711000,364.01,369.31,362.26,364.86,3035784
1746797400,362.13,365.57,361.5,362.71,1970880
1747056600,375,378.72,373.48,376.59,3831670
1747143000,381,381,372.95,373.6,2726798
1747229400,371.9,375.785,370.8255,372.81,2587687
1747315800,372.1,379.33,371.515,378.63,2830697
1747402200,380.23,381.17,378.1497,380.78,3129062
1747661400,374.19,381.16,374.16,379.38,4428247
1747747800,386.37,389.75,374.0501,377.05,6287395
1747834200,377.98,378.325,368.595,370.84,3966046
1747920600,368,369.23,364.57,366.13,2957341
1748007000,362.38,364.7179,361.15,362.71,3115209
1748352600,365.89,370.55,365.16,370.4,3998471
1748439000,368.82,371.15,367.4332,368.06,2986141
1748525400,370,370.35,364.06,368.29,3035069
1748611800,367.05,369.64,365.12,368.29,4110587
1748871000,365.15,368.04,361.835,367.96,2507113
1748957400,367.96,373.54,367,373.08,3359541
1749043800,373.08,375.37,371.66,372.4,2429139
1749130200,370.99,371.56,367.51,369.28,2324772
1749216600,371.51,372.65,365.965,367.33,2349978
1749475800,367.32,367.35,364.3631,365.2,2619747
1749562200,365.94,368.55,362.55,367.91,3014922
1749648600,369.14,369.14,359.31,360.46,3793526
1749735000,360.81,365.0718,358.51,363.16,2921924
1749821400,360,362.79,352.8,354.66,3364429
1750080600,355.88,357.105,351.9,353.56,3688615
1750167000,351.94,354.29,347.41,348.78,4230115
1750253400,350.08,350.9,345.8,347.03,4454226
1750426200,347.49,351.21,346.8159,349.62,8056469
1750685400,349.97,357.07,348.52,356.96,3862430
1750771800,356.67,361.71,355.78,360.42,4089980
1750858200,359.12,363.6,358.34,361.86,4159595
1750944600,363.215,365.23,360.6,363.5,3187863
1751031000,363.61,370.1532,363,368.74,5503743
1751290200,369.28,370.95,364.72,366.64,4601082
1751376600,364.34,379.69,362.95,373.16,5152607
1751463000,373.645,373.97,369.37,371.85,3011753
1751549400,371.81,373.18,368.33,371.68,2573629
1751895000,371,372.79,364.7262,367.64,3433082
1751981400,366.02,370.4,365.11,367.5,2531665
1752067800,367.51,371.07,364.7906,371.04,3384213
1752154200,369,377.9448,368.51,373.3,3703252
1752240600,370.36,371.8,367.105,370.07,3069180
1752499800,370.475,371.29,366.45,370.11,2481246
1752586200,369.975,370.75,358.52,358.64,3868709
1752672600,359.855,360.95,352.46,357.4,4260231
1752759000,356.54,360.32,354.66,359.04,3128898
1752845400,359.98,360.6,356.97,359.4,3361947
1753104600,360.72,365.78,359.84,364.04,3504271
1753191000,364.48,372.2,363.72,371.01,3095403
1753277400,371.695,377.88,371.55,376.35,3237986
1753363800,375.48,377.88,372.26,373.09,3087956
1753450200,374.66,375.991,373.05,375.34,2221069
1753709400,373.74,381.08,372.98,377.23,4062765
1753795800,377,379.73,374.77,377.34,2931556
1753882200,377.68,378.525,369.63,372.08,3110713
1753968600,369.17,372.81,366.84,367.51,3091551
1754055000,367.82,374.8,365.75,373.66,3008213
1754314200,374.84,381.895,373.69,380.82,2844503
1754400600,381.86,386.935,380.96,385.41,2931372
1754487000,386.08,388.93,384.52,386.8,2812786
1754573400,388.62,391.45,383.355,386.17,2433149
1754659800,387.08,389.29,386.2,387.85,2327103
1754919000,389.98,391.5225,383.2975,387.53,2605831
1755005400,391.42,396.38,389,396,2911782
1755091800,399.485,407.82,398.75,407.18,5187545
1755178200,401.2,403.605,399.36,400.32,3600209
1755264600,402.21,402.7865,395.425,399.38,3841399
1755523800,396.57,398.14,392.51,394.7,4407109
1755610200,401.015,414.3599,401.015,407.2,7629320
1755696600,409.68,411.1699,401.67,401.74,4195307
1755783000,399.91,404.43,396.17,397.7,2942885
1755869400,400.87,414.5,398.31,412.79,5284691
1756128600,410.36,411.065,407.5504,408.9,3579487
1756215000,408,409.04,404.7069,407.54,3180878
1756301400,408.79,411.69,407.2,408.24,2487808
1756387800,407,408.95,404.81,407.45,4051838
1756474200,407.73,408.9,405.4,406.77,2210589
1756819800,403.68,408.59,402.75,406.31,3328995
1756906200,404.94,409.02,403.57,407.71,3025360
1756992600,408.51,413.22,407.2028,411.69,3873076
1757079000,416.585,420.4,414.02,418.95,5855606
1757338200,418.5,420.58,415.75,419.94,3742646
1757424600,418.12,418.72,412.7526,415.34,3516038
1757511000,415.52,417.43,411.735,413.23,2897799
1757597400,415.7,425.2199,414.25,423.42,5316379
1757683800,420.27,423.51,418.8839,422.69,5004181
1757943000,422.47,423.3,417.75,422.71,4884990
1758029400,423.75,424.5299,420.09,421.45,3726700
1758115800,424.44,426.75,415.813,417,4771658
1758202200,417.55,421.39,415.858,417.48,3677244
1758288600,417.37,418.58,415.1,415.69,6718416
1758547800,414.11,414.88,411.13,412,2656307
1758634200,412,413.73,407.46,410.91,2597120
1758720600,406.79,410.65,405.01,409.77,3220993
1758807000,406.65,410.856,405.61,407.45,2554291
1758893400,408.16,411.41,405.84,410.09,2316719
1759152600,410.05,410.945,403.85,406.8,3008379
1759239000,406.63,407,403.48,405.19,3211752
1759325400,404.39,405.125,395.31,397.02,3787770
1759411800,395.5,397.38,393.79,395.01,2964676
1759498200,394.13,397.32,392.63,395.06,2951584
1759757400,394.5,394.5,385.72,389.33,3653724
1759843800,389.45,389.7499,385.51,386.81,2505707
1759930200,386.46,386.46,382.98,383.79,2517615
1760016600,382.9,384.355,377.4601,377.69,3321382
1760103000,380.26,380.26,374.7795,375.75,2992425
1760362200,379.07,382.31,377.19,379.37,2925910
1760448600,378.87,388.89,378.01,387.72,4399862
1760535000,389.23,394.37,386.73,388.3,3690284
1760621400,389.66,389.9999,383.965,387.39,2783672
1760707800,388.5,393.11,387.2,391.9,2657712
1760967000,391.41,393.18,388.09,388.89,2761142
1761053400,387.56,393.63,385.8584,390.9,2306895
1761139800,391.245,393.05,388.17,388.97,2857031
1761226200,387.13,388.72,381.295,385.03,2767253
1761312600,389.7,389.7,385.67,386.68,2426795
1761571800,387.7,389.29,382.9,385.27,3065796
1761658200,384.42,390.005,382.83,385.75,2372830
1761744600,383,385,375.2,378.04,3852340
1761831000,377.71,384.7,376.105,379.55,2384331
1761917400,376.96,380.94,375.0101,379.59,2643518
1762180200,377.01,378.48,373.68,378.35,2897752
1762266600,377.35,383.68,376.75,383.08,2589981
1762353000,382.79,383.415,370.53,373.84,4763043
1762439400,371.82,372.656,367.55,369.07,3622112
1762525800,368.99,373.65,367.57,371.11,2766351
1762785000,369.79,370.66,363.45,370.43,3257923
1762871400,371.99,376,370.91,374.24,2407418
1762957800,372.06,373.56,369.01,371.13,3376097
1763044200,371.66,373.515,366.62,368.07,3035094
1763130600,365.91,367.33,359.8,362.36,3413298
1763389800,361.13,363.78,356.1,358.03,5127166
1763476200,339.98,348.8,336.01,336.48,10168537
1763562600,340.97,341.75,331.37,334.5,7595034
1763649000,336.36,338.9025,332.13,332.38,4025333
1763735400,334.57,346.92,333,343.32,7441277
1763994600,342.2,343.71,336.55,336.58,6132934
1764081000,339,353,338.85,351.07,6316629
1764167400,350.26,357.33,349,355.47,4517336
1764340200,354.93,357.825,353.5,356.92,2119563
1764599400,354.05,362.29,352.88,357.33,5107050
1764685800,356.825,357.5,351.3,354.03,3965584
1764772200,354.5,360.47,353.75,357.91,4166715
1764858600,356.285,357.51,350,351.17,4022768
1764945000,350.65,355.62,349.525,354.61,5959500
1765204200,351.95,352.09,345.7,349.91,7273025
1765290600,347.76,356.67,344.96,345.27,5063062
1765377000,344.1,352.02,344,351.13,6316138
1765463400,356,362.72,353.94,357.46,6609845
1765549800,359.26,360.76,356.05,359.65,3861179
1765809000,359.39,362.67,355.62,356.99,4387449
1765895400,356.9,358.7397,351.8101,352.68,3497183
1765981800,351.97,357.5,350.9839,356.75,3875570
1766068200,363.54,366.3,354.555,354.99,4805210
1766154600,354.11,354.11,344.92,345,12825633
1766413800,345.305,347.899,343.7,346.39,3523731
1766500200,344,347.5,341.94,344.97,3873404
1766586600,344.34,348.26,343.9,347.34,1368553
1766759400,346.99,350.05,346.57,349.78,1786872
1767018600,350,350.32,344.75,347.45,3790318
1767105000,346.03,346.98,343.72,346.35,2393017
1767191400,345.5,346.71,343.97,344.1,2317891
1767364200,343.43,348.49,340.92,345.82,3763403
1767623400,342.7,347.35,341.25,344.09,4725346
1767709800,341.5,350.6835,337.71,349.29,4680348
1767796200,353.34,358.5,349.03,349.06,4442707
1767882600,345.31,363.24,344.1,359.56,5196488
1767969000,363.5,375.49,361.31,374.64,7093463
1768228200,374.64,376.42,369.25,374.94,5859777
1768314600,375.865,380.18,370.82,379.74,4785799
1768401000,376.69,380.0899,373.965,375.95,4959895
1768487400,376.02,380.18,374.46,379.16,2990132
1768573800,379.25,382.7699,377.51,380.17,3709005
1768919400,372.24,377.34,371.3,375.11,5353732
1769005800,375.8,385.92,374.675,384.64,5169763
1769092200,386.45,390.6,380.525,381.03,4828094
1769178600,381.5,384.3745,379.21,383.77,3138301
1769437800,385,387.42,381.95,386.53,3984977
1769524200,384.95,386.5,378.27,380.36,3466090
1769610600,380.21,381,373.65,375.3,3371493
1769697000,374.9,377.09,370.15,371.81,4744524
1769783400,372.41,375.12,368.55,374.59,3755790
1770042600,374.24,379.65,368.24,378.12,4757439
1770129000,377.29,391.78,377,381.1,5684407
1770215400,384.59,390.532,384.36,387.2,5574739
1770301800,386.68,387,380.83,382.37,3759703
1770388200,381.34,386.37,379.1032,385.15,4685403
1770647400,384.36,385.78,378.2,381,3639329
1770733800,383.81,391.7425,381.935,389.68,3160838
1770820200,385,391.42,382.08,390.68,3229866
1770906600,393.55,397.63,389,390.22,3702230
1770993000,390.2,394,387.1,391.05,2875923
1771338600,392.23,394,380.5,383.04,3485285
1771425000,382.75,385.119,379.54,383.52,2982644
1771511400,383.74,383.74,377.39,378.58,2930887
1771597800,377.45,384.82,375.9482,382.25,3984167
1771857000,380.99,384.14,369.58,376.99,5495670
1771943400,389.11,394.35,382.21,384.48,5675810
1772029800,381.07,381.435,371.37,375.57,5036873
1772116200,378.4,381.48,374.935,375.09,2889806
1772202600,373.86,382.19,372.34,380.72,4819535
1772461800,375,375.11,369,370.81,4537578
1772548200,363.73,368.775,360.12,366.92,3965089
1772634600,366.2,369.57,361.5146,369.11,4324435
1772721000,366.12,366.98,359.2,361.68,4755978
1772807400,357.54,359.45,353.22,357.92,4167616
1773063000,355.6,356.49,345.64,353.56,4224458
1773149400,353.04,361.64,351.02,357.15,3986011
1773235800,355.46,356.32,349.11,350.84,3200119
1773322200,346.04,348.67,338.7,338.93,3893565
1773408600,341.69,343.42,338.03,339.03,2531908
1773667800,342.44,345.24,340.65,342.58,3194835
1773754200,344.89,346.78,340.939,341.43,3076205
1773840600,338.6,339.8,330.14,330.93,3592173
1773927000,328.96,330.23,324.63,328.21,3845436
1774013400,327.75,330.23,320.2645,320.75,9672177
1774272600,331.99,334.72,328.2106,330.9,5806268
1774359000,325.9,332.5215,323.02,330.91,4566359
1774445400,335,337.185,326.99,332.51,4397793
1774531800,331.44,334.12,326.585,328.43,3448446
1774618200,327.5,327.54,320.74,321.65,3977394
1774877400,325.72,327.99,322.58,323.5,4066260
1774963800,328.49,331.44,323.41,328.89,5749116
1775050200,329.37,333.09,327.81,329.56,3386547
1775136600,323.6,326.3,318.66,321.63,3732342
1775482200,319.7,326.68,318.92,326.65,2448288
1775568600,323,324.3815,315.31,318.77,4661614
1775655000,333.26,338.78,332.25,336.16,4610604
1775741400,331.26,340.57,328.445,339.58,3002030
1775827800,341.04,341.23,335.8063,337.34,3208482
1776087000,335.54,341.44,331.932,341.16,3741216
1776173400,341,342.76,338.34,342.71,2882483
1776259800,341.85,342.27,336.62,338.91,3365237
1776346200,339.99,341.9799,336.69,337.15,2856722
1776432600,342.84,352.02,342.84,349.4,4930362
1776691800,348.335,351.17,343.62,350.99,3260906
1776778200,352.93,353.545,342.97,343.92,3080994
1776864600,343.95,345.2399,337.92,339.5,2855813
1776951000,339.5,340.8299,336.88,340.16,2712437
1777037400,337.88,340.27,334.68,335.89,3255912
1777296600,334.48,337.375,332.14,332.3,3282922
1777383000,334.45,335.9315,327.36,329.06,4279284
1777469400,325.66,325.84,319.05,322.81,4149966
1777555800,322.24,330.12,322.24,328.8,4317892
1777642200,330.1,330.52,323.36,323.88,3865293
1777901400,322.08,322.08,312.26,312.42,6396070
1777987800,313.41,317.6276,310.4,315.42,6391353
1778074200,321.96,325.24,319.35,323.05,5455949
1778160600,325.01,327.49,322.43,322.64,4411673
1778247000,322.68,324,316.8,317.45,4995471
1778506200,316.5,317.12,309.71,311.4,4335726
1778592600,313.225,314.78,309.11,310.46,4225706
1778679000,307.61,307.69,299.27,302.55,6307803
1778765400,305.06,305.98,301.415,304.35,5072611
1778851800,300.31,302.925,296.88,297.51,6121507
1779111000,299.25,303.7779,297.3001,299.81,6366122
1779197400,291.865,303.185,289.1,302.44,8692499
1779283800,301.06,311.01,296.67,310.58,5810902
1779370200,306.36,313.99,304.38,313.78,4516586
1779456600,314.5,314.96,311.46,313.07,2966858
1779802200,315.06,316.79,308.96,310.54,6980568
1779888600,314.75,321,314.51,317.85,5991337
1779975000,317.45,321.88,315.16,321.21,6820611
1780061400,320.48,322.1,317,317.14,6965695
1780320600,315.13,315.89,307.69,310.69,4544217
1780407000,309.98,312.2,308.566,311.52,4309965
1780493400,307.94,313.52,307.12,312.97,4328287
1780579800,317.83,320.75,308.11,309.95,4558624
1780666200,310.83,314.05,308.625,310.78,3946322
1780925400,308.88,313.7744,307.07,309.71,4381815
1781011800,311.35,322.89,310.2741,321.33,4875346
1781098200,323.265,324,318.8,318.92,4823833
1781184600,322.29,327.03,318.55,326.01,4656623
1781271000,328.5,331.02,325.29,328.39,3648954
1781530200,333.76,338,329.54,329.82,4694979
1781616600,331.91,338.2734,329.7485,337.09,5131484
1781703000,336.01,341.15,326.17,327.48,6085404
1781789400,331.7,338.02,330.9,334.28,10604443
1782135000,330,331.73,326.34,326.62,4713649
1782221400,323.865,329.02,321.7,324.45,4788015
1782307800,329.12,342.96,327.705,342.86,6385021
1782394200,342.25,348.64,341.82,345,6977452
1782480600,347.9,350.5,345.85,348.86,7771709
1782739800,348.86,351.35,345.54,350.81,5786515
1782826200,350.685,353.5,347.3,352.68,4579046
1782912600,353.98,357.12,350.84,350.84,4041328
1782999000,352.84,358.19,347.65,357.9,3116042
1783344600,357.82,358.8539,345.8,350.65,4460779
1783431000,355.06,355.415,344.48,345.21,3592779
1783517400,337.985,337.985,330.66,336.21,4192646
1783603800,337.76,340.73,335.61,338.73,2780849
1783690200,339.55,344.4,337.9001,343.3,2748038
1783949400,344,345.11,335.425,337.11,3650428
1784035800,339.52,341.745,336.565,337.74,2807317
1784122200,338.99,346.25,337.2591,341.44,3953132
1784208600,341.55,350.81,340.64,348.02,3810252
1784295000,348.93,353.98,338.089641,338.87,4434024
1784554200,339.97,340.2,331.405,333.04,4125326
1784640600,331.3,333,327,331.6,3113013
1784727000,333.53,336.555,330.71,331.45,2907719
1784813400,325.3,328.23,323.05,324.71,4523101
1784899800,325.07,333.46,323.23,332.98,3874904
1785159000,339.39,341.89,335.35,336.09,3622566
1785245400,342.64,349.425,342.6,344.47,4308658
1785331800,340.38,345.27,336.96,338.27,4030011
1785418200,334.99,335.69,330.25,333.35,6277781
1785504600,332.44,333.9955,328.795,331.96,4961924
1785763800,339.8,343.635,333.72,340.02,2908135
1785850200,340.23,350.86,339.35,348.24,4275007
1785936600,350.155,354.55,348.15,353.14,3140357
1786023000,353.5,353.55,347.51,349.52,2622407
1786109400,351.51,356.83,348.741,355.62,3584846
1786368600,352.1,354,347.06,350.78,3124809
1786455000,352.29,358.36,350.6,354.48,2549867
1786541400,352,353.8657,343.03,343.43,3965805
1786627800,347,347.75,340.51,341.7,2439939
1786714200,340.81,340.81,336.01,338.86,3073077
1786973400,334.71,339.44,332.8901,337.88,5579984
1787059800,336.78,344.54,330.6914,337.49,6603394
1787146200,341.42,350.4,341.42,344.3,4970955
1787232600,336,338.875,331.59,334.49,4027662
1787319000,336.52,338.58,333,335.61,3422812
1787578200,335.88,342.22,335.1648,337.43,3299387
1787664600,339.37,339.49,333.7,337.88,2528601
1787751000,339.43,339.44,334.51,334.85,4260473
1787837400,330.57,332.0078,327.88,328.61,3621250
1787923800,330.5,331.61,327.5,330.19,3136575
1788183000,328.24,329.25,325.75,327.83,3859187
1788269400,326.01,326.83,318.8,319.77,3292566
1788355800,321.5,322.17,317.71,318.51,3509005
1788442200,318.21,320.44,315.21,318.07,3378119
1788528600,316.7,321.8,316.1,321.05,2262388
1788874200,320.73,321.5,313.24,313.7,5660092
1788960600,310.47,313.385,309.84,310.45,3612375
1789047000,308.13,308.28,304.3,305.69,4493765
1789133400,309.09,311.21,307.9,308.74,3490073
