t,o,h,l,c,v
1412688600,34.04,34.05,33.415,33.47,25972716
1412775000,33.49,34.37,33.14,34.27,34963367
1412861400,34.15,34.434,33.58,33.62,28192889
1412947800,32.62,32.86,30.5,31.91,80917567
1413207000,31.72,32.37,31.47,31.47,42117454
1413293400,31.99,32.665,31.71,32.14,68671035
1413379800,30.535,31.65,29.65,31.275,92309007
1413466200,30.89,31.51,30.75,30.85,47787439
1413552600,31.2,31.71,30.97,31.38,37504513
1413811800,31.04,31.7,30.9,31.58,30523697
1413898200,31.67,32.62,31.58,32.61,33281716
1413984600,32.66,32.87,32.22,32.27,26725598
1414071000,32.72,32.91,32.6,32.69,22255305
1414157400,32.72,33.33,32.57,33.18,27814900
1414416600,33.08,33.295,32.77,33.2,23751948
1414503000,33.23,33.75,33.23,33.74,21859946
1414589400,33.76,33.97,33.51,33.92,24615225
1414675800,33.58,33.61,32.4,32.58,55217857
1414762200,33.74,34.01,33.18,34.01,52089698
1415025000,33.81,34.48,33.79,34.31,28703617
1415111400,34.25,34.78,34.205,34.54,34695928
1415197800,34.05,34.1,33.6,33.76,34705503
1415284200,33.691,34.23,33.41,33.82,25240559
1415370600,33.98,34,33.19,33.58,27604495
1415629800,33.43,33.49,33.08,33.26,30653627
1415716200,33.36,33.54,33.195,33.31,19676704
1415802600,33.23,33.42,33,33.38,22864222
1415889000,33.35,33.86,33.34,33.68,26449256
1415975400,33.75,33.97,33.35,33.95,18104633
1416234600,33.82,34.25,33.76,34.24,17646285
1416321000,34.19,34.9,34.16,34.71,30676720
1416407400,34.69,34.79,34.25,34.35,21289619
1416493800,34.14,35.97,34,35.95,61994706
1416580200,35.98,36.46,35.5,35.59,56721572
1416839400,35.89,36.4299,35.84,36.25,33321144
1416925800,36.36,36.48,36.15,36.32,29093173
1417012200,36.37,36.99,36.28,36.9,24062025
1417185000,37.04,37.69,36.94,37.25,19128510
1417444200,37.21,37.62,36.9,37.17,30904004
1417530600,37.18,37.6,37.18,37.6,28361104
1417617000,37.68,37.886,37.41,37.43,30660821
1417703400,37.4,37.46,37.04,37.46,23397863
1417789800,37.57,37.9,37.52,37.67,20527600
1418049000,37.46,37.73,36.935,37.2,28134819
1418135400,36.67,37.09,36.3,36.89,28487318
1418221800,36.93,37.02,36.3,36.42,27499869
1418308200,36.5,37.21,36.44,36.7,25090084
1418394600,36.45,36.82,36.22,36.225,29322529
1418653800,36.39,36.783,35.9,35.92,30633423
1418740200,35.86,36.5,35.56,35.56,31166334
1418826600,35.62,36.33,35.33,36.24,31637748
1418913000,36.75,37.02,36.43,37.02,32128124
1418999400,37.02,37.16,36.23,36.37,76786814
1419258600,36.39,37.26,36.39,37.21,29227071
1419345000,37.4,37.7,37.3,37.43,22169713
1419431400,37.47,37.6,37.18,37.44,12109122
1419604200,37.52,37.7418,37.52,37.55,14037176
1419863400,37.45,37.52,37.17,37.18,12203309
1419949800,37.08,37.19,36.76,36.76,15214093
1420036200,36.63,37.04,36.29,36.29,20393618
1420209000,36.67,37.16,36.11,36.36,23605607
1420468200,36.2,36.45,35.94,35.95,32784975
1420554600,36.08,36.23,35.26,35.28,30847578
1420641000,35.64,36.07,35.27,36.02,27725167
1420727400,36.37,37,36.26,36.69,31765371
1420813800,36.77,37.11,36.4,36.76,22850524
1421073000,36.9,37,36.23,36.6,29400781
1421159400,36.87,37.489,36.29,36.5,31477952
1421245800,36.33,36.91,35.91,36.35,34250293
1421332200,36.525,36.88,36.03,36.19,47181771
1421418600,36.12,36.66,35.51,36.45,62812193
1421764200,36.1,36.46,35.565,36.09,35929420
1421850600,35.85,36.68,35.77,36.48,27442597
1421937000,36.56,37,36.14,36.91,31809899
1422023400,36.96,37.03,36.38,36.445,27427055
1422282600,36.185,36.3,35.57,35.805,30906818
1422369000,34.4,34.72,33.55,34.185,58456203
1422455400,34.47,34.7,33.72,33.775,34929097
1422541800,33.84,34.28,33.46,34.21,29569376
1422628200,33.7,33.985,33,33.04,38719736
1422887400,33.06,33.75,32.65,33.65,38733750
1422973800,33.78,34.05,32.612,33.7,36038320
1423060200,33.67,33.8352,33.3,33.6,25052751
1423146600,33.68,33.99,33.4499,33.94,20491447
1423233000,33.92,34,33.14,33.295,29342447
1423492200,33,33.24,32.67,32.93,28705479
1423578600,33.2,33.73,33.0501,33.7,20200009
1423665000,33.67,33.76,33.32,33.55,18364236
1423751400,33.98,34.13,33.76,34.125,20056660
1423837800,34.25,34.365,33.945,34.36,18037927
1424183400,34.4,34.75,34.26,34.735,19374148
1424269800,34.65,34.71,34.19,34.265,19992887
1424356200,34.25,34.42,34.05,34.21,11017541
1424442600,34.15,34.57,33.91,34.41,20955571
1424701800,34.4,34.5,33.58,33.76,25565529
1424788200,33.61,34.4899,33.51,34.41,29607469
1424874600,34.03,34.15,33.7327,33.945,24686267
1424961000,33.62,33.88,33.43,33.65,25928435
1425047400,33.63,33.64,33.21,33.25,24427300
1425306600,33.29,34.125,33.12,34.06,25406355
1425393000,33.95,34.38,33.91,34.095,27331977
1425479400,33.86,34.41,33.72,34.12,23005798
1425565800,34.26,34.5,33.59,33.73,21225807
1425652200,33.54,33.68,33.08,33.19,32373136
1425907800,33.2,33.27,32.48,32.72,33058791
1425994200,32.24,32.41,31.5,31.7,50278887
1426080600,31.97,32.96,31.95,32.33,49683649
1426167000,31.01,31.6,30.58,30.8,107402364
1426253400,30.63,30.98,30.36,30.93,47954708
1426512600,30.93,31.11,30.65,30.83,33074615
1426599000,30.58,30.73,30.41,30.59,29215599
1426685400,30.41,31.2,30.3,30.89,39834081
1426771800,30.78,31.1,30.69,30.74,27414230
1426858200,30.99,31.62,30.93,31.31,64777075
1427117400,31.29,31.79,31.2,31.2,29693951
1427203800,31.16,31.32,30.74,30.79,28471374
1427290200,30.81,30.885,29.86,29.89,37690971
1427376600,29.5,30.4,29.31,30.08,45450135
1427463000,30.01,33,29.85,32,73857226
1427722200,31.66,32.1,31.3,31.46,51391541
1427808600,31.43,31.93,31.2,31.27,32098463
1427895000,31.13,31.315,30.65,30.81,31532086
1427981400,30.8,31.23,30.67,30.81,20909633
1428327000,30.81,31.245,30.45,31.04,21490933
1428413400,31.07,31.585,31,31.26,23258261
1428499800,31.23,31.56,31.06,31.31,18250252
1428586200,30.68,31.62,30.57,31.24,34167586
1428672600,31.33,31.94,31.33,31.93,28084894
1428931800,31.81,32.05,31.71,31.73,23489022
1429018200,31.68,31.94,31.27,31.49,39754018
1429104600,32.26,32.99,32.065,32.83,61083450
1429191000,32.85,32.99,32.695,32.87,28903195
1429277400,32.51,32.7,32.22,32.47,30593601
1429536600,32.61,32.7876,32.53,32.73,20649257
1429623000,32.93,32.97,32.285,32.43,19023835
1429709400,32.41,32.72,32.035,32.7,21144178
1429795800,32.04,32.41,32.01,32.35,23775289
1429882200,32.41,32.48,32.02,32.08,22759909
1430141400,32.08,32.69,32.08,32.5,25869583
1430227800,32.3,33.04,32.23,33.02,29572822
1430314200,32.56,33,32.55,32.885,21819019
1430400600,32.71,32.85,32.295,32.55,22013324
1430487000,32.63,33.49,32.62,33.42,27091249
1430746200,33.27,33.5,33.22,33.43,21397275
1430832600,33,33.1,32.565,32.64,29779184
1430919000,32.5,32.79,31.93,32.22,31985381
1431005400,32.27,32.63,32.18,32.245,21475299
1431091800,32.51,32.88,32.34,32.8,26926511
1431351000,32.68,32.71,32.43,32.69,18358579
1431437400,32.44,32.5,32,32.25,24530199
1431523800,32.27,32.9,32.27,32.64,20470841
1431610200,32.86,33.13,32.77,32.97,21098939
1431696600,33.09,33.12,32.75,32.99,17149694
1431955800,32.98,33.41,32.85,33.41,23689479
1432042200,33.36,33.38,32.99,33.15,21867134
1432128600,33.06,33.5,33.01,33.37,21359801
1432215000,33.21,33.56,33.07,33.55,21269776
1432301400,33.47,33.51,33.32,33.45,20845033
1432647000,33.27,33.29,32.84,33.105,28594511
1432733400,33.2,33.85,33.13,33.71,30172655
1432819800,33.74,34.15,33.68,34.01,27065690
1432906200,34.24,34.75,34.21,34.46,43545500
1433165400,34.37,34.59,33.68,33.905,46734502
1433251800,33.64,33.75,33.14,33.27,36351102
1433338200,33.17,33.24,32.59,32.73,38138690
1433424600,32.51,32.72,32.2,32.31,33761835
1433511000,32.28,32.295,31.83,31.84,27778516
1433770200,31.81,31.95,31.21,31.3,38171576
1433856600,31.33,31.66,31.15,31.25,33976735
1433943000,31.46,32.155,31.37,31.82,33336820
1434029400,31.95,32.1,31.84,31.85,24293627
1434115800,31.72,32.1,31.2,31.32,31629752
1434375000,31.12,31.51,30.94,31.39,23174992
1434461400,31.26,31.755,31.13,31.635,20254468
1434547800,31.75,32.09,31.69,31.95,28194229
1434634200,32.08,32.496,32,32.38,27722373
1434720600,32.4,32.57,31.962,32.07,39008379
1434979800,32.26,32.385,32.08,32.26,23608409
1435066200,32.305,32.34,31.93,32.085,17995949
1435152600,32.15,32.15,31.88,31.91,23313889
1435239000,32.02,32.32,31.99,31.99,22743275
1435325400,31.51,31.53,30.76,31.02,62157179
1435584600,30.7,30.98,30.305,30.39,35194454
1435671000,30.63,30.69,30.15,30.415,34412200
1435757400,30.49,30.55,30.01,30.18,27178920
1435843800,30.18,30.92,30.1,30.555,27105223
1436189400,30.24,30.45,29.84,30.04,32468065
1436275800,29.87,29.93,29.09,29.9,43833713
1436362200,29.4,29.6671,29.15,29.5,45223830
1436448600,29.72,29.89,28.82,28.93,47167803
1436535000,29.2,29.35,28.94,29.17,31423799
1436794200,29.27,29.82,29.19,29.73,26452360
1436880600,29.66,30.11,29.44,29.65,39778254
1436967000,29.65,29.99,29.465,29.69,47852544
1437053400,30.47,30.48,29.1,29.9,81166689
1437139800,29.66,29.8,29.1,29.47,43697631
1437399000,29.62,29.62,29.065,29.1,33812936
1437485400,28.96,29.26,28.67,28.72,45190988
1437571800,28.57,28.85,28.43,28.605,36387172
1437658200,28.66,28.97,28.43,28.595,33775157
1437744600,28.53,28.64,28.06,28.06,31621031
1438003800,28.07,28.415,27.62,28.35,42161050
1438090200,28.51,29.18,28.44,28.96,33182433
1438176600,28.95,29.13,28.79,29.01,26470181
1438263000,29.1,29.45,28.85,28.91,26582443
1438349400,29.12,29.12,28.77,28.95,27158763
1438608600,29,29.35,28.9,29.05,26213584
1438695000,28.98,29.15,28.86,29.13,25741719
1438781400,29.19,29.39,29.02,29.12,23622731
1438867800,29.16,29.23,28.845,29.01,27958192
1438954200,28.8,28.96,28.69,28.88,25606125
1439213400,29.07,29.68,29.06,29.64,22807360
1439299800,29.47,29.48,28.96,28.97,23758859
1439386200,28.66,29.57,28.66,29.46,33639471
1439472600,29.4,29.45,28.87,28.87,18821945
1439559000,28.92,29.04,28.82,29.02,14302700
1439818200,28.83,29.2,28.71,29.08,15548322
1439904600,28.95,29.05,28.8,28.91,19182638
1439991000,28.65,28.7964,28.28,28.36,30530143
1440077400,28.03,28.24,27.53,27.53,31936568
1440163800,27.33,27.63,26.56,26.56,52288393
1440423000,25.2,27.63,24.87,26.25,83234171
1440509400,27.04,27.15,25.87,25.87,59371859
1440595800,26.51,27.34,26.08,27.3,47386736
1440682200,27.72,27.91,27.01,27.72,38649417
1440768600,27.67,28.61,27.45,28.42,43452360
1441027800,28.33,29.13,28.16,28.54,42401832
1441114200,27.91,28.17,27.66,27.82,44143954
1441200600,28.35,28.6,28.14,28.6,34618814
1441287000,28.8,29.42,28.69,29.08,38665922
1441373400,28.57,28.9,28.41,28.52,29117537
1441719000,28.98,29.5,28.95,29.5,27804971
1441805400,29.72,30.12,29.17,29.24,30774099
1441891800,29.18,29.66,28.895,29.27,25195775
1441978200,29.08,29.52,29.04,29.47,21786879
1442237400,29.47,29.53,29.09,29.39,24065075
1442323800,29.56,29.935,29.48,29.73,29819023
1442410200,29.62,29.79,29.4,29.77,25957758
1442496600,29.62,30.2,29.55,29.71,29805245
1442583000,29.22,29.42,28.805,29.02,60693435
1442842200,29.09,29.335,28.94,29.16,24417127
1442928600,28.67,28.9,28.48,28.67,28576221
1443015000,29.02,29.09,28.59,28.74,25983954
1443101400,28.38,28.67,27.87,28.48,32754744
1443187800,28.94,29.115,28.63,28.81,29192322
1443447000,28.68,29.36,28.64,28.76,42290970
1443533400,28.83,29.35,28.76,29.24,34169562
1443619800,29.56,30.32,29.54,30.14,41051713
1443706200,30.21,30.28,29.46,30,29832842
1443792600,29.67,30.525,29.53,30.51,27901454
1444051800,30.73,31.375,30.56,31.21,34842513
1444138200,31.16,31.85,31.11,31.74,35530196
1444224600,32,32.42,31.72,32.315,36930069
1444311000,32.23,32.6,31.98,32.52,27794648
1444397400,32.37,32.55,31.94,32.14,24209923
1444656600,32.16,32.32,32,32.21,18795025
1444743000,32.025,32.48,31.98,32.04,35588607
1444829400,31.39,32.93,30.85,32.8,75954805
1444915800,32.84,33.06,32.46,32.75,37634791
1445002200,32.75,33.2,32.48,33.04,29371313
1445261400,32.88,33.62,32.87,33.59,37624029
1445347800,33.4,33.695,33.31,33.44,24416140
1445434200,33.67,34.05,33.32,33.37,32005294
1445520600,33.7,34.5,33.59,34.4,39572646
1445607000,34.54,35.03,34.4,34.9,42796629
1445866200,34.77,34.96,34.55,34.59,22646897
1445952600,34.41,34.55,34.31,34.47,22630111
1446039000,34.47,34.71,34.12,34.71,21908366
1446125400,34.2,34.29,33.77,34.03,21325186
1446211800,34.1,34.29,33.86,33.86,24693857
1446474600,33.73,34.28,33.64,34.11,21743084
1446561000,34,34.41,33.98,34.31,18167033
1446647400,34.27,34.27,33.9,34.15,20762063
1446733800,34.1,34.2,33.73,34,16486057
1446820200,33.93,33.97,33.41,33.84,23701653
1447079400,33.6,33.83,33.08,33.35,24168738
1447165800,33.17,33.27,32.81,33.21,22451689
1447252200,33.16,33.38,32.8,32.86,19864710
1447338600,32.71,32.92,32.39,32.4,23265389
1447425000,32.27,32.38,31.96,32.11,23673174
1447684200,32.09,32.255,31.93,32.1,29899659
1447770600,32.15,32.88,32.01,32.64,22636378
1447857000,32.73,33.2405,32.62,33.16,18619760
1447943400,33.22,34.73,33.13,34.3,45381552
1448029800,34.48,35.29,34.48,34.66,41137747
1448289000,34.66,34.85,34.41,34.48,20152861
1448375400,34.33,34.44,33.9,34.36,21413535
1448461800,34.26,34.74,34.14,34.45,17939406
1448634600,34.54,34.68,34.4,34.46,6620857
1448893800,34.55,34.9,34.43,34.77,21785791
1448980200,35,35.2,34.71,35.09,23560239
1449066600,35.09,35.41,34.805,34.83,18688180
1449153000,34.97,34.99,34,34.04,30131055
1449239400,34.11,35.025,34,34.935,24900994
1449498600,34.79,35.17,34.75,34.985,17731885
1449585000,34.67,34.95,34.42,34.75,13380229
1449671400,34.88,35.22,34.51,34.81,22548299
1449757800,34.85,35.065,34.66,34.77,17400745
1449844200,34.31,34.65,34.2,34.27,21251423
1450103400,34.38,34.48,33.88,34.47,19528029
1450189800,34.65,35.35,34.635,35.18,24365862
1450276200,35.36,35.47,34.77,35.3,23257890
1450362600,35.32,35.37,34.76,34.91,24963557
1450449000,34.73,34.75,33.86,33.865,41336631
1450708200,34.11,34.3,33.815,34.24,18006803
1450794600,34.36,34.775,34.27,34.73,18421967
1450881000,34.95,35.05,34.78,35,12526530
1450967400,35.07,35.26,34.96,34.98,5893789
1451313000,34.95,35,34.57,34.93,9449390
1451399400,35.01,35.59,35.01,35.44,14188583
1451485800,35.38,35.45,34.945,34.99,11566786
1451572200,34.82,34.96,34.44,34.45,14736687
1451917800,33.88,34.01,33.46,33.99,27882190
1452004200,33.96,34,33.53,33.83,16709510
1452090600,33.25,33.52,32.8,33.08,25491255
1452177000,32.28,33.0077,31.84,31.84,37680521
1452263400,32.09,32.22,31.43,31.51,29953840
1452522600,31.81,32.22,31.68,32.06,27732435
1452609000,32.76,32.89,32.27,32.68,28587697
1452695400,32.76,32.93,31.83,31.91,34445691
1452781800,31.97,32.87,31.8,32.74,48728154
1452868200,29.73,30.5,29.45,29.76,76373920
1453213800,29.98,30.06,29.48,29.8,28878108
1453300200,29.35,29.87,29.21,29.59,39598190
1453386600,29.65,30.03,29.24,29.66,30157376
1453473000,30.12,30.24,29.51,29.925,25326490
1453732200,29.99,30.215,29.57,29.6,26440976
1453818600,29.61,30.05,29.61,29.94,24754949
1453905000,29.88,30.22,29.64,29.81,26384138
1453991400,30.02,30.18,29.75,29.97,22028142
1454077800,30.21,31.03,30.1,31.02,38311356
1454337000,30.72,31.12,30.64,30.82,19015120
1454423400,30.45,30.49,29.63,29.8,24994282
1454509800,29.72,29.72,28.52,29.34,44660057
1454596200,29.14,29.88,29.11,29.77,29257839
1454682600,29.58,29.76,28.91,29.04,27957541
1454941800,28.74,28.98,28.3,28.82,28725928
1455028200,28.49,29.145,28.41,28.81,22902625
1455114600,28.88,29,28.19,28.23,27267783
1455201000,27.83,28.41,27.68,28.22,28450212
1455287400,28.57,28.695,28.14,28.64,19698998
1455633000,28.75,28.95,28.36,28.78,30705228
1455719400,28.86,29.6199,28.73,29.47,27691728
1455805800,29.53,29.76,29.38,29.42,20623257
1455892200,29.2,29.33,28.71,28.71,42056701
1456151400,29.11,29.54,29,29.35,23893145
1456237800,29.3,29.345,28.6,28.8,26638208
1456324200,28.52,29.3,28.375,29.19,21593601
1456410600,29.32,29.62,28.95,29.62,17571439
1456497000,29.88,30.08,29.7,29.8,19902219
1456756200,29.72,30.14,29.58,29.59,22903077
1456842600,29.93,30.53,29.75,30.37,25502568
1456929000,30.3,30.87,30.12,30.54,23779774
1457015400,31.13,31.35,30.54,30.58,25625212
1457101800,30.5,30.86,30.05,30.63,20356845
1457361000,30.59,31.12,30.5,30.94,18879949
1457447400,30.83,30.88,30.38,30.56,19104928
1457533800,30.83,31.04,30.67,30.865,14707806
1457620200,31.14,31.4,30.38,31.25,29584840
1457706600,31.67,31.79,31.53,31.76,22811232
1457962200,31.66,31.69,31.3,31.43,17438583
1458048600,31.34,31.65,31.06,31.65,16927746
1458135000,31.49,31.795,31.17,31.69,26298416
1458221400,31.76,32.17,31.7,31.98,22865286
1458307800,32.16,32.69,32.06,32.68,49934246
1458567000,32.23,32.42,31.95,32.34,21760871
1458653400,32.16,32.46,31.95,32.32,22200449
1458739800,32.47,32.47,31.98,32,18765319
1458826200,31.87,31.95,31.7001,31.88,14211908
1459171800,31.87,32,31.62,31.9,11433018
1459258200,31.93,32.44,31.7269,32.38,15313190
1459344600,32.45,32.75,32.289,32.71,16598019
1459431000,32.53,32.66,32.315,32.35,17879995
1459517400,32.27,32.47,32.1,32.45,18049694
1459776600,32.2,32.38,31.74,32,21581634
1459863000,31.89,32.12,31.72,31.9,20080011
1459949400,31.97,32.23,31.77,32.08,15740607
1460035800,31.89,31.9,31.35,31.55,23738226
1460122200,31.76,32.02,31.48,31.63,17031882
1460381400,31.9,32.34,31.66,31.67,19707683
1460467800,31.88,31.94,31.38,31.86,16774210
1460554200,31.97,32.18,31.95,32.13,19968076
1460640600,31.78,31.885,31.55,31.8,21620893
1460727000,31.79,31.885,31.38,31.46,28782769
1460986200,31.43,31.72,31.38,31.65,21566599
1461072600,31.7,31.81,31.4,31.6,33619314
1461159000,31.32,32.26,31.25,32,57629791
1461245400,31.94,32.06,31.81,31.97,28431358
1461331800,31.74,31.86,31.22,31.64,29625641
1461591000,31.36,31.5,31.195,31.39,19315711
1461677400,31.39,31.7,31.17,31.4,20976362
1461763800,31.25,31.8,31.19,31.75,20006239
1461850200,31.45,31.71,31.03,31.11,25146389
1461936600,30.86,30.87,30.1,30.28,36443747
1462195800,30.45,30.69,30.36,30.61,21086632
1462282200,30.41,30.56,30.09,30.36,27111147
1462368600,30.17,30.21,29.7,29.85,23278779
1462455000,29.87,30.02,29.75,29.9,23393270
1462541400,29.61,30.11,29.52,30.04,19632199
1462800600,30.08,30.17,29.76,29.8,16888275
1462887000,30,30.18,29.82,30.14,17013816
1462973400,30.16,30.245,29.97,30.06,15754233
1463059800,30.11,30.24,29.57,29.76,20826694
1463146200,29.86,30.2,29.84,29.91,19999591
1463405400,29.9,30.56,29.88,30.39,21826072
1463491800,30.57,30.57,29.86,29.98,25709903
1463578200,30.03,30.25,29.78,29.99,22469947
1463664600,29.77,29.93,29.5,29.63,21740870
1463751000,29.73,30.38,29.7,30.15,22777251
1464010200,30.23,30.4825,30.13,30.23,20881905
1464096600,30.5,31.12,30.45,31.06,23699229
1464183000,31.2,31.57,31.15,31.39,18423836
1464269400,31.49,31.63,31.4,31.49,12692300
1464355800,31.6,31.65,31.45,31.57,13341296
1464701400,31.51,31.65,31.31,31.59,23040218
1464787800,31.62,31.72,31.47,31.66,17753532
1464874200,31.56,31.76,31.45,31.76,14140127
1464960600,31.74,31.74,31.395,31.62,15777539
1465219800,31.64,31.82,31.58,31.68,15139603
1465306200,31.75,32.02,31.7,31.88,19339090
1465392600,31.8,32,31.79,31.89,12732088
1465479000,31.68,32,31.68,31.94,11276764
1465565400,31.7,32.24,31.65,32.04,35749113
1465824600,32.05,32.5,32.04,32.17,23004832
1465911000,32.01,32.24,31.79,32.14,18754277
1465997400,32.25,32.26,31.59,31.61,23783272
1466083800,31.44,31.77,31.22,31.69,18547853
1466170200,31.73,31.81,31.47,31.76,27047860
1466429400,32.07,32.44,32.01,32.17,21961579
1466515800,32.26,32.375,32.09,32.32,15476450
1466602200,32.3,32.63,32.25,32.29,18304758
1466688600,32.58,33,32.5011,32.99,22048784
1466775000,31.8,32.32,31.4,31.55,38094301
1467034200,31.41,31.41,30.44,30.72,35454030
1467120600,30.97,31.2,30.81,31.19,23693871
1467207000,31.35,31.98,31.31,31.93,22771058
1467293400,32,32.88,31.97,32.8,34528919
1467379800,32.64,32.885,32.47,32.75,17084570
1467725400,32.5,32.73,32.455,32.68,20107191
1467811800,32.8,33,32.38,32.97,21070217
1467898200,32.96,33.55,32.96,33.2,26119445
1467984600,33.65,34,33.5,34,23341870
1468243800,34.04,34.5,34.04,34.38,23820667
1468330200,34.51,34.97,34.48,34.94,28064113
1468416600,35.04,35.25,34.88,35.01,29120904
1468503000,35.13,35.3,34.96,35.2,25296374
1468589400,35.26,35.29,34.9,35.07,23661856
1468848600,35.18,35.2,34.95,35.05,19347177
1468935000,34.89,35.16,34.85,35.15,20395424
1469021400,35.3,35.93,35.06,35.69,42994187
1469107800,34.33,34.49,33.86,34.27,63708597
1469194200,34.38,34.7,34.26,34.66,33033653
1469453400,34.62,34.755,34.57,34.69,20277701
1469539800,34.75,35.23,34.7,35.09,29644428
1469626200,35,35.28,34.63,34.83,23601763
1469712600,34.83,34.83,34.52,34.77,21667377
1469799000,34.77,34.915,34.605,34.86,18171236
1470058200,34.82,34.91,34.56,34.85,18824409
1470144600,34.81,34.87,34.325,34.56,20057327
1470231000,34.1,34.28,33.99,34.25,18388764
1470317400,34.29,34.62,34.22,34.58,16362642
1470403800,34.8,35.13,34.7,34.98,20046211
1470663000,34.9,35.17,34.86,35.04,19497332
1470749400,35.04,35.16,34.84,34.92,12578884
1470835800,35,35,34.5,34.53,19579027
1470922200,34.66,34.74,34.49,34.68,16364120
1471008600,34.52,34.76,34.44,34.57,15708316
1471267800,34.7,35.16,34.63,34.91,18931063
1471354200,34.77,35.21,34.77,35.21,16320929
1471440600,35.17,35.21,34.77,35.02,18221644
1471527000,34.96,35.09,34.75,34.97,16085181
1471613400,34.84,35.27,34.735,35.24,16417640
1471872600,35.2,35.45,35.12,35.36,14941430
1471959000,35.5,35.69,35.3,35.4,18316042
1472045400,35.32,35.41,35.02,35.15,16343525
1472131800,35.05,35.22,34.896,35.09,12427980
1472218200,35.11,35.58,35.05,35.26,14469924
1472477400,35.48,35.67,35.15,35.55,15264300
1472563800,35.59,35.74,35.52,35.7,15183208
1472650200,35.62,35.9,35.58,35.89,20562722
1472736600,35.99,36.04,35.58,36.02,18925769
1472823000,36.21,36.33,35.95,36.08,16726718
1473168600,36.38,36.6,36.17,36.57,22337790
1473255000,36.65,36.65,36.38,36.46,18495645
1473341400,36.35,36.59,36.12,36.44,20356511
1473427800,36.1,36.39,35.44,35.44,29457900
1473687000,35.19,36.12,35.064,36.08,22796599
1473773400,35.75,35.88,35.32,35.61,23591345
1473859800,35.51,35.815,35.395,35.62,14127224
1473946200,35.74,36.65,35.54,36.56,24585103
1474032600,37.72,38.05,37.25,37.67,74577899
1474291800,37.69,38.02,37.09,37.16,30531708
1474378200,37.42,37.43,36.94,37.14,24796900
1474464600,37.21,37.46,36.8601,37.45,21233698
1474551000,37.6,37.83,37.44,37.55,17013410
1474637400,37.45,37.65,37.12,37.19,18062474
1474896600,36.92,36.94,36.6,36.65,25518796
1474983000,36.9,37.22,36.63,37.18,22391576
1475069400,37.31,37.5,37.15,37.44,19020799
1475155800,37.49,37.53,37,37.32,17674969
1475242200,37.47,37.92,37.44,37.75,24279306
1475501400,37.69,37.95,37.53,37.66,14113578
1475587800,37.77,37.94,37.33,37.54,14393109
1475674200,37.75,38.31,37.64,37.99,22420804
1475760600,37.84,38.16,37.575,38.07,15171434
1475847000,38.08,38.22,37.78,38.1,16942539
1476106200,38.25,38.36,37.9,38.02,14954297
1476192600,37.91,38,36.821,37.27,27650460
1476279000,37.2,37.25,36.81,37.13,14053888
1476365400,36.85,37.13,36.46,36.97,16936015
1476451800,37.19,37.7,37.155,37.45,19123944
1476711000,37.55,37.7162,37.245,37.29,15788142
1476797400,37.97,38.05,37.53,37.75,42907753
1476883800,36.07,36.09,35.23,35.51,75229016
1476970200,35.41,35.67,35.1,35.43,25669479
1477056600,35.21,35.4,34.81,35.15,20813248
1477315800,35.43,35.49,35.11,35.26,21524741
1477402200,35.14,35.25,35.01,35.1,17860312
1477488600,35.04,35.205,34.74,34.92,19977604
1477575000,35.1,35.23,34.75,34.81,14634685
1477661400,34.87,35.17,34.71,34.74,22296428
1477920600,34.92,35.08,34.84,34.87,19188602
1478007000,34.9,35.16,34.27,34.52,25368222
1478093400,34.6,34.9,34.47,34.6,21416408
1478179800,34.45,34.52,33.87,33.93,19400032
1478266200,33.53,33.93,33.42,33.61,21914746
1478529000,34.24,34.75,34.15,34.69,19296598
1478615400,34.6,34.95,34.49,34.74,14833126
1478701800,34.13,34.85,33.67,34.75,25999427
1478788200,34.95,34.95,34.025,34.5,28250229
1478874600,34.57,34.87,34.34,34.61,22665026
1479133800,34.56,34.73,34.2,34.48,22558941
1479220200,34.64,35.29,34.61,34.91,20676112
1479306600,34.9,34.92,34.54,34.84,18565450
1479393000,34.81,35.02,34.63,35.02,15748521
1479479400,34.9,35,34.64,34.95,16806853
1479738600,35.1,35.2,34.84,34.98,14259526
1479825000,35.18,35.5,35.11,35.48,22327447
1479911400,35.48,35.52,35.1,35.2,15843618
1480084200,35.11,35.45,35.11,35.44,6372836
1480343400,35.43,35.66,35.21,35.51,13549048
1480429800,35.64,35.64,35.27,35.31,19581040
1480516200,35.2,35.3,34.7,34.7,27016070
1480602600,34.86,34.93,33.56,33.76,29618687
1480689000,33.72,34.26,33.6,34.16,21492534
1480948200,34.31,34.42,33.965,34.39,14461972
1481034600,34.39,34.75,34.3,34.72,15297703
1481121000,34.67,35.57,34.45,35.5,21710273
1481207400,35.48,36.03,35.22,35.7,19966537
1481293800,35.75,35.9,35.59,35.76,16326925
1481553000,35.78,36.09,35.67,35.97,21985830
1481639400,36.01,36.89,35.93,36.8,35773592
1481725800,36.7,36.89,36.46,36.55,30819365
1481812200,36.74,37.16,36.53,36.79,23721538
1481898600,36.72,36.87,36.085,36.31,38212824
1482157800,36.34,36.95,36.27,36.89,18744306
1482244200,36.95,37.24,36.89,37.21,18551844
1482330600,37.25,37.345,36.91,36.98,14323574
1482417000,37.23,37.24,36.81,36.93,10793879
1482503400,36.93,36.98,36.7709,36.97,6287281
1482849000,36.91,37.33,36.91,37.07,9033706
1482935400,37.1,37.2,36.58,36.63,12868584
1483021800,36.51,36.72,36.43,36.66,8447998
1483108200,36.79,36.8,36.2,36.27,17467984
1483453800,36.61,36.93,36.27,36.6,20196466
1483540200,36.71,36.77,36.34,36.41,15915729
1483626600,36.45,36.72,36.305,36.35,13986002
1483713000,36.46,36.68,36.19,36.48,15113998
1483972200,36.48,36.885,36.4776,36.61,19461422
1484058600,36.55,36.93,36.53,36.54,15918766
1484145000,36.51,37,36.51,36.95,22398426
1484231400,36.83,36.83,36.32,36.71,20391946
1484317800,36.71,36.86,36.62,36.79,15072235
1484663400,36.67,36.83,36.59,36.8,20195202
1484749800,36.89,37.01,36.61,36.76,15382452
1484836200,36.51,36.91,36.51,36.57,13654522
1484922600,36.76,37.03,36.58,36.94,23950936
1485181800,37.07,37.21,36.55,36.77,27752565
1485268200,36.84,37.74,36.81,37.62,35140871
1485354600,37.87,38,37.515,37.8,32357313
1485441000,37.82,37.925,37.42,37.56,34144843
1485527400,38,38.45,37.81,37.98,44368566
1485786600,37.74,37.84,37.33,37.42,23954716
1485873000,37.22,37.37,36.6401,36.82,27059084
1485959400,36.82,36.95,36.02,36.52,28380640
1486045800,36.26,36.7,36.2,36.68,31916939
1486132200,36.69,36.82,36.45,36.52,21038146
1486391400,36.51,36.51,36.15,36.27,21426961
1486477800,36.45,36.52,36.24,36.35,18581866
1486564200,36.34,36.65,36.14,36.38,20807358
1486650600,36.5,36.5,35.4,35.46,47802687
1486737000,35.26,35.43,34.84,35.34,44106523
1486996200,35.57,35.85,35.34,35.8,28180550
1487082600,35.84,35.96,35.53,35.93,25734801
1487169000,35.98,36.06,35.67,36.05,18452197
1487255400,36.18,36.56,36.1,36.41,21317455
1487341800,36.32,36.48,36.1,36.48,18909888
1487687400,36.53,36.65,36.33,36.52,20556017
1487773800,36.34,36.3964,35.79,36.07,29904370
1487860200,36.24,36.3,35.9,36.18,22774979
1487946600,36.14,36.53,35.95,36.53,18617592
1488205800,36.42,36.68,36.27,36.51,14065236
1488292200,36.42,36.46,36,36.2,24977011
1488378600,35.85,36.1,35.44,35.93,34085869
1488465000,35.93,36.02,35.65,35.91,23602100
1488551400,35.94,36.085,35.67,35.9,17540896
1488810600,35.79,35.8,35.42,35.57,24416732
1488897000,35.54,35.8,35.385,35.8,23434893
1488983400,35.67,35.9,35.525,35.62,20920148
1489069800,35.6,35.94,35.5,35.82,23616786
1489156200,36.12,36.295,35.78,35.91,25402348
1489411800,35.85,36.04,34.94,35.16,53582931
1489498200,35.06,35.23,34.66,35.18,28586871
1489584600,34.94,35.17,34.68,35.1,27996095
1489671000,35.17,35.36,35.07,35.14,19616053
1489757400,35.31,35.33,35.1,35.27,30778867
1490016600,35.37,35.63,35.26,35.43,17322274
1490103000,35.59,35.6,35,35.04,22814547
1490189400,35.22,35.46,35,35.37,19144498
1490275800,35.49,35.49,35.02,35.27,20640352
1490362200,35.65,35.73,35.12,35.16,22187960
1490621400,35.07,35.5,34.94,35.39,16992235
1490707800,35.34,35.71,35.21,35.6,18398148
1490794200,35.52,35.7,35.435,35.57,17184674
1490880600,35.58,35.89,35.52,35.75,16432950
1490967000,35.75,36.25,35.74,36.07,21438385
1491226200,36.19,36.74,36.12,36.16,32013641
1491312600,36.12,36.375,35.99,36.28,18918045
1491399000,36.43,36.76,36.17,36.22,22455525
1491485400,36.13,36.285,36.03,36.03,20198223
1491571800,36.07,36.32,35.985,36.03,15689513
1491831000,36.02,36.09,35.61,35.8,19973723
1491917400,35.77,35.79,35.21,35.74,22711830
1492003800,35.87,36.01,35.5,35.63,19289787
1492090200,35.55,35.76,35.25,35.25,15763996
1492435800,35.44,35.59,35.33,35.48,12560746
1492522200,35.43,35.81,35.295,35.765,12321050
1492608600,35.97,36.22,35.89,35.91,16594635
1492695000,36.18,36.2653,35.86,36.18,22947336
1492781400,36.2,36.42,35.85,36.32,20390513
1493040600,36.67,36.85,36.46,36.75,26305762
1493127000,36.77,37,36.66,36.87,22013782
1493213400,36.78,37.23,36.78,36.93,27240993
1493299800,36.87,37.5,36.78,37.43,39889967
1493386200,36.1,36.485,35.88,36.15,56769258
1493645400,36.11,36.4,35.94,36.31,24825614
1493731800,36.37,37.03,36.35,36.97,35813021
1493818200,36.72,37.17,36.62,36.98,22040256
1493904600,36.99,37.11,36.64,36.85,16437088
1493991000,36.86,36.93,36.5,36.82,18119243
1494250200,36.73,36.85,36.48,36.54,17660214
1494336600,36.48,36.75,36.28,36.37,17819144
1494423000,36.27,36.38,35.93,36.01,25133822
1494509400,35.91,36,35.4543,35.69,21508923
1494595800,35.72,35.74,35.4,35.53,19730842
1494855000,35.535,35.715,35.42,35.63,22120137
1494941400,35.75,35.89,35.42,35.82,22291843
1495027800,35.67,35.9896,35.02,35.04,26670188
1495114200,35.19,35.47,35.08,35.22,17171872
1495200600,35.15,35.55,35.13,35.4,18340127
1495459800,35.48,36.11,35.38,35.77,14638066
1495546200,35.87,35.99,35.56,35.86,16903704
1495632600,35.98,36.18,35.89,36.12,20860257
1495719000,36.12,36.39,36.06,36.26,13148542
1495805400,36.26,36.33,36.13,36.26,11145523
1496151000,36.27,36.44,36.09,36.18,13026915
1496237400,36.31,36.38,35.87,36.11,17741896
1496323800,36.12,36.13,35.8,36.12,17510915
1496410200,36.27,36.33,36,36.32,19127420
1496669400,36.3,36.5,36.2,36.34,11685699
1496755800,36.16,36.45,35.98,36.13,18420926
1496842200,36.13,36.57,36.1,36.26,17191983
1496928600,36.34,36.53,36.16,36.48,17154167
1497015000,36.5,36.56,35.31,35.71,33322053
1497274200,35.59,36.01,35.41,35.73,28488290
1497360600,35.68,35.95,35.53,35.88,20588247
1497447000,35.99,36.05,35.22,35.53,19149017
1497533400,35.21,35.48,35.14,35.31,20410009
1497619800,35.28,35.33,35.01,35.21,30762781
1497879000,35.61,35.61,35.32,35.51,21583752
1497965400,35.45,35.45,34.84,34.86,21536505
1498051800,34.33,34.6,34.09,34.58,27138493
1498138200,34.56,34.63,34.29,34.36,24602910
1498224600,34.21,34.55,34.095,34.19,29260888
1498483800,34.26,34.51,34.03,34.07,18854766
1498570200,34,34.145,33.65,33.65,27078918
1498656600,33.77,34.24,33.74,34.2,25940057
1498743000,33.92,34.1,33.34,33.54,25215664
1498829400,33.87,33.93,33.535,33.74,24432020
1499088600,33.51,34.03,33.43,33.46,12676894
1499261400,33.52,34.43,33.485,34.34,30010803
1499347800,34.12,34.29,33.56,33.63,20733189
1499434200,33.7,34.12,33.7,33.88,18304460
1499693400,33.25,33.74,33.23,33.65,29918436
1499779800,33.64,33.93,33.4311,33.92,25737540
1499866200,34.28,34.39,33.94,34.25,23768337
1499952600,34.33,34.4,34.12,34.24,15046199
1500039000,34.48,34.71,34.265,34.68,16316353
1500298200,34.74,34.74,34.36,34.47,21044407
1500384600,34.43,34.58,34.25,34.53,14362830
1500471000,34.68,34.68,34.46,34.56,17036197
1500557400,34.54,34.84,34.475,34.75,17506216
1500643800,34.54,34.82,34.395,34.73,22245041
1500903000,34.73,34.8,34.38,34.5,16146284
1500989400,34.55,34.735,34.4,34.67,18096682
1501075800,34.7,34.97,34.59,34.75,15499322
1501162200,34.78,35.25,34.67,34.97,43062842
1501248600,35.13,35.86,35,35.31,36291484
1501507800,35.47,35.74,35.32,35.47,27056989
1501594200,35.66,36.43,35.57,36.35,38710244
1501680600,36.33,36.67,36.055,36.64,35004283
1501767000,36.55,36.59,36.15,36.49,26611347
1501853400,36.45,36.56,36.1,36.3,20520301
1502112600,36.39,36.55,36.22,36.43,18169335
1502199000,36.37,36.7,36.3,36.41,22819871
1502285400,36.28,36.66,36.02,36.59,22796797
1502371800,36.4,36.56,36.11,36.14,22693316
1502458200,36.26,36.4,35.79,35.87,19275060
1502717400,36.12,36.47,36.08,36.34,18469448
1502803800,36.3,36.32,35.815,36,21706563
1502890200,35.98,36.07,35.56,35.81,22013991
1502976600,35.6,35.68,35.17,35.17,19524961
1503063000,35.29,35.31,34.99,35.01,16231408
1503322200,35.09,35.28,34.7,34.92,26493271
1503408600,35.02,35.19,34.62,34.65,26097791
1503495000,34.54,34.81,34.38,34.66,19648134
1503581400,34.7,34.89,34.55,34.71,14301892
1503667800,34.82,34.93,34.58,34.67,14726829
1503927000,34.78,34.8,34.59,34.65,20712876
1504013400,34.51,34.75,34.455,34.73,15843668
1504099800,34.75,34.96,34.63,34.89,18565007
1504186200,34.94,35.18,34.87,35.07,16366772
1504272600,35.24,35.39,35.07,35.09,12821972
1504618200,35.02,35.33,34.93,35.02,19300594
1504704600,35.22,35.94,35.11,35.76,28076438
1504791000,35.88,35.95,35.33,35.54,16297077
1504877400,35.42,35.54,35.08,35.19,14125018
1505136600,35.49,36,35.14,35.77,20037575
1505223000,35.88,36.34,35.74,36.09,19489892
1505309400,36,36.4,35.97,36.33,15509787
1505395800,36.19,36.695,36.16,36.48,18093946
1505482200,36.55,37.08,36.22,37,33596072
1505741400,37,37.33,36.8,37,19393834
1505827800,37.2,37.295,37.02,37.23,23850525
1505914200,37.23,37.29,36.655,37.07,23957476
1506000600,36.99,37.27,36.85,37.2,22954158
1506087000,36.95,37.22,36.95,37.18,21631754
1506346200,37.05,37.23,36.85,37.16,23180838
1506432600,37.21,37.64,37,37.47,29790369
1506519000,37.62,37.69,37.1,37.54,25981384
1506605400,37.32,37.88,37.29,37.83,21171441
1506691800,37.84,38.15,37.7,38.08,23217336
1506951000,38.12,39.09,38.08,39.04,37394514
1507037400,38.95,39.7,38.95,39.38,34002193
1507123800,39.39,39.4,38.8606,39.34,28368824
1507210200,39.5,39.65,39.21,39.53,17710277
1507296600,39.6,39.89,39.42,39.63,18887536
1507555800,39.68,39.88,39.52,39.86,18494080
1507642200,39.93,39.95,39.38,39.65,29890017
1507728600,39.48,39.67,39.06,39.3,30754708
1507815000,39.35,39.39,38.98,39.19,18286944
1507901400,39.44,39.81,39.28,39.67,16829366
1508160600,39.71,39.79,39.44,39.76,12489135
1508247000,39.56,39.865,39.37,39.79,15532818
1508333400,39.8,40.29,39.6,40.25,21424554
1508419800,39.88,40.33,39.83,40.09,19222705
1508506200,40.33,40.45,40.1,40.43,18335672
1508765400,40.55,41.04,40.395,40.83,28646966
1508851800,41,41.05,40.72,40.95,19652417
1508938200,40.89,41.055,40.49,40.78,24031660
1509024600,40.91,41.575,40.71,41.35,38247395
1509111000,43.3,45,43.1,44.4,90028300
1509370200,44.48,45.19,43.88,44.37,48161518
1509456600,45.2,45.8,44.65,45.49,47000920
1509543000,45.97,46.71,45.59,46.71,47813724
1509629400,46.61,47.23,46.213,47.1,44602250
1509715800,47.2,47.3,45.6,46.34,39298110
1509978600,46.6,46.74,46.09,46.7,34034971
1510065000,46.7,47.09,46.39,46.78,24461371
1510151400,46.62,46.7,46.28,46.7,21565759
1510237800,46.05,46.39,45.65,46.3,25570358
1510324200,46.04,46.09,45.38,45.58,24095354
1510583400,45.26,45.94,45.25,45.75,18999002
1510669800,45.7,45.92,45.32,45.86,22201170
1510756200,45.39,45.805,45.1725,45.46,17157204
1510842600,45.63,46.07,45.46,45.65,26439406
1510929000,45.5,45.62,44.62,44.63,63798040
1511188200,44.73,45.115,44.5,44.62,22420003
1511274600,44.72,45.22,44.71,44.94,21871027
1511361000,44.94,44.95,44.535,44.65,19538331
1511533800,44.55,44.775,44.43,44.75,6455827
1511793000,44.42,44.61,44.2736,44.49,18202115
1511879400,44.65,44.84,44.32,44.73,20194062
1511965800,44.85,45.09,43.77,43.95,27036870
1512052200,44.36,45.2,44.33,44.84,34145303
1512138600,44.73,44.84,43.53,44.68,26656272
1512397800,45.02,45.3,44.33,44.49,28000791
1512484200,44.6,44.9,43.23,43.44,30626850
1512570600,43.14,43.72,42.67,43.45,27710812
1512657000,43.46,43.6,42.78,43.08,32708441
1512743400,43.35,43.58,43.11,43.35,23154749
1513002600,43.28,43.78,43.25,43.66,20425900
1513089000,43.47,43.62,43.08,43.33,16557398
1513175400,43.65,43.66,43.24,43.34,21399460
1513261800,43.43,43.57,43.015,43.26,19644917
1513348200,43.4,44.84,43.07,44.56,47476952
1513607400,45.15,46.35,45.04,46.26,50369327
1513693800,46.3,47.26,45.89,47.04,41421116
1513780200,47.47,47.64,46.66,47.56,40934978
1513866600,47.54,47.59,46.56,46.76,42963451
1513953000,46.33,47.02,46.02,46.7,33913537
1514298600,46.28,46.47,45.95,46.08,15533328
1514385000,46.11,46.36,46,46.11,13359671
1514471400,46.36,46.36,45.95,46.22,9504372
1514557800,46.21,46.49,46.09,46.16,17394491
1514903400,46.38,46.9,46.21,46.85,23370791
1514989800,45.47,46.21,43.65,45.26,116478986
1515076200,43.52,44.65,42.69,44.43,89209119
1515162600,44.43,45.15,43.9,44.74,41824006
1515421800,44.27,44.84,43.96,44.74,33733769
1515508200,44.7,44.84,43.49,43.62,44282311
1515594600,43.33,43.6,42.44,42.5,45734951
1515681000,42.8,43.58,42.45,43.41,35371519
1515767400,43.45,43.6,43.01,43.24,29973553
1516113000,43.55,43.79,42.885,43.14,38367181
1516199400,43.545,44.45,43.51,44.39,32368612
1516285800,44.4,44.735,44.17,44.48,26826529
1516372200,44.62,44.89,44.25,44.82,25780217
1516631400,44.8,45.79,44.79,45.75,27706762
1516717800,45.81,46.09,45.63,46.06,22135103
1516804200,45.9,46.13,44.96,45.51,32464221
1516890600,45.88,46.37,45.17,45.3,36758746
1516977000,48.38,50.15,48.12,50.08,86916079
1517236200,49.6,50.85,49.37,49.98,46304040
1517322600,49.48,50.06,48.74,48.79,32814590
1517409000,49.23,49.25,47.56,48.14,41619914
1517495400,47.695,48.47,47.45,47.65,28840380
1517581800,47.32,47.79,46.1,46.15,28663029
1517841000,46.35,47.26,44.5,44.52,47869041
1517927400,44.02,44.93,43.0302,44.91,58145381
1518013800,44.58,46.3,44.34,45.2,37508414
1518100200,45.28,45.42,42.74,42.75,43151330
1518186600,43.5,44.28,42.04,43.95,49301141
1518445800,44.15,45.16,44.09,44.83,28379521
1518532200,44.59,44.775,44.255,44.46,19517609
1518618600,44.07,45.51,44.04,45.38,19922010
1518705000,45.88,45.99,44.95,45.92,23536793
1518791400,45.815,46.59,45.51,45.56,21475207
1519137000,45.46,46.71,45.39,46.32,25511962
1519223400,46.67,47.06,45.92,45.94,27527487
1519309800,46.14,46.56,45.62,45.8,16946353
1519396200,46.34,47.79,46.305,47.73,26040911
1519655400,48.2,49.13,48.1,49.11,26992306
1519741800,49.37,50.9,49.31,49.91,43624077
1519828200,50.18,50.34,49.28,49.29,35541183
1519914600,49.5,49.715,47.47,47.84,36326639
1520001000,47.2,49.05,46.96,48.98,33310592
1520260200,48.57,49.795,48.041,49.75,30826521
1520346600,50.16,51.33,50.15,50.71,39132300
1520433000,50.18,51.485,50.1,51.32,31801943
1520519400,51.79,52.08,50.47,50.74,29481157
1520605800,51.27,52.3,51,52.19,32727914
1520861400,51.86,51.95,50.5,51.52,32044382
1520947800,52.52,53.78,51.39,51.78,45573922
1521034200,52.06,52.175,51.31,51.86,24993502
1521120600,52.23,52.3,50.88,50.88,25631228
1521207000,51.17,51.7,50.99,51.17,42559810
1521466200,50.74,51.23,49.93,50.83,31115248
1521552600,50.88,51.81,50.85,51.55,22214951
1521639000,51.55,52.17,51.17,51.56,23239476
1521725400,50.74,51.96,50.6,50.83,30915970
1521811800,50.59,50.99,49.36,49.36,37683871
1522071000,50.74,52.49,50.32,52.48,39306227
1522157400,53.01,53.25,50.78,51.19,38777042
1522243800,50.5,50.7,49.01,49.6,37970859
1522330200,49.98,52.08,49.87,52.08,45265805
1522675800,51.69,52.04,47.29,48.92,67187824
1522762200,49,49.96,48.41,49.75,39432360
1522848600,48.1,50.16,48.01,49.99,30370046
1522935000,50.01,50.7199,49.97,50.38,25115351
1523021400,49.79,50.4,48.5,48.79,28215164
1523280600,49.16,51.11,49.16,49.55,31436989
1523367000,51.12,51.49,50.34,51.27,26417762
1523453400,50.99,51.73,50.82,51.1,17568432
1523539800,51.49,53.2689,51.45,52.72,29781357
1523626200,53.06,53.21,51.6,51.86,20884874
1523885400,52.29,52.53,51.79,52.4,18855458
1523971800,52.91,53.7,52.89,53.54,21228696
1524058200,53.52,54.355,53.34,53.61,22164679
1524144600,52.95,52.96,51.61,52.22,25422376
1524231000,52.17,52.28,50.88,51.53,26910093
1524490200,51.689,51.89,50.85,51.1,21706733
1524576600,51.87,53.64,51.14,51.45,42494668
1524663000,51.86,52.1,50.6,51.38,25752805
1524749400,52.26,53.27,52.07,53.05,39575029
1524835800,55.44,55.79,52.23,52.73,69888148
1525095000,52.56,53.37,51.21,51.62,36417370
1525181400,51.64,53.42,51.44,53.33,27600758
1525267800,53.09,53.2,52.15,52.31,25778328
1525354200,51.89,52.56,51.21,52.28,28560967
1525440600,51.62,52.84,51,52.78,25642474
1525699800,52.86,53.58,52.83,53.33,20285746
1525786200,53.2948,53.63,52.8,53.63,21026793
1525872600,53.76,54.37,53.19,54.34,19827532
1525959000,54.55,55,54.1,54.98,18715910
1526045400,54.62,55.19,54.43,54.67,15405004
1526304600,54.77,55.2401,54.74,54.9,21878199
1526391000,54.58,54.75,53.56,53.92,21712649
1526477400,54.17,54.7,53.955,54.64,16260459
1526563800,54.55,55.44,54.42,54.81,16872598
1526650200,54.53,54.54,53.47,53.5,23679944
1526909400,54.36,55.22,53.86,54.32,25367377
1526995800,54.73,55.05,54.05,54.45,19009588
1527082200,54,55.23,53.84,55.21,20555425
1527168600,55.18,55.3,54.13,54.75,19667095
1527255000,54.8,55.5,54.54,55.44,18549989
1527600600,55.12,55.81,54.81,55.32,24253509
1527687000,55.89,56.2,55.615,55.68,24711519
1527773400,55.67,55.86,55.06,55.2,30962105
1527859800,55.84,57.1,55.8,57.08,31183166
1528119000,57.01,57.5995,56.775,56.83,22538053
1528205400,56.9,57.12,56.215,56.53,21687019
1528291800,56.53,57.06,56.08,57.03,22955355
1528378200,56.92,57,55.62,55.88,27596110
1528464600,55.56,55.7,54.66,55.05,30822854
1528723800,54.8,55.09,54.26,54.52,25752361
1528810200,54.87,55.03,54.22,54.82,23294943
1528896600,54.98,55.7,54.91,55.03,22631436
1528983000,55.45,55.86,55.18,55.54,23419829
1529069400,55.17,55.38,54.58,55.11,39194688
1529328600,54.3,54.3,52.34,53.22,40764444
1529415000,52.14,52.95,51.88,52.93,31780850
1529501400,53.19,53.745,52.69,53.46,21403035
1529587800,54.38,54.53,51.94,52.19,44435555
1529674200,52.62,53.09,52.3,52.5,34682074
1529933400,51.17,51.75,49.91,50.71,45356466
1530019800,49.95,50.41,49.36,49.67,37543003
1530106200,49.34,50.06,48.75,48.76,33338795
1530192600,48.58,49.49,48.5,49.25,29055690
1530279000,49.53,50.11,49.5,49.71,28906523
1530538200,49.04,50.27,48.83,50.2,23755548
1530624600,50.58,50.86,49.43,49.47,16327904
1530797400,49.98,50.96,49.75,50.75,26163528
1530883800,50.77,51.5,50.4,51.37,19968048
1531143000,51.64,51.89,51,51.86,21361609
1531229400,52.1,52.26,51.84,52.16,17362901
1531315800,51.69,51.87,51.19,51.2,18665554
1531402200,52.05,52.48,51.73,52.35,20292712
1531488600,52.4,52.42,51.76,52.22,13750255
1531747800,52.15,52.32,51.87,52.01,15951549
1531834200,51.05,51.8785,51.01,51.75,15754472
1531920600,51.87,51.97,51.465,51.72,14649019
1532007000,51.6,52.01,51.05,51.98,15954636
1532093400,51.83,52.07,51.33,51.91,17387554
1532352600,51.77,52.495,51.33,52.31,15945470
1532439000,52.76,53.3,52.075,52.18,17788677
1532525400,52.21,52.45,51.09,52.43,19892991
1532611800,52.45,53.18,51.87,52.16,28282484
1532698200,48.76,49.2,47.48,47.68,67816656
1532957400,47.63,47.99,46.43,47.69,35696572
1533043800,48.24,48.6757,47.69,48.1,36581201
1533130200,48.055,48.91,48,48.81,28060679
1533216600,48.5,49.52,48.2,49.48,26452493
1533303000,49.5,49.78,49.1701,49.63,22008160
1533562200,48.77,49.31,48.32,49.3,26669005
1533648600,49.43,49.83,49.41,49.7,28322714
1533735000,49.6,50.13,49.44,49.96,21997841
1533821400,49.86,50.6,49.72,50.14,23795628
1533907800,48.51,49.17,48.3,48.85,28712389
1534167000,48.92,49.24,48.38,48.45,17070585
1534253400,48.67,48.76,47.65,48.12,23061591
1534339800,47.78,48,46.9,47.46,26739870
1534426200,47.75,47.95,47.05,47.17,24358040
1534512600,47,47.39,46.33,47.1,26381992
1534771800,47.05,47.12,46.19,46.5,24334042
1534858200,46.66,47.85,46.64,47.62,19254336
1534944600,47.25,47.35,46.92,47.05,23182485
1535031000,46.86,47.17,46.71,46.98,31343206
1535117400,47.29,47.89,47.08,47.66,18214708
1535376600,48,48.39,47.63,48.35,17170257
1535463000,48.55,48.79,48.31,48.57,13472427
1535549400,48.7,48.86,48.4,48.75,13479099
1535635800,48.52,48.83,48.09,48.24,16418812
1535722200,47.96,48.56,47.92,48.43,16483981
1536067800,48.38,48.4267,47.5601,47.96,15682894
1536154200,47.75,48.12,47.47,47.72,20857150
1536240600,47.76,47.96,47.21,47.26,19318129
1536327000,46.91,47.48,46.36,46.45,25958345
1536586200,46.56,46.76,46.23,46.3,21522362
1536672600,46,46.03,44.89,44.93,32455320
1536759000,44.56,44.98,44.06,44.93,29778722
1536845400,45.68,45.85,45.11,45.57,18657116
1536931800,45.78,45.965,45.35,45.54,22998666
1537191000,45.29,45.9,45.19,45.42,17603171
1537277400,45.58,46.53,45.41,46.1,20528084
1537363800,46.09,46.44,45.89,46.15,15918914
1537450200,46.78,47.36,46.52,47.2,21999267
1537536600,47.12,47.419,46.37,46.66,52650601
1537795800,46.31,47,46.15,46.91,17846994
1537882200,46.22,46.39,45.8,45.91,23389874
1537968600,46.04,46.3,45.58,45.7,23957663
1538055000,45.91,46.165,45.73,45.88,15415535
1538141400,45.62,47.75,45.46,47.29,46223464
1538400600,46.79,47.22,46.2,46.45,23797630
1538487000,47.51,48.88,47.32,48.1,42121090
1538573400,48.62,49.72,48.56,48.76,39211946
1538659800,48.84,48.86,47.62,48.13,30108253
1538746200,48.23,48.34,46.66,47.03,28901448
1539005400,46.96,47.35,46.52,47.03,19376820
1539091800,47.18,47.62,46.54,46.55,23285714
1539178200,46.06,46.12,44.8,44.8,43109488
1539264600,45.15,45.61,43.73,44.23,43648820
1539351000,45.27,45.3429,44.23,44.88,32087385
1539610200,44.63,45.14,44.44,44.53,21632953
1539696600,44.9,46.01,44.825,45.94,21471984
1539783000,46,46.33,45.54,45.89,23124370
1539869400,45.65,45.75,44.83,44.97,26638830
1539955800,45.02,45.18,43.86,44,28368505
1540215000,44.5,45.34,44.1,45.01,34508833
1540301400,44.18,45.09,43.91,44.5,38590347
1540387800,44.16,44.36,42.36,42.42,33631803
1540474200,43.54,44.94,43.28,44.31,48255281
1540560600,45.59,46.44,44.7,45.69,67280359
1540819800,46.5,46.75,44.44,45.4,35732223
1540906200,45.53,47.88,45.46,47.76,43975214
1540992600,48.29,48.56,46.83,46.88,33369091
1541079000,46.95,48.47,46.86,48.22,28335329
1541165400,48.13,48.25,46.75,47.11,30759786
1541428200,47.34,48.25,46.92,47.97,23751221
1541514600,47.8,47.92,47.03,47.25,23839582
1541601000,47.63,48.75,47.59,48.72,29913193
1541687400,48.49,49.29,48.46,48.99,26581744
1541773800,48.79,49.025,47.87,48.11,21761447
1542033000,47.71,47.8,46.6,46.65,24412843
1542119400,46.99,48.25,46.99,47.39,29315924
1542205800,47.85,47.965,46.89,47.09,25632731
1542292200,47.01,48.24,46.72,48.11,29580992
1542378600,47.77,49.05,47.69,48.83,31670572
1542637800,48.61,49.15,47.78,48,26859030
1542724200,47.4,48.12,47.09,47.39,29200847
1542810600,47.85,47.88,47.02,47.03,19011435
1542983400,46.69,47.07,46.52,46.54,8906879
1543242600,47.27,47.46,46.7,47.45,20723037
1543329000,46.94,48.22,46.59,48.07,27621025
1543415400,47.935,48.88,47.65,48.86,28003222
1543501800,48.49,48.56,47.63,47.7,23592512
1543588200,47.95,49.32,47.56,49.31,43312603
1543847400,50,50.495,49.53,50.13,30866818
1543933800,49.52,49.6,47.675,47.75,35397722
1544106600,46.8,48.39,46.52,48.37,31661749
1544193000,47.94,48.06,46.23,46.24,34016375
1544452200,46.28,47.46,46.01,47.21,23289000
1544538600,47.9,48.59,47.13,47.38,23850962
1544625000,48.58,48.64,47.41,47.83,31305045
1544711400,48.26,48.58,47.855,48.29,19525963
1544797800,47.89,48.76,47.85,47.86,26372077
1545057000,47.86,48.41,46.66,47.08,26598676
1545143400,47.47,48.45,47.36,47.74,29014290
1545229800,47.49,47.73,45.38,45.57,39717559
1545316200,45.41,46.31,45.01,45.54,37750948
1545402600,45.75,46.65,44.8,44.84,52767741
1545661800,44.63,45.17,43.54,43.59,19241563
1545834600,44,46.2,43.51,46.19,28677632
1545921000,45.62,46.38,44.67,46.36,29970725
1546007400,46.51,47.74,46.3,46.75,24729695
1546266600,47.09,47.48,46.55,46.93,20490405
1546439400,45.96,47.47,45.77,47.08,18774573
1546525800,46.15,46.28,44.39,44.49,32267297
1546612200,45.835,47.57,45.54,47.22,35447286
1546871400,47.1,47.995,46.75,47.44,22736796
1546957800,47.8,48.03,46.78,47.74,22749206
1547044200,47.96,48.57,47.78,48.01,22554525
1547130600,47.75,48.65,47.41,48.56,27202575
1547217000,48.1,49.291,48.05,48.93,21751291
1547476200,48.46,48.83,48.3,48.35,19193910
1547562600,48.71,49.13,48.44,48.6,22480820
1547649000,48.6,48.89,48.08,48.13,19057707
1547735400,48,48.84,47.905,48.47,17448657
1547821800,49.11,49.38,48.69,49.19,29874317
1548167400,48.96,48.98,47.87,48.27,25940722
1548253800,48.41,48.8,47.52,47.94,18960709
1548340200,48.7,50.035,48.6,49.76,50578269
1548426600,46.85,47.43,45.75,47.04,86471848
1548685800,46.13,46.73,46.05,46.71,35928704
1548772200,46.78,46.97,46.33,46.54,20988342
1548858600,46.68,47.68,46.45,47.54,26931676
1548945000,46.7,47.18,46.1,47.12,43051306
1549031400,47.06,49.05,47.01,48.73,37442926
1549290600,48.62,49.24,48.24,49.22,20905010
1549377000,49.18,50.7159,49.18,50.01,31641570
1549463400,49.95,50.64,49.82,49.9,21647843
1549549800,49.5,49.85,48.68,49.23,27825875
1549636200,48.77,49.02,48.01,48.84,18851208
1549895400,49.02,49.32,48.58,48.77,18004088
1549981800,49.36,50.14,49.27,50.01,18050058
1550068200,50.13,50.81,50,50.47,17712782
1550154600,50.41,51.04,50.35,50.81,17545365
1550241000,51.25,51.67,51.09,51.66,22520361
1550586600,51.35,51.71,51.34,51.4,15611772
1550673000,51.63,51.73,51.06,51.39,21607726
1550759400,51.32,51.84,51.21,51.41,16162142
1550845800,52.7,52.975,52.055,52.49,31934146
1551105000,53.06,53.61,52.86,53.1,20711750
1551191400,53.01,53.37,52.91,53.23,16082213
1551277800,52.76,53.38,52.51,53.24,17590309
1551364200,52.92,53.18,52.81,52.96,18388820
1551450600,53.44,53.68,52.89,53.3,18359325
1551709800,53.75,54.1,53.205,53.94,21706135
1551796200,53.85,53.99,53.11,53.68,21057745
1551882600,53.63,53.65,52.94,52.95,14740525
1551969000,52.77,52.985,52.36,52.6,17803407
1552055400,51.97,52.56,51.7,52.48,16793891
1552311000,52.88,53.65,52.57,53.35,18962954
1552397400,53.34,53.96,53.175,53.57,20782077
1552483800,54,54.57,53.65,54.37,25522312
1552570200,54.3,54.45,53.33,53.44,26647060
1552656600,53.68,54.69,53.68,54.33,46485239
1552915800,54.42,54.505,53.87,54.1,16273986
1553002200,54.47,54.645,54,54.17,18274766
1553088600,54.06,54.4,53.61,53.82,24325283
1553175000,53.92,54.99,53.84,54.64,19127216
1553261400,54.4,54.615,53.21,53.26,21438435
1553520600,52.97,53.545,52.375,52.78,16971406
1553607000,53.32,53.77,53.04,53.44,17724346
1553693400,53.59,53.86,52.94,53.16,19655973
1553779800,53.25,53.44,52.77,53.11,13607888
1553866200,53.8,54.04,53.48,53.7,18736074
1554125400,54.34,54.57,54.1,54.51,17830437
1554211800,54.53,54.8,54.225,54.36,13704511
1554298200,55.03,55.99,54.89,55.48,24552838
1554384600,55.27,56.14,55.27,55.92,16520453
1554471000,55.75,55.95,54.87,55.6,19268396
1554730200,55.28,55.74,55.2,55.68,11758823
1554816600,55.35,55.43,54.9,55.32,13339677
1554903000,55.32,55.86,55.32,55.75,13084042
1554989400,55.76,56.07,55.63,55.8,10845819
1555075800,56.21,56.49,55.84,56.42,12910185
1555335000,56.46,56.555,55.92,56.28,11676910
1555421400,56.66,57.47,56.07,56.71,30301933
1555507800,58.44,59.59,58.12,58.56,38788448
1555594200,58.71,58.88,58.1238,58.49,20464197
1555939800,58.15,58.83,57.88,58.82,12327484
1556026200,58.89,58.98,58.5,58.78,17739929
1556112600,58.52,59.2899,58.14,58.72,17723745
1556199000,58.3,58.38,57.23,57.61,27949926
1556285400,52.74,53.09,51.52,52.43,72364512
1556544600,52.17,52.43,51,51.11,42142301
1556631000,51,51.43,50.87,51.04,27130855
1556717400,51.1,51.6,50.74,50.76,20467582
1556803800,50.8,51.325,50.12,50.55,22655397
1556890200,51.08,51.82,50.73,51.75,25656641
1557149400,50.25,51.28,50.19,51.22,26245240
1557235800,50.6,50.88,49.93,50.48,29713382
1557322200,50.2,50.79,49.07,49.24,36812429
1557408600,47.9,48.29,46.05,46.62,59642160
1557495000,46.44,46.8,45.1,46.2,42522778
1557754200,45.33,45.64,44.7,44.76,39091928
1557840600,45.18,45.485,44.87,45.17,24706458
1557927000,44.92,45.75,44.76,45.62,23407893
1558013400,45.47,45.95,45.42,45.53,19954653
1558099800,45.18,45.73,44.7637,44.89,22500360
1558359000,44,44.52,43.4538,43.56,28674965
1558445400,44.34,44.78,44.175,44.46,25543371
1558531800,44.15,44.46,43.845,44,16932520
1558618200,43.37,44.74,42.86,44.53,35783928
1558704600,44.59,45.05,44.49,44.57,27168066
1559050200,44.66,44.69,43.3,43.57,34779863
1559136600,43.35,44.53,43.3333,44.23,28450341
1559223000,44.3,45.03,44.23,44.73,21618859
1559309400,44.18,44.79,43.93,44.04,25532529
1559568600,44.25,44.585,43.2,43.46,31155678
1559655000,44.16,44.855,43.77,44.79,28094917
1559741400,45.11,45.18,44.19,44.55,20802012
1559827800,44.75,45.17,44.505,45.1,19076170
1559914200,45.25,46.12,45.1,46.03,24370253
1560173400,46.23,47.19,46.2,46.8,20806083
1560259800,47.26,47.32,46.52,46.85,18415495
1560346200,46.67,46.67,46.25,46.32,15900569
1560432600,46.6,46.955,46.53,46.7,12267633
1560519000,45.83,46.42,45.5459,46.19,15381077
1560778200,46.14,46.53,45.8,46.13,12643343
1560864600,46.75,48,46.6,47.37,25732293
1560951000,47.48,47.58,47,47.07,17436381
1561037400,47.87,48.05,46.87,47.19,20126780
1561123800,46.95,47.73,46.8,47.46,31096251
1561383000,47.4,47.8455,47.17,47.63,14479942
1561469400,47.56,47.68,46.8,46.85,16665577
1561555800,47.65,48.48,47.56,48.19,21886309
1561642200,48.15,48.42,47.24,47.46,23062947
1561728600,47.77,48.2,47.68,47.87,26646183
1561987800,49.29,49.45,47.745,48.05,27505447
1562074200,47.91,48.22,47.69,48.12,15384686
1562160600,48.18,48.56,47.995,48.52,10739100
1562333400,48.03,48.175,47.44,48.08,14339228
1562592600,47.62,47.95,47.07,47.82,16564291
1562679000,47.36,47.8,47.13,47.75,17853185
1562765400,47.92,48.61,47.9,48.21,16032269
1562851800,48.56,48.78,48.31,48.6,16615082
1562938200,49,49.93,48.81,49.92,20148730
1563197400,50,50.25,49.7693,50.12,14345082
1563283800,49.91,50,48.96,49.17,17131368
1563370200,49.5,49.7,49.24,49.39,11928605
1563456600,49.28,49.99,48.89,49.94,15679636
1563543000,49.96,50.66,49.91,50.27,29141087
1563802200,50.005,51.515,49.89,51.35,21686529
1563888600,52,52,51.3,51.75,18413520
1563975000,51.98,52.97,51.8,52.92,20896369
1564061400,52.51,52.6,51.88,52.16,27765432
1564147800,52.69,53.5,51.53,51.59,36401545
1564407000,51.53,52.5599,50.78,52.51,21897455
1564493400,51.71,52.31,51.56,51.7,16487692
1564579800,51.51,51.72,50.05,50.55,24169751
1564666200,50.52,51.89,49.47,49.5,34020779
1564752600,49.09,49.36,48.5,48.68,27881620
1565011800,47.76,47.9599,46.57,46.97,38936649
1565098200,47.15,47.56,46.765,46.96,26119563
1565184600,46.3,46.88,45.97,46.73,29440393
1565271000,46.16,47.365,45.91,47.17,30643740
1565357400,46.94,47,45.78,45.98,24975455
1565616600,45.76,46.07,45.44,45.6,18494298
1565703000,45.49,47.045,45.36,46.84,29374656
1565789400,46.06,46.625,45.65,45.87,25650218
1565875800,46.1,46.18,45.435,45.7,21992683
1565962200,46.34,46.68,46.06,46.5,23335693
1566221400,47.46,47.6,47.04,47.23,21404916
1566307800,47.03,47.12,46.46,46.6,23115324
1566394200,47.11,47.29,46.8901,47.15,15915801
1566480600,47.28,47.43,46.69,46.78,19785890
1566567000,46.35,46.63,44.8,44.96,32817083
1566826200,45.82,45.82,45.25,45.56,22086633
1566912600,45.87,46.12,45.5,45.79,16927568
1566999000,45.7,45.91,45.37,45.79,14895346
1567085400,46.46,47.22,46.4,46.87,17806113
1567171800,47.24,47.79,47.16,47.41,16923146
1567517400,47.12,47.22,46.495,46.98,15010268
1567603800,47.56,48.95,47.54,48.92,23472112
1567690200,49.925,51.17,49.87,50.1,30023117
1567776600,50.25,50.99,50.07,50.92,17067940
1568035800,51.06,52.03,51.02,51.59,20749659
1568122200,51.33,51.84,50.825,51.82,18532029
1568208600,51.6,52.79,51.38,52.79,18968942
1568295000,53,53.33,52.065,53.01,23308710
1568381400,52.76,53,52.2349,52.54,18010814
1568640600,51.9,52.285,51.7011,52.2,13354588
1568727000,52.05,52.144,51.35,51.95,19888219
1568813400,52.13,52.13,51.16,51.74,15029864
1568899800,51.7,51.99,51.5,51.57,11849919
1568986200,51.6,51.88,50.56,50.72,38632498
1569245400,50.83,51.225,50.39,50.9,21574149
1569331800,51.1,51.18,49.64,49.82,28472934
1569418200,49.75,51.21,49.42,51.02,20120838
1569504600,50.98,51.145,50.34,50.92,11482105
1569591000,50.63,51.22,50.34,50.78,14846405
1569850200,51.19,51.595,50.9384,51.53,14059201
1569936600,51.97,52.24,50.43,50.76,18487336
1570023000,50.31,50.37,48.98,49.39,21436998
1570109400,49.5,50.07,48.532,50.03,17235566
1570195800,50.35,50.97,50.03,50.92,12748071
1570455000,50.7,51.23,50.56,50.62,12722054
1570541400,50.16,50.48,49.61,49.725,17884433
1570627800,50.47,50.79,50.15,50.48,12189955
1570714200,50.41,51.775,50.4,51.11,14611658
1570800600,52,52.79,51.82,52.09,24167112
1571059800,51.9,51.95,51.44,51.64,16425533
1571146200,51.93,53.07,51.83,52.65,18970764
1571232600,52.35,52.56,52.12,52.445,15173069
1571319000,52.635,52.84,51.38,51.86,16918323
1571405400,51.75,51.82,51.0291,51.36,16975159
1571664600,51.52,52.17,51.34,52.13,13120652
1571751000,51.9,52.32,51.8903,52.01,13347316
1571837400,51.37,51.96,51.2,51.72,15961603
1571923800,52.09,52.43,51.43,52.23,25654058
1572010200,54.19,56.61,53.92,56.46,59767680
1572269400,56.38,56.81,56.06,56.76,32307512
1572355800,56.37,57.24,56.24,56.34,18155771
1572442200,56.32,56.63,55.615,56.6,15247999
1572528600,56.33,56.6,55.62,56.53,19249679
1572615000,55.94,56.6465,55.62,56.51,17953467
1572877800,56.9303,57.8,56.85,57.61,19067981
1572964200,57.47,58.35,57.21,57.55,20865354
1573050600,57.49,57.71,56.98,57.6,17720996
1573137000,58,58.55,57.855,58.05,16962846
1573223400,57.85,58.3,57.31,58.27,11890273
1573482600,57.97,58.5,57.9,58.35,11236365
1573569000,58.4,58.8,58.03,58.2,11954038
1573655400,57.87,57.97,57.35,57.89,15409832
1573741800,57.61,58.04,57.57,57.81,12141218
1573828200,58.17,58.7,57.62,57.96,16112991
1574087400,57.7,58.48,57.57,58.25,16101282
1574173800,58.48,58.65,57.75,58.35,17062825
1574260200,58.26,58.36,57.3664,57.9,18559091
1574346600,57.49,58.3,57.41,58.22,16139031
1574433000,58.34,58.65,57.49,57.61,15690160
1574692200,58,58.84,58,58.81,15012416
1574778600,58.95,59.13,58.45,58.9,22381498
1574865000,58.53,58.59,57.905,58.51,18185512
1575037800,58.15,58.295,57.79,58.05,9481129
1575297000,58.55,58.69,57.47,57.66,19166768
1575383400,56.86,56.86,55.75,56.07,26613647
1575469800,56.66,56.66,55.86,56.02,18882730
1575556200,56.41,56.41,55.76,56.08,17675582
1575642600,56.66,56.99,56.42,56.81,16477405
1575901800,56.54,56.96,56.5,56.53,14467822
1575988200,56.71,56.83,56.44,56.59,16157977
1576074600,56.91,57.17,56.58,57.07,20051865
1576161000,56.75,58.05,56.61,57.55,27896156
1576247400,57.55,58.34,57.38,57.79,22795852
1576506600,58.21,58.57,57.65,57.7,19135285
1576593000,58,58.1,57.13,57.3,21656376
1576679400,57.39,57.455,56.94,57.17,28273062
1576765800,57.17,57.99,56.965,57.96,18869002
1576852200,58.32,59.05,57.89,58.95,49970823
1577111400,59.06,59.78,59.04,59.23,23593186
1577197800,59.25,59.48,59.16,59.41,6313179
1577370600,59.41,59.85,59.35,59.82,11486640
1577457000,59.91,60.48,59.9,60.08,14086147
1577716200,59.99,60.05,59.38,59.62,12751111
1577802600,59.62,59.93,59.36,59.85,14435832
1577975400,60.24,60.97,60.22,60.84,17713404
1578061800,59.81,60.7,59.81,60.1,15298577
1578321000,59.59,60.195,59.33,59.93,17759137
1578407400,59.78,59.8,58.89,58.93,21960524
1578493800,58.89,59.32,58.52,58.97,23138274
1578580200,59.05,59.51,58.83,59.3,18818492
1578666600,59.57,60.075,58.87,58.94,15201929
1578925800,59.17,59.775,59.08,59.59,16455825
1579012200,59.49,59.74,59.185,59.43,17092446
1579098600,59.3,59.65,58.75,58.94,18498803
1579185000,59.26,59.84,59.07,59.66,21365530
1579271400,59.98,60,59.2403,59.6,21803446
1579617000,59.81,61.25,59.79,60.55,28358468
1579703400,61.04,62.85,60.97,62.73,29475122
1579789800,62.86,63.705,62.81,63.32,42778737
1579876200,66.57,69.29,66.46,68.47,84711037
1580135400,66.72,67.42,65.6,65.69,30764002
1580221800,66.5,67.58,65.94,67.31,30915394
1580308200,67.63,68.06,66.17,66.33,18076688
1580394600,65.64,66.5,64.93,66.47,18522360
1580481000,65.8,65.98,63.67,63.93,25268428
1580740200,64.455,65.04,64.3,64.42,16654563
1580826600,65.77,66.06,64.92,65.46,20970754
1580913000,66.69,67.6,66.13,67.34,23401417
1580999400,67.3,67.4,66.77,67.09,17408038
1581085800,66.86,67.3,66.01,66.02,18134646
1581345000,65.56,66.4,65.44,66.39,22299288
1581431400,66.83,67.71,66.57,67.41,17975623
1581517800,67.6,68.09,67.31,67.46,15586600
1581604200,66.99,67.65,66.739,67.44,11602733
1581690600,67.52,67.865,66.82,67.27,13405451
1582036200,66.66,66.69,65.88,66.14,12766566
1582122600,66.39,67.2,66.18,67.11,13551202
1582209000,67.04,67.29,64.56,65.45,26452594
1582295400,65.18,65.25,64.04,64.34,20780465
1582554600,61.6135,62.77,61.32,61.76,26903117
1582641000,61.99,62.28,59.46,59.73,34495728
1582727400,60.11,60.82,59.27,59.65,26217740
1582813800,57.93,58.51,55.8,55.83,42226859
1582900200,54.3,56.38,53.6,55.52,60727999
1583159400,55.79,58.22,54.52,58.18,43140304
1583245800,58.03,59.02,55.4,55.97,49740276
1583332200,57.01,58.71,56.16,58.68,29223071
1583418600,57.06,58.66,56.61,56.96,29099163
1583505000,55.18,56.01,54.54,55.77,36259158
1583760600,51.92,52.71,50,50.85,56196983
1583847000,52.76,54,50.43,53.98,36568951
1583933400,52.39,53.54,51.01,51.66,38573961
1584019800,47.99,50.091,45.37,45.54,50661745
1584106200,48.26,55,47.74,54.43,48805059
1584365400,47.51,52.25,43.63,44.61,53878939
1584451800,45.755,51.63,45.2,50.08,52085162
1584538200,46.71,50.05,45.2,47.61,49309879
1584624600,47.84,49.23,45.16,45.94,44538030
1584711000,46.51,49.42,45.47,45.83,52344045
1584970200,46.02,50.49,45.9132,49.58,46698478
1585056600,53.14,54.64,51.35,52.4,50019753
1585143000,52.48,53.785,49.91,51.26,41106063
1585229400,51.74,55.95,51.66,55.54,41475406
1585315800,53.42,54.64,52.065,52.37,31633487
1585575000,52.99,56.1,52.83,55.49,31628610
1585661400,55.06,55.795,53.22,54.12,48081861
1585747800,52.5,54.69,51.43,51.88,29586562
1585834200,51.29,54.56,51.22,54.35,27809987
1585920600,53.85,55.13,52.73,54.13,23906062
1586179800,56.63,58.77,56.12,58.43,32323387
1586266200,59.94,61.49,58.21,58.4,41410012
1586352600,58.99,59.51,57.91,58.98,26719500
1586439000,59.36,59.72,56.06,57.14,40515419
1586784600,56.57,58.77,56.57,58.7,23251938
1586871000,60.0378,60.9,59.51,60.66,25673992
1586957400,59.74,59.83,58.385,58.87,22841552
1587043800,59.61,60.96,58.81,60.79,24433516
1587130200,62.02,62.13,59.825,60.36,27385636
1587389400,59.279,60.04,58.89,59.18,26420309
1587475800,58.11,58.6,55.93,56.36,25248033
1587562200,58.27,60.5,57.81,60.1,23443745
1587648600,59.6735,60.1,58.81,59.04,35091952
1587735000,56.2,59.4,56.1,59.26,50220505
1587994200,59.72,59.83,58.385,59.47,25902236
1588080600,59.99,60.22,58.26,58.75,28784707
1588167000,59.44,62.03,59.32,61.8,30451541
1588253400,61.3666,61.54,59.75,59.98,26279877
1588339800,58.83,59.32,57.31,57.47,21194802
1588599000,57.12,58.07,56.31,57.99,18957227
1588685400,58.79,59.3,58.35,58.75,17252063
1588771800,59.04,59.95,58.94,59.18,17848655
1588858200,59.93,60.0969,58.92,59.17,14733519
1588944600,59.6694,59.78,59.05,59.67,20391091
1589203800,59.74,60.84,59.71,60.13,18684439
1589290200,60.22,60.64,58.26,58.39,16754898
1589376600,58.45,59.23,56.9,57.74,21064971
1589463000,57.32,59.15,56.1,59.08,21569352
1589549400,57.4,58.37,56.96,58.28,21373268
1589808600,59.7406,60.28,59.36,59.92,20443708
1589895000,60.13,61.77,59.85,60.29,21865009
1589981400,61.16,63.489,61.02,63.1,30583988
1590067800,63.095,63.8,61.82,61.98,20987740
1590154200,61.98,62.32,61.42,62.255,14103013
1590499800,63.68,64.14,62.12,62.34,20933556
1590586200,62.32,63.59,61.07,63.56,19886271
1590672600,63,63.45,61.49,61.7,17264131
1590759000,61.9,63.66,61.62,62.93,33395738
1591018200,62.4851,62.66,61.66,61.86,14329044
1591104600,61.7,62.17,60.825,62.12,20702353
1591191000,62.45,62.54,61.53,61.93,16737271
1591277400,61.74,63.47,61.3438,62.97,22010142
1591363800,63.36,65.11,63.16,64.34,26813098
1591623000,63.97,64.15,62.94,63.67,21546178
1591709400,62.9935,63.71,62.9,63.04,23594133
1591795800,62.79,64.289,62.75,63.87,21367845
1591882200,63.07,63.3,59.52,59.7,26998242
1591968600,60.11,60.96,58.121,59.33,30419768
1592227800,59.33,60.36,58.58,60.1,29651719
1592314200,61.49,61.65,59.49,60.4,23226634
1592400600,60.74,61.28,60.06,60.49,20454771
1592487000,60.35,60.51,59.32,60.08,24899699
1592573400,60.65,60.89,59.1,59.62,60324579
1592832600,59.73,60.545,58.83,60.09,22846013
1592919000,60.19,60.47,59.8612,59.92,22809579
1593005400,59.64,59.805,58.67,59.09,27764482
1593091800,58.98,59.09,57.48,58.51,21906941
1593178200,58.49,58.73,57.07,57.5,38477509
1593437400,57.47,58.35,56.76,58.27,22150266
1593523800,58.71,59.98,58.54,59.83,31542056
1593610200,59.91,60.03,58.76,58.81,14748072
1593696600,59.19,59.81,58.97,59.13,15578580
1594042200,58.72,59.62,58.6,59.54,20536717
1594128600,59.07,59.57,58.14,58.31,15996487
1594215000,58.45,58.695,57.93,58.61,13277868
1594301400,58.2,58.745,57.7,58.42,20683689
1594387800,57.95,59.69,57.83,59.53,17742324
1594647000,59.84,60.62,58.39,58.58,19082943
1594733400,57.8735,59.25,57.345,58.98,24190866
1594819800,59.03,59.34,58.42,59.03,19986312
1594906200,58.54,59.36,58.4,59.14,12425873
1594992600,59.42,60.46,59.28,60,16322814
1595251800,60.08,61.38,59.34,61.15,16868660
1595338200,61.515,61.9275,60.44,60.7,19830305
1595424600,61.31,61.765,60.62,61.05,18959921
1595511000,61.255,61.74,59.98,60.4,43518551
1595597400,52.15,52.18,49.5,50.59,182269902
1595856600,51.03,51.14,49.465,49.57,107526547
1595943000,49.48,50.23,49.14,49.24,62362611
1596029400,49.49,49.5,47.9,48.07,60500806
1596115800,47.83,48.5,47.59,47.99,39735185
1596202200,48.13,48.3216,46.97,47.73,46569883
1596461400,48.27,48.6267,47.74,48.3,31767139
1596547800,48.6,49.14,48.5,49.13,29045836
1596634200,49.72,49.72,48.66,48.92,29471066
1596720600,48.79,48.82,48.1,48.57,23795529
1596807000,48.53,48.65,47.7,48.03,36765228
1597066200,48.2,49.39,48.06,49.22,37442609
1597152600,49.63,49.73,48.06,48.19,35348092
1597239000,48.67,49.26,48.24,49.19,30687169
1597325400,49.26,49.33,48.385,48.56,24774512
1597411800,48.73,49.21,48.65,48.89,22321168
1597671000,49.11,49.305,48.73,48.93,20018273
1597757400,49.26,49.57,48.62,48.65,19251395
1597843800,48.785,48.98,48.25,48.33,27774975
1597930200,49.81,50.2,49,49.17,55081342
1598016600,49.02,49.31,48.65,49.28,34316470
1598275800,49.26,49.4,48.82,49.14,36295307
1598362200,49.35,49.88,49.21,49.43,38384329
1598448600,49.39,49.67,49.23,49.55,28616620
1598535000,49.79,49.93,49.17,49.4,24420613
1598621400,49.57,50.8,49.46,50.43,35384684
1598880600,51,51.5,50.32,50.95,46114133
1598967000,50.91,51,50.22,50.79,30522707
1599053400,51.21,52.68,51.09,52.25,53000730
1599139800,52.5,52.62,50.135,50.39,47394340
1599226200,50.53,51.23,49.49,50.08,43318369
1599571800,49.26,49.9,48.85,48.91,39752694
1599658200,49.53,49.9684,49.04,49.62,33437273
1599744600,50,50.09,48.71,48.96,32649149
1599831000,49.2635,50.05,48.95,49.28,29333570
1600090200,48.85,49.72,48.85,49.41,27212491
1600176600,49.79,50.6,49.73,50,27598263
1600263000,50.51,51.03,50.165,50.37,26555283
1600349400,49.37,50.485,49.3,50.32,26959934
1600435800,50.33,50.5,49.04,49.89,50123495
1600695000,49.39,49.745,48.83,49.72,27377117
1600781400,49.89,50.21,49.47,49.95,22290855
1600867800,49.83,50.145,48.66,48.82,30078801
1600954200,48.53,49.64,48.42,49.16,29343397
1601040600,48.96,50.28,48.75,49.94,26633411
1601299800,50.51,51.46,50.16,51.43,29652247
1601386200,51.305,51.735,50.95,51.19,19687447
1601472600,51.24,52.38,51.15,51.78,27711346
1601559000,52.4,52.72,51.99,52.24,22127580
1601645400,51.5,51.9789,50.99,51.01,25811766
1601904600,51.3,51.81,51.27,51.69,20883245
1601991000,51.71,52.7,51.23,51.37,25642790
1602077400,51.85,52.9,51.79,52.67,21978673
1602163800,52.91,53.58,52.67,53.37,22369537
1602250200,53.55,53.85,52.67,52.82,24343898
1602509400,53.55,54.2,53.21,53.88,27303474
1602595800,54.27,54.29,53.62,53.83,20005769
1602682200,54.01,54.4,53.51,53.55,21885105
1602768600,52.75,53.98,52.62,53.85,18272865
1602855000,53.9,54.7,53.9,54.16,23421388
1603114200,54.47,56.23,53.84,54.58,43537219
1603200600,54.6,54.7,53.27,53.43,27224899
1603287000,53.14,54.07,52.82,53.5,21866025
1603373400,53.12,54.22,53.07,53.9,41522739
1603459800,48.35,48.665,47.66,48.2,97322490
1603719000,47.85,47.86,46.25,46.72,54161291
1603805400,45.98,46.41,45.36,45.64,50130518
1603891800,44.89,45.285,44.2,44.25,45066011
1603978200,44.24,44.47,43.9201,44.11,36796801
1604064600,44.1,44.795,43.61,44.28,46794171
1604327400,44.96,45.055,44.24,44.46,33856742
1604413800,44.73,45.46,44.7,44.85,33587541
1604500200,45.11,46.15,44.78,45.7,34748153
1604586600,46.15,46.38,45.525,45.68,31103209
1604673000,45.54,45.795,44.9,45.39,36233675
1604932200,46.64,47.35,45.54,45.6,48481729
1605018600,45.4,46.48,45.25,45.44,39224462
1605105000,45.9,46.455,45.86,46.35,31496938
1605191400,46.13,46.19,44.55,44.95,42909915
1605277800,44.99,45.58,44.97,45.46,30898107
1605537000,46.04,46.75,45.79,46.19,36306293
1605623400,45.75,46.12,45.405,45.53,31072061
1605709800,45.55,45.685,45.04,45.06,32817918
1605796200,44.92,45.67,44.7,45.62,29469084
1605882600,45.66,45.88,45.33,45.39,24199278
1606141800,45.48,46.21,45.45,46.06,35489638
1606228200,46.29,47.3,46.01,47.01,33901172
1606314600,47.03,47.18,46.57,47.05,28126887
1606487400,47.36,48.1,47.36,47.45,15921420
1606746600,47.42,48.5,47.265,48.35,46332671
1606833000,48.75,50.225,48.71,49.56,57778192
1606919400,49.22,50.06,49.18,49.9,33753518
1607005800,49.92,51.11,49.78,50.99,50261151
1607092200,51.06,52.65,51,51.985,39767719
1607351400,51,51.29,49.56,50.2,51040300
1607437800,49.83,50.72,49.81,50.69,28956507
1607524200,50.28,50.8383,49.73,50.07,34068390
1607610600,49.66,50.72,49.59,50.26,33705981
1607697000,50.14,50.14,49.115,49.73,29398840
1607956200,49.82,51.34,49.74,50.47,33436404
1608042600,50.98,51.01,50.21,50.665,25472993
1608129000,50.71,51.46,50.68,51.12,28350977
1608215400,51.15,51.32,50.22,50.65,26399017
1608301800,50.57,50.68,47.11,47.46,119298410
1608561000,46.32,46.45,45.24,46.36,53775701
1608647400,46.25,46.34,45.765,46.17,32188769
1608733800,46.165,47.03,46.07,46.57,22564228
1608820200,46.6,47.09,46.34,47.07,11865642
1609165800,47.19,47.635,46.86,47.07,21269166
1609252200,47.22,50.6667,46.49,49.39,84531388
1609338600,49.11,49.19,48.56,48.75,37385409
1609425000,48.75,50.19,48.72,49.82,28576790
1609770600,49.89,51.39,49.4016,49.67,46102459
1609857000,49.445,50.83,49.33,50.61,24866563
1609943400,50.435,52.15,50.2,51.1,36809644
1610029800,51.49,52.69,51.3,52.19,32092336
1610116200,52.45,52.53,51.27,51.65,34625379
1610375400,51.29,52.24,51.25,51.54,32933279
1610461800,51.9,53.85,51.56,53.24,39883888
1610548200,59.5,60.25,56.9,56.95,124070671
1610634600,58.45,60.14,57.84,59.25,74680892
1610721000,58.85,59.65,57.5,57.58,50265363
1611066600,57.94,58.34,57.1,57.99,35647144
1611153000,58.24,59.22,58.09,58.67,28701263
1611239400,59.038,63.95,58.2233,62.46,87156464
1611325800,58.85,59.62,56.65,56.66,85729315
1611585000,56.38,56.5,54.06,55.44,61968547
1611671400,55.275,56.2,54.85,55.21,31485880
1611757800,54.61,54.8481,53.3,53.59,49722945
1611844200,54.79,57.4,54.7,56.065,49202558
1611930600,55.98,57.16,55.355,55.51,37256225
1612189800,55.95,57.39,55.71,56.69,26926638
1612276200,57.19,58.28,56.88,58,23580890
1612362600,57.8943,58.33,57.38,57.68,21893188
1612449000,57.61,58.88,57.19,58.79,29853778
1612535400,59,59.08,58.12,58.18,23432611
1612794600,58.375,59.22,57.95,59.16,34358295
1612881000,58.77,59.31,57.935,58.78,28754075
1612967400,59.3,59.42,58.12,58.86,16325147
1613053800,59.095,60.99,58.86,60.66,27539121
1613140200,60.6,62.51,60.43,61.81,26214175
1613485800,62,62.87,61.7,62.47,26326297
1613572200,61.49,62.185,61.21,61.85,21065334
1613658600,60.645,61.98,60.64,61.61,17846142
1613745000,61.91,63.26,61.85,63.01,28290116
1614004200,61.88,62.7,60.66,60.71,32288182
1614090600,60.48,61.495,59.17,61.12,27374594
1614177000,60.53,63.28,60.38,63.19,24669870
1614263400,62.405,63.54,60.13,60.4,36393952
1614349800,60.89,61.69,59.68,60.78,38216774
1614609000,61.72,63.08,61.65,62.88,28503500
1614695400,62.8,63.14,61.11,61.24,23320016
1614781800,60.64,61.52,59.7,59.9,28740357
1614868200,59.83,60.235,57.905,58.33,40210352
1614954600,59.26,61.175,58.51,60.74,39511670
1615213800,60.4677,61.695,59.72,59.85,33112387
1615300200,61.18,63.165,60.84,62.67,36387479
1615386600,63.22,64.12,62.13,62.25,27160323
1615473000,62.94,64.09,62.39,63.31,30701765
1615559400,62.65,63.3,62.24,62.9,20172961
1615815000,63.61,63.875,62.48,63.79,21251484
1615901400,64.15,65.7302,64.08,64.78,30186635
1615987800,64.2235,66.29,63.71,65.78,32394652
1616074200,65.63,65.7,63.65,63.725,30107865
1616160600,63.18,64.99,62.92,63.76,54951650
1616419800,64.82,66.38,64.56,65.63,34380148
1616506200,66,66.05,63.17,63.48,35159952
1616592600,66.58,67.44,61.99,62.04,74584670
1616679000,61.655,62.44,60.975,62.02,35401428
1616765400,61.8,64.97,61.77,64.87,34705755
1617024600,64.0113,65.125,63.61,64.5,26161610
1617111000,63.77,64,63.15,63.77,20709487
1617197400,64.01,64.4899,63.58,64,33013231
1617283800,64.725,64.89,63.575,64.55,31416250
1617629400,64.95,66.74,64.7,66.54,27947521
1617715800,66.0616,66.575,65.29,65.56,28771404
1617802200,65.67,66.57,65.36,66.25,17793257
1617888600,66.97,67.29,66.36,67.05,22224223
1617975000,66.7976,68.4,66.63,68.26,27177096
1618234200,68.2,68.49,64.71,65.405,51266884
1618320600,65.61,65.6346,64.21,65.22,26821990
1618407000,65.31,65.38,63.84,64.19,25768415
1618493400,63.97,65.215,63.6799,65.02,24927676
1618579800,65.33,65.52,64.57,64.75,24625458
1618839000,64.7,64.74,63.07,63.63,23997675
1618925400,63.64,63.76,62.41,62.7,19872123
1619011800,62.79,63.775,62.3,63.7,24364209
1619098200,63.35,63.91,62.28,62.57,38257616
1619184600,59.16,60,57.9,59.24,77519832
1619443800,59.1,59.52,58.46,58.76,39645910
1619530200,58.555,58.63,57.77,57.97,38167700
1619616600,57.52,58.16,57.15,57.62,30387352
1619703000,57.88,58.3,57.47,58.28,23290618
1619789400,57.61,58.43,57.07,57.53,30731840
1620048600,57.855,57.8768,56.84,57.26,22281701
1620135000,56.88,56.98,55.81,56.9,35323622
1620221400,56.96,57.3,56.46,56.85,21001931
1620307800,56.615,57.25,56.245,57.19,25529252
1620394200,57.7,58.01,57.24,57.67,19959041
1620653400,57.1465,57.23,55.88,55.97,35046472
1620739800,55.05,55.63,54.3,55.04,35968053
1620826200,54.39,54.65,53.42,53.62,30232253
1620912600,54.04,54.39,53.46,54.01,29192470
1620999000,54.6046,55.8467,54.255,55.35,28158312
1621258200,55.29,55.89,54.76,55.33,20010191
1621344600,55.95,56.14,54.8,54.84,18703385
1621431000,54.07,55.43,53.8418,55.36,23769652
1621517400,55.57,56.24,55.36,55.95,23145167
1621603800,56.42,56.71,55.9801,56.08,17723087
1621863000,56.648,57.39,56.4,56.96,19164350
1621949400,57.56,57.56,56.42,56.87,22309872
1622035800,57.05,57.23,56.585,56.92,15173599
1622122200,57.11,57.88,57,57.73,32387637
1622208600,57.55,57.65,56.94,57.12,20309599
1622554200,57.61,57.82,56.59,56.89,20326366
1622640600,56.91,57.69,56.755,57.48,18483588
1622727000,56.98,57.1,56.085,56.24,21831303
1622813400,56.55,57.75,56.54,57.37,21493760
1623072600,57.41,57.44,56.775,57.09,17364399
1623159000,57.45,57.64,56.6,57,33254482
1623245400,57.36,57.475,56.97,57,13904793
1623331800,57.15,58.03,56.925,57.38,26738082
1623418200,57.47,57.94,56.95,57.85,18119736
1623677400,58.02,58.2,57.23,58.19,21784523
1623763800,58.21,58.415,57.8001,57.99,20806538
1623850200,58.15,58.37,56.765,57.22,21879679
1623936600,57.05,57.9,56.7,57.18,21498755
1624023000,56.68,56.75,55.1,55.67,55118305
1624282200,55.75,56.04,55.37,55.87,19254640
1624368600,55.94,56.2799,55.5049,55.87,18682808
1624455000,55.87,55.974,55.23,55.26,20287879
1624541400,55.49,56.1,55.34,56.07,21209732
1624627800,56.02,56.405,55.745,55.91,21101239
1624887000,56.36,57.725,56.34,57.48,22480879
1624973400,57.55,57.83,55.88,56.75,26359992
1625059800,56.34,56.375,55.39,56.14,29891584
1625146200,56.13,56.64,55.87,56.01,24871591
1625232600,56.55,56.99,56.32,56.76,17223577
1625578200,56.92,57.01,55.7,56.09,26186595
1625664600,56.37,56.45,55.705,55.96,14857388
1625751000,55.31,55.72,54.7901,55.39,19161963
1625837400,55.51,56.105,55.31,55.99,18708003
1626096600,56.26,56.755,56.11,56.73,15392759
1626183000,56.62,57.3,56.34,56.87,15715983
1626269400,57.17,57.455,56.3339,56.52,16263611
1626355800,56.4,56.4,55.57,55.81,18917047
1626442200,56.05,56.9295,54.9,54.97,25263792
1626701400,54.41,54.805,53.97,54.64,27007665
1626787800,54.915,55.56,54.2684,55.24,19866965
1626874200,55.18,56.28,55.01,56.23,18497169
1626960600,56.06,56.54,55.68,55.96,36690982
1627047000,54.58,54.71,52.32,53,67742254
1627306200,52.81,54.54,52.76,54.31,32881174
1627392600,53.12,53.2,52.31,53.18,39878025
1627479000,53.03,53.92,52.94,53.07,28478845
1627565400,53.48,54.1,53.32,53.7,16886626
1627651800,53.65,53.9,53.25,53.72,16465689
1627911000,53.99,54.47,53.535,53.68,18098082
1627997400,53.89,54.16,53.26,54.06,16375928
1628083800,54.25,54.44,53.7,53.9,17612708
1628170200,53.99,54.02,53.58,53.89,15310009
1628256600,53.86,54.13,53.73,53.92,19256023
1628515800,54.08,54.41,53.83,54.05,14670135
1628602200,54.24,54.385,53.51,53.94,16215714
1628688600,54.26,54.36,53.84,54.14,18590798
1628775000,54.17,54.18,53.255,53.54,15073693
1628861400,53.5,53.555,53.055,53.49,15281066
1629120600,53.23,53.49,53,53.47,17692907
1629207000,53.17,53.1784,52.22,52.69,22014903
1629293400,52.6,53.03,52.11,52.19,15061736
1629379800,52.0544,52.67,51.58,52.44,22999394
1629466200,52.16,52.38,51.42,52.01,25728334
1629725400,52.59,53.535,52.48,53.23,23976255
1629811800,53.555,53.97,53.31,53.81,20348797
1629898200,54.08,54.23,53.731,53.81,15048388
1629984600,53.745,53.745,52.9729,53.13,19569984
1630071000,53.36,53.94,52.92,53.89,16524991
1630330200,54.26,54.87,53.76,53.94,14581326
1630416600,54.44,54.5,53.66,54.06,22350100
1630503000,54.11,54.155,53.53,53.67,18615029
1630589400,53.8,53.89,53.35,53.73,15880063
1630675800,53.44,54.08,53.3193,53.51,13472750
1631021400,53.57,53.95,53.44,53.65,13914972
1631107800,53.73,53.92,52.99,53.57,18235078
1631194200,53.66,53.89,53.34,53.4,13495797
1631280600,53.85,54.98,53.81,53.84,20324696
1631539800,54.61,55.485,54.41,54.99,22639242
1631626200,55.37,55.44,54.27,54.52,22072717
1631712600,54.67,55.15,54.42,55.12,18796181
1631799000,54.86,54.95,54.24,54.83,19863089
1631885400,54.59,54.59,53.665,54.26,35359233
1632144600,53.2135,53.5,52.32,52.98,35051904
1632231000,53.2,53.45,52.83,52.87,17968925
1632317400,53.4,53.87,53,53.5,18594117
1632403800,53.75,54.3,53.6,54.03,16474334
1632490200,53.775,54.423,53.73,54.22,12976200
1632749400,53.94,54.87,53.82,54.66,13899911
1632835800,54.18,54.59,53.96,54,24691319
1632922200,54,54.05,53.18,53.49,20514308
1633008600,53.76,53.98,53.26,53.28,20534072
1633095000,53.645,54.105,53.05,53.86,19895101
1633354200,53.93,54.33,53.08,53.47,27353323
1633440600,53.55,54.34,53.475,53.95,18129360
1633527000,53.48,54.07,53.07,53.98,20059578
1633613400,54.319,54.985,54.12,54.18,20704443
1633699800,54.55,54.58,53.7,53.81,16068031
1633959000,53.81,54.41,53.42,53.44,14398758
1634045400,53.57,53.72,52.01,52.17,32784309
1634131800,52.38,52.5784,51.865,52.26,18533956
1634218200,52.895,54,52.73,53.9,26586650
1634304600,54.2,54.49,53.8095,54.46,25231140
1634563800,54.185,54.56,53.72,54.47,22407571
1634650200,54.6257,55.22,54.37,55.21,18392879
1634736600,55.25,55.485,55.08,55.37,16850266
1634823000,54.925,56.07,54.83,56,38390855
1634909400,50.39,50.55,49.14,49.46,109971887
1635168600,49.825,50.07,49.31,49.41,43178773
1635255000,49.4,49.44,47.93,48.28,68405390
1635341400,48.52,48.8155,47.87,47.89,41081464
1635427800,48.14,48.3599,47.88,48.08,31317178
1635514200,48.1,49.28,47.92,49,42300965
1635773400,49.4,49.6,49,49.55,28013741
1635859800,49.61,49.895,49.23,49.86,27193263
1635946200,49.9313,50.45,49.71,50.39,23962115
1636032600,50.24,50.35,49.73,50.31,24805961
1636119000,50.55,51.58,50.54,50.92,36816156
1636381800,51.46,51.99,51.06,51.55,31647844
1636468200,51.54,51.77,50.765,51.2,22508422
1636554600,50.975,51.3873,50.71,50.76,25040734
1636641000,51.01,51.07,50.41,50.53,25419988
1636727400,50.595,50.9,50.18,50.31,23884837
1636986600,50.41,50.63,50.12,50.32,24695780
1637073000,50.37,51.15,50.34,50.61,30927765
1637159400,50.6,50.9399,49.98,50.23,23546918
1637245800,50.24,50.24,48.97,49.68,30667661
1637332200,49.6,49.73,49.24,49.52,27607603
1637591400,49.55,50.85,49.41,49.83,33389634
1637677800,50.16,50.45,48.64,49.1,44713339
1637764200,48.855,49.78,48.63,49.76,26035780
1637937000,48.9,49.175,48.115,48.78,25268977
1638196200,49.3,50.13,48.72,50,31478896
1638282600,49.5,50.4,48.68,49.2,49460840
1638369000,49.84,50.3062,48.52,48.6,35133403
1638455400,48.61,49.7947,48.33,49.5,37240777
1638541800,49.675,50.06,48.76,49.25,32224930
1638801000,49.48,51.21,49.18,50.99,40335981
1638887400,54.66,55,52.21,52.57,91731468
1638973800,52.57,52.88,51.3838,51.75,37143437
1639060200,51.3,51.585,50.43,50.48,31694241
1639146600,50.84,51.07,50.05,50.59,23783632
1639405800,50.85,51.02,49.95,50,35726895
1639492200,49.82,50.27,49.32,49.7,34120382
1639578600,49.87,50.78,49.325,50.67,32590323
1639665000,50.74,51.4,50.575,50.83,33132254
1639751400,50.59,51.02,50.01,50.62,50190417
1640010600,49.91,50.13,48.96,49.6,30140276
1640097000,49.94,50.84,49.94,50.77,31956292
1640183400,50.64,51.02,50.21,50.97,23307948
1640269800,51.08,51.73,51.05,51.31,25198249
1640615400,51.35,52.06,51.3022,51.94,20990716
1640701800,51.93,52.12,51.63,51.76,19290438
1640788200,51.81,52.14,51.66,51.83,14174781
1640874600,51.92,52.14,51.65,51.74,18359360
1640961000,51.89,52.159,51.46,51.5,16318965
1641220200,51.65,53.23,51.6,53.21,33892932
1641306600,53.57,53.935,52.65,53.14,45681384
1641393000,54.188,56.17,53.83,53.87,59109324
1641479400,54.61,54.67,53.415,54.01,35757881
1641565800,54.19,54.39,53.15,53.44,30717218
1641825000,53.97,55.31,53.31,55.21,49260830
1641911400,55.5,56.08,54.73,55.91,39795188
1641997800,56.1363,56.28,54.81,55.74,29136787
1642084200,56,56.21,54.77,54.94,29605351
1642170600,54.85,55.77,54.53,55.7,30151532
1642516200,55.31,55.65,54.68,54.76,35332588
1642602600,54.63,54.85,53.56,53.62,30595113
1642689000,53.86,54.085,51.94,52.04,28582607
1642775400,52.08,53.1299,51.95,52.04,46372373
1643034600,51.48,52.1291,49.88,51.94,64273633
1643121000,51.01,51.62,50.25,51,44095360
1643207400,51.13,52.72,50.75,51.69,54895393
1643293800,49.98,50.06,47.78,48.05,89642770
1643380200,47.71,48.2,46.3,47.73,61945408
1643639400,47.68,48.87,47.305,48.82,51828446
1643725800,48.775,49.03,48.36,48.95,35386062
1643812200,48.245,49.58,48.09,49.51,37962659
1643898600,49.25,49.685,48.25,48.28,42145836
1643985000,47.86,48.2399,47.13,48.01,32431494
1644244200,48.13,48.66,47.96,48.18,27558469
1644330600,47.98,48.94,47.9,48.81,28051185
1644417000,49.33,49.97,48.825,49.91,35217300
1644503400,49.18,49.9325,48.76,48.86,32762682
1644589800,48.95,49.11,47.5,47.63,37208227
1644849000,47.92,48.1772,47.1101,47.58,28456926
1644935400,47.7,48.46,47.19,48.44,35857524
1645021800,48.06,48.49,47.6,48.23,26022941
1645108200,47.86,48.26,47.38,47.57,32030624
1645194600,46.19,46.21,44.51,45.04,76520104
1645540200,44.69,45.405,43.8501,44.69,57093316
1645626600,45.17,45.71,44.5514,44.65,38176736
1645713000,43.9,46.79,43.625,46.72,72740052
1645799400,46.93,47.79,46.25,47.71,39266331
1646058600,47,47.82,46.85,47.7,41946114
1646145000,47.54,47.9,46.22,46.82,53852979
1646231400,47.52,48.99,47.48,48.87,46936509
1646317800,48.18,48.55,47.6236,47.93,36389883
1646404200,47.37,48.265,47.37,48.07,38324991
1646663400,48.005,48.54,47.6,47.68,43813747
1646749800,47.69,48.72,46.89,47.5,44813947
1646836200,48.41,48.46,46.885,47.63,36076458
1646922600,47.29,47.31,46.155,46.66,36455953
1647009000,47.15,47.275,45.765,45.83,27082085
1647264600,45.9,45.98,44.3,44.4,35993898
1647351000,44.5,44.9,44.07,44.81,34448890
1647437400,45.3,46.63,45.27,46.63,38885498
1647523800,46.32,47.2873,45.73,47.14,28554988
1647610200,46.82,47.6,46.35,47.45,46237117
1647869400,47.46,47.89,47.065,47.39,32910943
1647955800,47.5,48.47,47.4,48.39,27923323
1648042200,48.46,49.58,48.0601,48.27,37126378
1648128600,48.66,51.65,48.59,51.62,51677908
1648215000,50.69,51.9783,50.45,51.83,33249492
1648474200,51.36,51.57,50.56,51.51,22932366
1648560600,52,52.29,51.275,52.25,27303707
1648647000,52.25,52.51,51.22,51.43,24623262
1648733400,51.2,51.26,49.51,49.56,43698250
1648819800,49.83,49.9,47.325,48.11,46598563
1649079000,48.17,49.23,47.915,49.2,23811324
1649165400,48.83,48.98,48.02,48.13,25779171
1649251800,47.44,48.17,47.24,47.54,31518748
1649338200,47.425,47.91,46.77,47.56,24116972
1649424600,47.28,47.58,46.845,47.02,22167256
1649683800,46.9,47.295,46.53,46.57,30352478
1649770200,47.32,47.91,46.41,46.5,29861379
1649856600,46.75,47.2687,46.55,47.01,22171270
1649943000,46.745,46.75,45.62,45.67,36181843
1650288600,45.53,46.89,45.52,46.64,25593058
1650375000,46.6,48,46.34,47.93,31483102
1650461400,48.36,48.75,47.975,48.11,22787142
1650547800,48.62,48.9,47.4,47.5,27316886
1650634200,47.45,47.65,46.5,46.54,28219860
1650893400,46.21,47.14,46.18,47.06,35999251
1650979800,46.69,46.84,45.51,45.52,35356573
1651066200,45.48,46.06,45.01,45.22,28320904
1651152600,45.785,47.27,45.5408,46.84,41097044
1651239000,44.99,45.36,43.5,43.59,70765887
1651498200,43.72,44.99,43.51,44.96,45446472
1651584600,44.79,45.49,44.23,45.06,40158387
1651671000,45.06,46.64,44.41,46.54,44625615
1651757400,45.6,45.91,44.13,44.6,52996677
1651843800,44.49,45.15,43.84,44.3,40916578
1652103000,43.81,44.2,42.87,43.07,44925770
1652189400,44.35,44.735,43.5,44.01,42770024
1652275800,44.02,44.29,42.78,42.83,40351666
1652362200,42.73,42.905,42.01,42.84,42329642
1652448600,43.42,43.84,42.97,43.6,32034142
1652707800,43.42,43.6099,42.785,43.08,25071905
1652794200,43.82,44.42,43.65,44.4,28596629
1652880600,43.98,43.98,42.22,42.35,35218393
1652967000,42.32,42.7,41.72,42.01,29181007
1653053400,42.245,42.29,40.31,41.65,44802286
1653312600,41.69,42.25,41.325,42,27199487
1653399000,41.698,41.89,41.1,41.67,29837489
1653485400,41.44,42.515,41.39,42.2,26283081
1653571800,42.17,43.68,42.08,43.48,28826682
1653658200,43.59,44.55,43.55,44.55,30553321
1654003800,44.25,44.75,43.645,44.42,41111478
1654090200,44.77,44.93,43.525,44.11,29885543
1654176600,44.19,44.88,43.94,44.84,28727637
1654263000,44.105,44.2458,43.34,43.39,33174656
1654522200,43.81,44.04,43.08,43.34,25437061
1654608600,43.06,43.59,42.66,43.53,25168689
1654695000,42.25,42.26,41.03,41.23,59649874
1654781400,41.01,41.35,40.01,40.01,39047182
1654867800,39.85,40.08,39.18,39.18,43084434
1655127000,38.55,38.81,37.67,37.77,50335922
1655213400,38.01,38.2,37.54,37.93,31351683
1655299800,38.56,39.17,37.92,38.65,37652256
1655386200,37.695,37.79,36.93,37.34,45576545
1655472600,37.48,38.12,36.6,36.97,71393194
1655818200,37.36,38.025,37.325,37.73,34004880
1655904600,37.33,37.77,37.22,37.38,32591524
1655991000,37.61,37.62,36.91,37.41,30162971
1656077400,37.845,38.64,37.74,38.61,38159913
1656336600,38.87,39.06,38.4701,38.63,29585325
1656423000,38.58,39.02,37.74,37.78,37842731
1656509400,37.54,37.595,37.02,37.29,25437197
1656595800,37.21,38,36.725,37.41,35141045
1656682200,37.09,37.2,35.88,36.34,40596289
1657027800,35.93,36.74,35.54,36.69,33225868
1657114200,36.82,37.425,36.46,36.99,26258324
1657200600,37.89,38.33,37.73,38.14,33165410
1657287000,37.66,38.14,37.3901,37.99,22566348
1657546200,37.66,37.675,37.03,37.2,25946879
1657632600,37.65,37.7,36.99,37.21,30546281
1657719000,36.68,37.4299,36.62,37.21,27059156
1657805400,36.99,38.155,36.29,37.71,36690674
1657891800,38.27,38.67,37.73,38.62,32892293
1658151000,39.1,39.34,38.525,38.71,30814369
1658237400,39.32,40.73,39.24,40.22,53095319
1658323800,40.21,40.67,39.56,40.56,36387873
1658410200,40.51,40.645,39.82,40.61,29661198
1658496600,40.37,40.51,38.94,39.2,41349965
1658755800,39.285,39.41,38.55,39.16,32263404
1658842200,39.1,39.565,38.88,38.96,35925485
1658928600,39.27,40.425,39.23,40.18,42571580
1659015000,40.09,40.12,39.04,39.71,56662303
1659101400,35.605,36.62,35.24,36.31,125292383
1659360600,36.05,37.69,36.05,36.96,52513446
1659447000,36.59,36.66,36,36.01,53929371
1659533400,36.09,36.59,35.26,36.52,59513858
1659619800,36.012,36.1,35.36,35.66,54046258
1659706200,35.345,35.69,35.18,35.39,40205089
1659965400,35.36,35.96,35.2,35.38,41601566
1660051800,35.22,35.3,34.4,34.52,48202280
1660138200,34.99,35.4,34.59,35.37,42243304
1660224600,35.64,36.29,35.485,35.59,35569724
1660311000,35.8,36.14,35.67,36.11,37675228
1660570200,36.1,36.43,35.71,36.34,25400551
1660656600,36.16,36.575,35.7,36.19,25000240
1660743000,35.81,36.075,35.27,35.78,29176062
1660829400,35.68,36.33,35.57,36.2,24598225
1660915800,35.8,36.025,35.19,35.38,31425530
1661175000,35,35.06,33.73,33.84,51006127
1661261400,33.98,34.39,33.91,33.95,30687098
1661347800,33.97,33.99,33.6,33.86,25105652
1661434200,33.87,34.93,33.82,34.89,29799148
1661520600,34.95,35.025,33.35,33.36,44851477
1661779800,33.225,33.41,32.81,32.94,32976762
1661866200,33.04,33.07,32.15,32.26,40182452
1661952600,32.385,32.385,31.77,31.92,44074488
1662039000,31.572,31.825,31.13,31.76,36440681
1662125400,32.21,32.375,31.06,31.22,34893283
1662471000,31.39,31.39,30.33,30.36,46989603
1662557400,30.42,30.785,30.05,30.65,37329544
1662643800,30.37,30.8469,29.91,30.75,37359472
1662730200,31.19,31.5,31.075,31.46,34081212
1662989400,31.735,31.86,31.1,31.56,38305494
1663075800,30.83,30.93,29.25,29.29,71417851
1663162200,29.55,29.765,29.01,29.18,40767169
1663248600,29.15,29.41,28.71,28.84,39919105
1663335000,28.7,29.32,28.42,29.24,72747992
1663594200,29.02,29.5,28.9,29.44,33151882
1663680600,29.065,29.165,28.71,28.96,31129028
1663767000,29.15,29.59,28.46,28.47,39977313
1663853400,28.4,28.5,28.04,28.07,36092669
1663939800,27.9,27.9,27.19,27.52,43491060
1664199000,27.56,27.6995,26.86,26.97,44786413
1664285400,27.4,27.595,26.62,26.89,44121431
1664371800,26.86,27.28,26.6,27.13,40433354
1664458200,26.78,26.78,26.185,26.38,41831294
1664544600,26.3,26.57,25.74,25.77,43820964
1664803800,26.33,27.25,26.065,26.97,44096180
1664890200,27.425,27.795,27.09,27.7,42427480
1664976600,27.365,27.84,26.89,27.64,30119962
1665063000,27.44,27.76,27,27.18,33985131
1665149400,26.17,26.275,25.651,25.72,57215513
1665408600,25.94,25.99,25.09,25.2,43409338
1665495000,25.01,25.48,24.69,25.04,48134930
1665581400,25.05,25.52,24.66,25.33,39634056
1665667800,24.725,26.835,24.59,26.42,62447044
1665754200,26.46,26.63,25.76,25.91,48185367
1666013400,26.31,26.75,26.1713,26.42,39416474
1666099800,26.74,26.955,25.54,25.87,51126851
1666186200,25.735,26.25,25.69,26,33882274
1666272600,26.15,26.95,25.945,26.08,33247689
1666359000,25.85,27.05,25.79,26.97,53058711
1666618200,26.75,27.48,26.52,27.18,43831588
1666704600,27.18,27.555,27,27.41,32205300
1666791000,27.19,27.8,26.99,27.21,37153931
1666877400,27.45,27.59,26.13,26.27,56305125
1666963800,28.175,29.2186,27.86,29.07,91695696
1667223000,29.08,29.18,28.05,28.43,59507744
1667309400,28.8,28.85,27.89,28.3,44418730
1667395800,28.27,28.85,27.41,27.42,51956099
1667482200,27.45,27.88,27.17,27.39,39678189
1667568600,27.57,28.235,27.41,28.2,43051927
1667831400,28.36,28.465,27.89,28.41,34389783
1667917800,28.755,28.95,27.93,28.48,36257963
1668004200,28.22,28.3,27.52,27.52,30544782
1668090600,28.88,29.83,28.645,29.76,62943924
1668177000,28.925,30.63,28.87,30.43,49826517
1668436200,30.34,30.99,30.18,30.35,39395339
1668522600,31.095,31.335,30.165,30.71,40933223
1668609000,30.1101,30.23,29.44,29.53,35582751
1668695400,29.065,29.95,29,29.89,31992738
1668781800,30.26,30.26,29.61,29.87,27122210
1669041000,29.66,29.715,28.91,28.94,36086768
1669127400,29.135,29.86,29.0558,29.82,25584062
1669213800,29.73,30.08,29.49,29.67,23143868
1669386600,29.68,29.68,29.335,29.34,11314878
1669645800,29.1,29.19,28.54,28.725,28282116
1669732200,28.85,29.18,28.74,28.9,24361493
1669818600,28.77,30.08,28.22,30.07,72072532
1669905000,30.24,30.48,29.52,29.83,38896309
1669991400,29.17,29.43,28.71,29.41,31545955
1670250600,29.42,29.75,28.89,29.17,34040384
1670337000,29.19,29.31,28.3436,28.6,27701186
1670423400,28.28,28.55,28.15,28.33,28239933
1670509800,28.32,28.6,28.065,28.44,28486091
1670596200,28.39,28.78,28.19,28.24,25641349
1670855400,28.13,28.71,27.8588,28.69,35117866
1670941800,29.79,30.09,28.37,28.73,58546839
1671028200,28.51,29.12,28.01,28.26,37141077
1671114600,27.94,28,27.12,27.15,45682654
1671201000,27,27.135,26.4522,26.92,81104229
1671460200,26.9,26.97,26.5,26.79,37662461
1671546600,26.535,26.87,26.4201,26.44,31863274
1671633000,26.59,26.97,26.58,26.83,28100906
1671719400,26.45,26.452,25.35,25.97,47478307
1671805800,25.92,26.19,25.6835,26.09,23600916
1672151400,25.845,26.1,25.65,25.94,29548058
1672237800,25.84,26.115,25.5,25.54,26176917
1672324200,25.77,26.29,25.75,26.21,30944829
1672410600,25.902,26.46,25.8,26.43,31030094
1672756200,27.045,27.07,26.37,26.73,31307955
1672842600,27.41,27.92,27.16,27.68,37665199
1672929000,27.435,27.779,27.38,27.56,33552552
1673015400,27.93,28.83,27.38,28.73,31788634
1673274600,28.84,29.865,28.84,29.31,37493157
1673361000,29.235,29.51,28.915,29.44,23008080
1673447400,29.68,29.88,29,29.85,30375377
1673533800,29.98,30.38,29.47,30.29,28963879
1673620200,29.97,30.17,29.81,30.11,31361937
1673965800,30.18,30.2557,29.52,29.6,34759080
1674052200,29.8,29.82,28.63,28.81,44199580
1674138600,28.61,28.755,28.24,28.42,36886615
1674225000,28.42,29.23,28.25,29.22,35158497
1674484200,29.325,30.49,29.18,30.27,38795838
1674570600,29.94,30.19,29.73,29.92,24855130
1674657000,29.52,29.885,29.17,29.7,28268023
1674743400,30.06,30.11,29.33,30.09,56088080
1674829800,27.07,28.24,26.78,28.16,148548189
1675089000,27.715,28.51,27.67,27.95,55145771
1675175400,27.78,28.29,27.53,28.26,52621578
1675261800,27.89,29.43,27.68,29.07,63330567
1675348200,29.25,30.3,28.795,30.19,62230659
1675434600,29.62,31.17,29.53,30.32,57603100
1675693800,29.55,29.65,28.61,28.69,48726359
1675780200,28.65,29.27,28.43,29.05,50780776
1675866600,28.95,29.12,28.21,28.24,36479123
1675953000,28.68,28.82,27.565,27.73,43906378
1676039400,27.63,27.99,27.335,27.8,31232544
1676298600,27.87,28.55,27.715,28.55,32347470
1676385000,28.38,28.72,27.99,28.64,27928929
1676471400,28.36,28.88,28.16,28.85,23387676
1676557800,28.5,28.825,28.13,28.2,28972476
1676644200,28,28.07,27.38,27.61,32086218
1676989800,27.11,27.27,26.04,26.06,63668362
1677076200,25.91,26.9,25.3,25.47,89195317
1677162600,25.78,26.08,25.32,25.61,56473237
1677249000,25.22,25.35,24.92,25.14,44089879
1677508200,25.55,25.58,24.88,24.9,37656956
1677594600,24.94,25.12,24.73,24.93,50255301
1677681000,25.03,25.92,24.97,25.33,47823397
1677767400,25.211,26.3,25.12,26.2,48381068
1677853800,26.2,26.475,26.01,26.4,36744858
1678113000,26.47,26.54,25.93,25.99,37879835
1678199400,25.84,25.99,25.5,25.53,43164607
1678285800,25.56,26.01,25.45,25.98,36071934
1678372200,25.98,26.9773,25.97,26.44,54886084
1678458600,26.55,27.52,26.315,27.22,65187031
1678714200,26.74,27.31,26.61,26.95,50976996
1678800600,27.35,28.1,27.25,28.01,47689837
1678887000,27.73,28.495,27.66,28.41,49322838
1678973400,28.39,30.27,28.39,30.18,75804234
1679059800,29.92,31,29.44,29.81,80628498
1679319000,29.8,29.9,28.63,29.16,38780054
1679405400,29,29.165,27.975,28.46,55650832
1679491800,28.48,29.12,28.1,28.13,37415539
1679578200,28.38,29.16,28.22,29.03,43785479
1679664600,29.04,29.81,28.925,29.36,55931606
1679923800,29.37,29.73,29.08,29.18,34758156
1680010200,29.075,29.33,28.63,29.29,37407874
1680096600,29.77,31.89,29.755,31.52,85556189
1680183000,31.85,32.58,31.81,32.09,70077598
1680269400,31.8,32.9,31.73,32.67,59764991
1680528600,32.94,33.56,32.54,32.89,57038344
1680615000,32.85,33.84,32.84,33.1,55714058
1680701400,32.795,32.99,32.335,32.83,39615735
1680787800,32.6,33,32.46,32.81,28551916
1681133400,32.6,32.76,32.2,32.52,30534439
1681219800,32.66,33.11,32.32,32.35,27059106
1681306200,32.77,32.89,31.96,32.02,37070786
1681392600,31.82,32.43,31.65,32.13,29722344
1681479000,32,32.235,31.69,31.89,24623633
1681738200,31.95,32.64,31.77,32.14,29601148
1681824600,32.43,32.46,31.78,31.83,26041380
1681911000,31.1,31.52,31.08,31.15,25746574
1681997400,30.76,31.25,30.71,30.86,30255069
1682083800,30.84,30.84,30.225,30.3,28655762
1682343000,30.13,30.37,29.61,29.66,38732452
1682429400,29.44,29.57,28.87,28.88,38289873
1682515800,29.2,29.81,28.835,29.05,41218805
1682602200,28.75,29.945,28.51,29.86,60186244
1682688600,31.975,32.57,30.81,31.06,80252444
1682947800,31.11,31.24,30.28,30.3,36918529
1683034200,30.3,30.575,29.75,29.77,33463356
1683120600,30.64,31.11,30.245,30.65,45554489
1683207000,30.435,31.72,30.38,31.24,46104019
1683293400,31.38,31.41,30.73,30.99,35024562
1683552600,30.7,30.84,30.39,30.77,30882801
1683639000,30.38,30.58,29.91,30.1,30706515
1683725400,30.29,30.3959,29.49,29.97,40526521
1683811800,29.6,29.68,28.82,28.86,47144359
1683898200,29.025,29.1,28.72,28.95,24153820
1684157400,28.9,29.825,28.88,29.8,28717475
1684243800,29.62,29.9,29.21,29.22,22812040
1684330200,29.52,29.56,28.68,28.87,41667261
1684416600,29,29.76,28.87,29.68,36529193
1684503000,29.6,30.24,29.5,29.93,40682998
1684762200,29.85,30.45,29.815,30.28,28693438
1684848600,30.05,30.195,29.49,29.51,29400851
1684935000,29.31,29.49,28.82,29,28045840
1685021400,28.29,28.29,26.855,27.4,78009435
1685107800,27.44,29.09,27.1,29,71910621
1685453400,29.7,30.0399,28.995,29.99,54874794
1685539800,29.7,32.29,29.67,31.44,136243756
1685626200,31.8,31.94,31.02,31.13,52667368
1685712600,31.398,31.5899,30.825,31.31,36520957
1685971800,31.31,31.4,29.83,29.86,48244128
1686058200,29.77,31.45,29.695,30.96,42295293
1686144600,31.03,31.37,30.93,31.28,39097992
1686231000,31.43,31.85,31.06,31.82,35198952
1686317400,31.93,31.99,30.68,31.34,40227073
1686576600,31.4,33.3,31.36,33.07,59926114
1686663000,33.77,33.95,33.07,33.91,51990041
1686749400,33.87,35.6,33.8,35.58,74404291
1686835800,35.28,36.42,35.215,35.82,67676296
1686922200,36.36,36.795,35.595,36.37,110240279
1687267800,36.77,37.11,34.715,35,65970238
1687354200,34.915,35.05,32.83,32.9,70973521
1687440600,32.69,33.24,32.125,32.71,45740308
1687527000,32.21,33.45,32.03,33,46327140
1687786200,33.19,33.99,33.095,33.34,38952369
1687872600,33.22,34.23,33.01,34.1,33038923
1687959000,33.61,33.81,33.035,33.57,33906877
1688045400,33.34,33.34,32.49,32.91,38312970
1688131800,33.359,33.56,33.16,33.44,33811252
1688391000,33.54,33.89,33.14,33.62,15752979
1688563800,33.31,33.33,32.5,32.51,37664722
1688650200,31.9,32.04,31.38,31.97,41711442
1688736600,32,32.41,31.82,31.85,28356250
1688995800,31.87,32.83,31.77,32.74,36305658
1689082200,32.82,33.36,32.5,33.3,28148832
1689168600,33.69,34.08,33.06,33.98,37762215
1689255000,34.15,34.3,33.62,33.87,32745752
1689341400,33.78,33.87,33,33.15,30438659
1689600600,33.16,34.6,33.07,34.37,34111173
1689687000,34.28,34.7,33.83,34.5,29679514
1689773400,34.4,34.835,34.33,34.46,26486676
1689859800,33.704,34.205,33.23,33.37,37877996
1689946200,33.725,34.25,33.42,34.02,79736956
1690205400,33.84,34.46,33.56,33.63,25283783
1690291800,33.7,34.34,33.4,34.1,31771091
1690378200,33.72,34.525,33.7,34.36,32643239
1690464600,34.82,35.03,34.11,34.55,58890821
1690551000,36.75,36.99,35.51,36.83,90863013
1690810200,36.87,37.19,35.675,35.77,55630700
1690896600,35.82,36.02,35.28,35.8,24743393
1690983000,35.15,35.18,34.281,34.39,39051971
1691069400,34.29,35.03,34.13,34.87,24864381
1691155800,34.48,35.56,34.48,35.14,26674897
1691415000,35.41,35.55,34.75,35.23,22486870
1691501400,34.67,35.1,33.86,35.02,34753598
1691587800,35,35.0999,34.23,34.28,28720157
1691674200,34.7,35.09,34.48,34.68,30957295
1691760600,34.46,34.945,34.36,34.89,28783730
1692019800,34.67,35.71,34.47,35.68,36896056
1692106200,35.41,35.625,34.75,34.77,27420309
1692192600,34.52,34.63,33.46,33.53,35757254
1692279000,33.56,33.59,32.35,32.58,39906739
1692365400,32.23,32.91,32.18,32.75,23701056
1692624600,32.6,33.17,32.02,33.14,43718249
1692711000,33.22,33.8,32.83,32.89,23434190
1692797400,32.88,34.15,32.8,33.98,32324309
1692883800,33.72,34.09,32.49,32.59,37930960
1692970200,32.53,33.395,32.35,33.25,27324810
1693229400,33.5,33.78,33.21,33.62,22341778
1693315800,33.49,34.48,33.47,34.31,29943629
1693402200,34.06,34.66,33.775,34.53,26279156
1693488600,34.32,35.56,34.3,35.14,48157583
1693575000,35.79,36.75,35.73,36.61,43808478
1693920600,36.58,37.41,36.46,36.71,43379356
1694007000,36.56,37.04,36.03,36.98,39643390
1694093400,36.83,38.34,36.7502,38.18,67659683
1694179800,38.12,38.83,37.7125,38.01,44265054
1694439000,38.24,38.74,37.84,38.59,36349291
1694525400,38.65,40.0681,38.65,38.86,55326564
1694611800,38.8,39.1499,38.25,38.71,35407780
1694698200,38.81,38.9,38.295,38.67,30616490
1694784600,38.42,38.52,37.62,37.88,68881240
1695043800,37.62,38.39,37.51,37.99,29322150
1695130200,38.04,38.1,36.02,36.34,53288070
1695216600,36.22,36.25,34.63,34.69,57660829
1695303000,34.57,35.25,34.46,34.65,45240625
1695389400,34.81,34.885,34.14,34.18,29241605
1695648600,34,34.37,33.765,34.29,21729418
1695735000,34.14,34.78,33.64,33.83,34198291
1695821400,33.92,34.825,33.88,34.61,44369070
1695907800,34.65,35.6564,34.38,35.18,32265276
1695994200,35.648,35.91,35.155,35.55,28763712
1696253400,35.61,35.975,34.98,35.46,26086163
1696339800,35.265,36.54,35.265,35.69,45292632
1696426200,36.52,36.52,35.325,35.93,39842200
1696512600,35.97,36.1,35.6,35.89,25771233
1696599000,35.87,36.46,35.18,36.19,33262158
1696858200,35.7,36.17,35.5,36.06,19376144
1696944600,36.14,36.74,35.805,36.43,24044104
1697031000,36.62,37.03,36.38,36.88,19262602
1697117400,36.8,37.22,36.39,36.84,23639229
1697203800,36.74,36.79,35.86,35.97,28408435
1697463000,36.14,36.94,36.08,36.56,29555783
1697549400,35.92,36.35,35.07,36.06,24993561
1697635800,35.5242,36.02,35.45,35.64,22085950
1697722200,35.96,36.36,35.52,35.67,29201848
1697808600,35.65,36.28,34.87,34.92,32303325
1698067800,34.6,35.19,33.39,33.85,53924661
1698154200,33.64,34.71,33.64,34.59,52673857
1698240600,34.18,34.45,32.55,32.83,44658462
1698327000,32.89,33.22,32.145,32.52,59142509
1698413400,34.66,36.38,34.6,35.54,84128212
1698672600,35.465,35.96,34.92,35.69,36656267
1698759000,35.66,36.57,35.62,36.5,41185207
1698845400,36.5,37.315,36.28,37.29,41710705
1698931800,37.58,37.82,36.91,37.7,35439964
1699018200,38,38.32,37.665,38.14,30502744
1699281000,38.02,38.2,37.855,37.95,23877203
1699367400,38.24,38.9,37.98,38.77,32052041
1699453800,38.85,38.89,37.7492,37.92,33483360
1699540200,38.05,38.515,37.77,37.8,48955771
1699626600,38.24,38.99,38.24,38.86,38871279
1699885800,38.35,38.565,38.14,38.23,24558261
1699972200,38.8,39.49,38.07,39.41,45457362
1700058600,39.585,40.84,39.58,40.61,47392143
1700145000,41,43.395,40.82,43.35,86405694
1700231400,42.91,43.81,42.56,43.81,49749721
1700490600,43.78,44.93,43.78,44.74,44596396
1700577000,44.5,44.6612,43.3,43.64,37252056
1700663400,44.03,44.63,43.54,43.67,31490545
1700836200,43.68,44,43.61,43.96,13037105
1701095400,43.65,44.545,43.65,44.08,33339937
1701181800,43.69,44.3827,43.66,44.23,24548874
1701268200,44.6,45.34,44.6,44.94,38982026
1701354600,44.65,45.09,44.41,44.7,46262971
1701441000,44.36,44.36,42.86,43.74,43928371
1701700200,43.3,43.31,41.685,42.35,50417587
1701786600,41.91,42.29,41.61,41.92,31859318
1701873000,42.48,42.59,41.17,41.27,31992262
1701959400,41.75,42.435,41.1801,42.15,29118697
1702045800,41.84,42.955,41.81,42.7,42814959
1702305000,43.16,44.73,43.08,44.54,48288156
1702391400,44.36,44.44,43.63,44.04,31452163
1702477800,44.08,44.72,43.33,44.57,35216050
1702564200,45.01,47.07,44.65,45.18,70620765
1702650600,45.94,47.27,45.67,46.16,84583405
1702909800,46.15,46.23,45.4,45.69,27895652
1702996200,45.6,46.68,45.51,46.66,35358771
1703082600,46.64,46.95,45.7,45.76,38159137
1703169000,46.48,47.12,46.02,47.08,28320463
1703255400,47.25,48.1557,47.2,48,30095727
1703601000,48.92,50.515,48.71,50.5,60287408
1703687400,50.63,51.28,50.19,50.76,52148041
1703773800,50.81,50.87,50.16,50.39,27705233
1703860200,50.3,50.5699,49.77,50.25,29288707
1704205800,49.2,49.38,47.4527,47.8,45905728
1704292200,47.1,47.81,46.8,47.05,35858434
1704378600,45.715,47.16,45.24,46.87,47797812
1704465000,47.03,47.83,46.635,46.89,34344031
1704724200,47.07,48.76,46.97,48.45,42135127
1704810600,48.01,48.56,47.795,48.05,30097005
1704897000,48.24,48.3,46.94,47.47,31480186
1704983400,47.44,47.84,46.73,47.64,31707881
1705069800,47.6,47.67,46.61,47.12,27587902
1705415400,46.98,47.22,46.38,47.06,43720666
1705501800,46.4151,46.4151,45.65,46.06,33488015
1705588200,47.03,47.57,46.17,46.74,46681348
1705674600,47,48.76,46.44,48.15,55979796
1705933800,48.85,49.17,47.64,48.22,45639521
1706020200,48.12,48.94,47.32,48.89,37224140
1706106600,49.17,49.77,48.265,49.09,49375834
1706193000,50,50.3,48.97,49.55,84845086
1706279400,44.18,45.41,43.35,43.65,127665287
1706538600,43.71,43.99,42.81,43.84,51790863
1706625000,43.67,43.82,42.89,42.92,47958762
1706711400,42.57,43.785,42.36,43.08,51584247
1706797800,43.15,43.57,42.485,43.36,38819855
1706884200,43,43.14,41.6,42.6,53683500
1707143400,42.62,43.15,42.425,42.77,28890264
1707229800,42.7,42.78,42.14,42.74,34068216
1707316200,42.89,43.095,42.55,42.78,34269246
1707402600,42.72,42.97,42.33,42.5,33206470
1707489000,42.55,43.52,42.395,43.31,51192958
1707748200,43.39,45.04,43.32,44.03,51107349
1707834600,43,43.63,42.76,43.16,36622233
1707921000,43.82,44.29,43.39,44.19,36186233
1708007400,44.755,45.27,44.02,44.05,44024507
1708093800,44.03,44.2199,43.12,43.51,29975301
1708439400,44.26,45.17,43.42,44.52,61514136
1708525800,44.48,44.69,43.08,43.47,57714970
1708612200,44.68,44.68,42.53,42.98,62809318
1708698600,43.125,43.51,42.66,42.99,33810714
1708957800,43.5,43.68,42.82,42.99,27035379
1709044200,43.25,43.265,42.51,42.73,25126372
1709130600,42.44,42.45,41.91,41.99,26928470
1709217000,42.37,43.15,42.3551,43.05,48875120
1709303400,43.41,44.2698,43.13,43.82,41426072
1709562600,44.27,46.61,43.85,45.61,59990811
1709649000,44.56,44.8675,42.69,43.16,56655135
1709735400,43.93,45.505,43.555,44.51,52652045
1709821800,45.55,46.4199,45.18,46.15,50378153
1709908200,46.44,46.6277,44,44,54916599
1710163800,43.87,44.93,43.66,44.86,35050986
1710250200,45.06,45.265,44.46,45.24,31795832
1710336600,44.51,44.98,43.2,43.23,53195932
1710423000,43.23,43.35,42.51,42.75,38100016
1710509400,42.45,43.15,42.35,42.64,66952857
1710768600,43.09,43.38,42.595,42.71,27668282
1710855000,42.25,42.29,41.44,42.05,34672950
1710941400,42.99,43.01,41.41,42.2,74864992
1711027800,42.99,43.6,42.32,42.42,50807592
1711114200,42.25,42.8,42.09,42.57,28503057
1711373400,40.89,42.215,40.57,41.83,47276531
1711459800,41.95,42.265,41.655,41.99,39109651
1711546200,42.54,43.83,42.5,43.77,51017828
1711632600,43.76,44.6,43.71,44.17,54204194
1711978200,44.29,45.41,44.18,44.52,31712593
1712064600,43.925,44.08,43.5,43.94,32748360
1712151000,41.4,41.65,40.22,40.33,83717976
1712237400,40.59,40.7798,39.7,39.73,57307233
1712323800,39.35,39.46,38.51,38.71,67263035
1712583000,38.64,38.86,37.91,37.98,56967788
1712669400,38.05,38.58,37.325,38.33,78782981
1712755800,38.02,38.2211,37.02,37.2,51108380
1712842200,37.43,37.67,37.08,37.63,41909086
1712928600,36.69,36.7,35.605,35.69,80254789
1713187800,36.04,36.7,35.89,36.31,50751563
1713274200,36.27,36.51,35.764,36.26,30607502
1713360600,36.1,36.1297,35.37,35.68,41173345
1713447000,35.42,35.66,34.77,35.04,42334395
1713533400,35.13,35.13,34.18,34.2,59070310
1713792600,34.415,34.57,34.075,34.41,39909927
1713879000,34.335,34.6,34.18,34.28,46834042
1713965400,34.86,35.18,34.34,34.5,53261096
1714051800,34.56,35.295,34.5,35.11,66549403
1714138200,31.78,32.24,30.64,31.88,119742494
1714397400,31.86,31.91,31.07,31.36,58533264
1714483800,31.04,31.175,30.42,30.47,72346359
1714570200,30.17,31.035,30.02,30.37,60654760
1714656600,30.59,30.67,30.19,30.51,50899442
1714743000,30.98,31.055,30.7,30.9,36794828
1715002200,31.115,31.2,30.73,30.97,36185572
1715088600,31.09,31.45,30.61,30.68,44683401
1715175000,30,30.15,29.73,30,63734597
1715261400,29.93,30.385,29.805,30.09,45003402
1715347800,30.33,30.455,29.84,29.85,42931290
1715607000,30.03,31.13,30,30.51,51459143
1715693400,30.62,31.11,30.61,31.05,47759855
1715779800,31.38,31.4,30.81,31.27,36992927
1715866200,31.63,32.26,31.52,32.03,47752828
1715952600,32.06,32.11,31.59,31.83,41449777
1716211800,31.85,32.42,31.76,32.1,31989000
1716298200,31.98,32.24,31.62,31.74,42975363
1716384600,31.91,32.066,31.095,31.42,36706435
1716471000,31.445,31.57,29.87,30.08,62014547
1716557400,30.29,31.02,30.1301,30.72,42434488
1716903000,30.94,31.3695,30.655,31.06,36799147
1716989400,30.465,30.67,30.105,30.13,35848611
1717075800,30.21,30.5,30.06,30.19,33382756
1717162200,30.22,30.96,29.94,30.85,95797529
1717421400,31.03,31.065,30.05,30.29,35544896
1717507800,30.75,30.75,29.94,30.03,51027179
1717594200,30.269,30.835,30.01,30.78,44161657
1717680600,30.552,30.59,30.16,30.42,34248118
1717767000,30.25,30.78,30.205,30.74,34085530
1718026200,30.55,30.95,30.285,30.91,37445807
1718112600,30.77,31.03,30.53,30.92,25326850
1718199000,31.455,31.48,30.3899,30.76,51323936
1718285400,30.38,30.58,30.14,30.46,33787162
1718371800,30.285,30.56,30.21,30.45,28125886
1718631000,30.34,31,30.18,30.98,36235315
1718717400,30.99,31.47,30.5,30.63,33294749
1718890200,30.555,31.11,30.45,30.62,43826322
1718976600,30.85,31.36,30.6701,31.09,92549024
1719235800,31.14,31.42,30.53,30.57,40611793
1719322200,30.7,30.83,30.2901,30.74,29498583
1719408600,30.64,30.68,30.2731,30.54,30742984
1719495000,30.42,30.6582,30.285,30.59,30184278
1719581400,30.75,31.31,30.72,30.97,41467675
1719840600,30.91,31.02,30.61,30.84,32401760
1719927000,30.855,31.31,30.585,31.07,35999280
1720013400,31.12,31.34,30.91,31.23,24065673
1720186200,31.4,32.34,31.3114,32.02,45309446
1720445400,33.03,34.09,32.82,33.99,82315937
1720531800,35.015,35.22,33.72,34.59,97788840
1720618200,34.44,34.97,34.13,34.87,52256195
1720704600,35.031,35.15,33.31,33.5,55213668
1720791000,33.77,35.475,33.77,34.49,62792646
1721050200,34.7,35.225,34.31,34.46,39847917
1721136600,34.36,34.45,33.835,34.34,28409906
1721223000,36.08,37.16,34.4,34.46,112304214
1721309400,34.96,36.3,34.53,34.87,84188608
1721395800,34.565,34.58,32.85,32.98,69628654
1721655000,33.28,33.41,32.76,33.37,48503749
1721741400,32.96,33.23,32.83,32.95,29466374
1721827800,32.535,32.8,31.66,31.7,62216669
1721914200,31.372,31.985,30.95,31.1,49774032
1722000600,31.43,31.56,31.02,31.35,38352543
1722259800,31.42,31.47,30.79,30.83,32342201
1722346200,30.845,30.91,30.005,30.13,48256628
1722432600,30.54,30.87,30.28,30.74,56110610
1722519000,30.43,30.71,28.89,29.05,107672516
1722605400,21.94,21.98,20.42,21.48,300895920
1722864600,20.2,20.385,19.2934,20.11,147385697
1722951000,20.32,20.63,19.75,19.83,106670372
1723037400,19.92,20.25,18.95,18.99,97972290
1723123800,19.1,20.55,18.84,20.49,96836821
1723210200,20.08,20.15,19.5,19.71,76394546
1723469400,19.87,19.97,19,19.36,54677578
1723555800,19.48,20.48,19.47,20.47,77511346
1723642200,20.485,20.5,19.785,19.92,56758181
1723728600,20.32,21.06,20.23,20.69,84814880
1723815000,20.53,20.895,20.4101,20.87,48582663
1724074200,20.885,21.86,20.835,21.52,65956303
1724160600,21.21,21.23,20.82,20.99,84161270
1724247000,21.072,21.44,21.07,21.41,57028870
1724333400,21.39,21.4,20.04,20.1,81444673
1724419800,20.32,20.93,20.26,20.54,73398430
1724679000,20.53,20.56,19.95,20.13,58534794
1724765400,20.13,20.26,19.84,20.07,43862017
1724851800,19.98,20.105,19.51,19.61,50144885
1724938200,19.76,20.6,19.75,20.13,64529661
1725024600,21.25,22.12,21,22.04,177785378
1725370200,21.54,21.69,19.99,20.1,115305533
1725456600,19.76,20.045,19.28,19.43,85871887
1725543000,19.28,19.9,19.24,19.4,65388789
1725629400,19.44,19.49,18.64,18.89,92686460
1725888600,19,19.54,18.95,19.07,64244126
1725975000,19.03,19.11,18.51,18.98,55621273
1726061400,19.01,19.69,18.52,19.64,71403141
1726147800,19.43,19.54,19.04,19.36,51602918
1726234200,19.49,19.8,19.49,19.66,44236271
1726493400,20.03,21.0699,19.76,20.91,149337028
1726579800,21.71,22.58,21.24,21.47,196249783
1726666200,21.36,21.74,20.715,20.77,118727940
1726752600,21.28,21.69,21.03,21.14,99829168
1726839000,20.89,23.14,20.35,21.84,260377912
1727098200,22.43,22.82,22.03,22.56,184439134
1727184600,22.53,23.105,22.285,22.81,113082534
1727271000,22.8,24.055,22.73,23.54,117013357
1727357400,24.28,24.42,23.25,23.92,95416939
1727443800,24.16,24.66,23.7034,23.91,85883278
1727703000,23.74,23.95,23.09,23.46,66460225
1727789400,23.46,23.72,22.255,22.69,86344357
1727875800,22.67,23.0668,22.35,22.39,59033896
1727962200,22.14,22.73,21.65,22.26,49565931
1728048600,22.7,22.91,22.3,22.59,49966930
1728307800,22.4,22.65,22.0209,22.38,54928674
1728394200,22.25,23.42,22.045,23.32,58650461
1728480600,23.25,23.48,23.06,23.46,44759018
1728567000,23.19,23.53,22.96,23.22,44874580
1728653400,23.05,23.82,22.98,23.56,43585252
1728912600,23.58,23.77,23.2701,23.44,35403646
1728999000,23.41,23.72,22.47,22.66,68900556
1729085400,22.38,22.54,21.74,22.31,62151767
1729171800,22.72,22.82,22.4,22.44,43807577
1729258200,22.61,22.82,22.5,22.77,39971695
1729517400,22.61,22.88,22.25,22.84,39726985
1729603800,22.73,22.82,22.17,22.4,50160378
1729690200,22.3,22.425,21.575,21.98,45799051
1729776600,22.09,22.365,21.97,22.34,40554417
1729863000,22.42,23.3399,22.41,22.68,67502984
1730122200,22.67,23.27,22.56,22.92,41914966
1730208600,22.87,23.14,22.41,22.9,83422242
1730295000,22.415,22.93,22.26,22.3,50941231
1730381400,22.15,22.25,21.47,21.52,112485547
1730467800,23,23.58,21.91,23.2,173471115
1730730600,22.96,23,22,22.52,84616300
1730817000,22.58,23.58,22.4,23.32,59153326
1730903400,24.3,25.12,24.05,25.05,116760537
1730989800,25.43,26.3799,25.19,26.23,101489302
1731076200,26,26.43,25.83,26.2,76427983
1731335400,25.96,26.2863,24.83,25.05,80185321
1731421800,24.66,24.96,23.89,24.16,62539733
1731508200,24.06,25.14,24.02,24.92,58201972
1731594600,25.12,25.61,24.9346,25.03,49252121
1731681000,24.81,24.82,24.23,24.35,55104875
1731940200,24.33,25.02,24.16,24.84,59667333
1732026600,24.5,24.54,24.095,24.2,61190859
1732113000,24.07,24.21,23.55,24.01,50191510
1732199400,24.08,24.77,23.83,24.44,58928410
1732285800,24.35,24.68,24.14,24.5,36784715
1732545000,25.04,25.565,24.76,24.87,91128387
1732631400,24.95,24.985,23.81,24.05,69613557
1732717800,23.83,23.93,23.06,23.65,53992319
1732890600,23.72,24.28,23.6,24.05,36616750
1733149800,24.84,25.48,23.44,23.93,150497884
1733236200,23.68,23.75,22.44,22.47,138160493
1733322600,22.53,22.54,21.81,21.96,104648976
1733409000,22.04,22.19,20.66,20.8,167993483
1733495400,20.95,21.05,20.66,20.92,78539132
1733754600,20.92,21.06,20.73,20.81,68818217
1733841000,20.83,20.86,19.96,20.16,90004833
1733927400,20.14,20.25,19.87,20.12,75209342
1734013800,20.02,20.9,19.92,20.78,77695010
1734100200,20.6,20.8,20.25,20.34,55104079
1734359400,20.17,21.1,20,20.83,73832891
1734445800,20.64,20.77,20.2925,20.44,51767153
1734532200,20.48,20.58,19.21,19.3,86041243
1734618600,19.53,19.69,19.03,19.06,69117805
1734705000,18.97,19.76,18.9,19.52,108453667
1734964200,19.58,20.23,19.52,20.2,57988375
1735050600,20.22,20.4,19.96,20.4,29884026
1735223400,20.23,20.665,20.08,20.44,39950380
1735309800,20.21,20.605,20.09,20.3,48260830
1735569000,20.01,20.115,19.73,19.82,59608126
1735655400,19.99,20.4,19.88,20.05,49846656
1735828200,20.23,20.43,20,20.22,46438529
1735914600,20.39,20.665,20.06,20.56,48983942
1736173800,20.83,20.98,19.78,19.87,83270990
1736260200,20.02,20.34,19.9,20.01,61726060
1736346600,19.825,20.12,19.71,19.88,47897071
1736519400,19.66,19.66,18.91,19.15,71244581
1736778600,18.92,19.249,18.73,19.2,50668970
1736865000,19.36,19.52,18.82,19.2,47147526
1736951400,19.4,19.77,19.171,19.72,56305989
1737037800,19.75,19.95,19.4,19.67,44898059
1737124200,21.26,21.62,20.79,21.49,166483914
1737469800,22.03,22.41,21.75,21.77,96262179
1737556200,21.725,22.285,21.57,21.86,60972578
1737642600,21.69,21.75,21.35,21.57,55778156
1737729000,21.36,21.41,20.75,20.83,66300614
1737988200,20.81,21.06,20.14,20.29,83582097
1738074600,20.34,20.342,19.74,19.8,73411385
1738161000,19.87,20.08,19.66,19.75,86506821
1738247400,19.72,20.1,19.43,20.01,108166983
1738333800,20.1,20.33,19.38,19.43,117474899
1738593000,18.97,19.75,18.78,19.38,77523142
1738679400,19.1,19.53,19.02,19.29,54098200
1738765800,19.19,19.77,18.91,19.65,66250254
1738852200,19.51,19.7,19.22,19.38,45553771
1738938600,19.35,19.36,19.03,19.1,58277917
1739197800,19.25,20.08,19.24,19.77,73007266
1739284200,19.87,21.88,19.8618,20.97,150960704
1739370600,21.98,22.56,20.93,22.48,162631182
1739457000,22.84,24.83,22.79,24.13,248661333
1739543400,24.36,25.19,22.86,23.6,230254092
1739889000,24.6,27.55,24.49,27.39,284292210
1739975400,25.98,26.33,25.46,25.72,151881727
1740061800,25.56,26.12,24.48,26.09,144939566
1740148200,25.96,26.29,24.84,24.87,111630859
1740407400,24.55,24.8,23.62,24.27,91358071
1740493800,24.21,24.28,22.7701,22.99,88886469
1740580200,23.245,23.82,23.21,23.52,67449304
1740666600,23.7,24.4,23.07,23.09,97871945
1740753000,23.02,24.44,22.64,23.73,104133777
1741012200,25,25.04,22.52,22.74,141348692
1741098600,22.54,22.63,20.76,21.33,152182200
1741185000,21.33,21.36,20.18,20.81,127219259
1741271400,20.26,21.13,20,20.75,96466381
1741357800,20.27,21.2,20.11,20.64,81099646
1741613400,20.24,20.51,19.65,19.93,82760577
1741699800,19.965,20.06,19.29,19.78,80788985
1741786200,20.79,21.17,20.21,20.68,128671089
1741872600,23.5,24.53,23.13,23.7,243260993
1741959000,23.675,24.37,23.52,24.05,116901643
1742218200,24.42,26.145,24.37,25.69,160723633
1742304600,25.55,26.41,25.39,25.92,132488822
1742391000,24.9,25.2299,24.03,24.12,135491427
1742477400,23.77,24.31,23.73,23.96,68937584
1742563800,23.6,24.7,23.49,24.26,94110710
1742823000,24.715,24.99,24.13,24.22,69169028
1742909400,24.175,24.75,24.11,24.2,51743281
1742995800,24.25,24.4194,23.25,23.42,59678008
1743082200,23.285,23.76,22.855,23.62,57720584
1743168600,23.35,23.58,22.56,22.71,58365257
1743427800,22.38,22.745,21.75,22.71,65832019
1743514200,22.56,22.62,21.66,22.05,64060355
1743600600,21.89,22.38,21.7,21.98,58878848
1743687000,21.4,23.9,20.86,22.43,242972129
1743773400,21.7,22.2,19.7,19.85,175014739
1744032600,19.14,20.67,18.56,19.57,142491152
1744119000,20.06,20.39,17.665,18.13,163982681
1744205400,18.07,21.73,17.975,21.53,224183490
1744291800,20.675,20.82,19.16,19.88,129064855
1744378200,19.245,19.795,18.175,19.74,128425810
1744637400,20.59,21.05,19.9801,20.31,101964371
1744723800,20.2,20.47,19.81,19.85,64056895
1744810200,19.34,19.43,18.72,19.23,89469703
1744896600,18.91,19.1,18.56,18.93,85646667
1745242200,18.93,18.985,18.25,18.84,72409946
1745328600,19.055,19.735,19.04,19.51,83365634
1745415000,20.715,21.03,20.31,20.59,97188101
1745501400,21.035,21.55,20.88,21.49,117086220
1745587800,19.73,20.18,19.34,20.05,147711174
1745847000,20.12,21.08,20.05,20.51,96624416
1745933400,20.31,20.845,20.22,20.34,70031864
1746019800,19.71,20.18,19.55,20.1,68297323
1746106200,20.215,20.65,19.94,19.98,72607511
1746192600,20.26,20.78,20.21,20.62,63298512
1746451800,20.39,20.58,20.235,20.27,44236981
1746538200,19.92,20.12,19.77,19.94,51330772
1746624600,19.97,20.37,19.82,20.31,61134293
1746711000,21.01,21.24,20.64,21,71651698
1746797400,21.2,21.45,20.83,21.42,51768565
1747056600,22.18,22.67,21.88,22.18,94578691
1747143000,22.355,22.88,22.3,22.56,76850385
1747229400,22.35,22.46,21.46,21.52,91584827
1747315800,21.23,21.63,21.185,21.55,66705457
1747402200,21.53,21.76,21.35,21.66,55795144
1747661400,21.18,21.56,21.05,21.38,64279077
1747747800,21.325,21.41,21.12,21.27,48497384
1747834200,21.19,21.6292,20.59,20.69,62904697
1747920600,20.73,20.9,20.51,20.55,56077473
1748007000,20.16,20.27,19.94,20.05,68206064
1748352600,20.44,20.67,20.18,20.55,69504564
1748439000,20.57,20.64,20.33,20.37,46096476
1748525400,20.54,20.595,20.1,20.25,66485207
1748611800,20.26,20.26,19.31,19.55,114281897
1748871000,19.482,19.82,19.3745,19.74,67885473
1748957400,19.75,20.4099,19.4,20.29,80401865
1749043800,20.34,20.5,20.01,20.25,71166549
1749130200,20.27,20.55,19.85,19.99,72595606
1749216600,20.17,20.44,20.03,20.06,70072846
1749475800,20.22,20.96,20.22,20.48,92893898
1749562200,20.5,22.44,20.28,22.08,171457008
1749648600,21.78,21.83,20.38,20.68,146784468
1749735000,20.5,20.98,20.41,20.77,78175914
1749821400,20.33,20.6,20.1,20.14,87655889
1750080600,20.41,20.93,20.3,20.74,86745123
1750167000,20.63,21.48,20.62,20.8,87512156
1750253400,20.805,21.6,20.66,21.49,94200572
1750426200,21.7,21.885,20.88,21.08,133472814
1750685400,21.065,21.58,20.73,21.19,81460982
1750771800,21.34,22.69,21.325,22.55,130368742
1750858200,22.575,22.77,22.125,22.2,64975117
1750944600,22.4,22.6201,22.21,22.5,63229338
1751031000,22.71,23.38,22.42,22.69,95542384
1751290200,22.97,22.97,22.265,22.4,77102415
1751376600,22.325,23.155,22.2831,22.85,79094907
1751463000,22.525,22.77,21.52,21.88,138245252
1751549400,22.15,22.63,21.99,22.49,61175951
1751895000,22.205,22.39,21.86,22,80725235
1751981400,22.18,23.785,22.1323,23.59,119545462
1752067800,23.29,23.53,23.13,23.44,70247739
1752154200,23.63,24.04,23.48,23.82,54599844
1752240600,23.56,23.66,23.16,23.43,49367905
1752499800,23.24,23.4,22.88,23.3,48420516
1752586200,23.57,23.78,22.9,22.92,66099351
1752672600,22.99,23.13,22.25,22.69,58865893
1752759000,22.66,23.045,22.5902,22.8,49384037
1752845400,23.22,23.59,22.9,23.1,60195598
1753104600,23.4,23.83,23.16,23.26,61657989
1753191000,23.34,23.535,23.08,23.24,53969845
1753277400,23.255,23.62,22.92,23.49,68711715
1753363800,23.49,23.575,22.6,22.63,131963323
1753450200,20.675,21.045,20.36,20.7,245077682
1753709400,20.82,21.29,20.65,20.68,86105582
1753795800,20.69,20.845,20.34,20.41,100831524
1753882200,20.43,20.6199,20.08,20.34,67420330
1753968600,20.17,20.2288,19.66,19.8,90665198
1754055000,19.5,19.55,18.965,19.31,86496139
1754314200,19.515,19.59,19.35,19.5,69249371
1754400600,19.7,20.535,19.68,20.19,97338249
1754487000,20.12,20.48,19.87,20.41,67074217
1754573400,20,20.44,19.6,19.77,131382767
1754659800,20,20.02,19.61,19.95,75415017
1754919000,20.445,21.6,20.44,20.65,175545596
1755005400,21.2,21.86,20.76,21.81,134488173
1755091800,21.62,22.3,21.36,22.22,86024355
1755178200,21.99,24.2,21.9,23.86,188052460
1755264600,25.01,25.645,24.11,24.56,310161102
1755523800,24,24.9,23.21,23.66,212515617
1755610200,24.94,26.53,24.94,25.31,297659156
1755696600,24.9,24.933,23.3302,23.54,161149398
1755783000,23.525,23.57,22.775,23.5,97718294
1755869400,23.65,25.23,23.65,24.8,200266834
1756128600,25.5,25.88,24.44,24.55,156825631
1756215000,24.58,24.735,24.1,24.35,78558225
1756301400,24.19,24.99,24.05,24.85,90934420
1756387800,24.96,25.14,24.61,24.93,60035093
1756474200,24.76,24.97,24.28,24.35,63734417
1756819800,23.88,24.24,23.68,24.21,57661836
1756906200,24.09,24.0905,23.72,24,47822866
1756992600,23.85,24.64,23.75,24.61,59056496
1757079000,24.6,24.71,24.1701,24.49,55975270
1757338200,24.48,24.735,24.12,24.48,51122136
1757424600,24.53,24.805,24.27,24.44,42146182
1757511000,24.415,24.87,24.28,24.77,61600705
1757597400,24.76,24.93,24.57,24.61,55536921
1757683800,24.61,24.63,24.05,24.08,52672821
1757943000,24.33,25.46,24.2201,24.77,83951622
1758029400,24.82,25.34,24.69,25.27,60336569
1758115800,25.075,25.26,24.45,24.9,63093682
1758202200,31.78,32.3771,30.16,30.57,523907959
1758288600,30.38,30.63,29.33,29.58,225702854
1758547800,29.67,30.1,28.73,28.76,130314474
1758634200,28.99,30.2,28.815,29.34,126317911
1758720600,29.38,31.7,29.23,31.22,164458509
1758807000,31.61,34.25,31.21,33.99,295709290
1758893400,35.015,36.3,34.49,35.5,268583278
1759152600,34.52,35.05,33.73,34.48,152605909
1759239000,33.93,34.235,33.02,33.55,124818376
1759325400,33.53,36.06,33.5,35.94,162649650
1759411800,35.76,37.57,35.44,37.3,149361652
1759498200,37.95,38.08,36.45,36.83,125359342
1759757400,37.19,38.68,36.43,36.59,112086069
1759843800,36.64,38.0468,36.3501,37.17,111140155
1759930200,36.545,37.79,35.9102,37.43,103202085
1760016600,37.53,38.1,36.86,37.8,89884658
1760103000,38.46,39.65,36.3,36.37,183063296
1760362200,36.44,37.51,36.28,37.22,104020679
1760448600,36,36.545,34.69,35.63,117908345
1760535000,36.4,37.485,35.64,37.15,99242706
1760621400,37.15,38.02,36.41,36.84,83357846
1760707800,36.36,38.38,36.08,37.01,119394707
1760967000,37.57,38.5198,37.56,38.1,80230234
1761053400,38.14,38.35,37.67,38.12,73134908
1761139800,37.835,37.93,36.0401,36.92,87099905
1761226200,36.6,38.4,36.4301,38.16,121974238
1761312600,40.02,41.12,37.83,38.28,246379974
1761571800,38.39,40.67,38.23,39.54,160007604
1761658200,39.59,42.48,39.54,41.53,181256370
1761744600,41.6,42.04,40.92,41.34,106962947
1761831000,40.97,41.43,40.11,40.16,84855468
1761917400,40.68,40.8263,39.79,39.99,80471369
1762180200,40.25,40.45,39.05,39.5,61267512
1762266600,38.14,38.25,36.63,37.03,102250306
1762353000,37.415,38.6898,37.11,38.38,74631599
1762439400,38.335,39.8446,36.8,37.24,77629908
1762525800,37.26,38.27,36.97,38.13,95521436
1762785000,38.93,39.525,37.9659,38.45,77820266
1762871400,38.145,38.22,37.49,37.88,53741898
1762957800,38.06,38.2,37.3525,37.89,53875959
1763044200,37.27,37.31,35.45,35.91,95593170
1763130600,35.025,36.1,34.62,35.52,71716180
1763389800,35.445,35.73,34.23,34.71,72580118
1763476200,34.25,34.76,33.57,34.33,61504802
1763562600,34.33,35.7499,34.25,35.11,67115474
1763649000,36,36.68,33.48,33.62,96389096
1763735400,33.51,34.98,32.89,34.5,105641670
1763994600,34.97,36.155,34.685,35.79,103804208
1764081000,35.55,36.13,34.68,35.83,62203283
1764167400,36.2,37.24,36.13,36.81,54563435
1764340200,37.4,40.59,37.34,40.56,95799486
1764599400,39.86,40.375,39.6,40.01,74534896
1764685800,40.47,43.68,40.05,43.47,167205815
1764772200,43.385,44.02,42.51,43.76,91957186
1764858600,43.26,43.2801,40.14,40.5,107850164
1764945000,41.155,42.83,41.15,41.41,103042015
1765204200,41.935,42.115,39.7,40.3,93953619
1765290600,40.73,41.2622,40.03,40.5,61877155
1765377000,40.11,40.99,38.89,40.78,75974890
1765463400,40.07,40.19,39.075,39.51,59096759
1765549800,39.245,40.03,37.62,37.81,87784470
1765809000,38.325,38.48,37.32,37.51,60898465
1765895400,37.58,37.96,36.92,37.31,50490257
1765981800,37.585,37.84,35.965,36.05,54791951
1766068200,37.38,37.485,35.67,36.28,69468393
1766154600,36.48,37.58,36.44,36.82,163221251
1766413800,37.89,37.9,36.29,36.37,51685394
1766500200,36.24,36.8,36.03,36.35,35957954
1766586600,35.17,36.175,34.95,36.16,37443756
1766759400,36.17,36.49,35.85,36.2,28779396
1767018600,36.01,36.795,35.82,36.68,38062295
1767105000,36.91,38.26,36.82,37.3,61935279
1767191400,37.395,37.58,36.87,36.9,51524682
1767364200,37.77,39.86,37.76,39.38,95396447
1767623400,41.59,42.1,39.27,39.37,96665355
1767709800,39.86,40.31,38.95,40.04,66395138
1767796200,40.18,44.57,40.12,42.63,166028381
1767882600,42.62,43.34,40.68,41.11,88241955
1767969000,41.825,45.7265,41.57,45.55,186691417
1768228200,44.24,45.45,43.89,44.06,101989119
1768314600,45.89,48.24,45.215,47.29,168656410
1768401000,48.95,49,47.42,48.72,148225796
1768487400,49.35,50.39,47.825,48.32,132328902
1768573800,49.27,50.21,46.71,46.96,127314711
1768919400,47.3,50.23,47,48.56,150153031
1769005800,50.32,54.41,50.15,54.25,220565312
1769092200,54.21,54.6,53.08,54.32,190066397
1769178600,46.86,48.13,44.45,45.07,294675401
1769437800,44.28,44.46,42.275,42.49,149407768
1769524200,43.97,44.53,43.099,43.93,121832221
1769610600,46.6,49.285,46.32,48.78,201995055
1769697000,47.56,48.77,46.99,48.66,124256563
1769783400,48.975,49.5777,45.96,46.47,114920097
1770042600,45.63,49.84,45.5,48.81,101414583
1770129000,50.055,51.49,48.43,49.25,122205136
1770215400,49.54,49.698,47,48.6,128702304
1770301800,47.59,50.86,46.785,48.24,114307769
1770388200,49.1,51.3,48.83,50.59,115600223
1770647400,49.59,51.22,47.59,50.24,94841413
1770733800,50.41,50.5393,46.765,47.13,99832891
1770820200,48.11,49.55,46.86,48.29,107681221
1770906600,47.8,48.95,46.19,46.48,88321152
1770993000,45.76,47.69,44.97,46.79,69740424
1771338600,45.93,46.8299,45.455,46.18,65802171
1771425000,45.915,46.77,44.88,45.46,65306065
1771511400,44.95,45.17,43.92,44.62,72724938
1771597800,43.89,44.39,42.88,44.11,90743566
1771857000,44.09,44.55,43.18,43.63,57130909
1771943400,44.095,46.6,43.54,46.12,98872271
1772029800,46.09,46.97,45.08,46.88,75645295
1772116200,46.77,46.95,44.39,45.46,71457507
1772202600,44.46,46.56,44.4,45.61,79327249
1772461800,44.2,45.81,43.95,45.5,60705104
1772548200,43.44,43.685,42.14,43.1,83971029
1772634600,44.07,46.125,43.27,45.58,96628102
1772721000,44.87,46.48,44.7,45.95,78229421
1772807400,44.67,45.18,43.28,43.42,74698310
1773063000,42.74,45.76,41.64,45.58,82937382
1773149400,45.41,47.875,45.41,46.78,85233306
1773235800,46.815,48.83,46.66,47.98,72480566
1773322200,47.4,47.435,45.17,45.25,85110211
1773408600,45.97,46.65,45.39,45.77,68386151
1773667800,47.91,49.17,45.69,45.76,114199390
1773754200,46.08,46.08,43.91,44.06,89061571
1773840600,44.2,45.705,44.052,45.03,78056208
1773927000,43.99,46.44,43.65,46.18,74051501
1774013400,46.95,47.55,43.642,43.87,162814211
1774272600,44.5,45.46,43.74,44.01,80772210
1774359000,43.535,44.31,43.2,44.06,65323531
1774445400,45.85,47.845,45.45,47.18,97467909
1774531800,46.295,46.6,43.915,44.1,82841371
1774618200,43.62,44.13,42.86,43.13,70002236
1774877400,43.72,43.99,40.63,41.19,84596011
1774963800,41.95,44.23,41.6,44.13,95294892
1775050200,45,48.77,44.98,48.03,129598509
1775136600,46.06,50.49,46.04,50.38,117134237
1775482200,50.88,52.385,49.87,50.78,79978811
1775568600,51.905,53.27,51.215,52.91,129543837
1775655000,55.365,59.17,54.8,58.95,184599933
1775741400,58.4,62.0799,58.39,61.72,155609887
1775827800,61.52,63.39,60.75,62.38,98624439
1776087000,62.18,65.65,62.18,65.18,112110972
1776173400,65.16,65.18,62.089,63.81,112796097
1776259800,63.77,65.84,62.875,64.94,92051518
1776346200,64.93,68.61,64.272,68.5,108328309
1776432600,68.85,70.325,67.735,68.5,118831534
1776691800,68.45,69.205,64.47,65.7,96851067
1776778200,67.14,67.67,65.64,66.26,91402314
1776864600,67.935,68.77,64.98,65.27,90267286
1776951000,66.1,68.28,65.42,66.78,155141780
1777037400,82.2,85.22,79.62,82.54,281405214
1777296600,83.67,87.1,82.61,84.99,178820193
1777383000,81.28,84.59,80.8,84.52,147773466
1777469400,86.135,94.95,85.87,94.75,235070906
1777555800,95.6,95.69,91.5,94.48,160597313
1777642200,93.2,100.45,92.61,99.62,158502812
1777901400,99.18,99.82,95.6,95.78,119294030
1777987800,100.505,110.48,100.08,108.15,198481963
1778074200,110.975,113.5,106.5801,113.01,157320083
1778160600,111.02,114.51,109.15,109.62,122699875
1778247000,111.81,130.57,111.8,124.92,227681301
1778506200,130.88,132.75,123.92,129.44,179486503
1778592600,124.36,127.79,115,120.61,172516514
1778679000,124.1,125,116.41,120.29,115364423
1778765400,114.66,118.57,113.17,115.93,118279791
1778851800,109.785,110.57,105.02,108.77,135205992
1779111000,113.47,115.54,103.85,108.17,145763995
1779197400,106.98,113.0699,102.4,110.8,150234892
1779283800,116.22,121.94,114.8,118.96,165086920
1779370200,116.58,119.41,113.17,118.5,102452545
1779456600,120.34,122.78,118.09,119.84,82663024
1779802200,122.095,125.62,117.35,123.52,108167302
1779888600,124.39,125.27,117,121.77,93323344
1779975000,121.445,123.08,116.31,120.89,97320987
1780061400,123.85,126.64,113.54,114.68,191676126
1780320600,109.43,113.3,106.33,109.33,134900437
1780407000,107.45,109,104.17,107.93,106336209
1780493400,116.42,118.29,110.86,112.71,118928807
1780579800,108.4,113.14,107.4801,111.78,77325824
1780666200,106.48,106.48,98.33,99.17,145209406
1780925400,111,112.54,106.66,110.27,136973898
1781011800,112.99,113.998,99.46,107.92,149623108
1781098200,106.03,111.5,104.92,107.04,122653462
1781184600,113.52,119.44,110.5118,116.96,188430320
1781271000,117.415,127.6,115.33,124.57,151526759
1781530200,129.49,132.61,126.66,127.86,134507523
1781616600,125.105,128.7,116,117.05,132962556
1781703000,121.85,125.2,118.06,121.1,115324920
1781789400,131.805,135.48,127.9,133.99,233906556
1782135000,139.12,141.45,136.21,140.94,127190553
1782221400,129.73,137.98,128.3,132.28,132976743
1782307800,133.045,136.08,127.95,131.65,104591698
1782394200,139.73,140.72,125.41,132.87,123120247
1782480600,128.705,131.23,125.5,128.32,99475352
1782739800,127,132.05,118.5,131.72,106805299
1782826200,131.99,142.35,131.5201,139.63,116996685
1782912600,135,135.7399,126.6805,127.02,113107246
1782999000,128.915,130.74,117.63,120.35,125021718
1783344600,122.57,127.3,121.52,122.2,86950209
1783431000,116.3,116.47,108.3,110.39,140405927
1783517400,108.3,110.49,104.41,110.24,105488080
1783603800,114.87,116.7699,111.51,112.54,99352457
1783690200,109.575,110.85,107.45,109.84,70846601
1783949400,105.98,106.17,101.79,103.12,100988772
1784035800,107.98,109.19,103.5905,107.76,91129016
1784122200,109.3,109.61,99.2,102.99,120625478
1784208600,101.14,101.88,95.48,96.98,107742913
1784295000,92.14,98.05,89.59,95.04,126779308
1784554200,97.58,100.98,96.92,97.06,89741378
1784640600,103.19,106.34,101.22,105.45,105429373
1784727000,101.545,106.85,101.48,102.62,78431041
1784813400,101.14,104.18,99.235,100.23,140806900
1784899800,100.36,101.74,91.58,92.32,181132891
1785159000,92.46,94.98,86.94,91.67,133247260
1785245400,86.62,88.2799,83.1,86.3,154346670
1785331800,86.57,88.47,81.79,81.88,152394563
1785418200,86.51,94.1,85.97,91.13,140322599
1785504600,96.72,97.9,90.13,90.2,109039502
1785763800,88.4,91.68,85.62,91,96633640
1785850200,95.24,101.39,94.32,100.86,124355055
1785936600,99.3,102.83,97.895,101.06,85388366
1786023000,98.22,103.3799,95.6,99.81,78088124
1786109400,102.33,103.66,98.03,101.65,76760636
1786368600,98.26,100.025,96.3,97.52,101153438
1786455000,96.78,98.35,95.35,97.71,164063575
1786541400,101.33,103.16,100.1232,100.95,162446693
1786627800,101.51,107.57,100.33,104.56,116837589
1786714200,104.48,106.87,102.05,102.5,95387502
1786973400,103.55,105.97,101.8,103.49,88616832
1787059800,99.22,99.31,95.25,96.685,121969461
1787146200,97.41,98.2,91.28,92.8,110268648
1787232600,91.87,92.68,89.85,92.13,85654715
1787319000,92.71,92.768,89.75,90.07,91670104
1787578200,88.86,88.91,85.14,87.26,96903359
1787664600,90.06,90.18,87.29,87.48,81853821
1787751000,86.805,88.2799,85.63,88.24,75752764
1787837400,89.91,92.95,88.46,92.09,100556755
1787923800,90.265,93.7,89.05,89.47,86172589
1788183000,90,91.85,88.97,89.51,65188218
1788269400,86.84,89.41,85.72,88.97,73962063
1788355800,88.85,90.43,87.5,90.05,61554546
1788442200,89.35,92.37,87.725,91.67,79927773
1788528600,92.45,95.94,91.87,95.8,97654325
1788874200,100.8,106.0899,100.35,104.47,140269269
1788960600,102.7,106.69,102.7,106.24,96891392
1789047000,102.45,103.23,99.34,100.32,96887071
1789133400,102.47,104.9,101.07,102.94,86990385
