t,o,h,l,c,v
1412688600,108.02,108.5,106.85,106.92,40275436
1412775000,106.68,109.04,105.76,108.97,51597394
1412861400,108.89,108.9,106.01,106.03,60786087
1412947800,105.77,106.89,104.59,104.74,66579488
1413207000,104.84,106.11,103.86,104.32,72054307
1413293400,105.23,106.99,104.86,105.54,70043423
1413379800,104.19,107,103.54,106.6,117505455
1413466200,105.15,108.57,104.95,107.8,100537136
1413552600,109.16,109.22,107.04,107.48,72674963
1413811800,107.01,108.74,107,108.74,34916678
1413898200,109.33,110.59,109.01,110.53,44752291
1413984600,110.8,111.06,108.86,108.95,48801898
1414071000,110.04,111.58,109.77,110.88,60795105
1414157400,110.92,111.32,110.44,111.07,41927606
1414416600,110.42,111.09,109.51,111.01,31133656
1414503000,111.51,114.21,111.3,114.17,84918882
1414589400,114.36,114.89,112.98,113.9,67138686
1414675800,113.49,115.38,113.14,114.87,59046218
1414762200,116.91,116.96,115.875,116.56,53134839
1415025000,116.75,117.37,115.9,116.36,39740088
1415111400,115.9,116.5,115.28,115.82,37347630
1415197800,116.67,116.735,115.55,116.03,31073522
1415284200,115.98,116.53,115.56,116.53,31720902
1415370600,116.39,116.71,115.7,116.71,28657679
1415629800,116.68,117.31,116.46,117.29,29371810
1415716200,117.12,117.435,116.87,117.37,23536783
1415802600,116.69,118.08,116.66,117.9,34594660
1415889000,117.94,118.25,116.62,116.9,25135235
1415975400,116.94,117.21,116.37,116.69,23321447
1416234600,116.59,116.93,115.68,115.72,29847311
1416321000,116.16,117.12,115.7499,116.39,33717213
1416407400,116.25,116.25,114.37,115.15,38258716
1416493800,114.62,116.46,114.62,116.44,26554960
1416580200,118.08,118.12,116.16,116.58,43240434
1416839400,116.74,118.05,116.584,117.97,24573155
1416925800,118.22,118.78,117.53,118.06,26745910
1417012200,118.07,118.5,117.84,118.45,14640724
1417185000,118.48,118.52,116.57,116.69,21110656
1417444200,116.32,116.47,114.81,114.87,36244144
1417530600,114.99,116.64,114.98,116.25,31812079
1417617000,116.28,117.71,116.02,117.37,29147963
1417703400,117.19,117.3,116.219,116.81,28631920
1417789800,117.25,117.98,116.96,117.69,30261397
1418049000,117.27,118.37,115.85,116.22,32295024
1418135400,114.96,118.27,114.74,118.17,52645939
1418221800,117.74,118.16,115.56,115.66,45413576
1418308200,116.21,117.68,115.87,116.12,36021754
1418394600,114.78,115.99,114.6,114.71,44815983
1418653800,115.26,115.74,113.16,113.55,66361180
1418740200,113.32,115.34,113.03,113.39,62849705
1418826600,113.64,116.99,113.49,116.89,70379359
1418913000,118.46,118.74,117.47,118.63,54315620
1418999400,118.65,119.48,118.14,118.9,49041799
1419258600,119.2,119.71,118.8035,119.71,27043410
1419345000,120.44,120.44,119.45,119.86,34532959
1419431400,119.63,120.07,119.2601,119.76,19175429
1419604200,120.14,120.83,120.07,120.54,18261936
1419863400,120.63,121.38,120.61,121.05,27692468
1419949800,120.79,121.24,120.27,120.34,23995988
1420036200,120.8,121.41,119.54,119.62,35688662
1420209000,120.07,120.56,117.89,118.93,46133132
1420468200,118.23,118.71,116.79,117.34,51141891
1420554600,117.62,117.77,114.36,115.31,67446040
1420641000,116.06,116.76,115.48,116.73,32252095
1420727400,117.66,118.8457,117.45,118.71,28361730
1420813800,118.81,118.84,117.31,117.57,26975175
1421073000,117.7,118.01,116.23,117.18,27316763
1421159400,118.09,119.39,115.82,117.27,49991380
1421245800,115.98,117.1,115.55,116.8,34224203
1421332200,117.23,117.38,114.48,114.83,46199361
1421418600,114.41,116.94,114.2,116.7,41895670
1421764200,116.85,117.08,115.16,116.21,36444437
1421850600,115.8,116.82,115.29,115.84,27333530
1421937000,116.56,118.24,115.1,118.2,37876960
1422023400,118.24,118.77,117.55,118.12,28173394
1422282600,117.88,119.27,117.07,119.26,23006787
1422369000,117.86,119.25,117.62,118.69,26919080
1422455400,119.18,119.45,116.32,116.69,38086115
1422541800,117.02,118.32,116.09,118.3,39299943
1422628200,117.48,117.96,115.6,115.7,49739789
1422887400,116.12,116.84,114.38,116.76,44819096
1422973800,117.33,119,117.27,118.85,43920001
1423060200,118.42,119.24,118.1,118.41,28597060
1423146600,118.77,120.25,118.6,119.94,32337113
1423233000,120.1,120.82,119.35,119.81,31694901
1423492200,119.4,120.22,118.72,118.86,32367852
1423578600,119.53,119.84,118.1,119.62,28960804
1423665000,119.37,119.82,118.62,119.45,23794191
1423751400,120.16,120.92,119.84,120.81,27854552
1423837800,120.91,121.69,120.65,121.53,20446915
1424183400,121.66,122.06,121.26,121.91,16868460
1424269800,121.56,122.05,121.13,122.04,20450185
1424356200,121.76,122.38,121.54,122.05,16620467
1424442600,121.85,122.54,120.9,122.38,30331597
1424701800,122.1,122.53,121.27,122.5,25778239
1424788200,122.47,123.05,122.1866,122.66,20023603
1424874600,122.57,123.04,122.23,122.8,17059628
1424961000,122.69,123.3,122.33,123.25,24379043
1425047400,123.03,123.36,122.55,122.58,23821659
1425306600,122.55,123.775,122.53,123.47,29683461
1425393000,123.19,123.19,122.26,122.74,23068431
1425479400,122.21,122.605,121.61,122.36,22822508
1425565800,122.53,122.92,121.91,122.72,19725646
1425652200,121.98,122.685,120.88,121.17,37319894
1425907800,121.37,121.92,121.12,121.7,17556337
1425994200,120.61,120.7,119.83,120.3,32440299
1426080600,120.47,121.139,119.88,121.04,20914510
1426167000,121.82,123.15,121.74,123.05,41063341
1426253400,122.94,123.19,121.21,122.61,26371036
1426512600,123.11,123.58,122.88,123.33,19906326
1426599000,122.97,123.78,122.77,123.66,23142597
1426685400,123.4,125.12,122.85,124.65,40292648
1426771800,124.36,124.96,124.31,124.89,34008230
1426858200,125.36,126.16,125.31,125.99,34165600
1427117400,125.95,126.32,125.79,125.88,17132355
1427203800,125.77,126.31,125.66,125.85,30115619
1427290200,125.53,125.6,122.38,122.47,42513976
1427376600,122.09,122.91,121.54,122.32,26899195
1427463000,122.38,123.23,121.86,123.1,23066819
1427722200,123.72,124.99,123.7,124.77,20486967
1427808600,124.28,124.71,123.9,124.37,24507777
1427895000,124.23,124.42,122.9,124.42,31955181
1427981400,124.36,125.26,124.29,124.65,23586392
1428327000,123.91,125.48,123.88,125.2,22045576
1428413400,124.97,125.5,124.37,124.4,20214722
1428499800,124.38,125.66,124.38,125.47,19314420
1428586200,125.36,125.73,123.77,125.02,22325251
1428672600,125.44,125.79,125.22,125.62,14966323
1428931800,125.69,126.39,125.58,125.7,22819196
1429018200,125.74,126.08,124.78,125.67,22600832
1429104600,126.16,127.13,125.92,126.55,37282314
1429191000,126.47,126.75,126.16,126.48,24439877
1429277400,125.12,125.545,123.82,124.43,48283498
1429536600,125.05,125.95,124.83,125.65,24602271
1429623000,126.05,126.25,125.42,125.52,13844627
1429709400,125.52,125.88,124.47,125.71,21991306
1429795800,125.48,126.535,125.26,126.28,18025829
1429882200,126.33,126.46,125.69,125.86,14992501
1430141400,126.21,126.91,124.04,124.47,32924563
1430227800,124.54,125.37,123.25,125.16,35654899
1430314200,124.47,124.9,123.63,123.8,26437936
1430400600,123.06,123.44,120.66,121.18,72393767
1430487000,121.52,122.16,120.905,121.97,47996208
1430746200,122.13,123.345,121.795,122.41,37675148
1430832600,122.35,122.62,120.28,120.85,56891572
1430919000,121.11,121.49,120.24,121.27,34348279
1431005400,121.14,122.23,120.57,121.73,29826089
1431091800,122.93,123.25,122.4,122.64,26357112
1431351000,122.6,123.66,122.44,122.71,28406742
1431437400,122.35,122.92,120.87,122.49,34961556
1431523800,122.76,123.21,122,122.485,27214715
1431610200,123.08,123.86,122.45,123.79,23293248
1431696600,123.56,123.72,122.94,123.65,22055622
1431955800,123.4,125.16,123.17,125.05,30846033
1432042200,124.8,125.05,124.31,124.88,23256804
1432128600,125.17,125.4625,124.34,125.11,20838541
1432215000,124.98,125.47,124.48,124.97,16229256
1432301400,124.76,125.24,124,124.43,22601420
1432647000,123.94,124.04,122.52,123.24,44037812
1432733400,123.36,124.87,122.79,124.75,32086276
1432819800,124.45,124.71,123.77,124.64,18631916
1432906200,124.61,124.73,123.32,123.89,33468891
1433165400,124.69,124.9,123.03,124.28,35649419
1433251800,123.8,125.31,123.48,124.52,29477552
1433338200,124.76,125.93,124.42,125.76,30774798
1433424600,125.08,125.62,124.08,124.5,25820603
1433511000,124.23,125.52,123.32,125.4,36626467
1433770200,125.28,125.62,124.57,124.82,18798651
1433856600,124.71,124.86,123.5,124.44,23928304
1433943000,124.93,126.48,124.85,125.99,42563464
1434029400,126.17,126.54,125.91,126.31,17489367
1434115800,125.92,126.15,125.43,125.93,23578621
1434375000,125.11,125.8,123.94,125.53,30618318
1434461400,125.38,126.65,125.32,126.42,32800865
1434547800,126.74,126.96,125.97,126.23,32467043
1434634200,126.82,128.24,126.74,127.92,39642055
1434720600,127.82,128.16,127.6,127.86,23310943
1434979800,128.42,128.84,128.15,128.74,25229954
1435066200,128.68,129.09,128.395,129.01,23378512
1435152600,128.76,129.1,127.73,127.92,26436839
1435239000,128.35,128.42,127.245,127.85,24100905
1435325400,128.1,128.34,126.82,127.5,38219897
1435584600,126.63,127.07,124.11,124.28,49224899
1435671000,125.18,125.32,124.29,124.86,39631251
1435757400,125.77,126.16,124.06,125.23,28627704
1435843800,124.805,124.96,123.37,123.78,31486357
1436189400,122.94,124.51,122.82,123.74,27852246
1436275800,123.88,123.99,121.53,123.88,39347102
1436362200,122.8,123.35,121.28,121.99,40724492
1436448600,123.35,123.53,122.2701,122.43,29770370
1436535000,123.84,124.34,123.36,124.13,28735789
1436794200,124.77,125.64,124.75,125.53,21349926
1436880600,125.46,126.5,125.4,126.23,21009543
1436967000,126.31,126.48,125.27,125.56,22238319
1437053400,126.11,126.74,125.97,126.31,33568440
1437139800,126.31,126.38,125.36,125.76,24739898
1437399000,125.78,125.86,124.76,125.08,23271055
1437485400,125.07,125.8,124.11,124.49,28118741
1437571800,124.08,125.09,123.88,124.95,20654239
1437658200,124.99,125.39,123.3,123.57,39712139
1437744600,123.48,123.71,121.49,121.58,39533027
1438003800,121.13,121.32,120.27,120.57,35627207
1438090200,120.92,121.81,119.339,121.6,53474775
1438176600,121.36,122.33,120.97,121.94,32411277
1438263000,121.63,122.44,121.01,122.29,29383880
1438349400,122.45,123.67,122.22,122.96,31812747
1438608600,123.03,123.16,121.455,122.35,34033236
1438695000,122.39,122.96,121.61,122.06,21728894
1438781400,122.59,123.53,121.91,122.34,25673532
1438867800,122.47,122.66,119.78,120.69,42225320
1438954200,120.14,120.44,119.07,119.88,42261408
1439213400,120.33,121.52,120.31,121.26,28798903
1439299800,120.48,121.09,119.65,120.22,33383754
1439386200,119.57,120.34,117.965,119.99,46500071
1439472600,120.1,120.59,119.39,119.59,35698295
1439559000,119.49,120.49,119.02,120.36,21091502
1439818200,120.03,121.68,119.6,121.63,22328153
1439904600,121.46,121.46,120.52,120.66,26360378
1439991000,119.9,120.5,118.74,119.41,45178918
1440077400,118.34,118.61,116.39,116.39,51879763
1440163800,115.13,116.66,114.37,115.03,79168349
1440423000,109.51,114.9188,108.26,110.54,83809198
1440509400,114.05,114.1,109.56,109.69,59240249
1440595800,111.83,112.69,109.42,112.48,51605349
1440682200,113.3,115.12,112.36,114.49,49533703
1440768600,114.36,115.7,114.21,115.62,41601408
1441027800,115.1,115.98,114.76,115.2,29250929
1441114200,113.11,114.12,111.6,111.9,45129150
1441200600,113.41,113.97,112.075,113.91,26865761
1441287000,114.08,115.13,113.55,113.73,33334527
1441373400,112.53,113.7,112.28,112.87,31154598
1441719000,114.56,115.57,114.11,115.45,29916293
1441805400,116.17,116.415,114.01,114.12,40963018
1441891800,113.75,115.28,113.725,114.64,29877872
1441978200,114.16,115.2,113.66,115.18,27949443
1442237400,115.52,115.54,114.43,114.65,22365778
1442323800,114.86,116.19,114.73,115.94,26745295
1442410200,115.95,117.02,115.79,116.94,27127827
1442496600,116.92,118.89,116.68,117.34,50405392
1442583000,115.76,116.84,115.4,115.72,42736050
1442842200,116.54,117.3,115.08,115.51,33021745
1442928600,114.45,114.73,113.05,113.76,35786940
1443015000,114.02,114.42,113.07,113.42,25506813
1443101400,112.79,113.42,111.87,113.23,39810257
1443187800,113.82,113.91,110.93,111.42,43750267
1443447000,111.05,111.15,107.88,108.3,56765262
1443533400,108.25,109.11,106.99,107.53,49980722
1443619800,108.48,109.43,107.91,109.2,50834522
1443706200,109.37,109.68,107.43,109.01,44985931
1443792600,107.98,110.63,107.12,110.63,58019232
1444051800,111.66,113.45,111.54,113.27,45220492
1444138200,113.21,113.674,111.78,112.49,34140043
1444224600,113.1,114.5,112.63,114.48,36371014
1444311000,114.38,115.75,113.95,115.51,43072218
1444397400,115.72,116.14,115.395,115.74,26497160
1444656600,115.79,115.9899,115.07,115.57,22984026
1444743000,115.11,116.3,113.93,113.99,37445271
1444829400,114.04,114.75,112.71,112.87,39987423
1444915800,113.19,115.57,112.66,115.57,42503375
1445002200,115.8,115.8,114.43,115.42,33685613
1445261400,114.9,116.21,114.65,115.64,24949454
1445347800,115.58,116.3,115.03,115.48,20531392
1445434200,115.92,115.98,113.65,113.72,34060342
1445520600,114.41,115.42,113.73,114.72,36882595
1445607000,115.65,116.05,114.73,115.85,40172530
1445866200,115.6,115.87,114.93,115.06,19783305
1445952600,114.59,114.87,113.1,113.8,38189196
1446039000,114.14,117.14,113.92,117.12,65529933
1446125400,116.74,117.1127,115.56,115.87,27251998
1446211800,115.56,116.03,115.08,115.34,28018673
1446474600,115.45,118.0711,115.42,117.74,33836894
1446561000,117.59,119.0299,117.39,118.35,28626346
1446647400,118.65,119,117.69,118.29,25695977
1446733800,118.24,118.6,117.09,118.38,27141341
1446820200,118.01,119.36,117.29,119.22,35141285
1447079400,119.07,119.29,117.27,117.82,32983110
1447165800,117.32,118.17,116.96,118.17,21892226
1447252200,118.31,118.34,117.08,117.14,22037623
1447338600,116.33,116.49,114.73,114.9,39916109
1447425000,114.44,115.34,113.66,114.07,43882996
1447684200,113.96,115.09,113.36,115.05,28979093
1447770600,115.15,116.15,114.45,114.61,34441040
1447857000,114.93,116.65,114.52,116.55,35554327
1447943400,116.44,116.65,115.74,116.06,25512498
1448029800,116.48,117.36,116.38,116.81,31697746
1448289000,116.71,117.89,116.68,117.39,22716394
1448375400,116.88,118.42,116.56,118.25,24994483
1448461800,118.3,119.32,118.11,119.17,20772630
1448634600,119.27,119.9,118.88,119.62,14129309
1448893800,120.02,120.07,119.05,119.1,30165410
1448980200,119.61,119.91,118.9,119.89,27899883
1449066600,119.73,120.04,118.45,118.6,22238250
1449153000,118.93,119.45,116.14,116.6,39485407
1449239400,116.6,117.93,116.34,117.78,32669866
1449498600,117.64,117.67,115.5139,116.01,29621390
1449585000,114.96,116.005,114.46,115.37,30945962
1449671400,115.03,116.17,113.6,114.08,41980377
1449757800,113.89,115.08,113.65,114.46,31278835
1449844200,113.27,113.34,111.53,111.91,52609323
1450103400,111.87,112.38,110.28,111.11,53400352
1450189800,111.73,112.96,111.6,112.71,48273941
1450276200,113.49,114.645,112.83,114.43,44560568
1450362600,114.91,114.94,112.9701,113.21,41318043
1450449000,112.66,112.89,111.44,111.48,49876639
1450708200,112.17,112.63,111.5,112.32,26479327
1450794600,112.64,113.52,111.79,113.35,28108666
1450881000,113.92,114.96,113.725,114.78,29609692
1450967400,114.44,115.16,114.15,114.5,13370511
1451313000,113.98,114.07,112.955,113.97,22125532
1451399400,114.48,115.29,114.065,115.2,22841477
1451485800,115.05,115.35,114,114.04,21273192
1451572200,113.56,113.97,112.51,112.62,39517671
1451917800,110.61,110.83,109.08,110.01,66665883
1452004200,110.41,110.575,109.55,110.25,28253333
1452090600,108.7,109.6,108,108.57,35569158
1452177000,106.72,107.5,105.49,105.67,52481988
1452263400,105.87,106.49,103.66,103.85,60299290
1452522600,104.21,104.78,102.31,103.4,47144827
1452609000,104.22,104.99,101.94,103.71,53702941
1452695400,103.91,104.42,99.65,100.38,70591573
1452781800,100.86,102.71,99.19,101.77,69373353
1452868200,99.08,100.29,97.51,100.12,85759237
1453213800,101.07,101.1985,97.74,98.77,51391062
1453300200,97.43,100.325,95.06,99.18,94385846
1453386600,99.33,100.91,98.38,98.95,65798203
1453473000,100.65,101.61,100.13,101.37,46056677
1453732200,100.74,101.08,98.85,99.115,35019608
1453818600,99.52,101.4,99.18,101.1,33349614
1453905000,100.59,101.59,99.06,99.71,47973897
1453991400,100.55,100.95,99.215,99.69,41951147
1454077800,100.04,102.98,99.96,102.96,42245331
1454337000,102.14,103.09,101.25,102.49,33615712
1454423400,101.33,101.47,99.77,100.28,39692710
1454509800,101.06,101.07,98.14,100.41,55262501
1454596200,100,101.97,99.97,100.8,51188412
1454682600,100.35,100.44,97.96,98.04,53366634
1454941800,97.01,97.01,94.94,96.43,61107710
1455028200,95.13,97.13,95.02,95.78,55857232
1455114600,96.45,97.92,95.675,95.83,42756146
1455201000,94.08,95.4,93.64,94.7892,57923232
1455287400,95.66,96.79,95.19,96.59,40097274
1455633000,97.79,99.0999,97.22,98.88,38882093
1455719400,99.57,101.09,99.53,100.43,40940444
1455805800,100.51,100.635,99.54,99.95,35043592
1455892200,99.56,100.56,99.11,100.45,32424829
1456151400,101.34,102.01,101.24,101.57,28867445
1456237800,101.24,101.49,100.55,100.64,29857092
1456324200,99.62,101.819,98.97,101.61,36909566
1456410600,101.79,102.6,101.39,102.54,22612577
1456497000,103.06,103.47,102.7,103.19,27474747
1456756200,103.13,104.03,102.72,102.73,32014358
1456842600,103.62,104.94,103.07,104.94,36422727
1456929000,104.79,106.09,104.59,106.0208,24937069
1457015400,106.05,107.15,105.92,107.13,28216300
1457101800,107.07,108.32,106.67,107.72,38180879
1457361000,107.21,108.99,107.21,108.8892,38739949
1457447400,108.29,108.29,106.14,106.26,46193930
1457533800,106.62,107.005,106.07,106.8,25627172
1457620200,107.1,107.49,104.81,105.93,48532279
1457706600,106.79,108.33,106.66,108.2008,33625007
1457962200,107.87,108.34,107.4,107.92,24422690
1458048600,107.21,107.28,106.03,106.24,34258389
1458135000,105.73,107.33,105.73,106.99,37952235
1458221400,106.73,109.1,106.33,108.63,41724464
1458307800,108.77,109.95,108.7,109.61,36512573
1458567000,109.44,109.94,109.08,109.35,29903737
1458653400,108.78,109.69,108.47,109.22,23602060
1458739800,108.54,108.59,106.8,106.88,39243307
1458826200,106.24,107.22,105.74,107.2,30924321
1459171800,107.43,107.78,106.55,107.33,21096397
1459258200,107.04,110.34,106.77,110.31,46761082
1459344600,110.89,111.12,110.05,110.32,35683503
1459431000,110.48,111.17,110.34,110.63,28555881
1459517400,109.61,111.22,109.48,111.12,29981404
1459776600,110.91,111.32,110.1,110.19,21529429
1459863000,109.37,109.855,108.84,108.94,32515822
1459949400,108.93,110.27,108.585,110.17,28157751
1460035800,109.37,109.88,108.13,108.68,33298409
1460122200,109.61,110.07,108.63,109.11,26151735
1460381400,109.74,110.55,108.75,108.77,25842078
1460467800,108.79,110.18,108.43,109.94,25058742
1460554200,110.58,112.43,110.51,112.31,40534712
1460640600,112.26,112.7,111.88,112.17,25538576
1460727000,111.9,112.63,111.86,112.45,21176072
1460986200,111.98,113.39,111.87,113.3,19428332
1461072600,113.51,114.125,112.89,113.39,23228123
1461159000,113.39,114.21,112.97,113.56,21422528
1461245400,113.47,113.92,112.66,112.99,20535667
1461331800,112.98,114.19,112.975,114.11,29094547
1461591000,113.8,113.91,112.81,113.3,16369582
1461677400,113.67,114.53,113.17,114.41,30564079
1461763800,114.48,115.05,113.9,114.81,24360273
1461850200,114.27,115,113.19,113.5,26126474
1461936600,113.01,113.46,111.72,112.48,33284537
1462195800,112.83,113.51,112.175,113.48,21880990
1462282200,112.55,112.56,110.93,111.62,37929639
1462368600,110.99,111.99,110.37,110.7,30767164
1462455000,111.15,111.33,110.1,110.26,26249158
1462541400,109.8,110.93,109.54,110.91,25497420
1462800600,110.92,111.8899,110.625,111.23,23426969
1462887000,111.66,112.4,111.07,112.35,18635261
1462973400,112.1,112.27,110.87,110.96,23604637
1463059800,111.19,111.49,109.498,110.3708,34802970
1463146200,110.06,110.94,109.36,109.64,24510250
1463405400,109.92,111.52,109.87,111.03,27337046
1463491800,110.88,111.42,108.77,109.27,46676264
1463578200,108.81,110.661,108.79,109.84,35967936
1463664600,109.04,109.77,107.99,108.955,36849284
1463751000,109.29,110.79,109.23,110.79,37404518
1464010200,110.77,111.39,110.5,110.66,23721741
1464096600,111.31,113.22,111.27,112.94,41124267
1464183000,113.3,113.9,113.08,113.6,26486474
1464269400,113.77,114.015,113.25,113.47,15157174
1464355800,113.56,114.6,113.51,114.6,21265095
1464701400,114.82,115.54,114.5,115,32764366
1464787800,114.61,115.95,114.42,115.78,26806050
1464874200,115.49,116.67,115.37,116.67,23303289
1464960600,116.47,116.47,115,115.97,28733150
1465219800,116.08,117.58,116.01,117.22,26946041
1465306200,117.29,117.98,116.96,117.56,21038458
1465392600,117.66,118.64,117.6499,118.43,27999930
1465479000,117.94,117.94,117.29,117.67,23440747
1465565400,116.58,116.88,115.69,116.07,32686798
1465824600,115.65,116.18,114.59,114.81,36400315
1465911000,114.39,115.11,113.67,114.48,34267576
1465997400,114.89,115.56,114.46,114.56,24197681
1466083800,113.72,114.59,112.89,114.55,36306581
1466170200,114.41,114.92,113.68,114.06,30096390
1466429400,115.8,116.45,115.3,115.3,28219801
1466515800,115.34,115.41,114.33,115.08,34706778
1466602200,115.3,115.88,114.49,114.63,27226146
1466688600,115.82,116.91,115.73,116.82,30240296
1466775000,111.94,114.035,111.5,112.55,74945393
1467034200,111.07,111.07,108.19,108.69,59524205
1467120600,109.65,110.88,109.57,110.37,42040579
1467207000,111.7,113.05,111.53,112.88,34031605
1467293400,113.12,115.02,112.57,114.98,42973797
1467379800,115.05,115.95,114.8,115.39,24401900
1467725400,115.02,115.26,113.065,113.69,29347243
1467811800,112.54,114.01,112.31,113.89,24678267
1467898200,114.22,114.99,113.41,114.13,20780605
1467984600,115.25,117.09,115.15,116.79,37964832
1468243800,117.56,118.43,117.47,118.14,26987339
1468330200,119,120.42,118.83,119.72,44153034
1468416600,120.33,120.39,118.95,119.25,28050156
1468503000,120.3,120.36,119.3,119.37,19345447
1468589400,119.89,120.04,119.28,119.7,23857289
1468848600,119.53,120.35,119.33,119.9,17422363
1468935000,119.76,119.97,118.93,119.3,19734076
1469021400,119.55,120.44,118.94,120.08,22390481
1469107800,120.01,120.595,119.25,119.51,19018735
1469194200,119.58,120.65,119.35,120.4,17796052
1469453400,120.15,120.46,119.76,120.22,13694585
1469539800,120.2,120.97,119.92,120.8,19551145
1469626200,121,121.4675,120.35,121.14,21064730
1469712600,120.88,121.235,120.53,120.83,16540120
1469799000,120.71,121.76,120.05,121.07,30267873
1470058200,121.2,121.7,120.44,121.17,34771679
1470144600,121.16,121.21,119.1,119.48,28690965
1470231000,119.37,120.5,119.1,120.45,17830311
1470317400,120.45,121.19,120.26,120.56,17526744
1470403800,121.34,122.58,120.97,122.3,28643444
1470663000,122.35,122.85,122.03,122.24,14625743
1470749400,122.27,122.63,122.14,122.37,12487734
1470835800,122.38,122.599,121.15,121.4892,19138052
1470922200,122.03,122.4,121.565,122.07,21144639
1471008600,121.83,122.46,121.63,122.19,12251154
1471267800,122.46,123.685,122.43,123.4,22047954
1471354200,123.08,123.12,122.26,122.4,20244282
1471440600,122.44,122.5,121.33,122.04,20632642
1471527000,122.08,122.97,122.04,122.94,16244574
1471613400,122.77,123.07,122.28,122.94,17379463
1471872600,122.68,123.34,122.33,123.22,16929728
1471959000,123.61,124.46,123.61,124.08,21539440
1472045400,123.94,124.25,122.77,123.07,21533373
1472131800,122.62,123.69,122.61,123.31,17023195
1472218200,123.45,124.41,122.3,123.06,26734376
1472477400,123.27,124.17,123.24,123.7,14013850
1472563800,123.83,124.17,123.38,123.93,14031348
1472650200,123.78,123.89,122.55,123.23,29236343
1472736600,123.34,123.63,122.02,123.32,22964707
1472823000,124.01,124.53,123.63,124.51,23083322
1473168600,124.92,124.97,123.97,124.6292,13710992
1473255000,124.55,125.44,124.48,125.41,17830458
1473341400,125.31,125.41,124.77,125.16,16265541
1473427800,124.18,124.21,121.21,121.25,54239022
1473687000,120.69,122.97,120.58,122.94,33408148
1473773400,122.06,122.16,119.8805,120.58,47536241
1473859800,120.77,121.47,120.29,120.6,30545517
1473946200,120.68,122.185,120.51,122.04,30052131
1474032600,121.47,121.97,121.095,121.86,31940489
1474291800,122.32,123.55,121.99,122.67,22807008
1474378200,123.2,123.23,122.15,122.15,16877927
1474464600,122.58,123.97,122.1,123.92,30784744
1474551000,124.73,125.8,124.66,125.7,36287691
1474637400,125.56,125.882,124.81,124.81,26117971
1474896600,123.8,124.17,123.1,123.23,20028044
1474983000,123.17,123.88,122.81,123.73,16939478
1475069400,123.95,124.76,123.07,124.68,19426446
1475155800,124.62,124.64,122.7,122.86,26657696
1475242200,123.42,124.78,122.86,124.21,31764459
1475501400,123.83,124.095,123.13,123.82,18674272
1475587800,124.02,124.31,122.65,123.21,26057254
1475674200,123.69,124.68,123.65,123.95,24317330
1475760600,123.75,124.015,122.82,123.82,18937089
1475847000,124.04,124.32,122.23,122.83,28732709
1476106200,123.57,124.74,123.56,124.3,21481669
1476192600,124.05,124.11,121.34,122.03,31931287
1476279000,122.09,122.61,121.5328,121.93,20210417
1476365400,120.99,121.41,120.11,120.92,26302531
1476451800,121.36,121.84,120.4,120.43,24554561
1476711000,120.58,120.85,120.16,120.29,17119460
1476797400,121.52,121.58,120.66,120.98,19158923
1476883800,121.17,121.95,120.5001,121.49,18477446
1476970200,121.14,122,120.41,121.13,20485609
1477056600,120.26,121.37,120.1,121.07,21093688
1477315800,122.04,122.61,121.4499,121.84,15421590
1477402200,121.81,121.9895,120.6,120.93,16459836
1477488600,120.11,121,119.46,119.73,24975308
1477575000,120.12,120.14,118.09,118.36,29525724
1477661400,118.31,119.03,117.75,118.03,35473669
1477920600,118.18,118.64,117.7999,118.5,20311801
1478007000,118.66,118.7,116.28,117.05,34147171
1478093400,116.87,117,115.39,115.56,29859889
1478179800,115.91,116.24,114.88,115,22717468
1478266200,115.3,116.9,115.0458,115.74,35237242
1478529000,118,118.82,117.7082,118.57,32370934
1478615400,118.3,119.46,117.71,118.88,26196823
1478701800,118.08,122.83,118.05,122.54,77416809
1478788200,124.26,125.4,122.62,124.5,83440705
1478874600,125.03,127.72,124.55,127.36,95612752
1479133800,128.95,130.26,128.39,129.15,83119421
1479220200,128.85,129.89,128.3,129.55,38704481
1479306600,129.25,130,129.03,129.54,42325510
1479393000,129.95,130.83,129.75,130.3,42576893
1479479400,130.69,131.09,130.2979,130.99,41380592
1479738600,131.31,132,130.61,131.6,32293090
1479825000,132.12,132.9,131.67,132.8,39681546
1479911400,132.48,133.65,132.1,133.63,37939230
1480084200,133.73,134.1,133.54,134.07,13373383
1480343400,133.97,134,132.15,132.33,32505736
1480429800,132.51,133.09,132.1,132.26,27993682
1480516200,132.92,133.09,131.5,131.61,32491183
1480602600,132.25,132.55,130.29,130.97,39815930
1480689000,130.94,131.47,130.52,130.9,24054051
1480948200,131.95,133.33,131.89,133.15,27547125
1481034600,133.52,134.91,132.74,134.59,27820030
1481121000,134.59,136.18,134.18,135.9,31825849
1481207400,136.25,138.21,135.8,138.04,49048887
1481293800,138.4,138.82,137.75,138.31,34313467
1481553000,137.95,138.57,136.51,136.85,34592908
1481639400,137.53,138.05,136.2417,136.86,32624555
1481725800,136.42,137.35,134.81,135.15,45923656
1481812200,135.37,137.14,134.96,136.16,41352520
1481898600,136.35,137.525,135.63,135.91,39348181
1482157800,136.045,137.19,135.91,136.8,33393867
1482244200,137.28,138.21,136.99,137.96,31753610
1482330600,137.85,138.15,137.01,137.06,23215910
1482417000,136.56,136.75,134.81,135.32,34737851
1482503400,135.46,136.12,135.27,136.04,17081375
1482849000,136.23,137.3,136.21,136.65,13571701
1482935400,136.89,136.98,134.83,135.25,22712422
1483021800,135.29,136.26,134.685,135.37,21312932
1483108200,135.6,135.63,134.4,134.85,28399349
1483453800,136.49,136.8295,134.5,135.52,29792446
1483540200,136.05,137.96,136.01,137.78,34499365
1483626600,137.49,137.76,135.51,136.19,30286876
1483713000,136.41,136.71,135.68,135.69,23435995
1483972200,135.54,135.72,134.5,134.8,24077865
1484058600,135,136.38,134.76,136.09,21684855
1484145000,136.23,136.79,135.42,136.33,27428753
1484231400,136.16,136.22,133.59,135.28,41844214
1484317800,135.65,136.97,135.65,136.26,27784455
1484663400,135.6,135.69,134.13,134.41,28197779
1484749800,134.76,134.935,133.95,134.85,21289660
1484836200,135.14,135.44,133.17,133.75,34105880
1484922600,134.21,134.88,133.82,134.44,29286081
1485181800,134.03,134.68,133.12,133.88,20537008
1485268200,134.34,136.28,134.22,135.93,34313842
1485354600,137.06,137.55,136.95,137.21,29127322
1485441000,137.34,137.5,136.42,136.66,22255562
1485527400,136.77,137.04,135.65,136.19,19467824
1485786600,135.23,135.24,133.24,134.29,40464369
1485873000,133.87,135.56,133.48,135.23,32944993
1485959400,136.22,136.87,134.7,135.15,30010459
1486045800,135.3,135.67,134.49,134.81,19935725
1486132200,135.99,136.98,135.51,136.87,24534082
1486391400,136.4,136.7784,135.43,135.84,23691510
1486477800,135.82,136.465,134.77,135.24,30342153
1486564200,134.6,135.22,133.89,135,32956872
1486650600,135.25,137.25,135.25,136.9,28267608
1486737000,137.79,138.37,137.2,137.94,27287550
1486996200,138.77,139.205,138.09,138.3,23245053
1487082600,137.94,138.945,137.61,138.76,27144980
1487169000,138.19,139.77,138.07,139.59,20253540
1487255400,139.46,139.84,138.21,139.2,24613563
1487341800,138.45,139.16,138.25,139.11,26703217
1487687400,139.38,140.32,139.38,140.2,21353474
1487773800,140,140.02,139.25,139.58,14890829
1487860200,139.96,140.01,137.69,138.75,24596201
1487946600,137.46,138.65,137.3,138.65,24512342
1488205800,138.34,140,138.21,140,28269036
1488292200,139.38,139.48,137.76,137.84,40184131
1488378600,139.65,140.86,139.52,140.36,35719834
1488465000,140.33,140.36,138.64,138.75,25937002
1488551400,138.8,139.42,137.88,138.65,30989760
1488810600,137.78,137.97,136.99,137.7,23892086
1488897000,137.4,137.74,136.61,136.8,29711279
1488983400,137.28,137.62,135.78,135.9,34115126
1489069800,135.83,136.49,134.89,135.36,35223796
1489156200,136.29,136.31,134.84,135.96,39516613
1489411800,135.65,136.79,135.65,136.28,21295021
1489498200,135.75,135.83,134.5601,135.63,30037834
1489584600,136.29,138.02,135.97,137.73,31230409
1489671000,138.22,138.51,137.555,137.91,25306607
1489757400,138.14,138.73,137.31,138.46,33324628
1490016600,138.28,138.52,137.37,137.7512,19091187
1490103000,138.51,138.6,133.92,133.97,61868962
1490189400,133.71,134.31,132.78,134,46332586
1490275800,134,135.6957,133.64,134.78,37764648
1490362200,134.95,135.47,133.86,134.49,33514377
1490621400,132.76,135.07,132.4,134.74,35596748
1490707800,134.28,135.9,134.14,135.79,26891866
1490794200,135.7,136.49,135.3,136.23,22095540
1490880600,136.32,137.38,136.26,137.26,25792935
1490967000,137.42,138.17,136.94,137.48,29434275
1491226200,137.97,138.1,135.6,136.03,38834899
1491312600,135.93,136.55,135.35,135.87,25642559
1491399000,136.83,137.43,134.08,134.33,44968767
1491485400,134.54,135.63,133.83,135.58,41012050
1491571800,135.21,136.03,134.75,135.52,24300166
1491831000,135.47,136.85,135.16,135.82,22779946
1491917400,135.27,136.92,135.08,136.9,32589223
1492003800,136.64,136.7,134.92,135.04,25700826
1492090200,134.88,135.37,133.66,133.72,30206992
1492435800,134.07,135.32,133.68,135.29,18278795
1492522200,134.72,135.46,134.155,135.32,24553317
1492608600,135.69,136.9628,135.54,135.79,34627635
1492695000,136.34,137.67,136.15,137.52,31934431
1492781400,137.24,137.5475,136.71,137.21,29385980
1493040600,139.08,139.34,138.49,138.92,33836931
1493127000,140.24,140.88,140.09,140.27,31569478
1493213400,140.17,141.8166,140.13,140.99,41669249
1493299800,141.34,141.8,140.48,140.95,23004326
1493386200,141.03,141.17,139.04,139.06,31113926
1493645400,139.64,140.29,138.7799,139.86,20925239
1493731800,139.98,140.34,138.69,139.15,17993929
1493818200,138.49,139.1142,137.69,138.29,27050258
1493904600,138.53,138.73,137.11,138.1,25799132
1493991000,138.69,138.99,137.53,138.99,23806535
1494250200,138.66,138.98,137.76,138.41,16680015
1494336600,138.59,138.83,137.78,138.35,23988364
1494423000,138.04,139.48,137.86,139.21,19791524
1494509400,138.67,138.83,136.98,138.24,28617310
1494595800,137.71,137.8875,137.16,137.51,24111218
1494855000,137.98,139.25,137.975,138.58,31132243
1494941400,138.97,139.04,137.62,138.63,18520895
1495027800,136.33,137.04,134.75,134.89,50791166
1495114200,134.57,135.9,134.23,135.38,44805143
1495200600,135.64,136.76,135.4176,136.03,44450513
1495459800,136.26,137.2,136.16,136.95,20062657
1495546200,137.29,137.69,136.35,137.4,16681423
1495632600,137.51,138.03,136.83,137.49,21500658
1495719000,138.14,138.61,137.2,137.58,22804164
1495805400,137.38,137.79,136.78,137.54,20047267
1496151000,137.12,137.44,136.22,136.46,25544111
1496237400,136.84,136.92,134.64,136.32,34345409
1496323800,136.72,139,136.27,138.95,44618558
1496410200,139.45,141.02,139.05,139.85,46680183
1496669400,139.96,140.11,138.95,138.98,20808877
1496755800,138.11,139.66,137.81,138.85,25460884
1496842200,138.86,139.53,138.49,138.98,20542219
1496928600,138.98,141.46,138.74,140.88,33956430
1497015000,141.46,142.9,140.7,141.61,56979378
1497274200,141.66,142.15,140.8901,141.38,34665481
1497360600,141.8,142.31,141.47,142.1,22046771
1497447000,142.03,142.04,140.45,141.26,33021942
1497533400,139.69,140.98,139.69,140.54,27376771
1497619800,140.03,140.215,139.28,140.19,35608427
1497879000,140.56,141.58,140.51,141.23,25163275
1497965400,140.88,140.97,139.7,139.8,20111946
1498051800,140.05,140.8,139.22,139.45,23351393
1498138200,139.37,140.39,139.01,139.98,17917206
1498224600,140.14,141.08,139.55,140.91,20772474
1498483800,141.09,141.53,140.201,141.08,22988281
1498570200,141.1,141.62,139.75,139.84,24610096
1498656600,140.67,142.26,140.4,141.98,25085426
1498743000,142.24,142.35,139.65,141.14,38794877
1498829400,141.25,141.67,140.77,140.92,22798521
1499088600,141.34,142.495,141.3,142.1,12968191
1499261400,141.7,141.85,140.7,141.59,21865451
1499347800,139.93,140.47,138.83,139.14,30992598
1499434200,139.43,140.68,139.18,140.49,20511003
1499693400,139.92,140.89,139.37,139.88,17206023
1499779800,139.78,140.38,138.98,140.29,16192892
1499866200,141.05,142.22,141.01,141.37,19358610
1499952600,141.2,141.56,140.38,141.49,16559268
1500039000,141.1,142.3,141.1,141.73,15465287
1500298200,141.6,142.46,141.26,142.06,15374599
1500384600,141.54,141.87,141.04,141.69,16653259
1500471000,141.88,143.14,141.88,143.1,16985452
1500557400,143.12,143.52,142.8,143.2,17047795
1500643800,143.01,143.33,142.25,142.55,21949464
1500903000,142.31,142.82,141.97,142.75,16694031
1500989400,143.62,144.25,143.21,144.05,21066388
1501075800,144.15,144.15,143.0483,143.25,13574876
1501162200,143.48,143.68,141.55,142.34,24355819
1501248600,142.02,142.36,141.47,141.96,19933344
1501507800,142.22,142.38,140.97,141.51,16417720
1501594200,142.17,142.2,140.965,141.78,19835907
1501680600,141.59,141.82,139.725,140.23,19934286
1501767000,140.44,140.54,139.16,139.53,19624901
1501853400,139.91,140.32,139.49,140.21,16473509
1502112600,140.44,140.85,139.71,140.44,9176166
1502199000,140.41,141.79,139.69,140,27248712
1502285400,139.12,139.39,138.28,138.79,26534308
1502371800,138.28,138.28,136.26,136.27,40983533
1502458200,136.21,136.74,135.77,136.47,32779614
1502717400,137.26,138.59,137.23,138.54,21710931
1502803800,138.8,138.82,137.34,137.4,16645977
1502890200,137.67,138.39,137.21,137.44,21858645
1502976600,136.98,137.69,134.9199,134.93,32722877
1503063000,134.47,135.46,134.12,134.92,42401868
1503322200,134.69,135.02,134.14,134.83,21504100
1503408600,135.26,136.445,135.14,136.29,25170593
1503495000,135.53,136.57,135.207,136.07,18381856
1503581400,136.64,136.93,136.02,136.49,15726649
1503667800,136.88,137.31,136.42,136.88,17162964
1503927000,137.37,137.61,136.77,137.46,16333269
1504013400,136.49,137.81,136.23,137.49,20277565
1504099800,137.36,138.51,137.25,138.37,15915526
1504186200,138.91,139.94,138.67,139.73,29260570
1504272600,139.98,140.63,139.7256,140.52,17412507
1504618200,140.63,140.89,138.58,139.17,21908373
1504704600,139.74,140,139.08,139.46,18399672
1504791000,139.59,139.685,138.59,139.11,18159823
1504877400,138.93,139.77,138.615,139.22,21870454
1505136600,140.39,140.92,140.23,140.68,22617670
1505223000,141.04,141.69,140.82,141.54,22679587
1505309400,141.41,142.22,141.32,141.96,25052476
1505395800,141.78,142.16,141.42,141.83,18353801
1505482200,141.64,142.47,141.55,142.41,23184039
1505741400,142.62,143.8075,142.6,143.38,24427354
1505827800,143.57,143.6886,143.09,143.38,16346316
1505914200,143.53,144.02,143.26,143.84,20244658
1506000600,144.02,144.26,143.48,143.69,17395878
1506087000,143.67,144.67,143.56,144.3,25203026
1506346200,144.27,144.94,143.69,144.5,30012818
1506432600,144.29,145.15,144.18,144.61,28238135
1506519000,145.63,147.86,145.16,147.44,66351679
1506605400,147.25,148.06,146.78,147.83,29291396
1506691800,147.92,148.43,147.74,148.18,21738748
1506951000,148.31,150,148.08,150,29772446
1507037400,150.11,150.33,149.33,150.33,28372757
1507123800,150.09,150.61,149.39,149.85,22024675
1507210200,150.29,150.63,149.87,150.26,22538502
1507296600,149.71,150.34,149.57,150.05,19350771
1507555800,150.19,150.68,149.18,149.43,13981340
1507642200,149.93,150.29,149.41,149.86,21951851
1507728600,149.94,150.19,149.46,149.75,15137112
1507815000,149.46,150.01,149.02,149.64,17185574
1507901400,149.92,149.99,149.23,149.37,15464432
1508160600,149.61,150.35,149.03,149.24,20653103
1508247000,149.27,149.77,148.5,148.81,18046820
1508333400,149.5,149.91,149.08,149.52,20541658
1508419800,148.77,149.33,148.17,149.29,17164885
1508506200,150.31,150.4134,149.86,149.98,25224483
1508765400,150.15,150.15,148.7,148.86,14676363
1508851800,149.39,149.78,149.0401,149.17,17527726
1508938200,148.94,149,147.22,148.45,27235302
1509024600,148.94,149.34,148.51,148.76,15205927
1509111000,148.88,149.91,148.3,149.79,32744061
1509370200,149.27,149.45,147.385,148.21,30524847
1509456600,148.79,149.83,148.635,149.26,22449361
1509543000,150.5,150.53,147.44,148.27,31585535
1509629400,148.24,149.23,147.72,148.71,28176568
1509715800,148.48,148.96,148.06,148.61,22312722
1509978600,148.75,149.38,148.39,148.78,15576775
1510065000,148.8,148.85,146.54,147,29549299
1510151400,146.66,147.45,145.835,147.2,30682450
1510237800,146.27,147.39,145.28,146.68,40223140
1510324200,146.71,147.1,146.345,146.57,17823700
1510583400,145.93,146.825,145.5,146.61,14679965
1510669800,146.06,146.49,145.59,146.21,19682236
1510756200,145.35,146.21,144.5,145.63,23925205
1510842600,146.21,148.4,146.19,147.77,25888988
1510929000,147.25,149.03,147.171,148.45,25816709
1511188200,148.76,149.58,148.33,149.53,22793043
1511274600,150.2,151.29,150.06,151.09,29392343
1511361000,151.28,151.77,150.86,150.89,14136608
1511533800,151.21,151.37,150.77,150.95,6814364
1511793000,151.3,151.62,150.44,150.49,18416900
1511879400,151.02,152.97,150.66,152.86,35898267
1511965800,153.34,154.21,152.95,153.37,38234167
1512052200,154.1,154.55,153.281,153.65,32230663
1512138600,153.67,153.71,148.75,153.02,62734781
1512397800,154.9,155.41,152.3,152.45,36366775
1512484200,152.95,152.96,150.92,150.93,29667221
1512570600,150.82,151.19,149.95,150.22,21273789
1512657000,150.32,151.89,150.02,151.27,29675223
1512743400,151.89,152.28,151.28,151.41,20832438
1513002600,151.68,152.13,151.02,151.35,26654053
1513089000,151.7,151.93,150.82,150.88,25854822
1513175400,150.81,152.71,150.81,151.78,30082614
1513261800,151.85,152.2,149.64,150.1,32882639
1513348200,151.05,153.2525,150.58,152.24,42851606
1513607400,153.67,154.72,153.46,154.3,22714348
1513693800,154.75,154.77,152.82,153.08,24313555
1513780200,153.75,153.935,152.84,153.38,19042817
1513866600,153.24,154.0199,153.08,153.47,16772605
1513953000,153.38,153.39,152.8,153.19,13599369
1514298600,153,153.43,152.9,153.28,11949550
1514385000,153.21,153.95,152.81,153.13,15949851
1514471400,153.24,153.75,153.015,153.73,10167342
1514557800,154.15,154.15,152.39,152.46,21006483
1514903400,153.2,153.97,152.46,153.9,20489647
1514989800,153.87,154.46,153.5199,154.06,21836626
1515076200,154.97,155.15,154.02,154.47,14072053
1515162600,154.88,154.98,153.94,154.79,19983854
1515421800,154.73,155.27,153.5,155.03,18457323
1515508200,155.24,155.5,154.73,154.82,16571253
1515594600,154.47,155.17,153.92,154.84,18516753
1515681000,155.07,157.66,154.98,157.5,26522383
1515767400,157.68,158.8599,157.47,158.16,24089801
1516113000,158.86,159.41,155.8,156.14,27704736
1516199400,156.8,157.935,156.28,157.62,18571607
1516285800,157.22,157.5,156.39,156.54,17903632
1516372200,156.73,158.69,156.55,158.6,31040932
1516631400,158.4,159.45,158.31,159.45,12702360
1516717800,159.24,160.3,158.67,159.96,16904622
1516804200,160.36,160.625,158.4,158.97,20340878
1516890600,159.64,159.915,158.21,159.03,20290883
1516977000,159.53,159.685,158.77,159.6,16120307
1517236200,159.06,159.86,158.62,158.7,18293263
1517322600,157.66,158.22,156.73,157.18,24533792
1517409000,157.74,158.42,155.9199,156.36,26181042
1517495400,155.73,157.21,155.53,156.85,21412980
1517581800,156.13,156.15,153.51,153.83,33314082
1517841000,152.67,153.79,147.86,147.92,52622248
1517927400,145.53,150.37,144.24,149.69,69232423
1518013800,149.61,150.79,148.61,149.84,37100959
1518100200,149.99,150,145.44,145.44,44704507
1518186600,146.76,147.94,142.5,146.77,53315264
1518445800,146.92,148.92,145.48,148.16,36213869
1518532200,147.38,148.79,146.9,148.48,25021222
1518618600,147.63,151.52,147.18,151.15,36286949
1518705000,152.22,152.87,150.56,152.8,23773557
1518791400,152.61,154.29,152.54,153.34,27973884
1519137000,152.55,153.77,151.67,152.08,24046205
1519223400,152.42,154.81,152.01,152.24,26735476
1519309800,152.805,154.025,151.91,152,16340031
1519396200,152.98,154.02,152.15,153.98,18065157
1519655400,154.53,155.26,153.47,154.99,15267664
1519741800,155.18,155.88,152.75,152.76,18125486
1519828200,153.14,153.6,150.31,150.35,29951777
1519914600,150.05,151.57,148.38,149.95,38943221
1520001000,148.71,152.75,148.4,152.35,31921692
1520260200,151.82,154.2601,151.47,153.71,19603692
1520346600,154.43,155.39,152.8,155.37,17303960
1520433000,154.46,156.93,154.22,156.74,22684579
1520519400,156.9,157.47,155.5,156.42,23391297
1520605800,157.31,159,156.87,158.92,24927153
1520861400,159.25,159.65,158.49,159.2,15310119
1520947800,160,160.3,158.14,158.46,17757217
1521034200,159.22,159.3899,157.41,157.71,18097545
1521120600,158.1,158.14,156.37,156.92,14172090
1521207000,156.98,158.27,156.75,157.8,36000320
1521466200,157.17,157.2099,154.45,156.28,25663049
1521552600,156.67,157.02,155.77,156.24,11418519
1521639000,156.32,158.26,156.2,157.15,22213473
1521725400,155.655,156.62,153.31,153.35,29774835
1521811800,153.56,154.13,150,150.05,35744100
1522071000,152.09,153.38,150.43,153.33,28442432
1522157400,153.66,153.7,149.71,150.36,32820649
1522243800,150.74,151.35,149.39,150.31,26510850
1522330200,151.08,153.1,150.75,151.83,24209149
1522675800,151.52,152.07,147.18,148.13,35040722
1522762200,149.02,150.6,148.3,150.25,29857789
1522848600,148.5,152.58,148.27,152.16,29619678
1522935000,153.04,153.6099,152.32,153.42,17301630
1523021400,152.37,153.4,149.15,150.36,25762675
1523280600,151.4,152.6,150.42,150.54,18997049
1523367000,152.14,153.95,151.67,153.38,24728903
1523453400,152.78,154.31,152.63,153.71,14884595
1523539800,154.43,155.41,153.93,154.76,14413182
1523626200,155.29,155.3292,153.511,153.95,19813591
1523885400,154.84,155.82,154.11,155.37,18846929
1523971800,156.21,157.49,155.96,157.06,18624191
1524058200,157.52,158.38,157.16,157.48,16974157
1524144600,157.14,157.54,155.88,156.39,16184535
1524231000,156.05,156.72,155.15,155.55,21480629
1524490200,155.78,156.29,154.57,155.32,13268151
1524576600,155.9,156.63,153.19,154.43,24859690
1524663000,154.36,154.8,152.96,154.2,21981372
1524749400,154.42,155.41,153.94,154.91,14862876
1524835800,154.88,155.37,153.78,154.69,17734290
1525095000,155.02,155.65,153.29,153.32,15624584
1525181400,153.01,154.29,151.71,154.07,24977510
1525267800,153.78,155.78,153.68,154.65,16786819
1525354200,154.11,154.5,152.16,153.81,20985937
1525440600,153.26,156.5,152.8,155.73,17927916
1525699800,156.19,157.86,156.1,157.05,16303479
1525786200,156.92,157.83,156.75,157.83,17281248
1525872600,158.01,159.1,157.38,158.68,15758472
1525959000,158.9,160.17,158.75,159.53,15828661
1526045400,159.55,160.13,159.04,159.84,14413632
1526304600,160.02,160.69,159.05,159.23,15028536
1526391000,158.71,159.5899,158.17,159.26,17544917
1526477400,159.49,161.32,159.47,160.92,21004449
1526563800,161,162,160.75,161.66,18639701
1526650200,161.95,162.3178,161.55,161.87,17579847
1526909400,162.37,163.24,162.36,162.94,15667339
1526995800,163.26,163.33,161.63,161.76,13212023
1527082200,161.33,162.28,161.13,161.97,14235681
1527168600,161.92,162.35,160.62,162.03,12785045
1527255000,161.75,162.16,161.47,161.74,11150236
1527600600,160.88,162.23,160.11,161.52,20986902
1527687000,162.36,164.39,162.36,164.08,25169013
1527773400,164.08,164.38,162.34,162.77,28573727
1527859800,163.83,164.38,163.28,163.84,21108153
1528119000,164.32,164.71,163.32,164.71,14836035
1528205400,164.55,165.77,164.34,165.73,13283590
1528291800,165.71,166.93,165.58,166.93,16661337
1528378200,167.11,167.23,165.23,166.02,17571873
1528464600,166.06,166.61,165.76,166.52,17569845
1528723800,166.64,167.1125,166.29,166.77,15922997
1528810200,166.92,167.94,166.73,167.53,16166725
1528896600,167.77,167.87,166.62,166.87,19853695
1528983000,167.49,167.8399,166.61,167.76,19248134
1529069400,167.24,167.87,166.53,167.81,24922582
1529328600,166.97,168.61,166.73,168.6,18616479
1529415000,167.55,168.77,166.54,168.61,24605878
1529501400,169.45,170.2,168.9515,169.97,19216897
1529587800,169.98,170.08,167.77,168.38,26946202
1529674200,169.01,169.2,167.31,167.82,34140419
1529933400,167.24,167.37,164.14,165.08,37005119
1530019800,165.23,166.66,164.85,166.04,20481682
1530106200,166.21,166.51,163.31,163.38,27511763
1530192600,163.23,164.22,162.26,163.88,26759106
1530279000,164.31,165.05,163.61,163.77,24146597
1530538200,162.76,164.96,162.48,164.9,24283647
1530624600,164.75,165.701,164.7,164.96,13561340
1530797400,165.86,166.87,164.83,166.84,18640546
1530883800,166.97,168.44,166.52,168.25,19606588
1531143000,169.01,169.33,168.385,169.31,16565172
1531229400,169.58,169.87,167.57,168.54,18790701
1531315800,167.62,168.61,167.045,167.11,23912637
1531402200,168.07,168.25,166.64,167.92,19617573
1531488600,167.85,168.73,167.42,167.42,15409852
1531747800,167.76,168.03,165.96,166.77,15946913
1531834200,166.75,168,166.59,167.51,15134723
1531920600,167.36,168.06,166.57,167.98,13780017
1532007000,167.77,169.25,167.26,169.17,18401301
1532093400,168.8,169.31,168.35,168.48,17570893
1532352600,168.3,169.15,167.81,168.69,12335035
1532439000,169.45,169.755,166.22,166.89,25831306
1532525400,166.94,167.5,166.14,167.5,18418151
1532611800,167.66,169.365,167.51,168.4,20944208
1532698200,168.5,168.72,164.79,165.26,28782611
1532957400,165.25,166.02,164.07,164.2,20093717
1533043800,164.53,166.62,164.39,165.87,23601020
1533130200,165.7,166.24,164.495,165.76,17942577
1533216600,164.96,167.21,164.94,166.97,18292169
1533303000,167.15,167.6799,165.61,166.39,21735100
1533562200,166.27,167.51,165.9,167.32,16288797
1533648600,167.89,168.4933,167.6,167.72,15045699
1533735000,167.72,167.985,166.49,167.57,14792590
1533821400,167.65,168.71,167.55,168,10537762
1533907800,167.05,168.665,166.96,167.53,20521940
1534167000,167.74,168.05,165.88,166.55,20518282
1534253400,166.91,168.6,166.89,168.2,17683090
1534339800,167.7,167.82,165.15,166.09,27477238
1534426200,166.86,168.17,166.69,167.63,15484737
1534512600,167.47,168.47,166.93,168.35,15106680
1534771800,168.81,169.18,167.83,168.82,12547301
1534858200,169.14,171.36,169.12,170.76,20661194
1534944600,170.59,171.49,170.42,171.18,14329156
1535031000,171.09,171.52,170.175,170.66,12945761
1535117400,171.15,171.78,171.02,171.59,11894458
1535376600,172.11,172.94,171.62,171.84,15880417
1535463000,172.16,172.48,171.1,172,13170323
1535549400,172.02,172.77,171.455,172.5,13157918
1535635800,172.17,173.23,171.82,172.36,14199577
1535722200,171.96,173.39,171.95,173.02,12240491
1536067800,172.79,173.12,171.12,172.25,17923503
1536154200,172.18,172.23,170.36,171.79,15166068
1536240600,172.17,172.48,170.42,170.63,16647720
1536327000,170.21,171.445,169.6585,170.54,17247965
1536586200,171.25,171.68,170.39,170.75,11067142
1536672600,170.6,171.6,170,171.03,14078385
1536759000,170.79,171.09,169.33,170.62,21572349
1536845400,171.28,171.54,170.26,170.66,14570480
1536931800,170.77,171.93,170.4,171.38,15734941
1537191000,171.42,171.54,169.35,169.56,20023209
1537277400,169.8,170.71,169.63,170.27,13018237
1537363800,170.28,171.07,169.07,169.65,17593518
1537450200,170.37,171.3,169.81,171.22,16918661
1537536600,171.75,171.82,170.22,170.4,32565335
1537795800,170.26,170.5,168.76,169.77,15786693
1537882200,170.05,170.52,169.85,170.03,13758483
1537968600,169.93,170.03,167.78,168.03,17787202
1538055000,168.37,168.7,167.76,168.04,14471938
1538141400,167.45,169,167.45,168.55,22740288
1538400600,169.29,169.32,165.77,166.33,27897458
1538487000,166.18,166.53,164.18,164.53,28440336
1538573400,165.18,166.73,164.51,165.97,26027249
1538659800,165.44,165.65,163.13,163.64,29463003
1538746200,163.75,164.16,160.66,162.16,31240134
1539005400,161.77,162.4,160.55,161.82,21330667
1539091800,161.62,162.74,160.98,161.19,20620373
1539178200,160.82,160.9865,156.36,156.56,46926177
1539264600,155.81,157.315,153.51,153.57,68877446
1539351000,155.557,155.76,151.885,153.6,53492577
1539610200,153.36,155.29,152.54,154.17,32747562
1539696600,155.28,158.86,154.04,158.64,35569062
1539783000,158.1807,158.2199,155.885,157.96,24140149
1539869400,157.41,157.63,154.3735,155,31042710
1539955800,155.47,156.36,152.74,153.36,34214194
1540215000,153.92,154.45,152.52,153.03,28218316
1540301400,150.93,152.89,148.92,151.66,37228114
1540387800,151.43,151.98,145.82,145.95,40412447
1540474200,146.73,149.82,146.41,149.11,32311281
1540560600,147.54,149.42,144.7,147.48,36986059
1540819800,149.13,150.63,145.07,146.67,33031269
1540906200,146.85,149.89,146.56,149.73,29017208
1540992600,151.26,151.86,150.03,150.03,36785372
1541079000,150.89,153.7725,150.81,153.49,28496352
1541165400,154.0593,154.89,152.4365,154,26671569
1541428200,154.04,154.66,152.35,153.88,16940941
1541514600,153.65,155.11,153.52,154.64,15572913
1541601000,155.36,157.41,154.8,157.41,22127752
1541687400,156.61,157.9,156.34,156.99,14987739
1541773800,156,156.03,152.9501,154.08,20654377
1542033000,154.02,154.17,150.84,151.03,21886776
1542119400,151.6,153.09,150.29,150.55,18468484
1542205800,151.82,152.5,148.48,149.45,24549050
1542292200,148.49,151.8,148.13,151.58,24481980
1542378600,150.61,152.29,150.06,151.94,29323504
1542637800,151.68,152.03,148.37,148.86,21540887
1542724200,147.25,148.43,145.59,145.99,25906981
1542810600,146.78,149.37,146.53,148.03,17902261
1542983400,146.82,149.3,146.81,147.89,11134825
1543242600,149.32,150.4001,148.74,149.81,15346405
1543329000,149.18,149.73,148.29,148.57,14471032
1543415400,149.2,152.37,147.7,152.24,26125946
1543501800,151.61,152.74,150.44,151.83,15134471
1543588200,151.46,152.86,151.08,152.62,20304680
1543847400,154.39,154.48,152.02,154.08,23353435
1543933800,153.75,154.13,147.14,147.52,41077908
1544106600,145.45,147.2,143.43,147.2,37581207
1544193000,147.14,148.26,143.27,144.02,28525063
1544452200,144.27,144.72,141.45,143.6,30776558
1544538600,145.68,146.19,142.39,143.45,29229335
1544625000,144.88,146.76,144.76,144.82,27894826
1544711400,145.24,145.69,142.54,142.77,23205437
1544797800,141.73,143.23,140.095,140.61,24037238
1545057000,139.67,140.8801,136.16,137.02,36468455
1545143400,138.26,139.18,136.29,136.85,42277225
1545229800,136.8,138.68,133.25,134,47676620
1545316200,133.63,134.41,130.23,131.79,57908060
1545402600,132.38,132.95,127.98,128.37,59404809
1545661800,127.73,128.47,125.84,125.88,28575715
1545834600,126.28,132.1,125.81,131.93,40182691
1545921000,130.27,132.48,127.8701,132.48,39527882
1546007400,132.48,135.01,131.54,132.86,35994373
1546266600,133.72,134.05,131.8,133.9,29173374
1546439400,132.17,135.17,131.54,134.66,27295132
1546525800,133.91,134.64,131.65,132.25,29294638
1546612200,133.92,137.6,133.71,137.19,35355270
1546871400,137.26,140.37,136.74,139.59,30477884
1546957800,140.8,141.79,139.39,141.73,27320946
1547044200,142.22,143.39,141.62,142.9,25764592
1547130600,142.06,143.72,141.35,143.64,22896774
1547217000,143.01,143.99,142.6775,143.68,22428368
1547476200,142.82,143.44,142.09,142.25,29184961
1547562600,142.65,143.6481,142.0901,143.45,25678933
1547649000,143.68,145.2501,143.6717,144.52,20827343
1547735400,143.99,146.33,143.97,145.83,19273422
1547821800,146.6,147.92,146,147.33,28306742
1548167400,146.46,146.76,144.05,145,27741105
1548253800,145.32,146.18,143.46,144.6,20621253
1548340200,144.43,145.76,144.33,145.47,16976334
1548426600,146.62,147.64,146.43,147.34,22266882
1548685800,145.96,146.91,145.37,146.55,22784746
1548772200,146.71,146.82,145.88,146.2,12084754
1548858600,146.98,148.34,145.68,147.8,25516861
1548945000,147.61,149.3,147.53,149.06,27252906
1549031400,149.35,149.68,148.58,149.18,17057872
1549290600,149.41,150.97,148.875,150.96,21301684
1549377000,151.01,151.6,150.24,151.12,18295914
1549463400,151.04,151.37,150.1,150.93,13720569
1549549800,149.92,150.7028,148.39,149.69,22850753
1549636200,149.06,149.9,148.5,149.85,13462999
1549895400,150.29,151.15,149.63,151.1,16374788
1549981800,151.92,153.19,151.8815,152.99,20779904
1550068200,153.42,153.76,152.7,153.42,15534481
1550154600,152.58,154.37,152.4,153.77,18250979
1550241000,154.78,156.24,154.27,156.22,27240206
1550586600,155.55,157.1,155.55,156.65,15856928
1550673000,156.66,157.58,156.53,157.39,18317389
1550759400,157.13,157.37,156.06,156.79,17497048
1550845800,157.27,158.27,157.1,158.15,20411817
1551105000,159.08,159.5,158.09,158.19,17957117
1551191400,158.01,158.19,156.89,157.1,21497347
1551277800,156.49,157.44,156.12,157.32,18194872
1551364200,157.09,157.48,156.37,156.78,18155251
1551450600,157.95,158.34,156.7501,158.24,19247143
1551709800,158.54,158.775,155.59,156.81,23301820
1551796200,156.94,156.95,155.96,156.08,16798163
1551882600,156.02,156.08,152.88,153.02,29604624
1551969000,153.02,153.14,151.37,151.68,26822483
1552055400,150.84,151.76,150.61,151.64,20565517
1552311000,152.11,154.31,151.9,154.29,20854536
1552397400,154.4,154.98,153.8,154.37,18966779
1552483800,154.92,155.73,154.75,154.98,24109137
1552570200,154.9,155.02,154.2,154.35,14217484
1552656600,154.53,155.87,154.33,154.76,22025850
1552915800,155.06,156.45,154.48,155.75,24510167
1553002200,156.48,156.53,154.57,154.96,18633096
1553088600,154.54,155.42,152.41,153.26,29463214
1553175000,152.73,156.06,152.73,155.27,31844984
1553261400,154.2,154.545,149.57,149.62,40663039
1553520600,149.48,151.32,148.405,150.28,26454650
1553607000,151.47,152.82,150.79,151.86,21308588
1553693400,151.71,152.21,149.48,151.27,23477054
1553779800,151.79,152.93,150.93,152.62,19473276
1553866200,153.68,153.97,152.1,153.09,28298935
1554125400,154.29,154.92,153.72,154.76,20075224
1554211800,154.87,154.88,153.5072,154.36,18253472
1554298200,155.74,156.15,154.73,155.16,19554701
1554384600,155.28,156.01,154.84,155.92,15909543
1554471000,156.3,157.47,156.19,157.38,21378988
1554730200,156.85,157.5,156.07,157.12,14202430
1554816600,156.46,156.7,154.91,155.2,18534152
1554903000,155.48,157.36,155.33,157.31,18938830
1554989400,157.52,157.68,156.81,157.11,12218698
1555075800,158.13,158.16,157.11,157.68,14120287
1555335000,157.95,158.1,156.5,157.17,10964045
1555421400,157.71,157.8999,156.98,157.54,16782942
1555507800,158.09,158.11,155.2,156.1,17108477
1555594200,156.11,156.28,154.66,155.64,23276340
1555939800,155.31,155.81,154.52,155.23,15596772
1556026200,155.37,158.05,155.36,157.57,23396092
1556112600,157.62,158.69,157.37,158.06,18053139
1556199000,157.33,157.4725,155.47,156.75,19365357
1556285400,156.96,158.49,156.395,158.27,16999448
1556544600,158.62,159.61,158.49,159.03,13698861
1556631000,159.15,159.19,156.96,158.29,24127485
1556717400,158.67,158.7329,156.71,156.79,17734287
1556803800,156.64,158.15,155.6764,157.52,22715745
1556890200,158.31,160.64,158.19,160.53,20178822
1557149400,158.18,161.11,158.01,160.71,21262070
1557235800,159.31,159.87,156.25,157.53,25434464
1557322200,157.26,158.09,156.65,156.76,16113734
1557408600,155.52,156.65,153.74,156.19,25259925
1557495000,155.59,156.83,153.67,156.62,26544657
1557754200,153.69,154.02,151.16,151.63,26936494
1557840600,151.96,154.17,151.7,153.54,15519159
1557927000,152.4,154.41,152.0699,154.04,18410553
1558013400,154.51,156.175,154.44,155,13772117
1558099800,153.82,155.27,152.66,152.84,21534435
1558359000,151.93,152.82,151.41,151.78,18689812
1558445400,152.63,154.04,152.58,153.82,11659095
1558531800,153.22,153.59,152,152.53,13922642
1558618200,151.06,151.06,148.58,149.39,26379401
1558704600,150.38,151.09,149.79,150.79,16093125
1559050200,151.01,151.65,149.58,149.59,14042225
1559136600,148.84,148.93,147.36,148.34,22622297
1559223000,148.75,149.58,147.04,147.93,17739134
1559309400,146.19,146.84,145.32,145.86,25411311
1559568600,146.13,147.205,145.33,146.37,26554491
1559655000,147.92,150.29,146.4238,150.16,21217585
1559741400,150.76,150.885,148.61,150.19,18184095
1559827800,150.12,150.52,148.31,149.8,20772463
1559914200,150.35,151.51,150.02,150.86,17107474
1560173400,151.45,153.14,151.45,151.75,18912302
1560259800,152.87,153.23,150.58,151.3,15373037
1560346200,151.18,151.78,150.62,151.47,11957587
1560432600,152.31,153.18,151.87,153.07,14839357
1560519000,152.88,152.94,151.72,151.73,16154767
1560778200,151.87,152.895,151.67,152.24,12509313
1560864600,153.27,155.15,152.258,154.01,22100754
1560951000,154.19,154.7025,153.4,154.56,15625008
1561037400,156.05,156.22,154.44,155.29,17595703
1561123800,155.13,155.17,153.61,153.95,19857126
1561383000,154.36,154.41,152,152.08,24002606
1561469400,152.31,152.5,151,151.15,17462151
1561555800,151.7,152.22,150.76,150.8,15726887
1561642200,151.24,153.77,151.24,153.63,22278430
1561728600,153.95,156.02,153.94,155.5,35089883
1561987800,157.54,158.03,155.22,156.1,23151311
1562074200,156.02,156.1175,154.26,155.15,19024616
1562160600,155.6,156.34,155.17,156.26,9115116
1562333400,155.49,156.74,154.86,156.68,14156687
1562592600,156.21,156.48,154.89,155.19,9735719
1562679000,154.54,155.43,154.48,155.4,12381583
1562765400,156.2,156.56,154.85,155.67,17325420
1562851800,155.89,155.94,154.215,154.91,14260840
1562938200,155.14,156.67,154.88,156.11,16678026
1563197400,156.56,156.59,154.85,155.29,12194256
1563283800,155.13,156.2,154.67,155.24,15152686
1563370200,155.24,155.34,153.73,154.13,14155079
1563456600,154.08,155.01,153.73,154.71,15746865
1563543000,154.94,155.43,153.82,153.82,17182646
1563802200,154.24,154.7,153.4,153.68,14481912
1563888600,154.28,154.72,153.54,154.7,15493249
1563975000,154.29,157.45,154.12,157.26,23823122
1564061400,157.18,157.24,155.09,155.36,17902531
1564147800,155.58,157.415,155.5,157.2,14260262
1564407000,157.19,157.36,155.6,156.15,13192152
1564493400,155.06,157.84,154.71,157.84,20743141
1564579800,157.78,159.23,155.55,156.56,40445872
1564666200,156.88,158.17,153.59,154.29,38070177
1564752600,153.35,153.75,151.28,152.58,30148305
1565011800,149.78,149.915,146.2072,148,39221517
1565098200,148.9,149.7,147.38,149.36,24283346
1565184600,147.92,149.71,146.69,149.32,23952105
1565271000,150.15,152.63,149.99,152.54,19415553
1565357400,152.09,152.15,150.03,150.62,19313212
1565616600,149.81,150.12,148.33,148.67,15767098
1565703000,148.34,151.79,147.67,150.27,21952977
1565789400,147.95,147.98,145.72,146.07,28235762
1565875800,146.62,146.67,144.791,145.49,24281975
1565962200,146.14,148.91,146.11,148.63,23945306
1566221400,150.32,150.89,149.95,150.13,17031814
1566307800,149.92,150.01,148.99,149.15,13326668
1566394200,150.62,150.65,149.79,150.38,13794625
1566480600,150.67,151.08,149.14,150.03,12982210
1566567000,149.22,150.11,144.93,145.43,36977684
1566826200,146.8,147.05,145.71,147.03,19188188
1566912600,147.96,148.02,144.68,144.85,24565206
1566999000,144.56,147.385,144.25,146.54,20134648
1567085400,148.15,149.29,147.96,149.11,18795178
1567171800,149.89,149.97,148.04,148.84,18729081
1567517400,147.45,148.315,146,146.66,20704417
1567603800,148.01,148.36,147.175,147.84,13121041
1567690200,149.85,151.91,149.37,150.59,25681627
1567776600,150.7,151.23,149.83,149.9,14645857
1568035800,150.57,152.24,150.06,151.91,25780078
1568122200,151.68,153.95,150.89,153.85,29576175
1568208600,154.52,157.16,153.555,157,42970546
1568295000,157.18,157.9,155.57,157.04,38648321
1568381400,157.85,158.92,157.13,157.31,31042751
1568640600,156.97,158.75,156.7,157.9,23242562
1568727000,157.36,157.575,156.45,157.49,23025019
1568813400,157.48,157.5,155.065,156.52,19845744
1568899800,156.8,157.82,155.525,155.76,21945289
1568986200,155.64,156.65,154.45,155.43,23570007
1569245400,154.86,155.95,154.56,155.31,15461691
1569331800,155.15,155.29,151.84,152.43,28353080
1569418200,152.28,154.36,151.8,154.1,22137081
1569504600,153.92,153.92,151.95,152.38,21122200
1569591000,152.82,153.22,150.5,151.16,20183249
1569850200,151.37,152.26,150.79,151.34,18105216
1569936600,152.11,153.35,148.05,148.37,34572321
1570023000,147.63,147.63,145.86,147.25,25066269
1570109400,146.69,147.94,144.93,147.74,26257819
1570195800,147.99,149.25,147.12,149.14,18821815
1570455000,148.78,150.07,148.12,148.88,16064734
1570541400,147.42,147.93,146.11,146.46,18411888
1570627800,147.54,147.6874,146.64,147.13,11050857
1570714200,147.34,148.5,147.1,147.72,16519948
1570800600,149.79,151.96,147.6865,150.22,29572307
1571059800,149.91,150.3257,149.1,149.67,10965122
1571146200,150.17,152.13,149.79,151.39,18016649
1571232600,151.21,152.27,151.14,151.55,13177575
1571319000,152.29,153.51,152.05,153.34,13459924
1571405400,152.93,153.5,151.45,152.61,14490904
1571664600,154.17,154.98,153.905,154.04,17467259
1571751000,154.2,155.05,153.74,154.21,12669592
1571837400,154.34,154.75,153.55,154.4,8769357
1571923800,154.95,155.06,153.47,154.18,8687064
1572010200,153.91,155.53,153.9,155,10531482
1572269400,155.66,156.98,155.0061,156.34,15392374
1572355800,156.01,157.34,155.86,156.85,11978307
1572442200,156.79,156.81,155.28,156.33,14451505
1572528600,156.1,156.1,154.24,155.45,17344204
1572615000,156.4,158.185,156.05,158.1,18421556
1572877800,159.4,159.7,158.47,158.95,16182047
1572964200,159.4,160.46,158.97,159.15,13760242
1573050600,158.99,158.99,157.81,158.23,16025460
1573137000,159.74,160.17,158.17,158.65,13448926
1573223400,158.28,159.27,157.95,159.08,11985671
1573482600,158.03,158.9,157.88,158.78,10525673
1573569000,158.93,159.88,158.485,158.83,14316891
1573655400,157.74,158.5,157.19,158.15,14697826
1573741800,157.93,158.91,157.7938,158.1,13134824
1573828200,159.23,159.29,158.35,158.92,13121681
1574087400,158.72,158.74,157.94,158.52,10780160
1574173800,159.11,159.7,158.31,159.11,15212218
1574260200,158.55,159.595,157.26,158.51,21332219
1574346600,158.82,158.89,157.23,157.73,15391852
1574433000,158.31,158.54,157.35,158.22,13482393
1574692200,159.03,161.83,158.89,161.58,24776400
1574778600,161.75,162.54,161.29,161.69,15516610
1574865000,162.38,162.93,162.08,162.83,13222952
1575037800,162.41,162.795,161.67,161.77,9988199
1575297000,162.15,162.21,159.91,160.19,17242018
1575383400,158.82,160.1183,158.1,159.68,14993054
1575469800,160.5,161.22,160.3,160.78,10842080
1575556200,161.47,161.65,160.45,160.94,11488959
1575642600,162.59,163.41,162.5,162.82,16486577
1575901800,162.75,163.155,162.39,162.51,13871128
1575988200,162.41,162.96,161.94,162.61,13878177
1576074600,162.88,163.08,161.95,162.56,19631237
1576161000,162.75,165.1,162.25,163.96,24875102
1576247400,163.73,164.81,162.55,163.33,23339258
1576506600,164.06,164.845,163.735,163.88,20125175
1576593000,164.14,164.7,163.695,164.7,12990059
1576679400,165.06,165.28,164.32,165.02,15459710
1576765800,165.28,165.73,164.88,165.73,11931267
1576852200,166.15,166.41,165.72,165.97,25456092
1577111400,166.24,166.36,165.36,166.3,13378604
1577197800,166.45,166.7,166.04,166.68,4334517
1577370600,166.83,166.98,166.36,166.68,9388339
1577457000,167.12,167.12,165.43,165.86,12264813
1577716200,165.98,166.205,164.57,165.44,14947611
1577802600,165.08,166.35,164.71,165.67,17368500
1577975400,166.74,166.75,164.2299,165.78,18298020
1578061800,163.74,165.41,163.7,165.13,19309352
1578321000,163.85,165.54,163.54,165.35,17180137
1578407400,164.85,165.335,164.21,164.8,11951253
1578493800,164.82,166.025,164.72,165.31,13836961
1578580200,166.12,166.45,165.26,165.51,11912371
1578666600,165.55,165.69,164.2,164.89,15364093
1578925800,164.94,166.04,164.07,165.96,17284919
1579012200,165.14,167.59,164.98,166.57,18347624
1579098600,166.15,167.95,166.14,167.37,15437158
1579185000,168.59,169.865,168.43,169.53,19976236
1579271400,170.28,170.5586,168.67,169.07,18306378
1579617000,168.36,168.9905,167.27,167.67,17935111
1579703400,168.19,168.62,167.18,167.56,14916349
1579789800,167.1,167.965,165.45,167.45,15954270
1579876200,168.01,168.01,164.23,165.39,20491383
1580135400,162.85,164.49,162.42,163.51,18539046
1580221800,164.5,165.4,163.4901,164.87,16690367
1580308200,165.1,165.56,163.9,163.93,14968785
1580394600,162.84,164.135,161.93,163.93,21889663
1580481000,163.32,163.9195,160.03,160.53,30439036
1580740200,161.6,162.93,161.49,162.32,17403639
1580826600,164.31,165.31,164.16,164.77,15994178
1580913000,166.48,167.53,165.685,167.31,17807017
1580999400,167.89,168.15,166.76,166.93,14768884
1581085800,166.29,166.36,164.4,164.88,18029615
1581345000,164.56,165.89,164.46,165.81,11428805
1581431400,166.79,167.96,166.2679,166.96,15005571
1581517800,168.02,168.29,167.28,168.11,12122957
1581604200,167.22,168.95,167.11,168.55,12649272
1581690600,168.7,168.78,167.34,167.9,16006202
1582036200,167.5,168.06,166.43,167.54,13422380
1582122600,168.17,169.14,167.5344,168.4,11084637
1582209000,167.9,169.105,166.59,168.81,20383833
1582295400,168.15,168.628,166.3295,167.1,18730732
1582554600,161.86,162.91,161.095,162.07,28239504
1582641000,162.52,162.76,155.96,156.31,45046965
1582727400,157.05,158.49,154.215,154.5,39589899
1582813800,151.35,155.01,148.815,149.06,50530279
1582900200,144.85,149.1325,143.91,146.33,72757680
1583159400,147.97,151.23,145.39,151.03,33569321
1583245800,151.09,154.2,146.31,147.95,42941276
1583332200,150.28,152.45,148.52,152.16,36195813
1583418600,148.84,152.4823,145.485,147.32,32729431
1583505000,142.71,145.98,140.99,144.4,39688307
1583760600,134.13,136.17,130.26,130.36,56319957
1583847000,134.71,134.8,128.02,134.43,54432656
1583933400,130.92,132.27,124.17,125.88,51521245
1584019800,116.77,119.9,111.6,111.97,70114293
1584106200,118.31,119.96,109.55,119.47,57915123
1584365400,108.62,111.3,101.43,103.62,59095694
1584451800,104.96,110.5,100.61,108.37,59344831
1584538200,103.05,106.775,96.25,99.97,62296685
1584624600,99.66,106.8,95.69,103.87,62654661
1584711000,106.12,108.76,100.45,101.4,76203733
1584970200,101.9,102.18,95.91,99.9,63534702
1585056600,105.37,109.33,99.9337,109.04,73386687
1585143000,109.48,114,106.02,109.97,56043666
1585229400,111.54,117.6,111.2,116.81,51657562
1585315800,112.25,116.02,110.87,112.56,39931488
1585575000,113.24,115.26,110.8,115.04,41552124
1585661400,114.6,116.17,111.955,114.46,52948046
1585747800,108.7,110.38,105.525,106.66,54224225
1585834200,105.72,110.39,104.565,107.67,43774153
1585920600,106.59,108,102.6,104.62,42189243
1586179800,109.09,113.34,109.02,112.63,48708106
1586266200,116.88,118.64,112.39,112.92,57546079
1586352600,114.88,119.24,113.2856,118.07,52822250
1586439000,121.92,124.61,121.325,123.72,69679032
1586784600,122.85,123.51,119.115,120.37,40198162
1586871000,123.9,124.88,121.3,122.81,35089744
1586957400,117.86,119.11,116.66,117.8,34809851
1587043800,118.09,118.42,114.555,116.91,49501272
1587130200,121.9,122.72,120.06,122.06,46250183
1587389400,119.59,122.9,119.04,120.62,36700541
1587475800,117.42,119.24,116.48,117.74,31608900
1587562200,120.32,120.99,118.77,119.17,24407189
1587648600,120.11,122.9,119.68,120.34,38571211
1587735000,121.53,123.32,120.09,122.41,27155771
1587994200,123.95,128.44,123.86,127.26,39021253
1588080600,131.12,131.46,127.28,129.11,47292710
1588167000,133.49,136.845,131.875,135.46,50390529
1588253400,131.9,132.94,130.14,130.31,43727524
1588339800,127.15,127.46,123.29,125.14,43352036
1588599000,123.6,125.9,122.25,125.68,28498224
1588685400,128.07,129.92,126.1,126.65,31209384
1588771800,127.49,128.2,125,125.72,29836758
1588858200,127.39,128.5,126.55,127.44,27492978
1588944600,130.16,132.75,129.19,132.36,32162026
1589203800,130.41,132.95,129.332,131.7,33983188
1589290200,132.26,132.29,126.84,126.97,44275308
1589376600,125.65,126.08,120.41,122.72,58719331
1589463000,119.97,123.27,117.18,123.12,55904273
1589549400,122.01,125.53,121.46,125.08,40236628
1589808600,131.45,133.39,130.83,132.68,47075369
1589895000,132.22,133.45,130.055,130.06,30269953
1589981400,132.73,134.98,132.3826,134,35901345
1590067800,134.05,135.06,132.5787,134.24,32731490
1590154200,134.67,135.05,133.02,134.89,24035237
1590499800,140.09,140.375,134.9893,138.78,36971004
1590586200,141.57,143.5,137.33,143.09,42681965
1590672600,144.74,144.74,137.58,139.7,42164072
1590759000,138.3,139.28,136.41,138.9,41628788
1591018200,139.26,141.67,138.61,140.23,25664212
1591104600,141.07,141.855,139.56,141.39,24666237
1591191000,143.67,146.07,143.11,144.8,36111708
1591277400,143.84,145.6,143.182,144.59,28904716
1591363800,150.86,152.315,149.55,150.18,53513382
1591623000,152.35,153.39,151.63,153.09,33834297
1591709400,150.86,151.77,149.06,150.26,39645961
1591795800,150.09,150.26,145.9,146.18,51774514
1591882200,140.15,141.0323,134.77,135.03,72041452
1591968600,140.33,141.02,134.15,138.27,63864888
1592227800,133.28,142.06,133.28,140.99,57354791
1592314200,146.69,146.69,141.03,144.38,48957023
1592400600,144.59,144.99,141.32,141.77,34811402
1592487000,140.37,143.31,139.81,141.72,26974059
1592573400,144.42,144.51,139.84,140.99,50293840
1592832600,140.24,142.56,138.83,142.4,28983237
1592919000,144.32,144.66,142.65,143,20344161
1593005400,141.1,141.6,136.31,138.36,42998651
1593091800,137.71,140.58,136.29,140.45,37191198
1593178200,139.48,139.83,136.49,136.67,39100061
1593437400,138.71,141.985,137.1,141.14,33935236
1593523800,140.67,143.62,140.59,143.18,32865850
1593610200,143.65,144.51,141.24,141.82,26457470
1593696600,144.56,145.28,141.8909,142.4,24022381
1594042200,145.32,145.6966,142.93,143.43,19858176
1594128600,142.18,143.435,140.48,140.89,22661045
1594215000,140.76,142.5,139.1,141.94,27358919
1594301400,142.02,142.35,137.24,139.07,34647849
1594387800,139.14,141.5,138.455,141.31,24008201
1594647000,142.8,144.64,139.39,139.52,34235495
1594733400,139.43,141.98,138.64,141.83,28113961
1594819800,145.42,147.78,144.79,147.03,40770083
1594906200,146.11,146.67,144.88,146.16,30530808
1594992600,146.68,147.59,145.51,146.59,20644131
1595251800,146.12,146.85,145.15,145.96,19663343
1595338200,147.47,149.16,147.2,148.03,24544748
1595424600,147.09,148.67,147.03,148.11,24424808
1595511000,147.98,150.2,146.7,148.26,21704889
1595597400,147.29,147.665,145.56,146.08,20015547
1595856600,146.19,147.69,145.39,147.6,13370650
1595943000,147.07,148.04,146.06,146.13,13268007
1596029400,147,149.4486,146.98,149.35,19864417
1596115800,147.14,149.12,146.33,148.76,23618913
1596202200,148.14,148.42,144.67,147.36,29936504
1596461400,148.29,149.97,147.22,149.76,20777073
1596547800,149.39,150.93,149.045,150.79,20284998
1596634200,152.29,153.89,151.78,153.79,18526867
1596720600,153.8,154.44,152.91,153.73,18237747
1596807000,153.45,156.25,153.15,156.17,20475155
1597066200,156.65,158.83,156.65,157.79,24000500
1597152600,159.27,159.82,156.16,156.88,30359375
1597239000,158.67,158.89,156.49,157.52,23402789
1597325400,156.99,158.53,156.65,157.19,15799875
1597411800,156.28,157.7585,155.87,157.09,13360915
1597671000,157.5,158.03,156.74,157.9,9744151
1597757400,157.85,157.85,155.71,156.39,14647527
1597843800,156.93,158.04,156.19,156.4,14337271
1597930200,154.8,156.485,154.54,155.76,15413013
1598016600,155.15,155.7178,153.6,154.61,20685122
1598275800,155.86,156.27,154.33,156.23,13707136
1598362200,156.81,156.82,154.79,156.4,16269657
1598448600,156.5,156.77,155.1822,155.42,13772726
1598535000,156.12,157,154.6301,155.8,17508373
1598621400,156.6,157.2,155.73,157.12,12371402
1598880600,157.19,157.37,155.3,155.43,17051511
1598967000,155.22,157.31,154.45,157.21,15654144
1599053400,157.96,158.98,156.175,158.46,16763449
1599139800,158.12,158.29,152.96,153.78,32117585
1599226200,155.71,155.89,149.29,152.8,30618783
1599571800,151.18,152.48,149,149.86,26447776
1599658200,151.43,152.7787,150.57,152.13,19254454
1599744600,152.83,153.875,150.055,150.15,23005486
1599831000,150.92,151.05,147.675,149.15,20850987
1600090200,150.59,153.43,150.37,153.08,21991291
1600176600,154.38,154.695,152.86,153.37,16175459
1600263000,154.11,156.85,153.84,154.82,22210881
1600349400,152.62,154.4,151.75,153.69,20002880
1600435800,153.98,155.29,151.14,153.29,38352759
1600695000,149.82,150.255,146.33,147.92,40652521
1600781400,148.65,149.3,146.56,149.06,19385790
1600867800,148.41,149.43,143.98,144.07,33403387
1600954200,144.04,146.53,142.09,144.07,31723749
1601040600,143.44,146.85,143.35,146.41,20689266
1601299800,148.37,150.44,146.404,150.02,17600904
1601386200,149.85,150.28,148,149.34,18703037
1601472600,149.9,151.97,148.49,149.79,29073746
1601559000,150.81,152.2,149.49,152.18,25871962
1601645400,149.41,153.58,148.99,152.85,29451992
1601904600,154.49,157.305,154.48,157.07,18553610
1601991000,158.5,161.01,156.34,156.62,36347976
1602077400,158.59,160.56,158.4638,160.04,27049660
1602163800,161.72,162.28,160.58,161.86,37278551
1602250200,163.35,163.71,161.805,162.7,25038061
1602509400,163.4,164.24,162.6,163.79,20336191
1602595800,162.52,163.22,161.48,162.7,20106459
1602682200,163.01,163.909,160.935,161.09,19063417
1602768600,159.29,163.18,158.81,162.75,22865137
1602855000,163.21,163.7,162.31,162.35,17643220
1603114200,162.88,164.03,160.03,160.41,18360611
1603200600,161.56,162.45,160.34,160.76,18927696
1603287000,160.87,161.365,159.29,159.38,17504062
1603373400,160.14,162.19,159.18,162.13,20673932
1603459800,163.07,163.33,161.25,163.07,20889837
1603719000,160.92,161.37,157.38,159.55,26509948
1603805400,159.45,160.06,157.94,158.18,20523013
1603891800,154.66,155.44,153.045,153.31,32338738
1603978200,152.77,155.79,151.67,155.14,27203172
1604064600,154.32,155.28,151.39,153.09,31732985
1604327400,154.77,155.89,153.665,155.82,25252096
1604413800,158.43,161.2301,158.06,160.24,30257381
1604500200,157.75,162.35,157.71,160.42,45226280
1604586600,162.01,165.58,161.91,164.91,31910985
1604673000,165.62,165.71,163.3,163.62,24930386
1604932200,176.95,178.1,169.33,169.55,55052701
1605018600,171.2,173.33,169.75,172.7,35492159
1605105000,173.34,173.48,170.86,172.63,23972637
1605191400,171.4,172.6383,168.34,169.98,34011364
1605277800,171.35,174.1264,171.31,173.5,25494206
1605537000,176.49,177.78,175.4,177.63,31812262
1605623400,176.04,178.8,174.28,178.46,26154529
1605709800,178.94,179.715,175.86,175.96,24377836
1605796200,175.65,177.59,175.07,177.31,20187595
1605882600,176.67,177.94,175.83,177.5,24898766
1606141800,179.25,181.99,178.73,180.82,24816040
1606228200,183.39,185.44,182.36,184.22,34945395
1606314600,183.5,184.3105,181.89,183.59,21082745
1606487400,183.72,184.49,183.22,184.37,10384405
1606746600,183.82,184.32,180.32,181.02,25481587
1606833000,183.595,184.22,181.0218,182.7,30324341
1606919400,181.95,183.48,180.76,182.89,20142804
1607005800,183.34,185.18,182.94,183.92,19603550
1607092200,185.02,188.45,183.9203,188.2,24415714
1607351400,188.23,188.9528,187.44,188.38,14671510
1607437800,187.12,190.98,187.08,190.8,20165590
1607524200,192.02,192.81,187.9,189.41,29507618
1607610600,187.76,191.65,187.305,191.24,21245294
1607697000,189.99,191.72,188.3,190.3,30864993
1607956200,191.96,193.12,189.88,189.93,32237656
1608042600,191.76,194.9,190.73,194.68,26906346
1608129000,195.13,195.21,192.96,193.98,25484653
1608215400,194.73,196.38,194.055,196.29,23834154
1608301800,196.61,197.83,194.8,195.34,37033375
1608561000,191.9,195.78,191.48,195.24,30872963
1608647400,195.99,197.72,195.39,197.46,22031442
1608733800,198.57,199.645,197.9045,199.14,18392049
1608820200,199.93,199.94,198.06,199.01,8904865
1609165800,201.16,201.18,198.13,198.27,27168444
1609252200,198.64,199,193.44,194.43,33901256
1609338600,195.05,197.48,195.025,196.41,20595685
1609425000,196.62,196.8399,194.62,196.06,24747745
1609770600,197.54,197.89,190.94,193.5,33664242
1609857000,193.09,197.615,193.07,196.49,27442945
1609943400,199.48,206.78,199.16,204.53,52952237
1610029800,205.71,208.52,205.7,208.17,24031395
1610116200,209.32,209.77,204.6581,207.72,29016981
1610375400,205.09,208.12,204.83,207.54,21000529
1610461800,208.52,211.39,208.49,211.26,24892230
1610548200,211.43,211.73,209.19,209.75,22782228
1610634600,211.24,215,211.13,213.94,33913728
1610721000,210.81,213.9553,208.26,210.75,41043473
1611066600,213.34,213.61,211.72,213.45,19744124
1611153000,214.36,215.98,213.07,214.39,25385045
1611239400,214.97,215.155,211.95,212.53,21236918
1611325800,210.49,215.33,209.55,215,24800215
1611585000,214.93,217.91,211.6,214.79,33984986
1611671400,216.3,216.69,212.77,213.3,23969823
1611757800,209.5,212.985,207.29,209.39,45830266
1611844200,210.84,212.37,207.63,208.72,32202541
1611930600,209.73,210.99,204.84,205.56,40591915
1612189800,208.17,211.57,205.76,210.61,26375099
1612276200,213.15,214.05,210.89,213.61,22773106
1612362600,213.7,214.74,211.59,214.25,23923243
1612449000,215.09,218.83,215.08,218.62,25400832
1612535400,220.94,221.84,218.77,221.65,23338798
1612794600,223.79,227.33,223.4019,227.31,20831466
1612881000,227.13,229.62,226.31,228.38,19510942
1612967400,229.92,230.315,224.945,226.88,27955436
1613053800,228.14,229,223.42,226.62,25847586
1613140200,225.93,227.74,224.64,227.26,17440191
1613485800,229.47,229.63,224.79,225.83,22999508
1613572200,223.61,224.74,220.96,224.06,25163197
1613658600,222.34,222.9,219.385,220.59,24501509
1613745000,222.46,226.3,222.17,225.19,31238155
1614004200,223.51,226.385,222.98,223.73,23272101
1614090600,220.96,222.975,215.56,221.76,38646584
1614177000,222.62,227.45,221.71,227,27584915
1614263400,226.79,227.585,218.01,218.61,49961436
1614349800,219.515,222.23,214.81,218.31,47734237
1614609000,223.48,226.71,222.94,226.07,26160993
1614695400,225.79,225.96,221.55,221.72,26895435
1614781800,222.42,224.26,219.21,219.32,33407617
1614868200,218.51,220.685,209.43,213.19,59126462
1614954600,216.89,218.15,207.21,217.71,53204284
1615213800,219.36,222.27,217.67,218.74,40619724
1615300200,222.41,224.99,220.92,223.34,32247276
1615386600,225.6,228.97,225.2,227.22,36812000
1615473000,229.55,232.28,228.79,232.22,25256669
1615559400,231.99,234.15,231.37,233.59,23732175
1615815000,233.34,234.53,231.91,234.42,21543170
1615901400,234.02,234.09,229.12,230.5,24675008
1615987800,228.97,232.82,227.36,232.31,29422584
1616074200,230.8,232.93,224.61,225.24,35726301
1616160600,224.57,228.6,222.95,226.94,40855626
1616419800,227.68,228.1,224.1,225.23,26128435
1616506200,223.16,223.86,216.03,217.06,43660722
1616592600,219.86,221.33,212.04,212.04,47270223
1616679000,209.34,217.52,208.03,216.66,59244571
1616765400,218.96,220.68,215.96,220.61,34452574
1617024600,219.01,220.93,214.08,214.4,38078842
1617111000,214.39,218.68,213.1399,218.01,36205448
1617197400,219.17,222.3999,219.12,220.94,34800086
1617283800,222.4,223.9,222.02,223.74,29799201
1617629400,226.4,226.535,223.57,224.97,27826550
1617715800,225,226.69,223.84,224.31,24907760
1617802200,224.23,224.37,219.94,220.69,26233700
1617888600,221.84,222.82,219.39,222.56,23989440
1617975000,222.49,223.09,221.24,222.59,23267373
1618234200,222.72,222.93,220.4,221.72,20533914
1618320600,221.48,222.57,218.83,221.14,24608360
1618407000,221.87,226,221.8,223.32,27361960
1618493400,225.09,225.12,222.26,224.29,20587325
1618579800,225.4,225.678,223.01,224.65,23942972
1618839000,223.71,224.6571,219.94,221.73,25285933
1618925400,220.77,221.6165,215.24,217.19,35570761
1619011800,217.02,222.62,215.5,222.5,31147779
1619098200,223.26,225.33,220.78,221.58,31943659
1619184600,222.82,226.65,222.02,225.76,28409681
1619443800,227,228.69,226.75,228.11,19069177
1619530200,228.71,229.39,227.51,228.45,19648108
1619616600,228.08,229.49,227.1,228.84,16222739
1619703000,230.85,230.95,225.79,227.99,25500342
1619789400,225.72,227.8,224.14,224.89,27005991
1620048600,227.21,227.407,224.92,225.99,18693364
1620135000,224.6,226.1447,220.955,223.29,26892736
1620221400,224.28,224.28,221.44,222.4,13509943
1620307800,222.65,222.81,218.64,222.59,27647251
1620394200,222.66,225.93,222.16,225.39,26172680
1620653400,225.23,225.67,219.59,219.66,28109133
1620739800,214.92,220.3888,214.42,218.96,39519517
1620826200,217.1,218.77,211.54,211.85,42113404
1620912600,213.31,217.44,211.8,215.75,37739892
1620999000,217.94,221.41,215.678,221.02,25070399
1621258200,219.78,221.39,217.9,221.32,20048545
1621344600,221.39,223.24,219.47,219.64,24564503
1621431000,216.03,218.16,214.05,217.95,31202833
1621517400,218.27,219.87,216.33,219.4,24932752
1621603800,221.33,222.37,219.3497,219.97,24213723
1621863000,221.18,222.45,220,221.4,18324181
1621949400,222.23,223.71,219.19,219.26,20514901
1622035800,220.13,223.69,220.12,223.35,20388238
1622122200,225.04,226.36,224.18,225.65,21225724
1622208600,227.08,227.18,225.05,225.5,20668438
1622554200,227.46,228.5598,225.96,228.06,23081522
1622640600,228.91,228.92,226.825,228.33,18927549
1622727000,226.82,227.62,224.04,226.42,24811508
1622813400,227.56,228.055,226.21,227.4,19395789
1623072600,227.89,230.775,227.2494,230.45,24049857
1623159000,231.21,233.4818,229.98,232.89,27770308
1623245400,233.54,233.64,230.98,231.34,18700649
1623331800,231.68,232.18,228.71,229.28,29068994
1623418200,230.3,231.8,230.07,231.7,16707152
1623677400,232.31,233.35,230.14,231.02,19182832
1623763800,231.12,231.47,228.475,230.36,17039888
1623850200,229.7,230.68,227.64,229.87,24526975
1623936600,229.24,230.2,224.52,227.29,48292458
1624023000,223.7,225.7375,221.13,222.13,54023731
1624282200,224.05,227.5,223.28,226.88,26736350
1624368600,226.27,228.41,224.72,227.91,21188548
1624455000,227.99,229.96,227.99,228.66,22387483
1624541400,230.12,231.91,228.7152,231.89,21732461
1624627800,232.29,233.41,231.75,232.28,27619031
1624887000,232.24,232.59,228.77,230.44,25005986
1624973400,231.23,231.73,228.77,229.34,18844314
1625059800,228.65,230.32,227.76,229.37,26039028
1625146200,230.81,231.85,229.71,231.39,18089141
1625232600,232,232.08,228.56,229.19,21029729
1625578200,229.36,229.46,223.87,225.86,27771266
1625664600,225.54,226.67,221.8,223.76,28521454
1625751000,219.31,224.075,217.85,221.7,42297883
1625837400,224.16,226.45,223.34,226.38,23976354
1626096600,225.56,226.8881,224.55,226.57,16831028
1626183000,225.23,225.74,222.22,222.3,25357534
1626269400,223.71,224.355,218.55,218.87,30594073
1626355800,217.83,219.0598,214.94,217.63,45476978
1626442200,219.83,219.88,214.47,214.95,36620206
1626701400,210.63,214.445,209.05,211.73,58570962
1626787800,212.2,219.27,211.26,218.3,40794553
1626874200,219.45,222.22,219.36,222.06,28278730
1626960600,221.47,221.9255,217.58,218.53,32878958
1627047000,219.87,219.95,216.91,219.55,23660330
1627306200,220.39,222.05,219.15,220.19,22194195
1627392600,219.01,219.08,215.3819,217.62,35063568
1627479000,219,222.59,217.4,220.82,33043685
1627565400,222.79,224.435,222.14,222.52,22634837
1627651800,221.65,224.05,220.275,221.05,28473020
1627911000,222.47,224.55,219.64,219.95,24192605
1627997400,220.62,221.12,217.1,220.86,27798643
1628083800,219.1,221.2,217.89,218.11,25588462
1628170200,219.09,222.435,218.68,222.03,23915217
1628256600,223.75,225.21,222.14,223.39,24429215
1628515800,222.92,223.19,221.21,222.16,17225596
1628602200,222.64,223.22,221.19,222.6,22681588
1628688600,223.02,223.73,220.47,223.69,25691282
1628775000,223.76,223.84,221.71,223.16,23305194
1628861400,222.98,223.3,220.7,221.13,20813674
1629120600,219.77,220.26,217.65,219.07,24120034
1629207000,216.66,217.44,213.75,216.4,35161520
1629293400,216.1,218.04,214.37,214.51,29102340
1629379800,212.43,214.07,210.6825,211.94,38119879
1629466200,212.1,216.02,211.42,215.52,31759533
1629725400,217.48,219.94,217.44,219.62,25778831
1629811800,220.32,221.92,219.69,221.78,18677896
1629898200,221.77,223.9699,220.85,222.56,21548025
1629984600,222.14,223.16,219.74,220.2,22380325
1630071000,220.65,227.025,220.57,226.41,33998457
1630330200,227.25,227.35,224.98,225.48,20733337
1630416600,225.24,226.609,224.33,225.92,20839803
1630503000,226.83,228.24,224.87,227.44,20451506
1630589400,228.33,229.84,227.6,229.02,22849904
1630675800,228.25,228.97,227.19,227.96,18252374
1631021400,227.72,229,226.2549,226.39,19153387
1631107800,225.61,225.97,222.63,223.92,25241516
1631194200,223.54,226.285,222.962,223.81,27180475
1631280600,225.16,225.29,221.52,221.62,24366127
1631539800,223.21,223.38,220.25,222.88,34693062
1631626200,223.75,223.77,219.07,220.04,30312554
1631712600,220.02,222.74,219.46,222.03,27572014
1631799000,222.26,223.34,220.26,222.19,22369030
1631885400,221.62,223.03,220.64,222.48,39957579
1632144600,217.45,218.99,214.22,217.19,44958534
1632231000,218.77,219.29,215.82,217.52,26711163
1632317400,218.88,222.55,218.87,220.9,32100323
1632403800,222.18,225.645,221.56,224.81,31057849
1632490200,223.02,224.355,221.84,223.05,28866026
1632749400,223.62,227.675,223.53,226.44,29743232
1632835800,225.41,225.6,220.85,221.29,39938155
1632922200,222.27,222.66,220.17,220.82,23628860
1633008600,222.12,222.61,218.6,218.75,33153551
1633095000,219.95,223.5,217.74,222.28,32647021
1633354200,222.14,222.32,218.93,220.26,32580237
1633440600,220.96,223.06,219.88,221.02,20407608
1633527000,218.76,220.2,216.76,219.87,32893268
1633613400,221.53,224.95,221.37,223.26,24289331
1633699800,223.39,224.11,221.5,221.58,17989556
1633959000,221.83,223.55,220.25,220.31,15929780
1634045400,220.85,222.47,220.36,221.52,18800635
1634131800,221.89,222.7,219.83,222.57,19676172
1634218200,224.75,226,224.32,225.87,18159962
1634304600,227.98,228.4062,225.06,225.16,27555333
1634563800,223.88,225.675,223.73,225.03,19082599
1634650200,225.98,226.88,224.61,225.87,15498358
1634736600,225.97,227.98,225.12,227.37,18130549
1634823000,227.19,229.01,226.62,227.95,17851620
1634909400,227.8,228.39,225.69,227.41,16886970
1635168600,227.79,229.98,227.28,229.57,16387146
1635255000,230.03,230.72,227.8,227.84,25290160
1635341400,227.18,227.46,223.5,223.65,27088453
1635427800,224.8,228.26,224.77,228.11,22890647
1635514200,227.8,228.83,226.96,228.05,20777666
1635773400,229.25,234.18,228.89,233.96,35500822
1635859800,234.38,234.85,232.65,234.45,24949704
1635946200,234.15,239.81,233.92,238.64,47648496
1636032600,239.48,240.935,237.56,238.55,26514023
1636119000,241.17,243.4,240.2,241.81,42041677
1636381800,243.74,244.46,241.93,242.56,31324548
1636468200,242,242.53,239.54,241.15,29895916
1636554600,240.08,241.56,236.31,237.35,32471632
1636641000,238.31,240.378,237.66,239.26,17987496
1636727400,239.92,240.21,238.74,239.5,20526719
1636986600,240.57,240.76,237.55,238.55,27390040
1637073000,237.76,239.37,236.95,238.99,21925179
1637159400,238.06,238.13,235.13,235.86,26527765
1637245800,236.92,237.07,233.05,234.86,30637302
1637332200,233.27,234.42,232.39,232.72,33994017
1637591400,234.22,235.74,231.62,231.73,31042087
1637677800,231.39,233,228.62,231.33,33843831
1637764200,229.39,231.99,228.54,231.58,24099292
1637937000,224.96,226.17,219.64,222.85,62595374
1638196200,226.22,226.75,221.24,222.71,45982414
1638282600,220.66,221.86,215.88,218.17,64908363
1638369000,223.17,224.21,213.15,213.26,69305403
1638455400,214.37,219.94,213.82,219.21,64315720
1638541800,220.29,220.38,212.71,214.71,64425236
1638801000,216.54,220.69,213.71,219.02,43878330
1638887400,222.14,226.04,221.98,224.1,44679195
1638973800,224.6,226.535,223.06,225.63,36546381
1639060200,223.95,225.81,220.48,220.52,34830252
1639146600,222.2,222.85,218.32,219.91,32924568
1639405800,218.39,219.05,214.745,216.04,33478398
1639492200,214.58,217.52,213.31,214.18,36543485
1639578600,214.21,218.16,211.08,217.58,51261021
1639665000,219.45,219.9,212.25,213.18,52743794
1639751400,212.2,217.35,210.3,215.14,63114782
1640010600,212.09,212.94,208.76,212.12,49993003
1640097000,214.2,218.385,212.061,218.18,38545265
1640183400,217.87,220.35,217.13,220.28,32442011
1640269800,221.05,222.8,220.34,222.04,22125391
1640615400,222.34,224.235,220.6,224.12,24196655
1640701800,223.79,225.73,222.35,222.75,23120267
1640788200,222.72,223.4901,221.255,222.99,19444392
1640874600,222.94,225.43,222.7,222.93,23607696
1640961000,222.49,224.12,222.39,222.45,23997427
1641220200,223.71,226.69,222.73,225.32,30618792
1641306600,226,227.13,223.38,224.98,22013134
1641393000,224.87,225.91,217.32,217.36,40582077
1641479400,217.82,220.42,215.82,218.6,39105870
1641565800,218.6,220.38,215.925,216.07,31583886
1641825000,214.77,215.385,211.11,215.32,45778073
1641911400,215.48,217.83,212.96,217.61,35209892
1641997800,218.52,219.38,214.64,215.99,35284512
1642084200,216.81,218.19,213.38,214.01,34489556
1642170600,211.99,214.4,210.58,214.31,42020871
1642516200,212.2,212.44,207.53,207.83,49512155
1642602600,208.81,209.46,204.38,204.45,46209065
1642689000,205.38,208.99,200.33,200.75,50465974
1642775400,199.76,203.02,196.99,196.99,85821001
1643034600,194.07,202.39,191.23,201.53,85903216
1643121000,198.48,201.7,194.56,198.84,61088549
1643207400,201.78,203.55,193.72,195.97,71471745
1643293800,197.63,199.61,190.601,191.52,59829045
1643380200,191.7,195.31,188.09,195.25,65869951
1643639400,194.39,201.24,193.85,201.24,53393759
1643725800,201.66,203.57,197.965,203.36,43429351
1643812200,203.62,203.9,199.29,201.34,42777817
1643898600,198.84,201.24,197.05,197.53,39629365
1643985000,197.04,200.1,194.92,198.38,34291072
1644244200,198.43,201.16,197.99,199.36,33242576
1644330600,199.47,203.12,199.36,202.76,28341923
1644417000,204.57,206.65,204.3,206.61,27329310
1644503400,202.9,209.05,202.12,203.44,44788095
1644589800,203.65,206.06,199.69,201.38,41516553
1644849000,201.63,203.53,199.24,200.68,32262664
1644935400,202.78,206.305,202.63,206.06,25883738
1645021800,205.3,207.27,204.08,206.49,30104755
1645108200,204.55,205.03,200.78,201.2,27140233
1645194600,201.03,202.72,198.76,199.47,36255429
1645540200,198.48,200.45,195.35,196.66,31847129
1645626600,198.24,198.9,192.55,192.98,31491521
1645713000,188.32,198.48,187.92,198.04,52221072
1645799400,198.69,202.62,197,202.5,33656151
1646058600,200.47,204.6,200.46,203.32,34975853
1646145000,202.66,203.79,197.8,199.49,40638906
1646231400,200.84,205.3,200.69,204.24,29978551
1646317800,205.09,205.11,200.29,201.82,30142659
1646404200,199.7,200.86,196.98,198.66,31657741
1646663400,199.22,199.585,193.68,193.72,39279830
1646749800,194.34,199.57,193.46,194.79,45715788
1646836200,198.22,201,197.62,200.28,29048016
1646922600,197.41,200.04,196.56,199.92,25660992
1647009000,200.78,201.76,196.44,196.73,24990029
1647264600,197.24,197.44,191.88,192.71,34969461
1647351000,193.46,195.79,192.88,195.78,25464343
1647437400,197.54,201.94,196.15,201.94,31869726
1647523800,200.77,205.21,200.3,205.11,25783098
1647610200,204.21,207.45,204,207.27,37092178
1647869400,207.2,208.18,203.935,205.44,26747523
1647955800,206.31,208.79,205.8,207.5,24699895
1648042200,206.15,207.2,203.75,203.9,19774978
1648128600,204.38,205.9,202.73,205.84,19781210
1648215000,206.09,206.62,204.44,206.12,19430366
1648474200,205.6,206.21,203.03,206.19,18999130
1648560600,208,212.25,207.88,211.71,29550571
1648647000,211.37,211.74,206.61,207.46,26251502
1648733400,207.13,208.91,205.15,205.27,26771581
1648819800,206.18,207.72,205.01,207.57,25948508
1649079000,207.87,208.43,205.88,207.91,20333898
1649165400,207.96,209.435,202.51,202.99,26509793
1649251800,201.27,201.8,198.68,200.11,34903891
1649338200,200.11,201.23,196.68,199.46,29291244
1649424600,199.22,200.31,197.5,197.87,25249579
1649683800,197.12,199.2549,195.88,196.54,33702313
1649770200,198.7,201.68,196.42,197.16,33699784
1649856600,197.68,201.45,197.61,200.91,22303590
1649943000,201.11,202.37,198.87,198.96,27106953
1650288600,198.46,199.18,196.53,197.62,22246351
1650375000,197.86,202.235,197.69,201.56,22786685
1650461400,203.05,203.87,201.86,202.33,20516175
1650547800,204.23,204.8,197.02,197.8,31547675
1650634200,196.87,197.37,192.29,192.68,35686941
1650893400,190.99,194.11,189.21,193.85,35556426
1650979800,192.32,192.71,187.48,187.74,40513592
1651066200,187.67,189.78,186.26,186.96,37807971
1651152600,189.17,191.4,184.71,190.45,37405185
1651239000,189.59,191.73,184.51,184.95,41193373
1651498200,184.9,187.82,182.38,186.89,38002089
1651584600,186.92,189.5099,185.68,188.49,30246266
1651671000,189.05,193.93,185.6932,193.52,38834742
1651757400,191.53,191.56,183.38,185.67,41468705
1651843800,184.96,185.42,180.55,182.58,45457873
1652103000,179.86,182.6534,174.1,174.9,53682210
1652189400,177.57,178.905,171.2,174.95,53650814
1652275800,175.13,178.19,170.3,170.6,64377822
1652362200,169.83,174.34,168.9,172.6,52967378
1652448600,175.04,179.41,175.01,178.07,36517011
1652707800,177.5,179.44,176.135,177.22,28225461
1652794200,180.41,182.84,178.99,182.64,31833733
1652880600,180.47,181.41,175.1,176.24,36093763
1652967000,174.89,178.81,174.89,176.53,33627736
1653053400,178.5,178.97,171.79,176.08,42243686
1653312600,177.88,178.96,175.5,178.21,24644132
1653399000,176.57,176.93,172.33,175.57,26861782
1653485400,174.88,179.78,174.81,178.73,27950056
1653571800,179.85,183.795,179.7,182.72,25702704
1653658200,183.76,187.65,183.4,187.64,24952062
1654003800,186.91,187.6765,184.09,185.31,29794499
1654090200,186.27,186.94,181.77,184.26,28352136
1654176600,184.59,188.76,184.17,188.76,24875960
1654263000,187.29,187.96,185.79,187.06,18972140
1654522200,189.29,189.305,186.83,187.87,24678747
1654608600,186.41,190.94,185.9,190.9,21661588
1654695000,189.96,190.7,187.06,187.95,21521727
1654781400,186.55,187.07,183.53,183.57,21697229
1654867800,180.51,181.55,177.65,178.59,37153558
1655127000,173.63,174.96,169.29,170.2,39712710
1655213400,170.67,171.24,167.74,169.38,30282434
1655299800,171.21,174.06,168.66,171.86,32150529
1655386200,167.84,168.42,162.78,163.9,43810559
1655472600,164.48,167.52,163.7,165.18,40327271
1655818200,167.98,170.08,166.81,168.14,34665447
1655904600,165.96,169.255,165.37,167.82,29303486
1655991000,168.19,170.23,166.55,169.83,27089785
1656077400,171.22,175.1,170.9,175.09,37138454
1656336600,175.67,176.99,174.18,175.74,24745414
1656423000,176.93,178.15,172.35,172.44,25958302
1656509400,172.55,172.7,168.97,170.69,21292488
1656595800,168.2,171.31,166.76,169.36,31466339
1656682200,169.05,171.84,167.66,171.41,24598625
1657027800,168.68,172.9,166.73,172.83,25151145
1657114200,172.45,173.71,169.75,171.55,25697551
1657200600,172.86,175.98,172.85,175.61,24822531
1657287000,175.07,176.99,173.65,175.59,20546955
1657546200,174.26,174.97,171.6,172.06,22031451
1657632600,171.54,173.36,170.56,171.47,23864192
1657719000,169.15,172.275,168.79,171.32,25535614
1657805400,168.68,170,167.02,169.56,25102172
1657891800,171.54,173.345,169.31,173.09,34935913
1658151000,175.13,176.2893,172.06,172.6,23031546
1658237400,174.75,178.89,174.66,178.69,24234559
1658323800,178.65,181.81,178.4,181.49,26049312
1658410200,180.45,182.5,178.845,182.42,21709855
1658496600,182.88,183.25,178.05,179.51,25116096
1658755800,180.05,180.92,178.43,180.44,19267156
1658842200,179.78,180.21,178.54,179.33,19391214
1658928600,180.48,184.25,180,183.41,21670690
1659015000,184.32,186.14,181.76,185.93,22838529
1659101400,186.04,187.73,185.04,187.25,21760641
1659360600,185.79,188.32,184.22,187.18,23905554
1659447000,186.47,189.02,185.48,187,17492574
1659533400,188.3,190.15,187.64,189.75,19157749
1659619800,189.84,190.04,188.44,189.35,14838914
1659706200,187.47,191.02,187.1703,190.8,18540323
1659965400,192.15,194.625,191.89,192.82,22234911
1660051800,192.04,192.17,189.16,190.19,18247296
1660138200,193.63,195.95,193.11,195.62,20796377
1660224600,197.42,199.53,196.04,196.35,23727554
1660311000,197.35,200.43,196.58,200.36,21726589
1660570200,198.795,201.155,198.22,201.07,17414800
1660656600,200.5,201.99,199.025,200.99,18833104
1660743000,198.72,199.33,196.38,197.61,22427990
1660829400,197.88,199.25,196.9,198.92,18368053
1660915800,196.83,197.11,194.0707,194.65,27416393
1661175000,191.99,192.35,190.01,190.64,22937015
1661261400,190.94,192.93,190.39,190.95,20069836
1661347800,190.79,193.3,190.16,192.41,16038273
1661434200,193.38,195.45,192.98,195.4,14794953
1661520600,195.34,195.44,188.66,188.98,24177218
1661779800,186.95,188.99,186.52,187.24,19753269
1661866200,187.82,188.01,183.535,184.62,22548933
1661952600,184.94,185.74,183.19,183.5,22412480
1662039000,181.78,181.89,178.9,181.5,30706643
1662125400,183.6,183.95,179.14,180.09,27468200
1662471000,180.71,181.08,177.5,178.31,23837119
1662557400,177.97,182.465,177.93,182.19,24781164
1662643800,180.69,183.79,179.62,183.71,25273214
1662730200,185.34,187.63,185.1,187.4,23208770
1662989400,188.6,189.86,187.97,189.67,23134571
1663075800,184.86,185.91,181.535,182.25,34144710
1663162200,182.57,183.32,180.57,182.96,25278337
1663248600,181.92,184.69,180.86,181.63,25378692
1663335000,179.09,179.68,176.91,178.99,41155873
1663594200,177.01,180.75,176.96,180.52,25412217
1663680600,178.77,178.94,176.71,178.06,22247528
1663767000,179.37,181.1,175.33,175.34,29357100
1663853400,175,175.58,170.7405,171.39,33468593
1663939800,169,169.19,165,167.31,40336929
1664199000,165.47,168.97,163.58,164.17,30597799
1664285400,166.31,167.63,163.28,164.73,42406580
1664371800,165.76,170.99,165.07,169.94,35186541
1664458200,167.78,167.93,163.8,166.13,31464022
1664544600,165.78,169.515,164.87,164.92,40643777
1664803800,167.34,170.3,165.25,169.29,33611555
1664890200,172.61,176.08,172.53,176,37537299
1664976600,173.41,175.33,171.42,174.7,25281358
1665063000,173.85,176.165,172.91,173.72,22635934
1665149400,171.93,172.47,167.92,168.61,26536118
1665408600,169.29,169.57,166.59,167.67,23386430
1665495000,166.96,170.11,164.8,167.72,28009126
1665581400,167.9,168.46,165.48,167.26,26796655
1665667800,164,172.2,162.5,171.4,45376514
1665754200,172.74,173.92,166.71,166.81,29608626
1666013400,170.22,172.62,170.11,172.13,28199212
1666099800,175.86,177.29,172.69,174.17,34523149
1666186200,172.49,173.4,169.3301,171.21,27146943
1666272600,171.42,173.55,168.4693,169.03,26710706
1666359000,169.4,173.2,168.19,172.7,45402703
1666618200,173.32,174,171.05,173.44,27284472
1666704600,173.57,178.895,173.56,178.17,33105746
1666791000,179.15,182.37,178.33,179.05,37084746
1666877400,180.59,182,178.87,179.09,28651848
1666963800,179.825,183.41,178.7383,183.16,33221621
1667223000,182.27,184.24,181.55,183.33,25699385
1667309400,185.24,185.6,182.88,183.58,27446653
1667395800,182.84,185,177.43,177.49,38139591
1667482200,175.29,177.94,174.11,176.3,29093224
1667568600,178.92,179.94,175.47,178.68,25842371
1667831400,179.74,180.59,177.68,179.49,20689937
1667917800,180.23,181.95,177.36,179.56,20265188
1668004200,178,178.67,174.275,174.63,27276977
1668090600,181.85,185.445,181.15,185.38,38572799
1668177000,185.76,188.84,185.69,186.9,28765362
1668436200,185.79,187.785,184.6317,184.81,26499630
1668522600,187.84,189.56,186.11,187.55,26128760
1668609000,186.6,186.64,183.71,184.25,24802010
1668695400,181.62,182.95,180.51,182.54,20835670
1668781800,184.59,185.31,182.57,183.72,27269071
1669041000,182.78,183.19,181.43,182.76,19038942
1669127400,183.74,184.94,182.33,184.71,16869715
1669213800,184.29,185.78,183.55,185.19,19758783
1669386600,185.09,186.37,184.66,185.58,13393405
1669645800,184.13,184.92,181.29,181.84,17490373
1669732200,181.96,183.61,181.96,182.37,14020553
1669818600,182.67,187.43,180.795,187.37,28030141
1669905000,188.151,189.24,186.13,186.96,21996369
1669991400,184.37,188.86,184.33,188.05,22574779
1670250600,186.86,187.06,182.1838,182.87,25449292
1670337000,182.88,182.98,179.08,180.07,18502134
1670423400,179.75,181.5,179.11,179.54,17177784
1670509800,180.77,182.625,179.51,180.84,20971437
1670596200,179.77,180.81,178.56,178.62,22046494
1670855400,178.85,181.09,178,180.72,22765420
1670941800,185.73,186.64,180.14,181.38,38445310
1671028200,181.31,182.91,178.83,180.19,32406860
1671114600,178.03,178.6,175.04,175.68,33546710
1671201000,173.8,175.11,172.67,174.37,38502417
1671460200,174.61,175.0529,171.47,172.01,25614032
1671546600,171.67,174.02,171.18,172.92,18050794
1671633000,174.45,176.8,174.2,175.9,22997201
1671719400,174.33,174.49,170.67,173.6,21297569
1671805800,173.48,174.45,172.34,174.39,11647741
1672151400,174.36,174.57,172.58,173.22,13553781
1672237800,173.18,174.1,170.34,170.53,19648022
1672324200,171.72,175.25,171.4,174.85,22311308
1672410600,173.34,174.7203,172.61,174.36,21275583
1672756200,175.93,177.32,171.9,173.4,22503836
1672842600,174.62,176.67,174.28,175.56,22973497
1672929000,174.59,174.76,172.39,173.68,17032620
1673015400,175.3,178.04,173.87,177.58,21986906
1673274600,179.01,180.12,177.65,177.88,18366452
1673361000,177.66,180.62,177.3,180.51,18751117
1673447400,181.26,182.79,180.68,182.76,18222696
1673533800,183.57,185.95,181.92,185.83,29650762
1673620200,184.5,187.34,184.33,187.05,22119985
1673965800,187,187.84,186.235,186.82,22422562
1674052200,187.45,188.96,183.695,183.8,23507760
1674138600,182.73,183.1,180.78,182.04,24624454
1674225000,182.71,185.15,181.27,185.04,36070250
1674484200,185.43,188.115,184.58,187.33,20329901
1674570600,186.59,187.83,185.88,186.93,19263452
1674657000,185.41,187.51,183.87,187.45,18174577
1674743400,188.98,189.85,186.29,188.56,18369120
1674829800,187.98,190.3,187.79,189.58,20019850
1675089000,187.84,189.61,186.83,186.94,18395072
1675175400,187.42,191.58,187.38,191.48,21567866
1675261800,191.19,196.19,190.13,194.49,27007326
1675348200,196.01,199.26,194.35,198.32,31020427
1675434600,196.11,199.13,195.7,196.99,24981474
1675693800,195.65,196.38,193.37,194.14,18160086
1675780200,193.41,196.1,191.65,195.58,27074054
1675866600,194.36,195.37,192.2,192.72,17933496
1675953000,194.23,195.12,189.43,189.93,20516649
1676039400,189.28,190.63,188.5328,190.31,15248731
1676298600,190.51,192.855,189.31,192.6,15754366
1676385000,191.28,193.95,190.08,192.51,21889612
1676471400,190.98,194.5537,190.53,194.46,18782880
1676557800,191.8,194.87,191.25,192.6,21366255
1676644200,191.88,193.3699,190.97,193.13,23892199
1676989800,190.75,191.3383,187.24,187.43,26004028
1677076200,187.83,189.15,186.7515,187.94,24651715
1677162600,189.35,190.3,186.7,189.28,21311725
1677249000,186.65,187.78,185.78,187.51,24280697
1677508200,189.13,190.2,187.6,188.17,17562854
1677594600,188.12,190.02,188.07,188.18,19542637
1677681000,188.19,189.49,187.19,188.42,22532791
1677767400,186.86,189.3,186.12,188.87,18134836
1677853800,189.67,191.93,188.42,191.5,22774335
1678113000,191.56,191.74,187.9,188.7,23266746
1678199400,188.65,189.07,186.22,186.51,25865711
1678285800,186.79,187.61,185.12,186.6,22505855
1678372200,186.73,187.27,181.28,181.41,33546890
1678458600,180.39,180.39,174.255,176.18,69274206
1678714200,172.52,176.4,171.07,173.31,74171456
1678800600,178.6,179.26,174.61,176.52,48946152
1678887000,171.93,173.91,170.3762,173.61,54405755
1678973400,171.47,177.38,170.495,175.98,52891037
1679059800,174.04,174.76,170.86,171.23,70241665
1679319000,173.05,175.37,172.525,173.45,46103382
1679405400,176.55,178.18,175.96,176.65,34465882
1679491800,176.52,177.35,171.53,171.64,56098335
1679578200,172.28,174.39,168.71,170.25,47720850
1679664600,168.75,172.105,167.455,171.79,47538469
1679923800,173.84,174.73,172.36,173.7,33880623
1680010200,173.1,174.505,172.69,173.45,28555089
1680096600,175.34,175.55,173.5719,175.42,25564793
1680183000,176.88,177.305,174.445,175.18,26728564
1680269400,176.4,178.64,176.37,178.4,39602850
1680528600,178.95,179.78,176.49,178.48,27608982
1680615000,178.92,179.1,174.32,175.35,33487181
1680701400,174.25,174.83,172.53,173.63,28243090
1680787800,173.72,174.46,172.68,173.89,26366279
1681133400,173.07,175.88,173.03,175.75,22237792
1681219800,176.57,177.97,176.12,177.14,21876241
1681306200,178.82,178.98,175.58,175.84,27018113
1681392600,176.54,178.685,175.93,178.17,23259875
1681479000,178.33,179.22,175.34,176.51,29600374
1681738200,176.97,178.86,176.75,178.78,22177347
1681824600,179.59,179.63,176.94,178.02,22692960
1681911000,177.08,178.79,176.58,178.25,19306758
1681997400,177.15,178.43,176.52,177.33,20336276
1682083800,177.81,177.958,175.86,177.56,25972820
1682343000,177.38,178.45,176.495,177.44,17781006
1682429400,175.63,175.94,173.01,173.06,28857915
1682515800,172.23,173.4,171,171.39,30309779
1682602200,172.03,173.855,170.94,173.68,33424124
1682688600,173.29,175.825,173.18,175.2,31911856
1682947800,175,177.34,174.76,175.3,27420136
1683034200,174.4,174.45,169.92,171.7,40851051
1683120600,172.22,175.7,172.19,172.33,43261392
1683207000,171.32,171.56,168.78,170.4,42382097
1683293400,173.29,175.1,173.1,174.45,35456844
1683552600,175.26,175.55,173.13,174.05,22109887
1683639000,172.98,174.27,172.16,173.53,21465513
1683725400,175.96,176.02,172.72,174.41,27281899
1683811800,173.22,173.78,172.11,173.07,25884562
1683898200,173.65,174.205,171.65,172.72,20406402
1684157400,173.31,175.71,172.82,174.83,24310016
1684243800,173.61,174.8069,172.23,172.28,24212865
1684330200,173.43,176.5,172.16,176.12,38231617
1684416600,175.56,177.57,175.02,177.19,30446567
1684503000,178.51,178.8941,175.25,176.11,34316254
1684762200,176.62,179.02,176.04,178.26,28207225
1684848600,177.91,180.53,177.38,177.42,32708906
1684935000,176.55,176.74,174.67,175.54,28744169
1685021400,175.25,175.53,172.6999,174.17,36202620
1685107800,174.3,176.38,174.02,176.15,29841301
1685453400,176.71,177.554,174.76,175.5,25572553
1685539800,174.69,176.01,172.36,173.77,34598813
1685626200,173.86,176.24,172.9317,175.65,27800883
1685712600,178.01,182.09,177.45,182.02,50212414
1685971800,181.26,181.39,178.44,179.58,40025070
1686058200,178.93,184.96,178.93,184.31,58584472
1686144600,184.96,187.77,184.96,187.24,60685567
1686231000,186.75,187.375,184.91,186.54,34184997
1686317400,186.32,186.61,184.45,185.03,30242195
1686576600,185.23,186.675,184.22,185.8,26615219
1686663000,186.44,188.98,186.27,187.93,35758221
1686749400,188.32,189.24,184.55,185.91,37114094
1686835800,185.08,187.57,184.91,187.44,36488407
1686922200,187.95,188.55,185.09,185.94,50684496
1687267800,185.16,185.57,183.761,185.13,33269305
1687354200,184.44,185.91,183.59,184.7,30730223
1687440600,184.2,184.25,182.485,183.33,27063734
1687527000,180.77,182.41,180.05,180.57,50610105
1687786200,180.44,182.74,180.37,180.75,31507869
1687872600,181.2,183.985,180.4,183.36,28818761
1687959000,182.99,184.42,182.12,184.26,23187607
1688045400,184.72,187.08,184.43,186.38,32084099
1688131800,188.26,188.4341,186.91,187.27,30287342
1688391000,186.91,188.84,186.74,187.65,14011920
1688563800,187.13,187.21,185.44,185.78,24092136
1688650200,183.63,183.71,180.72,182.78,39080780
1688736600,182.98,186.49,182.93,184.71,31706666
1688995800,184.58,188.05,184.16,187.87,29272697
1689082200,188.48,190.08,187.69,189.8,26738826
1689168600,192.76,193.05,191.365,191.87,40127301
1689255000,192.51,193.685,191.8,193.42,23523018
1689341400,193.34,193.4887,190.29,191.53,32198600
1689600600,191.34,194.36,191.14,193.58,23283694
1689687000,193.7,196.39,193.49,195.97,28551475
1689773400,196.7,197.66,195.9301,196.8,23678951
1689859800,196.94,196.94,194.265,195.08,27278057
1689946200,196.39,196.62,194.0901,194.46,28982427
1690205400,194.56,196.255,193.99,194.94,16929832
1690291800,194.58,196.21,194.42,194.92,18961103
1690378200,194.77,197.16,194.71,196.46,20377886
1690464600,197.63,197.9,193.18,193.92,31159256
1690551000,196.02,196.95,195.5,196.43,21612218
1690810200,196.93,198.75,196.915,198.71,24203904
1690896600,197.43,197.935,195.78,197.8,27552004
1690983000,195.59,196.09,194.09,195.11,28079650
1691069400,194.3,195.64,193.06,194.56,24323073
1691155800,194.82,196.31,193.71,194.17,24950431
1691415000,194.66,195.06,192.68,194.3,20184966
1691501400,192.14,193.29,190.52,193.08,25578164
1691587800,192.87,192.88,190.75,191.57,22293207
1691674200,192.24,194.12,189.89,190.72,29378811
1691760600,189.92,191.69,189.74,190.99,21428592
1692019800,189.94,190.7,188.64,190.66,20354927
1692106200,189.52,189.64,188.035,188.14,25491278
1692192600,187.99,189.06,185.81,185.84,27018358
1692279000,186.34,186.74,183.63,183.65,26715093
1692365400,182.21,185.25,181.94,184.65,33375218
1692624600,184.7,185.275,183.0704,184.38,22678096
1692711000,185.04,185.545,183.22,183.83,21335815
1692797400,184,186.11,183.425,185.79,21231072
1692883800,185.25,186.335,183.2,183.22,26582347
1692970200,184.06,185,181.61,184,29340436
1693229400,184.84,186.75,184.82,185.64,23002015
1693315800,185.54,188.365,184.57,188.23,22986016
1693402200,187.73,189.61,187.33,188.94,19869943
1693488600,189.2,190.255,188.53,188.61,17953390
1693575000,190.07,191.86,189.85,190.85,25094635
1693920600,189.65,189.9,186.77,186.83,27160094
1694007000,187.06,188.09,185.09,186.13,26406222
1694093400,185.14,185.38,183.59,184.33,23894847
1694179800,184.56,184.83,183.45,183.92,19413292
1694439000,185.26,185.72,184.2,184.36,17424653
1694525400,184.04,185.335,183.74,184.18,16826275
1694611800,184.5,184.88,182.39,182.97,24415720
1694698200,184.53,186.07,184.24,185.55,27952534
1694784600,184.79,185.07,182.79,183.61,39695476
1695043800,183.7,183.76,182.37,182.39,19287847
1695130200,182.49,183.3,181.07,181.68,24085942
1695216600,182.4,183.509,179.82,179.86,27642932
1695303000,178.5,178.755,177.07,177.07,31625616
1695389400,177.56,178.37,176.56,176.67,23171082
1695648600,175.69,177.8599,175.54,177.46,22416152
1695735000,175.5,177.02,174.29,174.36,30476035
1695821400,175.45,176.93,174.4619,175.99,37292970
1695907800,176.09,178.57,175.97,177.58,31372443
1695994200,178.97,179.16,176.15,176.74,36689421
1696253400,176.33,176.73,173.15,174.07,42139312
1696339800,172.95,173.5,170.37,171.14,42733588
1696426200,171.01,171.61,169.09,171.22,42491887
1696512600,170.8,171.9,169.94,171.35,33273468
1696599000,170.37,173.89,169.51,173,42160893
1696858200,171.84,174.545,171.77,174,26658367
1696944600,174.31,177.04,174.28,175.97,31584990
1697031000,176.12,177.23,174.375,175.67,27427204
1697117400,175.88,175.88,170.79,171.7,38693778
1697203800,172.35,172.7,169.69,170.27,33969129
1697463000,171.74,173.39,171.02,173.02,31140293
1697549400,171.94,176.42,171.9,174.95,39823233
1697635800,173.64,173.66,170.995,171.35,38501422
1697722200,170.855,172.15,168.36,168.62,51397290
1697808600,168.66,169.026,166.43,166.44,54421906
1698067800,165.66,167.455,164.645,165.03,45590887
1698154200,166.45,167.62,165.41,166.47,32666322
1698240600,165.01,165.655,163.4,163.72,36832920
1698327000,164.15,165.77,163.2,164.14,50525608
1698413400,164.52,164.83,161.67,162.21,46017094
1698672600,163.79,164.81,161.94,163.11,35156336
1698759000,163.4,164.99,162.83,164.52,31533187
1698845400,164.46,165.6,163.1,165.46,44367077
1698931800,167.75,170,167.325,169.87,50458069
1699018200,172.8,175.645,172.78,174.49,57060666
1699281000,174.49,174.775,171.39,172.31,35294391
1699367400,171.56,172.51,170.57,171.7,31168942
1699453800,171.7,172.13,169.3024,169.87,44938574
1699540200,171.03,171.03,166.98,167.24,38577406
1699626600,168.22,169.71,166.7901,169.11,36148732
1699885800,168.24,169.77,167.52,169.17,27610279
1699972200,174.23,178.47,174.22,178.46,77610974
1700058600,178.35,181.76,178.11,178.77,59641363
1700145000,178.14,178.63,175.155,175.88,46616698
1700231400,177.45,178.64,177.105,178.29,43436769
1700490600,178.52,179.65,177.74,179.33,26698066
1700577000,178.24,178.505,176.91,177.02,30457019
1700663400,178.18,179.39,177.42,178.13,28980363
1700836200,178.05,179.73,177.8,179.33,13846889
1701095400,178.5,179.11,177.23,178.73,30665810
1701181800,178.55,179.22,177.2,178.04,28350213
1701268200,179.55,181.75,178.7,178.98,31590200
1701354600,180.05,180.64,178.76,179.66,32216751
1701441000,179.2,185.18,178.21,184.91,64221297
1701700200,184.23,186.99,184.02,186.89,44862600
1701786600,186.05,186.05,183.98,184.39,36873498
1701873000,185.7,187.92,183.79,184.06,43637859
1701959400,184.33,185.56,183.39,185.39,32662340
1702045800,185.15,187.75,184.86,186.8,36087140
1702305000,186.68,187.62,185.885,187.19,29302064
1702391400,186.97,187.655,185.335,187,32023999
1702477800,187.1,193.64,185.67,193.33,69484819
1702564200,196.87,200.035,196.48,198.71,83649334
1702650600,198.95,199.55,195.95,197.04,74160699
1702909800,197.96,198.77,196.68,197.11,44451112
1702996200,198.48,201.3,198.02,200.93,52156182
1703082600,199.86,202.17,196.16,196.28,62360257
1703169000,198.5,199.82,197.52,199.62,38613394
1703255400,200.88,202.81,200.19,201.48,39173804
1703601000,202.21,204.56,201.69,204.1,26878989
1703687400,204.44,205.49,203.395,204.82,35806364
1703773800,203.79,205.165,203.28,204.04,28930088
1703860200,203.48,204.0301,200.71,200.71,41496797
1704205800,199.4,201.62,198.44,199.52,44341503
1704292200,197.4,197.67,193.78,194.2,57532502
1704378600,194.06,195.49,193.69,193.82,43114160
1704465000,192.69,195.46,192.29,193.25,40964947
1704724200,193.29,196.97,192.26,196.73,31545399
1704810600,194.35,195.769,193.32,194.97,28998688
1704897000,194.74,195.375,193.08,195.08,35075172
1704983400,194.5,194.74,191.3,193.55,48939231
1705069800,195.89,197.1,192.64,193.23,42992071
1705415400,191.72,193.26,190.11,190.84,42213043
1705501800,188.13,189.93,187.525,189.48,37787657
1705588200,190.71,191.17,188.21,190.6,41759974
1705674600,191.29,192.85,189.225,192.43,63338329
1705933800,194.15,196.82,194.09,196.54,42379489
1706020200,198.22,198.59,194.98,195.97,42471201
1706106600,198.379,198.46,194.12,194.36,41120105
1706193000,197.1,197.6584,194.41,195.97,37659517
1706279400,196.89,197.89,195.38,195.98,33478623
1706538600,196.16,199.41,195.09,199.41,29234415
1706625000,198.39,198.93,197.1,197.71,33121240
1706711400,197.21,198.94,192.71,192.88,68126713
1706797800,194.31,195.74,191.53,195.44,59478995
1706884200,193.24,195.5,192.39,194.41,52839295
1707143400,192.47,193.11,190.06,191.94,39751861
1707229800,191.7,193.8,191.02,193.67,34689117
1707316200,194.07,194.15,192.04,193.22,31713859
1707402600,193.36,196.37,192.71,196.15,35370837
1707489000,196.92,199.547,196.45,199.34,46107060
1707748200,199.87,203.55,199.84,202.96,43290992
1707834600,196.22,197.63,193.06,194.61,86247438
1707921000,197.68,199.79,196.23,199.13,43808014
1708007400,200.99,204.765,200.72,204.44,44931920
1708093800,202.12,203.7,201.09,201.66,48346202
1708439400,199.15,199.72,198.01,198.88,30547481
1708525800,197.66,198.35,196.39,197.94,28821470
1708612200,198.65,200.085,197.8052,199.44,38184703
1708698600,199.6,201.135,198.565,199.89,37667681
1708957800,199.69,201.64,199.15,201.15,29118221
1709044200,203.08,204.215,202.535,204,32268572
1709130600,202.44,203.8559,201.87,202.32,30143882
1709217000,205.18,206.04,202.52,203.73,40404127
1709303400,204.53,206.325,203.14,205.89,35156920
1709562600,207.03,207.77,205.45,205.7,24785373
1709649000,204.3,205.91,203.01,203.73,34163528
1709735400,206.03,206.08,204.08,205.25,34255162
1709821800,206.7,208.099,206.4,206.96,28020194
1709908200,208.74,210.41,205.8,206.83,41447785
1710163800,205.96,206.84,204.75,205.19,24435839
1710250200,205.15,205.92,203.39,204.91,34958885
1710336600,204.87,206.58,204.77,205.71,25140710
1710423000,205.05,205.28,200.17,202.03,47509149
1710509400,201.25,203.08,201.13,202.41,53216967
1710768600,202.91,203.18,200.905,201.25,32405063
1710855000,199.78,202.75,199.661,202.1,29864063
1710941400,201.52,206.99,201.11,206.1,49609589
1711027800,207,208.95,206.84,207.94,43067330
1711114200,207.85,208.24,205.07,205.07,28437342
1711373400,205.72,207.01,205.51,205.54,20107818
1711459800,207.05,207.635,204.99,205.17,23434848
1711546200,206.8,209.71,206.155,209.64,35028416
1711632600,210.08,211.875,209.84,210.3,37675146
1711978200,210.77,210.8,207.96,208.32,25684202
1712064600,205.75,205.88,203.4,204.49,36632148
1712151000,203.38,206.4,203.28,205.83,27362771
1712237400,208.05,208.55,203.21,203.77,32265240
1712323800,203.14,205.695,202.88,204.45,27569379
1712583000,205.98,206.4197,204.58,205.57,21330997
1712669400,206.22,206.97,204.47,206.38,23330852
1712755800,201.18,202.93,199.54,200.93,57130471
1712842200,201.97,202.91,200.1,202.29,37184020
1712928600,201.23,201.91,197.68,198.69,35388674
1713187800,199.37,200.23,194.98,195.78,41119297
1713274200,194.41,196.24,193.36,195.06,43267541
1713360600,196.47,196.62,192.99,193,38589529
1713447000,193.7,195.655,192.15,192.84,40238247
1713533400,191.94,194.39,191.34,193.14,42666521
1713792600,194.21,196.295,192.9,195.3,31553034
1713879000,195.26,199.32,195.13,198.57,31838301
1713965400,198.17,198.9103,196.46,197.68,28791711
1714051800,195.44,196.83,193.77,196.48,31915561
1714138200,197,198.89,196.42,198.36,24613603
1714397400,199.25,200.41,198.88,199.96,20494587
1714483800,198.11,198.65,195.75,195.9,30606785
1714570200,195.88,200.32,195.025,196.31,38782082
1714656600,198.78,200.12,196.54,199.92,27200975
1714743000,203.41,204.16,201.12,201.9,30880550
1715002200,203.47,204.78,203.38,204.51,23129835
1715088600,204.77,206.15,204.5,204.97,20116900
1715175000,202.72,203.955,202.555,203.78,18349403
1715261400,203.97,205.99,203.41,205.86,22914286
1715347800,206.35,206.62,203.68,204.31,21520198
1715607000,206.08,206.55,204.6,204.74,18585253
1715693400,207.13,207.74,205.91,206.86,33169005
1715779800,209.21,209.77,207.72,209.44,33412261
1715866200,208.9,209.35,207.93,207.93,26731093
1715952600,208.01,208.52,207.35,208.08,35219779
1716211800,208.02,209.48,207.775,208.54,15695904
1716298200,207.83,208.69,207.59,208.34,13466831
1716384600,207.53,208.22,205.8,206.58,20853064
1716471000,207.51,207.62,202.35,203.19,34039800
1716557400,204.79,205.68,203.96,205.44,19946111
1716903000,206.97,207.09,203.965,205.16,18475884
1716989400,202.53,203.005,201.78,202.13,25654778
1717075800,203.515,204.939,203.0802,204.05,20537499
1717162200,204.95,206.28,203.08,205.77,25784884
1717421400,207.53,207.555,203.145,204.61,23902863
1717507800,203.15,204.5035,201.65,201.97,27098879
1717594200,203.3,205.06,201.79,205.06,20707600
1717680600,204.18,204.81,202.9875,203.59,17335520
1717767000,201.53,203.17,200.68,201.2,26036032
1718026200,199.52,202.13,199.01,201.89,25115566
1718112600,199.64,201.02,198.42,200.64,23768351
1718199000,205.87,207.27,203.1,203.72,43668731
1718285400,203.27,203.54,200.51,201.94,28021108
1718371800,199.56,200.04,197.94,198.73,33453696
1718631000,198.12,200.95,197.4088,200.4,25648144
1718717400,200.46,201.69,200.03,200.75,25446932
1718890200,200.32,201.86,199.22,199.9,27999724
1718976600,199.93,200.41,198.46,200.35,37570252
1719235800,200.69,202.69,200.53,201.22,22289621
1719322200,201.13,201.16,199.82,200.56,16150627
1719408600,199.33,200.58,198.8101,200.03,19313461
1719495000,200.63,202.15,199.96,202.06,17432582
1719581400,203.88,204.635,201.315,202.89,35025979
1719840600,203.52,203.82,200.48,201.19,21886193
1719927000,201.52,202.27,200.9034,201.88,17219144
1720013400,202.25,203.28,201.63,201.83,15167240
1720186200,201.21,201.625,199.88,200.87,17282455
1720445400,202.51,203.7,201.84,202.28,20823750
1720531800,201.92,202.52,200.53,201.4,17919120
1720618200,202.29,203.59,201.49,203.37,19286055
1720704600,207.9,211.225,206.94,210.68,65443645
1720791000,212.92,214.94,212.66,213.14,50810671
1721050200,214.79,218.24,214.3,217.19,48925277
1721136600,219.14,224.86,219.02,224.6,67945665
1721223000,222.36,226.64,221.66,222.25,66092050
1721309400,221.41,224.78,216.98,217.95,53179977
1721395800,217.63,218.65,215.85,216.84,37933460
1721655000,217.68,220.6499,215.38,220.29,36185946
1721741400,219.21,223.75,219.04,222.63,44884649
1721827800,221.07,223.86,217.715,217.85,42442980
1721914200,218.45,224.02,218.2,220.57,45053078
1722000600,223.9,225.39,221.7,224.22,40822646
1722259800,224.71,225.4172,220.77,221.73,33869689
1722346200,222.72,224.46,221.11,222.57,26876753
1722432600,223.71,228.63,221.98,223.86,52387681
1722519000,223.77,224.89,215.06,216.58,71508116
1722605400,208.85,211.19,206.99,208.92,66850204
1722864600,197.9,204.74,196.7,202.2,65683110
1722951000,203.01,207.25,201.2,204.4,37072537
1723037400,207.85,207.96,201.56,201.98,30594520
1723123800,204.42,207,203.17,206.89,26550311
1723210200,207.05,207.12,204.94,206.46,20954486
1723469400,206.61,206.98,203.82,204.6,20357893
1723555800,206.09,208.38,204.86,207.97,25458310
1723642200,208.63,208.75,205.74,206.68,25345557
1723728600,211.26,213.1,209.91,212.04,42561582
1723815000,211.37,213.98,211.28,212.6,30427401
1724074200,212.96,215.21,212.82,215.2,17246236
1724160600,214.89,214.95,212.05,212.69,21703874
1724247000,214.28,215.66,212.82,215.46,19623053
1724333400,215.57,216.37,213.13,213.56,18084250
1724419800,215.18,221.08,214.79,220.38,40003081
1724679000,221.93,222.45,220.08,220.45,24865547
1724765400,218.91,219.37,217.71,218.74,19577861
1724851800,217.87,219.115,216.27,217.26,19685018
1724938200,218.78,220.98,217.15,218.81,24599500
1725024600,219.71,220.5,217.4,220.08,23010461
1725370200,218.13,219.37,212.91,213.35,31338459
1725456600,212.76,215.37,211.7,212.99,23706257
1725543000,213.54,214.03,210.92,211.93,23910476
1725629400,211.93,213.19,207.14,207.9,34561311
1725888600,208.15,210.255,207.52,208.48,23584104
1725975000,208.72,208.86,205.791,208.31,23025689
1726061400,207.47,209.25,204.21,208.92,27175635
1726147800,209.91,212.78,208.41,211.61,27658533
1726234200,214.03,217.25,213.94,216.83,37388104
1726493400,217.63,218.285,216.14,217.61,23289005
1726579800,219.58,221.8,218.47,219.41,35563482
1726666200,219.23,224.94,218.25,219.45,54085216
1726752600,224.66,224.68,221.5,223.97,35369504
1726839000,223.45,223.46,221.29,221.57,34587474
1727098200,222.69,223.11,220.02,220.76,20157692
1727184600,221.63,221.93,219.5,221.13,20939810
1727271000,220.32,220.61,217.54,217.69,23242337
1727357400,220.49,221.13,218.38,218.85,24974650
1727443800,220.86,222.599,219.53,220.33,23959597
1727703000,219.42,221.59,218.58,220.89,21952206
1727789400,220.17,220.34,216.3,217.89,30015969
1727875800,216.99,218.75,216.21,217.59,14455444
1727962200,216.23,217.23,215.08,216.13,21353021
1728048600,219.29,219.98,217.29,219.15,27914834
1728307800,218.64,218.66,215.87,217.43,14891795
1728394200,217.63,218.37,216.7,217.58,18118575
1728480600,217.53,219.61,216.92,218.06,18230673
1728567000,215.9,216.88,214.6,216.85,24571442
1728653400,216.77,221.61,216.71,221.26,19950923
1728912600,221.45,223.11,220.4301,222.89,19263303
1728999000,222.57,225.5,221.98,223.07,25998753
1729085400,224.89,227.17,224.39,226.74,27656695
1729171800,226.91,226.96,224.91,226.12,18003629
1729258200,226.66,227.0299,225.39,225.65,20047352
1729517400,225.63,225.69,221.53,222.1,24243818
1729603800,221.47,221.83,220.3,221.26,15813923
1729690200,220.03,220.8,217.37,219.24,23263488
1729776600,220.43,221.04,218.525,219.72,18381921
1729863000,221.31,221.97,218.52,218.89,23807849
1730122200,220.79,222.97,220.48,222.46,19877718
1730208600,220.74,221.9,219.97,221.74,20282204
1730295000,221.07,224.48,220.9,221.44,19754849
1730381400,221.22,221.77,217.63,217.76,24078432
1730467800,219.5,220.97,218.34,218.98,21222177
1730730600,218.5,221.74,217.8401,220.09,20463671
1730817000,219.34,224.29,219.06,224.23,26404596
1730903400,236.59,237.58,232.75,237.22,75554567
1730989800,236.89,238.49,235.4,236.38,34970273
1731076200,235.93,238.465,235.65,238.12,26597830
1731335400,240.52,242.3899,239.85,241.7,29207686
1731421800,239.96,241.79,236.56,237.46,35314348
1731508200,238.95,239.88,234.832978,235.11,25947674
1731594600,235.95,236.43,231.21,231.94,29272066
1731681000,232.22,232.29,227.81,228.48,37930047
1731940200,229.22,230.6,228.13,228.93,29398814
1732026600,226.59,230.82,226.4,230.63,26009367
1732113000,230.23,230.93,228.04,230.93,24222668
1732199400,232.16,235.57,231.11,234.44,28679385
1732285800,235.64,239.235,235.33,238.77,22693129
1732545000,241.49,244.98,241.39,242.4,33533998
1732631400,241.18,241.6068,239.429,240.62,22581359
1732717800,242.01,243.69,240.44,240.95,19472811
1732890600,242.37,243.475,241.54,241.87,16782715
1733149800,242.24,242.66,240.01,241.75,25274751
1733236200,241.54,242.14,239.37,240.03,21376746
1733322600,240.28,241.67,239.21,240.89,19903043
1733409000,240.52,240.86,237.735,238.08,20227006
1733495400,239.79,239.89,238.38,238.93,20760908
1733754600,240.55,241.38,237.65,237.73,16684336
1733841000,237.58,238.815,235.92,236.7,19946465
1733927400,238.71,239.285,236.83,237.77,23156933
1734013800,237.16,237.65,234.35,234.68,21454510
1734100200,234.37,234.86,231.88,233.07,23972916
1734359400,232.91,235.63,232.35,234.44,32293518
1734445800,232.67,233.44,230.55,231.07,33064333
1734532200,232.24,233.076,218.92,220.84,52267523
1734618600,223.25,224.43,219.3299,219.86,51871702
1734705000,218.6,224.655,218.07,221.92,53882241
1734964200,221.74,222.4,219.38,221.41,29606797
1735050600,222.02,223.63,220.48,223.39,13399595
1735223400,222.42,226.1407,221.465,225.68,20085707
1735309800,224.29,225.44,220.2,222.39,26956047
1735569000,220.67,221.81,217.85,220.68,25706127
1735655400,222.12,223.28,220.15,220.96,26208298
1735828200,222.93,224.37,219.596,221.14,29362959
1735914600,222.07,224.82,221.38,224.43,24525330
1736173800,225.76,227.17,224.14,224.52,23541877
1736260200,225.58,226.515,221.38,222.72,28835228
1736346600,220.9,222.31,219.0121,221.71,26795947
1736519400,218.31,218.71,215.31,216.83,37379430
1736778600,214.5,217.515,213.97,217.25,28603831
1736865000,219.18,220.225,217.22,219.72,25447518
1736951400,225.44,225.575,223,224.04,30124684
1737037800,224.15,225.23,222.71,224.49,21029804
1737124200,226.93,226.9692,224.67,225.46,26754914
1737469800,227.52,229.89,226.985,229.79,26086309
1737556200,229.35,229.85,227.83,228.29,21307329
1737642600,226.93,229.35,226.55,229.33,20850721
1737729000,228.82,230.23,228.04,228.69,19074526
1737988200,226.71,229.62,225.21,226.5,27461720
1738074600,226.74,227.56,225.18,226.75,16847369
1738161000,226.68,228.22,224.58,226.23,20280453
1738247400,228.52,230.05,226.92,228.53,25575054
1738333800,228.75,230.32,225.535,226.48,35348792
1738593000,221.51,225.55,220.67,223.83,34023345
1738679400,223.6,227.13,223.21,226.93,17985502
1738765800,228.06,229.5,226.8893,229.4,15197293
1738852200,230.51,230.7,227.3,228.65,18809380
1738938600,228.85,229.2499,225.58,226,28914429
1739197800,227.37,227.52,225.86,227.02,14574663
1739284200,225.05,226.42,224.805,225.7,18215717
1739370600,222.26,224.48,221.79,223.62,25572759
1739457000,225.04,226.34,223.75,226.14,21419398
1739543400,227.27,227.98,225.61,225.97,13574522
1739889000,226.15,227.6699,225.51,227.21,15166519
1739975400,225.41,227.15,225.08,226.43,16194794
1740061800,226.01,226.19,223.01,224.26,18507741
1740148200,226,226.3576,217.46,217.8,45036913
1740407400,218.79,218.79,215.15,216.23,30246231
1740493800,216.37,217.27,213.49,215.41,33665070
1740580200,216.06,218.41,214.84,215.68,25464168
1740666600,215.64,216.49,212.22,212.39,29378527
1740753000,211.64,214.66,210.955,214.65,32015381
1741012200,215.4,215.96,207.42,208.78,36330030
1741098600,205.93,209.77,203.19,206.42,56427050
1741185000,206.45,208.84,204.82,208.47,35778458
1741271400,205.78,208.12,203.9,205.28,39206266
1741357800,204.97,207.11,201.73,205.95,43513963
1741613400,203.44,204.74,198.75,200.77,39442839
1741699800,201.12,203.22,198.53,200.75,51509686
1741786200,203.05,203.75,199.55,201.1,36881730
1741872600,201.27,202.025,197,198.1,31336882
1741959000,200.24,203.07,199.34,202.89,34089406
1742218200,202.71,206.02,202.6,205.45,26947562
1742304600,203.85,203.92,202.345,203.21,22887966
1742391000,203.35,207.68,202.9,206.37,31595576
1742477400,204.32,207.3,204.195,205.06,25665925
1742563800,202.72,204.415,201.76,203.79,39470240
1742823000,206.96,209.23,206.69,208.86,25774694
1742909400,208.69,209.27,207.09,207.7,17836895
1742995800,207.96,208.82,204.68,205.59,19422394
1743082200,205.33,206.35,203.76,204.61,23960035
1743168600,204.54,204.58,199.38,200.45,26656150
1743427800,197.48,200.64,195.49,199.49,32250760
1743514200,198.99,201.23,196.66,199.51,26054120
1743600600,196.78,203.33,196.54,202.66,36603040
1743687000,193.11,195.0599,189.2,189.65,60551537
1743773400,182.61,184.05,176.67,181.19,92612780
1744032600,174.32,190.25,171.73,179.55,96706222
1744119000,185.69,185.92,172.34,174.82,61090556
1744205400,172.72,192.11,171.74,189.68,123015115
1744291800,184.52,185.48,176.98,181.71,67503008
1744378200,181.14,184.85,178.58,184.36,44954386
1744637400,187.81,187.97,183.05,186.53,35214609
1744723800,186.34,189.05,185.84,186.76,30715458
1744810200,185.7,186.73,182.56,184.97,35063316
1744896600,184.99,187.43,184.46,186.48,42359249
1745242200,185,185.29,180.765,182.74,26018999
1745328600,185.15,188.1,184.55,187.47,34477053
1745415000,192.92,195.51,189.84,190.25,44866133
1745501400,190.76,194.37,189.89,194.06,29820132
1745587800,192.72,194.26,191.55,194.12,25028968
1745847000,194.5,196.15,192.53,194.94,22482254
1745933400,194.47,196.86,193.01,196.09,20118155
1746019800,193.14,195.48,190.721,194.86,29046138
1746106200,195.71,197.67,193.74,196.07,33169717
1746192600,198.33,201.21,198.18,200.48,30201787
1746451800,198.57,200.5,198.08,198.94,20834208
1746538200,196.59,198.59,195.64,196.77,24642149
1746624600,198.1,198.56,196.04,197.42,24027152
1746711000,199.77,202.735,198.26,201.18,32646309
1746797400,201.54,202.28,199.96,200.81,17203045
1747056600,208.84,209.73,205.82,207.87,38207233
1747143000,208.93,209.61,207.96,208.63,28295839
1747229400,208.04,208.54,206.53,206.78,26316119
1747315800,206.58,208.19,205.39,208.13,21563654
1747402200,208.42,210.13,207.78,209.85,28906392
1747661400,206.8,209.09,206.26,208.97,25859569
1747747800,208.66,209.755,207.96,209.08,22053136
1747834200,206.63,207.61,202.84,203.21,36704354
1747920600,202.29,204.37,201.53,203.2,31831347
1748007000,199.78,203.255,199.65,202.56,29114602
1748352600,205.64,207.75,204.16,207.7,31655884
1748439000,207.71,208.03,205.2,205.51,26046664
1748525400,206.95,207.06,204.47,206.12,32797660
1748611800,205.14,206.245,203.54,205.07,37768909
1748871000,205.32,205.84,202.67,205.71,30334304
1748957400,206.46,209.605,205.55,209.03,37702195
1749043800,209.18,210.01,208.14,208.44,27225338
1749130200,208.7,209.83,207,208.53,35778310
1749216600,211.5,212.1284,210.6,211.9,32144457
1749475800,213.87,214.28,212.55,213.36,33984448
1749562200,214.46,215.43,213.81,214.51,30182222
1749648600,215.58,215.93,213.3,213.63,31113379
1749735000,212.17,213.265,211.63,212.78,25366979
1749821400,209.84,211.44,208.22,208.89,60579985
1750080600,210.48,211.95,209.64,210.77,28974028
1750167000,209.06,210.45,208.37,208.55,32843165
1750253400,208.44,211.39,207.78,209.65,42850532
1750426200,211.11,211.25,208.46,209.21,36978134
1750685400,208.48,211.78,206.81,211.77,35516436
1750771800,213.29,214.93,212.36,214.47,31772547
1750858200,214.655,214.73,211.89,211.97,27725576
1750944600,212.83,215.545,212.7,215.41,26261197
1751031000,216.05,217.405,214.125,215.48,47717340
1751290200,216.68,216.71,215.39,215.79,25558000
1751376600,214.62,220.525,214.1499,218.01,43864836
1751463000,218.37,221.095,217.36,221.03,35735202
1751549400,222.01,223.33,221.77,223.08,23515741
1751895000,221.57,222.82,218.41,219.73,41551196
1751981400,220.58,222.29,220.33,221.25,36339315
1752067800,222.57,223.69,221.115,223.65,32425152
1752154200,223.39,226.05,222.86,224.8,33865885
1752240600,223.17,223.54,221.5727,221.7,31579641
1752499800,221.37,223.335,221.06,223.19,24632248
1752586200,224.07,224.23,218.79,218.82,44215375
1752672600,220.22,221.365,216.91,221.02,48199763
1752759000,221.08,224.2,220.71,223.92,43548026
1752845400,225.29,225.36,221.98,222.33,49009884
1753104600,223.54,224.41,221.25,221.43,28191417
1753191000,221.62,223.81,220.66,223.27,30873278
1753277400,224.82,226.71,224.065,226.68,37478061
1753363800,225.515,225.8499,223.48,223.55,29446650
1753450200,224.42,224.595,222.54,224.38,24555538
1753709400,225.32,225.44,223.43,224.12,24934940
1753795800,225.61,225.69,222.055,222.69,28685904
1753882200,223.66,224.931,220.12,221.56,48924406
1753968600,220.455,222.02,218.88,219.39,42913929
1754055000,216.22,216.56,212.34,214.92,63854124
1754314200,216.55,219.74,216.08,219.73,34989623
1754400600,220.56,221.26,218.235,220.85,31337056
1754487000,220.95,220.99,219.38,220.56,23142100
1754573400,222.76,222.84,218.505,219.84,37088008
1754659800,221.07,221.57,219.74,220.32,28318098
1754919000,220.77,221.68,219.81,220.27,25212844
1755005400,221.85,226.975,221.15,226.81,43991900
1755091800,228.26,231.46,227.83,231.22,41705784
1755178200,228.44,228.8,226.17,228.24,55945507
1755264600,228.64,228.78,226.035,227.13,33571448
1755523800,227.21,228.46,226.94,227.96,20144107
1755610200,228.02,228.98,225.685,226.21,25000687
1755696600,225.93,226.375,223.69,225.41,29229749
1755783000,224.41,226.32,223.78,225.97,24539360
1755869400,227.37,235.42,227.18,234.83,58205537
1756128600,234.14,234.3,232.36,232.36,28453657
1756215000,232.83,234.87,232.59,234.28,25121535
1756301400,233.74,236.12,233.555,235.94,25395394
1756387800,236.96,236.97,235.345,236.22,25011198
1756474200,236.74,237.02,234.37,235.17,29254768
1756819800,231.99,234.4,231.47,233.9,33108624
1756906200,233.27,235.26,232.46,233.67,33252351
1756992600,234.23,236.6665,233.58,236.59,30323833
1757079000,237.72,239.68,234.95,237.77,47542498
1757338200,238.51,238.56,236.39,238.25,31487732
1757424600,237.9,237.96,235.42,236.85,35395784
1757511000,237.305,238.27,235.46,236.43,33910156
1757597400,236.85,240.9295,236.24,240.8,43629818
1757683800,240.2,240.32,238.195,238.34,46097640
1757943000,239.23,240.04,238.55,239.35,33014031
1758029400,238.45,238.93,236.76,238.28,37059322
1758115800,238.82,244.28,237.02,238.89,79955604
1758202200,240.8,245.15,240.13,244.84,49167670
1758288600,245.57,245.57,242.51,242.98,56092037
1758547800,242.24,244.785,241.11,244.39,53572930
1758634200,245.01,247.175,243.44,243.84,41854513
1758720600,243.9,244.61,241.555,241.6,36002182
1758807000,238.98,239.99,237.55,239.29,37209480
1758893400,239.62,241.68,239.3344,241.34,28942766
1759152600,242.84,242.93,240.81,241.62,26391483
1759239000,241.11,242.125,239.4,241.96,33447721
1759325400,240.57,243.04,240.55,242.49,28519998
1759411800,243,244.09,241.47,244.02,28687401
1759498200,245.35,248.09,245.03,245.83,34579610
1759757400,247.73,248.475,246.065,246.81,31507374
1759843800,247.36,247.64,243.19,244.16,31766601
1759930200,245.28,246.955,243.8,246.72,25824957
1760016600,246.31,247.25,244.01,245.13,26243148
1760103000,245.75,246.885,237.56,237.79,70569415
1760362200,241.83,244.63,241.4001,244.41,36298626
1760448600,241.23,249.6,240.36,247.9,45320805
1760535000,250.36,252.77,247.06,250.33,45369046
1760621400,250.97,251.26,244,245.06,52740394
1760707800,243.32,245.16,241.47,243.41,55379514
1760967000,246.62,248.33,246.14,248.16,32545025
1761053400,247.43,248.365,245.505,246.99,26337895
1761139800,246.03,246.86,240.765,243.34,46578446
1761226200,244.29,247.12,243.68,246.42,28591002
1761312600,249.8,251.11,248.97,249.43,26627005
1761571800,251.78,252.21,249.5,250.3,31798148
1761658200,249.55,250.9,248.11,248.96,28075893
1761744600,248.84,251.14,244.69,246.84,55951795
1761831000,245.27,248.14,244.63,244.85,44538747
1761917400,244.99,246.79,243.69,246.23,37214671
1762180200,246.17,246.26,242.485,245.44,28887904
1762266600,241.79,244.06,240.995,241.2,34468704
1762353000,241.955,245.7297,241.64,244.68,38229168
1762439400,244.26,244.785,240,240.35,40601196
1762525800,238.41,241.66,236.2744,241.61,54978865
1762785000,245.01,245.24,242.25,244.03,31238018
1762871400,243.37,244.74,242.52,244.24,27357866
1762957800,244.84,246.375,243.33,243.64,34543226
1763044200,241.84,242.68,235.84,236.79,65709950
1763130600,233.34,238.725,233.27,237.48,58344442
1763389800,236.46,237.84,231.755,232.76,55765896
1763476200,231.31,235.08,230.955,233.47,63092497
1763562600,233.8,236.37,232.43,233.43,57280548
1763649000,237.24,239.1,228.9,229.11,95483018
1763735400,229.96,237.11,229.58,235.6,99504106
1763994600,235.96,240.385,235.48,239.9,36135317
1764081000,240.74,245.55,240.04,245.13,46160790
1764167400,245.05,248.825,244.77,247.3,34636590
1764340200,248.01,248.81,247.07,248.75,18911812
1764599400,245.57,247.685,245.335,245.62,36919964
1764685800,247.37,247.37,245.12,245.17,31918469
1764772200,245.97,249.835,245.48,249.63,32846272
1764858600,248.97,252.66,248.54,251.82,40245796
1764945000,251.485,252.66,250.275,250.77,36956621
1765204200,252.7,252.77,250.18,250.87,29100029
1765290600,250.25,252.95,250.1,251.39,30170111
1765377000,250.9,256.565,250.54,254.81,51105179
1765463400,254.64,258.01,254.32,257.8,41345164
1765549800,257.95,258.2,253.44,253.85,57657743
1765809000,255.545,255.685,251.74,251.93,43120086
1765895400,250.34,252.16,248.47,249.9,43115263
1765981800,250.37,252.16,246.695,247.24,38132440
1766068200,250.18,251.355,248.21,248.71,39067968
1766154600,249.28,251.3999,249.06,250.79,43610403
1766413800,252.28,255.115,252.2,253.58,40497273
1766500200,252.42,253.22,251.46,252.08,24973497
1766586600,251.97,252.86,251.12,252.71,12102974
1766759400,252.58,252.75,250.395,251.42,17429945
1767018600,250.26,251.5,249.35,249.88,25218779
1767105000,249.97,250.15,247.95,248.03,22123639
1767191400,248.18,248.28,246.01,246.16,35351972
1767364200,247.63,249.09,245.86,248.78,40007650
1767623400,249.79,253.55,249.57,252.73,37428056
1767709800,252.24,256.25,251.52,256.08,40677781
1767796200,256.4,256.795,253.97,255.48,33052026
1767882600,254.7,258.93,254.36,258.27,37957029
1767969000,259.58,261.56,258.09,260.23,36301546
1768228200,259.28,261.66,258.24,261.5,28423355
1768314600,262.405,262.885,260.46,261.35,33882364
1768401000,261.13,263.46,260.19,263.19,37164298
1768487400,264.06,267.045,263.73,265.51,33465208
1768573800,265.865,267.215,264.71,265.76,33844875
1768919400,261.14,265.0799,261.06,262.58,47911489
1769005800,264.64,268.59,262.92,267.79,59952798
1769092200,269.83,271.595,269.42,269.79,35110779
1769178600,269.04,269.05,264.46,264.81,42636691
1769437800,265.07,266.69,263.49,263.98,32119332
1769524200,264.05,264.86,262.66,264.73,26975518
1769610600,265.98,266.675,262.56,263.3,37139119
1769697000,264.07,265.06,259.41,263.37,43922928
1769783400,261.07,262.98,257.94,259.65,59164154
1770042600,258.48,263.77,258.35,262.18,42896193
1770129000,263.06,265.0599,258.551,262.78,54588013
1770215400,264.16,264.65,257.14,260.52,48826545
1770301800,258.5,261.62,255.05,255.83,48279639
1770388200,259.74,265.72,259.58,265.02,43354860
1770647400,264.84,267.67,263.34,266.88,29064849
1770733800,267.23,268.52,265.88,266.16,24661655
1770820200,268.47,268.96,262.1,264.95,41829428
1770906600,267.02,267.46,258.39,259.54,47628169
1770993000,260.6,265.17,258.51,262.96,45360322
1771338600,262.375,264.36,259.06,263.04,33734782
1771425000,263.03,266.91,261.85,263.99,36034689
1771511400,262.57,264.64,261.075,264.6,31005952
1771597800,262.85,267.33,262.14,264.61,47126576
1771857000,263.4,264.37,258.1,260.49,44001083
1771943400,260.4,264.14,259.86,263.33,34884242
1772029800,265.25,265.2814,262.43,264.58,26012137
1772116200,265.01,266.235,262.12,265.99,41206465
1772202600,262.095,262.76,259.77,261.41,40631480
1772461800,257.81,264.28,257.79,263.81,53495715
1772548200,256.8,261.12,253.31,259.24,59536971
1772634600,261.2,262.96,258.82,261.76,37979725
1772721000,258.99,260.755,254.16,256.76,60414629
1772807400,251.49,253.2999,249.94,250.89,64191990
1773063000,247.59,254.65,244.39,253.62,65369511
1773149400,252.96,257.65,252.4,253.36,55879095
1773235800,252.34,254.38,250.58,252.85,50418071
1773322200,248.94,249.805,246.575,247.41,61802935
1773408600,249.26,250.61,245.535,246.59,53933299
1773667800,249.76,251.465,248.31,248.92,48755653
1773754200,249.87,251.71,248.96,250.05,40642765
1773840600,248.41,249.23,245.88,246.02,43192622
1773927000,243.03,250.085,242.52,247.63,59219537
1774013400,246.97,247.5,240.33,242.22,76749856
1774272600,247.17,251.36,246.11,247.45,78746581
1774359000,245.51,250.16,244.6,248.78,45210764
1774445400,251.74,253.07,249.52,251.82,45671741
1774531800,248.89,251.86,247.16,247.44,46830212
1774618200,246.01,246.74,242.41,243.1,48114404
1774877400,245.35,245.37,238.69,239.61,51290488
1774963800,243.04,248.92,242.24,248,58660823
1775050200,249.92,252.44,249.11,249.56,51295864
1775136600,244.94,252.37,244.87,251.29,30369203
1775482200,250.99,253.05,250.25,252.36,22151444
1775568600,251.21,253.48,249.52,252.91,34881919
1775655000,261.52,262.27,258.41,260.47,46680248
1775741400,258.78,262.9,258.78,261.96,26758382
1775827800,262.4,262.75,260.34,261.3,22365908
1776087000,260.24,265.36,260.02,265.07,23820000
1776173400,267.09,269.42,266.28,268.72,24270358
1776259800,268.78,269.585,267.59,269.39,21670617
1776346200,269.45,270.35,268.05,269.95,30847915
1776432600,273.74,277.63,273.115,275.78,46462704
1776691800,274.65,277.665,274.53,277.35,22993851
1776778200,278.175,279.79,273.76,274.51,32235226
1776864600,277.59,278.01,274.9,276.48,20274267
1776951000,276.73,277.87,271.95,275.52,32886591
1777037400,276.67,278.13,274.23,276.65,21568587
1777296600,276.82,278.24,276.25,277.14,23399408
1777383000,276.05,276.97,272.915,273.91,24139406
1777469400,273.92,274.38,270.36,272.08,29428947
1777555800,273.13,278.22,272.44,277.97,29220714
1777642200,278.66,279.81,276.57,279.28,28936703
1777901400,278.7,280.79,276.1,277.88,28632338
1777987800,280.13,282.945,280,282.56,24863175
1778074200,285.36,287.045,283.36,286.8,23330334
1778160600,287.53,287.58,281.15,282.26,28350394
1778247000,284.035,284.97,282.61,284.17,22474309
1778506200,284.92,287.05,284.59,285.33,20150350
1778592600,284.04,284.06,278.28,282.57,27404639
1778679000,282.92,283.56,279.93,282.67,20742270
1778765400,283.84,285.655,281.96,284.45,17428746
1778851800,280.3,280.33,277.24,277.6,35407975
1779111000,278.74,279.08,273.94,275.97,27243341
1779197400,273.805,275.075,270.63,273,30276939
1779283800,274.91,280.09,273.41,279.87,31562006
1779370200,278.66,283.68,277.15,282.49,31680475
1779456600,284.1,286.61,283.67,285.12,23849296
1779802200,288.39,290.55,287.74,290.51,24506452
1779888600,291.16,291.72,289.31,290.37,24519854
1779975000,289.64,292.74,287.98,292.03,23710563
1780061400,291.38,291.41,288.33,290.43,26961014
1780320600,288.37,290.61,286.27,288.98,23826067
1780407000,288.46,291.865,288.4,291.66,18378829
1780493400,289.99,290.01,286.78,287.67,29167270
1780579800,287.56,292.875,286.66,292.01,24307765
1780666200,289.1,289.395,280.15,281.65,35812836
1780925400,285.51,286.84,283.575,284.11,27277379
1781011800,287.18,290.87,277.62,285.02,41761260
1781098200,284.59,289,281.76,282.05,39285001
1781184600,284.44,291.06,284.07,290.41,41468782
1781271000,291.63,295.72,290.31,292.95,34415247
1781530200,296.56,297.91,293.92,294.64,23888987
1781616600,295.5,296.8,291.58,292.08,23807721
1781703000,292.47,295.82,288.93,289.88,39920145
1781789400,294.55,295.97,291.42,295.59,32463155
1782135000,297.13,299.49,296.16,298.18,22796223
1782221400,293.26,297.75,292.4,295.32,26821708
1782307800,295.88,299.69,294.69,296.69,28664854
1782394200,299.52,301.5,296.73,298.91,27666109
1782480600,296.6,300.03,295.73,299.83,39832520
1782739800,298.11,299.16,294.68,298.97,24834054
1782826200,298.56,300.98,297.44,300.45,23230275
1782912600,299.93,302.72,298.92,299.32,20607882
1782999000,300.54,302.23,294.98,297.58,21236397
1783344600,297.75,300.41,297.62,298.9,18581286
1783431000,299.17,299.972,295.18,296.19,18057100
1783517400,294.03,295.1,290.68,293.48,24078351
1783603800,295.27,297.88,294.9,297.24,16466826
1783690200,297.69,298.21,293.62,295.99,15888497
1783949400,295.06,295.78,292.6,293.48,19375486
1784035800,295.49,296.065,293.75,294.51,18326926
1784122200,295.25,297.14,294.15,295.77,18832738
1784208600,294.65,297.81,294.345,295.59,24081328
1784295000,292.03,296.13,291.64,294.04,28738549
1784554200,295.01,295.99,292.18,292.31,20539883
1784640600,293.43,296.75,292.68,296.54,18190168
1784727000,295.7,296.44,293.41,293.79,19115991
1784813400,290.87,293.01,290.17,292.09,27795137
1784899800,293.41,293.97,290.48,291.17,19771042
1785159000,293.98,295.52,291.1101,292.91,19445522
1785245400,293.16,293.77,290.375,293.37,20531085
1785331800,292.49,293.665,288.26,288.57,33297418
1785418200,291.15,292.84,288.96,292.59,22198835
1785504600,293.56,293.95,287.83,291.2,28350652
1785763800,292.9,296.66,292.4,296.22,23175699
1785850200,297.59,302.39,297.22,301.71,20751765
1785936600,302.43,303.06,299.75,299.77,17791023
1786023000,299.6,301.38,297.95,298.25,16314113
1786109400,300.46,302.03,299.795,301.56,18416787
1786368600,300.51,301.39,299.08,299.98,16226875
1786455000,300.93,301.99,300.6,300.99,14942813
1786541400,303.02,303.41,301,302.71,15480555
1786627800,304.04,305.05,302.72,303.5,14719318
1786714200,303.28,305.18,302.74,305.09,13163356
1786973400,303.96,304.33,303.23,304.06,14546781
1787059800,302.45,303.15,300.11,300.23,18263746
1787146200,302.88,303.4105,301.23,301.72,14995740
1787232600,299.27,300.04,297.04,297.67,21638740
1787319000,299.85,300.33,298.17,299.96,22949563
1787578200,299.55,299.74,297.4,297.97,12868866
1787664600,299.6,299.78,297.97,299.23,14617956
1787751000,298.64,299.95,298.13,298.93,10555686
1787837400,298.77,300.315,298.14,299.81,13668343
1787923800,299.7,300.39,295.67,295.75,19061314
1788183000,295.09,295.35,292.705,293.93,20883439
1788269400,291.98,292.94,289.97,290.57,22801606
1788355800,291.54,294.35,291.19,294.01,22395195
1788442200,295.79,296.18,293.43,295.19,16651234
1788528600,293.7,296.18,293.56,296.01,13960290
1788874200,295.34,296.1,294.26,294.67,17332381
1788960600,293.46,294.155,290.31,290.64,19141732
1789047000,288.48,289.83,287.18,287.7,27044693
1789133400,290.71,291.44,288.77,288.89,26358499
