t,o,h,l,c,v
1412602200,105.68,106,104.365,104.86,5016549
1412688600,104.46,104.46,102.34,102.39,8409384
1412775000,102.43,105.03,102.0401,104.91,8336957
1412861400,104.63,104.86,101.79,102.08,10677257
1412947800,102.35,102.53,101.23,101.23,9988521
1413207000,101.46,101.46,99.02,99.12,10341254
1413293400,100.53,100.9,95.34,97.01,20808277
1413379800,96.05,98.72,95.1,98.21,21905946
1413466200,96.97,98,96.5,96.78,14575531
1413552600,97.54,99.15,97.31,98.7,12281405
1413811800,98.83,99.2,98.32,99.2,7991982
1413898200,99.83,100.38,99.34,100.36,7288282
1413984600,101.1,101.79,100.52,101.22,9364649
1414071000,102.26,102.98,101.94,102.63,7570675
1414157400,102.95,103.29,102.2056,103.13,5973242
1414416600,103.07,104.24,103.035,104.07,7044535
1414503000,104.55,104.8,103.56,104.79,10347753
1414589400,105,105.56,104.86,105.56,8188368
1414675800,105.17,107.05,104.91,107.04,9068343
1414762200,107.94,108.18,107.26,107.78,10803709
1415025000,107.83,108.12,106.75,107.46,7084618
1415111400,107.89,108.73,107.34,108.62,9349214
1415197800,109.05,109.26,107.95,108.82,6966795
1415284200,108.93,109.32,108.55,109.01,6200277
1415370600,109,109.03,107.92,108.2,6652571
1415629800,108.07,108.92,107.2,108.82,7573288
1415716200,108.88,109.4,108.55,108.91,6229047
1415802600,108.67,109,108.3862,108.75,4895939
1415889000,109.05,109.49,108.5,109.07,4859955
1415975400,108.92,109.06,108.01,108.16,5650746
1416234600,108,108.69,107.61,108.3,5232983
1416321000,108.13,109.06,107.72,108.83,5407151
1416407400,108.45,108.81,108.1,108.76,5217829
1416493800,108.55,108.57,107.69,108.18,8090667
1416580200,108.73,108.73,107.62,107.86,8417378
1416839400,107.92,108.23,106.64,106.88,9097994
1416925800,106.98,107.19,106.7,106.7,7367894
1417012200,106.77,107.25,106.6,107.21,5503702
1417185000,107.61,108.82,107.33,108.25,5881239
1417444200,107.89,108.813,107.35,108.03,5638779
1417530600,107.97,108.53,107.5,108.51,6184380
1417617000,108.54,108.99,107.65,107.72,8957411
1417703400,108.09,108.3,107.38,107.56,6813598
1417789800,107.53,108.74,107.221,108.51,6449739
1418049000,108.42,108.88,108.1405,108.52,6500735
1418135400,108.22,108.47,106.89,108.05,7214300
1418221800,107.61,107.96,106.15,106.24,9416414
1418308200,105.85,107.305,105.36,106.72,7114640
1418394600,106.65,106.87,104.39,104.43,8334704
1418653800,104.77,105.06,103.63,103.96,12110559
1418740200,103.48,105.21,102.5,102.76,10212440
1418826600,103.27,104.49,102.7,104.07,10207637
1418913000,105.62,106.82,104.74,106.81,11756825
1418999400,106.63,107.39,105.5,105.55,19154418
1419258600,105.69,106.83,105.67,106.74,8124539
1419345000,106.66,106.91,103.92,104.28,10181076
1419431400,104.38,105.33,104.38,104.59,3420184
1419604200,105.07,105.69,104.69,105.06,2951001
1419863400,104.64,105.69,104.61,105.33,4273424
1419949800,105.42,105.8,105.06,105.36,4371735
1420036200,105.61,106.11,104.54,104.57,6202118
1420209000,105.05,105.55,104.13,104.52,5756961
1420468200,104.48,104.73,103.682,103.79,8079279
1420554600,104.34,104.99,102.94,103.28,7428022
1420641000,103.91,105.83,103.81,105.56,7931714
1420727400,106.06,106.49,105.75,106.39,9925854
1420813800,106.5,106.5,104.75,104.94,7364760
1421073000,105.17,105.82,104.3,104.58,6838966
1421159400,105.44,106.33,104.24,104.76,10155188
1421245800,103.86,104.43,103.51,104,8887694
1421332200,102.97,103.93,101.95,102.49,10834811
1421418600,102.06,104.62,102,104.04,14092276
1421764200,101.55,102.05,100.26,101.29,20467800
1421850600,100.56,102.1,100.4,101.9,11702890
1421937000,102.39,103.83,101.57,103.76,9036608
1422023400,102.94,102.97,101.9397,102.2,10125960
1422282600,101.8,102.45,101.21,102.26,8962787
1422369000,101.83,102.7671,100.93,102.09,10160531
1422455400,102.48,102.93,101.44,101.48,9053222
1422541800,101.51,102.46,100.67,102.38,7569330
1422628200,101.58,102,100.09,100.14,10676345
1422887400,100.49,100.85,99.38,100.83,8990701
1422973800,101.4,102.56,101.12,102.46,10005207
1423060200,102.12,102.45,101.02,101.36,9514074
1423146600,101.57,102.56,101.46,102.46,6642224
1423233000,102.11,102.45,100.83,101.1,9215663
1423492200,101.06,101.06,99.1,99.78,9851745
1423578600,100.19,100.7,99.425,100.35,12275450
1423665000,100.46,100.79,99.95,100.38,8177011
1423751400,100.5,100.54,97.15,98.44,25835156
1423837800,98.44,99.67,98.33,99.62,11153595
1424183400,99.39,100.48,99.12,100.44,8627082
1424269800,100.7,100.94,99.38,99.96,7878157
1424356200,99.95,100.84,99.61,100.7,10028180
1424442600,100.18,100.366,99.11,100.26,10085673
1424701800,100.74,100.77,99.8,100.18,6878246
1424788200,100.25,101.05,100,100.7,6588073
1424874600,100.94,101.29,100.16,101.21,9683963
1424961000,101.38,103.18,101.22,102.8,11437890
1425047400,103.04,103.33,102.48,102.51,8500014
1425306600,102.86,103.41,102.7,103.22,7277612
1425393000,103.1,103.1,101.81,102.34,6419659
1425479400,102.12,102.12,101.17,101.65,8665474
1425565800,102.07,103.21,102,102.52,8042336
1425652200,102.09,102.43,99.88,100.11,9287621
1425907800,100.2,100.92,99.76,100.66,5701061
1425994200,99.99,100.44,99.51,99.53,8735743
1426080600,99.83,99.83,98.22,98.32,9138141
1426167000,98.96,100.24,98.83,99.83,8317996
1426253400,99.85,100.05,98.6393,99.21,7821813
1426512600,99.74,101.07,99.74,101.06,7726509
1426599000,100.11,100.52,99.41,99.89,7301526
1426685400,99.89,101.74,99.13,101.46,7972458
1426771800,101.04,101.955,100.91,101.69,6863107
1426858200,101.87,102.9,101.76,102.4,12433761
1427117400,102.47,103.35,102.23,102.98,9015961
1427203800,102.83,103.23,101.93,101.96,8390708
1427290200,101.85,102.5,100.34,100.34,8444099
1427376600,99.95,100.81,99.56,100.14,9972373
1427463000,100.28,100.95,100.15,100.34,5847382
1427722200,101.24,101.86,100.76,101.55,6061170
1427808600,100.97,101.49,100.59,100.6,8027954
1427895000,100.46,100.46,98.61,99.15,11368126
1427981400,99.44,99.99,98.89,99.64,6097146
1428327000,98.84,99.56,98.04,99.16,9697623
1428413400,99.55,100.87,99.433,100.1,7900303
1428499800,99.84,100.45,99.6,100.16,7354110
1428586200,100.57,101.65,100.33,101.33,8073887
1428672600,101.33,102.14,100.93,102.06,6786456
1428931800,101.54,101.98,100.55,100.55,10753497
1429018200,101.05,101.46,100.185,100.52,9322175
1429104600,100.54,101.24,100.33,100.6,8237103
1429191000,100.27,100.3199,99.77,99.79,7324783
1429277400,99.37,99.8515,99.11,99.58,11084248
1429536600,100.26,100.88,100.05,100.21,6668541
1429623000,100.66,100.99,100.16,100.3,6532698
1429709400,100.63,100.8,99.96,100.43,4764283
1429795800,100.5,100.82,99.91,100.46,7351494
1429882200,100.11,101.529,100,101.08,6566915
1430141400,101.16,101.6,100.47,100.58,9113861
1430227800,100.45,100.9455,99.31,100.74,7484612
1430314200,100.51,100.61,99.9,100.39,8926249
1430400600,100.07,100.15,98.77,99.2,10170628
1430487000,99.62,100.39,99.62,100.13,6255973
1430746200,100.33,100.55,100.16,100.35,5532387
1430832600,100.13,100.29,99.29,99.5,8828129
1430919000,99.62,99.87,98.66,99.17,8030769
1431005400,98.94,100,98.91,99.66,6401552
1431091800,100.48,101.67,100.443,101.47,7508622
1431351000,101.32,101.66,101.01,101.03,5698884
1431437400,100.88,101.05,100.28,100.47,6903070
1431523800,100.68,101.13,100.47,100.55,5826750
1431610200,100.97,101.87,100.95,101.83,5454009
1431696600,101.98,102.32,101.67,102.3,6023543
1431955800,102.37,104.34,102.32,103.42,10479584
1432042200,103.66,104.12,103.2549,103.96,7724081
1432128600,104.42,104.48,103.31,103.6,7146547
1432215000,102.91,103.3007,102.34,102.42,6875627
1432301400,102.27,102.41,101.33,101.35,6216965
1432647000,101.23,101.55,100.58,100.82,7918872
1432733400,101.01,101.41,100.8,101.13,9297934
1432819800,101.01,101.7,100.81,101.15,5700051
1432906200,101.55,101.62,99.83,100.14,9957798
1433165400,100.28,100.6,99.72,100.04,7298085
1433251800,99.92,100.24,99.1,99.98,8312446
1433338200,100.32,100.43,99.84,100.09,5375153
1433424600,99.94,100.47,99.06,99.23,8057860
1433511000,98.99,99.05,98.2,98.59,7557268
1433770200,98.6,98.98,97.96,97.96,7054613
1433856600,98.44,98.54,97.8,98.21,7844315
1433943000,98.48,99.55,98.2,98.88,10025139
1434029400,99.2,99.8,98.83,99.24,6175188
1434115800,98.88,99.229,98.12,98.35,8717217
1434375000,97.75,97.87,97.01,97.49,6833452
1434461400,97.5,98.49,97.1,98.36,6049522
1434547800,98.38,99.1199,98.15,98.73,6155753
1434634200,98.86,100.55,98.71,100.36,8815756
1434720600,99.88,100.2,99.78,99.86,11653584
1434979800,100.6,100.84,99.99,100.09,5055871
1435066200,100.1,100.36,99.48,99.78,6046627
1435152600,99.51,99.81,99.07,99.33,7254699
1435239000,99.5,99.98,99.11,99.12,6581098
1435325400,99.43,100.13,99.12,99.64,9041052
1435584600,98.98,99.35,97.62,97.68,11150902
1435671000,98.43,98.45,97.3,97.46,8967911
1435757400,98.3,98.675,97.64,98.47,6726694
1435843800,98.85,99.02,98.32,98.44,6091886
1436189400,97.71,98.5,96.64,98.2,6817796
1436275800,98.63,98.98,97.52,98.92,7122569
1436362200,98.42,98.59,97.69,97.77,6845543
1436448600,99.05,99.5398,98.4,98.4,7316390
1436535000,99.78,99.89,99.09,99.53,6969285
1436794200,100.05,100.48,99.87,100.27,6986321
1436880600,99.26,99.88,98.55,99.78,9890556
1436967000,99.76,100.94,99.63,100.42,7990325
1437053400,100.95,101.36,100.78,101.11,5774981
1437139800,100.89,100.91,99.96,100.08,8054183
1437399000,100.5,100.65,100.1,100.37,5016152
1437485400,100.6,100.81,100.07,100.34,5891640
1437571800,100.41,100.71,99.73,100.18,6721856
1437658200,100.5,100.6,100,100.2,5016148
1437744600,99.75,99.95,99.05,99.15,6524173
1438003800,98.97,98.99,97.915,98.28,8733993
1438090200,98.89,99.23,98.42,99.02,7757505
1438176600,99.26,100.05,99.05,99.73,7853488
1438263000,99.8,100,99.38,99.84,5517401
1438349400,100.34,100.98,99.96,100.21,6216815
1438608600,100,100.21,99.23,100.02,6172519
1438695000,100.41,100.5,99.65,99.8,6005340
1438781400,100.57,101,100.35,100.52,4571280
1438867800,100.49,100.6,99.01,99.07,6987963
1438954200,99.02,99.07,98.16,98.85,6027855
1439213400,99.57,100.06,99.45,99.79,6133458
1439299800,99.05,99.34,98.77,99.01,6682636
1439386200,98.4,98.73,97.41,98.71,7607491
1439472600,98.74,98.98,98.15,98.48,5047960
1439559000,98.33,98.825,97.8728,98.81,5177310
1439818200,98.44,99.88,98.06,99.87,6901809
1439904600,99.24,99.68,99.02,99.37,7618826
1439991000,99.18,99.99,98.78,99.31,7642360
1440077400,98.95,100.1199,98.79,98.79,10620430
1440163800,97.22,98.52,95.51,95.56,16141529
1440423000,91.08,95.21,81.79,92.82,25636323
1440509400,95.69,95.7,90.4,90.73,15671123
1440595800,92.91,95.22,91.46,95.11,14738289
1440682200,96.1,96.4,94.35,96.22,11131225
1440768600,95.93,96.29,94.38,95.17,9200294
1441027800,94.88,95.17,93.58,93.98,9083511
1441114200,92.29,92.89,91.4601,92.09,14593543
1441200600,93.17,93.47,92.5,93.35,11517391
1441287000,93.66,94.09,92.26,92.64,9027240
1441373400,91.58,91.88,90.5728,91.31,10997186
1441719000,93.09,93.98,92.51,93.94,11394069
1441805400,94.99,95.16,92.03,92.22,7384549
1441891800,92.11,93.48,91.615,92.72,8359464
1441978200,92.44,93,91.8,92.93,7381327
1442237400,92.9,93.91,92.51,93.32,7948727
1442323800,93.79,94.745,93.19,94.4,7030679
1442410200,94.49,94.82,93.82,94.61,5630442
1442496600,94.53,96.19,94.32,94.84,8258048
1442583000,94.08,94.7185,93.25,93.39,14211147
1442842200,93.87,94.6,92.37,93.13,7053655
1442928600,92.26,93.44,91.8799,93.24,10618668
1443015000,93.21,93.7,92.56,92.99,5609270
1443101400,92.52,92.94,91.775,92.48,7407588
1443187800,92.93,93.125,90.76,91,10794367
1443447000,90.7,92.07,89.9,91.37,14332752
1443533400,92.24,93.84,91.83,93.04,11519966
1443619800,94.13,94.47,92.59,93.35,10970101
1443706200,93.43,93.85,91.76,93.17,9675937
1443792600,92.14,93.97,91.84,93.93,8368056
1444051800,94.19,94.82,94.075,94.76,9419198
1444138200,94.52,94.66,92.58,93.42,8365247
1444224600,94.26,95.42,93.44,94.98,9466389
1444311000,94.71,95.195,93.81,95.08,7090710
1444397400,95.14,95.96,94.7775,95.37,8259654
1444656600,95.07,96.47,94.98,95.99,8957937
1444743000,94.79,96.23,94.31,95.45,12761886
1444829400,95.21,95.96,94.12,94.53,8881871
1444915800,95,97.35,94.86,97.15,9561891
1445002200,97.87,98.31,97.4,98.24,9495256
1445261400,98.05,98.2,97.31,97.94,8725430
1445347800,97.95,98.25,97.31,97.59,6041789
1445434200,97.64,98.22,97.07,97.63,7093295
1445520600,97.85,99.81,97.13,99.53,9887929
1445607000,99.88,100.88,99.53,100.31,9178873
1445866200,100.05,100.28,99.49,99.94,7561604
1445952600,99.92,100.9,99.7,100.19,8883164
1446039000,100.45,100.48,99.5,100.48,7256317
1446125400,100.47,101.53,100.12,101.37,6340702
1446211800,101.53,102.12,101.01,101.03,10520339
1446474600,101.18,102.34,100.84,102.17,6297939
1446561000,101.84,102.3,101.11,101.96,6229192
1446647400,101.9,102.39,101.69,101.94,5592309
1446733800,102.25,102.49,101.42,102.33,6545590
1446820200,101.57,101.92,100.86,101.92,6221110
1447079400,101.39,101.59,100.55,100.84,6625850
1447165800,101,101.76,100.68,101.45,5114204
1447252200,101.78,102.355,101.5,101.86,6284749
1447338600,101.14,101.605,100.22,100.27,6918671
1447425000,100.04,100.94,99.74,99.88,8517537
1447684200,100.38,101.29,100.04,101.22,5755804
1447770600,101.34,101.71,100.88,101.5,5124025
1447857000,101.53,102.8,101.31,102.67,7148429
1447943400,102.66,102.68,102.06,102.49,5164480
1448029800,102.49,102.8,102.2,102.48,7671517
1448289000,102.39,103,102.19,102.77,6730605
1448375400,101.81,102.79,101.81,102.04,7492381
1448461800,102.17,102.33,101.96,101.96,5401491
1448634600,102.28,102.62,101.79,102.37,2353779
1448893800,102.48,102.48,101.24,101.24,8983655
1448980200,101.73,102.49,101.12,102.36,7545986
1449066600,102.5,102.93,101.99,102.05,6623500
1449153000,102.27,102.37,100.31,100.79,12008737
1449239400,101.4,103,101.28,102.95,7845387
1449498600,102.61,103.49,102.6,103.32,7262911
1449585000,102.98,103.24,101.9103,102.42,8005368
1449671400,102.14,103.34,101.67,102.15,7947010
1449757800,102.3,103.34,101.8,102.64,6479272
1449844200,102.37,102.37,101.43,101.68,7796547
1450103400,101.645,102.29,100.78,102.15,10641483
1450189800,102.65,104.69,102.65,104.13,9283193
1450276200,104.64,105.49,103.52,105.25,8178826
1450362600,105.16,105.26,103.63,103.64,8740832
1450449000,103.08,103.08,101.95,101.95,14966025
1450708200,102.34,102.92,100.85,101.58,8321937
1450794600,101.91,102.88,101.15,102.71,5581632
1450881000,103.11,103.67,102.74,103.49,5531671
1450967400,103.12,103.91,103.01,103.72,2546278
1451313000,103.18,103.47,102.925,103.22,4062986
1451399400,103.34,104.185,103.34,104.03,4229973
1451485800,104.11,104.34,103.53,103.78,3847819
1451572200,103.37,103.62,102.69,102.72,4592603
1451917800,101.71,101.81,99.45,100.48,12722756
1452004200,100.58,101.44,100.57,100.9,6467235
1452090600,99.82,100.97,99.6,100.39,7733825
1452177000,99.31,100.09,98.88,99.22,9433097
1452263400,99.88,99.94,97.85,98.16,9766711
1452522600,98.24,98.63,96.08,97.57,8151427
1452609000,97.99,98.63,97.24,98.24,6745013
1452695400,98.49,98.98,96.84,97.02,8290689
1452781800,97.1,99.47,97,98.89,10164344
1452868200,96.37,98,96.25,97,12662181
1453213800,97.93,98.41,96.9,97.5,12457849
1453300200,96.11,97.28,94.53,95.75,12685151
1453386600,95.77,96.64,94.28,95.94,11266449
1453473000,97.02,97.085,95.95,96.75,8379951
1453732200,96.72,97.69,96.04,96.4,9350181
1453818600,97.26,101.34,97.135,101.18,17266649
1453905000,100.49,103.38,100.49,102.16,19330465
1453991400,102.5,103.04,101.85,102.27,12789459
1454077800,102.89,104.75,102.63,104.44,15614567
1454337000,103.61,104.785,103.22,104.37,9803745
1454423400,103.3,104.26,103,103.41,10616349
1454509800,103.65,104.38,102.01,104.14,10168633
1454596200,103.61,104.085,102.73,103.9,10389000
1454682600,102.66,102.77,99.78,100.54,15522154
1454941800,100.31,103.51,100.22,102,14323776
1455028200,101.31,102.24,100.9725,101.97,10044539
1455114600,102.05,102.91,101.3684,101.73,9833124
1455201000,100.46,102.02,99.98,101.7,12465832
1455287400,101.82,101.98,100.72,101.82,9035013
1455633000,102.37,103.05,101.65,102.32,10452827
1455719400,102.75,103.24,102.23,102.5,8904013
1455805800,102.83,104.6767,102.5,104.24,10744647
1455892200,103.58,104.68,103.38,104.16,9343260
1456151400,104.44,104.75,104.05,104.75,6946975
1456237800,104.65,104.79,103.96,104.08,6629181
1456324200,103.34,105.075,102.97,104.96,9076094
1456410600,104.95,106.39,104.77,106.38,8092468
1456497000,106.82,106.92,105.42,105.78,9049441
1456756200,105.28,106.2,105.04,105.21,10111077
1456842600,105.9,107.24,105.44,107.22,8298471
1456929000,106.91,107.41,106.43,107.04,9766977
1457015400,106.82,107,105.63,106.65,6927155
1457101800,106.51,106.98,106.07,106.5,6715668
1457361000,106,106.9196,105.49,106.74,6973521
1457447400,106.52,106.77,105.965,106.22,7632880
1457533800,106.84,107.02,106.09,106.84,7564238
1457620200,106.99,107.48,106.07,107.14,10474747
1457706600,107.5,107.99,107.21,107.71,7763774
1457962200,107.92,108.3,107.31,107.66,7242758
1458048600,107.62,108.35,106.76,107.76,8476598
1458135000,107.73,107.78,106.875,107.41,7065081
1458221400,107.47,107.6,106.45,106.74,8571060
1458307800,106.99,107.84,106.36,107.5,14758303
1458567000,107.41,107.75,106.55,107.28,7674706
1458653400,107.28,107.63,107.05,107.38,7821676
1458739800,107.29,108.825,107.2,108.5,8191313
1458826200,108.22,108.61,107.75,108.31,6284486
1459171800,108.41,108.9,108.06,108.23,4738112
1459258200,108.3,109.25,107.74,109.14,6612787
1459344600,109.45,109.56,108.93,108.98,5248182
1459431000,108.86,108.98,108.04,108.2,8167693
1459517400,108,109.29,107.69,109.19,9043232
1459776600,108.82,109.1,108.26,108.59,10668885
1459863000,108.23,109.84,108.005,108.95,7938961
1459949400,108.72,109.5,107.88,109.42,6828705
1460035800,109,109.62,108.63,109.27,7822916
1460122200,109.37,109.64,108.76,109.1,6301634
1460381400,109.15,109.62,108.65,108.97,6823922
1460467800,109,110.24,108.75,109.6,8412327
1460554200,110,110.35,109.31,109.87,5758284
1460640600,110,110.29,109.45,109.84,4457099
1460727000,110.07,110.4,109.5,110.18,10057921
1460986200,110,111.1,109.67,110.93,7772549
1461072600,111.65,113.95,111.48,112.68,10526437
1461159000,113.19,114.19,113.05,113.58,8213383
1461245400,113.31,113.73,112.77,113.57,7884452
1461331800,113.43,113.7531,112.828,113.32,7508690
1461591000,113.31,113.55,112.48,113.51,6139854
1461677400,113.45,113.56,112.65,112.91,5853561
1461763800,112.96,113.2,112.46,112.77,5759301
1461850200,112.1,112.71,111.64,112.48,6640041
1461936600,112.06,112.22,111.51,112.08,7774512
1462195800,112.22,112.7897,111.93,112.75,5178847
1462282200,112.56,113.1,112.12,112.69,7554529
1462368600,112.04,112.54,111.7,112.22,5214649
1462455000,112.08,113.1,112.04,112.88,5404341
1462541400,112.58,113.05,112.275,112.74,6099860
1462800600,112.98,113.99,112.73,113.72,6512715
1462887000,114,115,113.92,114.67,8356411
1462973400,114.57,114.76,114.31,114.37,6680655
1463059800,114.5,114.7599,113.54,114.23,7156263
1463146200,113.9,114.09,113.36,113.56,6779907
1463405400,113.39,114.63,113.31,114.44,6222861
1463491800,114.54,114.56,113.24,113.83,9233911
1463578200,113.61,114.025,112.88,113.59,8267933
1463664600,112.99,113.04,112.2,112.85,8232205
1463751000,112.2,112.92,111.76,112.64,7435203
1464010200,112.77,112.82,112.04,112.16,6462321
1464096600,112.52,113.5,112.52,112.69,6125259
1464183000,113.18,113.725,112.85,113.35,5455518
1464269400,113.11,113.32,112.85,112.9,3973550
1464355800,113.04,113.34,112.69,113.06,4647024
1464701400,113.26,113.63,112.32,112.69,10104705
1464787800,112.57,113.06,112.07,112.78,4749563
1464874200,112.87,114.65,112.86,114.49,7310801
1464960600,114.47,115.39,114.115,114.76,6881721
1465219800,114.97,116,114.9301,115.77,6349758
1465306200,116.01,116.23,115.45,115.73,6417404
1465392600,115.52,115.95,115.41,115.8,5863782
1465479000,115.78,117.19,115.61,117,7375474
1465565400,116.74,117.23,116.36,117.01,6067428
1465824600,117.13,117.64,116.79,116.79,7940893
1465911000,116.45,117.18,116.3,117.12,6378395
1465997400,117.64,117.74,116.335,116.41,6371378
1466083800,115.69,116.89,115.22,116.64,6664815
1466170200,116.62,116.67,115.01,115.48,10702199
1466429400,116.6,117.135,116.4297,116.54,5588202
1466515800,116.99,117.15,116.18,116.18,5493490
1466602200,116.54,117.21,116.3101,116.46,5833754
1466688600,117.2,117.38,116.68,117.38,6775873
1466775000,115.07,117.12,115,115.63,13939481
1467034200,115,116.64,115,116.55,10896051
1467120600,117.17,118.37,116.55,118.23,10089587
1467207000,118.84,119.41,118.1,119.33,8341454
1467293400,119.18,121.41,119.1601,121.3,11559922
1467379800,121.54,121.54,120.79,121.29,7051358
1467725400,121.36,123.23,121.34,122.27,9334141
1467811800,121.93,122.66,121.54,122.64,9332366
1467898200,122.59,122.81,122.01,122.51,6058727
1467984600,123,123.1,121.96,122.85,6129913
1468243800,122.71,123.45,122.41,122.93,6711586
1468330200,122.65,123.2,122.61,122.92,6415861
1468416600,122.68,123.4,122.3,123,5230819
1468503000,122.98,123.74,122.91,123.18,5322718
1468589400,123.77,124.3,122.71,123,7192765
1468848600,123,123.22,122.44,123.14,6599199
1468935000,124.78,125.75,123.34,125.25,11325700
1469021400,125.84,126.07,125.04,125.14,7334633
1469107800,125.21,125.74,124.89,125.15,5563937
1469194200,125.12,125.35,124.645,125.03,5839195
1469453400,125.07,125.13,124.14,124.89,4880569
1469539800,125.025,125.55,124.75,125.15,5589861
1469626200,125.1,125.23,124.34,124.77,4812634
1469712600,124.98,125,124.41,124.46,4320393
1469799000,124.34,125.32,124.34,125.23,7020910
1470058200,125.31,125.71,125.1,125.4,4615103
1470144600,125.65,125.9,124.476,124.85,7158693
1470231000,125,125,123.69,123.9,5310641
1470317400,124.24,124.39,123.64,123.86,4728165
1470403800,124.38,124.38,123.76,124.24,5146935
1470663000,124,124.15,123.23,123.65,5232469
1470749400,123.91,124,123.33,123.43,3941488
1470835800,123.59,123.78,123.24,123.36,4333466
1470922200,123.85,124.14,123.47,123.77,4051971
1471008600,123.47,123.77,122.95,123.22,4234841
1471267800,123.12,123.27,122.28,122.31,6469495
1471354200,122.11,122.32,120.06,120.33,11289111
1471440600,120.5,121.33,119.85,121.31,10442818
1471527000,121.17,121.39,119.9,120.72,8728000
1471613400,119.91,119.99,119.32,119.92,7798299
1471872600,119.9,119.9,118.95,119.13,6544864
1471959000,119.67,119.96,119.02,119.44,5603177
1472045400,119.48,119.61,118.62,118.71,6303942
1472131800,118.86,119.21,118.33,118.57,5566048
1472218200,118.84,119.74,118.56,119.04,6482673
1472477400,119.3,120.13,119.055,119.92,5074924
1472563800,120.67,120.67,119.255,119.47,3820510
1472650200,119.54,119.62,119.01,119.34,5693081
1472736600,119.19,119.39,118.6,119.08,4551792
1472823000,119.36,119.81,118.9,119.32,5806365
1473168600,119.78,119.97,119.36,119.75,5280652
1473255000,119.84,119.95,119.435,119.61,4753760
1473341400,119.37,119.82,119.14,119.47,4833010
1473427800,119.03,119.16,118.18,118.23,7957267
1473687000,117.76,119.45,117.38,119.16,7239795
1473773400,118.42,118.83,117.49,117.61,7957869
1473859800,117.85,118.33,117.46,117.86,6124894
1473946200,117.81,118.94,117.32,118.63,5814900
1474032600,118.51,119.14,118.12,118.25,12408779
1474291800,118.36,118.66,117.64,117.66,5457633
1474378200,118.17,118.24,117.69,117.95,5187716
1474464600,117.95,119,117.64,118.91,6337292
1474551000,119.25,119.84,119.14,119.46,5340466
1474637400,119.41,119.6,118.71,118.81,4772980
1474896600,118.63,118.64,117.56,117.78,5998854
1474983000,118.39,119.22,117.72,119.22,5349466
1475069400,119.05,119.52,118.81,119.39,5076091
1475155800,118.88,119.27,117.0434,117.27,6190185
1475242200,117.78,118.619,117.39,118.13,7941065
1475501400,118,119.01,117.43,118.81,6098589
1475587800,118.84,119.48,118.28,118.82,5733934
1475674200,119.22,119.44,118.595,119.18,5778691
1475760600,118.5,118.85,117.92,118.75,4448450
1475847000,119.17,119.565,118.69,119.24,4799292
1476106200,119.51,120.1955,119.35,119.8,3657049
1476192600,119.41,119.63,117.06,117.64,6394159
1476279000,117.96,118.43,117.5,117.97,4686022
1476365400,117.54,119.2,117.28,118.26,7387365
1476451800,118.5,118.8,117.56,117.56,5640519
1476711000,117.5,118.55,117.5,118.49,6956374
1476797400,117.38,118.48,115.16,115.41,12598255
1476883800,115.57,115.89,114.46,114.59,7400937
1476970200,114.83,115.7,114.59,114.87,6973009
1477056600,114.11,114.24,112.99,113.44,8422032
1477315800,113.93,114.1897,113.44,113.61,6141858
1477402200,113.64,114.16,113.093,113.96,5594989
1477488600,113.64,115.22,113.6,114.56,6429241
1477575000,114.98,116.55,114.79,115.7,7548667
1477661400,115.82,115.91,114.57,115.33,8813324
1477920600,115.28,116.23,114.5,115.99,8552528
1478007000,114.76,115.94,114.63,115.34,7591930
1478093400,115.52,115.76,114.83,114.86,6591318
1478179800,114.88,115.4393,114.75,115.03,6227110
1478266200,115.04,115.94,115.04,115.11,7160570
1478529000,115.89,116.72,115.84,116.66,6398177
1478615400,116.48,117.57,116.47,117.05,6675268
1478701800,120,122.5,118.1,120.31,16219977
1478788200,120.77,121.1,119.02,119.54,11905170
1478874600,119.49,119.49,118.13,118.47,8134783
1479133800,118.58,118.99,116.5,116.6,10054905
1479220200,116.4,116.69,115.82,116.32,7446670
1479306600,116.65,116.78,116.08,116.36,6594838
1479393000,116.68,116.68,116.12,116.57,5730329
1479479400,115.79,115.92,114.81,115.36,7717773
1479738600,115.44,115.6799,114.8,115,5843313
1479825000,114.59,115,112.27,112.74,11649748
1479911400,112.25,113.43,111.56,113.07,8467037
1480084200,113.6,114.23,113.38,114.13,3433340
1480343400,113.79,114.12,113.05,113.13,9065730
1480429800,112.95,113.41,112.165,112.48,7799649
1480516200,112.19,112.52,111.3,111.3,11178468
1480602600,111.36,111.5399,111,111.38,8143287
1480689000,111.72,112.53,111.44,111.96,6167740
1480948200,112.4,112.42,111.73,111.94,5451568
1481034600,112.24,113.2,111.85,112.06,6530358
1481121000,111.89,111.89,109.32,111.1,11761134
1481207400,110.54,111.195,109.93,110.99,7774945
1481293800,111.41,112.43,111.2,112.26,7672088
1481553000,112.69,115.4,112.58,115.36,9544614
1481639400,115.53,115.97,115.01,115.89,7051623
1481725800,116.12,117.3,114.58,114.99,9378704
1481812200,115.33,115.92,114.89,115.89,6738083
1481898600,116.41,116.46,115.46,115.88,11291124
1482157800,116.07,116.66,115.94,116.02,6310789
1482244200,115.98,116.25,114.91,115.66,5715163
1482330600,116.2,116.2,114.74,115.31,5907740
1482417000,115,115.526,113.88,115.44,4602309
1482503400,115.4,116.32,115.3,115.96,2993339
1482849000,115.89,116,115.38,115.91,3232942
1482935400,115.88,116.16,115.05,115.1,3278292
1483021800,115.23,115.87,115.01,115.49,2993622
1483108200,115.8,115.99,114.975,115.21,5506734
1483453800,115.78,116,115.23,115.84,5953048
1483540200,115.5,116.23,115.31,115.65,5828946
1483626600,116,116.97,115.4401,116.86,6217214
1483713000,116.67,117,115.76,116.3,5221381
1483972200,116.35,116.61,115.89,116.28,5457539
1484058600,116.03,117,115.87,116.16,5312812
1484145000,116.08,116.25,114.02,114.73,8887197
1484231400,114.27,114.73,113.37,114.62,6627250
1484317800,114.94,115.02,114.44,114.6,4935188
1484663400,113.94,115.05,113.67,114.87,6255447
1484749800,114.94,115.1,114.41,114.7,5014570
1484836200,114.68,114.9,113.92,114.2,5540831
1484922600,114.49,115.03,114.08,114.15,7502425
1485181800,114.51,114.77,113.8,113.91,7989760
1485268200,112.91,113.3,111.15,111.76,12450307
1485354600,111.93,112.8,110.76,112.8,9385502
1485441000,112,112.84,111.6,111.84,10164341
1485527400,112,113.5398,111.9,113.38,8886070
1485786600,113.4,113.6,112.85,113.13,6969430
1485873000,112.79,113.4,112.43,113.25,8713408
1485959400,112.48,113.32,112.47,113.23,7082322
1486045800,112.82,113.62,112.77,113.57,7826308
1486132200,113.5,113.66,112.66,113.64,7267569
1486391400,113.46,113.59,112.62,113.4,6178433
1486477800,113.6,113.62,113.05,113.48,5507915
1486564200,113.3,113.69,113.15,113.4,5271951
1486650600,113.47,114.65,113.4,114.08,5854606
1486737000,114.32,115.99,114.23,115.24,6438536
1486996200,115.28,116.12,115.22,115.88,5710779
1487082600,115.44,116.4,115.32,116.36,5539136
1487169000,115.9,117.46,115.59,117.2,5979679
1487255400,117,118.28,116.995,118.08,7119291
1487341800,118.19,118.9,118.05,118.86,8691397
1487687400,118.4,119.89,118.32,119.66,8595110
1487773800,119.28,119.77,119.25,119.52,5103903
1487860200,119.52,121.9,119.48,121.7,9980945
1487946600,121.5,122.74,120.9,122.73,10834986
1488205800,122.13,122.88,122.1033,122.4,5946157
1488292200,122.01,122.65,121.94,122.21,8885513
1488378600,122.49,124.45,122.42,123.86,9393869
1488465000,123.75,124.36,123.02,123.63,6950220
1488551400,123.41,123.93,123.23,123.79,5593811
1488810600,123.01,124.4268,122.6,123.71,6670681
1488897000,122.58,124.46,122.39,123.83,6643988
1488983400,123.75,124.68,123.5,124.1,7909858
1489069800,124.58,126.21,124.17,125.95,8571147
1489156200,126.04,126.49,125.54,126.21,7395375
1489411800,125.83,126.95,125.79,126.68,7162476
1489498200,126.86,127.75,126.77,127.05,7679707
1489584600,127.05,129,126.6,128.96,8360637
1489671000,128.44,128.7,127.77,128.46,7610720
1489757400,128.45,128.94,127.95,128.06,13300756
1490016600,128.04,128.42,127.97,128.07,5827497
1490103000,128.38,128.45,127.14,127.25,7578634
1490189400,127.05,127.65,126.21,126.26,10272668
1490275800,126.1,127.002,125.66,125.9,8508073
1490362200,125.86,126.36,125.13,125.48,6490304
1490621400,125.16,126.14,125.15,125.8,5004285
1490707800,125.62,125.78,124.78,125.66,5287559
1490794200,125.05,125.33,124.36,124.92,3970476
1490880600,124.74,125.43,124.28,124.66,4711693
1490967000,124.11,124.825,124.03,124.55,5657560
1491226200,124.73,125.31,124.2829,124.69,4956532
1491312600,124.51,124.765,124.22,124.68,5358474
1491399000,124.72,125.6016,124.41,124.8,5646251
1491485400,124.85,125.46,124.5,125.05,4324385
1491571800,125.12,125.47,124.83,124.92,3615126
1491831000,124.87,124.95,124.23,124.34,4594234
1491917400,124.26,124.79,123.95,124.22,4161540
1492003800,124.54,125.46,124.36,125.4,5556604
1492090200,125.13,125.65,124.96,124.99,5396539
1492435800,125.02,125.81,124.93,125.72,5367465
1492522200,123.18,123.37,120.95,121.82,13485682
1492608600,122.1,122.28,121.11,121.37,6993098
1492695000,121.86,122.15,121.35,121.87,6330136
1492781400,121.78,122.04,121.54,121.76,6021721
1493040600,122.52,123.21,122.15,122.89,5679021
1493127000,123.34,123.745,123.01,123.43,5069498
1493213400,123.79,124.26,123.48,123.51,5021839
1493299800,123.58,124.3057,123.4,123.74,4225165
1493386200,123.85,123.9,123.13,123.47,4381766
1493645400,123.4,123.775,123,123.34,4556360
1493731800,123.52,123.74,122.89,123.7,4881641
1493818200,123.59,123.7,123.04,123.33,3736531
1493904600,123.69,123.95,123.23,123.95,3753701
1493991000,123.8,123.8,122.86,123.51,4139755
1494250200,123.53,123.8,123.02,123.25,3609058
1494336600,123.23,123.47,122.88,123.21,3762488
1494423000,122.91,123.055,122.38,122.81,4237412
1494509400,122.5,123.21,122.34,123.2,4095893
1494595800,123.11,124.1,123.01,123.64,4097060
1494855000,124.41,127.36,124.33,126.99,9854621
1494941400,127.34,128.37,127.06,127.77,7233801
1495027800,126.6,127.89,126.45,126.67,6480802
1495114200,126.46,127.87,125.96,126.97,6571254
1495200600,127.03,127.39,126.44,127,6957196
1495459800,126.63,127.65,126.63,127.26,4858199
1495546200,127.31,128.15,127.31,127.52,3973025
1495632600,127.79,128,127.29,127.51,3968185
1495719000,126.74,127.62,126.33,127.53,5294263
1495805400,127.23,127.67,126.83,126.92,4005234
1496151000,126.7,127.3901,126.19,127.11,3665353
1496237400,127.35,128.8,127.35,128.25,8813511
1496323800,128.32,128.78,128.12,128.78,5790899
1496410200,129.05,130.14,128.83,130.08,6562557
1496669400,129.97,130.7,129.8,130.36,4634663
1496755800,130.18,131.33,130.03,130.83,5619093
1496842200,131,131.48,130.58,130.75,5765471
1496928600,131,131.4,129.96,130.55,8101669
1497015000,130.37,131.7,130.31,131.53,5993031
1497274200,131.64,132.04,131.09,131.82,8020951
1497360600,131.75,132.73,131.4,132.02,5733817
1497447000,132.51,133.56,132.51,132.77,7329376
1497533400,132,133.35,131.805,133.04,5264996
1497619800,133.72,134.605,133.04,134.35,12639630
1497879000,134.15,134.68,133.49,134.07,7488704
1497965400,133.9,134.755,133.9,134.22,5201174
1498051800,134.29,135.11,134.02,134.91,5841053
1498138200,135.45,137,135.27,136.05,7311037
1498224600,135.45,136.51,135.32,136.43,9007077
1498483800,136.48,136.899,136.2,136.34,5561844
1498570200,136.5,136.73,134.99,135.01,6120536
1498656600,135.95,136.2,133.57,133.82,6557871
1498743000,133.4,133.7276,132.31,132.64,5749952
1498829400,132.7,133.2,132.28,132.29,5264416
1499088600,132.79,133.32,132.65,132.9,2930998
1499261400,132.98,134.06,132.42,133.64,4302669
1499347800,133.61,133.97,132.405,132.52,4282244
1499434200,132.91,133,131.69,132.54,4994080
1499693400,132.74,132.87,131.23,131.55,4019587
1499779800,131.43,131.79,130.48,131.23,3733072
1499866200,132.04,132.89,131.77,132.23,5053248
1499952600,132.1,132.22,130.99,131.86,4424422
1500039000,132,133,131.74,132.6,4383133
1500298200,132.71,132.93,131.75,132.15,4939384
1500384600,131.62,134.95,131.0801,134.46,10255960
1500471000,134.84,135.41,134.52,135.21,5503298
1500557400,135.73,137.08,135.62,136.57,6088612
1500643800,135.33,136.27,135.1,135.31,6773546
1500903000,134.99,135.16,132.85,133.01,8306671
1500989400,133.74,133.8499,131.45,131.88,6262907
1501075800,131.66,132.24,130.75,130.95,5382182
1501162200,130.85,131.15,129.5711,130.83,5838110
1501248600,131.14,131.99,130.52,131.85,4970860
1501507800,132.14,133.58,132.1,132.72,5440788
1501594200,133.17,133.35,132.28,132.51,3837566
1501680600,132.08,132.5,131.5,132.16,4032147
1501767000,131.91,133.4,131.51,133.35,4327314
1501853400,133.74,134.01,132.8,133.18,3192805
1502112600,133.09,133.48,132.51,132.86,3010828
1502199000,132.5,132.8,131.4,132.27,5535804
1502285400,132.81,133.41,132.365,133.23,6332347
1502371800,133.04,133.8501,132.37,133.09,5607853
1502458200,133.64,134.49,132.75,133.1,4270571
1502717400,134.2,134.37,132.87,133.48,3041064
1502803800,133.85,133.94,133.195,133.38,3931763
1502890200,134.08,134.97,133.86,134.17,4469937
1502976600,134.18,134.74,133.0314,133.04,5741389
1503063000,132.67,133.78,132.381,132.63,4792761
1503322200,132.28,133.65,132.1875,133.45,4659993
1503408600,133.27,134.79,132.9,134.7,4150284
1503495000,134.43,134.49,132.65,132.8,5129938
1503581400,132.82,133.08,132.27,132.89,5398432
1503667800,131.91,132.56,131.62,131.68,4133347
1503927000,131.68,132.12,131.49,131.74,5349181
1504013400,131.57,132.45,131.3,132.21,3277875
1504099800,132,132,130.9,131.07,5430781
1504186200,131.39,132.5,131.25,132.37,7407143
1504272600,132.6,132.65,130.935,131.03,3820814
1504618200,130.72,131.18,129.72,129.9,5154935
1504704600,130.54,131,130.21,130.67,5601903
1504791000,130.86,132.52,130.25,132.19,3800234
1504877400,132,132.34,130.87,130.98,4854414
1505136600,131.37,133.34,131.02,133.21,5724233
1505223000,133.83,133.88,131.93,132.63,5465190
1505309400,132.67,133.7467,131.85,132.45,4679486
1505395800,132.14,134.47,131.99,134.18,6274510
1505482200,134.79,135.45,134.18,134.45,15522011
1505741400,134.44,135.77,134.11,135.38,5261593
1505827800,135.02,135.79,134.35,135.22,4903837
1505914200,133.25,134.29,132.34,133.22,8705535
1506000600,133.31,133.82,131.3775,131.75,6051811
1506087000,131.99,132.39,131.2701,131.39,4334862
1506346200,131.47,131.76,130.83,131.17,6017418
1506432600,131.5,131.94,130.82,130.94,4516193
1506519000,131,131.09,129.43,129.75,5796066
1506605400,129.91,130.27,129.29,129.47,3992740
1506691800,129.58,130.47,129.05,130.01,5736925
1506951000,130.16,131.33,130.02,131.22,4492936
1507037400,131.65,132.4,131.36,132.1,3900761
1507123800,132.4,133.18,132.1,132.89,3589047
1507210200,132.89,133.31,132.36,133.19,3741108
1507296600,133,133.25,132.48,133.22,2469506
1507555800,133.66,133.815,133.17,133.45,3751097
1507642200,133.56,134.13,132.92,133.9,4184588
1507728600,134.88,137.08,134.37,136.65,8269430
1507815000,136.34,137.52,136.02,136.83,5172806
1507901400,136.6,137.42,136.34,136.43,4106625
1508160600,136.45,137.26,135.54,136.12,5120140
1508247000,137.67,141.12,137.06,140.79,11717348
1508333400,140.79,141.58,140.07,140.68,6827734
1508419800,140.71,142.98,140.535,142.04,9181291
1508506200,142.38,143.62,141.83,142.4,5634523
1508765400,142.13,144.3523,142.081,143.62,6685964
1508851800,143.38,143.38,140.93,141.64,6585767
1508938200,141.16,143.23,140.9594,142.36,6563580
1509024600,142.51,143.75,141.38,141.81,5841067
1509111000,141,142.7,140.2,141.78,5140654
1509370200,141.08,141.21,139.32,140,6034336
1509456600,140.02,140.26,138.98,139.41,4832136
1509543000,139.83,140.59,139.34,139.98,5006771
1509629400,140.11,140.29,139.11,139.93,3494055
1509715800,139.73,140.4,139.3,140.08,2736951
1509978600,140.01,140.49,139.72,139.76,4220666
1510065000,140.08,140.15,138.91,139.77,4201853
1510151400,139.7,141.87,139.4601,141.32,4440729
1510237800,140.86,141.41,139.8,140.35,3517130
1510324200,140.13,140.13,138.61,139.56,4240786
1510583400,139.01,140.02,138.42,139.76,4322275
1510669800,139.57,140.2843,138.92,139.49,4078239
1510756200,139.23,139.83,138.75,139.1,4811462
1510842600,139.42,139.68,138.64,138.87,4193806
1510929000,138.3,138.86,137.89,138,4247381
1511188200,138.15,138.56,137.74,137.93,4266264
1511274600,138.45,139.26,138.19,138.34,5660581
1511361000,138.3,138.38,136.6,137.29,3917467
1511533800,137.5,138.38,137.31,138.01,2605339
1511793000,137.51,138.31,137.48,138.1,3933071
1511879400,138.3,140.53,138.2517,140.02,5052825
1511965800,140.22,140.63,138.95,139.81,5851449
1512052200,140.06,140.28,138.48,139.33,8941892
1512138600,139.57,140.53,138.6,139.98,5990487
1512397800,140.62,141.5,138.93,139.01,5916688
1512484200,139.88,140.81,139.2,139.67,6745335
1512570600,140.25,141.96,140.19,141.06,5591702
1512657000,141,141.499,139.26,140.01,4713177
1512743400,140,140.76,139.8,140.59,5101341
1513002600,140.1,141.17,139.83,141.14,4358620
1513089000,142.06,143.57,142.04,142.6,8016720
1513175400,142.5,143.43,142.21,142.89,6118375
1513261800,143.52,143.62,141.61,141.65,5337934
1513348200,142.48,143.14,141.78,142.46,12516980
1513607400,142.56,143.8,141.401,141.8,5833232
1513693800,141.89,142.38,141.36,141.78,6580136
1513780200,142.26,142.58,141.08,141.16,6289782
1513866600,141.59,142.17,141.02,141.06,6284711
1513953000,141,141.35,140.04,140.12,4665587
1514298600,140.46,140.54,139.68,140.09,3271087
1514385000,140.42,141.15,140.2,140.57,3753629
1514471400,140.7,141,140.33,140.56,2484959
1514557800,140.98,141.2074,139.58,139.72,4452924
1514903400,139.66,139.95,138.72,139.23,6842124
1514989800,139.36,140.68,138.9,140.56,5350496
1515076200,140.45,141.14,140.22,140.55,4837642
1515162600,140.69,141.82,140.281,141.71,6158754
1515421800,141.7,142,140.92,141.89,5129798
1515508200,142.37,145.68,142.26,144.14,8897002
1515594600,143.55,144.155,143.32,143.97,6558622
1515681000,144.13,144.9,143.69,144.79,4962160
1515767400,144.99,146.42,144.9,145.76,5450570
1516113000,146.42,148.06,146.03,146.86,8804005
1516199400,147.84,148.32,145.48,146.98,10619654
1516285800,146.93,147.44,145.97,146.92,5554815
1516372200,147.46,147.65,146.42,147.36,8738791
1516631400,147.01,148.14,146.72,148.14,7010438
1516717800,146.96,147.44,141.62,141.83,17473631
1516804200,143.5,143.56,141.8,142.07,13034368
1516890600,142.31,144.66,142.2105,144.4,7938846
1516977000,144.5,145.6,144.13,145.33,8065646
1517236200,144.85,144.94,143.53,143.68,8015499
1517322600,143.4,143.82,142.43,142.43,8376092
1517409000,142.57,142.57,138.1,138.19,13137396
1517495400,137.53,140.67,137,140.02,9393645
1517581800,139.02,140.36,137.38,137.68,9262508
1517841000,136.58,137,122.15,130.39,19954145
1517927400,130.01,132.99,128,131.83,19193520
1518013800,131.89,133.43,131.35,131.42,10550411
1518100200,130.91,131.25,126.11,126.36,11680221
1518186600,127.52,130.92,125.44,129.53,15030881
1518445800,130,131.32,127.6755,130.27,9963943
1518532200,129.21,130.6,128.7,129.96,6339029
1518618600,129.44,130.015,128.39,129.67,6259662
1518705000,130.1,131.28,129.4,131.23,5606447
1518791400,130.96,134.45,130.84,133.15,7970065
1519137000,132.87,133.45,130.66,130.87,6563538
1519223400,130.8,132.4348,129.86,129.91,6578047
1519309800,130.1,131.02,129.48,129.91,5732245
1519396200,130.09,132.08,130.02,132.02,5126832
1519655400,131.71,133.4055,131,132.07,6684416
1519741800,132.21,133.09,131.6,131.67,7158550
1519828200,131.95,132.33,129.87,129.88,7985941
1519914600,129.11,130.12,126.52,127.28,9424007
1520001000,126.91,129.11,126.91,128.82,6910426
1520260200,128.63,130.3,128.18,129.79,5799799
1520346600,130,130.2,127.92,128.22,5546530
1520433000,127.48,129.33,127.27,129.04,6391661
1520519400,129.33,132.3,129.33,132.06,6423362
1520605800,132.51,133.82,131.56,133.8,7557814
1520861400,133.8,134.23,132.32,132.63,4942046
1520947800,133.8,135.39,133.45,134.35,9152306
1521034200,135.24,135.7,131.9,132.32,6770620
1521120600,132.55,134.24,132.47,133.06,6147165
1521207000,133.16,134.4,132.1,133.68,14233523
1521466200,133.35,133.47,129.36,130.24,6016952
1521552600,130.78,131.78,129.38,131.21,6214255
1521639000,131.4,132.78,130.66,131.19,5158743
1521725400,130.47,130.68,127.1,127.38,7560078
1521811800,127.63,127.87,124.9,125.1,8452497
1522071000,126.41,127.54,125.21,127.39,8358246
1522157400,127.11,129.1,126.39,127.21,7789861
1522243800,127.63,129.02,127.21,127.45,6868531
1522330200,127.97,128.76,126.82,128.15,6119424
1522675800,127.82,127.88,123.54,124.56,8916907
1522762200,125.18,128.485,124.68,128.35,8034954
1522848600,126.9,131.12,126.39,130.41,7717054
1522935000,130.41,131.2,129.5,130.71,5621686
1523021400,130.22,130.64,126.41,128.1,6399310
1523280600,128.65,131.14,127.68,129.48,6395848
1523367000,130.25,130.9096,129.29,130.25,6069549
1523453400,129.14,130.35,129.03,129.63,4575422
1523539800,130.09,131.31,129.86,130.43,4558376
1523626200,131.09,131.42,129.63,130.62,4742250
1523885400,131.41,132.88,131.28,131.76,6379562
1523971800,132.11,132.2,128.81,130.54,11008695
1524058200,129.69,129.9,126.94,127.72,9383604
1524144600,127.63,128.27,126.8875,127.55,5959525
1524231000,128,128.3,126.17,126.66,7743916
1524490200,126.88,127.3,125.78,126.83,7501870
1524576600,126.94,127.46,125.31,126.19,6577490
1524663000,125.91,126.85,125.28,126.76,5859592
1524749400,126.62,129.22,126.62,128.01,8211074
1524835800,127.73,128.79,127.5,128.27,4266797
1525095000,128.86,128.98,126.49,126.49,8219410
1525181400,126.32,126.64,124.97,126.01,5122550
1525267800,125.52,126.18,123.2,123.5,7390805
1525354200,123.3,123.685,121.28,123.03,7282886
1525440600,122.6,124.51,121.8,124.19,6127629
1525699800,124.14,125.24,123.32,123.59,6707913
1525786200,122.86,123.49,121.69,122.61,5951815
1525872600,122.99,124.05,122.53,123.51,6808562
1525959000,124.22,126.05,123.995,125.35,4948013
1526045400,125.77,127.6,125.76,127.24,5716654
1526304600,127.35,127.61,125.6,126.06,6101637
1526391000,125.54,125.83,124.4,125.13,5875704
1526477400,125.44,125.9,125,125.35,3818114
1526563800,125.49,125.59,123.55,123.85,6473359
1526650200,123.78,124.44,123.28,124.24,5433919
1526909400,124.62,124.99,123.32,123.72,5558662
1526995800,123.8,124.24,122.76,122.91,7172652
1527082200,122.87,123.97,122.74,123.45,4940832
1527168600,123.22,123.39,121.55,122.25,6923611
1527255000,121.56,122.8,121.13,121.47,4594795
1527600600,120.5,120.8,118.621,119.4,9821920
1527687000,120.12,121.58,119.54,120.97,6423721
1527773400,120.92,121.25,119.54,119.62,10337475
1527859800,120.38,121.32,119.97,121.26,5741030
1528119000,121.85,122.37,121.02,121.95,4853030
1528205400,122.05,122.555,120.9,121.48,5125356
1528291800,121.97,122.79,121.4616,122.79,6799291
1528378200,123,123.49,122.27,123.33,7414082
1528464600,123.36,124.845,123.33,124.06,6208077
1528723800,124.27,124.34,122.55,122.66,5571389
1528810200,123.16,123.18,121.95,122.54,5227303
1528896600,123.15,124.09,122.46,122.63,5836904
1528983000,122.71,123.15,122.09,122.41,5239195
1529069400,122.1,122.7285,121.2401,122.61,13173510
1529328600,121.61,121.8125,120.25,121.32,6787408
1529415000,120.66,123.1735,120.57,122.57,8572409
1529501400,122.42,122.66,121.66,122.04,6277185
1529587800,121.83,122.24,121.11,121.45,4417154
1529674200,121.68,123.38,121.65,122.84,10305807
1529933400,122.82,123.43,121.51,122.59,8170503
1530019800,122.49,122.89,121.6,122.35,5496350
1530106200,122.13,122.97,121.4527,121.61,5666040
1530192600,121.78,122.41,121.07,122,5296978
1530279000,122.24,123.18,121.19,121.34,7728480
1530538200,121.34,121.73,120.11,121.58,5481356
1530624600,121.65,123.46,121.26,122.71,4248060
1530797400,123.6,125.12,123.23,125,7319147
1530883800,125.16,125.92,124.61,125.75,7312163
1531143000,126.22,126.75,125.6,126.05,6706121
1531229400,126.37,127.52,126.11,127.38,5075638
1531315800,127.41,127.4401,126.06,126.24,4827374
1531402200,127.71,128.21,127.17,127.76,6198989
1531488600,125.32,127.5,125.32,125.93,8252131
1531747800,126,126.1,124.16,124.69,7314433
1531834200,128.53,130.54,127.5638,129.11,12858746
1531920600,128.81,129.05,127.17,127.8,7152355
1532007000,127.53,127.7,125.87,125.94,5984636
1532093400,125.3,126.14,125.12,125.85,5862442
1532352600,125.75,126.68,125.45,126.63,4631107
1532439000,127.24,129.62,127.15,129.36,7159042
1532525400,129.14,129.23,127.65,128.62,6539081
1532611800,129.9,131.22,129.85,130.28,7640607
1532698200,129.98,132.27,129.94,131.55,6735319
1532957400,131.78,132.49,131.25,132.17,11013512
1533043800,132.28,132.64,131.77,132.52,7598851
1533130200,132.39,132.96,132.08,132.64,5770569
1533216600,132.89,133,131.09,131.25,6563468
1533303000,131.18,132.7,130.9,131.95,6498714
1533562200,131.64,132.53,131.01,132.02,5840245
1533648600,131.88,132.17,131.3,131.46,4664630
1533735000,131.49,131.8,130.89,131.17,3721868
1533821400,131.54,131.72,130.67,131.2,4058143
1533907800,131.19,131.63,130.26,130.75,4324061
1534167000,130.72,130.9,129.85,130.22,3778022
1534253400,129.67,130.47,129.35,129.5,4543010
1534339800,129.75,130.74,128.93,130.43,5377274
1534426200,131.02,132.88,130.57,132.48,7861491
1534512600,132.45,135,132.19,134.47,6701056
1534771800,134.93,137.12,134,136.88,7935000
1534858200,137,137.43,135.3,135.35,5832414
1534944600,135.56,135.68,134.42,134.61,4688593
1535031000,134.61,135.49,134.1,135.11,5057560
1535117400,135.11,136.1464,134.83,135.95,4810153
1535376600,135.5,136.05,134.21,134.92,4325878
1535463000,134.78,134.9,133.89,134.32,6037517
1535549400,134.32,134.944,133.94,134.86,4648795
1535635800,134.7,135.6,134.6,134.95,4822040
1535722200,134.6,135,133.97,134.69,6139494
1536067800,134.69,134.75,133.44,133.72,4406793
1536154200,133.48,135.94,133.46,135.86,6174815
1536240600,135.5,137.31,135.18,136.87,6562238
1536327000,136.78,137.69,135.745,137.32,6375196
1536586200,137.53,138.4716,137.06,137.21,4892189
1536672600,137.64,138.91,137.22,138.51,7856779
1536759000,138.9,139.99,138.56,139.36,6767681
1536845400,139.89,140.48,139.02,139.89,6456132
1536931800,140,140.35,139.1,139.49,4534848
1537191000,139.33,140.4,139.18,139.96,5295517
1537277400,140.27,140.84,139.83,140.54,4581234
1537363800,140.76,140.99,140.05,140.46,5049937
1537450200,140.82,142.14,140.51,141.98,5019257
1537536600,142.18,143.13,141.69,142.88,13283427
1537795800,142.1,142.5,140.23,140.47,6708195
1537882200,140.53,140.96,138.4,138.64,7982758
1537968600,138.95,140,137.96,138.16,7133329
1538055000,138.45,139.5786,137.57,138.22,6450485
1538141400,138.1,138.56,137.41,138.17,6638464
1538400600,138.26,139.85,138,139.69,4873173
1538487000,139.79,140.73,139.65,140.48,6439132
1538573400,140.54,141.27,138.88,139.03,5411809
1538659800,138.55,139.53,137.32,139.35,4738706
1538746200,139.8,140.25,138.56,139.1,4309320
1539005400,138.9,139.68,138.62,139.39,5174106
1539091800,138.74,139.62,137.81,139.2,4475392
1539178200,139.35,140.46,137.73,137.73,7265642
1539264600,137.91,138.66,132.88,133.84,11603189
1539351000,134.4,134.41,132.23,133.87,6997955
1539610200,133.88,135.3,133.51,133.95,6398651
1539696600,134.75,137.99,134.75,136.56,9592783
1539783000,136.23,140,136.21,139.46,8261107
1539869400,139.2,139.81,137.71,139.5,7584163
1539955800,138.34,140,137.91,139.05,5924814
1540215000,138.61,139.26,138.14,138.68,4864342
1540301400,137.79,139.49,137.45,138.93,8282724
1540387800,138.52,140.11,137.17,137.47,8279166
1540474200,137.46,139.09,135.05,138.47,9720715
1540560600,137.94,139.3,135.33,136.97,11371401
1540819800,136.99,139.1,136.22,137.55,6783049
1540906200,137.93,141.1,137,140.75,9646224
1540992600,141,141.43,139.61,139.99,9968941
1541079000,140.07,141.58,139.85,140.82,6913461
1541165400,141.97,142,139.66,140.68,7673303
1541428200,141,142.74,139,142.2,5601398
1541514600,141.53,142.83,141.06,142.57,5798915
1541601000,143.1,144.8735,142.97,144.75,7173590
1541687400,144.31,145.7921,144,145.3,5497130
1541773800,145.04,145.74,144.38,145.34,5343206
1542033000,144.99,146.24,144.73,145.62,7013577
1542119400,146.19,146.75,143.42,144.68,7432438
1542205800,145.02,145.31,143.56,144.25,6433077
1542292200,143.41,144.51,142.48,144.5,6658019
1542378600,144.71,146.74,144.55,145.99,8494311
1542637800,146.43,148.44,146.37,147.73,8714662
1542724200,147.5,148.75,146.35,146.45,8937990
1542810600,146.23,146.23,140.78,141.99,10275810
1542983400,141.85,142.73,141.6,142.23,3404882
1543242600,142,142.05,140.715,141.37,7590941
1543329000,140.57,143.35,139.66,143.22,5965608
1543415400,143.83,146.56,143.36,146.44,8411383
1543501800,145.62,147.2,144.84,145.85,6900046
1543588200,145.34,147,145.1,146.9,12517550
1543847400,145.57,146.63,144.94,146.21,8826313
1543933800,146.32,148.99,145.82,146.03,9803458
1544106600,144.5,146.45,142.79,145.91,11572488
1544193000,145.49,147.3367,144.12,145.43,9444459
1544452200,145.39,145.88,142.38,145.26,6848441
1544538600,146.29,148.21,145.79,146.5,9857360
1544625000,147,148.49,147,147.1,8869173
1544711400,146.96,148.5899,146.8,147.84,6008330
1544797800,144.34,145.38,130.2,133,58140194
1545057000,128.32,131.65,126.83,129.14,36933136
1545143400,132.05,132.8,129.2,130.42,24640095
1545229800,129.87,131.35,127.09,127.61,21232073
1545316200,127.72,129.75,126.76,128.27,16609606
1545402600,127.8,130.6,127.12,128.09,19732933
1545661800,127.3,128,121,122.84,7531885
1545834600,123.42,126.76,122.0071,126.71,9253404
1545921000,125.87,127.41,123.07,127.41,9918687
1546007400,127.91,128.75,126.75,127.27,6537240
1546266600,128.18,129.55,127.42,129.05,7409858
1546439400,128.13,128.38,126.28,127.75,7631672
1546525800,128.135,128.27,125.36,125.72,8654685
1546612200,127.12,128.65,126.73,127.83,8831997
1546871400,127.63,128.3491,126.797,127.01,8404653
1546957800,128.18,130.5,127.73,129.96,9351570
1547044200,129.83,130.24,128.33,128.93,7403525
1547130600,127.69,129.89,127.69,129.71,6224419
1547217000,129,129.84,128.31,129.75,5300666
1547476200,128.74,128.96,127.5898,128.28,7374457
1547562600,128.52,129.49,127.65,129.36,5194405
1547649000,129.41,129.41,127.9,128.04,6264150
1547735400,127.71,129.52,127.4628,129.09,7631960
1547821800,129.9,131.18,129.45,130.69,10592972
1548167400,128.2,129.5009,127.01,128.8,10568128
1548253800,128.5,129.3,127.93,128.8,9267966
1548340200,128.49,128.7,125,127.03,9917100
1548426600,128.13,128.45,127.18,128.23,7585947
1548685800,127.81,129.15,127.29,128.99,6927661
1548772200,128.95,130.47,128.5,130.33,6669289
1548858600,130.37,132.19,130.3,131.64,7299455
1548945000,131.63,135.19,130.87,133.08,17298062
1549031400,134.02,134.69,133.47,134.2,9575150
1549290600,133.96,134.15,132.21,132.88,7759043
1549377000,133.52,133.88,132.75,132.88,6449787
1549463400,133.08,133.565,132.3,133,5066324
1549549800,132.45,132.64,131.53,132.05,6085346
1549636200,131.95,132.46,131.54,132.4,4436768
1549895400,132.31,132.67,131.26,132,4962617
1549981800,132.08,134.3,132.08,134.16,6262320
1550068200,134.07,134.98,133.21,134.45,7902181
1550154600,134.3,134.82,133.35,134.31,3910454
1550241000,135.19,136.41,135.01,136.38,6665038
1550586600,136.14,136.38,135.63,135.69,5935948
1550673000,135.97,136.73,135.7251,136.35,6089752
1550759400,134.98,135.7875,134.2688,135.42,6665481
1550845800,135.29,136.64,134.82,136.6,5223858
1551105000,136.35,137.49,135.86,136.2,6846581
1551191400,136.44,136.96,136.05,136.11,5106878
1551277800,135.52,136.25,135.39,135.87,4378066
1551364200,135.95,137.9549,135.69,136.64,10133160
1551450600,137.22,138.61,137.01,138.35,5641586
1551709800,138.85,139.41,137.51,138.48,8378067
1551796200,138.81,139.14,138.36,138.77,6568870
1551882600,139.47,139.65,138.6,139.09,6236946
1551969000,138.53,139.12,137.7,138.24,6100380
1552055400,138.09,139.3,136.42,138.06,7061904
1552311000,138.11,139.03,137.52,138.56,6150442
1552397400,138.65,140,138.5,139.18,5553235
1552483800,139.59,139.84,139.02,139.41,6446942
1552570200,138.34,138.8,137.94,138.02,8493603
1552656600,138,138.26,136.83,137.6,11922855
1552915800,137.65,137.78,136.72,137.17,7369629
1553002200,137.61,138.82,137.47,138.44,5882503
1553088600,138.33,138.51,136.65,137.29,5475863
1553175000,137,138.78,136.95,138.1,5765119
1553261400,137.75,138.39,136.86,136.91,6528782
1553520600,136.91,137.01,135.74,136.61,4500368
1553607000,136.93,139.27,136.93,138.57,4758846
1553693400,138.59,139.48,138.07,138.7,6764854
1553779800,139.06,139.46,138.71,138.88,4602073
1553866200,139.28,139.88,138.88,139.79,7168449
1554125400,139.99,140.29,138.735,138.98,5885401
1554211800,139.01,139.01,136.91,137.71,5517817
1554298200,138.2,138.24,136.87,137.17,5947020
1554384600,136.87,137.005,135.13,135.57,5844786
1554471000,136.04,136.58,135.7,136.18,4759699
1554730200,136.05,136.51,135.7,136.14,4330048
1554816600,136,136.26,134.56,135.57,5210317
1554903000,135.89,136.13,135.33,135.58,4194170
1554989400,135.96,136.18,134.42,135.21,4485211
1555075800,135.22,136.35,134.75,135.98,5756816
1555335000,136,136.79,135.8,136.52,5380891
1555421400,138.32,140.7,137.56,138.02,10745724
1555507800,139,140.1458,137.67,138.52,9543743
1555594200,139.35,140.24,135.75,137.52,10485289
1555939800,136.98,138.49,136.4575,137.83,4666537
1556026200,137.42,140.85,137.25,139.9,5790482
1556112600,139.65,140.14,138.8607,139.2,5676338
1556199000,138.52,139.77,137.96,139.65,5218088
1556285400,139.88,140.524,139.31,140.39,4613583
1556544600,140.35,140.43,139.58,139.84,4275158
1556631000,140.19,141.45,138.9599,141.2,6003702
1556717400,140.95,142.35,139.75,141.95,6656335
1556803800,141.91,142.15,140.12,141.28,8835587
1556890200,141.29,142.09,141.08,142.01,5281630
1557149400,140.25,142.24,139.93,142.09,5818880
1557235800,140.82,141.38,139.06,139.97,6606664
1557322200,140.2,140.92,139.7,139.79,4667257
1557408600,138.95,139.32,137.64,138.73,5604201
1557495000,138.43,139.25,136.41,139.05,4771626
1557754200,137.85,138.06,136.5302,137.2,5560421
1557840600,137.04,137.84,136.73,136.82,7179438
1557927000,136.9,137.49,135.33,136.91,6429352
1558013400,137.39,139.1929,136.97,138.21,6857180
1558099800,137,139.03,136.86,138.61,6915286
1558359000,138.61,138.96,137.68,138.42,4771127
1558445400,139.12,139.57,138.08,138.12,4859048
1558531800,138.35,138.95,137.485,138.76,5456839
1558618200,138.5,139.85,137.67,139.79,6951797
1558704600,139.5,139.5,138.56,138.85,5473499
1559050200,139,140.49,137,137.07,11919579
1559136600,135.89,135.89,128.52,131.33,23247405
1559223000,131.44,132.82,131.17,132.11,7361016
1559309400,131.52,132,129.61,131.15,7810987
1559568600,131.5,132.4,131.04,131.44,8434761
1559655000,132.6,134.3,132.58,133.73,6649100
1559741400,134.7,135.13,133.86,134.38,6860551
1559827800,134.9,137.66,134.59,136.68,9115846
1559914200,137.59,139.59,137.14,138.55,6533960
1560173400,138.6,139.15,137.6,139.02,4994790
1560259800,139.68,140.66,139.5,139.78,8230527
1560346200,140.3,142.91,140.3,141.68,9216636
1560432600,141.72,141.95,140.21,140.71,7500807
1560519000,141.23,141.485,140.04,140.09,6548166
1560778200,140,140.24,139.21,139.44,5562791
1560864600,140.56,140.93,139.79,140.23,7122711
1560951000,140.01,140.97,139.91,140.45,6393620
1561037400,141.25,142.4,141,142.21,7335833
1561123800,141.46,142.425,141.01,142.09,11272212
1561383000,142.42,143.7,142.09,143.06,5894683
1561469400,143.27,144.98,143.19,144.24,7517135
1561555800,143.85,143.85,140.76,141.85,7674128
1561642200,142.23,142.5,140.605,140.69,5233481
1561728600,140.74,141.1,138.505,139.28,12792462
1561987800,140.2,140.26,138.72,139.36,5875080
1562074200,139.22,140.03,138.69,140.03,4501207
1562160600,141,142.18,140.79,142.14,3436339
1562333400,141.74,141.8637,140.37,140.57,4652419
1562592600,140.12,141.08,139.635,140.97,4078372
1562679000,141.46,142.47,140.91,141.41,4217453
1562765400,141.78,141.99,140.67,141.21,4874373
1562851800,140.94,141.21,139.02,140.11,5817412
1562938200,140.12,140.12,132.32,134.3,17780111
1563197400,135.39,136.36,134.45,134.71,10038224
1563283800,132.93,133.83,131.75,132.5,10214538
1563370200,132.49,133.58,131.41,131.86,8862093
1563456600,132.13,132.51,131.17,132.07,6203739
1563543000,132.25,132.39,130.19,130.31,8340239
1563802200,130,130.15,127.84,128.64,12625513
1563888600,128.61,129.45,128.155,128.84,5803625
1563975000,128.88,129.79,128.57,129.78,6838620
1564061400,130.06,131.53,129.67,131.12,8897902
1564147800,131.3,131.3,130.49,130.73,4894714
1564407000,131,133.31,130.21,133.02,7831982
1564493400,132.47,132.49,131.27,132.08,5509621
1564579800,131.64,132,130.18,130.22,8559201
1564666200,130.26,130.74,129.02,130.29,7870738
1564752600,130.86,131.47,129.7701,131.07,6574944
1565011800,130.91,131.46,129.01,130.16,9480016
1565098200,130.34,131.22,129.59,130.77,7880567
1565184600,129.36,130.905,128.19,130.21,6771743
1565271000,130.98,131.945,130.23,131.68,5260533
1565357400,131.8,132.76,131.23,132.04,4677327
1565616600,131.5,132.7,131.29,131.93,7105941
1565703000,132.3,134.1,132,133.42,5101835
1565789400,132.53,132.54,130.13,130.26,7736420
1565875800,130.17,131.07,129.25,130.54,7251225
1565962200,131.47,131.67,130.595,131.36,5858866
1566221400,132.5,132.57,131.82,132.25,4958004
1566307800,131.96,132.66,130.46,130.6,7302016
1566394200,131.7,132.41,130.85,131.53,6914009
1566480600,131.6,132.13,130.8007,131.27,7213567
1566567000,131.07,131.26,127.13,127.73,15714753
1566826200,127.42,128.08,126.63,127.8,8916621
1566912600,129.88,132.4,129.1,129.64,20186781
1566999000,127.86,128.87,127.01,128.68,9885221
1567085400,128.84,129.2,126.83,128.24,6750113
1567171800,128.27,129.1,127.62,128.36,7371134
1567517400,127.99,128.98,127.51,128.74,5710249
1567603800,129.49,129.59,128.08,128.86,4821460
1567690200,129.9,129.9,128.31,128.58,4754074
1567776600,128.88,129.23,128.07,128.21,6758329
1568035800,128,128.16,126.59,126.95,7684665
1568122200,127.34,129.55,126.34,129.55,8239733
1568208600,129.86,131.28,129.08,131.17,6203628
1568295000,131.36,131.77,130.06,130.43,5250032
1568381400,131.33,131.57,129.96,130.78,5369774
1568640600,130.11,130.75,129.33,129.54,5101689
1568727000,129.6,130.5,129.11,129.67,5002870
1568813400,129.9,130.56,128.78,130.41,4450707
1568899800,129.63,131.19,129.36,130.11,4857275
1568986200,131,132,130.29,131.65,12335326
1569245400,131.02,132.05,130.49,131.74,5422371
1569331800,132.1,132.78,131.34,131.55,7131472
1569418200,131.5,131.575,130.23,130.99,4569635
1569504600,131.09,131.3092,128.03,128.85,7706003
1569591000,128.61,129.4,126.7,128.6,6006690
1569850200,129.07,130.28,129,129.38,6825489
1569936600,130.02,130.8,129.77,129.99,7706218
1570023000,132.76,134.7,131.22,132,12088624
1570109400,131.64,132.3715,130.01,131.19,7413819
1570195800,131.34,133.72,131.25,133.66,7240361
1570455000,133.09,133.825,132.1446,133.16,5437161
1570541400,132.45,133.265,131.49,131.84,7926938
1570627800,131.14,131.25,128.52,129.22,7855174
1570714200,128.95,130.1179,128.63,129.06,5265916
1570800600,131.14,132.62,130.82,131.33,7187687
1571059800,131.36,131.36,130.42,130.72,5851866
1571146200,133,134.25,132.1,132.84,10048879
1571232600,134.9,136.59,133.8,135.17,12463867
1571319000,135.96,137.49,135.65,136.17,8612673
1571405400,133.31,134.3875,127.7,127.7,25879463
1571664600,128.67,129.67,127.06,128.02,14107414
1571751000,128.76,130.54,128.09,129.2,7625647
1571837400,129.66,130.48,129.07,129.9,6722254
1571923800,130.42,130.58,126.1,127.5,12146358
1572010200,127.83,129.1,127.31,128.35,6947250
1572269400,128.62,130,128.51,129.18,7876303
1572355800,129.7,129.97,128.56,129.1244,4506298
1572442200,133.3,133.53,131.73,132.84,9627603
1572528600,132.38,132.84,130.89,132.04,7686682
1572615000,132.05,133,131.14,131.2,5541792
1572877800,131.8,131.95,130.09,130.23,6140323
1572964200,130.53,131.47,129.68,130.42,6257266
1573050600,130.42,131.48,129.7,130.96,5450031
1573137000,131.73,132.38,131.01,131.43,5874081
1573223400,131.3,133.04,130.97,133,5003528
1573482600,132.27,132.5247,131.33,131.98,4371362
1573569000,132,132.09,131.02,131.35,5229157
1573655400,131.04,131.487,130.72,131.27,5921414
1573741800,131.03,131.36,130.14,130.96,4217472
1573828200,131.25,134.97,130.78,134.94,10495624
1574087400,134.22,135.69,132.66,134.83,9293614
1574173800,135,135.19,134.21,134.82,5192243
1574260200,135.11,136.34,134.07,135.94,7600882
1574346600,135.94,136.85,135,136.44,6424868
1574433000,136.65,138.63,136.5,138.07,9235894
1574692200,137.06,137.65,136.24,137.18,6111909
1574778600,136.47,137.34,135.15,137.17,10637413
1574865000,137.16,138.25,136.9,137.75,5522951
1575037800,137.6,138.27,136.94,137.49,3278854
1575297000,137.72,137.85,136.85,137.36,4717317
1575383400,136.91,137.45,136.16,137.16,6419310
1575469800,138.5,139.74,138.04,139.38,7257393
1575556200,139.35,139.745,137.95,139.56,5473037
1575642600,139.46,141.58,139.46,140.38,6640534
1575901800,140.39,140.81,140.0601,140.5,4260566
1575988200,140.8,141,139.91,139.99,5310783
1576074600,140.93,141.98,140.63,140.98,6631591
1576161000,141.32,142.06,140.73,141.34,5012506
1576247400,141.1,141.8,140.31,141.38,4257231
1576506600,141.73,142.85,141.49,141.79,5353158
1576593000,143,144.05,142.52,143.56,10724074
1576679400,143.72,143.88,142.74,143.19,7849413
1576765800,143.89,145.88,143.61,145.35,9874889
1576852200,146.88,147.84,144.8,146.06,14532998
1577111400,145.74,146.76,145.3401,146.44,6559466
1577197800,146,146.01,145.26,145.93,4238924
1577370600,145.97,146.1827,145.16,145.83,3020481
1577457000,146.2,146.55,145.54,145.75,3432686
1577716200,145.78,146.2,145.03,145.3,2923859
1577802600,145.1,146.01,144.78,145.87,4435105
1577975400,145.87,146.02,145.08,145.97,5634469
1578061800,143.5,145.373,143,144.28,5753422
1578321000,144,144.2,142.85,144.1,7731435
1578407400,144.01,145.45,141.38,144.98,7389034
1578493800,144.87,145.98,143.7,144.96,6605775
1578580200,145.76,146.03,144.99,145.39,6112783
1578666600,145.75,146.18,144.9,145.06,5042668
1578925800,145.48,145.79,144.72,145.7,4593819
1579012200,145.05,146.61,144.73,146.52,7038779
1579098600,146.4,147.395,146.24,147.01,4960460
1579185000,147.42,148.84,146.2,148.2,6476379
1579271400,148.41,149.41,147.93,149.17,9083838
1579617000,148.58,150.17,148.5,149.27,9543905
1579703400,146.7,149.18,146,148.25,10305334
1579789800,148.04,148.77,146.755,148.53,8671988
1579876200,148.58,148.945,147.93,148.32,9051933
1580135400,147.52,149.46,147,148.75,7587103
1580221800,148.46,150.57,148.15,149.5,7336636
1580308200,149.45,151.19,149.13,150.54,6288760
1580394600,150.03,150.51,149.05,150.36,6470584
1580481000,149.75,150,148.64,148.87,8651930
1580740200,149.42,150.49,149.24,150.17,5765413
1580826600,151.49,152.75,151.2,151.6,6541584
1580913000,151.72,154.02,151.31,153.99,5980013
1580999400,154.25,154.5,152.74,153.53,6201257
1581085800,153.34,153.455,151.55,151.89,5700295
1581345000,151.68,151.91,150.8911,151.86,4836002
1581431400,152.29,152.38,151.54,151.99,3715389
1581517800,151.87,152.15,150.92,151.09,5167069
1581604200,150.16,151.045,149.88,150.09,5480225
1581690600,150.56,150.64,149.15,150.13,5716549
1582036200,150.47,150.74,149.06,149.14,7231010
1582122600,149.21,149.76,148.58,148.94,6115220
1582209000,148.61,149.38,147.4043,148.37,7465047
1582295400,148.09,150.24,147.54,149.93,7776835
1582554600,146.5,149,145.25,145.91,10589203
1582641000,145.99,146.75,143.83,144.65,10529373
1582727400,145.35,146.22,143.59,143.68,10094401
1582813800,142.56,144.77,138.95,139.12,12566706
1582900200,135.36,137.29,130.82,134.48,19825528
1583159400,134.78,140.13,134.0138,140.02,11508232
1583245800,140,140.99,133.1,135.59,13662451
1583332200,137.68,143.64,137.14,143.48,10560823
1583418600,140.8,142.68,139.84,142.01,11339185
1583505000,138.48,143.01,137.41,142.03,12239093
1583760600,136.33,139.6799,134.9,136.44,13848569
1583847000,139.97,141.95,134.23,141.64,12698073
1583933400,138.09,138.75,131.5,131.8,17768062
1584019800,127.31,133.765,124.5,125.41,21539204
1584106200,129.32,134.92,124.65,134.29,20084151
1584365400,123.57,133.76,122.43,127.13,18877918
1584451800,128.55,136.77,127.81,136.59,18911758
1584538200,131.02,135.6696,128.71,134.96,17521129
1584624600,134.99,134.99,126.15,127.05,18482336
1584711000,126.83,127.44,118.13,119.89,19785130
1584970200,117,118.56,109.16,111.14,20815226
1585056600,118.76,119.65,113.86,119.18,17604766
1585143000,118.91,123.96,116.7008,119.4,13986052
1585229400,120.57,127.1,120.38,126.57,15068646
1585315800,121.65,127.62,120.58,123.16,12133222
1585575000,128.46,133.99,127.5,133.01,21754033
1585661400,134.99,135.7097,130.05,131.13,15746124
1585747800,127.7,130.23,125.5,128.81,12606081
1585834200,129.12,134,127.22,133.15,11594456
1585920600,132.38,134.785,131.58,134.17,10071180
1586179800,137.01,140.97,135.54,139.76,14994419
1586266200,139.86,142.03,137.26,137.48,11574254
1586352600,137.75,144.13,137.3,143.26,10758179
1586439000,144.01,145.42,140.28,141.23,11127206
1586784600,140,141.4899,137.8404,139.77,8153228
1586871000,145.42,147.42,144.05,146.03,13838016
1586957400,145.55,147.91,143.54,147.66,11962259
1587043800,148.31,150.68,146.44,149.67,12181704
1587130200,151.99,152.3,149.6,152.02,10920022
1587389400,150.93,153,150.09,151.67,12226200
1587475800,150.12,151.64,148.57,149.68,9951106
1587562200,152.81,155,151.73,152.99,11518749
1587648600,154.25,157,153.6988,155.51,10665024
1587735000,155.57,156.3,153.64,154.86,8654126
1587994200,154.81,156.05,154,154.29,8924048
1588080600,151.25,153.1,150.7,151.39,8558719
1588167000,151.38,151.63,149.16,150.24,9285216
1588253400,148.46,150.43,147.16,150.04,14829596
1588339800,149.62,149.67,146.79,148.29,7308960
1588599000,148.77,149.08,147.09,148.27,7198409
1588685400,149,150.78,148.64,149.5,6562288
1588771800,150,150.32,148.04,148.08,6191594
1588858200,149.37,149.525,147.1301,147.59,5571034
1588944600,148.92,149.18,147.89,148.7,4712477
1589203800,148.45,150.1,148.12,149.11,5887489
1589290200,150.1,150.34,147.03,147.14,7039227
1589376600,146.08,148.95,146.01,147.13,6970457
1589463000,145.39,147.76,144.257,147.64,6871412
1589549400,147.87,150.48,145.66,150.44,10340403
1589808600,152.49,153.62,150.46,150.52,7389995
1589895000,150.1,151.1,148.4,149.02,6107256
1589981400,149.75,150.39,147.27,147.68,5713440
1590067800,148.5,148.5,145.82,146.71,6487343
1590154200,144.57,146.285,144.06,144.37,6140899
1590499800,146.19,146.44,144.3,144.56,7072258
1590586200,144.32,145.25,143.01,144.89,7950008
1590672600,146.02,148.11,145.81,146.97,6190582
1590759000,147.96,149.35,145.33,148.75,8505215
1591018200,147.29,148.34,146.01,147.19,6142580
1591104600,147.06,148.35,146.12,148.25,6078311
1591191000,148.52,149.14,146.449,148.65,6339468
1591277400,146.8,148.37,145.58,146.73,8170480
1591363800,147.69,149.64,146.6,147.3,9725441
1591623000,145.88,147.61,145.74,146.77,7555622
1591709400,148.25,149.33,145.65,145.96,8247233
1591795800,146.6,150.03,146.6,147.8,10137069
1591882200,148.58,149.17,140.75,140.87,11913265
1591968600,142.84,143.7067,140.28,142.15,8687356
1592227800,141,142.397,139.3914,141.25,8655014
1592314200,144.09,145.4219,142.77,144.46,7582631
1592400600,144.9,145.42,143.47,144.02,5100095
1592487000,142.52,144.115,141.87,143.41,4797449
1592573400,145.79,145.88,143.25,143.83,12194086
1592832600,143.47,143.66,142.03,143.39,5285631
1592919000,143.74,144.08,142.68,142.86,5921594
1593005400,141.49,142.19,138.72,139.82,8211239
1593091800,140.57,140.57,137.54,139.67,7421160
1593178200,139.53,139.6,137.02,137.81,12849738
1593437400,138.74,139.7,137.98,139.04,5309797
1593523800,139.4,141.02,137.84,140.63,7738296
1593610200,140.69,141.39,140.06,140.38,6175020
1593696600,141.25,141.8386,140.33,140.97,5152238
1594042200,142.17,143.77,141.88,142.98,6156354
1594128600,141.39,143.97,141.23,142.85,5622609
1594215000,142.87,143.39,141.7,143.27,6257537
1594301400,142.76,144.425,140.58,142.49,5738564
1594387800,142.75,142.87,141.425,142.37,4282406
1594647000,143.61,146.639,143.28,145.21,6951941
1594733400,145.32,148.39,145.26,147.92,7447125
1594819800,149.73,150.205,148.23,148.26,8512838
1594906200,148.68,149.34,146.68,149.25,9304669
1594992600,150,150.5776,148.69,149.35,7444124
1595251800,150.23,150.32,148.43,149.6,6191457
1595338200,149.6,151.6695,149.5,149.74,5579687
1595424600,149.93,150.405,147.85,150.01,5910193
1595511000,150.21,150.85,149.28,149.61,6566269
1595597400,150.5,150.6,147.03,148.12,5405867
1595856600,147.37,148.92,146.86,147.18,5675155
1595943000,147.4,147.99,146.75,146.83,4842184
1596029400,146.39,147.47,146.07,146.54,4489147
1596115800,147.44,147.5,146.14,146.84,5922481
1596202200,146.66,147.45,143.96,145.76,8257997
1596461400,146.39,147.79,146.15,147.35,4079755
1596547800,146.99,147.22,145.8247,147.22,4162154
1596634200,149.1,149.31,147.8,148.4,5493196
1596720600,148.4,149.25,146.5,147.55,4837865
1596807000,147.51,148.65,147.15,148.6,3635071
1597066200,148.86,149.01,147.72,148.03,4096620
1597152600,149.14,149.23,146.37,146.97,6388389
1597239000,147.54,150.24,147.49,149.66,5258127
1597325400,148.54,149.19,147.53,148,5155457
1597411800,147.61,149.34,147.58,148.24,4240189
1597671000,148.32,150.23,148.23,148.99,4306909
1597757400,149.26,150.1,148.57,150.09,4322567
1597843800,149.58,151.58,149.32,150.39,7816251
1597930200,149.75,151.58,149.5457,151.42,4874739
1598016600,151.78,153.65,150.5901,152.76,6722759
1598275800,152.74,152.9,150.35,152.15,5387937
1598362200,152.78,153.07,151.535,152.06,3863477
1598448600,151.86,152.65,150.64,152.3,8008292
1598535000,152.42,153.26,151.89,152.98,5575432
1598621400,152.74,153.7,151.9,153.64,5395684
1598880600,153,154.4,152.2605,153.41,6362683
1598967000,153.87,154.08,150.07,151.52,6309237
1599053400,150.79,154.33,149.245,153.83,6881856
1599139800,154.83,155.47,148.3,149.55,8672808
1599226200,150.17,150.95,147.13,148.59,7200065
1599571800,150.25,150.89,146.9,147.26,8756742
1599658200,148.15,151.1,148.12,149.7,6960668
1599744600,149.25,149.78,146.52,146.91,6191800
1599831000,147.05,148.53,146.63,147.78,3934691
1600090200,148.12,149.47,148.01,148.35,4375798
1600176600,149.45,150.59,148.52,148.89,3659221
1600263000,149.39,150.06,148.3501,148.4,4323502
1600349400,148.04,148.63,146.05,147.17,5461414
1600435800,146.51,149.65,146.2,149.18,12174044
1600695000,147.58,147.93,142.96,145.1,7574501
1600781400,144.69,145.35,143.72,144.21,5295917
1600867800,147.48,147.55,144.38,144.44,8784436
1600954200,144.56,145.25,143.34,144.67,5614844
1601040600,144,146.25,143.89,145.66,5531209
1601299800,146.73,148.29,146.42,147.11,5843189
1601386200,147.6,147.92,146.06,147.06,6771016
1601472600,147.45,149.73,146.84,148.88,8487691
1601559000,149.31,149.65,146.46,147.32,6457808
1601645400,146.21,148.41,145.83,146.24,5485602
1601904600,147,148.38,146.42,148.23,4992758
1601991000,148.28,148.61,145.87,146.26,5118212
1602077400,146.49,148.23,145.81,147.88,5603123
1602163800,148.5,149.85,148.04,148.89,4413531
1602250200,149.65,151.48,149.445,150.97,5054116
1602509400,151.6,153.142,151.02,151.84,7273170
1602595800,149,150.12,147.77,148.36,11057570
1602682200,148.82,149.03,147.39,148.1,7707047
1602768600,147.48,147.9,146.33,147.19,5979015
1602855000,147.6,148.76,147.01,148.1,6098204
1603114200,148.53,148.9,144.13,144.32,7250755
1603200600,144.66,145.75,144.12,144.55,5326540
1603287000,144.12,145.34,143.91,143.93,5221348
1603373400,144.16,145.69,143.84,145.08,5280253
1603459800,145.88,147.47,144.35,145.24,4154372
1603719000,144.43,144.77,142.75,143.97,6929472
1603805400,143.74,144.29,142.92,143.15,4890064
1603891800,141.425,141.98,138.18,138.36,8426065
1603978200,138,138.7,136.05,137.19,7205409
1604064600,136.68,137.54,133.65,137.11,7364752
1604327400,138.98,139.01,137.49,138.69,7088029
1604413800,140.02,140.96,137.78,138.5,6362978
1604500200,139.49,142.54,138.7,139.4,10263515
1604586600,140.55,141.83,139.26,139.76,8016160
1604673000,140.4,143.19,139.65,142.25,5942538
1604932200,148.425,148.99,144.92,146.08,12351644
1605018600,147.25,148.75,146.26,148.28,7386462
1605105000,149.17,149.2,146.86,147.8,6382407
1605191400,147.61,148.65,146.7536,148.3,4712177
1605277800,149.09,150.41,148.41,149.9,5896537
1605537000,150.92,151.3,149.801,150.85,6266384
1605623400,150,150.63,149.12,149.35,7297736
1605709800,148.87,149.76,147.37,147.37,6661008
1605796200,147.3,147.46,145.5869,147.14,7987716
1605882600,147.05,147.94,146.13,146.36,6356142
1606141800,146.01,146.01,143.04,143.87,7318255
1606228200,144,144.765,143.61,143.87,11038822
1606314600,144.06,144.17,142.86,143.68,7594618
1606487400,144.5,144.6583,143.22,144,3059001
1606746600,144.23,144.86,143.06,144.68,15663242
1606833000,146.29,149.13,145.86,147.45,9741260
1606919400,147.85,149.71,147.7,148.14,7745516
1607005800,148.04,149.58,147.69,149,7310486
1607092200,149.79,150.31,149.27,150.27,6747083
1607351400,149.35,149.91,148.51,148.97,6634743
1607437800,150,152.14,149.55,151.55,8339847
1607524200,152.83,153.5,151.755,153.1,8440069
1607610600,152.82,152.98,151.68,152.25,7392928
1607697000,151.53,153.41,151.23,152.95,5973255
1607956200,153.25,153.48,148.99,149.07,8547296
1608042600,150,150.75,149.53,150.57,7614746
1608129000,150.2,150.92,149.55,149.67,8486069
1608215400,150.09,153.885,149.955,153.62,9920312
1608301800,153.65,155.1,151.67,154.51,17137229
1608561000,152.01,153.41,150.05,153.02,7893359
1608647400,152.4,153.9,151.86,152.72,4703185
1608733800,152.8,153.603,151.9,151.94,4607275
1608820200,151.85,153.04,151.82,152.47,2114901
1609165800,153.32,153.87,152.3,153.19,3855466
1609252200,154.11,154.93,153.8,154.14,5211972
1609338600,154.74,156.38,154.6,156.05,5412775
1609425000,156.53,157.66,155.1098,157.38,5099880
1609770600,157.24,157.38,154.13,156.5,11765865
1609857000,156.25,158.76,155.07,158.34,9602290
1609943400,157.24,160.23,156.72,159.83,8230086
1610029800,159,161.03,158.35,160.37,7747161
1610116200,160.51,161.1,159.88,160.04,8228938
1610375400,160.56,161.32,158.77,159.37,7068176
1610461800,159.15,159.66,157.33,158.13,6903189
1610548200,158.23,158.455,156.75,157.89,6643065
1610634600,160.45,161.95,159.61,160.65,10030794
1610721000,160.3,161.4058,159.1058,160.3,7630813
1611066600,162,163.04,161.1,162.78,9057555
1611153000,163.2,164.14,161.8,162.38,6839850
1611239400,161.32,162.48,160.06,161.73,6822770
1611325800,162.36,165.155,161.87,163.55,8137018
1611585000,165.01,166.09,163.66,165.98,9924438
1611671400,169.7,173.65,169.39,170.48,14205687
1611757800,169.12,170.92,167.45,167.88,14207289
1611844200,168.2,170.86,167.8,169.16,8944399
1611930600,164.26,166,160.5527,163.13,22505864
1612189800,165.31,165.31,162.6,162.71,9971395
1612276200,163.38,163.66,161.18,161.25,11443254
1612362600,160.94,161.52,159.57,160.5,8601883
1612449000,161,162.09,159.76,161.99,7758128
1612535400,164.86,165.44,163.8601,164.45,9495309
1612794600,165.03,165.9206,163.88,164.92,6035341
1612881000,165.2,166.59,164.97,166.27,5544214
1612967400,167.89,167.94,165.7,166.81,5921312
1613053800,167,167.38,165.6,166.06,4871250
1613140200,164.4,166.85,164,166.58,4413066
1613485800,166.58,167.05,164.64,165.07,5656092
1613572200,164.97,166.09,164.36,165.66,6680909
1613658600,164.96,166.16,164.3,165.74,5191590
1613745000,165.6,165.96,162.91,162.98,8190883
1614004200,161.87,162.54,160.29,161.87,6447105
1614090600,161.48,163.19,160.4,160.44,7042829
1614177000,162.4,164.39,160.92,162.59,10286107
1614263400,163.13,163.7,161.99,162.76,9719715
1614349800,162,162.41,157.97,158.46,14417547
1614609000,161.45,161.53,159.09,159.32,10551378
1614695400,159.78,160.78,158.6,159.02,7610885
1614781800,158.25,158.9,156.0604,156.22,8499626
1614868200,155.99,156.1,151.47,153.07,11033178
1614954600,153.98,156.69,153.13,156.1,8331633
1615213800,157,159.33,155.98,157.4,6546688
1615300200,156.89,160.75,156.89,157.7,7461267
1615386600,158.82,159.895,157.36,159.15,6635577
1615473000,159.54,160.63,158.92,159.14,6305584
1615559400,159.28,160.31,159.19,159.6,5474849
1615815000,159.75,160.66,158.5,160.42,5526008
1615901400,160.46,161.68,160.24,161.37,6369144
1615987800,160.83,161.73,159.53,160.77,6001421
1616074200,160.21,161.49,159.96,160.47,4801794
1616160600,160.69,161.5,159.47,160.04,14891523
1616419800,158.31,160.65,158,160.5,7589623
1616506200,160.21,161.2004,158.88,160.35,7178323
1616592600,160.1,162.48,159.82,161.91,6370143
1616679000,162.44,162.45,160.64,161.97,6269774
1616765400,162.09,165.1,161.38,164.93,7619247
1617024600,163.83,167.03,163.6314,166.04,8535084
1617111000,165.02,165.66,164.23,165.01,7236347
1617197400,164.96,165.39,163.7,164.35,8281521
1617283800,162.6,163.84,162.26,162.83,7229717
1617629400,163.64,164.75,162.66,163.43,7387123
1617715800,164.08,164.52,163,163.39,5074239
1617802200,163.55,164.28,163.316,163.61,4608010
1617888600,164,164.1116,162.85,162.97,5039397
1617975000,162.12,162.93,159.78,161.25,8418332
1618234200,161.09,162.08,160.34,161.64,5023037
1618320600,156.86,159.93,156.53,159.48,18424075
1618407000,157.83,160.11,157.54,159.92,7718321
1618493400,160.72,162.39,160.23,160.39,7524568
1618579800,161.34,162.51,160.56,162.24,9049432
1618839000,162.5,163.11,160.84,162.69,8353528
1618925400,161,167.7899,161,166.48,14050663
1619011800,166.37,166.91,165.29,166.59,6333210
1619098200,165.836,166.28,164.62,165.18,7232981
1619184600,164.53,166.06,163.9996,165.52,6033245
1619443800,165.21,165.41,163.76,164.12,6027788
1619530200,163.76,163.91,162.47,163.18,6217651
1619616600,162.86,163.2,161.65,161.98,7448016
1619703000,161.9,164.26,161.81,164.2,6394287
1619789400,164.15,164.33,162.52,162.73,9079081
1620048600,163.6,165.32,163.12,165.21,6594230
1620135000,164.83,167.85,164.67,167.77,10179539
1620221400,167.5,167.5,166.81,167.07,5134587
1620307800,166.79,167.885,166.24,167.74,5529946
1620394200,168.3,169.18,167.83,168.5,5316209
1620653400,169.9,171.53,169.23,170.27,8357486
1620739800,170.65,170.87,168.28,168.88,8217953
1620826200,168.54,169.8,167.95,168.2,6758316
1620912600,166.97,170.7,166.97,169.96,8018910
1620999000,171.48,171.61,170.17,170.22,5797704
1621258200,170.4,171.89,170.305,170.39,5722638
1621344600,169.98,171.365,169.53,170.45,5845985
1621431000,169.91,170.16,168.0354,170.08,5533788
1621517400,169.94,171.59,169.69,171.07,4853192
1621603800,171.33,172.74,170.87,170.96,6501751
1621863000,170.9,171.35,169.77,170.55,5195384
1621949400,170.67,171.03,169.74,170.08,7444857
1622035800,170,170.08,168.28,169.07,5726683
1622122200,169.26,170.17,168.38,168.81,8114708
1622208600,169.52,171.005,169.17,169.25,6401011
1622554200,170.15,170.2,165.38,165.53,10448370
1622640600,165.3,166.725,165.11,166.2,6806032
1622727000,165.89,167.15,165.705,166.04,5809122
1622813400,167.005,167.565,165.87,165.97,6510480
1623072600,166,166.32,164.6317,164.84,5362781
1623159000,165.28,165.66,162.07,163.39,7746805
1623245400,163.99,165.78,163.66,165.59,5552600
1623331800,166,167.575,165.95,167.08,6463322
1623418200,167.07,167.08,164.22,164.96,7389922
1623677400,164.5,165.46,163.9,165.37,4931297
1623763800,165.23,165.86,164.39,164.49,5063027
1623850200,164.8,165.75,163.4801,164.43,6988477
1623936600,164.19,165.7,163.5,165.22,5874962
1624023000,163.27,164.19,161.79,161.98,12993018
1624282200,162.77,164.255,162.25,163.84,6592400
1624368600,163.71,164.04,163.28,163.62,5627795
1624455000,163.69,163.69,162.48,162.63,4493351
1624541400,163.27,164.2,162.8,163.37,4549234
1624627800,162.94,164.78,162.89,164.21,10963806
1624887000,164.44,165.07,163.52,164.02,5604009
1624973400,164,164.64,163.41,164.03,3749744
1625059800,164,164.97,163.67,164.74,6151745
1625146200,164.74,166.01,164.63,165.96,6320173
1625232600,166.02,169.3,165.64,168.98,9060270
1625578200,167.91,168.86,166.99,167.97,6098526
1625664600,167.48,169.5,167.48,169.41,6293581
1625751000,168.7,169.46,167.58,169.08,5755679
1625837400,169.37,170.37,169.24,169.75,6120925
1626096600,169.73,171.18,168.54,169.48,7840452
1626183000,168.97,169.755,168.672,169.27,4691233
1626269400,170,170.83,169.04,170.42,6162925
1626355800,169.3,169.9,167.72,168.37,6656878
1626442200,168.34,169.09,167.95,168.1,5835263
1626701400,166.48,168.19,165.32,166.88,8220113
1626787800,166.9,170.81,166.84,168.45,9902815
1626874200,169.3,169.69,167.48,169.49,7585479
1626960600,169.36,171.07,168.65,169.98,5281948
1627047000,171,172.1751,170.38,171.79,5015073
1627306200,171.82,172.14,170.8619,171.87,4485035
1627392600,171.8,172.72,170.67,172.66,7089269
1627479000,172.73,173.3801,172.08,172.18,5750714
1627565400,172.74,173.34,171.085,172.18,4214059
1627651800,172.54,172.98,171.84,172.2,5346742
1627911000,172.47,172.84,171.3,172.27,3721473
1627997400,172.73,174.5,172.44,174.39,6032998
1628083800,174.2,174.59,173.259,173.36,4793117
1628170200,173.85,173.85,172.42,173.69,4291332
1628256600,173.94,173.94,172.45,173.11,4581065
1628515800,173.72,174.25,172.93,173.71,3950185
1628602200,173.26,174.11,172.78,173.77,3678454
1628688600,174.25,174.47,173.56,173.8,4221298
1628775000,173.82,175.29,173.59,175.2,4301392
1628861400,175.29,176.29,175.12,176.25,5882102
1629120600,176.55,177.89,175.95,177.84,4783192
1629207000,177.31,179.51,177.31,179.47,6041881
1629293400,179.5,179.5,177.13,177.19,7134094
1629379800,176.62,179.3269,176.07,178.57,5615038
1629466200,178.89,179.92,178.07,179.44,5428729
1629725400,178.39,178.93,177.54,177.61,6461676
1629811800,176.99,177.21,175.28,175.39,5734824
1629898200,175.69,175.9,173.892,174.23,5700289
1629984600,173.95,174.72,173.05,173.3,5031639
1630071000,174.28,174.28,172.75,172.93,7046079
1630330200,172.79,174.28,172.78,173.66,3253006
1630416600,173.49,174.49,172.48,173.13,7106790
1630503000,172.9,173.74,172.06,173.74,5327351
1630589400,174.34,175.19,173.91,174.93,4545449
1630675800,175.1,175.22,173.81,175.04,4097512
1631021400,174.35,175.03,171.67,172.32,6859871
1631107800,171.62,172.98,171.08,171.9,4661733
1631194200,171.19,171.48,167.7,168.07,7114577
1631280600,168.55,169.09,166.87,166.97,6699315
1631539800,167.92,168.12,165.13,165.8,6273506
1631626200,166.4,166.54,164.51,164.8,5259559
1631712600,165,165.96,164.31,165.42,7935279
1631799000,165.65,166.46,164.19,165.22,5665537
1631885400,164.3,164.91,163.555,164.75,13422106
1632144600,163.48,165.17,162.165,163.81,7271017
1632231000,164.61,165.98,164.24,164.53,6663566
1632317400,165.35,165.95,163.63,163.93,5657126
1632403800,164.4,165.77,164.15,164.86,4697939
1632490200,164.75,165.65,163.89,164.36,4399614
1632749400,164,164.36,162.85,163.17,5775461
1632835800,163.1,163.91,161.771,162.81,7610354
1632922200,163,164.66,162.78,164.02,5124102
1633008600,164.64,165.4,161.41,161.5,6974317
1633095000,161.53,161.9,158.62,160.47,8568560
1633354200,159.99,161,157.6737,159.22,8621017
1633440600,159.86,161.11,159.15,159.58,5129033
1633527000,159.87,159.95,157.84,159.91,7312649
1633613400,160.02,162.61,160.02,161.34,5309181
1633699800,161.32,161.61,160.25,160.93,4343438
1633959000,160.86,161.855,159.94,160.25,4101646
1634045400,160,160.18,157.34,157.69,6686443
1634131800,157.82,160.08,157.75,159.2,6901589
1634218200,159.71,161.14,159.6,160.11,4580894
1634304600,161.03,161.81,160.41,161.3,6918407
1634563800,160.25,160.89,159.2,160.12,7465461
1634650200,160.9,165.15,160.725,163.87,10081294
1634736600,163.98,164.75,163.26,163.78,6003177
1634823000,164.3,164.39,162.28,163.4,4524127
1634909400,163.06,164.06,162.96,163.72,4304467
1635168600,163.72,164.31,161.71,164.08,6715399
1635255000,164.56,166.03,164.05,165.75,6939057
1635341400,165.68,165.76,163.305,163.74,7018787
1635427800,163.77,165.2,162.32,162.85,6278844
1635514200,162.35,163.25,160.61,162.88,8526806
1635773400,163.16,163.98,159.4,163.02,5846426
1635859800,163.7,166.9818,162.98,165.59,8450626
1635946200,165.04,165.77,163.43,165.06,6717787
1636032600,164.935,164.99,162.67,164.6,8224377
1636119000,162.48,164.6,162.2,163.43,6215911
1636381800,163.68,164.17,162.01,162.87,5579037
1636468200,162.61,163.59,162.02,162.51,6112777
1636554600,162.53,164.84,162.35,164.27,6225098
1636641000,163.49,163.81,162.4921,163.06,4118791
1636727400,167.43,167.62,164.61,165.01,18995209
1636986600,165,165.46,163.2164,163.52,7496205
1637073000,163.18,164.35,162.62,162.67,7594717
1637159400,162.87,163.86,161.79,163.28,5414474
1637245800,163.45,164.47,162.13,162.4,6359664
1637332200,163.04,163.19,161.78,162.89,7628928
1637591400,161.03,162.64,159.65,159.7,7642322
1637677800,159.52,161,158.78,160.69,7735770
1637764200,160.14,160.62,159.38,160.24,5230887
1637937000,160.6,161.16,158.66,159.2,8523072
1638196200,159.5,160.42,158.42,159.75,9188537
1638282600,158.51,159,155.85,155.93,14981664
1638369000,156.88,160.0813,156.25,158.08,9836412
1638455400,157.26,159.29,156.75,157.09,11334736
1638541800,157.91,159.67,157.59,159.38,8750521
1638801000,160.19,163.52,159.83,162.94,9692041
1638887400,164,164.27,162.41,163.36,8311254
1638973800,163.47,164.57,162.64,164.34,6216391
1639060200,164.18,165.98,163.49,165.9,8574177
1639146600,165.57,166.69,164.65,165.49,6572247
1639405800,164.75,169.195,163.8,168.45,11142277
1639492200,168.33,170.97,167.16,170.29,10482433
1639578600,169.85,171.295,169.42,171.14,8552246
1639665000,171.26,173.51,170.84,173.01,8998582
1639751400,169.64,170.78,167.66,168.23,16732018
1640010600,167.81,168.51,166.55,167.75,7954532
1640097000,168.06,168.1,165.98,167.21,7954249
1640183400,167.06,168.17,166.12,167.93,4178361
1640269800,167.88,168.95,167.36,168.25,3501450
1640615400,169.14,169.85,168.7,169.67,3705063
1640701800,169.79,170.64,169.59,170.35,3187062
1640788200,170,171.99,169.91,171.55,3661968
1640874600,172.12,172.875,171.75,172.31,4231812
1640961000,172.53,172.6785,171.03,171.07,4409475
1641220200,170.21,171.6,169.1,171.54,6012777
1641306600,171.06,172.29,170.595,171.08,6748363
1641393000,172,173.47,171.62,172.22,7016099
1641479400,172.15,172.5,170.8,171.63,7301633
1641565800,171.46,174.3,171.13,173.95,6986006
1641825000,173.69,173.69,172.155,173.09,7698444
1641911400,172.99,173.39,170.11,171.25,8341067
1641997800,169.61,170.08,168.34,169.79,8116205
1642084200,169,170.42,168.46,168.76,6159444
1642170600,168.625,168.65,167.15,167.84,5847839
1642516200,167.1,167.715,166.01,167.1,7815939
1642602600,167.2,168.72,166.3165,166.58,5926454
1642689000,167.29,167.859,164.93,165.25,6011300
1642775400,166.19,167.99,164.47,164.87,10550302
1643034600,164,164.17,158.26,162.97,14087602
1643121000,162.36,168.41,161.58,167.63,14081247
1643207400,167.54,169.22,166.23,168.38,9963229
1643293800,169.39,171.91,169,170.59,9068738
1643380200,170.86,171.84,169.3,171.79,9783217
1643639400,171.5,172.62,170.82,172.29,8054895
1643725800,171.74,171.98,169.43,170.88,8154721
1643812200,169.65,172.99,169.65,172.77,7382821
1643898600,172.26,173.62,171.04,172.76,6240613
1643985000,171,172.98,170.1185,171.63,6392155
1644244200,171.41,171.74,170.01,171.06,6065670
1644330600,171.02,172.05,170.48,171.51,6296300
1644417000,172.07,172.24,171.25,171.49,5387540
1644503400,171.21,171.22,169.3,169.42,10355349
1644589800,169.12,170.15,167.54,167.71,13125328
1644849000,167.71,167.97,163.81,165.6,8967638
1644935400,166.13,168.1,166.01,167.31,6632823
1645021800,166.49,167.84,165.7114,167.21,8482618
1645108200,167.21,167.45,164.92,166.19,6227569
1645194600,164.98,165.36,162.94,163.36,6423165
1645540200,163.575,163.74,160.44,161.14,6868893
1645626600,161.51,162.639,160.85,161.22,8016903
1645713000,159.78,160.13,155.72,158.14,12883436
1645799400,160,166.985,159.7,166,11340354
1646058600,162.87,165.18,162.3802,164.57,9373511
1646145000,163.04,164.75,162.4079,164,8737846
1646231400,164.41,167.63,164.04,166.04,6793377
1646317800,166.7,169.335,166.32,168.48,7333736
1646404200,167.64,169.86,166.85,169.48,6302672
1646663400,168.3,173.12,167.36,172.21,11663353
1646749800,172.04,173.12,168.51,168.72,11100340
1646836200,170.01,170.23,167.89,169.36,7248218
1646922600,168.56,170.15,168.075,169.66,6171649
1647009000,169.13,171.46,169.02,169.35,5188196
1647264600,170.68,174.12,170.35,171.69,7729453
1647351000,173.33,176.52,172.55,176.14,10554596
1647437400,175.46,176.95,172.56,174.52,9603324
1647523800,175.21,176.84,174.2,176.8,7472219
1647610200,177,177,173.66,174.84,13809537
1647869400,174.66,177.16,174.32,175.83,7574873
1647955800,175.83,176.37,173.91,175,8442113
1648042200,175.23,175.54,174.09,174.34,5254350
1648128600,175,175.54,174.07,175.24,5012277
1648215000,175.69,177.7,175.22,176.92,4809977
1648474200,176.65,178.179,176.35,177.83,5604162
1648560600,178.62,179.4,176.8,177.74,5933444
1648647000,178.44,179.86,177.68,179.59,6277556
1648733400,179.59,180.21,176.98,177.23,11490395
1648819800,177.05,178.43,175.6,178.19,6525643
1649079000,178.19,178.19,175.52,176.47,6860771
1649165400,176.47,179.65,176.29,177.61,7446074
1649251800,179.39,182.6,178.62,182.23,10330886
1649338200,181.67,182.95,180.23,181.76,7385179
1649424600,181.33,183.187,180.43,182.12,7144608
1649683800,183,184.2,179.6,179.84,5932040
1649770200,179.2,180.81,178.2,179.9,5957536
1649856600,179.9,180.84,179.24,180.66,5643118
1649943000,180,181.4,179.73,179.9,6188193
1650288600,179.73,180.39,176.74,177.66,6318656
1650375000,180.72,185.94,179.95,183.08,14380839
1650461400,182.24,184.32,181.9,183.89,8044908
1650547800,183.93,184.87,182.56,183.36,6969405
1650634200,182.47,183.15,181.38,181.54,8003593
1650893400,182.34,186.69,182.1,186.01,11176501
1650979800,185.1,186.57,184.1808,184.68,10190017
1651066200,184.24,184.82,181.74,182.1,11090331
1651152600,182.25,184.5,181.92,183.46,9405147
1651239000,182.5,182.545,180.2,180.46,8464103
1651498200,180.47,181.41,177.03,178.64,7145420
1651584600,178.8,180.63,177.68,178.29,5898660
1651671000,178.15,180.5,177.15,180.2,5923144
1651757400,179.42,179.71,175.27,176.76,7089184
1651843800,175.14,176.87,174.69,176.37,6434011
1652103000,175.45,178.56,174.59,177.33,7855212
1652189400,178.23,179.18,176.5,177.09,8186717
1652275800,175.96,178.32,175.88,176.13,6138896
1652362200,176.47,177.95,174.71,177.87,6898565
1652448600,178.7,178.89,175.8028,176.85,7732163
1652707800,176.85,179.13,176.17,178.08,5516706
1652794200,178.72,179.7,176.59,178.82,5751129
1652880600,178.84,179.37,175.17,175.5,8608771
1652967000,174.72,174.8,172.69,173.94,6874509
1653053400,174.85,177.16,174.05,176.98,7522122
1653312600,177.6,179.93,177.46,179.44,7040831
1653399000,179.25,181.74,179.1,181.4,6419836
1653485400,180.53,181.55,179.06,179.62,6558994
1653571800,181,181,178.6038,179.46,6897747
1653658200,179.76,181.16,178.23,181.09,5853621
1654003800,178,180.17,175.01,179.53,16391449
1654090200,179.15,179.83,175.9,177.71,5175435
1654176600,177.74,177.81,174.5884,177.15,8666511
1654263000,177.07,178.6707,176.15,176.42,4234186
1654522200,177.21,178.5,175.995,176.4,5386517
1654608600,176.98,179.3,176.4,178.34,5447818
1654695000,178.1,179.45,176.8,177.28,4333091
1654781400,177.21,178.65,173.64,173.71,5510417
1654867800,172.17,173.97,170.6212,172.55,6647865
1655127000,170.08,172.25,170.0788,170.81,7997023
1655213400,171.06,171.11,167.26,168.19,7116777
1655299800,169.64,171.44,168.64,169.99,7796330
1655386200,168.4,170.21,167.41,170.08,7056743
1655472600,170.63,172.2,169.24,169.46,12486568
1655818200,170.75,173.86,169.56,173.01,8219662
1655904600,172,177.92,171.69,175.74,10593449
1655991000,177,179.815,176.52,179.66,10223458
1656077400,180.78,182.53,179.9775,182.29,9374446
1656336600,181.64,183.3506,181.5,182.12,5908839
1656423000,182.17,182.97,176.31,176.94,9277210
1656509400,177.22,178.3,176.43,176.99,7097873
1656595800,176.86,178.29,175.03,177.51,10777248
1656682200,177.45,179.72,176.69,179.52,5498393
1657027800,178.83,179.125,174.61,178.14,5677363
1657114200,178.07,179.44,177.41,178.3,5335631
1657200600,177.86,179.12,177.51,178.5,5725839
1657287000,178.33,179.99,177.77,178.28,3828375
1657546200,177.7,179.02,177.52,178.35,3645448
1657632600,177.98,178.45,175.1951,175.85,4708892
1657719000,175.66,176.33,174.5,175.44,5291697
1657805400,172.53,176.01,172.2968,175.68,5359551
1657891800,177.71,178.51,176.55,178.23,5691095
1658151000,177.74,178.19,173.91,174.23,7605677
1658237400,176.33,176.75,169.88,171.69,13256444
1658323800,172.2,172.55,169.76,170.71,7455775
1658410200,170.05,171.39,169.77,171.31,5729215
1658496600,171.595,172.49,171.06,172.12,4257030
1658755800,172.12,172.975,171.72,172.46,4437270
1658842200,172.56,174.98,172.49,173.68,4525545
1658928600,172.63,174.1,171.13,173.2,4648499
1659015000,173.4,176.09,171.44,174.2,5513018
1659101400,173.79,174.85,172.91,174.52,6451431
1659360600,174.17,175.155,173.5425,173.91,5461387
1659447000,175.01,175.49,172.7,172.92,5794225
1659533400,172.55,175.26,171.77,174.59,5009952
1659619800,174.81,175.09,171.6,171.79,5651554
1659706200,171.3,171.53,169.79,171.11,5235516
1659965400,171.3,171.48,169.4354,170.2,4630836
1660051800,170.54,171.12,169.73,170.18,5532526
1660138200,171.02,171.24,169.53,170.67,5603444
1660224600,168.52,169.95,166.98,167.14,9328688
1660311000,167.54,167.94,165.15,165.3,14606901
1660570200,166,166.75,165.125,166.09,10072044
1660656600,165.86,168.2539,165.6,167.57,7453595
1660743000,166.41,168.56,166.41,167.58,7406590
1660829400,167.68,168.3,165.93,166.77,8312105
1660915800,167.1,170.12,167,169.31,8128543
1661175000,168.9,168.92,167.17,167.59,5462550
1661261400,167,167.77,165.8,166.13,5566296
1661347800,166.56,166.59,165.07,165.58,5684329
1661434200,165.95,167.24,164.7,167.13,5678662
1661520600,167.46,167.5,164.195,164.27,5667136
1661779800,163.47,163.84,162.02,163,5259249
1661866200,163.3,163.54,162.03,162.43,6973254
1661952600,163.23,163.55,161.27,161.34,8741708
1662039000,161.49,165.5,161.48,165.34,7509594
1662125400,165.86,166.2,162.01,162.74,5803704
1662471000,163.94,166.215,162.82,163.18,7394550
1662557400,162.91,164.42,162.16,164.07,4546700
1662643800,163.88,165.42,163.08,165.39,5838401
1662730200,164.99,166.2,164.3884,165.71,5501863
1662989400,166.11,166.57,165.22,165.64,6365306
1663075800,163.57,164.44,160.81,161.33,6726360
1663162200,162.38,165.36,162.38,164.66,9555693
1663248600,164.45,166.07,164.1,165.08,7174495
1663335000,165.32,167.63,164.75,167.6,20201543
1663594200,166.3,166.43,164.08,166.28,7380906
1663680600,165.22,165.9,164.32,164.97,7143441
1663767000,165.02,166.795,163.24,163.28,8071195
1663853400,163.15,167.16,162.83,166.18,7401060
1663939800,165.74,167.48,164.66,166.72,9598555
1664199000,165.8,166.84,164.38,165.7,8735455
1664285400,166.36,167.67,164.4,164.94,8686684
1664371800,166.245,167.38,165.1,166.36,8661065
1664458200,166.48,167.17,163.89,164.53,7008279
1664544600,165,165.74,163.32,163.36,8985190
1664803800,164.29,164.38,161.7,163.2,8656972
1664890200,163.85,166,162.92,165.62,6236107
1664976600,165.02,166.04,164.21,165.11,4539577
1665063000,164.79,165,161.69,161.91,5890654
1665149400,161.77,162.22,159.17,160.2,6363549
1665408600,160.63,161.28,159.18,160.41,5315589
1665495000,160.37,164.11,160.37,162.73,6212362
1665581400,162.94,164.88,162.495,162.69,4341741
1665667800,160.89,165.99,160.7481,165.15,6465108
1665754200,164.44,165.68,163.6,164.46,5684946
1666013400,165.4,167.21,165.01,166.59,6710843
1666099800,165,167.17,163.05,166.01,10883584
1666186200,166,166.25,163.89,164.69,10044639
1666272600,165,165.74,164.33,165.11,5659884
1666359000,164.71,169.37,164.43,168.71,8487565
1666618200,169.81,172.08,169.25,170.98,6855502
1666704600,170.17,171.11,168.52,170.71,5661948
1666791000,171.32,172.57,170.52,172.21,6124314
1666877400,172.35,173.43,171.72,172.31,5390871
1666963800,173,175.39,172.594,174.87,6073933
1667223000,174.52,175.16,173.42,173.97,7809972
1667309400,174.06,174.63,170.42,173.09,6985027
1667395800,172.89,173.94,170.29,170.43,6878410
1667482200,169.81,171.47,168.94,170.72,4819890
1667568600,171.56,172.5,169.24,171.48,5300904
1667831400,171.67,173.85,171.44,172.98,6621046
1667917800,173.13,174.6908,172.18,173.84,5148386
1668004200,174.27,175,172.34,172.45,6150217
1668090600,174.35,174.77,172.04,174.47,7877515
1668177000,172.73,173.11,166.82,169.25,11074659
1668436200,170.25,173.26,170.25,171.91,6581488
1668522600,172.19,173,170.521,172.39,9350954
1668609000,173.64,174.99,173.13,173.46,5501017
1668695400,173,174.99,172.98,174.86,4465845
1668781800,175,176.64,174.623,176.2,6555709
1669041000,175.89,176.55,174.83,175.97,5706552
1669127400,176.4,177.19,176.33,176.82,4708028
1669213800,176.44,177.4,176.01,177.01,5389488
1669386600,177.38,178.12,176.86,177.24,3058608
1669645800,176.75,177.77,176.56,177.33,6183178
1669732200,177.01,177.26,174.66,176.09,6700469
1669818600,176.37,178.01,174.78,178,13288014
1669905000,179,179.96,177.77,178.74,6282567
1669991400,177.5,178.96,176.96,178.88,5824048
1670250600,178.36,179.36,178,178.78,5120648
1670337000,179.92,180,175.93,176.1,7943506
1670423400,176.57,177.88,176.23,177.17,5702579
1670509800,176.82,177.47,176.34,177.2,4798463
1670596200,177.12,177.89,175.66,175.74,4560968
1670855400,175.95,177.87,175.6,177.84,4882385
1670941800,179.1,180.2,178.3083,179.21,9177603
1671028200,178.58,181.039,178.58,179.76,9533583
1671114600,179.2,179.84,176.4,177.49,7602616
1671201000,177,177,174.86,175.67,18841796
1671460200,175.35,176.165,174.07,175.48,5736042
1671546600,176,176.44,175.17,175.67,6174730
1671633000,176.27,178.18,175.65,177.68,5471973
1671719400,176.77,177.51,175.34,177.03,5709312
1671805800,176.67,177.52,175.81,177.48,3683420
1672151400,178.11,178.35,176.99,177.43,3067292
1672237800,177.76,178.45,176.65,176.66,2645619
1672324200,177.55,178.3,177.07,177.56,2828780
1672410600,177.49,177.77,175.4,176.65,4216656
1672756200,176.16,178.38,176.01,178.19,6344864
1672842600,178.89,180.19,178.48,180.13,9788784
1672929000,179.02,179.99,178.41,178.8,6255308
1673015400,180.13,180.93,179.39,180.25,5705960
1673274600,179.3,179.76,175.175,175.58,7925277
1673361000,175.7,176.14,174.32,175.16,5047467
1673447400,175.57,175.72,172.11,174.88,6494755
1673533800,174.26,174.706,172.8,174,4269394
1673620200,173.19,174.01,172.38,173.43,6088155
1673965800,174,174.58,172.09,172.36,6053302
1674052200,171.65,172,169.71,169.76,7047759
1674138600,169.03,171.28,168.71,169.53,6939514
1674225000,170.1,170.11,167.48,168.74,8620553
1674484200,169.1,169.63,167.9474,168.31,8425412
1674570600,169.015,170.99,166.01,168.31,10541842
1674657000,167.17,169.51,167.08,169.51,7099816
1674743400,169.55,169.91,168.65,168.89,6946106
1674829800,168.54,168.866,167.77,168.23,6058104
1675089000,167.93,168.54,161.08,162,23259077
1675175400,161.7,163.43,161.05,163.42,11612526
1675261800,162.99,165.98,162.4,164.92,9865296
1675348200,163,166.22,162.8224,165.54,10098965
1675434600,166.03,166.34,163.89,164.61,6868540
1675693800,164.55,164.8525,163.1,163.36,7020989
1675780200,161.6,163.88,161.42,163.4,7310756
1675866600,163.3,164.56,162.8995,163.61,6054697
1675953000,163.63,164.795,161.07,161.4,7949544
1676039400,161.77,162.79,161.35,162.15,7028039
1676298600,161.33,162.82,161.15,162.75,6414709
1676385000,162.74,162.9699,161.76,162.04,6316011
1676471400,161.95,161.98,159.29,159.37,12633301
1676557800,159.075,159.65,157.92,158.24,11176958
1676644200,157.02,161.11,156.62,160.39,12401926
1676989800,159.65,160.35,157.89,158,9423860
1677076200,158.5,158.85,157.37,157.78,9820240
1677162600,157.71,158.585,156.67,157.73,9385092
1677249000,156.65,156.85,155.21,155.97,8689726
1677508200,156.45,156.9,155.08,155.63,7267122
1677594600,154.98,155.27,153.04,153.26,9062342
1677681000,153.01,153.24,151.91,152.57,6766972
1677767400,151.75,152.76,151.231,152.45,8765070
1677853800,153.37,154.12,152.84,154.02,5747158
1678113000,154.66,155.73,154.565,155.56,8148207
1678199400,156.09,156.25,153.35,154.09,7457731
1678285800,153.98,154.1955,152.48,152.96,6230522
1678372200,153.46,153.6,150.71,151.24,7439367
1678458600,151.86,153.49,151.1,151.61,8504316
1678714200,152.09,155.91,151.57,153.06,10799575
1678800600,153.28,154.03,151.9,153.92,8421189
1678887000,152.84,154.89,152.5259,154.35,7757686
1678973400,153.45,154.365,152.605,154.03,7606979
1679059800,154.48,154.9499,152.3,152.38,20540668
1679319000,152.47,154.075,152.38,153.89,7128958
1679405400,154,154.13,152.17,153.89,8376843
1679491800,153.85,154.06,151.03,151.05,7943527
1679578200,151.175,151.69,150.11,151.13,9051510
1679664600,151.48,152.76,150.83,152.65,5696845
1679923800,154.2,154.54,153.11,153.3,6772282
1680010200,152.39,153.45,151.725,151.82,6115293
1680096600,152.24,153.38,152.07,153.31,6012030
1680183000,153.58,153.8,152.81,153.43,4555905
1680269400,153.79,155.19,153.24,155,9890047
1680528600,154.95,157.01,153.94,156.85,6841888
1680615000,156.97,158.97,156.59,158.49,8314527
1680701400,164.37,165.66,162.76,165.61,16704181
1680787800,165.99,167.23,164.8,165.15,9615407
1681133400,164.63,164.84,163.64,164.32,5353951
1681219800,164.42,165.28,164.0401,164.27,5903824
1681306200,163.94,164.84,163.1,163.92,5764240
1681392600,164.18,166.33,163.805,166.11,5640617
1681479000,165.97,166.115,164.06,165.84,7225127
1681738200,165.735,166.24,164.94,165.67,8046428
1681824600,164.25,164.69,159.65,161.01,14571485
1681911000,161.99,162.68,161.17,162.53,6752006
1681997400,162.43,163.82,160.96,163.58,9498768
1682083800,164.44,164.97,161.97,162.69,7014214
1682343000,162.69,163.805,161.87,163.68,5278892
1682429400,164.31,165.35,164.155,165.18,6263103
1682515800,164.09,164.39,162.24,162.62,5518174
1682602200,162.9,163.4067,162.13,163,5739700
1682688600,162.81,163.76,162.5566,163.7,6024864
1682947800,163.6,164.298,162.24,163.6,4893426
1683034200,164.34,165.48,163.555,165.03,7541724
1683120600,165.55,166.18,162.51,162.87,5937170
1683207000,162.68,162.9,161.25,162.13,5127992
1683293400,162.84,163.13,161.69,162.68,5194461
1683552600,161.99,162.57,161.34,162.31,4994929
1683639000,161.75,162.13,160.79,161.05,5520642
1683725400,161.2,161.97,160.06,161.65,6756629
1683811800,161.83,162.19,159.3901,160.99,5867620
1683898200,161.36,161.56,160.01,160.78,3904327
1684157400,160.8,161.03,158.94,159.55,5104486
1684243800,159.06,160.25,158.53,159.34,5599505
1684330200,159.79,160.055,157.77,158.99,6840687
1684416600,158.66,158.93,157.56,158.48,5172966
1684503000,158.59,159.9344,158.14,158.91,6527141
1684762200,158,159.14,156.78,156.87,5675927
1684848600,157.1,158.27,156.37,156.81,5793009
1684935000,157.08,157.14,155.92,156.66,5015148
1685021400,156.05,156.29,153.72,154.41,6886056
1685107800,154.69,155.275,154.2,154.35,6845396
1685453400,153.97,155.38,153.32,154.37,5593080
1685539800,154.695,155.69,153.85,155.06,11324588
1685626200,154.54,155.04,153.15,154.54,7901348
1685712600,154.72,157.31,154.09,156.97,7659721
1685971800,156.75,158.64,156.39,158.32,6828969
1686058200,159.58,159.61,157.4,158.18,5073642
1686144600,158.1,158.8,157.44,158.52,6504285
1686231000,158.5,160.42,157.82,160.26,5818952
1686317400,160.42,160.725,159.465,160.01,6264779
1686576600,160,160.25,158.73,159.9,6511261
1686663000,159.73,160.84,159.15,160.74,6066788
1686749400,161.6,162.08,160.98,161.56,6699139
1686835800,162.05,163.91,161.43,163.73,7138314
1686922200,164.48,164.99,163.87,164.23,13426606
1687267800,164.26,165.31,163.81,164.13,7996117
1687354200,163.58,164.92,162.69,163.88,7177549
1687440600,163.9,165.72,163.79,165.62,5486186
1687527000,166.11,166.27,165.03,165.48,9450724
1687786200,164.98,164.98,161.33,163.63,6978804
1687872600,163.68,163.88,162.44,163.29,4927711
1687959000,163.2,163.2,161.91,162.96,6780435
1688045400,162.64,164.32,162.23,164.1,4547514
1688131800,164.86,165.94,164.35,165.52,7580141
1688391000,164.34,164.39,162.96,163.35,4033713
1688563800,162.99,163.92,162.73,162.81,7225523
1688650200,162.25,162.37,161,161.6,6333687
1688736600,160.47,161.04,159.2,159.25,7022226
1688995800,159.43,160.3,159,159.51,5739364
1689082200,159.13,160.3,157.6,158.63,6606956
1689168600,158.94,158.94,157.88,158.08,6940442
1689255000,158,159.13,157.41,158.81,6401743
1689341400,159.18,160.225,158.98,159.87,5362237
1689600600,159.75,159.87,158.15,159.07,5488030
1689687000,159.07,160.89,158.19,159.06,6332509
1689773400,157.91,160.41,157.33,158.74,7522557
1689859800,161.94,169.14,161.3,168.38,21892881
1689946200,168.18,170.82,168.18,170.19,12079999
1690205400,171.5,173.82,170.99,171.08,15155446
1690291800,170.45,172.68,169.75,172.39,13790053
1690378200,172,173.85,171.4,172.72,14288173
1690464600,172.18,174.29,172.04,173.69,12446386
1690551000,174,175.36,173.23,174.48,14138839
1690810200,169.69,170.22,166.71,167.53,22632720
1690896600,166.365,169.09,166.06,168.89,15811545
1690983000,168.85,171.24,168.85,169.91,14599264
1691069400,169.95,171.32,169.67,170.64,17425230
1691155800,170.34,172.68,167.89,169.04,23415053
1691415000,169.49,173.34,169.36,173.1,17736444
1691501400,172.99,173.55,171.39,173.18,27378701
1691587800,173,174.25,172.05,173.07,42974372
1691674200,174,175.97,171.64,172.17,48213840
1691760600,172.48,173.95,171.62,173.85,45905612
1692019800,173.52,175.6,171.75,173.44,64036947
1692106200,172.8,174.56,172.14,172.94,88924923
1692192600,172.53,174.73,172.13,172.39,85594288
1692279000,172.86,175.39,172.76,174.01,70904183
1692365400,173.17,173.99,171.31,172.49,49631742
1692624600,169.69,169.85,165.96,167.35,151319484
1692711000,166.86,167.84,165.41,166.02,56835372
1692797400,165.9,166.5,163.47,164.53,119011431
1692883800,164.03,166.67,163.86,165.09,70755064
1692970200,164.3,167.78,164.06,166.25,18185517
1693229400,165,166.21,163.165,164.29,18457993
1693315800,164.87,165.68,162.77,164.31,12208612
1693402200,165.11,165.83,163.68,163.73,9939097
1693488600,163.37,163.57,161.279,161.68,15332999
1693575000,161.42,162.48,160.015,160.48,8610052
1693920600,160.56,161.97,160.28,160.68,9019777
1694007000,159.84,160,157.35,158.01,9753833
1694093400,159.14,161.06,158.98,160.03,9931811
1694179800,159.59,160.68,159.19,160.56,6958201
1694439000,161.06,162.69,160.45,162.66,6309295
1694525400,162.22,163.925,161.53,163.58,6045756
1694611800,163.76,164.95,163,163.99,7397520
1694698200,164.68,165.27,163.44,163.74,7758552
1694784600,163.98,164.82,161.21,161.45,13392074
1695043800,162.12,163.145,160.75,162.47,5789146
1695130200,162.25,162.85,161.38,162.2,5550851
1695216600,162.19,163.5354,161.66,162.91,3837595
1695303000,162.57,163.5,161.59,161.66,4526772
1695389400,161.3,161.4,160.25,160.5,4977354
1695648600,160.07,160.36,158.73,160.26,6722584
1695735000,159.81,160.08,158.86,159.02,4904860
1695821400,158.58,158.76,155.255,157.11,10210686
1695907800,157.5,157.96,156.22,156.88,7861879
1695994200,157.37,157.6,155.35,155.75,7680711
1696253400,155.42,155.42,153.32,155.15,7259935
1696339800,154.68,155.495,153.89,155.34,5741035
1696426200,155.57,155.93,154.57,155.52,4955308
1696512600,156.27,158.0399,156.07,157.14,5993541
1696599000,157.08,158.3,156.59,157.64,5802226
1696858200,157.18,158.88,157.09,158.54,4414322
1696944600,158.38,159.27,157.9,158.36,5273531
1697031000,158.46,159.05,156.04,156.18,6922907
1697117400,155.92,156.5599,155.0663,156.33,5792419
1697203800,156.73,157.36,156.05,156.85,5360347
1697463000,157.82,158.25,156.84,157.53,6408142
1697549400,155.98,158.9499,154.6085,156.09,12244374
1697635800,155.41,155.95,152.05,152.73,9097348
1697722200,151.67,153.1093,150.15,152.32,7733790
1697808600,152.74,153.87,152.33,153,7206976
1698067800,152.86,153.5,151.21,151.39,5873981
1698154200,150.75,151.96,150.13,151.23,6155269
1698240600,151.24,152.17,150.23,151.57,5880816
1698327000,151.97,151.97,148.88,149,7612507
1698413400,148.49,148.66,144.95,145.6,11385751
1698672600,146.09,147.24,146,147.03,8205509
1698759000,147.54,148.545,146.6416,148.34,7577017
1698845400,149.19,149.76,148.46,148.69,5732973
1698931800,147.71,150.4,147.54,150.24,5349097
1699018200,151.21,152.27,150.145,151.34,4926765
1699281000,151.78,152.425,151.37,151.7,4851421
1699367400,151.93,152.25,150.68,150.9,4840590
1699453800,151.35,151.83,150.34,150.35,5460167
1699540200,150.5,150.5,147.26,147.42,6973598
1699626600,148.25,148.5,145.64,147.25,6931611
1699885800,147.25,147.9,146.65,147.63,5889367
1699972200,147.64,148.54,146.97,147.66,6713647
1700058600,147.35,149.42,147.27,148.8,6729120
1700145000,149.5,150.17,148.64,150.1,6875566
1700231400,150.55,150.785,149.065,149.79,7025544
1700490600,147.91,150.4,147.54,149.91,8860472
1700577000,150.1,151.29,149.61,151.12,5916344
1700663400,151.63,152.04,150.39,150.82,4635503
1700836200,150.86,152.6794,150.86,152.5,3351448
1701095400,152.29,152.32,150.97,151.28,6449740
1701181800,151.4,151.81,150.84,151.63,5909044
1701268200,151.33,152.2,151.07,152.11,5190026
1701354600,152.26,155.14,151.92,154.66,12481867
1701441000,156.44,158.46,155.47,158.38,10342901
1701700200,158,160.02,158,158.88,8920279
1701786600,158.8,159.63,158.22,158.55,7268151
1701873000,158.52,158.6592,156.17,156.62,6642891
1701959400,156.58,156.58,154.71,155.4,6532388
1702045800,155.42,155.85,153.84,154.42,6254673
1702305000,154.5,155.48,154.35,155.06,6090360
1702391400,155,155.32,153.65,155.07,5324406
1702477800,153.66,155.94,151.77,155.79,10764575
1702564200,156.47,157.16,155.0474,156.87,9240800
1702650600,155.49,156.69,153.76,155.16,21727754
1702909800,155.21,156.44,154.76,155.44,7231383
1702996200,155.3,156.5,154.94,156.46,6651744
1703082600,156.54,156.66,153.11,153.27,7008313
1703169000,153.69,155.13,153.3,154.84,4598843
1703255400,155.25,156.53,155.02,155.46,3798865
1703601000,155,156.35,154.85,156.14,4170190
1703687400,155.5,156.52,155.42,156.35,5288101
1703773800,156,157.24,155.99,156.58,4377535
1703860200,156.51,156.9,155.98,156.74,4313691
1704205800,156.93,161.6393,156.79,159.97,9622108
1704292200,160.64,161.44,159.8,160.97,8231987
1704378600,161.59,161.98,160.42,160.63,6766641
1704465000,160.5,161.34,159.47,161.13,5602564
1704724200,161.1,161.66,159.61,161.53,6569810
1704810600,161.63,163.28,160.595,161.63,6357014
1704897000,161.825,162.62,161.2,161.87,4945088
1704983400,162.07,162.199,160.78,161.15,4946015
1705069800,161.84,162.47,161.69,162.39,4496942
1705415400,161.57,162.25,160.18,160.52,6923174
1705501800,160.25,161.3,159.87,160.43,5072104
1705588200,160,161.37,159.69,161.21,5368502
1705674600,161.15,161.9226,160.28,161.68,7071320
1705933800,162,163.58,161.34,162.47,6824156
1706020200,159.66,160.5075,156.91,159.81,9149777
1706106600,159.75,160.6,158.16,158.96,7247926
1706193000,159,159.62,158.47,159.56,5478898
1706279400,160.43,160.74,159.3601,159.5,5591930
1706538600,159.01,160.0699,158.96,159.36,6483190
1706625000,159.35,159.76,158.13,158.77,7200538
1706711400,160.4,160.62,158.67,158.9,8257029
1706797800,158.16,158.49,157.05,158.36,8012122
1706884200,157.97,158.31,155.94,156.61,8295916
1707143400,156.61,156.89,155.34,155.8,9121808
1707229800,155.83,158.73,155.6,158.06,9230611
1707316200,157.8,159.37,157.69,157.98,8690294
1707402600,157.34,157.34,155.31,156.4,9754960
1707489000,156.27,157.2,155.67,156.76,6529202
1707748200,156.58,158.41,156.35,157.85,6701508
1707834600,157.64,158.45,155.75,156.47,8621022
1707921000,156.35,156.46,154.84,155.74,9098805
1708007400,155.98,158.475,155.89,157.92,7462529
1708093800,156.6,157.255,155.67,156.55,8540961
1708439400,156.56,158.61,156.44,157.86,9501742
1708525800,158.02,158.69,157.1312,158.68,7473300
1708612200,158.98,160.74,157.77,160.45,8065010
1708698600,160.88,162.25,160.16,161.84,6725963
1708957800,161.8,162.01,160.57,160.79,5465417
1709044200,160.34,161.04,159.64,160.98,5078650
1709130600,161,161.61,160.29,161.55,6071076
1709217000,162,162.19,160.94,161.38,9849270
1709303400,161.83,162.57,161.09,162.12,5670135
1709562600,161.32,161.61,158.27,159.84,8533083
1709649000,160.62,161.24,159.2,159.97,8298182
1709735400,159.46,160.93,159.22,159.34,5773683
1709821800,160,160.36,158.24,158.87,5188726
1709908200,158.87,160.39,158.425,159.52,5283951
1710163800,159.49,161.32,158.88,161.23,4620826
1710250200,161.58,163.11,161.13,162.74,8018736
1710336600,162.53,162.68,159.81,161.1,6260000
1710423000,160.94,161.54,158.69,159.21,6988264
1710509400,158.06,159.19,157.1,158.18,13165500
1710768600,158.57,158.69,156.5,156.76,6602255
1710855000,156.67,156.86,155.66,156.21,7840624
1710941400,155.7,156.44,155.21,155.76,5982304
1711027800,155.59,156.95,155.1,155.75,5915777
1711114200,155.69,156.36,155.11,155.23,7248622
1711373400,155.4,155.9836,154.9,155.22,7498100
1711459800,155.61,156.23,154.76,155.77,6864099
1711546200,155.99,158.22,155.44,157.96,8461600
1711632600,158.2,159.14,158.11,158.19,6181503
1711978200,157.72,158.15,156.77,157.78,4364699
1712064600,156.57,157.83,155.95,157.73,6102497
1712151000,157.79,158.05,154.25,154.26,8098242
1712237400,155.31,155.5,152.41,152.5,6947423
1712323800,152.03,153.01,151.61,152.39,6783020
1712583000,151.99,153.035,151.56,151.59,5935415
1712669400,151.55,152.5301,150.94,152.29,6135556
1712755800,151.53,151.82,149.76,150.2,6809519
1712842200,150.8,150.87,148.39,148.79,8374434
1712928600,148.06,149.065,147.15,147.52,7100178
1713187800,148.37,149.49,147.37,147.59,8502266
1713274200,145.01,146.25,143.39,144.45,12774859
1713360600,145,145.41,143.54,144.77,9378059
1713447000,144.98,145.8,143.13,145.74,9887704
1713533400,146.15,148.13,144.54,147.91,9750751
1713792600,148.51,150.27,147.3,149.12,10118694
1713879000,149.86,150.49,148.2,149.56,10110442
1713965400,148.14,148.99,146.86,148.53,9756259
1714051800,149.37,149.58,146.33,146.82,7642732
1714138200,146.7,147.175,145.95,146.14,6182982
1714397400,146.14,147.22,145.985,146.82,6461588
1714483800,146.88,146.88,144.53,144.59,8817719
1714570200,148.735,151.85,147.62,151.18,14473711
1714656600,152.04,152.33,149.14,149.92,8459796
1714743000,149.89,149.89,147.82,149.27,6532718
1715002200,149.87,150.05,147.91,148.58,5042757
1715088600,149.38,149.73,148.45,148.72,7333730
1715175000,149.12,149.73,148.7,148.95,7735148
1715261400,148.98,150.1,148.89,149.85,6546153
1715347800,150,150.09,149.19,149.91,5710566
1715607000,150.04,152,149.705,151.22,5628467
1715693400,151.85,152.21,150.7,151.38,8254171
1715779800,151.82,152.95,151.3,152.67,5547955
1715866200,153,154.38,152.33,154.28,7590959
1715952600,154.86,154.86,153.7129,154.64,6521794
1716211800,153.1,153.39,151.26,151.27,7742280
1716298200,151.78,152.585,150.785,151.24,5492354
1716384600,150.84,154.08,150.32,153.5,6609788
1716471000,152.75,152.84,149.375,149.7,8000422
1716557400,149.53,149.8139,146.76,146.97,9520576
1716903000,146.79,146.79,144.1502,144.38,10499829
1716989400,143.82,145.415,143.71,144.44,8263810
1717075800,144.62,145.61,144.02,145.28,8491111
1717162200,145.57,147.48,145.19,146.67,14621203
1717421400,147.25,148.9,146.77,147.74,7329241
1717507800,147.48,148.31,146.19,147.8,8876441
1717594200,147.97,147.99,145.855,145.97,5891299
1717680600,145.5,147,144.66,146.42,5016301
1717767000,146.68,148.3,146.34,147.08,5111626
1718026200,146.53,147.56,145.6,147.13,5751309
1718112600,146.81,147.16,145.44,146.76,5661236
1718199000,147.06,147.21,144.78,145.41,6180493
1718285400,145.07,146,143.88,145.45,6840374
1718371800,145.14,145.97,144.48,145.54,4075342
1718631000,145.02,146.43,144.74,145.95,6668651
1718717400,145.96,146.39,145.265,145.65,6156572
1718890200,145.27,148.08,145.01,147.78,8749717
1718976600,147.89,149.08,147.37,148.75,15176869
1719235800,149,149.7199,148.17,149.12,6914671
1719322200,149.18,149.2,146.94,147.19,6620303
1719408600,146.2,147.19,145.78,146.82,5267809
1719495000,146.8,147.36,144.84,145.8,5739246
1719581400,146.04,147.07,145.65,146.16,10495735
1719840600,146.07,148.7,145.6201,146.44,5144443
1719927000,146.43,147.15,145.74,146.03,5491962
1720013400,146.2,146.65,144.74,145.69,3246157
1720186200,145.77,146.55,144.5,146.48,4888535
1720445400,146.4,147.22,145.25,145.48,5260229
1720531800,145.67,147.13,145.18,147.05,5892187
1720618200,147.26,149.47,146.68,149.43,6093187
1720704600,149.58,150.58,148.64,149.7,6352109
1720791000,150,150.88,149.24,149.88,5336394
1721050200,150.08,150.25,148.87,149.24,6711354
1721136600,149.69,151.08,149.16,151.01,6469582
1721223000,151.55,157.49,151.415,156.58,13801429
1721309400,155.6,157.07,154.62,155.42,10166247
1721395800,156.51,156.51,154.12,154.69,7398036
1721655000,154.77,155.11,153.59,154.24,6840609
1721741400,153.31,153.5,151.57,152.35,6261870
1721827800,152.76,156.41,152.33,156.28,7168217
1721914200,156.48,160.58,156,159.64,10019578
1722000600,159.75,161.58,159.4724,160.64,8356878
1722259800,159.97,160,158.05,158.56,5625204
1722346200,158.54,161.55,158.36,161.33,6545677
1722432600,159.85,160.35,157.74,157.85,8293239
1722519000,158.48,160.81,157.71,160.76,7213419
1722605400,161.9,164.85,161,164.14,11280357
1722864600,163.795,165.78,160.58,161.25,12032209
1722951000,161.05,161.48,158.94,158.97,7607144
1723037400,158.87,160.615,158.19,158.9,5993028
1723123800,158.57,160.7,158.03,160.22,5094830
1723210200,160.12,160.93,159.34,160.62,4579186
1723469400,160.97,161.7,158.71,159.88,7605419
1723555800,160.27,160.37,156.44,158.39,9711395
1723642200,157.83,159.55,157.4,158.48,5141249
1723728600,158.37,159.495,157.84,159.09,7237785
1723815000,159.14,159.94,158.18,159.39,5012774
1724074200,159.46,160.295,159.13,159.63,4408517
1724160600,160,160.93,159.67,160.16,7275133
1724247000,160.4,161.48,160.31,161.43,5019375
1724333400,162,162.49,160.79,162.35,6552142
1724419800,162.5,164.22,161.695,164.13,7093429
1724679000,164.17,165.71,163.54,164.61,6870622
1724765400,163.5,164.035,162.16,162.95,4388728
1724851800,163,165,162.71,163.92,5187198
1724938200,164.63,164.72,163.36,164.23,7390125
1725024600,164.12,165.98,163.81,165.86,7971017
1725370200,165.24,167.81,164.77,167.16,6956452
1725456600,167.81,168.85,166.04,167.36,6939132
1725543000,167.2,167.37,164.83,164.99,4600392
1725629400,165.18,165.9399,164.12,164.38,6016884
1725888600,164.84,167.405,164.47,166.61,7538233
1725975000,167.5,168.46,166.745,167.38,6559734
1726061400,166.79,166.79,164.09,164.82,5920165
1726147800,164.2,165.1,162.7101,164.64,4541046
1726234200,164.74,165.75,163.82,165.52,3693548
1726493400,166.36,167.25,165.78,166.99,5187887
1726579800,166.24,167.72,165.93,167.07,5066586
1726666200,166.63,168.35,165.74,166.15,4722765
1726752600,166.23,166.37,164.42,164.82,4956119
1726839000,164.3,164.87,163.55,164.16,11838967
1727098200,164.4,164.5,162.72,163.22,4671645
1727184600,162.79,163.49,161.55,162.78,6041561
1727271000,163,163.315,160.36,160.6,5420011
1727357400,160.24,161.54,160.02,161.39,6122231
1727443800,162,163.43,161.34,161.36,7553905
1727703000,161.57,162.18,160.68,162.06,6010407
1727789400,162.43,162.75,161.18,161.99,4408019
1727875800,161.51,162.12,160.65,161.17,4684472
1727962200,160.78,161.44,160.22,160.5,4791223
1728048600,159.63,160.5,158.775,160.29,5331694
1728307800,160.25,160.86,159.22,159.53,4265971
1728394200,159.49,160.245,158.95,159.69,4766250
1728480600,159.92,161.215,159.51,160.65,6047269
1728567000,161.36,161.39,159.995,160.51,4793889
1728653400,162.18,162.66,161.2,161.46,5253459
1728912600,161.4,162.14,160.9,161.6,5963961
1728999000,160,166.75,159,164.1,10547966
1729085400,164,164.99,162.64,164.28,5982291
1729171800,164.26,165,163.63,164.47,4798238
1729258200,164.89,165.2896,163.93,165.12,5908012
1729517400,165.1,165.25,162.31,162.83,6082736
1729603800,162.32,163.73,161.9,163.45,5680612
1729690200,162.82,166,162.42,165.86,7442026
1729776600,165,165.51,163.34,163.67,5386525
1729863000,163.68,163.92,160.61,160.88,6400449
1730122200,161.13,161.97,161,161.6,4842653
1730208600,161.46,162.17,160.06,160.09,5216879
1730295000,159.45,161.28,159.0302,160.61,5820530
1730381400,159.99,160.87,159.46,159.86,8613860
1730467800,160.58,161.06,159.88,160.13,5256652
1730730600,159.7,160.28,158.07,158.24,4644011
1730817000,157.67,158.59,156.35,158.35,6547074
1730903400,159.9,160.85,157.355,157.88,8926601
1731076200,157,157.08,155.41,155.47,8926134
1731335400,155.62,157.58,154.91,155.04,7146759
1731421800,154.53,155.04,152.37,152.64,7181408
1731508200,152.5,153.51,151.4245,153.24,7162233
1731594600,153.18,153.5918,150.76,151.87,7716385
1731681000,150.9,154.43,150.9,154,11328515
1731940200,152.59,155.33,152.33,154.77,7514177
1732026600,153.945,153.99,152.05,153,8233678
1732113000,153.03,153.25,151.81,153.11,9061274
1732199400,153.62,156.06,152.81,155.5,10141056
1732285800,155.9,157.115,154.11,155.17,8265961
1732545000,155.17,157.035,155.14,155.78,12256242
1732631400,155.16,155.25,153.16,154.52,5683499
1732717800,154.63,156.63,154.6,155.4,4140444
1732890600,154.89,155.67,154.169,155.01,5687821
1733149800,154.75,155,153.9258,154.8,6946494
1733236200,154.8,154.8,152.305,152.36,8674415
1733322600,151.29,151.56,149.75,150.47,10333110
1733409000,150,150.38,148.95,149.52,7898098
1733495400,149.39,150.05,148.38,149.31,8389611
1733754600,149.29,150.89,148.44,149.6,8410303
1733841000,149.93,150.83,148.33,149.23,9398671
1733927400,148.5,148.5,146.37,146.64,13446656
1734013800,147.2,147.77,146.01,146.24,6176269
1734100200,145.66,146.93,145.04,146.62,8324900
1734359400,146.73,147.25,143.52,143.85,8732378
1734445800,143.84,146.66,143.71,146.41,10342958
1734532200,145.678,146.74,144.67,144.75,9336094
1734618600,144.14,145.22,143.37,143.58,9516653
1734705000,143.05,145.47,142.75,144.47,17702755
1734964200,144.63,145.33,143.45,145.27,8720824
1735050600,145,145.85,144.3325,145.85,3164071
1735223400,145.51,146.37,145.09,145.58,4656981
1735309800,144.87,146.6,144.68,145.05,5588306
1735569000,144.84,144.88,142.95,143.34,6268692
1735655400,143.76,144.67,143.3098,144.62,5811401
1735828200,145.23,145.77,143.78,144.02,6051330
1735914600,144.07,144.575,143.62,144.19,5879816
1736173800,143.51,144.815,142.93,143.66,7910493
1736260200,143.755,147.18,143.59,146.23,8422010
1736346600,145.49,145.59,141.44,142.27,11175552
1736519400,141,143.67,140.68,142.06,8821541
1736778600,142.98,145.07,142.31,144.47,10376377
1736865000,144.5,144.81,142.86,144.75,8681741
1736951400,145.31,146.05,144.26,144.97,7434562
1737037800,144.32,148.07,144.06,147.77,8964016
1737124200,147.44,148.38,146.61,147.03,10773054
1737469800,147.56,148.86,147.05,148.15,11111747
1737556200,144,145.47,142.11,145.27,16834747
1737642600,145.44,147.91,144.8144,146.64,10506361
1737729000,146.805,147.631,146.383,146.82,9887682
1737988200,148.45,153.45,148,152.91,15152314
1738074600,152.66,152.97,150.3,150.38,10320613
1738161000,150.5,151.88,150,151.15,7156421
1738247400,151.91,154.14,151.36,152.87,8910983
1738333800,152.62,153.18,152.055,152.15,8458715
1738593000,152,152.465,150.78,151.87,6687487
1738679400,151.36,154.18,150.945,153.49,9645289
1738765800,153.82,154.73,153.31,154.69,8946957
1738852200,154.79,154.8402,153.38,153.51,7418468
1738938600,153.53,154.49,152.8,153.12,6204916
1739197800,153.61,154.37,152.29,154.24,6936561
1739284200,154.11,156.39,153.94,156.02,5955565
1739370600,155.27,155.6599,154.27,155.26,7746014
1739457000,155.26,158.13,154.79,157.25,10705077
1739543400,157.29,157.47,156.06,156.15,6411840
1739889000,154.14,155.45,153.24,154.99,9670657
1739975400,155,158.3,154.75,157.89,7974736
1740061800,156.95,159.95,156.95,159.68,7224030
1740148200,159.88,163.51,159.28,162.3,12546930
1740407400,162.68,164.87,162.05,163.74,10201917
1740493800,164.1,166.43,163.94,166.09,12303697
1740580200,165.08,165.13,162.555,163.08,11396410
1740666600,162.31,163.95,161.73,163.73,8364573
1740753000,164.31,165.94,162.7,165.02,12037415
1741012200,164.96,167.33,164.84,167.28,9191464
1741098600,168.08,169.99,165.32,165.42,11999962
1741185000,164.51,166.4618,163.53,165.12,8745050
1741271400,165,165.87,163.51,165.83,8037888
1741357800,165.13,168.46,164.7,166.69,9637593
1741613400,167.48,169.9,167.05,167.7,17558982
1741699800,167.2,167.3,165.05,165.885,6629208
1741786200,163.73,164.21,162.23,162.85,8010692
1741872600,163.43,164.54,162.6601,162.99,5286734
1741959000,162.12,163.15,161.1,162.81,6235797
1742218200,162.41,163.5,161.73,162.84,6669815
1742304600,163.44,164.86,162.965,164.25,7348974
1742391000,163.97,164.36,162.21,162.99,5936637
1742477400,163,163.2,161.925,163.02,7485930
1742563800,163,164.13,162.48,163.63,17047106
1742823000,162.84,164.39,162.5,163.29,8046565
1742909400,163.52,164.19,160.555,161.02,7456197
1742995800,161.21,162.49,160.64,161.72,7223773
1743082200,162.35,164.065,161.32,163.13,6752466
1743168600,163.59,164.52,162.91,163.71,5760545
1743427800,164.37,166.63,164.23,165.84,12481400
1743514200,160.73,161.81,153.13,153.25,23303065
1743600600,154.015,155.79,153.4501,155.36,10356920
1743687000,158.75,160.645,157.48,159.82,13249313
1743773400,159.155,159.82,152.93,153.24,16601728
1744032600,151.28,152.71,147.4,150.62,18083040
1744119000,153.59,153.59,148,150,12018391
1744205400,142.2,153.19,141.5,150.97,18773742
1744291800,150.37,151.2,145.13,148.69,13830474
1744378200,149.33,152.35,148.19,151.73,9943851
1744637400,151.585,154.67,151.1658,154.36,10685338
1744723800,155.7,156.3,152.1,153.62,10847653
1744810200,155.37,155.63,152.24,153.91,7987296
1744896600,154.16,159.44,154.16,157.47,10981067
1745242200,157.96,158.23,155.49,156.92,6285438
1745328600,157.55,158.72,156.2601,157.75,7136321
1745415000,156.49,157.1,154.33,155.38,9099438
1745501400,155.8,155.895,153.44,154.93,8310425
1745587800,154.32,154.9,152.45,154.58,8643927
1745847000,155.5,155.81,153.82,155.35,5815179
1745933400,155.45,157.02,154.29,155.91,5246725
1746019800,158.2,158.2,155.021,156.31,9598156
1746106200,155,155.085,153.36,154.46,7325849
1746192600,156.07,156.715,155.04,156.12,5974539
1746451800,156.67,156.795,154.725,155,5464496
1746538200,154.82,155.9,153.685,154.47,8644189
1746624600,154.74,157.9423,154.5,157.3,7854106
1746711000,155.82,157.03,154.78,155.66,7606095
1746797400,155.42,156.06,153.81,154.22,6520449
1747056600,152.02,155.36,151.18,154.14,9023782
1747143000,151.7,151.7,148.08,148.44,10549609
1747229400,148.665,148.82,146.115,146.36,10215952
1747315800,148,149.65,147.33,149.61,7945768
1747402200,149.67,151.5,149.22,151.33,8051150
1747661400,151.89,152.66,151.05,152.49,12639948
1747747800,152.33,154.0399,152.12,153.66,7351451
1747834200,153.19,154.43,153,153.18,7032225
1747920600,152.645,153.32,151.37,152.61,7535335
1748007000,153,153.48,152.21,152.94,6727539
1748352600,152.52,154.045,151.93,153.25,6990694
1748439000,153.28,153.64,151.93,152.43,8459310
1748525400,151.75,154.04,151.56,153.58,6810982
1748611800,153.9,155.71,153.22,155.21,15529716
1748871000,154.48,155.54,152.3,155.4,6669669
1748957400,154.8,155.66,154.08,154.42,8209757
1749043800,154.93,154.93,153.13,153.22,6983861
1749130200,153.68,154.09,152.64,153.66,5296258
1749216600,154,156.03,154,155.03,5391841
1749475800,154.85,155.99,154.45,155.23,5319232
1749562200,155.43,157.44,155.02,156.45,6791881
1749648600,156.3,156.6,154.73,155.26,6016039
1749735000,156.24,156.675,155.17,156.66,7075511
1749821400,155.97,157.67,155.97,157.1,6587849
1750080600,156.42,156.495,154.45,155.22,7023995
1750167000,154.965,155.28,152.105,152.38,6407098
1750253400,152.57,152.645,150.71,150.73,8325237
1750426200,151.26,151.395,149.04,149.79,22605471
1750685400,149.74,151.43,149.74,151.32,7397853
1750771800,151.5,152.72,150.98,152.19,9544217
1750858200,151.38,153.07,150.73,152.28,7153708
1750944600,152.7,153.22,151.53,152.01,7156903
1751031000,152.01,153.33,151.01,152.41,10010787
1751290200,152.16,152.97,151.52,152.75,9039552
1751376600,153,157.75,152.81,155.92,10896676
1751463000,156,156.3,155.07,155.56,5544030
1751549400,155.43,156.28,154.88,156.01,3482521
1751895000,156.02,156.35,154.89,155.27,6270887
1751981400,154.48,156.76,154.21,155.79,6438221
1752067800,155.79,156.69,155.065,156.28,6147685
1752154200,156.1,159.24,155.8209,157.69,6733128
1752240600,157.085,157.18,155.18,156.9,7872172
1752499800,156.87,157.47,155.52,156.82,10185632
1752586200,156.36,157.19,154.8,155.17,6873200
1752672600,160.3,166.12,159.8,164.78,22134769
1752759000,163.18,164.7,162.297,162.98,11295747
1752845400,163.93,165.1,163.36,163.7,9793046
1753104600,163.77,164.915,162.78,164.36,8254003
1753191000,165,168.055,164.71,167.93,9287991
1753277400,168.6,169.12,166.59,169.1,10617636
1753363800,169.5,169.99,168.88,169.56,6636918
1753450200,169.75,169.88,167.44,168.3,6255183
1753709400,167.86,167.94,165.05,166.22,8014640
1753795800,166.67,168.7817,166.37,168.11,7663408
1753882200,167.695,168.61,166.78,167.26,6189161
1753968600,165.93,167.07,164.23,164.74,11036179
1754055000,165.475,167.62,164.79,167.33,8928229
1754314200,167.03,171.19,166.64,171.04,12679095
1754400600,170.54,171.555,169.65,170.74,7934442
1754487000,169.91,172.18,169.68,170.59,8957240
1754573400,171.17,171.62,169.92,171.53,9315942
1754659800,171.02,173.955,170.39,173.33,7686765
1754919000,173.4,174.6,173.05,173.82,7256778
1755005400,173.995,174.755,171.81,172.78,7917437
1755091800,173,174.54,172.695,174.42,5878666
1755178200,174.31,175.7238,172.72,174.72,8241942
1755264600,175.57,177.265,174.96,176.64,9477559
1755523800,176.5,177.57,176.1,176.25,9284138
1755610200,176.04,178.18,175.976,177.8,9274182
1755696600,178.5,180.61,178,178.84,9030396
1755783000,178.55,180.08,178.16,178.93,8859552
1755869400,180.035,181.16,177.4702,179.29,9524308
1756128600,179.52,180.26,178.29,178.41,6229149
1756215000,176.745,177.16,175.77,176.49,9145045
1756301400,176.97,177.69,176.16,176.79,5951099
1756387800,176.37,176.49,174.63,175.45,6424695
1756474200,175.965,177.405,175.45,177.17,6942311
1756819800,177.47,179.2,176.89,178.06,9049003
1756906200,177.67,178.29,176.53,178,7111689
1756992600,178,178.9,177.55,178.76,7854833
1757079000,178,179.505,176.56,178.43,9733803
1757338200,177.36,179.445,176.7,178.13,8382514
1757424600,178,178.09,176.45,176.96,6005703
1757511000,176.3,176.605,174.33,175.79,6891590
1757597400,175.75,178.845,175.625,178.5,5792527
1757683800,177.705,178.8,176.72,178.06,7220473
1757943000,177.76,178.99,176.93,177.4,4768547
1758029400,177.57,177.615,175.65,176.46,7959652
1758115800,176.71,178.51,176.585,177.2,6715188
1758202200,176.6,177.02,173.87,174.16,8200854
1758288600,174.69,177.16,173.33,176.19,25620954
1758547800,176.09,176.64,174.12,174.21,7193868
1758634200,174.89,176.97,174.83,176.58,8350743
1758720600,176.14,176.95,175.74,176.69,6676770
1758807000,177.2,178.4,175.91,177.73,8474975
1758893400,178.6,179.91,177.32,179.71,8634403
1759152600,179.825,181.865,179.8,181.62,8597083
1759239000,181.7,185.99,181.07,185.42,11569019
1759325400,186,186.56,183.91,186.05,13063788
1759411800,184.19,186.59,184.09,185.98,7728069
1759498200,187.06,189.7825,186.91,188.64,8675087
1759757400,188,189.92,187.37,188.16,5806089
1759843800,183.77,189.23,182.94,188.89,8776784
1759930200,188.87,190.215,188.27,189.69,5751163
1760016600,190,192.1,189.73,191.08,7484764
1760103000,192.01,192.07,189.85,190.72,9598019
1760362200,189.83,191.3,189.28,190.9,7979476
1760448600,192.92,194.4,185.88,190.85,13613340
1760535000,191.48,193.57,189.3,191.17,9472995
1760621400,191.335,193.05,190.43,192.12,10611760
1760707800,192.5,193.6,191.677414,193.22,7764449
1760967000,193.5,194.48,192.3346,193.72,8034740
1761053400,193.01,193.55,191.77,191.88,6716360
1761139800,192,193.45,191.775,192.94,6343472
1761226200,192.56,194,191.54,192.47,8882491
1761312600,192.2,192.31,189.42,190.4,6903379
1761571800,189.99,190.8,189.53,190.3,7125956
1761658200,189.26,189.505,186.62,186.93,8329457
1761744600,186.7,187.1,184.66,186.6,10551079
1761831000,187.08,189.375,186.91,189.05,7072517
1761917400,187.46,189.5,186.76,188.87,8791666
1762180200,189,189.03,185.52,186.26,7542636
1762266600,186.83,187.82,185.62,186.86,7209395
1762353000,186.64,187.83,185.4,186,5049443
1762439400,186.76,187.52,185.372,186.97,6767417
1762525800,187.74,188.35,185.7,186.57,6959209
1762785000,186,188.42,185.12,188.41,5324077
1762871400,189.385,193.92,189.05,193.83,7465592
1762957800,193.36,195.545,193.07,194.39,8803005
1763044200,194.21,196,193.45,195.25,8631614
1763130600,195,197.18,193.55,195.93,8824847
1763389800,196.96,200.275,195.9,199.58,13256995
1763476200,199.01,200.3,198.5344,200,12468619
1763562600,200,203.48,199.38,202.51,14690837
1763649000,202,204.51,201.57,203.07,10612550
1763735400,203.96,206.9399,202.99,203.9,13189055
1763994600,203.71,206.12,203,206.05,14803873
1764081000,205.18,207.72,205.1788,206.67,10275724
1764167400,206.485,207.81,205.9426,207.56,6728994
1764340200,207,207.46,204.63,206.92,5638279
1764599400,206.5,207.7,205.34,205.34,8473726
1764685800,205.24,205.61,203.1,205.42,8393565
1764772200,205.9,207.02,204.99,205.33,8363292
1764858600,204.59,204.86,201.71,202.48,9049943
1764945000,202.98,203.45,200.81,201.93,7785552
1765204200,202.66,203.255,200.99,201.62,7785708
1765290600,202.92,205.54,199.905,199.96,7509402
1765377000,200.59,206.8,200.1799,206.54,11599785
1765463400,207.9,211.235,207.83,210.01,9008960
1765549800,210.28,212.27,208.9632,211.58,6922683
1765809000,210.345,215.185,209.0057,214.17,8466964
1765895400,214,214.73,208.81,209.3,9949810
1765981800,209.385,211.515,208.46,210.33,8457560
1766068200,209.8,211.06,207.756,208.31,7499852
1766154600,207.56,209.24,206.03,206.37,24803920
1766413800,206.13,208.08,205.5,207.32,8187755
1766500200,205.02,206.53,203.28,205.78,7047346
1766586600,206,207.94,205.57,207.78,2376541
1766759400,207.53,208.04,206.7101,207.63,2316730
1767018600,208,209.47,207.38,207.56,4348854
1767105000,207.51,207.69,206.52,206.91,3937395
1767191400,206.91,207.5,206.37,206.95,4084013
1767364200,206.82,207.385,203.68,207.35,6325672
1767623400,205.87,205.935,200.9101,204.31,9476975
1767709800,204.6,206.705,204.115,204.79,8107853
1767796200,205.26,208.26,205.03,207.49,7545920
1767882600,206.93,208.98,204.97,205.75,6557776
1767969000,205.91,206.7,204.01,204.39,6154326
1768228200,205.55,209.9,203.85,209.72,11794339
1768314600,209.91,214.39,208.86,213.65,11379590
1768401000,214.73,218.86,214.145,218.55,11858784
1768487400,218.23,219.75,215.9106,219.57,8492116
1768573800,219.04,220.11,218.135,218.66,10021515
1768919400,217.09,218.725,214.5,218.21,14057136
1769005800,211,218.675,210.5,218.01,14762883
1769092200,218.77,222.17,218.1,218.49,13160041
1769178600,219.8,221.21,217.8435,220.14,6951040
1769437800,220.21,222.03,220,221.49,6857093
1769524200,222,225.5,220.7,224.44,8154489
1769610600,226.4,228.57,226.075,227.72,9026495
1769697000,228.81,230,227.08,227.29,9645348
1769783400,228.26,228.5,225.33,227.25,11045529
1770042600,228.32,231.19,227.25,230.75,8187529
1770129000,231.5,235.2,230.48,233.1,9346605
1770215400,235,235.83,232.94,234.47,8641449
1770301800,235,239.58,234.99,237.79,10267498
1770388200,238.96,240.935,237.98,239.99,8274034
1770647400,240.25,240.74,237.04,238.64,9378548
1770733800,239.98,240.5,237.88,238.35,6723253
1770820200,239.34,241.26,237.4,240.86,6803917
1770906600,240.48,246.3499,239.68,244.55,10254260
1770993000,244.59,244.95,242.61,243.45,13268519
1771338600,244.13,244.49,241.87,243.33,12703029
1771425000,243.24,245.065,242.82,244.99,8129663
1771511400,244.62,246.96,244.27,246.91,7553934
1771597800,246.47,246.88,240.28,242.49,13565791
1771857000,243.63,246.81,242.6,245.84,9622742
1771943400,245.345,247.25,244.54,246.28,7246279
1772029800,244.86,247.25,243.72,245.17,7698199
1772116200,245.11,245.47,242.0201,243.47,7172607
1772202600,244.03,248.94,242.5,248.43,16428550
1772461800,249.19,251.71,246.87,248.56,9042359
1772548200,246.46,247.88,244.36,246.75,6178739
1772634600,245.75,246.57,243.18,245.3,5767980
1772721000,242.63,243,235.93,239.63,9375412
1772807400,238.115,240.79,235.43,240.4,7179790
1773063000,240.87,244.09,240.04,242.59,7844028
1773149400,242.3,245,240.82,243.71,7214122
1773235800,242.87,243.69,241.36,242.99,6934842
1773322200,241.46,244.4,240.3,242.04,7710152
1773408600,244.21,245.5899,241.5,241.52,6415539
1773667800,243.92,245.055,241.67,243.19,7571757
1773754200,243.58,244.14,237.22,238.11,7281819
1773840600,237.87,239.11,235.4169,237.28,6811546
1773927000,238.34,239.26,236.31,237.6,7511537
1774013400,236.83,238.29,234.5,235.37,17156623
1774272600,237.4,238.31,234.25,235.42,7313653
1774359000,234.14,236,232.2365,235.27,9046201
1774445400,236.8,241.455,235.73,239.93,6456736
1774531800,240,241.6535,238.93,239.24,5171440
1774618200,241.19,242.68,239.1301,240.45,7617616
1774877400,243.49,244.21,240.51,242.49,7241324
1774963800,243.01,245.33,242.65,244.44,7554152
1775050200,245.6,247.2,243.74,244.12,6314634
1775136600,245.11,247.21,241.87,243.04,6878704
1775482200,242.65,243.5193,240.5,240.97,4442427
1775568600,240.78,240.78,236.01,238.41,6241146
1775655000,236.64,241.33,233.9,241.3,8771117
1775741400,241.3,244.2,240.54,241.31,6216497
1775827800,242,242.26,237.91,238.46,7354528
1776087000,237.71,238.39,235.18,237.96,7663571
1776173400,235.01,242.19,233.25,240.1,10318725
1776259800,239.935,240.42,236.75,238.67,6463456
1776346200,237.42,238.14,232.12,234.54,8668883
1776432600,234.36,235.54,232.04,234.18,8946288
1776691800,234.81,235.26,229.53,230.69,7810471
1776778200,229.35,229.69,224.7,226.16,11681243
1776864600,226.18,227.48,223.775,226.1,9003352
1776951000,227.25,231.39,227.03,230.65,7097642
1777037400,229.03,229.99,227.02,227.5,6067521
1777296600,225.77,227.91,224.3543,225.34,7897807
1777383000,227.73,231.03,226.37,227.79,7179849
1777469400,225.52,228.71,224.86,227.35,7071144
1777555800,227.95,231.16,227.81,229.85,8157165
1777642200,229.06,229.77,227.02,227.19,6863587
1777901400,225.51,227.07,223.58,224.2,8215235
1777987800,225.39,226.53,224.9,225.585,5556720
1778074200,225.25,226.34,222.95,224.62,7982250
1778160600,224.78,224.78,220.63,222.51,7269708
1778247000,222.94,223.37,220.9201,221.32,5550555
1778506200,221.32,223.28,220.37,221.43,6223182
1778592600,223,227.65,221.64565,224.26,8632470
1778679000,225.82,230.797,225.4382,230.42,7464490
1778765400,231,231.76,229.16,230.8,6974439
1778851800,230.77,232.135,226.44,226.71,12166950
1779111000,226.71,229.7,225.86,228.92,10141610
1779197400,228.935,230.85,228.04,230,9677943
1779283800,231.69,232,229.17,229.32,7353781
1779370200,229.315,231.89,227.35,231.73,5239027
1779456600,233,235.495,232.72,234.34,5464729
1779802200,233,233.24,229.08,230.18,6623641
1779888600,229.98,232.89,229.0205,231.29,5836343
1779975000,230.03,231.87,229.73,230.8,7194961
1780061400,231.23,231.5,224.585,225.33,13901493
1780320600,223.2,224.44,220.84,223.51,8040997
1780407000,222.58,225.5,221.17,222.89,5668958
1780493400,222.45,224.93,222,223.24,6507220
1780579800,227.09,228.67,225.9,228.17,7274807
1780666200,230,235.215,229,232.77,8034922
1780925400,232.77,234.95,230.5601,232.16,7559782
1781011800,232.38,237.71,230.41,237,8354459
1781098200,238.85,240.93,237.05,238.49,8350790
1781184600,240,241.6,238.14,238.33,7398981
1781271000,240,240.91,237.52,240.87,6459438
1781530200,239,239.5,233.5801,235.66,7731954
1781616600,236.37,236.37,231.02,235.18,7718142
1781703000,234.03,235.4299,230.7,234.2,8548042
1781789400,231.78,232.75,227.6,228.39,18989761
1782135000,228.95,231.45,227.5,231.29,8518348
1782221400,235.64,239.8,234.35,239.08,11802001
1782307800,239.89,243.04,238.75,241,8139188
1782394200,241.27,248.19,240.885,244.88,10134552
1782480600,248.27,255.11,247.87,254.66,16316770
1782739800,253.19,258.58,252.0254,258.51,8608378
1782826200,259,259.9,253.1701,253.97,8469520
1782912600,253.25,254.2,251.075,253.98,6516504
1782999000,255.78,263.1,254,263.04,8000738
1783344600,260.225,261.38,255.93,259.33,6803700
1783431000,264.89,269.43,264.045,267.24,9089652
1783517400,268.6,268.6,263.13,263.4,6769425
1783603800,260.63,263.45,258.13,259.1,6426079
1783690200,260.19,261.3,255.52,256.98,6534728
1783949400,257.95,259.525,256.15,257.77,5272240
1784035800,255.53,256.39,252.14,253.85,8770553
1784122200,250.09,256.83,246.05,247.02,10547295
1784208600,248.9,253.545,246.3,249.97,11097643
1784295000,252.59,255.66,251.95,253.04,10167706
1784554200,252.01,254.175,248.63,248.82,8114657
1784640600,247.45,251.3407,245.49,250.61,7793070
1784727000,252.76,256.2899,251.21,255.63,9100164
1784813400,255.24,260.2,254.42,259.27,8063250
1784899800,261.43,263.71,259.61,263.4,6351847
1785159000,262.55,268.8,261.35,265.95,9647870
1785245400,270,274.9,266.18,266.73,10497911
1785331800,268.5,269.34,264.79,265.53,6111627
1785418200,259.03,260.52,254.5612,255.82,8219560
1785504600,256.01,258.48,253.2901,256.35,6782065
1785763800,254.97,257.75,250.91,254.41,8136276
1785850200,254.41,255.52,250.44,254.93,7362394
1785936600,255.25,259.32,254.47,257.59,6472628
1786023000,261.71,262.11,255.28,256.98,6931752
1786109400,255.89,259.6,255.12,259.24,6532116
1786368600,259.06,262,258.55,261.81,8985115
1786455000,261.23,264.15,258.36,259.8,5945941
1786541400,256,261.41,255.255,260.86,4629325
1786627800,261.725,262.62,259.6475,262.08,4852713
1786714200,260.65,261.71,259.16,260.35,4998288
1786973400,258.87,264.2775,258.01,262.37,5515539
1787059800,267.67,271.73,266.33,271.11,7838157
1787146200,272.995,276.47,270.56,273.41,7728511
1787232600,273.4,273.4,267.37,267.37,6475879
1787319000,267.83,272.655,267,270.24,6186832
1787578200,269.74,273.98,268.57,273.04,5437473
1787664600,271,273.8021,270.175,273.14,4688017
1787751000,271.97,272.905,269.55,270,7220371
1787837400,268.45,268.45,263.83,265.77,7311379
1787923800,265.78,268.38,264.27,268.04,5766429
1788183000,267.125,267.77,265.17,265.85,7900418
1788269400,270.83,271.91,267.02,271.19,6035314
1788355800,274.74,281.07,273.53,275.21,7913032
1788442200,277.32,278.89,273.155,278.43,5940829
1788528600,275.13,277.8,274.75,275.23,4320878
1788874200,271.28,271.99,266.8828,269.12,8085992
1788960600,268.51,270.1,266.73,267.08,6125049
1789047000,270.21,271.27,265.72,266.35,4931607
1789133400,268.03,270.4,265.25,265.58,4706291
