t,o,h,l,c,v
1412688600,59.92,59.92,59.185,59.27,14542010
1412775000,59.36,60.43,59.18,60.4,15834553
1412861400,60.33,60.33,58.89,59.08,19191404
1412947800,59.03,59.82,58.51,58.52,16690858
1413207000,58.5,59.145,58.11,58.16,17169312
1413293400,56.69,58.52,56.06,57.99,29096840
1413379800,57.02,57.38,54.26,55.53,37866911
1413466200,54.75,55.98,54.28,55.08,31970014
1413552600,55.73,56.78,55.57,56.2,20183543
1413811800,56.1,56.7472,56.07,56.63,10808475
1413898200,57.23,58.01,57.08,57.93,14020373
1413984600,58.04,58.26,57.44,57.45,13750741
1414071000,58.12,58.6,57.935,58.06,12641874
1414157400,58,58.775,58,58.74,13757981
1414416600,58.45,58.79,58.25,58.64,11087209
1414503000,58.87,59.69,58.81,59.63,13625017
1414589400,59.62,59.78,58.76,59.29,16715852
1414675800,58.94,59.68,58.92,59.39,14709756
1414762200,60.12,60.54,59.87,60.48,18351059
1415025000,60.79,61.15,60.36,60.88,11854189
1415111400,60.24,60.37,59.42,60.25,15295771
1415197800,60.8,61.23,60.39,61.15,14063812
1415284200,61.08,61.3101,60.63,61.23,10421612
1415370600,61.07,61.55,60.86,61.47,12384620
1415629800,61.25,61.93,61.2,61.93,10800981
1415716200,61.71,61.89,61.29,61.37,12539830
1415802600,60.42,60.84,60.23,60.56,17219648
1415889000,60.5,60.63,59.99,60.23,12240366
1415975400,60.25,60.62,60.18,60.28,6803396
1416234600,60,60.53,59.89,60.38,9017649
1416321000,60.35,60.82,60.2,60.53,8899839
1416407400,60.45,60.79,60.15,60.6,9210079
1416493800,60.2,60.25,59.75,60.12,10917299
1416580200,61.07,61.07,60.3,60.45,12340450
1416839400,60.7,61.305,60.7,60.96,8335037
1416925800,61.16,61.16,59.95,60.3,14802617
1417012200,60.57,60.57,60.2,60.34,7628731
1417185000,60.4,60.56,60.03,60.16,6759646
1417444200,59.98,60.21,59.55,60,12771602
1417530600,60.01,61.19,60,61.08,12546594
1417617000,60.96,61.62,60.81,61.54,12115506
1417703400,61.1,61.57,60.84,61.38,11542085
1417789800,62.01,63.06,61.88,62.7,20071134
1418049000,62.6,63.16,62.26,62.67,15535482
1418135400,61.85,62.85,61.56,62.45,19676435
1418221800,62.16,62.24,60.37,60.68,29620579
1418308200,61.17,62.06,61.11,61.14,16886249
1418394600,60.53,61.22,59.96,60.04,17405430
1418653800,60.74,60.81,58.79,59.16,19209927
1418740200,58.42,59.86,58.11,58.43,20709745
1418826600,58.57,59.83,58.34,59.77,17856440
1418913000,60.64,61.48,60.44,61.48,18173357
1418999400,61.4,62.35,61.37,61.93,22756410
1419258600,62.16,62.33,61.61,61.94,17073371
1419345000,62.05,62.97,61.93,62.48,13552615
1419431400,62.74,62.87,62.27,62.48,7419342
1419604200,62.67,62.89,62.41,62.55,6086519
1419863400,62.42,63.34,62.25,62.96,10601197
1419949800,62.72,63.28,62.57,63.15,7518059
1420036200,63.3,63.49,62.58,62.58,18529419
1420209000,62.62,62.96,62.07,62.49,12599991
1420468200,62.06,62.28,60.23,60.55,20100577
1420554600,60.64,60.75,58.35,58.98,29074111
1420641000,59.89,59.89,58.665,59.07,23843244
1420727400,59.97,60.9,59.97,60.39,16971056
1420813800,60.72,60.79,59.29,59.34,15396195
1421073000,59.28,59.4,58.27,58.83,15455234
1421159400,59.26,59.7,58.37,58.84,21644739
1421245800,56.91,57,55.27,56.81,49602310
1421332200,55.73,56.61,54.5,54.99,42458146
1421418600,54.66,56,54.64,55.93,29368910
1421764200,56.04,56.39,55.4232,55.71,23477689
1421850600,55.45,56.42,55.19,55.89,21842362
1421937000,56.38,57.73,55.955,57.59,31423538
1422023400,57.72,57.87,56.66,56.68,15458254
1422282600,56.41,56.99,56.2,56.77,12577658
1422369000,56.05,56.61,55.755,56.2,15220526
1422455400,56.62,56.68,54.75,54.75,24354354
1422541800,55.27,55.89,54.68,55.67,20393264
1422628200,54.99,55.495,54.37,54.38,26943713
1422887400,54.53,55.65,54.27,55.47,20308885
1422973800,55.91,56.78,55.87,56.72,18812501
1423060200,56.32,57.07,56.28,56.38,14934076
1423146600,56.86,57.04,56.46,56.77,11293901
1423233000,57.75,58.73,57.54,57.89,25214001
1423492200,57.42,58.095,57.23,57.82,14372365
1423578600,58.42,58.7082,58.05,58.46,16367266
1423665000,58.06,58.655,57.84,58.37,13061925
1423751400,58.93,59.71,58.55,59.57,23211327
1423837800,59.46,60.22,59.34,59.67,16479114
1424183400,59.36,60.14,59.315,60.1,15308763
1424269800,59.79,59.8324,59.12,59.37,14278117
1424356200,59.15,59.48,58.8,59.23,11256543
1424442600,58.96,59.89,58.35,59.8,15379042
1424701800,59.5,59.53,58.8,59.35,16813999
1424788200,60.25,61.25,60.08,60.82,22937701
1424874600,60.76,61.27,60.75,61.14,18307912
1424961000,61.03,61.7,60.91,61.58,15444802
1425047400,61.13,61.92,61.13,61.28,15225935
1425306600,61.24,61.83,61.03,61.77,13047328
1425393000,61.65,61.99,61.5,61.97,13707655
1425479400,61.64,62.17,61.3525,62.13,16626413
1425565800,62.2,62.23,61.6,62,10931262
1425652200,62.16,62.87,60.8,60.89,22719177
1425907800,60.84,61.63,60.8,61.5,13001473
1425994200,60.76,61.01,59.96,59.96,16357724
1426080600,60.13,60.65,59.955,60.24,13015567
1426167000,60.65,61.45,60.65,61.37,18159558
1426253400,61.4,61.86,60.4301,61,16506155
1426512600,61.5,61.92,61.25,61.85,15182859
1426599000,61.34,61.66,60.92,61.61,11718327
1426685400,61.39,62.05,61.085,61.75,15697854
1426771800,61.57,61.65,60.76,61.2,11523785
1426858200,61.32,62.1,61.15,61.75,18368347
1427117400,61.75,62.08,61.12,61.14,15112872
1427203800,60.97,61.24,60.45,60.46,12128693
1427290200,60.53,60.64,59.59,59.61,14950859
1427376600,59.46,59.79,58.87,59.54,14039559
1427463000,59.49,59.78,59,59.55,11755819
1427722200,60.88,61.46,60.61,60.96,20656523
1427808600,60.72,60.94,60.42,60.58,17346667
1427895000,60.41,60.57,59.73,59.95,18100587
1427981400,60.07,60.7,60,60.52,12697771
1428327000,59.92,60.75,59.65,60.47,12025243
1428413400,61.15,61.5,60.85,60.85,11505503
1428499800,61.06,61.56,60.94,61.05,11733950
1428586200,61.27,61.575,60.83,61.47,11728495
1428672600,61.35,61.78,61.2,61.7,9869670
1428931800,61.64,62.27,61.5,62.07,15468702
1429018200,62.96,63.61,62.74,63.04,33775406
1429104600,63.08,64.48,63.01,64.21,28732225
1429191000,64.08,64.27,63.66,63.81,16640454
1429277400,63.25,63.4,62.49,62.84,20221236
1429536600,63.22,63.52,63.14,63.24,12755309
1429623000,63.33,63.6,62.13,62.31,14985119
1429709400,62.65,63.15,62.03,62.94,14484658
1429795800,62.79,63.21,62.6,62.8,12851257
1429882200,62.63,62.84,62.34,62.6,9597525
1430141400,62.7,63.15,62.31,62.34,11146409
1430227800,62.49,62.78,61.77,62.76,12307828
1430314200,62.56,63.89,62.46,63.6,17601215
1430400600,63.58,63.88,62.92,63.26,16840865
1430487000,63.7,63.87,63.33,63.61,11640805
1430746200,63.68,64.87,63.64,64.72,14972462
1430832600,64.51,65.32,64.29,64.4,17692369
1430919000,64.53,65.07,63.42,63.92,18087852
1431005400,63.67,64.595,63.25,64.5,15039936
1431091800,64.97,65.65,64.6,65.49,16802611
1431351000,65.26,65.64,65.075,65.45,13799675
1431437400,65.31,65.54,64.76,65.36,12762234
1431523800,65.42,65.63,65.06,65.52,11874274
1431610200,65.83,66.18,65.71,66.05,11855518
1431696600,66.13,66.16,65.435,65.88,11152125
1431955800,65.8,66.54,65.8,66.42,10510893
1432042200,66.77,67.1899,66.57,67.01,14282994
1432128600,66.95,67.03,66.4,66.48,12446012
1432215000,66.14,66.68,66.01,66.65,12934474
1432301400,66.63,66.83,66.32,66.47,9296939
1432647000,66.2,66.29,65.31,65.73,15571327
1432733400,65.95,66.65,65.82,66.47,10963652
1432819800,66.36,66.4,65.74,66.2,11797444
1432906200,66.18,66.22,65.36,65.78,14310723
1433165400,65.99,66.66,65.97,66.08,11899261
1433251800,65.83,66.39,65.58,66.02,12784152
1433338200,66.43,67.13,66.27,66.7,12927263
1433424600,66.31,67.05,66.01,66.33,13863283
1433511000,67.37,67.84,67.01,67.42,20801141
1433770200,67.46,67.55,66.81,66.89,14558660
1433856600,66.95,67.27,66.47,67.18,13263493
1433943000,67.59,68.495,67.47,68.26,17478898
1434029400,68.36,68.68,68.15,68.52,13739872
1434115800,68.31,68.54,67.87,68.25,11804741
1434375000,67.58,68.21,67.3,67.99,14082323
1434461400,67.77,68.52,67.6201,68.37,11692849
1434547800,68.41,68.68,68.035,68.14,14521889
1434634200,68.35,68.82,67.9,68.78,16759603
1434720600,68.46,68.67,67.92,68.08,21606383
1434979800,68.87,69.29,68.75,68.96,14306669
1435066200,69.35,69.82,69.19,69.75,15736884
1435152600,69.51,69.77,68.91,69.02,16995033
1435239000,69.32,69.475,68.635,68.65,13314291
1435325400,68.94,69.29,68.765,68.95,14489159
1435584600,67.68,68.26,67.16,67.2,19934417
1435671000,67.89,68.11,67.16,67.76,20677358
1435757400,68.12,68.39,67.78,68.07,13964423
1435843800,67.95,68.13,67.185,67.52,12822941
1436189400,66.88,67.46,66.54,67.33,13527098
1436275800,67.09,67.22,65.3,66.8,22421483
1436362200,66,66.16,65.205,65.43,17707242
1436448600,66.49,66.7034,65.99,66.11,14984705
1436535000,67.22,67.4,66.825,67.05,12356059
1436794200,67.89,68.14,67.68,68.09,16175638
1436880600,67.98,69.1,67.76,69.04,20185118
1436967000,69.23,69.43,68.85,69.19,16891606
1437053400,69.63,69.95,69.41,69.56,18035652
1437139800,69.35,69.49,68.92,69.21,14040686
1437399000,69.5,69.766,69.18,69.26,11512894
1437485400,69.16,69.54,68.87,69.1,11659915
1437571800,69.28,70.2901,69.2,70.08,15493019
1437658200,70.19,70.61,69.46,69.64,14331837
1437744600,69.44,69.56,68.68,68.91,12413896
1438003800,68.15,68.22,67.57,68.01,16801563
1438090200,68.55,68.6,67.77,68.05,14932360
1438176600,68.32,69.1,68.16,68.94,13059190
1438263000,68.93,69.45,68.5399,69.04,10197182
1438349400,69.01,69.04,68.4001,68.53,11911818
1438608600,68.59,68.84,68,68.53,9980587
1438695000,68.47,68.95,68.31,68.46,10963966
1438781400,69.05,69.42,68.56,68.73,11302860
1438867800,68.75,68.94,68,68.25,10803363
1438954200,68.33,68.74,67.55,68.05,11453310
1439213400,68.22,69.005,68.22,68.89,12661440
1439299800,68.23,68.4,67.85,68.23,14800333
1439386200,67.41,67.55,66.07,67.24,21150053
1439472600,67.25,67.8,66.97,67.55,11930623
1439559000,67.42,67.91,67.4,67.89,11248813
1439818200,67.62,68.24,67.4,68.07,10326540
1439904600,67.98,68.36,67.8399,68.21,10617481
1439991000,67.93,68.31,67.365,67.6,15198203
1440077400,66.81,67.04,65.94,65.94,20972302
1440163800,65.09,65.44,63.57,63.6,28235460
1440423000,59.29,62.92,50.07,60.25,36339089
1440509400,63.1,63.3203,59.73,59.91,31772532
1440595800,61.8,62.98,60.545,62.91,33576825
1440682200,63.98,64.73,63.135,64.48,29045691
1440768600,64.29,64.46,63.6,64.13,16687313
1441027800,63.61,64.35,63.47,64.1,14223416
1441114200,62.85,62.85,60.99,61.45,23637264
1441200600,62.62,62.9125,61.54,62.57,17757899
1441287000,62.88,63.66,62.45,62.68,17065377
1441373400,61.8,61.92,60.75,61.5,20188951
1441719000,62.77,63.2,62.33,63.16,13385051
1441805400,63.94,64.34,62,62.18,13889457
1441891800,61.86,62.995,61.45,62.66,15751110
1441978200,62.38,62.66,61.986,62.56,12766683
1442237400,62.64,62.685,62.12,62.38,10202787
1442323800,62.76,63.89,62.51,63.58,14023503
1442410200,63.89,64.29,63.21,64.14,12235935
1442496600,64.14,64.64,62.39,62.65,21249199
1442583000,61.83,61.83,60.78,60.94,31008001
1442842200,61.52,61.91,61.08,61.45,13136377
1442928600,60.6,61.085,60.42,60.91,14811862
1443015000,60.8,61.15,60.32,60.64,11712247
1443101400,60.01,60.38,59.46,60.22,17293389
1443187800,61.27,61.86,60.87,61.47,18384297
1443447000,60.92,61.01,59.69,59.98,17452209
1443533400,59.98,60.13,58.73,59.84,19334947
1443619800,60.7,61,60.11,60.97,18743807
1443706200,61.12,61.87,60.54,61.42,16863215
1443792600,59.59,60.86,58.53,60.81,20435078
1444051800,61.24,62.24,61.22,62.02,13471119
1444138200,62.11,62.36,61.615,62.05,12134800
1444224600,62.55,63.03,61.755,62.13,12818858
1444311000,61.85,62.25,61.43,62.13,13964567
1444397400,62.39,62.545,61.575,61.93,12112022
1444656600,61.84,62.01,61.399,61.72,10857374
1444743000,61.39,62.16,61.31,61.55,15621860
1444829400,60.76,60.97,59.54,59.99,28989352
1444915800,60.47,61.96,60.1034,61.89,18147873
1445002200,62.43,62.65,62.09,62.43,17456576
1445261400,62,62.765,61.91,62.22,14510389
1445347800,62.36,62.815,62.08,62.52,11545128
1445434200,62.88,62.96,62.05,62.06,12173278
1445520600,62.42,63.58,62.42,63.19,15295681
1445607000,63.63,64.185,63.5,63.87,16985219
1445866200,63.84,63.99,63.41,63.9,13880244
1445952600,63.53,63.86,63.3135,63.64,8831862
1446039000,63.7,65.74,63.69,65.5,17962014
1446125400,65.26,65.83,64.88,65.21,12753676
1446211800,65.3,65.34,64.13,64.25,15731415
1446474600,64.45,65.75,64.39,65.54,15253302
1446561000,65.29,66.1,65.17,65.78,11519476
1446647400,66.01,66.15,65.63,65.85,11388422
1446733800,65.79,66.67,65.75,66.44,12715877
1446820200,68.37,69.03,68.1,68.46,23262747
1447079400,68.7,68.72,67.08,67.39,17143831
1447165800,67.19,67.85,66.93,67.68,13239736
1447252200,68.1,68.17,67.25,67.35,8513925
1447338600,66.86,66.9,65.95,66,13576850
1447425000,65.84,66.17,65.23,65.56,11836959
1447684200,65.46,66.58,65.17,66.51,11041106
1447770600,66.67,66.74,65.89,66.13,12354839
1447857000,66.48,67.55,66.37,67.45,12911408
1447943400,67.58,67.82,67.04,67.66,12839462
1448029800,67.99,68.11,67.375,67.54,11209616
1448289000,67.31,67.58,66.78,66.88,11338963
1448375400,66.17,67.14,66.04,66.78,10910042
1448461800,66.93,67.12,66.55,66.86,7772026
1448634600,67,67.3264,66.64,67.17,4052853
1448893800,67.28,67.52,66.68,66.68,15147536
1448980200,67.34,67.83,66.99,67.61,12708809
1449066600,67.83,67.88,66.48,66.66,13440883
1449153000,66.83,67.03,65.58,65.8,14626881
1449239400,66.1,67.995,66.03,67.89,17786043
1449498600,67.66,67.75,66.4,67,11686033
1449585000,66.25,66.96,65.7,65.96,13084484
1449671400,65.61,66.585,65.04,65.46,16770188
1449757800,65.54,66.495,65.08,65.61,12838986
1449844200,64.8,65.16,63.5102,64.07,17889293
1450103400,64.227,64.755,63.6,64.27,17638159
1450189800,65.07,66.65,65.07,66.1,18126588
1450276200,66.91,67.74,65.91,67.53,21720024
1450362600,67.9,68,66.085,66.28,18122090
1450449000,65.97,65.97,64.4,64.4,23819643
1450708200,65.02,65.56,64.83,65.54,18869297
1450794600,65.92,66,64.98,65.68,12149529
1450881000,66.12,66.85,66.05,66.73,12524453
1450967400,66.62,66.89,66.32,66.6,4468242
1451313000,66.29,66.45,65.71,66.38,6610609
1451399400,66.84,67.3,66.74,67.07,9820830
1451485800,67.04,67.05,66.45,66.59,7190650
1451572200,66.19,66.7801,66,66.03,14654329
1451917800,63.95,64.06,63.01,63.62,25393155
1452004200,63.7,64.13,63.04,63.73,16566703
1452090600,62.72,63.125,62.34,62.81,22961532
1452177000,61.46,62,60.08,60.27,27630867
1452263400,61.13,61.27,58.85,58.92,22373287
1452522600,58.83,59.22,58.04,58.83,20925529
1452609000,59.45,59.56,58.1,58.96,22971612
1452695400,59.46,59.675,56.91,57.34,28808129
1452781800,58.16,59.38,57.29,58.2,31296332
1452868200,56.45,57.57,56.22,57.04,38131656
1453213800,57.73,57.97,56.51,57.01,22818919
1453300200,55.63,56.18,54.66,55.51,34646083
1453386600,55.74,56.52,55.06,55.25,31301088
1453473000,56.44,57.16,56.3,56.95,22732187
1453732200,56.48,56.85,55.6,55.66,21114360
1453818600,55.85,57.15,55.81,57.08,17535732
1453905000,57.08,58.2699,56.56,57.04,20559961
1453991400,57.52,57.97,56.63,57.28,15497866
1454077800,57.83,59.54,57.51,59.5,26992199
1454337000,59.16,59.65,58.44,58.86,16807936
1454423400,57.88,57.98,56.75,57.03,22448151
1454509800,57.37,57.795,55.015,57.41,31543220
1454596200,57.06,58.52,57.06,58.4,21651256
1454682600,58.58,59.14,57.42,57.75,22001260
1454941800,56.69,56.92,55.535,56.54,28267601
1455028200,55.29,56.69,55.13,56.2,26300049
1455114600,56.57,57.41,55.47,55.52,22389590
1455201000,53.9,53.91,52.5,53.07,44334661
1455287400,55.65,57.57,55.17,57.49,37011352
1455633000,58.23,58.6,57.64,58.35,23730687
1455719400,58.85,59.25,58.3947,58.77,21580108
1455805800,58.84,58.86,57.25,57.81,17037776
1455892200,57.5,58.17,57.075,57.82,15658190
1456151400,58.51,58.88,58.42,58.57,14882763
1456237800,57.9,58.09,55.96,56.12,31772544
1456324200,55.2,56.21,54.325,56.14,25560096
1456410600,56.13,57.03,56.04,57.01,14473275
1456497000,57.64,58.11,57.14,57.54,20947508
1456756200,57.41,57.605,56.29,56.3,19554051
1456842600,56.76,59.2,56.67,59.2,23958079
1456929000,59.2,59.9,58.96,59.76,20943122
1457015400,59.58,59.96,59.103,59.96,15790644
1457101800,60.1,60.55,59.531,60.05,18459014
1457361000,59.54,60.05,59.32,59.94,12832395
1457447400,59.21,59.5,58.68,58.78,14132879
1457533800,59.15,59.54,58.68,59.12,13238828
1457620200,59.59,59.67,57.81,58.61,21139207
1457706600,59.39,59.51,58.65,59.34,21054993
1457962200,59.15,59.31,58.6,59.12,13436139
1458048600,58.54,59.21,58.43,59.2,10910468
1458135000,58.983,59.75,58.47,58.92,17423930
1458221400,58.77,59.13,57.99,58.75,19405736
1458307800,60.05,60.97,59.66,60.48,29570210
1458567000,60.22,60.819,59.9625,60.46,12684403
1458653400,59.99,60.58,59.62,60.24,12042664
1458739800,60.34,60.51,59.86,59.94,11658691
1458826200,59.3,59.51,58.87,59.48,12921194
1459171800,59.53,59.75,59.18,59.4,11159717
1459258200,59.33,59.33,58.53,59.03,15933428
1459344600,59.46,60.2272,59.38,59.71,13307142
1459431000,59.45,59.93,59.11,59.22,14904715
1459517400,59.02,60.06,58.56,59.87,15417527
1459776600,59.44,59.565,58.96,59.2,12305028
1459863000,58.59,58.83,58.21,58.36,12886615
1459949400,58.18,58.88,57.95,58.81,12167852
1460035800,58.26,58.43,57.065,57.32,19226797
1460122200,57.71,58.58,57.69,57.74,13547667
1460381400,57.91,58.88,57.91,58.2,17627802
1460467800,58.34,59.39,58.2,59.28,17779234
1460554200,60.48,62.16,60.38,61.79,37516774
1460640600,61.69,62.905,61.605,62.59,24249920
1460727000,62.88,62.9,61.45,61.87,19290707
1460986200,61.64,62.58,61.53,62.27,13813072
1461072600,62.55,63.48,62.55,63.32,19255617
1461159000,63.48,64.31,63.145,64.24,14594439
1461245400,64.26,64.66,63.34,63.6,15395776
1461331800,63.64,64.38,63.64,63.97,12444665
1461591000,63.6,63.95,63.145,63.6,10687190
1461677400,63.81,64.07,63.33,63.93,12048042
1461763800,63.86,64.64,63.6,64.11,15284125
1461850200,63.64,64.415,63.35,63.6,12852527
1461936600,63.09,63.61,62.7,63.2,16376353
1462195800,63.69,64,63.14,63.79,10247330
1462282200,62.9,62.91,61.8,62.56,19120338
1462368600,61.75,62.26,61.27,61.57,17030241
1462455000,61.6,61.995,61.06,61.24,14033862
1462541400,60.7,61.68,60.59,61.6,11057877
1462800600,61.37,61.89,61.05,61.21,11197141
1462887000,61.55,62.26,61.35,62.04,11897151
1462973400,61.97,62.6,61.81,61.81,11254047
1463059800,62.27,62.56,61.37,61.77,11071679
1463146200,61.7,62.4001,61.02,61.2,15122325
1463405400,61.21,61.985,61,61.66,10951344
1463491800,61.43,62.16,61.15,61.66,12180930
1463578200,61.7,64.17,61.69,64.04,24052314
1463664600,63.53,64.22,62.9,63.39,16076159
1463751000,63.86,64.19,63.37,63.51,11862030
1464010200,63.45,63.87,63.16,63.46,9347540
1464096600,63.94,64.77,63.81,64.54,13839390
1464183000,64.94,66.2,64.92,65.52,18936695
1464269400,65.57,65.58,64.91,65.03,9428352
1464355800,65.21,65.46,65.05,65.43,10116014
1464701400,65.73,65.82,64.96,65.27,15139407
1464787800,64.76,65.92,64.26,65.69,14031018
1464874200,65.52,65.81,65.16,65.81,10637550
1464960600,64.25,64.86,63.55,64.64,20261681
1465219800,64.64,65.76,64.6,65.28,13193497
1465306200,65.45,65.74,65.04,65.06,9924106
1465392600,64.93,65.48,64.92,65.25,9428013
1465479000,64.79,64.9,64.27,64.75,10817761
1465565400,63.93,64.07,63.58,63.84,16678358
1465824600,63.48,64.34,63.26,63.27,14382759
1465911000,62.68,63.47,61.6802,62.08,19509322
1465997400,62.41,62.975,61.91,61.97,16982140
1466083800,61.45,62.3,60.9,62.22,16791228
1466170200,62.3,62.71,61.93,62.28,15751497
1466429400,63.45,63.85,62.34,62.37,12213239
1466515800,62.73,63,62.14,62.95,11611632
1466602200,62.95,63.71,62.68,62.71,12643492
1466688600,63.7,64.15,63.53,64.05,16583609
1466775000,60.48,61.7,59.34,59.6,44108712
1467034200,58.71,58.75,57.05,57.61,37925291
1467120600,59.19,59.55,58.26,59.52,29088741
1467207000,60.36,61.21,60,61.2,21483012
1467293400,61.63,62.19,61.02,62.14,21343616
1467379800,61.52,62.0115,61.16,61.26,14217796
1467725400,60.45,60.6,59.1,59.55,23357694
1467811800,59.01,60.29,58.76,60.19,20429800
1467898200,60.52,61.14,60.16,60.58,13771417
1467984600,61.33,62.17,61.33,61.83,16998814
1468243800,62.42,62.95,62.14,62.27,13151438
1468330200,63.03,63.56,62.89,63.2,16588124
1468416600,63.08,63.43,62.64,63.16,18526932
1468503000,64.74,64.98,64.05,64.12,28985935
1468589400,64.75,64.8,63.61,64.18,17607090
1468848600,64.13,64.4,63.9,63.96,10824364
1468935000,63.61,64.1,63.46,63.86,9737390
1469021400,64.11,64.229,63.71,63.93,10411068
1469107800,64,64.18,63.63,63.69,9952750
1469194200,63.9,64.09,63.6,64.04,8195688
1469453400,63.98,64.17,63.675,63.87,8168252
1469539800,63.98,64.26,63.71,64.13,8067766
1469626200,64.08,64.685,64.06,64.33,11806756
1469712600,64,64.19,63.72,64.1,10013424
1469799000,63.8,64.29,63.75,63.97,13210412
1470058200,64.15,64.31,63.61,63.8,11422601
1470144600,63.59,64.01,63.38,63.65,13550022
1470231000,63.69,64.67,63.65,64.66,13122345
1470317400,64.49,64.815,64.27,64.56,9873007
1470403800,65.14,66.37,65.07,66.3,20752730
1470663000,66.07,66.485,65.84,66.1,11359174
1470749400,66.18,66.28,65.69,65.87,10096971
1470835800,65.92,66.07,65.16,65.28,11556086
1470922200,65.27,65.69,65.02,65.46,9604549
1471008600,64.97,65.35,64.86,65.32,7685383
1471267800,65.56,65.83,65.46,65.72,8371557
1471354200,65.36,65.96,65.24,65.71,10128856
1471440600,65.8,65.98,65.54,65.89,11868065
1471527000,65.62,65.99,65.53,65.95,9313621
1471613400,65.72,65.91,65.22,65.86,9084877
1471872600,65.75,65.88,65.41,65.8,9055631
1471959000,66.07,66.34,65.76,65.77,8949607
1472045400,65.99,66.23,65.77,65.95,10167204
1472131800,65.91,66.14,65.79,66.07,9978651
1472218200,66.33,66.88,65.845,66.22,14038597
1472477400,66.49,67.1,66.46,66.95,14583145
1472563800,66.96,67.595,66.95,67.5,13791151
1472650200,67.46,67.77,66.855,67.5,14952329
1472736600,67.64,67.72,66.65,67.21,12226517
1472823000,67.4,67.575,66.98,67.49,13720662
1473168600,67.5,67.55,66.71,67.44,16649371
1473255000,67.16,67.5901,66.96,67.16,10070407
1473341400,67.22,67.68,67,67.25,12252961
1473427800,67.03,67.43,66.64,66.65,19686877
1473687000,66.14,67.3,65.76,67.06,16452983
1473773400,66.11,66.86,65.82,66.53,18876069
1473859800,66.27,67.245,66.21,66.4,12648595
1473946200,66.29,66.93,66.09,66.64,12639749
1474032600,66.09,66.26,65.44,65.82,25161488
1474291800,66.15,66.64,65.85,66.19,13466874
1474378200,66.75,66.85,66.24,66.46,10092157
1474464600,66.84,67.13,66.3099,66.84,14116774
1474551000,66.99,67.42,66.84,67.39,12781744
1474637400,67.39,67.9,67.1766,67.25,13967357
1474896600,66.6,66.8,65.54,65.78,16408130
1474983000,65.41,66.405,65.11,66.36,13711386
1475069400,66.58,66.77,65.9939,66.71,11278036
1475155800,66.7,67.21,65.35,65.65,18727192
1475242200,66.08,67.06,66.08,66.59,21680093
1475501400,66.35,66.92,66.26,66.51,14901651
1475587800,66.21,67.18,66.1,66.6,17226890
1475674200,66.89,68.07,66.8,67.69,16279971
1475760600,67.73,67.97,67.05,67.87,17484978
1475847000,67.79,68.18,67.4,68.11,18497019
1476106200,68.34,69.06,68.23,68.64,13027466
1476192600,68.5,68.82,67.93,68.31,15657104
1476279000,68.26,68.59,68.05,68.13,11899831
1476365400,67.46,67.87,66.82,67.74,17890046
1476451800,68.8,69.03,67.3,67.52,24163776
1476711000,67.42,67.79,66.735,67.17,14963411
1476797400,67.85,68.21,67.54,67.7,11870286
1476883800,67.81,68.5,67.81,68.35,12705774
1476970200,68.08,68.68,67.94,68.26,14122005
1477056600,67.81,68.53,67.7,68.49,12175674
1477315800,68.97,69.05,68.495,68.87,10197123
1477402200,68.88,68.93,68.38,68.8,9945050
1477488600,68.37,69.25,68.37,69.13,9801266
1477575000,69.49,69.77,69.1,69.23,14210699
1477661400,69.53,69.55,68.465,69.11,12766498
1477920600,69.43,69.58,69.23,69.26,14336299
1478007000,69.48,69.78,68.33,68.97,15564491
1478093400,68.65,68.85,68.01,68.68,12449788
1478179800,68.86,69.19,68.22,68.38,10369670
1478266200,68.49,68.56,67.64,67.76,13571306
1478529000,69.08,69.97,69,69.88,16515137
1478615400,69.7,70.545,69.24,70.03,17531748
1478701800,71.46,74.15,71.32,73.25,50948378
1478788200,74.22,77.25,74.22,76.65,56192320
1478874600,76.3,76.725,75.77,76.69,27574323
1479133800,77.25,80.44,77.25,79.51,46130653
1479220200,78.37,79.41,77.78,79.36,28126307
1479306600,78.22,78.35,76.88,77.4,26054926
1479393000,77.93,78.455,77.6,78.02,19306721
1479479400,77.96,78.42,77.55,77.71,19769965
1479738600,78,78.17,77.29,78.05,11983529
1479825000,78.34,78.555,77.76,78.53,14410100
1479911400,78.87,79.24,77.89,78.86,13401387
1480084200,79.1,79.45,78.47,78.83,6185719
1480343400,78.18,78.87,78.02,78.32,13007242
1480429800,78.39,79.16,78.39,78.92,14144062
1480516200,79.92,80.53,79.7,80.17,25351899
1480602600,80.65,82.279,80.65,81.79,23823632
1480689000,81.8,81.83,80.9,81.6,16931504
1480948200,82.3,83.29,82.29,83.26,18529840
1481034600,83.6,83.81,82.43,83.69,16130043
1481121000,83.55,84.09,82.85,84.07,18996905
1481207400,84.23,85.5,83.94,85.12,20844853
1481293800,85.02,85.5,84.14,85.49,14567202
1481553000,85.36,85.79,84.29,84.73,14511332
1481639400,84.98,85.67,83.82,84.76,16669046
1481725800,83.88,86.12,83.76,84.73,22622633
1481812200,85.4,86.49,84.9,86,19438924
1481898600,86.29,86.29,84.89,84.94,23008520
1482157800,84.8,85.44,84.19,85.43,21685098
1482244200,85.79,86.54,85.545,86.53,14587310
1482330600,86.43,86.81,86.03,86.75,11400484
1482417000,86.44,87.17,86.21,86.89,13924219
1482503400,87,87.15,86.4,87.05,10759433
1482849000,87.05,87.16,86.75,87.13,6946360
1482935400,87.16,87.39,86.35,86.5,9455586
1483021800,86.58,86.67,85.04,85.89,14689042
1483108200,86.1,86.42,85.66,86.29,13617776
1483453800,87.34,87.76,85.98,87.23,20550714
1483540200,86.96,87.18,86.4,86.91,15266596
1483626600,86.81,87.11,85.2589,86.11,14300816
1483713000,86.39,86.62,85.94,86.12,12893298
1483972200,85.73,86.77,85.52,86.18,12806609
1484058600,86.07,86.9,85.72,86.43,13989033
1484145000,86.43,87.08,85.91,87.08,14713067
1484231400,86.76,87.27,86.02,86.24,21337435
1484317800,87.11,88.17,86.1,86.7,28295985
1484663400,84.93,85.22,83.28,83.55,30024625
1484749800,83.63,84.23,83.03,83.94,21270134
1484836200,84.06,84.67,83.12,83.3,16555554
1484922600,83.43,83.83,83.285,83.67,18436790
1485181800,83.3,84,83.205,83.71,12179161
1485268200,83.92,85,83.56,84.72,15175319
1485354600,85.84,86.17,85.17,86.03,17550952
1485441000,85.95,86.95,85.95,86.75,15962835
1485527400,86.66,86.98,86.27,86.93,12535420
1485786600,86.19,86.5,85.32,86.03,13661859
1485873000,85.6,86.15,84.09,84.63,15655126
1485959400,85.54,86.1,84.68,84.95,15430940
1486045800,84.34,84.91,84.16,84.59,11081359
1486132200,86.19,87.31,85.865,87.18,17885244
1486391400,86.79,87.45,86.61,86.77,11828416
1486477800,87.14,87.4,86.48,86.72,9392832
1486564200,86.18,86.31,85.37,85.96,13970870
1486650600,86.42,87.33,86.13,87.2,13749123
1486737000,87.48,87.48,86.89,87,10992466
1486996200,87.44,88.74,87.43,88.15,18739103
1487082600,88.3,89.7,88.1063,89.56,17932086
1487169000,90.08,90.87,89.35,90.59,17381807
1487255400,90.4,91.04,89.77,90.53,17672724
1487341800,89.82,90.465,89.69,90.23,15776589
1487687400,90.51,91.15,90.46,91.01,14068315
1487773800,90.52,91.3,90.42,91.06,11838980
1487860200,91.18,91.34,90.52,91.13,11066952
1487946600,90.18,90.54,89.73,90.33,15062298
1488205800,90.32,90.725,90.02,90.43,12360988
1488292200,89.845,90.82,89.585,90.62,15183542
1488378600,92.79,93.98,92.61,93.6,24451380
1488465000,93.87,93.92,92.03,92.14,16862487
1488551400,92.23,93.11,92.19,92.8,12861607
1488810600,92.25,92.32,91.1,91.92,15059178
1488897000,91.64,92.09,91.21,91.41,11156845
1488983400,92.68,92.851,91.1,91.21,17378401
1489069800,91.6,92.14,91.15,91.57,13726237
1489156200,91.95,92,90.53,91.28,13729948
1489411800,91.31,91.78,90.931,91.36,10004297
1489498200,91.02,91.65,90.765,91.51,10237702
1489584600,91.8,92.55,91.13,91.73,16601394
1489671000,92.03,92.8057,91.57,91.64,14492039
1489757400,91.83,92.04,90.65,90.68,21734743
1490016600,90.27,91.17,89.79,90.03,14623597
1490103000,90.36,90.64,87.06,87.39,33089241
1490189400,86.89,88.07,86.01,87.53,21741025
1490275800,87.21,88.5,87.09,87.39,16090092
1490362200,87.79,88.09,86.77,87.29,16093237
1490621400,85.53,87.401,85.23,87.24,16689294
1490707800,87.02,89.02,86.98,88.6,16264403
1490794200,88.6,88.82,88.08,88.27,10198446
1490880600,88.2,89.46,88.12,89.03,11630996
1490967000,88.71,88.7397,87.75,87.84,16987605
1491226200,87.99,88.17,86.6,87.52,19831778
1491312600,86.89,87.67,86.715,87.31,14280832
1491399000,88.42,88.54,86.13,86.19,17635486
1491485400,85.98,86.91,85.25,86.48,14379588
1491571800,85.93,86.81,85.71,86.18,13097108
1491831000,86.08,86.69,85.4,85.88,15081616
1491917400,85.54,85.79,84.8,85.73,14690492
1492003800,85.93,85.95,85.03,85.4,14730636
1492090200,85.5,86.99,84.4,84.4,30529763
1492435800,84.44,86.08,84.37,85.86,19071650
1492522200,85.36,85.63,84.74,85.16,14127049
1492608600,85.5,85.92,84.36,84.46,17588506
1492695000,84.98,85.78,84.55,85.55,15616604
1492781400,85.5,85.68,84.51,84.52,19820592
1493040600,86.55,88.05,86.42,87.5,25468285
1493127000,88.55,89.13,88.26,88.26,18173836
1493213400,88.35,89.05,88.14,88.43,12832154
1493299800,88.37,88.37,87.01,87.61,13329025
1493386200,87.6,87.85,86.95,87,10755629
1493645400,87.36,87.74,86.56,87.06,15712266
1493731800,86.71,86.88,86.02,86.5,14414164
1493818200,86.06,87.1,86.02,87,11540536
1493904600,87.69,87.73,86.57,87.1,11540103
1493991000,87.25,87.34,86.42,87,9436036
1494250200,87.04,87.3198,86.6481,87.1,8162209
1494336600,87.26,87.84,86.5,86.75,10273937
1494423000,86.5288,87.48,86.47,87.43,8334867
1494509400,87.09,87.48,86.35,87.16,10907382
1494595800,86.68,87.0484,86.3399,86.92,8738802
1494855000,87.1,87.49,86.86,87.34,8835631
1494941400,87.36,88.09,87.34,87.61,9794968
1495027800,86.11,86.39,83.97,84.27,24679728
1495114200,84.07,84.8,83.36,83.96,23350068
1495200600,84.21,85.34,84.15,84.78,13412878
1495459800,85.18,85.29,84.21,84.7,11635998
1495546200,84.75,86.07,84.51,85.76,11753016
1495632600,85.88,85.97,85.24,85.71,9923251
1495719000,85.99,86.08,85.08,85.35,12238543
1495805400,85.11,85.56,85.02,85.36,8113464
1496151000,85.13,85.15,83.78,83.9,12603176
1496237400,83.73,83.82,81.635,82.15,28327925
1496323800,82.46,83.08,81.65,83.06,17123490
1496410200,82.29,82.99,81.98,82.64,14998489
1496669400,82.64,83.51,82.58,82.79,9080165
1496755800,82.29,83.215,82.13,82.96,12196816
1496842200,83.31,84.1052,83.1,83.91,13711071
1496928600,83.91,85.7302,83.89,84.95,17950964
1497015000,85.51,87.05,85.39,86.96,19120172
1497274200,87.32,87.74,86.29,86.98,16053405
1497360600,87.55,87.85,86.98,87.27,12557225
1497447000,86.77,87.31,85.82,87.09,16175654
1497533400,86.25,87.08,86.24,86.57,12509682
1497619800,86.85,86.96,86.015,86.18,16936572
1497879000,86.97,88.23,86.85,88.07,15972336
1497965400,87.75,87.92,87.37,87.52,11197809
1498051800,87.48,87.545,86.76,87.12,10005941
1498138200,86.93,87.36,86.65,87.02,12180579
1498224600,87.66,88,86.61,86.86,18812029
1498483800,87.01,87.67,86.615,87.24,10082422
1498570200,87.71,88.94,87.5,88.05,15415152
1498656600,88.6,90.07,88.6,89.82,17466177
1498743000,92.34,92.65,90.31,91.15,27697818
1498829400,91.96,92,91.16,91.4,16892700
1499088600,91.56,93.48,91.41,92.75,13208087
1499261400,93.12,93.79,92.61,93.68,17535404
1499347800,93.54,94.51,92.88,93.38,16596123
1499434200,93.96,94.17,93.23,93.85,12817808
1499693400,93.5,93.68,93.09,93.19,13987191
1499779800,93.33,93.33,92.28,92.83,13262282
1499866200,92.61,92.83,92.07,92.51,13540107
1499952600,92.69,93.38,92.34,93.1,12820084
1500039000,90.81,92.605,90.58,92.25,22235168
1500298200,91.82,91.99,91.25,91.39,14374219
1500384600,90.45,91.58,90.32,91.07,14719404
1500471000,91.34,91.6199,91.001,91.2,11651245
1500557400,91.15,91.72,90.9,91.2,11561740
1500643800,91.06,91.36,90.52,90.89,10971292
1500903000,90.96,91.54,90.91,91.28,10725116
1500989400,92.37,93.52,92.27,92.8,16447678
1501075800,93.1,93.19,91.68,91.93,11815499
1501162200,91.83,92.06,91.16,91.55,12332375
1501248600,91.45,91.75,90.905,91.28,9351915
1501507800,91.51,92.36,91.5,91.8,11520329
1501594200,92.49,93.14,92.28,93.03,12523725
1501680600,92.865,93.21,92.505,93.11,10165604
1501767000,92.7,93.13,92.235,92.5,11078804
1501853400,93.5,94.4,93.471,93.66,14323999
1502112600,93.89,94.19,93.71,94.02,7978339
1502199000,93.95,95.2193,93.6,93.68,13745401
1502285400,92.98,93.68,92.83,93.53,11214440
1502371800,92.9,93.07,92.07,92.19,13252269
1502458200,92.13,92.67,91.24,91.42,10679534
1502717400,92.37,92.9,92.33,92.49,10994793
1502803800,93.31,93.56,92.65,92.73,8812720
1502890200,93.04,93.23,91.88,92.09,11085401
1502976600,91.76,91.96,90.5,90.65,13837463
1503063000,90.31,91.54,90.19,90.74,13040738
1503322200,90.85,90.94,90.16,90.63,11502065
1503408600,91.07,91.71,91,91.56,9211781
1503495000,90.87,92.34,90.84,91.67,8811292
1503581400,91.93,92.12,91.41,91.52,8623165
1503667800,91.88,92.48,91.8,91.89,11794644
1503927000,92.16,92.19,91.13,91.6,7292915
1504013400,90.45,91.31,90.31,91.1,10886082
1504099800,91.25,91.875,91.19,91.31,9165342
1504186200,91.81,91.85,90.8,90.89,13217404
1504272600,91.25,92.36,90.95,91.7,9815834
1504618200,91.02,91.105,89.0243,89.51,17031549
1504704600,90,90.5172,89.64,90.11,11845663
1504791000,90.11,90.13,88.08,88.53,14592255
1504877400,88.31,89.42,88.24,88.42,14242198
1505136600,89.39,90.25,88.95,89.79,13219047
1505223000,90.17,91.25,90.1,90.89,14003776
1505309400,90.61,91.5,90.32,91.15,12485428
1505395800,91.2,91.53,90.74,90.97,10562826
1505482200,91.08,91.71,90.76,91.62,18171794
1505741400,91.93,93.135,91.85,92.92,11318699
1505827800,92.71,94.36,92.52,93.94,12626131
1505914200,94.1,95.29,93.71,94.6,15311581
1506000600,94.46,95.37,94.19,95.03,10851489
1506087000,94.7,94.98,94.43,94.83,8358310
1506346200,94.51,94.88,93.45,94.12,10463432
1506432600,93.78,94.03,93.341,93.7,9358111
1506519000,94.97,95.72,94.58,95.18,15090226
1506605400,95.59,95.88,94.91,95.38,10270398
1506691800,95.3,95.52,95.02,95.51,11438412
1506951000,95.77,96.88,95.46,96.84,13797213
1507037400,96.83,97.43,96.7739,97.35,9633452
1507123800,97.3,97.44,96.28,96.36,12166633
1507210200,96,97.4,95.55,97.09,14236219
1507296600,97.55,97.64,96.47,96.92,10231853
1507555800,96.96,97.07,96.14,96.41,7765100
1507642200,96.455,97.18,96.24,97.13,10631527
1507728600,96.83,97.01,96.14,96.84,14283617
1507815000,97.3,97.5,95.62,95.99,18251616
1507901400,95.48,96.71,94.96,95.86,13190576
1508160600,96.34,97.95,96.34,97.84,12434009
1508247000,98.07,98.179,97.32,97.62,10335687
1508333400,98.15,98.55,97.63,97.99,10158626
1508419800,97.19,98.2,97.09,98.11,9133863
1508506200,99.28,99.89,98.7301,99.51,15326608
1508765400,99.51,99.99,99.24,99.34,9238624
1508851800,99.88,101.19,99.76,100.92,13000801
1508938200,101.25,101.45,100.19,101.02,14632741
1509024600,101.35,102.4201,101.32,101.74,13054361
1509111000,101.43,102.2263,101.05,101.77,10400446
1509370200,101.13,101.93,100.87,101.41,8839456
1509456600,101.37,101.7,100.57,100.61,8690197
1509543000,101.1,101.7,100.73,100.92,8418239
1509629400,100.87,101.765,100.16,101.59,8731788
1509715800,101.1,101.525,100.73,101.41,7103513
1509978600,101.34,101.6874,100.66,100.78,8121544
1510065000,100.56,100.75,98.25,98.75,18822583
1510151400,98.27,98.37,97.15,97.64,18524671
1510237800,97.12,98.215,96.81,97.63,13697785
1510324200,97.81,98.34,97.5,97.51,9314009
1510583400,96.69,98.05,96.62,97.86,9303072
1510669800,97.34,97.78,96.85,97.27,11043772
1510756200,96.39,98.74,95.95,98.19,15384080
1510842600,98.53,99.06,98.31,98.47,9808033
1510929000,97.82,98.41,97.57,98.14,9017866
1511188200,98.45,99.145,97.76,99.01,9483200
1511274600,99.5,99.55,98.91,98.93,13389407
1511361000,99.03,99.5239,98.59,98.64,7342248
1511533800,98.83,98.9,98.26,98.32,3429991
1511793000,98.31,99.13,97.93,97.93,13076207
1511879400,98.21,101.7,97.97,101.36,16772956
1511965800,102.41,104.22,101.96,103.73,21105546
1512052200,104.74,106.66,104.04,104.52,23945890
1512138600,104.9,105.316,102.2,104.79,19683510
1512397800,107.73,108.4,106.77,106.95,23576608
1512484200,107.17,107.41,104.12,105.72,17193948
1512570600,105.41,105.76,104.525,104.93,15476226
1512657000,103.95,105.185,103.73,104.62,13371781
1512743400,105.08,105.94,104.34,105.93,13506869
1513002600,105.72,106.06,105.31,105.62,10591228
1513089000,105.92,107.37,105.54,106.85,15508840
1513175400,106.7,107.11,105.48,105.51,15020293
1513261800,106.12,106.45,104.64,104.66,13034232
1513348200,105.79,106.52,105.2,106.14,29350598
1513607400,107.19,107.63,106.48,106.96,12713148
1513693800,107.35,107.49,106.44,106.51,12149937
1513780200,107.6,107.7305,106.09,106.14,13091473
1513866600,106.59,108.07,106.56,107.83,12323670
1513953000,108.2,108.46,106.805,107.45,14573385
1514298600,107.2,107.99,106.4,107.02,7403739
1514385000,106.67,107.29,106.67,107.22,9496548
1514471400,107.4,107.84,107.1601,107.79,7440555
1514557800,108.09,108.28,106.94,106.94,8925701
1514903400,107.63,108.02,106.8056,107.95,13578835
1514989800,107.86,108.49,107.48,108.06,11901037
1515076200,108.36,110.03,108.2,109.04,12953656
1515162600,109.26,109.55,107.775,108.34,14154974
1515421800,108.15,108.68,107.7,108.5,12466512
1515508200,108.72,109.63,108.49,109.05,13292310
1515594600,109.47,110.7,109.39,110.25,15834468
1515681000,110.67,110.929,110.051,110.84,13676788
1515767400,111.65,112.85,110.84,112.67,18884229
1516113000,111.51,113.43,111.07,112.27,22724936
1516199400,111.89,113.2958,111.31,112.99,14940266
1516285800,112.76,113.7226,112.27,113.26,14572911
1516372200,113.94,114.34,112.804,113.01,18785468
1516631400,112.66,114.39,112.5,114.33,12475654
1516717800,113.67,114.64,113.35,114.21,12320751
1516804200,114.86,116,114.66,115.67,15904504
1516890600,116.04,116.17,115.075,115.7,13509957
1516977000,115.7,116.32,114.96,116.32,13883875
1517236200,116.02,117.3529,116.02,116.2,11682385
1517322600,115.53,116.6,114.98,115.11,14279124
1517409000,115.65,116.66,115.16,115.67,13141423
1517495400,115.77,116.985,115.48,116.87,13800613
1517581800,116.49,116.92,114.09,114.28,16474307
1517841000,113,114.59,103.98,108.8,30097591
1517927400,106.85,112.48,106.61,112.11,33114833
1518013800,111.55,114.45,111.146,112.87,21878324
1518100200,113.11,113.11,107.84,107.88,27425837
1518186600,109.1,111.05,106.2299,110.04,28188027
1518445800,111.17,112.725,110.07,111.74,18043325
1518532200,111.32,113.05,110.8,112.43,16358181
1518618600,112.63,115.27,112.53,115.03,15186858
1518705000,115.74,115.985,114.22,115.51,12130197
1518791400,114.55,116.07,114.5,114.68,13214253
1519137000,114.65,115.39,113.97,114.71,13461495
1519223400,115,117.45,114.67,115.19,14212461
1519309800,115.5,116.425,114.76,114.98,17120356
1519396200,115.31,117.39,115.31,117.31,12162523
1519655400,118.14,118.9,117.32,118.77,16511229
1519741800,118.91,119.33,117.35,117.36,17563345
1519828200,117.82,118.49,115.34,115.5,17735637
1519914600,115.48,116.6427,112.65,113.43,18690017
1520001000,112.39,113.56,111.12,113.32,18353697
1520260200,112.05,115.925,111.89,115.06,13933039
1520346600,115.64,115.82,114.32,115.16,10674360
1520433000,113.75,115.1,113.11,114.73,13006514
1520519400,115.11,115.23,113.21,114.74,11173721
1520605800,116.55,118.08,115.67,118.04,15366583
1520861400,118,118.75,117.25,117.66,12339295
1520947800,118.2,118.47,115.83,116.25,13312340
1521034200,116.56,116.59,114.6,114.95,12905124
1521120600,115.87,116,114.83,115.24,8747977
1521207000,115.34,116.6015,115.34,115.44,19888948
1521466200,115.1,115.45,113.3,114.53,13214919
1521552600,114.87,115.445,114.445,114.64,9921175
1521639000,114.81,116.63,114.21,114.74,13632983
1521725400,113.2,113.6,109.54,109.95,22550426
1521811800,110.27,110.92,106.76,107.01,23081509
1522071000,109.19,111.16,108.645,110.31,20217469
1522157400,111.07,111.69,107.3,108.17,18039921
1522243800,108.28,109.1699,106.65,108,19189269
1522330200,108.5,110.78,107.78,109.97,13274639
1522675800,109.96,110.73,106.08,107.85,18822525
1522762200,108.36,109.5025,107.26,109.33,14050737
1522848600,107.1,111.21,107.02,110.99,15302608
1522935000,111.63,112.83,111.39,111.88,16627035
1523021400,110.55,111.55,107.82,109.09,18906018
1523280600,110.01,112.98,109.89,110.4,15974349
1523367000,112.13,112.87,111.42,112.51,14003640
1523453400,111.66,111.81,110.515,110.62,14503294
1523539800,111.56,114.39,111.5,113.37,16435523
1523626200,115.02,115.15,109.05,110.3,39152760
1523885400,110.94,111.47,109.79,110.21,16580538
1523971800,111.37,111.92,109.99,110.21,15501350
1524058200,110.53,111.07,108.89,109.32,16081436
1524144600,109.53,111.87,109.5,111.72,17910955
1524231000,112.3,112.74,110.88,111.47,15584384
1524490200,111.57,111.95,110.63,110.93,11285831
1524576600,111.75,112.9,109.59,110.41,16453112
1524663000,110.27,110.53,108.6,109.99,13548246
1524749400,109.97,110.82,109.34,110.1,10299488
1524835800,109.55,110.1599,109.13,109.4,9383967
1525095000,109.75,110.3,108.75,108.78,13744860
1525181400,108.45,108.97,107.54,108.78,10503353
1525267800,108.11,109.49,107.73,107.92,12162086
1525354200,107.59,107.77,105.181,107.24,15379091
1525440600,106.43,108.74,105.98,108.43,11967906
1525699800,108.76,109.68,108.36,109.37,9356721
1525786200,109.53,111.34,109.28,110.99,12543228
1525872600,111.44,113.64,111.03,113.41,11368094
1525959000,113.19,114.44,112.75,114.29,9159709
1526045400,114.49,114.73,113.67,113.86,10253045
1526304600,114.11,114.7,113.74,113.9,8710654
1526391000,113.91,113.91,112.57,113.03,11536212
1526477400,112.89,113.69,112.63,113.34,7571089
1526563800,113.2,113.41,112.2,112.96,8617204
1526650200,112.75,112.8,110.84,111.13,11806349
1526909400,112.05,112.54,111.92,112.15,9441931
1526995800,112.35,114.2852,112.29,113.01,11507550
1527082200,112.51,112.77,111.12,112.49,11453916
1527168600,112.14,112.15,110.115,111.23,14084769
1527255000,110.46,111.08,110.195,110.66,8283548
1527600600,109.18,109.2,104.955,105.93,30645840
1527687000,107.64,108.6,106.65,108.35,17490845
1527773400,107.95,108.19,106.42,107.01,19808203
1527859800,108.34,108.94,107.8,108.4,13594185
1528119000,108.99,109.255,108.27,108.45,9415437
1528205400,108.24,108.31,107.07,107.84,10415231
1528291800,108.66,110.74,108.48,110.36,15453563
1528378200,111.18,111.5,110.025,110.8,13444427
1528464600,110.62,111.14,110.06,111.11,10383168
1528723800,111.12,111.91,110.77,110.83,12642897
1528810200,111.14,111.53,109.52,110.19,15294082
1528896600,110.46,111.445,109.58,109.97,14979749
1528983000,110.28,110.36,107.78,108.03,20487343
1529069400,107.8,108.38,106.27,107.9,26028572
1529328600,107.26,108.4,106.69,108.18,9786825
1529415000,106.9,107.88,106.6,107.55,12707154
1529501400,108.18,108.64,107.44,107.54,8876903
1529587800,107.1,108.2061,106.53,107.51,11048735
1529674200,108.16,108.37,105.51,105.75,19938788
1529933400,105.66,105.7,103.96,104.79,16907607
1530019800,104.71,105.21,103.11,104.86,17086772
1530106200,104.68,105.92,103.23,103.24,16276833
1530192600,103.68,105.46,103.51,104.93,14491252
1530279000,106.68,106.9,104.15,104.2,18972393
1530538200,103.72,105.09,103.38,105.08,11130044
1530624600,105.41,105.775,103.52,103.61,8311680
1530797400,104.13,104.38,103.53,103.72,10723412
1530883800,103.12,104.5,102.2,104.06,12173700
1531143000,104.71,107.46,104.71,107.28,13900793
1531229400,108.02,108.4,106.53,106.62,14575873
1531315800,106.31,107.06,106.21,106.39,10186482
1531402200,107.42,107.56,105.97,106.85,12456754
1531488600,107.3,107.8,105.14,106.36,21303844
1531747800,107.05,110.77,106.98,110.58,24662621
1531834200,110.69,110.93,109.7499,110.5,14821876
1531920600,110.42,112.12,110.2,111.53,14244944
1532007000,111.06,111.09,109.73,109.89,16775305
1532093400,110,111.74,109.78,111.28,13582631
1532352600,111.06,114.24,110.93,113.35,18140010
1532439000,113.55,114.78,113.42,114.15,14000419
1532525400,113.88,115.52,113.38,115.18,13331966
1532611800,115.42,115.585,114.581,114.85,11897769
1532698200,115.18,116.3,114.81,116.03,12805930
1532957400,116.28,117.61,116.06,116.73,13411618
1533043800,117.08,117.08,114.82,114.95,15843763
1533130200,115.75,116.69,115.28,115.66,13531590
1533216600,114.57,116.25,114.33,116.15,11058108
1533303000,116,117.13,115.94,117.09,11016102
1533562200,116.79,117.53,116.18,117.12,9857351
1533648600,117.74,118.29,117.33,117.55,10562067
1533735000,117.33,118.2686,117.28,117.79,8997220
1533821400,117.51,117.72,116.695,116.88,9694541
1533907800,115.5,115.95,114.6839,115.73,12630949
1534167000,115.56,115.878,113.815,113.89,10340337
1534253400,114.27,115.04,113.6499,114.65,10597611
1534339800,113.82,114.33,112.97,113.7,10152082
1534426200,114.35,115.31,114.3,114.77,10118820
1534512600,114.64,115.07,114.3,114.77,8505111
1534771800,114.59,115.05,114.11,114.62,8618739
1534858200,115.37,116.385,114.88,115.32,10976680
1534944600,115.31,115.41,114.78,114.97,8314901
1535031000,114.96,115.15,114.43,114.73,9265593
1535117400,114.98,115.22,114.451,114.68,8845718
1535376600,115.22,117.28,115.17,116.71,13768021
1535463000,117,117.03,115.97,116.14,8302618
1535549400,116.35,116.37,115.36,115.76,7221744
1535635800,115.59,116.04,114.98,115.19,8991802
1535722200,114.83,114.84,113.819,114.58,13065719
1536067800,114.34,115.24,113.63,115.15,10174177
1536154200,115,115.7,114.25,114.59,11462446
1536240600,114.5,114.7,113.5,114.1,9877635
1536327000,114.5,114.77,113.63,114.32,10955590
1536586200,114.85,114.97,113.66,113.71,8276936
1536672600,113.54,114.575,113.18,114.43,9333781
1536759000,114.25,114.88,112.85,113.08,10800758
1536845400,113.37,114.13,112.67,113.52,12470769
1536931800,113.81,114.49,113.23,113.5,10337948
1537191000,113.79,114.43,113.3,113.84,9561297
1537277400,114.33,114.655,113.56,114.3,7944210
1537363800,114.44,118.06,114.44,117.62,16052776
1537450200,118.5,119.24,118.08,118.63,15589976
1537536600,119.13,119.23,117.74,117.85,24788247
1537795800,117.76,118.46,116.4315,116.72,12492474
1537882200,117.04,117.97,116.32,116.39,9308310
1537968600,116.75,116.8699,114.66,115.02,14023640
1538055000,115.42,115.76,114.16,114.52,13282987
1538141400,113.65,114.24,112.52,112.84,15815120
1538400600,113.37,114.61,113.04,113.5,10147110
1538487000,113.36,114.12,112.8128,113.97,13753074
1538573400,114.94,115.66,114.48,115.04,17141962
1538659800,114.55,116.81,114.21,115.27,16357406
1538746200,115.83,116.1,114.015,114.62,13777633
1539005400,114.25,115.78,113.3534,115.32,14370869
1539091800,114.67,115.03,113.67,114.52,14069477
1539178200,114.7,114.95,111.47,111.47,23086389
1539264600,110.97,111.47,107.38,108.13,33705616
1539351000,110.37,110.83,105.6,106.95,32075740
1539610200,107.2,108.85,106.32,106.34,18660216
1539696600,107.16,108.78,106.73,108.62,19302764
1539783000,108.38,110.8,108.23,109.83,18794482
1539869400,109.02,109.84,107.81,108.09,17582467
1539955800,107.65,109.22,107.27,107.91,15234549
1540215000,108.15,108.34,106.1132,106.36,16199139
1540301400,104.2,106.16,103.7,105.25,21407548
1540387800,104.76,105.03,102.9068,103.29,23168916
1540474200,104.18,105.9,103.72,104.86,17464708
1540560600,104,104.56,102.73,103.42,19174916
1540819800,104.46,106.63,103.7,104.85,18445175
1540906200,105.71,106.98,104.86,106.7,18019681
1540992600,108.08,110.48,107.79,109.02,20859992
1541079000,109.62,110.22,108.32,108.98,13065023
1541165400,109.9,110.81,107.49,108.38,19009518
1541428200,108.61,109.29,108.42,109.09,10276448
1541514600,108.67,109.67,107.76,109.6,10824959
1541601000,110.37,111.73,109.35,111.48,12679585
1541687400,111.01,112.925,111,112.38,11662493
1541773800,112.23,112.36,110.83,111.29,10432161
1542033000,111.42,111.94,108.6,108.95,13279671
1542119400,109.1,111.12,109.1,109.59,13746059
1542205800,110.23,110.71,105.9836,107.33,18361433
1542292200,108.24,110.08,106.81,110.07,19099954
1542378600,109.45,110.76,108.55,109.99,13798551
1542637800,109.96,111.2,109.5282,110.83,13986991
1542724200,109.78,110.49,107.98,108.45,18936153
1542810600,109.03,109.61,107.64,107.64,10619625
1542983400,106.74,107.39,106.06,106.65,6488406
1543242600,107.72,109.98,107.45,109.26,13948285
1543329000,108.76,110.03,108.63,109.72,9238176
1543415400,109.8,111.4,108.87,110.94,13977257
1543501800,110.27,110.795,109.635,110.06,11144347
1543588200,109.85,111.32,109.58,111.19,18652718
1543847400,112.38,112.89,111.74,112.24,16033180
1543933800,111.6,111.6,106.73,107.23,23555940
1544106600,105.01,105.36,102.88,105.19,27213946
1544193000,105.16,106.9817,102.91,103.29,19248595
1544452200,102.87,103.49,99.28,101.36,23636429
1544538600,103.13,103.66,100.21,100.37,16860677
1544625000,101.66,102.9,100.0603,101.02,22621487
1544711400,101.55,101.97,100.67,101.12,17250942
1544797800,99.99,101.94,99.86,100.29,19879525
1545057000,99.77,100.56,98.435,99.01,25113534
1545143400,99.42,100.89,98.12,98.54,20837150
1545229800,98.41,100.58,96.6,97.29,28767868
1545316200,96.61,98.28,95.69,96.45,31825218
1545402600,96.68,98.43,93.685,94.17,41313933
1545661800,92.89,94.22,92.14,92.14,17009280
1545834600,92.69,95.96,91.11,95.96,22542900
1545921000,94.82,97.15,93.55,97.04,20304683
1546007400,97.95,98.32,96.44,96.83,17963271
1546266600,97.59,98.8085,96.77,97.62,13237180
1546439400,95.95,99.78,95.94,99.31,15692682
1546525800,98.64,98.89,96.69,97.11,16286426
1546612200,99.11,100.93,98.28,100.69,16935205
1546871400,100.43,101.47,99.7103,100.76,15430712
1546957800,101.63,101.82,99.545,100.57,13578777
1547044200,100.81,101.49,99.93,100.4,14230331
1547130600,100.02,100.73,99.27,100.39,14376430
1547217000,99.89,100.17,98.95,99.91,15439850
1547476200,98.87,101.36,98.66,100.94,21258458
1547562600,98.89,102.47,98.6,101.68,26504852
1547649000,102.25,103.45,101.8,102.5,18532952
1547735400,102.11,103.5,101.9208,102.92,14247564
1547821800,103.77,104.9,102.83,104.59,16428710
1548167400,103.08,103.59,102.13,102.94,17083681
1548253800,103.44,103.7,101.965,102.68,12146678
1548340200,102.13,103.09,101.94,102.74,11296764
1548426600,103.51,104.31,102.74,103.39,14412559
1548685800,102.89,104.24,102.59,103.88,12283089
1548772200,103.88,105.11,103.7301,104.17,9743271
1548858600,104.14,105.24,103.78,104.41,12526274
1548945000,103.41,103.8,102.73,103.5,17520551
1549031400,104,104.8455,103.52,103.88,13000780
1549290600,103.79,104.25,103.01,104.25,9871549
1549377000,104.52,104.55,103.29,103.79,12762982
1549463400,103.71,104.62,103.465,103.74,8744957
1549549800,103.25,103.5,101.44,102.38,13177489
1549636200,102.08,102.335,100.06,101.36,12892562
1549895400,101.76,102.01,100.771,100.88,10978516
1549981800,101.95,102.92,101.89,102.6,12852252
1550068200,102.9,103.85,102.9,103.09,10754061
1550154600,102.47,103.1,101.35,102.42,11518530
1550241000,103.9,105.7,103.66,105.55,14716861
1550586600,104.91,105.37,103.81,105.18,12764888
1550673000,105.21,105.8,104.875,105.69,10030326
1550759400,105.45,105.99,104.96,105.47,8400075
1550845800,105.7,106.09,104.775,105,10647258
1551105000,105.75,107.27,105.69,106.1,11230679
1551191400,104.5,105.47,103.94,105.29,15465393
1551277800,105.18,105.38,104.505,105.16,9968822
1551364200,105.01,105.21,104.18,104.36,15156850
1551450600,105.1,105.905,104.2,104.43,13813310
1551709800,104.92,105.9155,103.2668,104.19,12466285
1551796200,104.13,104.55,103.26,104.11,10856646
1551882600,103.86,104.57,103.55,103.72,9070782
1551969000,103.25,103.47,102.16,102.97,12705739
1552055400,101.99,103.23,101.99,103.01,10620609
1552311000,103.98,104.545,103.66,104.35,9763235
1552397400,104.59,104.79,103.7544,104.04,10219100
1552483800,104.19,104.98,103.95,104.39,13022241
1552570200,104.5,105.87,104.46,105.34,10926470
1552656600,105.41,106.8,105.23,106.55,24811730
1552915800,106.55,107.785,106.5,107.19,12935514
1553002200,108.2,108.4,106.55,106.8,12889267
1553088600,106.43,106.65,104.41,104.52,14920658
1553175000,103.49,103.49,102.2804,102.87,19751044
1553261400,101.82,102.32,99.52,99.76,31115189
1553520600,99.59,100.57,98.09,98.93,21032295
1553607000,99.82,100.4,98.82,99.92,15987129
1553693400,99.88,100.4499,99.08,99.58,12753234
1553779800,100,100.8,99.74,100.71,12454070
1553866200,101.54,101.99,100.585,101.23,14523395
1554125400,102.15,104.68,102.12,104.64,17499280
1554211800,104.6,105.44,104.33,105.14,10295539
1554298200,105.81,106.36,104.785,105.35,11499209
1554384600,104.55,105.73,104.45,105.56,11952078
1554471000,105.8,106.11,104.99,105.31,9933660
1554730200,105.11,105.65,104.91,105.65,8056282
1554816600,105.08,105.2,104.25,104.87,9092188
1554903000,105.13,105.715,104.47,105.34,10882304
1554989400,105.71,106.73,105.56,106.23,11183845
1555075800,109.44,111.85,108.88,111.21,25834073
1555335000,110.92,111,109.12,109.94,15163815
1555421400,109.9,111.39,109.86,111.1,11583232
1555507800,111.7,114.66,111.01,114.3,17791890
1555594200,114.53,114.945,113.33,113.46,12501949
1555939800,112.83,113.93,112.6622,113.6,7975860
1556026200,113,114.37,112.85,113.74,9193318
1556112600,113.26,114.15,112.81,113.55,9245743
1556199000,113.01,114.145,112.5,113.61,9311768
1556285400,113.95,114.58,113.6,114.47,7889519
1556544600,114.6,117.155,114.445,116.12,14242237
1556631000,116.43,116.724,115.26,116.05,11389147
1556717400,115.72,117,115.11,115.16,10412881
1556803800,115.17,115.7753,114.58,115.41,8613305
1556890200,116,116.68,115.67,116.12,8185409
1557149400,114.18,115.47,113.72,115.09,9387010
1557235800,114.03,114.03,112.285,113.21,15017725
1557322200,112.66,113.67,112.46,112.61,9576075
1557408600,111.14,112.74,110.58,112.52,12205866
1557495000,111.75,112.84,110.54,112.51,13189381
1557754200,110.08,110.45,108.98,109.45,13783652
1557840600,109.55,111.72,109.5,110.32,10503672
1557927000,109.21,110.8958,108.61,109.9,10142048
1558013400,110.62,112.17,110.59,111.31,9672729
1558099800,110,111.75,109.8257,110.77,9570477
1558359000,110.58,111.81,110.37,111.35,8518244
1558445400,111.44,111.92,111.215,111.73,7967976
1558531800,111.4,111.79,110.75,110.82,7918898
1558618200,109.64,109.79,107.5,108.64,14557969
1558704600,109.52,109.96,109.19,109.71,8537252
1559050200,109.2,109.83,108.44,108.52,11665579
1559136600,107.45,108.4,107.06,108.22,9966365
1559223000,108.65,109.18,106.54,107.06,10367822
1559309400,105.56,106.589,104.84,105.96,10952857
1559568600,105.8,106.86,105.3,106.46,11680745
1559655000,107.85,109.9,107.13,109.74,12858587
1559741400,109.86,110.38,108.6376,110.13,8340484
1559827800,110.15,110.87,108.9307,110.37,8726664
1559914200,109.7,110.02,108.96,109.16,10618932
1560173400,110.75,111.21,110.215,110.34,11380602
1560259800,110.82,111.57,110.37,110.68,9847999
1560346200,110.7,110.9,108.89,109.27,9670511
1560432600,109.46,110.16,109.05,109.54,8406903
1560519000,109.57,110.3027,108.63,109.82,9077685
1560778200,109.7,110.37,109.06,109.22,8128583
1560864600,109.01,111.405,108.98,110.71,11057340
1560951000,110.82,111.59,109.695,109.91,13126542
1561037400,110.88,111.085,109.0331,110.19,13638199
1561123800,110.19,111.67,109.09,109.44,27089546
1561383000,109.28,109.77,108.535,108.66,13039577
1561469400,108.68,108.98,107.67,107.76,18660111
1561555800,108.3,109.31,108.16,108.48,10324609
1561642200,108.84,109.55,108.44,108.84,10906607
1561728600,111.04,112.43,110.9,111.8,21634683
1561987800,113.23,114.52,113.08,113.68,12762478
1562074200,113.51,114.2,113.22,113.8,10182625
1562160600,113.34,113.87,112.26,112.82,6849443
1562333400,113.51,114.27,112.92,113.49,7929536
1562592600,112.96,113.48,112.5,112.87,6917209
1562679000,112.28,113.49,112.1503,113.35,8947322
1562765400,113.37,113.83,112.74,113.02,9242253
1562851800,113.37,114.355,113.12,114.1,11595170
1562938200,114.13,115.35,113.93,115.3,10783395
1563197400,115.54,115.57,113.53,113.9,12946597
1563283800,113.48,115.5,112.92,115.12,16944998
1563370200,114.43,114.94,113.73,113.99,13120924
1563456600,113.93,115.07,113.55,114.67,9400654
1563543000,114.89,115.12,113.4,113.54,10402772
1563802200,112.91,114.45,112.77,114.27,9061487
1563888600,114.88,116.45,114.82,116.36,12752167
1563975000,115.58,116.88,115.52,116.83,10011034
1564061400,116.89,117.24,115.315,115.71,10138368
1564147800,115.77,116.51,115.53,116.22,12800364
1564407000,116.46,117.18,115.79,115.85,8500370
1564493400,115.19,116.08,114.76,115.59,7121146
1564579800,116.1,116.18,114.86,116,13647968
1564666200,115.33,116.8,112.595,112.94,15664530
1564752600,112.4,113.43,111.4,112.93,11025527
1565011800,110.79,110.98,108.265,109.57,15855328
1565098200,110.05,110.5,108.34,110.43,10203487
1565184600,108,108.28,105.94,108.03,17320865
1565271000,109.05,110.08,108.72,109.86,10903331
1565357400,109.35,110.445,108.29,109.74,9980834
1565616600,108.44,108.5146,107.21,107.68,9880737
1565703000,107.95,110.33,107.03,109.34,12236560
1565789400,106.3,106.91,104.45,104.8,19491849
1565875800,104.82,106.38,104.34,105.2,13365567
1565962200,106.37,107.98,105.87,107.72,11830550
1566221400,109.63,109.75,108.415,108.69,8265570
1566307800,107.85,108.44,107.24,107.31,8376105
1566394200,108.21,108.43,107.445,107.61,8189648
1566480600,108.37,109.265,107.93,108.72,9343395
1566567000,108,108.78,105.11,106.02,14764096
1566826200,106.62,106.99,106.01,106.87,8211955
1566912600,107.35,107.56,104.84,105.74,14335951
1566999000,105.08,107.21,105.04,106.8,10593762
1567085400,108.14,109.89,108.02,109.22,10002439
1567171800,109.84,110.56,109.47,109.86,10170346
1567517400,108.98,108.99,107.3167,108.56,9869174
1567603800,109.45,110.22,108.56,109.87,6944055
1567690200,111.25,113.72,111.2,112.37,13226615
1567776600,112.66,112.98,111.9636,112.61,7836735
1568035800,113.71,116.055,113.6,115.4,13985144
1568122200,116.3,117.27,115.7275,116.87,14333096
1568208600,116.89,117.2,115.38,117.19,9919217
1568295000,116.55,118.473,115.92,117.91,12283450
1568381400,119,120.4,118.75,120.23,16257246
1568640600,118.9,119.8699,118.38,119.16,11993932
1568727000,118.42,118.61,117.24,118.57,10819727
1568813400,118.32,120.08,117.75,119.76,10716320
1568899800,119.7,120.3396,119.09,119.38,9460470
1568986200,119.74,120.34,118.87,118.9,22076823
1569245400,117.78,119.12,117.68,118.88,9184038
1569331800,118.75,119.26,117.04,117.33,11851899
1569418200,117.27,118.36,117.12,118,10269021
1569504600,117.88,118.05,116.95,117.03,9920613
1569591000,117.96,118.635,117.28,117.72,10207958
1569850200,118.36,118.77,117.215,117.69,9800755
1569936600,118.4,119,115.41,115.55,11328624
1570023000,114.81,114.9,112.93,113.25,12630337
1570109400,112.27,112.91,110.52,112.19,13102112
1570195800,112.34,114.94,112.27,114.62,9622741
1570455000,114.19,115.5,114.07,114.37,6816951
1570541400,113.06,113.06,111.66,111.82,11588324
1570627800,112.67,113.16,112.07,112.63,7342622
1570714200,113.14,115.4,113,114.21,11388900
1570800600,116.03,117.99,115.865,116.14,15193768
1571059800,115.85,116.87,115.66,116.45,8878537
1571146200,118.85,121.59,117.87,119.96,30522338
1571232600,119.96,120.62,119.38,119.68,11632039
1571319000,120.75,121.57,119.88,120.35,11064912
1571405400,120,121.02,119.86,120.56,10418383
1571664600,122.05,123.77,121.99,123.55,13272678
1571751000,123.45,125.1,123.12,124.79,12657085
1571837400,124.2,125.15,124.165,125.12,9397328
1571923800,125.29,125.66,124.07,125.03,8057164
1572010200,125,126.65,124.75,126.03,9055690
1572269400,126.57,127.21,126.4,126.51,9522184
1572355800,126.06,127.42,125.94,126.43,9797283
1572442200,126.05,126.26,124.916,125.73,8513704
1572528600,125.49,125.73,123.86,124.92,11589074
1572615000,126.2,127.9852,126.02,127.8,11682642
1572877800,129.08,129.42,128.5601,128.82,9159871
1572964200,129.39,130.3,128.84,129.1,13747635
1573050600,128.69,129.84,128.58,129.3,11231123
1573137000,130.43,131.29,129.92,130,13528925
1573223400,129.88,130.4,129.25,130.38,9294223
1573482600,129.6,130.1,129.35,129.92,8680490
1573569000,129.63,130.62,129.01,129.16,9101912
1573655400,128.13,128.815,127.42,128.48,8098146
1573741800,127.72,128.84,127.59,128.6,8483725
1573828200,129.23,129.53,128.4,129.53,10163667
1574087400,129.56,130.65,128.99,130.62,8752503
1574173800,130.99,131.25,130.18,130.58,8824852
1574260200,130.3,130.62,128.94,129.63,11785284
1574346600,130,130.72,129.39,129.93,7705492
1574433000,130.15,131.22,130.1,130.79,8167918
1574692200,131.25,132.07,130.865,131.49,10069669
1574778600,131.82,131.82,130.3573,131.67,10493863
1574865000,132.29,132.43,131.65,132.06,6609027
1575037800,131.87,132.41,131.45,131.76,5712035
1575297000,132.31,132.74,131.35,131.47,8622886
1575383400,129.77,129.96,128.585,129.78,10649454
1575469800,130.38,132.47,129.99,132.34,10319310
1575556200,132.68,133.31,132.18,133.06,9587878
1575642600,134.69,135.78,134.65,135.04,10171252
1575901800,134.63,135.46,134.41,134.41,8576380
1575988200,133.25,134.77,132.88,134.5,7533000
1576074600,134.29,135.02,134.01,134.18,9012476
1576161000,134.49,138.47,134.21,138.02,13725737
1576247400,137.95,138.83,136.22,136.81,10594949
1576506600,138.38,138.84,137.32,137.34,11372787
1576593000,137.73,138.6687,137.23,138.18,11547063
1576679400,138.15,139.02,137.7151,138.04,10382144
1576765800,137.76,138.22,137.1,137.35,9351045
1576852200,138.02,138.88,136.9,137.24,29993960
1577111400,137.6,137.91,136.88,137.2,9738524
1577197800,137.33,137.63,137.0641,137.58,3324291
1577370600,137.89,139.1,137.78,139.04,6773034
1577457000,139.3,139.77,138.6697,139.14,7868575
1577716200,139.9,140.08,138.47,138.63,6963342
1577802600,138.51,139.48,138.295,139.4,7201834
1577975400,139.79,141.1,139.265,141.09,10811019
1578061800,137.5,139.23,137.08,138.34,10387518
1578321000,136.56,138.27,136.5,138.23,10266522
1578407400,137.28,137.86,135.82,135.88,10576911
1578493800,135.7,137.58,135.6,136.94,9697731
1578580200,138.05,138.23,137.04,137.44,9470746
1578666600,137.21,137.25,135.81,136.07,10192026
1578925800,136.19,137.2,135.755,137.2,12381809
1579012200,137.94,140.76,137.69,138.8,24942958
1579098600,137.85,138.6,136.15,136.72,16293416
1579185000,137.45,137.9,136.84,137.25,10783752
1579271400,137.54,138.285,137.32,138.2,14697672
1579617000,137.19,138.07,136.69,136.84,8474247
1579703400,137.24,137.4,136.38,136.68,7549111
1579789800,135.71,136.7447,134.72,136.54,9345683
1579876200,136.37,136.43,132.32,133.15,15166392
1580135400,130.27,132.94,129.71,132.03,12860456
1580221800,132.84,134.97,132.4784,134.43,13062789
1580308200,134.81,135.54,133.69,134.23,9326173
1580394600,132.69,136.13,132.69,135.89,9048887
1580481000,134.49,134.83,131.47,132.36,12785242
1580740200,132.66,134.24,132.66,133.37,10021369
1580826600,135.55,136.6,135.08,135.29,9157126
1580913000,136.57,137.73,136.01,137.59,10150709
1580999400,138.24,138.29,137.11,137.61,8992592
1581085800,136.73,137.67,136.3,137.17,6379784
1581345000,136.95,137.851,136.75,137.74,5960700
1581431400,138.26,138.82,137.78,138,6578649
1581517800,138.6,139.285,137.8,138,7957984
1581604200,137.75,138.34,136.4,137.88,7447535
1581690600,137.84,138.19,136.94,137.46,6627891
1582036200,137.34,137.705,135.05,135.64,8997247
1582122600,136.91,138.39,136.34,137.49,7071399
1582209000,137.17,138.36,136.53,137.49,7422800
1582295400,136.55,136.92,134.9225,135.81,9772770
1582554600,131.44,133.2,130.7988,132.16,13618432
1582641000,131,132.23,125.59,126.26,20797188
1582727400,126.93,128.95,126.34,126.64,24836163
1582813800,122.91,125.62,121.3,121.37,23005470
1582900200,117.52,118.49,112.66,116.11,45942580
1583159400,116.63,121.58,114.46,121.52,27355446
1583245800,120.97,122.9469,116.24,116.96,32547736
1583332200,118.33,120.19,114.695,119.85,25795867
1583418600,115.67,116.43,112.58,113.97,25025628
1583505000,106.26,110.3232,105.02,108.08,38159405
1583760600,96.57,99.2302,93,93.44,40352025
1583847000,99,101.28,94.58,100.7,31102652
1583933400,97.7,100.05,94.55,95.96,38157806
1584019800,89.59,96.96,86.32,88.05,49725233
1584106200,95.99,103.99,92,103.91,38543328
1584365400,85.2,93.982,84.55,88.36,38589653
1584451800,90.89,97.44,87.5,93.76,35239844
1584538200,87.67,90.79,80.36,83.89,41525568
1584624600,81.56,88.11,76.91,85.3,32175060
1584711000,86.3,89.46,82.48,83.5,30150823
1584970200,82.68,83.75,78.09,79.03,32536580
1585056600,84.9,90.1,82.9,88.43,34363160
1585143000,89.24,95.15,84.54,91.73,38111699
1585229400,94.08,98.57,93.5375,98.12,29840426
1585315800,93.19,94.84,90.55,91.13,30041458
1585575000,90.65,94.09,89.3,93.5,21656933
1585661400,92.05,94.17,89.34,90.03,23379303
1585747800,85.1,86.56,83.25,84.36,28029566
1585834200,83.51,87.91,82.96,87.51,24017959
1585920600,86,87.48,82.77,84.05,21199448
1586179800,88.99,90.99,87.7,89.46,26820846
1586266200,94.45,94.5,90.38,90.64,22583736
1586352600,92.1,94.86,90.55,94.3,22903255
1586439000,96.92,104.39,96.89,102.76,42084666
1586784600,103.11,103.11,97.3,98.19,26911949
1586871000,101.02,102,93.64,95.5,46151255
1586957400,91.15,92.03,90.13,90.79,30118621
1587043800,90.23,90.57,87.05,87.33,32449619
1587130200,92,95.7,90.96,95.18,30191898
1587389400,92.47,94.71,90.46,91.71,23679430
1587475800,88.62,91.3839,88.33,89.05,23035023
1587562200,90.69,91.87,89.18,89.34,16706026
1587648600,89.74,91.28,89.26,89.39,16638765
1587735000,90.64,91.1,88.49,90.71,15815286
1587994200,91.94,95.63,91.5449,94.62,22870210
1588080600,97.81,98.3599,95.03,95.29,20238900
1588167000,99.08,99.45,97.27,97.86,20462562
1588253400,95.6,96.84,94.55,95.76,19127632
1588339800,93.5,93.74,91.835,93.25,18547741
1588599000,92.02,92.67,90.8,92.14,15725875
1588685400,93.65,94.21,91.9,92,18064140
1588771800,92.16,92.76,89.9306,90.27,20978035
1588858200,91.34,92.91,90.58,91.21,16771938
1588944600,92.8,94.08,92.11,92.7,20494915
1589203800,91.11,91.11,89.33,89.97,31907585
1589290200,90.15,90.79,86.9,87.03,27962923
1589376600,86.38,86.86,83.4,84.03,35451600
1589463000,82.72,88.11,82.4,87.52,35152452
1589549400,86.85,87.28,85.3,85.9,26099044
1589808600,88.69,91.15,87.88,90.45,30528734
1589895000,90.05,91.1987,88.59,88.67,19597291
1589981400,90.71,92.385,90.37,91.33,20552362
1590067800,90.27,91.76,89.67,90.17,14621406
1590154200,90.01,90.36,88.72,89.47,13557923
1590499800,92.89,97.5,92.61,95.82,41233949
1590586200,102.07,102.58,98.8,101.37,39402040
1590672600,102.94,102.95,99.4,99.86,24738542
1590759000,98.66,99.18,96.775,97.31,26538154
1591018200,97.75,99.5115,97.38,98.6,15207495
1591104600,100.28,100.42,97.9276,98.93,21194963
1591191000,101.58,104.92,101.06,104.27,25941090
1591277400,103.82,106.61,102.79,106.44,26784723
1591363800,114.93,115.77,109.53,111.23,42230986
1591623000,113.41,114.19,111.94,113.45,24881791
1591709400,110.65,111.63,109.01,110.54,17031144
1591795800,110.46,110.505,105.85,106.06,24913328
1591882200,100.03,101.58,96.54,97.21,36259224
1591968600,100.71,101.13,97.33,99.87,24856764
1592227800,96.42,101.43,95.87,101.25,22153641
1592314200,105.37,105.68,99.31,102.06,22193575
1592400600,102.53,102.54,99.21,99.48,15639830
1592487000,98.67,100.52,98.13,98.94,16591911
1592573400,100.53,100.6,96.73,97.81,40371167
1592832600,97.25,97.95,96.54,96.75,16216903
1592919000,98.97,99.97,97.85,97.93,15381376
1593005400,96.75,96.84,94.31,94.66,22919784
1593091800,94.35,98.21,94.2622,97.96,25743638
1593178200,95.11,95.37,92,92.59,41896324
1593437400,93.4,94.49,92.18,93,18499738
1593523800,92.83,94.6598,92.57,94.06,19137010
1593610200,94.89,95.705,93.0301,93.26,18755728
1593696600,94.74,94.96,91.931,92.66,27845616
1594042200,94.43,95.2,93.48,95,18625272
1594128600,93.82,94.1,92,92.32,25757203
1594215000,92.29,93.34,91.8,93.3,18762214
1594301400,93.52,94.12,90.7764,91.28,25600763
1594387800,92,96.84,91.8706,96.27,28954234
1594647000,98.7303,99.2663,96.225,97.65,32079211
1594733400,98.37,99.95,96.64,98.21,42731666
1594819800,100.89,101.29,98.65,99.73,22508410
1594906200,98.78,101.22,98.55,100.01,16886886
1594992600,100,100.08,98.14,98.16,16161547
1595251800,97.43,98.39,97.26,97.3,14458137
1595338200,97.71,100.05,97.64,99.41,17812297
1595424600,99.65,100.13,97.53,98.69,14271150
1595511000,98.5,99.35,97.97,98.98,12870184
1595597400,99.6,99.8,97.94,98.28,12744151
1595856600,97.51,97.63,96.17,96.9,11959055
1595943000,96.5,97.8854,96.5,97.32,11754273
1596029400,97.07,99.71,97,99.68,12743520
1596115800,97.54,97.74,96.05,97.02,14834785
1596202200,96.48,96.93,95.25,96.64,14539496
1596461400,97.02,97.57,95.85,96.1,12972563
1596547800,95.91,95.95,95.03,95.55,13366154
1596634200,95.87,98.47,95.72,97.21,15349693
1596720600,97.58,98.1,96.54,97.24,10482062
1596807000,96.93,99.49,96.56,99.38,14743678
1597066200,100.11,102.04,100.0343,100.64,14989853
1597152600,103.86,106.16,103.51,103.82,31518607
1597239000,106.16,106.43,101.71,102.94,19250157
1597325400,102,103.36,101.635,102.37,13598648
1597411800,101.5,103.31,101.42,102.41,12134360
1597671000,101.5,102,99.53,99.71,14987988
1597757400,99.91,99.91,98.12,98.32,13246506
1597843800,98.92,100.59,98.34,98.55,13533015
1597930200,97.26,98.03,96.8,97.37,13672577
1598016600,97.27,98.565,96.94,97.32,12228301
1598275800,98.45,100.21,97.42,100.06,17898270
1598362200,101.27,101.98,99.8,100.5,13648931
1598448600,99.94,100.27,99.05,99.09,12052437
1598535000,99,102.65,99,102.35,22163863
1598621400,103.14,103.25,101.81,102.77,13756725
1598880600,102.12,102.18,100.02,100.19,14219441
1598967000,99.55,100.8712,99.04,100.14,11602053
1599053400,99.95,101.94,99.56,101.65,14475673
1599139800,103.32,104.99,100.64,101.33,23281235
1599226200,104.05,105.21,101.37,103.52,26325470
1599571800,102.98,103.57,99.48,99.92,22108612
1599658200,100.8,101.69,99.56,100.87,13434024
1599744600,101.4,102.42,99.64,99.83,15922793
1599831000,99.97,101.36,99.59,101.07,13784342
1600090200,101.51,103.46,101.37,102.47,19017373
1600176600,102.73,102.85,99.14,99.28,23682973
1600263000,99.43,101.13,98.76,99.7,19284239
1600349400,98.7,99.3433,97.71,98.56,18290104
1600435800,97.89,99.49,97.44,98.35,20121579
1600695000,95.2,96.05,93.82,95.31,28378768
1600781400,94.96,95.66,93.67,94.27,19257004
1600867800,94.78,95.35,92.6617,92.74,19952667
1600954200,92.32,94.3,91.38,92.66,18366522
1601040600,92.05,93.715,91.87,93.47,13293076
1601299800,95.06,96.93,94.35,96.16,20894106
1601386200,96.03,96.03,94.332,95.35,12854673
1601472600,95.35,97.1975,95.26,96.27,16400587
1601559000,97.12,97.77,96.03,96.97,15778666
1601645400,95.25,98.59,95.09,97.89,15149570
1601904600,98.32,99.25,97.53,99.04,13871881
1601991000,100.07,100.86,97.5101,98.02,19220440
1602077400,98.96,100.35,98.6658,99.73,16358533
1602163800,100.51,101.92,99.895,101.78,15659016
1602250200,102,102.105,100.11,101.2,13689115
1602509400,101.1,103,100.85,102.44,16057978
1602595800,103,103.22,100.26,100.78,21697310
1602682200,101.03,101.925,100.1,100.22,15214907
1602768600,99.1,101.78,99.04,101.72,17171199
1602855000,101.41,102.33,100.723,101.51,13276397
1603114200,101.6,101.87,99.56,99.8,11725674
1603200600,100.31,101.77,100.12,100.37,11257070
1603287000,100.36,100.99,99.33,99.37,10730521
1603373400,99.32,103.24,99.31,102.88,14837204
1603459800,103.5,104.45,102.93,103.81,15087611
1603719000,102.65,102.7,100.25,101.24,12410742
1603805400,100.51,100.92,99.16,99.33,10391663
1603891800,97.5,98.3,96.07,96.54,16389464
1603978200,96.12,97.98,95.2397,97.17,14208820
1604064600,97.91,98.42,96.23,98.04,15200685
1604327400,99.39,100.88,97.86,100.25,15011597
1604413800,103.02,104.74,102.69,103.41,17482590
1604500200,101,102.07,98.93,100.25,18886518
1604586600,101.06,105.095,101,104.35,17837373
1604673000,105.03,105.1,102.39,102.96,12552785
1604932200,113.16,118.9,110.35,116.9,47792406
1605018600,117.35,117.45,114.69,116.52,20539339
1605105000,116.89,116.96,113.96,114.78,14443409
1605191400,112.53,113.955,112.055,113.37,22066464
1605277800,114.7,114.86,113.5701,114.08,11856870
1605537000,117.79,118.61,115.7318,117.3,19858562
1605623400,115.39,116.44,114.58,116.11,14553245
1605709800,117.34,118.61,115.2,115.25,12571217
1605796200,114.18,115.82,113.56,115.56,10202538
1605882600,114.43,115.65,114.09,114.57,12720823
1606141800,116.05,118.17,115.57,117.87,13209211
1606228200,120.07,123.5,119.71,123.32,20121557
1606314600,121.37,122.38,120.465,122.03,11715627
1606487400,122,122.35,121.08,121.22,5983627
1606746600,120,120.7199,117.77,117.88,14411847
1606833000,120.34,121.58,119.6276,119.74,12678222
1606919400,119.7,122.31,119.27,122.04,10811255
1607005800,121.85,121.885,120.36,121.24,12904414
1607092200,122.48,123.29,121.6901,122.34,13583654
1607351400,121.15,122.17,120.21,121.88,9724307
1607437800,121.04,122.33,120.76,122,9592124
1607524200,123.17,123.3,120.44,121.05,13073933
1607610600,119.99,120.7781,119.56,120.27,13668420
1607697000,118.94,120.02,118.37,119.56,9981643
1607956200,121.335,121.42,118.105,118.3,12112352
1608042600,119.29,120.9,118.62,120.32,12591419
1608129000,120.3,121.08,119.86,120.67,11169364
1608215400,121.26,121.45,119.58,119.67,11618001
1608301800,119.14,119.8837,118.27,119.08,28954764
1608561000,123.17,125,121.09,123.55,28323642
1608647400,123.39,123.52,121.61,121.67,11808882
1608733800,122.78,126.52,122.35,125.07,14973226
1608820200,125.09,125.55,123.57,124.52,4164948
1609165800,125.82,126.65,124.7886,125.34,8072641
1609252200,126.2,126.2799,124.89,125.01,8389199
1609338600,125.49,125.845,124.9,125.36,7397964
1609425000,125.09,127.33,124.82,127.07,8580214
1609770600,127.5,127.8579,124.78,125.87,16819915
1609857000,124.99,126.2995,123.77,125.65,13731206
1609943400,129.88,132.77,127.88,131.55,24909056
1610029800,135.69,138.19,134.92,135.87,21940387
1610116200,135.97,136.35,134.12,136.02,12035126
1610375400,134.58,138.2,134.11,138.05,15949048
1610461800,139.44,141.6599,138.8301,140.22,18033462
1610548200,138.59,140.79,138.1,140.35,14816761
1610634600,140.49,142.75,140,141.17,18565597
1610721000,137.43,141.65,137.01,138.64,27881016
1611066600,139.86,140.7,137.82,138.04,19843682
1611153000,137.82,138.17,135.435,135.97,16028845
1611239400,135.69,136.16,134.325,134.83,13415022
1611325800,132.69,134.4,132.2,133.79,12933227
1611585000,132.14,133.17,130.06,132.12,14212764
1611671400,132.75,133.17,131.34,131.58,11307819
1611757800,129.59,129.85,127.35,127.86,17603851
1611844200,129.9,132.17,128.99,130.11,13761758
1611930600,131.19,131.72,128.19,128.67,14808109
1612189800,129.4,130.0697,128.475,129.62,11080662
1612276200,131.94,134.39,131.22,133.61,12253574
1612362600,133.65,135.755,133.51,135.14,10600777
1612449000,135.47,138.66,135.47,138.25,12419526
1612535400,139.39,139.49,137.38,137.98,10051265
1612794600,138.2,140.3,138.18,140.14,10136384
1612881000,139.43,139.98,138.54,139.58,8614807
1612967400,140,140.87,139.04,139.66,10323204
1613053800,139.66,140.55,138.22,139.27,9200955
1613140200,139.05,141.61,139,141.25,8324562
1613485800,143.55,145.32,142.4,144.65,12130618
1613572200,143.95,145.38,143.12,145.1,10834189
1613658600,144,145.79,143.4,145.59,10590274
1613745000,145.86,148.84,145.86,148.02,11969782
1614004200,146.87,150.19,146.79,149.41,11488415
1614090600,151.51,152.31,149.59,150.61,16234408
1614177000,150.11,153.76,150.11,153.26,15061433
1614263400,154.27,154.9,150.59,151.18,18127707
1614349800,150.3,150.8741,146.51,147.17,19829182
1614609000,149.52,151.3799,148.48,150.5,14845483
1614695400,150.08,151.78,149.84,150.01,14221724
1614781800,151.23,154.98,150.825,152.91,14324103
1614868200,152.61,154.3786,148.6201,150.56,20093905
1614954600,153.215,153.49,147.97,150.91,18465108
1615213800,152.47,155.46,150.75,152.91,17133270
1615300200,151.5,154.25,149.82,151.83,16238763
1615386600,151.91,156.16,151.51,155.13,14342237
1615473000,154.11,156.15,153.36,154.32,11771478
1615559400,156.86,157.63,155.0701,156.15,12849532
1615815000,156.35,156.92,153.96,155.37,12103264
1615901400,154.09,154.6,152.19,153.51,12805565
1615987800,155.34,156.88,153.05,155.09,13952375
1616074200,157.6,161.69,157.11,157.65,21898467
1616160600,155.51,155.94,151.19,155.14,54418832
1616419800,152.8,153.97,150.61,150.97,19992799
1616506200,150.33,152.12,148.96,149.46,17076304
1616592600,150,153.18,149.86,150.62,13079793
1616679000,150,152.97,149.33,152.55,15608340
1616765400,154.3,155.45,152.55,155.09,16754402
1617024600,152.1201,153.7276,151.04,152.68,17570343
1617111000,154.46,155.87,153.88,154.48,13184306
1617197400,153.28,154.49,152.12,152.23,16736681
1617283800,151.9,153.79,151.55,153.71,16561508
1617629400,154.4,154.94,152.6,153.62,13507979
1617715800,152.79,154.28,151.86,152.54,13071554
1617802200,153.1,155.23,152.65,154.93,16903523
1617888600,154,155.505,152.31,155.12,12335512
1617975000,155.81,157.042,154.97,156.28,12122400
1618234200,155.58,157.25,155.57,155.95,12273355
1618320600,154.75,155.2,152.43,154.09,16113557
1618407000,151.47,153.83,150.93,151.21,19939592
1618493400,151.25,152.2,149.32,152.17,17694125
1618579800,153.87,154.51,152.69,153.3,13773412
1618839000,153.42,153.88,152.22,152.65,11900220
1618925400,151.74,151.75,148.65,149.27,13716678
1619011800,147.79,150.61,146.79,150.54,12236674
1619098200,150.23,150.3,147.26,147.37,15256117
1619184600,147.18,151.13,146.685,150.19,14043086
1619443800,150.78,152.46,150.38,150.56,10799065
1619530200,150.5,151.57,150.11,151.25,12821182
1619616600,152.43,152.89,151.4,152.23,8943653
1619703000,153.54,155.28,153.2,155.19,12976866
1619789400,154.1,154.49,153.01,153.81,11705065
1620048600,154.85,155.48,153.13,153.36,11801108
1620135000,152.87,155.64,152.14,155.48,12977673
1620221400,156,158.28,156,157.52,6938197
1620307800,158.07,160.825,157.16,160.69,13542406
1620394200,157.22,161.5,157.02,161.24,14257828
1620653400,161.5,163.73,161.12,161.22,14014332
1620739800,161.08,162.39,158.04,158.54,15451666
1620826200,159.61,160.78,157.03,157.45,14381733
1620912600,158.18,162.445,157.68,161.5,15397363
1620999000,162.39,164.45,161.99,164.01,10583975
1621258200,163.37,164.85,163.03,164.67,9886843
1621344600,164.68,165.5,162.24,162.35,11098117
1621431000,161,161.18,158.64,161.11,13278895
1621517400,160.83,161.86,159.52,160.83,10426014
1621603800,161.34,163.223,160.94,162.66,10248994
1621863000,163.36,164.225,162.1189,163.54,9440290
1621949400,163.85,165.7,161.56,161.85,12609084
1622035800,163.57,163.74,161.305,161.83,13058340
1622122200,163.95,164.75,162.57,164.35,15707512
1622208600,164.68,164.94,163.26,164.24,10294700
1622554200,165.87,166.91,165.48,166.05,9445366
1622640600,167.26,167.44,165.53,166.06,10498568
1622727000,165.41,167.245,164.661,166.17,13354653
1622813400,166.21,166.67,165.03,166.44,8510831
1623072600,167,167.1,165.14,165.66,7267196
1623159000,164.49,165.76,163.1618,165,10370719
1623245400,164.14,164.22,162.28,162.94,12377367
1623331800,164.36,165.24,160.31,160.4,12119419
1623418200,160.43,161.199,159.06,160.29,13683774
1623677400,160.15,160.33,156.655,157.57,19917855
1623763800,156.7,156.92,154.13,155.18,24485479
1623850200,154.73,157.62,153.11,156.27,25321233
1623936600,157.1,157.46,151.25,151.76,29722421
1624023000,149.3,149.7,147.56,147.92,43595659
1624282200,149.08,151.202,149.0201,150.43,18664796
1624368600,150.6,150.97,148.66,150.21,14251160
1624455000,150.2,152.04,150.09,151.12,12733326
1624541400,151.92,153.12,151.22,152.51,13733186
1624627800,152.59,154.495,151.6686,154.05,15484922
1624887000,153.7,154.48,152.1203,154.33,14125837
1624973400,155,156.31,153.61,154.14,14528708
1625059800,153.75,156.08,153.7097,155.54,12530993
1625146200,156.26,157.14,155.415,157.08,10479389
1625232600,155.95,156.32,155.12,156.03,11431349
1625578200,155.78,155.78,152.345,153.41,15083360
1625664600,152.01,154.2829,151.55,153.59,12271789
1625751000,151.61,152.53,150.04,150.94,17834574
1625837400,153.05,156.15,152.58,155.77,13694523
1626096600,154.35,159.1612,153.94,158,19940363
1626183000,156.05,157.39,153.5001,155.65,22671744
1626269400,155.95,157.28,152.95,155.12,14622833
1626355800,153.9,156.53,153.7,155.46,11539263
1626442200,155.96,156.28,151.02,151.91,14002741
1626701400,148.55,149.823,145.71,146.97,22172865
1626787800,146.52,151.12,146.3278,149.71,15385158
1626874200,152.05,153.65,151.36,152.86,12356686
1626960600,152.88,153.44,149.97,150.93,9913322
1627047000,151.48,152.84,150.25,150.64,9666101
1627306200,150.19,151.96,150.17,151.65,8207990
1627392600,150.4,152.49,149.8,151.45,11218727
1627479000,152.29,152.77,150.88,151.7,9217294
1627565400,153.14,153.87,151.91,153,9063531
1627651800,152.58,153.67,151.2,151.78,9805241
1627911000,152.03,154.45,151.07,151.17,10203157
1627997400,151.95,153.32,149.52,152.89,10394804
1628083800,151.25,153.37,150.91,151.24,10154973
1628170200,152.28,153.69,152.01,153.15,9151499
1628256600,155.19,157.82,155.11,157.5,13328750
1628515800,157.52,158.55,155.9,157.33,9516867
1628602200,156.74,159.975,156.31,159.26,8666998
1628688600,160,161.5,159.08,161.16,9156458
1628775000,161.88,162.37,160.5539,161.79,8849610
1628861400,161.79,162.16,159.57,159.98,8980903
1629120600,158.94,159.03,156.78,158.93,8759767
1629207000,157.57,158.86,155.27,157.01,9347213
1629293400,156.31,158.01,155.34,155.58,8065493
1629379800,153.16,155.56,153.01,154.28,9517737
1629466200,154.35,154.9,153.16,154.72,6974102
1629725400,155.33,157.09,155.24,156.7,7934587
1629811800,157,158.55,156.87,157.67,7670925
1629898200,158.51,161.78,157.8,160.92,11335040
1629984600,162.26,163.83,161.15,161.75,11027451
1630071000,161.75,163.16,161.26,163.05,8780185
1630330200,163.21,163.49,159.8801,160.44,7937561
1630416600,160.44,161.37,159.35,159.95,12340838
1630503000,160.22,160.76,158.97,159.72,8729920
1630589400,160.02,161.61,159.43,160.46,8815634
1630675800,160.39,160.89,159.145,159.49,7961223
1631021400,159.99,161.3814,158.96,159.21,9290968
1631107800,158.89,159.58,158.04,158.5,7852678
1631194200,158.27,160.8325,158.08,159.19,7904256
1631280600,160.56,160.7193,157.22,157.36,8311551
1631539800,158.53,160.05,158.07,159.86,10052807
1631626200,160.45,161.34,156.26,157.07,11685606
1631712600,156.72,158.69,156.47,158.16,11691485
1631799000,159.41,160.855,157.22,158.09,10880895
1631885400,157.38,159.01,157,157.68,25608018
1632144600,153.89,154.56,150.49,152.96,15819905
1632231000,153.53,154.55,152.5774,152.98,8999860
1632317400,155.2,157.25,155.1,155.91,11236150
1632403800,158,161.71,157.67,161.18,12336136
1632490200,161.44,163.59,160.82,163.04,10102432
1632749400,165,167.4,164.61,166.98,13220871
1632835800,167.7,169.3,165.66,166.08,13387886
1632922200,166.21,166.9,165.04,165.95,7777078
1633008600,166.92,166.99,162.79,163.69,13168016
1633095000,164,168.3,163.6,167.13,11284976
1633354200,166.97,170.437,165.73,166.95,14120044
1633440600,167.21,170.14,166.67,168.66,12292877
1633527000,167.99,169.1,166,169.02,8692607
1633613400,171.2,171.51,169.54,170.09,10195443
1633699800,170.02,171.34,169.295,170.22,8190144
1633959000,170.8,171.29,166.46,166.64,12154737
1634045400,165.75,166.6898,164.77,165.36,13032633
1634131800,164.07,165.41,160.6,161,22753485
1634218200,161.75,164.01,160.06,163.47,15180727
1634304600,165.35,167.17,164.14,166.61,14267441
1634563800,166.48,168.6084,165.91,166.55,12672909
1634650200,167.4,168.65,166.58,168.57,8053949
1634736600,168.3,170.87,167.46,170.84,8185565
1634823000,170.755,171.3293,168.68,169.5,8415166
1634909400,170.03,172.09,169.7,171.78,8817895
1635168600,172.71,172.96,170.48,170.94,10159202
1635255000,171,172.4902,170.54,171.4,8015067
1635341400,170.32,170.7,167.34,167.83,9846993
1635427800,168.3,170.51,167.96,170.36,7212937
1635514200,171.18,172.24,169.39,169.89,8140070
1635773400,172.04,172.33,169.005,169.8,7435507
1635859800,169.8,171.69,168.92,170.47,7173754
1635946200,170.13,171.13,169.15,170.53,8402685
1636032600,170,170.2,166.4901,168.29,9574152
1636119000,168.9,170.09,167.41,168.05,7975570
1636381800,169.05,170.92,168.74,169.06,6413707
1636468200,167.35,168.47,166.595,167.78,7990283
1636554600,167.45,168.95,167.09,167.62,6999214
1636641000,167.52,168.68,166.9,167.61,5815267
1636727400,167.65,167.74,165.72,166.86,8113441
1636986600,167.21,167.785,166,166.56,6492463
1637073000,167.06,167.07,165.12,165.36,9706145
1637159400,165.21,165.56,163.39,164.47,9909576
1637245800,164.39,164.85,162.56,163.05,8123567
1637332200,161.3,162.11,159.45,160.92,12193634
1637591400,164.16,165.98,162.99,164.35,14551672
1637677800,165.5,168.555,165.37,168.28,12362344
1637764200,168.46,169.44,166.44,166.96,9629790
1637937000,162.14,162.65,158.82,161.93,13619276
1638196200,163.31,164.78,159.817,161.23,12104369
1638282600,159.155,160.63,158.29,158.83,18922616
1638369000,161,163.27,157.8,157.89,12258685
1638455400,159.83,163.25,158.8,161.21,12969926
1638541800,161.5,161.829,157.19,158.29,12681765
1638801000,161.01,162.61,159.46,160.16,11186493
1638887400,161.88,163.39,161.16,162.57,9851554
1638973800,162.66,163.27,160.17,160.71,11705673
1639060200,159.65,160.93,158.65,160.46,11189642
1639146600,161.32,161.702,159.13,159.82,10405374
1639405800,159.5,159.79,157.2846,157.92,12068987
1639492200,157.45,160.89,157.3,159.13,12563560
1639578600,159.85,159.85,157.35,157.94,14014167
1639665000,160.39,161.825,158.7,160.41,19542759
1639751400,159.315,159.38,155.18,156.76,28138027
1640010600,154.51,154.7,151.84,153.94,15147982
1640097000,155.41,157.18,155.09,156.09,11291338
1640183400,155.75,157.055,155.24,156.7,7272989
1640269800,157.61,159.12,157.21,157.26,8055154
1640615400,157.6,158.2,156.34,158.16,6189234
1640701800,158.2,160.15,158.08,158.64,6342743
1640788200,158.85,159.63,158.15,158.56,6398927
1640874600,159.11,160.24,158.37,158.48,6948171
1640961000,158.45,159.29,157.96,158.35,5805902
1641220200,159.86,162.64,159.51,161.7,13128118
1641306600,164.31,168.58,164.23,167.83,20195802
1641393000,167.82,168.3589,163.73,163.78,17539410
1641479400,166.91,167.37,163.87,165.52,14047498
1641565800,165.665,167.53,165.06,167.16,13913345
1641825000,169.07,169.31,165.53,167.32,12922455
1641911400,168.26,168.5246,166.31,167.49,11854115
1641997800,168.46,169.59,167.18,168.44,12568011
1642084200,168.34,169.81,167.89,168.23,13623418
1642170600,160.76,161.03,156.895,157.89,40158362
1642516200,155.78,155.78,150.54,151.27,32348432
1642602600,151.57,152.23,148.55,148.93,22380026
1642689000,148.99,150.61,147.36,147.66,14860843
1642775400,147.5,147.51,144.27,145.08,20705401
1643034600,142.28,145.48,139.57,144.95,28503121
1643121000,143.65,146.85,140.79,146.53,18915869
1643207400,148.72,150.57,145.96,147.92,20709097
1643293800,149.42,150.38,144.13,145.31,17544523
1643380200,144.19,146.76,142.17,146.61,14116969
1643639400,145.64,148.79,144.67,148.6,13985745
1643725800,148.69,151.47,148.3,151.15,14584935
1643812200,150.5,150.94,148.07,149.94,12441136
1643898600,150,151.65,148.285,148.7,12474882
1643985000,149.1,153.5,148.7673,152.56,16654409
1644244200,153.27,153.62,150.85,153.07,12572283
1644330600,155,158.48,154.8,155.95,20411387
1644417000,156.59,157.4305,155.82,156.6,9131135
1644503400,156.66,159.03,155.22,155.95,16455635
1644589800,155.61,158.19,152.97,153.92,16830005
1644849000,152.73,153.68,150.3178,152.49,17026491
1644935400,154.51,155.94,153.85,154.72,9500867
1645021800,153.74,156.1,153.74,155,9076526
1645108200,153,153.73,150.665,151.43,11367457
1645194600,152.13,154.14,151.13,152.14,11733315
1645540200,150.6,153.24,150.41,151.87,11333475
1645626600,153.12,153.3,147.97,148.69,11799031
1645713000,142.94,144.99,139.78,144.55,25655100
1645799400,145.25,150.1269,144.91,147.97,18367679
1646058600,143.55,145.06,140.88,141.8,31315344
1646145000,140.04,140.48,133.58,136.45,36840448
1646231400,137.29,140.04,136.6076,139.28,19405581
1646317800,139.84,140.98,137.06,138.29,16640804
1646404200,134.94,135.42,132.4,134.4,21020675
1646663400,132.17,132.69,128.9513,129.21,27560052
1646749800,129.64,131.79,127.27,128.3,19207816
1646836200,132.9,135.24,132.44,133.44,17536202
1646922600,131.86,133.45,130.325,131.86,15604247
1647009000,132.485,134.08,128.4249,128.89,20061789
1647264600,129.46,132.92,129.23,130.17,15786898
1647351000,131.8,133.55,131.13,132.48,15096604
1647437400,134.87,138.49,134.43,138.4,20354896
1647523800,136.86,140.19,135.9205,140.15,17050454
1647610200,140.19,140.85,138.46,140.1,23656519
1647869400,140.35,140.76,138.7301,139.65,12676051
1647955800,142.27,143.93,141.7202,142.62,13548587
1648042200,140.98,141.585,139.1999,139.78,12093218
1648128600,140.3,140.71,139.11,140.69,10017625
1648215000,141.09,143.18,140.8,141.92,8386416
1648474200,140,140.97,137.895,140.87,10818077
1648560600,143.35,143.595,140.24,141.18,11316503
1648647000,141.9,142.12,139.91,140.54,8771027
1648733400,139.83,140.345,136.26,136.32,17353942
1648819800,137.4,137.41,133.8,135.31,15721297
1649079000,134.12,136.94,132.89,135.91,17422937
1649165400,134.07,135.4,133.01,133.34,12110267
1649251800,131.58,132.56,130.96,131.49,12914733
1649338200,130.95,131.92,128.73,131.09,12994231
1649424600,131.67,133.9,131.49,133.49,13126938
1649683800,133,134.9,132.57,133,10466429
1649770200,132.14,134.58,130.7,131.54,12989862
1649856600,126.94,129.25,126.01,127.3,30838027
1649943000,126.5,128.3,125.02,126.12,18835190
1650288600,125.67,129.24,125.54,128.46,11834444
1650375000,128.45,131.32,128.23,131.12,15015448
1650461400,132.52,133.51,131.34,131.58,13430189
1650547800,132.22,132.81,129.96,130.56,12174182
1650634200,130.28,130.52,126.6879,126.81,14318842
1650893400,126.01,127.115,123.11,126.77,17149031
1650979800,124.64,126.41,122.87,123.02,17209535
1651066200,122.33,123.56,121.22,121.42,17215247
1651152600,122.81,123.65,121.14,123.34,13019941
1651239000,123.05,123.61,118.9,119.36,14874811
1651498200,119.88,120.71,118.22,120.45,18544958
1651584600,121.53,124.17,120.78,123.03,15720935
1651671000,122.8,127.4,122.74,127.1,17128535
1651757400,125.25,126.1,122.16,123.92,15055401
1651843800,123.8,124.29,121.18,123.72,14417926
1652103000,122.11,123.33,120.5,121.86,14312300
1652189400,123.11,123.78,117.56,118.89,16382441
1652275800,119.3,122.89,117.94,118.14,14630299
1652362200,117,118.32,115.37,118.04,16318801
1652448600,119.41,120.25,117.96,119.09,10443203
1652707800,118.54,119.46,117.23,118.26,10269025
1652794200,121.04,122.97,120.81,122.18,11160151
1652880600,121.3,121.97,119.53,120.09,12664912
1652967000,118.19,119.65,117.63,118.31,12765769
1653053400,119.46,119.67,115.02,117.34,13150099
1653312600,120.46,126.57,120.45,124.6,24376725
1653399000,124.36,127.49,123.11,126.36,19324922
1653485400,126.28,127.86,125.17,127.24,12780385
1653571800,128.37,130.1939,128.21,129.44,15990944
1653658200,130.16,131.27,129.14,131.27,11177759
1654003800,130.18,133.15,129.71,132.23,17015042
1654090200,132.87,132.87,128.67,129.91,10768023
1654176600,129.9,132.01,128.67,132,8374794
1654263000,131.21,131.77,129.99,130.16,8596022
1654522200,131.09,132.39,129.46,129.73,11323459
1654608600,128.83,130.32,128.6159,130.07,6722167
1654695000,129,129.45,126.9,128,8422110
1654781400,127.37,128.1,125.27,125.31,13565478
1654867800,122.59,123.4,119.32,119.55,12951760
1655127000,116.86,117.95,115.06,115.99,16805564
1655213400,115.55,117.32,113.22,114.06,13357912
1655299800,115.62,116.95,113.1683,115.41,14083548
1655386200,113.86,114.2593,111.87,113.43,16724855
1655472600,113.54,114.63,112.16,113.03,30919865
1655818200,115.865,117.03,115.04,115.83,11680485
1655904600,114.88,116.1999,114.39,115.18,9848572
1655991000,115.01,115.18,111.48,113.92,11851541
1656077400,113.23,117.82,112.83,117.32,14841090
1656336600,118.06,118.5,115.6417,116.38,11280485
1656423000,117.67,119.29,115.6,115.82,11615519
1656509400,116,116.82,114.73,115.3,9338432
1656595800,113.17,114.075,110.93,112.61,15172611
1656682200,112.65,114.415,111.16,114.05,10573577
1657027800,110.77,112.71,109.3,112.62,12515590
1657114200,111.73,112.99,110.785,111.89,10656197
1657200600,113.5,114.9,113.4,114.72,10347385
1657287000,115.16,115.65,113.61,114.36,8807840
1657546200,113.55,114.23,112.215,112.86,7944573
1657632600,112.58,115.18,112.26,112.97,11250917
1657719000,111.75,112.4769,110.38,111.91,12979883
1657805400,107.99,108.23,106.06,108,26204846
1657891800,109.16,113.88,107.67,112.95,18863886
1658151000,114.77,115.8401,111.29,111.79,13977903
1658237400,113.13,114.935,112.67,114.56,11862269
1658323800,114.1,114.7389,113.48,114.54,11667540
1658410200,114.44,115.53,113.37,115.32,11595860
1658496600,115.24,116.25,113.67,114.76,7645542
1658755800,115.84,116.46,114.77,115.22,9394033
1658842200,114.58,115.58,113.03,113.42,10675119
1658928600,114.01,115.74,113.3,115.24,9274454
1659015000,115.25,115.98,113.53,114.81,10384770
1659101400,115.59,116.5,114.785,115.36,12944544
1659360600,114.5,115.105,113.07,114.21,14740396
1659447000,113.92,114.395,112.27,112.43,14942854
1659533400,113.45,114.0976,111.71,113.61,14394499
1659619800,112.85,113.32,111.0214,112.36,18033854
1659706200,112.53,116.1899,112.05,115.76,14174642
1659965400,116.25,116.7,114.18,114.35,10339584
1660051800,114.75,115.99,114.37,115.38,10233754
1660138200,117.96,119.37,117.5,118.39,12847258
1660224600,119.9,121.2,119.31,120.14,11684856
1660311000,120.67,122.25,119.44,122.13,9906716
1660570200,121.14,122.72,120.6,122.46,8456202
1660656600,122.29,124.2389,121.87,123.63,9554966
1660743000,122.3,123.16,121.6948,122.59,8149335
1660829400,122.24,122.47,120.55,121.64,9531752
1660915800,120.62,120.99,118.11,118.63,13464469
1661175000,116.75,117.16,115.5,116.67,8967607
1661261400,116.69,117.29,115.3827,115.52,7607042
1661347800,115.29,116.41,114.45,115.8,9771264
1661434200,116.16,118.74,115.68,118.55,10758870
1661520600,119.46,119.99,114.6,114.67,11276212
1661779800,114,114.86,113.46,114.39,8117296
1661866200,115,115.58,113.36,114.41,10745404
1661952600,114.48,115.03,113.339,113.73,10738299
1662039000,113.29,114.63,111.91,114.51,9979823
1662125400,115.87,117.45,113.185,113.71,10666594
1662471000,114.33,114.745,112.07,113.74,9751914
1662557400,113.13,116.11,112.76,115.9,10647866
1662643800,115.28,118.79,114.63,118.6,11434984
1662730200,119.14,120.05,118.67,119.17,9302228
1662989400,120.62,121.55,119.79,120.58,8614630
1663075800,118.07,118.92,115.78,116.39,12904575
1663162200,116.7,117.84,114.88,116.12,9345718
1663248600,116.12,119.38,115.755,117.87,10821438
1663335000,117.39,117.4,115.37,117.08,14844136
1663594200,116,118.73,115.51,118.16,8201305
1663680600,117.41,117.69,114.64,115.83,9619026
1663767000,116.54,116.6,112.42,112.49,12606281
1663853400,113.38,113.6,111.07,111.21,11684463
1663939800,110.05,110.3399,107.16,109.14,18138572
1664199000,108,109.605,106.06,106.79,15753581
1664285400,107.75,108.17,104.65,105.85,12793612
1664371800,105.95,108.73,105.64,107.99,12762596
1664458200,106.95,107.28,104.398,106.16,12713926
1664544600,106.06,107.62,104.4,104.5,15973415
1664803800,105.62,108.36,104.46,107.73,12248137
1664890200,110.61,112.99,109.86,112.77,16013586
1664976600,109.75,110.95,108.83,110.39,10943502
1665063000,109.46,110.19,107.94,108.14,11521415
1665149400,107.52,107.71,105.265,105.98,11681088
1665408600,106.73,107.31,104.52,104.99,8931729
1665495000,104.37,104.54,101.85,101.96,12739700
1665581400,101.8,104.73,101.28,103.61,13180960
1665667800,101.98,109.9,101.76,109.37,22398706
1665754200,111.962,115.24,110.724,111.19,33420141
1666013400,115.41,117.01,114.32,115.86,22276272
1666099800,119.66,120.14,116.96,118.84,21539680
1666186200,117.99,118.83,115.6701,116.51,17072035
1666272600,117.16,118.71,115.65,116.13,12207437
1666359000,116.46,122.39,116.33,122.23,20593310
1666618200,122.07,123.1,121.33,122.38,12624177
1666704600,121.85,123.2707,120.89,122.7,11289101
1666791000,123,125.2,122.88,124.11,11671494
1666877400,125.2,126.2,124.21,124.6,10727612
1666963800,125.29,126.28,124.05,126.08,11859472
1667223000,125.7,127.43,125.59,125.88,13295173
1667309400,126.87,128.28,126.33,128.15,13386945
1667395800,127.65,130.36,126.64,126.97,16546085
1667482200,126.31,128.18,125.91,127.2,12474358
1667568600,129.49,130.83,128.46,130.68,14354353
1667831400,131,132.29,130.4816,131.37,12011157
1667917800,131.24,132.06,130.14,131.45,9884053
1668004200,131.32,131.43,129.22,129.74,9493961
1668090600,132.63,135.25,132.53,135.08,16351589
1668177000,135.19,136.17,133.7805,135.3,10704664
1668436200,134.8,135.73,133.91,133.91,11085604
1668522600,134.68,135.71,131.6,132.94,14038346
1668609000,133,133.56,132.03,133.12,7893359
1668695400,132,132.89,131.28,132.54,8824558
1668781800,134.57,134.67,132.28,133.84,9468537
1669041000,133.74,134.56,132.75,133.05,7800517
1669127400,134,135.27,133.69,135.04,9185670
1669213800,134.94,136.5,134.86,136.48,7316204
1669386600,136.48,137.14,136.055,136.74,3220496
1669645800,136.07,136.71,134.19,134.35,9907551
1669732200,134.66,136.64,134.41,136.56,7925322
1669818600,136.09,138.18,133.19,138.18,14761248
1669905000,138.18,138.66,135.43,136.24,8858472
1669991400,134.49,135.35,133.34,135.16,8932057
1670250600,134.24,134.57,130.6,131.37,10154531
1670337000,133.39,135.11,129.87,131.59,13966691
1670423400,131.31,133.08,130.33,131.5,11739425
1670509800,132.33,132.98,131.43,132.88,8907257
1670596200,132.2,133.76,132,132.16,7957818
1670855400,132.4,134.65,131.6,134.21,8841631
1670941800,136.885,137.09,133.08,134.08,10025383
1671028200,133.78,135.71,132.76,133.41,9966115
1671114600,131.145,132.08,129.05,130.1,12090286
1671201000,129.15,129.9,128.425,129.29,21133707
1671460200,129.65,131.33,129.09,130.06,9017156
1671546600,130.97,132.05,130.2,130.69,8549927
1671633000,132.18,132.98,131.77,132.16,8051704
1671719400,131.1,131.3,128.41,130.66,8651131
1671805800,130.58,131.44,129.64,131.28,5091905
1672151400,131.57,132.22,130.55,131.74,5410991
1672237800,131.85,133.41,131.01,132.46,8827738
1672324200,132.93,133.27,132.31,133.22,6585228
1672410600,132.81,134.33,132.44,134.1,9292519
1672756200,135.24,136.74,133.89,135.12,11054778
1672842600,135.99,137.68,135.57,136.38,11687643
1672929000,135.66,135.71,133.7004,135.35,8381265
1673015400,136.125,138.38,134.49,137.94,10029076
1673274600,138.6,138.88,136.88,137.37,8482297
1673361000,137.79,138.72,137.31,138.6,9048665
1673447400,138.9,139.75,138.1,139.63,8703698
1673533800,140,140.86,139.22,139.49,11001666
1673620200,135.6,143.49,134.8,143.01,20200047
1673965800,141.17,141.54,139.225,140.8,14292881
1674052200,138.92,140.73,136.41,136.57,13392601
1674138600,135.32,135.9,133.59,134.75,13303371
1674225000,135.16,135.49,133.55,135.08,13092492
1674484200,135.115,137.96,134.82,137.27,10487128
1674570600,136.415,140.29,135,138.45,6944991
1674657000,138.05,139.12,137.25,139.12,8967007
1674743400,139.42,140.06,138.36,139.98,7487631
1674829800,140.61,141.255,139.7499,140.32,7489946
1675089000,139.23,140.09,138.91,139.13,6729255
1675175400,139.88,140.07,138.25,139.96,9188738
1675261800,138.21,140.875,138.12,139.59,8841846
1675348200,140,140.46,138,138.94,11822064
1675434600,138.18,142.33,138.13,141.09,11501232
1675693800,140.23,142.24,140.0313,141.92,8406231
1675780200,141.38,144.34,141.18,143.65,10447888
1675866600,142.65,144.04,142.2763,142.64,6957965
1675953000,143.12,143.34,139.87,140.42,6443109
1676039400,139.78,141.28,138.59,141.04,6582853
1676298600,141.3,142.73,140.74,142.57,7134607
1676385000,142.5,143.81,141.595,143.2,9249399
1676471400,141.61,143.89,141.3,143.8,6731172
1676557800,142.91,143.39,141.676,141.82,8165306
1676644200,140.98,142.83,140.07,142.24,7948829
1676989800,140.69,141.34,138.75,139.63,9996283
1677076200,138.92,139.43,137.435,138.56,11107501
1677162600,138.73,140.17,137.94,139.67,8068010
1677249000,139.11,141.36,138.93,140.93,9126888
1677508200,142.11,143.31,141.7201,142.16,10014654
1677594600,142.94,143.76,141.9001,143.35,11019757
1677681000,142.1,143.4583,141.8,142.55,7139155
1677767400,142.24,142.43,139.54,141.07,11107549
1677853800,141.51,143.74,141.08,143.66,9513063
1678113000,143.44,144.04,142.66,142.82,9261255
1678199400,142.01,142.31,137.81,138.62,11747620
1678285800,138,138.59,136.885,137.8,10002548
1678372200,136.76,137.35,129.215,130.34,25888097
1678458600,128.96,135.26,127.82,133.65,37600556
1678714200,131.21,133.88,129.41,131.25,42901132
1678800600,135.28,135.53,131.29,134.62,29648116
1678887000,130.98,130.99,126.73,128.26,34280607
1678973400,128.01,131.95,126.02,130.75,24571228
1679059800,128.38,128.48,125.45,125.81,38395982
1679319000,126.99,129.47,126.01,127.14,22875605
1679405400,130.59,131.73,130.19,130.55,17807808
1679491800,130.56,130.655,127.08,127.18,17250361
1679578200,127.9,129.53,126.02,126.84,16677640
1679664600,125.63,125.68,123.11,124.91,22326916
1679923800,126.79,129.38,126.29,128.49,18853935
1680010200,128.71,129.3417,127.744,128.88,10820466
1680096600,130.1,130.22,127.77,129.14,14595260
1680183000,129.95,130.12,127.65,128.75,12134675
1680269400,129.66,130.34,128.8514,130.31,13105215
1680528600,129.91,131.44,129.41,130.16,11775388
1680615000,130.5,130.59,127.41,128.42,11579916
1680701400,126.8,128.15,126.46,127.61,9614692
1680787800,127,128.08,126.8553,127.47,8760220
1681133400,126.54,128.23,126.22,127.89,9477292
1681219800,128.3,128.94,127.54,128.52,10516267
1681306200,129.18,130.43,128.0603,128.5,11820995
1681392600,128.46,129.04,126.83,128.99,12450242
1681479000,135.15,139.12,134.9001,138.73,43931328
1681738200,139.95,140.06,137.66,139.83,16050486
1681824600,140.27,141.78,139.03,141.4,13760139
1681911000,141.23,141.5,140.4,141.22,9158112
1681997400,139.91,141.43,139.84,140.81,10586245
1682083800,139.74,141.11,138.78,140.54,11842537
1682343000,140.455,141.1,140.04,140.73,7567666
1682429400,139.6,139.96,137.625,137.67,10629325
1682515800,137.62,137.8093,134,135.23,14416145
1682602200,136,137.91,135.66,137.05,9041092
1682688600,136.56,138.32,135.67,138.24,9887262
1682947800,142.26,143.37,140.83,141.2,20415762
1683034200,141.4,142.41,138.43,138.92,14113447
1683120600,138.44,138.6687,135.76,135.98,12930906
1683207000,134.96,135.72,131.81,134.12,17089164
1683293400,136.44,137.88,135.912,136.74,11261394
1683552600,137.49,137.97,136.475,137.07,7484872
1683639000,135.93,136.95,135.21,136.41,7343573
1683725400,137.95,138.06,134.87,136.48,8133416
1683811800,135,136.81,134.9,136.05,7057277
1683898200,136.82,136.99,133.13,134.1,9988598
1684157400,134.27,135.67,133.96,135.23,7639451
1684243800,135.46,135.9382,133.96,134.32,6483267
1684330200,135.9,138.5899,135.46,138.45,12711522
1684416600,138.27,139.73,137.76,139.5,10999607
1684503000,139.79,140.49,138.125,139.18,13492239
1684762200,141,141.64,137.66,138.03,11402476
1684848600,137.54,139.03,136.455,136.59,9514897
1684935000,135.4,136.35,135.08,135.34,8577997
1685021400,134.82,136.27,134.58,135.67,8472505
1685107800,136.11,137.6,135.63,136.94,8579941
1685453400,136.8,137.72,136.02,137.46,7399867
1685539800,136.73,136.84,134.4044,135.71,14219906
1685626200,136.52,138.23,135.445,137.58,12248094
1685712600,139.56,141.48,139.34,140.47,12922471
1685971800,140.11,140.34,138.13,139.09,9685780
1686058200,138.68,140.1,138.2066,139.34,9329541
1686144600,139.55,141.27,138.83,140.69,9281389
1686231000,140.67,140.89,139.4807,140.73,7370043
1686317400,140.35,141.8,140.21,141.01,7253946
1686576600,141.07,141.32,139.76,141,7600196
1686663000,140.48,142.87,140.14,142.02,7701567
1686749400,143,143.61,140.7,141.49,9068729
1686835800,140.59,143.4,140.03,143.09,9343096
1686922200,143.05,143.965,142.5,143.26,13813512
1687267800,142.61,143,141.04,142.53,8431008
1687354200,142.9,144.02,141.691,142.32,9926459
1687440600,142.31,142.6,138.95,139.58,10076325
1687527000,138.54,139.18,137.62,138.85,9919539
1687786200,138.87,140.01,137.69,139.19,8429727
1687872600,139,139.84,138.54,139.2,8154024
1687959000,139.16,139.21,137.96,138.59,7558644
1688045400,140.07,143.56,139.85,143.43,15423230
1688131800,144.6,146,143.66,145.44,14212816
1688391000,146.19,147.48,146,146.61,8021622
1688563800,144.94,145.43,144.36,144.64,8935519
1688650200,143.02,143.39,141.4401,143.21,9714100
1688736600,143.91,145.8436,143,144.34,8981456
1688995800,144.5,145.99,144.5,145.15,9100060
1689082200,146.335,147.82,145.705,147.42,11265592
1689168600,147.45,149.87,147,148.15,11323228
1689255000,148.7,149.37,147.75,148.87,11234925
1689341400,151.55,152.89,148.41,149.77,27028429
1689600600,150.35,153.75,150.35,153.38,17262394
1689687000,153.38,154.4,152.82,153.66,13491725
1689773400,152.75,155.205,152.22,154.25,12510000
1689859800,154.53,156.59,154.41,156.15,9935907
1689946200,155.8,156.14,154.69,154.95,10636378
1690205400,154.97,158.785,154.73,158,14381425
1690291800,157.3,157.7198,155.96,156.82,9944679
1690378200,156.71,158.25,156.275,157.76,8728593
1690464600,157.77,158.78,155.5538,156.02,10778406
1690551000,157.28,157.6,156.4401,156.91,9105974
1690810200,157.18,159.38,157.151,157.96,8894353
1690896600,157.43,158,156.15,157.18,6855682
1690983000,155.56,155.69,153.94,155.4,8303708
1691069400,155,156.92,154.35,156.35,6087542
1691155800,156.4,157.8,155.695,156.02,6209397
1691415000,156.6,157.7,156.6,156.76,7251832
1691501400,154.32,155.98,152.59,155.88,8623379
1691587800,155.32,155.52,153.47,153.79,6277813
1691674200,154.38,155.44,153.09,153.56,5995076
1691760600,153.03,154.52,152.63,154.45,5180690
1692019800,153.61,154.9178,152.92,154.77,5044282
1692106200,152.85,153.2664,150.2301,150.83,10300303
1692192600,150.6,150.96,149.68,150.19,6978235
1692279000,150.88,151.2622,148.4,148.63,9953912
1692365400,147.65,149.5,147.4437,148.97,8517460
1692624600,149.65,150.105,148.02,149.48,8327018
1692711000,149.26,149.6394,145.85,146.38,9681972
1692797400,146.35,147.585,145.46,147.37,7858021
1692883800,147.5,149.41,146.9875,147.23,6534026
1692970200,147.28,148.6199,145.85,147.05,6695537
1693229400,147.57,148.61,147.13,147.56,5094201
1693315800,147.71,148.85,147.18,148.76,6336962
1693402200,148.62,149.15,147.19,148.16,6277318
1693488600,148.26,148.35,145.96,146.33,10933938
1693575000,146.09,148.08,145.7,146.82,7903496
1693920600,147.16,148.2099,145.01,145.2,7854739
1694007000,144.7,145.54,144.11,144.96,8629164
1694093400,144.13,145.2683,143.39,143.72,8373738
1694179800,143.37,144.12,142.65,143.83,7110254
1694439000,144.75,145.05,143.69,144.46,6854220
1694525400,144.5,147.32,144.05,146.34,8363165
1694611800,147.34,147.7,145.82,146.41,8325914
1694698200,147.84,149.895,147.52,149.25,10034931
1694784600,148.92,149.7256,148.31,148.81,19863383
1695043800,148.16,149.14,147.75,149.12,6512360
1695130200,149.5,149.72,147.21,148.93,7945606
1695216600,149.65,150.25,148.135,148.3,7334257
1695303000,147.58,148.855,146.63,147.14,8053410
1695389400,147.29,147.51,145.19,145.73,7071975
1695648600,145.35,146.52,143.7,146.45,7044672
1695735000,144.6,145.84,144.23,144.93,7468405
1695821400,145.19,146.09,144.5115,145.78,6717822
1695907800,146.28,148.87,146.01,147.59,8868063
1695994200,148.6,148.76,144.86,145.02,11917826
1696253400,144.83,145.6223,142.63,143.77,9170644
1696339800,143.2,143.59,142.355,142.71,9431118
1696426200,143.19,143.47,141.93,143.35,8128748
1696512600,142.04,143.1,140.83,142.9,8576237
1696599000,142.91,145.88,142.14,145.1,10270621
1696858200,143.66,145.395,143.5005,144.77,6964907
1696944600,145.42,146.77,145.28,145.65,11288769
1697031000,146.51,147.23,145.02,146.15,8698175
1697117400,146.3,146.96,145.13,145.81,10484436
1697203800,148.5,153.11,147.84,148,29487199
1697463000,149.45,149.52,146.72,147.85,12663461
1697549400,147.57,149.31,146.79,147.53,11482739
1697635800,146.59,147.48,145.37,145.91,9620257
1697722200,145.48,147.02,144.88,145.29,11143631
1697808600,144.57,145.14,142.12,142.95,13332867
1698067800,142.94,143.68,140.73,141,10133410
1698154200,141.19,141.73,140.36,141.17,8881354
1698240600,140.57,141.18,139.51,140.4,8242565
1698327000,139.76,141.665,139.43,140.76,9109431
1698413400,138.95,139.1,135.19,135.69,17434717
1698672600,136.44,138.04,136.04,137.42,9855540
1698759000,137.71,139.24,137.4728,139.06,9672460
1698845400,139.25,140.53,138.47,138.94,9432048
1698931800,140.09,141.48,139.23,141.42,10186175
1699018200,142.19,143.77,141.85,143,9538719
1699281000,143.17,144.19,142.79,144.08,7625063
1699367400,143.51,144.2612,142.82,144.01,6297915
1699453800,144.11,144.84,143.62,144.72,7618169
1699540200,145.44,145.6499,143.7,144.29,7992477
1699626600,144.94,146.48,144.0765,146.43,7983935
1699885800,145.7,146.25,145.16,145.78,6676364
1699972200,146.68,149.25,146.52,148.44,9927723
1700058600,148.46,150.16,148.46,149.74,8365296
1700145000,150.09,151.525,150.09,151.45,8126188
1700231400,152.2,152.86,151.54,152.82,7814064
1700490600,152.08,153.75,151.92,153.29,7020349
1700577000,153.2,153.63,152.57,152.97,7083506
1700663400,153.41,153.88,152.9,153.33,5175135
1700836200,153.59,154.438,153.275,153.54,3496941
1701095400,153.43,153.53,152.71,153.19,6259116
1701181800,153.22,153.87,152.72,153.54,6582937
1701268200,154.17,155.625,154,154.32,9126053
1701354600,154.91,156.13,154.381,156.08,9869790
1701441000,155.82,157.86,155.82,156.84,8916001
1701700200,156.02,158.05,155.88,157.99,9607465
1701786600,157.26,158.5,156.97,157.97,9135597
1701873000,158.84,159.22,156,156.31,9366004
1701959400,156.69,157.31,156.15,156.79,8130874
1702045800,157.26,158.78,156.98,158.52,7369370
1702305000,158.52,159.3,158.15,159.1,8093908
1702391400,159.23,160.645,158.88,160.52,10222978
1702477800,160.52,162.03,159.77,161.06,12379098
1702564200,161.83,164.8399,161.705,163.99,13642990
1702650600,163.08,165.28,162.39,165.23,20309348
1702909800,165.92,167.13,165.63,166.23,8469608
1702996200,166,168.47,165.55,168.45,10345691
1703082600,167.99,169.41,166.45,166.55,10734709
1703169000,166.84,168.09,165.675,167.5,7601678
1703255400,167.5,168.23,167.23,167.4,6576322
1703601000,167.46,168.765,167.18,168.39,4683605
1703687400,167.84,169.47,167.58,169.4,6428643
1703773800,169.35,170.66,168.995,170.3,6320129
1703860200,170,170.69,169.63,170.1,6435102
1704205800,169.09,172.17,168.91,172.08,9977424
1704292200,171.86,172.04,170.37,171.33,9852335
1704378600,170.64,173.35,170.54,171.41,11972545
1704465000,171.47,173.38,171.47,172.27,10066029
1704724200,172.02,172.36,169.485,172.02,11229916
1704810600,171.62,171.79,170.095,170.66,9923630
1704897000,170,171.08,168.95,171.02,9670218
1704983400,170.33,170.36,168.6401,170.3,11919498
1705069800,173.8,176.31,168.9,169.05,19436504
1705415400,164.87,168.09,164.3,167.99,17206420
1705501800,167.34,169.07,166.49,167.09,11107466
1705588200,167.12,167.53,165.24,167.42,9382255
1705674600,167.55,170.57,167.08,170.31,13115664
1705933800,170.46,171.9803,169.71,170.11,12837505
1706020200,169.67,169.75,168.44,168.99,8360829
1706106600,169.36,171.01,168.8627,170.5,9967060
1706193000,172.31,172.99,170.905,172.94,8873481
1706279400,172.61,173.06,171.78,172.28,7442955
1706538600,172.24,172.84,171.3,172.73,6971192
1706625000,172.83,176.7603,172.83,176.27,10822075
1706711400,176.2,178.3,174.34,174.36,11521820
1706797800,173.64,174.84,171.43,173.73,9354798
1706884200,173.3,175.8162,173.26,174.73,8607839
1707143400,173.86,175.09,172.92,174.5,7820160
1707229800,174.61,175.87,173.76,175.1,6765684
1707316200,175.69,175.87,173.96,175.43,7225478
1707402600,175,175.3058,173.57,174.8,6060285
1707489000,175,175.1,173.6731,175.01,6296729
1707748200,174.78,176.808,173.7,175.79,8539316
1707834600,175.32,176.2299,172.615,174.26,8397631
1707921000,175.07,176.1,174.42,176.03,7056664
1708007400,176.15,180.21,176.15,179.87,8723390
1708093800,179.61,179.98,178.16,179.03,8152647
1708439400,179.19,180.46,178.405,179.73,9667959
1708525800,179.95,180.99,178.52,180.9,7027857
1708612200,181.82,183.42,181.24,183.07,9296459
1708698600,183.81,185.2,183.19,183.99,7105833
1708957800,183.75,184.46,182.48,183.36,7145391
1709044200,183.31,183.54,182.24,183.45,5717065
1709130600,183.43,185.2,182.96,184.38,6131608
1709217000,185.66,186.43,183.85,186.06,9643012
1709303400,185.7,186.44,185.1,185.29,6311996
1709562600,184.71,187.59,184.27,186.68,7063605
1709649000,186.36,189.3,186.36,188.55,6617832
1709735400,189.25,190.07,187.63,189.53,7572891
1709821800,189.91,190.5,186.63,187.87,7618277
1709908200,188.44,190.455,187.92,188.22,6172199
1710163800,187.28,188.44,186.22,188.29,5762569
1710250200,188.95,190.16,187.91,189.84,5708384
1710336600,190.36,191.73,189.84,191.38,7795535
1710423000,191.03,191.63,187.103,187.97,10310948
1710509400,186.48,190.94,186.48,190.3,17214229
1710768600,190.63,192.7,189.89,192.66,9013843
1710855000,192.71,193.93,192.38,193.79,8478717
1710941400,194.19,196.56,193.61,196.33,9367043
1711027800,196.52,199.43,196.33,199.06,11203796
1711114200,199.01,200.48,196.54,196.62,8108840
1711373400,196.6,196.94,194.36,194.82,8620015
1711459800,194.59,196.66,194.0554,195.73,5961484
1711546200,196.5,199.6,196.38,199.52,8725757
1711632600,199.49,200.72,198.54,200.3,8628313
1711978200,199.99,200.94,198.565,198.94,7309009
1712064600,198.39,199.78,198.08,198.86,7014683
1712151000,199.04,199.56,197.7,198.3,9353426
1712237400,199.15,199.68,195.55,195.65,9243793
1712323800,196.16,198.1224,195.11,197.45,6532278
1712583000,197.62,198.98,197.62,198.48,8000963
1712669400,198.07,198.88,194.91,197.15,7358631
1712755800,195.55,197.07,194.18,195.47,7681377
1712842200,196,196.57,193.24,195.43,10137699
1712928600,188.32,188.93,182.54,182.79,31532308
1713187800,184.5,187.46,182.195,182.89,14766592
1713274200,182.9,183.16,179.65,180.8,16451801
1713360600,181.37,182.4199,179.2,180.08,9017093
1713447000,181.1,183.36,179.97,181.25,9557720
1713533400,182.4,185.88,181.41,185.8,13402313
1713792600,185.99,190.125,185.98,189.41,11529668
1713879000,191.13,192.225,190.52,192.14,9144372
1713965400,190.53,193.23,190.17,193.08,6964905
1714051800,192.25,193.935,191.18,193.37,9802265
1714138200,193.57,194.87,193.06,193.49,6413655
1714397400,193.48,194.26,192.43,193.28,5411129
1714483800,192.81,194.99,191.64,191.74,8153681
1714570200,192.27,194.46,190.79,191.86,7446703
1714656600,193.07,193.5,189.52,191.66,6501657
1714743000,192,192.529,188.46,190.51,8922775
1715002200,191.73,192.2,189.815,192,7911134
1715088600,191.7,192.93,191.65,191.75,7688771
1715175000,191,196.65,191,195.65,9227561
1715261400,195.17,197.59,195.1,197.5,7977291
1715347800,198.54,199.3399,198.27,198.77,7529790
1715607000,198.8,199.85,198.04,198.73,7049241
1715693400,199,201.58,198.16,201.51,8596175
1715779800,202.01,202.69,199.77,202.11,8369975
1715866200,202.22,204.48,201.9901,202.47,8497927
1715952600,203.81,205.05,202.8149,204.79,9260490
1716211800,204.39,205.88,195.4,195.58,17373253
1716298200,197,199.9,196.6,199.52,14420799
1716384600,199,200.935,197.69,198.31,9425338
1716471000,197.81,198.3,196.07,196.92,8069445
1716557400,197.75,200.76,197.56,200.71,7356233
1716903000,199.86,200.41,198.66,199.5,6910206
1716989400,198,198.99,196.89,198.11,6120045
1717075800,198.56,199.85,198.4,199.33,6829719
1717162200,199.3,203.3,198.35,202.63,14417885
1717421400,202.31,202.42,199.19,201.82,6444309
1717507800,200.16,201.98,198.28,199.16,6848338
1717594200,199.76,199.82,196.92,197.26,8351597
1717680600,197.26,198.02,195.33,196.91,7640289
1717767000,197.43,200.92,197.01,199.95,6964498
1718026200,199.24,200.84,198.44,199.61,6071201
1718112600,197.91,197.94,193.6,194.36,9235302
1718199000,196,196.72,191.31,191.53,12751329
1718285400,192.32,194.58,190.88,193.66,8587786
1718371800,191.45,194.86,191.42,193.78,6874029
1718631000,193.48,195.58,192.64,194.98,8726743
1718717400,194.6,197.96,194.13,197,9022971
1718890200,196.39,199.45,196.11,198.67,8731062
1718976600,196.71,197.17,194.22,196.3,20972495
1719235800,197.81,199.23,197.1,198.88,9785929
1719322200,198.09,200.07,197.74,198.07,6915909
1719408600,197.45,197.94,196.275,197.43,7758582
1719495000,197.44,199.86,196.9,199.17,7913453
1719581400,200.01,202.6,199.3018,202.26,15307616
1719840600,202.84,207.09,202.66,205.45,10205836
1719927000,205.29,208.86,204.77,208.83,7802936
1720013400,209.55,210.38,207.65,208.69,5560925
1720186200,206.99,207.37,204.52,204.79,8093096
1720445400,205.04,206.9,203.97,205.17,8706967
1720531800,205.63,209.76,205.45,207.63,9060258
1720618200,206.14,207.97,205.58,207.8,8328493
1720704600,206.21,208.1,205.38,207.45,10666937
1720791000,204,207.45,202.1,204.94,15443441
1721050200,207.19,211.61,206.72,210.05,10719670
1721136600,210,213.74,208.08,213.62,11557018
1721223000,213.8,217.56,213.27,216.87,11572470
1721309400,215.63,216.635,209.235,209.98,12415125
1721395800,211.2,212.35,208.92,209.78,8095898
1721655000,210.46,212.17,209.71,210.28,7663223
1721741400,211.02,211.475,209.3527,210.33,5557262
1721827800,209.55,212.03,208.07,208.59,7118957
1721914200,208.65,210.19,208.05,208.67,6403774
1722000600,209.24,213.16,208.62,212.24,8027787
1722259800,212.65,213.61,210.545,210.85,6533636
1722346200,213.23,215.79,212.96,215.19,8850705
1722432600,214.78,216.39,212.67,212.8,9071637
1722519000,213.2,213.83,206.38,207.96,10918644
1722605400,203.88,204.67,196.89,199.14,18041676
1722864600,194.05,196.1699,190.9,194.9,13926997
1722951000,195.4,202.6,194,200.34,10605780
1723037400,203.51,205.75,200.2,200.4,9204434
1723123800,202.47,204.91,201.79,204.06,7761199
1723210200,203.47,206.47,202.9,205.8,5540240
1723469400,206.41,207.14,203.66,206.19,6935954
1723555800,207.73,208.09,205.4,207.94,6387942
1723642200,207.74,210.755,207.12,210.24,6999809
1723728600,213,213.89,211.1,211.55,7001005
1723815000,211.69,214.09,211.585,213.97,7931234
1724074200,214,215.53,213.82,215.45,6090818
1724160600,215,216,213.68,214.52,5640223
1724247000,214.43,215,212.84,214.6,5202472
1724333400,214.58,216.8,214.335,216.63,5247098
1724419800,217.6,219.19,216.5,218.31,7213981
1724679000,219.01,219.68,218.05,219.17,5105245
1724765400,219.51,220.42,219.19,220.18,5185221
1724851800,219.25,222.21,219.19,221.29,6506402
1724938200,222.15,222.98,218.94,222.21,6416149
1725024600,222.5,225.48,221.93,224.8,8574128
1725370200,222.3,224.1,219.24,220.3,8956089
1725456600,221.04,222.07,217.21,219.33,7389474
1725543000,220.15,220.8,216.03,217.63,8067874
1725629400,217.6,218.74,211.09,212.46,7776998
1725888600,215.19,218.15,214.175,216.81,8935074
1725975000,218.6,218.64,200.61,205.56,28406903
1726061400,205.25,207.7,201.831,207.23,13658743
1726147800,207.65,208.78,204.89,206.6,9055756
1726234200,206.86,207.8482,203.02,204.32,10226694
1726493400,205.83,208.21,205.59,207.86,8634936
1726579800,207.73,209.93,207.66,209.25,7573345
1726666200,209.01,211.3361,206.7,207.53,8259876
1726752600,209.78,211.91,207.34,210.48,11635168
1726839000,209.93,211.415,209.5,211.09,20884974
1727098200,211,211.8,209.99,211.44,7223491
1727184600,211.15,212.95,210.37,211.59,7323239
1727271000,211.68,212.24,208.61,210.19,8976520
1727357400,211.13,211.7,209.01,209.78,7807480
1727443800,210.65,212.44,209.33,210.5,7032450
1727703000,206.31,210.96,205.26,210.86,8668314
1727789400,208.9,209.09,206.19,207.04,8540064
1727875800,207.08,208.95,205.69,207.29,5810931
1727962200,206.17,206.49,204.34,205.23,7251325
1728048600,209.3,211.67,206.91,211.22,10213415
1728307800,211.03,213.33,209.69,210.93,6718898
1728394200,210.58,211.33,208.38,210.75,6021772
1728480600,209.7,214.24,209.38,213.42,7023998
1728567000,214.81,214.81,211.47,212.84,7927051
1728653400,215.67,224.6299,215.16,222.29,18320650
1728912600,223.2,223.7,218.88,221.48,9048925
1728999000,223.66,225.45,221.82,222.39,9235825
1729085400,222.33,223.68,221.04,223.64,6382515
1729171800,224.27,225.85,223.31,224.42,6470186
1729258200,225,225.92,223.1,225.37,7000543
1729517400,225.22,225.7,222.9,223,5869959
1729603800,223.02,225.28,221.1,224.12,9586793
1729690200,223.66,224.7999,222.53,223.41,6180528
1729776600,221.83,225.06,221.66,224.98,6002202
1729863000,225,225.62,220.875,222.31,6369720
1730122200,223.35,225.64,222.95,225.5,6842956
1730208600,225.21,226.75,222.81,222.9,6580004
1730295000,222.54,226.31,221.58,224.41,7110941
1730381400,224.7,225.69,221.82,221.92,7829932
1730467800,223.56,226.15,222.7,222.94,6923452
1730730600,222.65,223.76,219.17,219.78,8229588
1730817000,220.03,221.96,220,221.49,5600686
1730903400,235,248,234.77,247.06,23987753
1730989800,244.5,244.57,235.22,236.38,16451071
1731076200,239.34,239.34,235.78,236.98,9502100
1731335400,240,242.1,239,239.29,9017079
1731421800,240.55,241.46,238.76,239.56,6860956
1731508200,240.58,244.09,240.31,241.16,11472557
1731594600,242.415,244.29,241.05,241.87,10172202
1731681000,241.46,246.42,241.46,245.31,11518836
1731940200,247.76,247.93,242.68,245.03,9052575
1732026600,242.25,245.1509,241.55,243.09,6792660
1732113000,244.4,244.61,238.64,240.78,9015290
1732199400,243.23,245.49,242.105,244.76,8783516
1732285800,243.61,249.15,243.0347,248.55,7997307
1732545000,249.59,254.31,249.06,250.29,10295350
1732631400,250.49,251,248.34,249.97,6212142
1732717800,249.35,251.19,248.771,249.79,5472265
1732890600,249.86,251.77,249.445,249.72,5494825
1733149800,249.55,250.25,245.03,246.25,8899741
1733236200,248.23,249.04,244.63,244.82,6657694
1733322600,244.7,245.345,242.23,243.4,7346265
1733409000,245.39,247.18,244.62,245.48,6572536
1733495400,245.7,247.74,244.84,247.36,5519738
1733754600,247.13,247.8699,243.76,243.81,7076466
1733841000,243.89,247.96,242.22,242.86,9108339
1733927400,244,244.27,242.18,243.53,7884442
1734013800,243,244.1,241.04,241.53,6113771
1734100200,242.07,242.715,239.1437,239.94,10392749
1734359400,240.61,240.67,237.52,239.58,9032044
1734445800,238.65,239.02,236.63,238.36,8083635
1734532200,239,239.07,229.53,230.37,11322358
1734618600,232.27,236.36,232.27,232.96,11790773
1734705000,231.92,239.21,231.5877,237.6,32348414
1734964200,236.07,238.62,234.88,238.39,8611528
1735050600,239.43,242.4922,239.07,242.31,3729092
1735223400,241.43,243.26,240.79,243.14,4452168
1735309800,242.72,243.39,240.04,241.17,5730607
1735569000,238.77,240.84,237.11,239.32,5723765
1735655400,240.05,241.4393,239.03,239.71,4870971
1735828200,240.92,243.276,239.45,240,9220914
1735914600,243.89,244.88,240.26,243.28,9491053
1736173800,243.695,245.69,240.58,240.85,9917836
1736260200,242.14,245.26,240.9,243.17,8753357
1736346600,242.75,244.25,240.5,243.13,8675284
1736519400,243.09,243.81,238.74,239.87,10256829
1736778600,239.67,244.54,239,244.21,10005315
1736865000,242.66,247.72,242.19,247.47,12407386
1736951400,250.4,253.6699,243.68,252.35,18448520
1737037800,254,257.035,252.33,254.27,15292348
1737124200,254.14,260.62,252.14,259.16,17678101
1737469800,260.07,264.25,259.5037,263.03,13712114
1737556200,262.9,263.38,260.25,262.84,9021914
1737642600,264.69,266.8599,263.81,265.95,10749681
1737729000,263.69,267.1,263.01,264.84,7666261
1737988200,264.17,265.97,262.26,265.9,7522258
1738074600,265.85,267.33,264.8301,267.14,7375391
1738161000,267.21,270.68,265.61,266.58,7684870
1738247400,268.63,269.7,266.6201,268.23,8753466
1738333800,269.23,270.82,266.96,267.3,7196268
1738593000,261.83,268.165,261.7009,266.81,8381361
1738679400,269.84,269.84,266.83,267.94,5625972
1738765800,268.91,270.64,268.33,270.43,5704431
1738852200,272.45,276.98,271.19,276.9,7264371
1738938600,277.27,278.55,274.715,275.8,6857875
1739197800,276.15,276.18,269.59,271.04,8627352
1739284200,270.26,276.22,269.66,274.99,7196376
1739370600,274.08,276.45,273.25,275.45,6683894
1739457000,275.5,276.97,273.81,276.32,8398667
1739543400,277.37,279.2334,276.45,276.59,5688627
1739889000,276.76,279.97,276.02,279.95,7919798
1739975400,278.38,280.25,277.22,279.25,7007248
1740061800,278.675,278.74,265.735,266.8,13846671
1740148200,268.32,269.1955,262.84,264.24,12835566
1740407400,265.49,267,258.61,261.34,10372751
1740493800,262.23,263,253.35,257.4,9608439
1740580200,257.16,260.9115,256.93,258.79,5943585
1740666600,260.18,263.64,257.86,259.05,8204447
1740753000,260.73,264.81,257.89,264.65,10467126
1741012200,264,266.32,257.82,260.62,9058307
1741098600,255.28,257.23,245.95,250.25,13465630
1741185000,251.25,253.05,247.83,251.53,7861424
1741271400,248.11,249.36,243.85,246.54,9983235
1741357800,245.23,246.72,239.42,242.28,20498734
1741613400,236.21,237.51,228.695,232.22,18887186
1741699800,231.745,233.32,226.69,229.14,18142995
1741786200,234,234.32,227.26,227.9,16054015
1741872600,229.3,229.5,224.23,225.19,16467851
1741959000,228.12,233.143,227.58,232.44,11962108
1742218200,231.18,235.6695,230.455,233.93,9586025
1742304600,234.32,236.17,233.52,234.97,10344866
1742391000,235.74,242.33,234.89,239.11,10120588
1742477400,236.56,241.76,236.2,239.01,8328513
1742563800,237.81,242.3,236.5,241.63,19326865
1742823000,245.48,248.69,244.41,248.06,9422650
1742909400,249.31,251.82,247.6247,251.13,9287694
1742995800,252.6,254.67,249.78,251.03,12785225
1743082200,249.525,250.64,247.18,248.12,8022517
1743168600,246.94,249.505,241.11,242.85,11978417
1743427800,239.41,245.86,237.3643,245.3,13602996
1743514200,242.62,245.69,240.8818,243.66,8054683
1743600600,241.6,247.245,241.46,245.82,7758750
1743687000,234.27,235.14,227.3,228.69,17188469
1743773400,215.305,217.7,208.93,210.28,27170689
1744032600,205.77,222.053,202.16,214.44,22914370
1744119000,223.52,227.8378,213.25,216.87,19485734
1744205400,212.5,237.48,211,234.34,24022350
1744291800,230,230.3499,220.1,227.11,18896440
1744378200,226.31,238.575,225,236.2,20284450
1744637400,237.1,239.78,233.6301,234.72,13017824
1744723800,236.1,238.65,232.82,233.13,10912883
1744810200,232,233.58,227.93,229.61,9322325
1744896600,230.8,234.34,230.55,231.96,9557946
1745242200,230.63,231.81,226.336,228.99,8716177
1745328600,231.98,235.99,231.37,235.59,10701399
1745415000,240.22,246.79,240,240.84,14126766
1745501400,239.74,245.4695,237.58,244.64,9055197
1745587800,244.65,245.62,241.75,243.55,8588564
1745847000,244.56,246.8437,240.84,243.22,7394297
1745933400,242.19,245.25,241.69,244.62,7216788
1746019800,241.21,245.22,238.43,244.62,12991699
1746106200,242.84,248.45,242.17,246.89,8689579
1746192600,251.26,253.6187,249.4629,252.51,7165044
1746451800,251.18,255.16,250.5901,252.56,5450744
1746538200,250,252.65,249,249.25,6369934
1746624600,249.85,252.45,248.83,249.39,8724267
1746711000,251.57,255.88,251.55,253.47,8320118
1746797400,254.5,255.51,252.34,253.08,5087639
1747056600,262.9,263.6,258.7,260.05,9603892
1747143000,261.03,263.67,260.39,263.01,8588961
1747229400,263,266.64,262.29,265.64,8643060
1747315800,266.97,269.52,264.76,267.49,9214641
1747402200,267.5,268.4593,264.71,267.56,8932912
1747661400,265.55,268.32,261.93,264.88,12145045
1747747800,262.52,266.66,262.3,265.68,8436337
1747834200,264.35,265.65,260.7263,261.04,7464045
1747920600,259.44,262.3,258.8687,260.67,6514113
1748007000,256.81,261.99,256.0001,260.71,6671841
1748352600,262.04,265.3,261.99,265.29,7506555
1748439000,266.24,266.72,262.9,263.49,5535408
1748525400,264.8,265.4099,262.53,264.37,5081992
1748611800,263.45,265.33,262.725,264,10977662
1748871000,263.02,265.03,261.9,264.66,6011165
1748957400,263.73,266.58,262.88,266.27,6998383
1749043800,265.92,267.12,264.18,264.22,5915710
1749130200,264.74,264.74,260.31,261.95,8179258
1749216600,264.33,266.65,264.26,265.73,7738134
1749475800,266,267.9,263.35,266.74,8285364
1749562200,265.88,268.9,265.85,268.6,7538135
1749648600,268.68,269.6199,265.7862,268.15,7434064
1749735000,266.86,268.29,265.14,268.24,6618026
1749821400,265.08,267.02,262.71,264.95,7098265
1750080600,267,271.73,266.85,270.36,8566019
1750167000,268.17,270.59,267.8,269.52,6739262
1750253400,270,277.72,269.72,273.96,9586440
1750426200,275.57,277.3,273.8119,275,13969674
1750685400,275.06,278.55,272.1128,278.27,8094559
1750771800,280.21,282.715,279.51,281.26,9267941
1750858200,281.5,284.28,280.91,284.06,6826901
1750944600,284.7,289.41,284.47,288.75,8942062
1751031000,285.81,288.6962,285.04,287.11,17868633
1751290200,290.4,292.65,288.92,289.91,12689156
1751376600,290.89,291.13,286.59,290.41,9338260
1751463000,292.04,292.822,289.7,292,8158692
1751549400,292.15,296.4,291.21,296,6541646
1751895000,295.25,296.04,290.08,291.97,8825732
1751981400,289.275,289.7,280.31,282.78,15440856
1752067800,287.18,287.195,282.48,283.16,11273801
1752154200,283,288.31,283,288.19,8413847
1752240600,285.52,287.38,283.655,286.86,7384674
1752499800,287.07,289.3,285.2556,288.7,9079941
1752586200,288,291.95,285.48,286.55,12526110
1752672600,288.4,290.73,283.01,285.82,9979768
1752759000,283.44,290.2965,283.44,289.9,8509504
1752845400,289.52,292.5,288.23,291.27,12217018
1753104600,291,294.18,290.58,290.97,7898141
1753191000,291.5,293.625,289.18,291.43,6717461
1753277400,292.84,296.99,292.55,296.76,7083510
1753363800,297.42,299.5899,296.2,296.55,7001242
1753450200,296.7,298.9,295.955,298.62,5918875
1753709400,297.66,299.43,296.82,298.28,5840417
1753795800,300,301.2931,296.2,297.04,7635719
1753882200,297.42,300.61,297.38,299.63,8061742
1753968600,299.14,300.975,295.5,296.24,14749652
1754055000,290.4,291.795,284.2376,289.37,12007111
1754314200,290.26,294.32,290.26,294.26,6649542
1754400600,294.69,295.785,287.24,291.37,7182333
1754487000,292.3,293.29,290.16,291.35,6330155
1754573400,292.94,293.46,286.41,286.94,8057109
1754659800,288.98,291.23,284.706,288.76,6634506
1754919000,289.4,291.32,288.78,289.56,5510113
1755005400,291.5,294.75,290.34,292.85,8572034
1755091800,293.95,294.55,287.16,290.53,8420407
1755178200,290.58,294.2,289.6391,294.16,6322381
1755264600,294.84,295.5,289.82,290.49,7340518
1755523800,290,291.9,288.41,291.53,5386856
1755610200,290.83,292.48,289.53,290.66,6031520
1755696600,290.81,293.33,287.27,292.24,7374244
1755783000,291.94,292.7661,289.4725,291.47,6624161
1755869400,293.2,297.16,290.13,296.24,8552847
1756128600,296.24,297.3475,294.14,294.9,5856258
1756215000,294.16,298.74,293.5001,298.57,6714749
1756301400,297.25,301.07,297.04,299.28,6056513
1756387800,300.025,301.2399,298.7,301.07,6410535
1756474200,302.04,302.95,299.73,301.42,6796380
1756819800,300.26,300.455,294.5,299.7,7221855
1756906200,300.57,300.57,296.38,299.51,6316911
1756992600,300,304.43,298.28,303.82,6605797
1757079000,303.65,305.15,294.31,294.38,9837709
1757338200,294.89,296.46,291.44,292.91,8188506
1757424600,292.6,299,292.31,297.85,7848196
1757511000,296.7,301.54,295.4,300.54,7787303
1757597400,301.24,305.73,300.7925,305.56,7942489
1757683800,305,307.55,303.695,306.91,6846674
1757943000,307.17,309.95,307.17,308.9,7122015
1758029400,310,310.9,307.1347,309.19,10525594
1758115800,310.39,312.91,308.7722,311.75,8657765
1758202200,311.79,313.44,309.61,313.23,8050671
1758288600,313.6,315.8,309.12,314.78,23568551
1758547800,309.8,313.7,309.555,312.44,7520190
1758634200,311.815,316.3141,310.58,312.74,8584420
1758720600,314.05,316.5773,311.665,313.42,7310513
1758807000,314.12,315.65,311.8,313.45,7083198
1758893400,314.9,317.81,313.704,316.06,7258136
1759152600,317.06,318.01,313.66,315.69,6462442
1759239000,316.25,317.41,310.11,315.43,11823315
1759325400,313.97,314.59,307.41,310.71,9235211
1759411800,310,310.56,306.14,307.55,7599973
1759498200,308.51,311.66,308.21,310.03,6029854
1759757400,310.18,311.7474,305.1301,309.18,7214502
1759843800,309.35,310.01,304.7,307.69,8454217
1759930200,308.21,308.7832,303.55,304.03,6489883
1760016600,305.05,308.035,303.3947,305.53,7060332
1760103000,305.66,310.47,300.81,300.89,8597384
1760362200,305.6,309.46,305.45,307.97,10788680
1760448600,305.84,307,294.21,302.08,16178755
1760535000,306.39,312.1199,305.44,305.69,11354778
1760621400,305.35,308.6799,297.07,298.54,10549447
1760707800,299.16,299.55,294.2,297.56,10153454
1760967000,298.5,303.69,298.1601,302.36,6894943
1761053400,301.66,304.05,297,297.09,7372671
1761139800,297.77,298.0599,290.5448,294.11,8054115
1761226200,294.38,296.3699,292.51,294.54,5438810
1761312600,296.08,302.6,295.45,300.44,7228330
1761571800,302.16,304.53,301.01,304.15,5642222
1761658200,304.86,307.9674,303.16,305.36,6335993
1761744600,303.51,308.245,303.01,305.51,7520324
1761831000,305.79,312.61,305.1,309.44,7514556
1761917400,308.54,312.87,307.25,311.12,7721297
1762180200,311,312.32,306.21,309.35,7770040
1762266600,306.71,312.22,305.1,309.25,7085164
1762353000,309.61,313.1,305.63,311.68,6865198
1762439400,310.99,314.84,310.26,313.42,7206111
1762525800,311.89,314.43,307.642,314.21,7302347
1762785000,315,319.555,314.21,316.89,5794505
1762871400,317.5,319.05,315.28,315.62,5030216
1762957800,316.26,322.25,316.21,320.41,10578266
1763044200,319.23,320.6325,309.1,309.48,8973258
1763130600,307.51,307.64,301.23,303.61,10326983
1763389800,304,305.59,297.6714,300.37,8344046
1763476200,299.5,302.945,297.02,299.41,8077315
1763562600,299.74,304.4499,299.265,303.27,5546555
1763649000,306.34,309.92,298.16,298.38,7501582
1763735400,301.29,301.68,292.8101,298.02,11766810
1763994600,298.24,299.82,294.51,298,10940186
1764081000,300.05,304.5,295.56,303,8877188
1764167400,305,308.525,303.2,307.64,7910851
1764340200,309.1,313.72,308.24,313.08,4322448
1764599400,312.95,314.04,308.54,308.92,7727324
1764685800,308.74,310.48,307.09,307.88,7249043
1764772200,307.2,312.36,306.8,312.13,8535260
1764858600,313.26,318.49,313,316.1,9627834
1764945000,315.64,318.48,314.68,315.04,6518908
1765204200,315.06,316.47,313.3501,315.21,7417191
1765290600,314.95,318.8,300.02,300.51,18049223
1765377000,300.5,311.19,298.46,310.11,18874092
1765463400,309.24,318,309.24,317.38,9721859
1765549800,319.68,320.27,316.6013,318.52,8982911
1765809000,319.59,322.88,318.39,320.02,10864122
1765895400,319.09,319.52,314.4,315.55,8331336
1765981800,318.43,319.37,314.66,314.98,8718653
1766068200,316,317.7,312.22,313,11444909
1766154600,313.79,318.56,313.19,317.21,24494412
1766413800,317.51,323.23,317.51,323.09,8354588
1766500200,323.61,327.78,323.09,325.93,6668305
1766586600,326.24,329.99,325.5014,329.17,4289306
1766759400,329.11,330.86,326.54,327.91,4158293
1767018600,327,327.77,323.53,323.75,8635338
1767105000,324.81,324.94,322.49,323.52,7904263
1767191400,324.34,324.875,322.04,322.22,5048531
1767364200,322.5,325.73,320.74,325.48,8054040
1767623400,325.5,337.25,325.19,334.04,10752627
1767709800,332.62,335.87,330.65,334.67,7660787
1767796200,331.14,332.1499,324.6,326.99,9815240
1767882600,326.39,331.4,325.65,329.79,11737068
1767969000,329.34,331.9,328.17,329.19,6738143
1768228200,321.884,326.02,321.23,324.49,12805062
1768314600,324.3,326.86,310.572,310.9,19371171
1768401000,308.2,311.76,306.12,307.87,25951464
1768487400,308.47,312.94,307.75,309.34,14751447
1768573800,310.35,317.21,310,312.47,14652508
1768919400,306.21,311.15,301.86,302.74,12900620
1769005800,303.425,305.4,301.15,302.04,10270144
1769092200,304.86,308.2,302.9,303.63,10535822
1769178600,302,302.37,296.51,297.72,11107925
1769437800,297.81,301.775,297.45,301.04,11752666
1769524200,301.33,301.97,298.15,300.31,11527448
1769610600,300.27,301.92,298.05,300.77,9556743
1769697000,302.4,306.83,302.215,306.42,11579987
1769783400,305.25,307.93,302.555,305.89,11953180
1770042600,304.46,309.3,301.37,308.14,9839360
1770129000,309.73,316.25,309.095,314.85,12687963
1770215400,314.405,319.305,314.405,317.27,9848802
1770301800,315,316.01,305.54,310.16,9387999
1770388200,314.71,324.245,314.71,322.4,17797443
1770647400,321.34,326.4,320.1149,322.1,11477473
1770733800,322.55,326.125,315.1201,318.24,9902224
1770820200,323.24,325.28,308.7301,310.82,8703519
1770906600,312.275,313.615,300.02,302.64,13443363
1770993000,298.52,304.29,296.52,302.55,9114526
1771338600,302.76,308.24,302.5,307.13,8896753
1771425000,308.46,312.28,307.22,308.78,7209556
1771511400,307.17,309.18,305.12,308.05,6737705
1771597800,308.4,311,305.68,310.79,7792735
1771857000,308.8,311,295.1,297.67,12955428
1771943400,296.82,299.75,291.38,297.3,13554127
1772029800,298.64,303.6599,297.01,303.3,8095520
1772116200,304.58,309.01,303.64,306.13,7007804
1772202600,300,302.95,294.45,300.3,18620786
1772461800,294.81,299.9799,293.21,297.56,8508910
1772548200,292.285,302.39,289.5,300.26,10278216
1772634600,299.99,301,295.82,299.39,8055673
1772721000,297.98,301.24,292.43,293.55,12732488
1772807400,286.34,289.99,283.71,289.48,13496526
1773063000,285.5,291.0999,280.45,289.92,12241052
1773149400,289.29,292.75,287.18,288.73,8344876
1773235800,288.81,290.4825,284.86,287.52,10204994
1773322200,282.83,283.88,279.1,282.89,13760505
1773408600,284.665,287.19,282.95,283.44,9091183
1773667800,286.34,289.2699,284.61,286.16,8149008
1773754200,289,291.76,285.95,286.89,8961193
1773840600,286.83,289.405,285.1223,287.74,10057039
1773927000,286.88,289.51,284.62,287.97,9846696
1774013400,288.08,290.71,285.27,286.56,22436493
1774272600,294.31,295.75,287.97,289.91,11470841
1774359000,286.17,295.48,285.3701,292.4,11092328
1774445400,294.15,297.64,292.44,295.42,12188164
1774531800,292.58,294.9899,290.73,291.66,8669196
1774618200,289.14,290.11,281.75,282.84,9873292
1774877400,284.74,287.25,282.33,283.77,11734351
1774963800,288.47,295.072,284.945,294.16,12956879
1775050200,295.39,298.72,292.91,295.38,11267167
1775136600,291.91,295.62,288.72,294.6,6669252
1775482200,294.06,296.83,293.195,295.45,7142621
1775568600,293.14,298.18,292.6982,297.4,7849083
1775655000,307.97,311.26,305.33,307.97,10590165
1775741400,306.95,311.26,306.11,310.33,6586601
1775827800,310,310.35,306.72,309.87,6069693
1776087000,307.47,313.74,305.4571,313.68,8318221
1776173400,309.82,314.32,308.87,311.12,11455513
1776259800,313.95,314.24,304.26,305.93,9885824
1776346200,305.35,309.95,305.2,309.95,8208612
1776432600,312.47,314.9,310.09,310.29,11082391
1776691800,310.85,317.13,310.37,316.99,10772003
1776778200,317.49,320.235,312.75,313,7084264
1776864600,314.85,315.1486,311.9404,313.02,5545909
1776951000,313.52,314.99,308.89,311.69,6969656
1777037400,311.15,311.15,307.89,308.28,5215321
1777296600,306.88,312.58,306.88,311.63,7925317
1777383000,315.2,315.45,311.17,311.45,7398596
1777469400,310.57,312.045,307.29,309.25,8031805
1777555800,307.07,314.1,306.57,313.23,8865387
1777642200,313.95,316.08,311.83,312.47,6135359
1777901400,310.62,310.65,306.51,307.65,7338179
1777987800,307.71,310.97,306.8,309.4,6316845
1778074200,311.45,316.2595,311.35,314.9,8629538
1778160600,314.65,316.3,306.14,306.27,8359599
1778247000,308.25,308.99,300.5,302.1,9464267
1778506200,302.1,303.19,298.88,300,9511957
1778592600,300.02,306.0624,295.55,304.88,9498214
1778679000,302.27,303,300.0709,300.25,7709525
1778765400,302.25,303.7504,298.81,299.91,7364315
1778851800,300.205,300.79,296.45,297.81,8699281
1779111000,298,301.26,297.22,300.73,7546296
1779197400,301.09,301.79,295.26,295.7,8066927
1779283800,296.7,302.925,293.67,301.98,9327002
1779370200,301.23,303.975,300.21,303,7874388
1779456600,304.68,307.45,303.84,306.38,5978568
1779802200,308.49,309.93,305.44,306.74,7731840
1779888600,305,305.9,295.75,299.28,11785439
1779975000,297.57,301.07,295.75,296.73,9766204
1780061400,296.4,299.88,295.195,299.31,13973665
1780320600,297.69,299.55,295.27,296.58,7929978
1780407000,296.5,302.07,295.27,300.96,8296234
1780493400,299.92,301.96,296.56,300.85,7003935
1780579800,305.74,312.91,304.44,310.89,10345161
1780666200,314.29,315,309.6,312.37,9118778
1780925400,313.25,316.295,310.78,311.11,6827027
1781011800,313.51,316.415,309.01,312.7,11594550
1781098200,312.56,314.75,309.03,309.14,7446218
1781184600,309.56,314.72,308.88,313.49,9116617
1781271000,315.97,321.3,315.55,320.72,7426164
1781530200,323.92,325.92,318.84,319.4,7988879
1781616600,324.3,331.75,324.02,331.14,11094894
1781703000,332.18,337.77,331.5,333.46,12246449
1781789400,336.95,338.09,324.16,325.22,20111030
1782135000,329.7,332.77,326.75,331.48,10182506
1782221400,329.47,335.37,327.21,334.14,7582217
1782307800,333.07,334.53,329.77,333.45,7907442
1782394200,334.96,343.4485,334.76,335.12,10049358
1782480600,336,336.4,327.5,329.05,17640907
1782739800,328.28,332.39,327.2,329.39,7981795
1782826200,328.89,330.4372,326.68,327.33,8080064
1782912600,328.365,335.64,325.01,334.07,15210192
1782999000,338.02,340,331.77,334.47,8415407
1783344600,335,339.715,334.11,337.72,8673530
1783431000,340.975,341.4,337.09,339.22,7115819
1783517400,336.53,336.53,330.13,330.62,18505243
1783603800,331.46,337,330.8053,335.47,15570588
1783690200,337.47,338.5859,335.77,336.47,6299028
1783949400,338.34,338.35,332.5001,334.53,7120251
1784035800,327,344.73,325.75,342.89,14537914
1784122200,345.845,351.24,344.05,346.91,10749985
1784208600,349.28,349.34,341.11,343.15,12432392
1784295000,339.03,346.125,335.05,341.1,9250854
1784554200,341.8,344.26,337.37,338.87,7723269
1784640600,340.115,345.735,337.3,345.23,6015334
1784727000,345.07,349.07,344.2501,348.21,8040220
1784813400,346.58,349.92,345.42,349.9,10913025
1784899800,350.64,353.37,347.5,353.21,7520829
1785159000,357.89,359.05,352.58,356.2,7888760
1785245400,357.3,359.3,354.15,357.31,6538299
1785331800,356.5,357.37,343.78,344.71,8272605
1785418200,347.54,352.28,345.37,350.85,7607701
1785504600,353.3,354.47,349.7,351.79,6603422
1785763800,353.75,355.62,350.84,352.64,6436597
1785850200,355,363,353.873,357.52,8477203
1785936600,358.97,362.17,358.2,359.24,5269490
1786023000,362.81,362.81,354.945,356.3,5820107
1786109400,355.76,358.8543,353.33,357.52,4566210
1786368600,357.96,359.99,356.5,359.79,5327471
1786455000,360.05,363.12,358.6,362.04,4576473
1786541400,362.97,366.09,361.3,365.18,4366754
1786627800,366.5,366.5,361.52,363.11,5102686
1786714200,363,365.9,361.45,362.84,5058591
1786973400,361.94,365.75,360.96,360.96,5282595
1787059800,362.34,363.57,359.27,363.25,5525081
1787146200,363.01,363.05,355.645,357.26,6696210
1787232600,357.6,357.95,351.55,351.55,6799673
1787319000,354.07,356.86,350.3666,351.58,8112130
1787578200,353.3,358.28,352.815,356.39,4397594
1787664600,357,357.37,353.0737,356.69,4298730
1787751000,356.5,358.35,354.6001,356.5,5802515
1787837400,354.68,357.57,352.225,354.22,5214828
1787923800,355.67,358.73,354.22,357.62,3916485
1788183000,355.9,357.77,354.7701,356.02,7964106
1788269400,355.73,359.93,354.12,354.95,5079819
1788355800,357.55,361.47,353.79,356.22,5343789
1788442200,358.675,362.85,356.39,362.06,5416619
1788528600,361,362.86,355.2,358.64,4875394
1788874200,357.1,358.55,353.23,353.51,5633145
1788960600,352,356.33,348.69,354.71,6319796
1789047000,353.51,354.22,351.12,353.56,4186391
1789133400,358.32,360.05,354.79,356.23,5355273
