t,o,h,l,c,v
1412688600,65.13,65.19,64.1,64.22,6157394
1412775000,63.85,65.26,63.4,65.24,3411236
1412861400,64.94,65.38,64.29,64.3,3632078
1412947800,64.02,65.108,63.83,64.15,3281404
1413207000,64.06,64.52,63.23,63.28,4030303
1413293400,63.75,63.94,62.77,63.14,4432881
1413379800,61.91,63.14,60.58,62.87,6814121
1413466200,62.02,62.55,61.1,61.9,5488362
1413552600,62.45,62.81,61.9,62.58,5329368
1413811800,62.63,63.1,62.4,63.1,2900656
1413898200,63.41,64.75,63.41,64.68,3478248
1413984600,64.59,65.3,64.58,64.68,4301888
1414071000,64.27,65.2,63.78,64.35,6349346
1414157400,64.58,66.24,64.4,66.05,4784720
1414416600,65.94,66.62,65.79,66.2,4112528
1414503000,66,66.1,63.74,64.83,8990971
1414589400,65,65.97,64.78,65.49,6205970
1414675800,65.4,66.98,65.3101,66.8,4134860
1414762200,67.3,67.43,65.91,66.33,4471929
1415025000,66.05,66.66,66.03,66.54,3448370
1415111400,66.88,67.23,66.45,67.17,4057953
1415197800,67.42,67.61,66.76,66.99,3073881
1415284200,67.03,67.23,66.65,66.96,3091816
1415370600,66.82,66.93,66.25,66.6,3796776
1415629800,66.82,68.42,66.42,68.35,4438084
1415716200,68.35,68.67,67.805,67.85,5285285
1415802600,67.35,67.845,67.02,67.4,4499431
1415889000,67.68,68.16,67.405,67.68,3292719
1415975400,67.68,67.72,67.12,67.33,2333268
1416234600,67.07,67.35,66.94,67.29,3309283
1416321000,67.19,68,67.01,67.78,3705553
1416407400,67.66,67.66,66.91,67.21,3126033
1416493800,66.96,67.08,66.56,66.8,2467579
1416580200,67.45,67.5,67.03,67.36,5892030
1416839400,67.61,67.665,66.85,66.93,4574094
1416925800,66.86,67.22,66.751,66.85,4380001
1417012200,67.03,67.39,66.89,67.32,2372935
1417185000,67.73,68.55,67.6,68.12,2237833
1417444200,67.97,68.765,67.6,68.51,4669454
1417530600,68.63,70.77,68.59,70.38,8413446
1417617000,70.28,71.16,70,71.13,6423409
1417703400,70.98,72.435,70.84,72.38,6519237
1417789800,72.09,72.21,71.68,71.85,5787520
1418049000,71.97,72.86,71.82,72.83,4915119
1418135400,72.18,72.26,71.53,72.21,3794613
1418221800,71.9,72.2,71,71.05,4117586
1418308200,73.63,75.1,71.54,71.61,10901483
1418394600,71.46,71.65,69.47,69.55,7844392
1418653800,69.68,70.72,69.42,69.67,5718844
1418740200,69.39,71.35,69.03,69.26,4926442
1418826600,69.56,70.7,69.23,70.28,5516016
1418913000,71.2,72.48,70.91,72.45,5875562
1418999400,72.24,72.66,71.33,72.4,8311266
1419258600,70.94,71.59,70.25,71.42,4622855
1419345000,71.67,71.73,69.01,69.74,4776553
1419431400,70.04,70.71,70.04,70.16,1507770
1419604200,70.29,70.99,70.261,70.39,1438221
1419863400,69.92,70.39,69.8878,70.1,1739618
1419949800,69.88,70.16,69.44,69.64,2726083
1420036200,69.94,70.5,68.93,68.99,2490989
1420209000,69.77,70.8199,69.72,70.06,3146155
1420468200,69.73,70.09,69.15,69.37,4845547
1420554600,69.92,70.91,69.2,69.72,5127426
1420641000,70.03,70.529,68.45,69.23,9042973
1420727400,70,71.49,69.66,70.87,7472181
1420813800,70.03,70.11,69.01,69.93,8141699
1421073000,70.22,70.61,69.28,69.42,5797635
1421159400,70.07,70.8,68.81,69.38,3364784
1421245800,68.77,69.88,68.71,69.76,3376087
1421332200,70.44,71.27,69.73,69.74,4054993
1421418600,69.59,70.88,69.44,70.68,4263309
1421764200,70.87,72.0957,70.87,72.03,6163325
1421850600,71.62,72.5,71.11,72.24,5195883
1421937000,72.69,72.695,71.64,72.46,4582818
1422023400,72.46,72.86,72.05,72.13,2903225
1422282600,71.86,72.17,71.06,72.11,3466643
1422369000,71.76,72.14,71.45,71.73,3661642
1422455400,72.11,72.38,70.76,70.97,3105294
1422541800,70.97,72.16,70.42,72.11,4416774
1422628200,73.02,73.47,71.58,72,6720105
1422887400,71.87,72,70.23,71.69,6274504
1422973800,71.59,71.64,69.85,70.89,6811485
1423060200,70.23,70.49,69.77,70.22,5376408
1423146600,70.7,71.57,70.68,71.41,3846977
1423233000,71.16,71.39,70.235,70.36,3246009
1423492200,70,70.26,69.38,69.61,3771228
1423578600,70.11,70.56,69.89,70.5,6887963
1423665000,70,70.62,69.6966,69.95,3456378
1423751400,70.19,70.55,69.83,70.53,3383464
1423837800,70.69,70.89,70.19,70.56,2692385
1424183400,70.41,71.625,70.3,71.56,3971629
1424269800,71.41,71.45,70.2,71.01,3800044
1424356200,70.83,71.29,70.7721,71.12,2337021
1424442600,70.97,71.96,70.27,71.88,3461776
1424701800,71.81,71.92,70.71,71.09,3378585
1424788200,71,71.5,70.51,70.9,3158601
1424874600,70.87,70.87,70.05,70.36,3029749
1424961000,70.17,70.31,69.54,70.03,4544903
1425047400,69.95,70.5,69.91,70.17,3353235
1425306600,70.16,71.14,70.16,71.12,3815118
1425393000,71.12,71.15,70.09,70.37,4137279
1425479400,70.01,70.82,69.81,70.65,3005143
1425565800,70.74,71.09,70.4,70.59,3465948
1425652200,70.26,70.26,68.31,68.41,5880780
1425907800,68.74,69.74,68.42,69.58,5848027
1425994200,69.12,69.43,68.55,68.78,3664855
1426080600,68.89,69.33,68.411,68.46,3424474
1426167000,68.75,69.63,68.54,69.56,2724035
1426253400,69.41,70.05,69.139,69.89,3223780
1426512600,70.27,71.395,70.18,71.07,3922290
1426599000,70.71,71.26,70.335,70.84,2572519
1426685400,70.9,74.17,70.69,73.54,6436170
1426771800,73.26,74.58,72.59,74.22,7051185
1426858200,75.22,76.2,74.54,76.12,10713857
1427117400,76.02,77.46,75.95,76.36,6284369
1427203800,76.27,76.7,75.365,75.56,5111636
1427290200,75.66,76.48,74.36,74.36,5431622
1427376600,74,74.35,73.42,73.44,4023488
1427463000,73.62,73.99,73.2,73.58,4171638
1427722200,74,74.2,73.67,73.87,3370676
1427808600,73.35,73.98,72.65,72.65,4347972
1427895000,72.92,72.9695,71.07,71.53,5875832
1427981400,71.46,71.78,70.53,71.24,3781771
1428327000,71.13,71.71,70.84,71.31,3936936
1428413400,71.25,72.08,71.18,71.7,3128125
1428499800,71.92,72.28,71.54,72.15,3215367
1428586200,72.22,72.56,71.9,72.36,2595768
1428672600,72.5,73.98,72.25,73.92,3956443
1428931800,73.28,73.64,73.11,73.52,4351469
1429018200,73.3,73.75,73.1,73.46,3950577
1429104600,73.54,74.02,73.3,73.71,4358672
1429191000,73.61,74,73.39,73.49,2880028
1429277400,73.01,73.2,71.96,72.47,4386676
1429536600,73,73.26,72.295,72.41,2540441
1429623000,72.98,73.12,72.06,72.21,4048368
1429709400,72.47,72.47,71.88,72.3,3506094
1429795800,72.88,72.94,71.07,72.4,5448691
1429882200,72.22,72.43,71.26,71.58,3816293
1430141400,71.93,72.17,70.63,70.89,5328390
1430227800,70.62,71.28,70.2,71.18,4557987
1430314200,71.86,72.82,71.84,72.28,6789580
1430400600,71.96,72.605,71.43,71.87,5479276
1430487000,72.26,73.33,71.25,73.12,6533359
1430746200,73.25,73.59,72.85,73.05,4040680
1430832600,72.83,72.97,71.82,71.91,3735944
1430919000,71.97,72.28,71.5404,72.05,3567635
1431005400,71.75,72.29,71.715,71.82,3628081
1431091800,72.5,73.7,72.5,73.26,3713259
1431351000,73.26,73.99,73.19,73.47,2958556
1431437400,73.14,73.14,72.31,72.44,3152768
1431523800,72.76,73.23,72.485,72.8,2682120
1431610200,72.68,73.22,72.43,73.06,3364320
1431696600,73.23,73.421,72.59,72.9,3464436
1431955800,73.05,73.09,72.62,72.94,2161951
1432042200,72.82,73.5801,72.63,73.45,3548349
1432128600,73.45,73.69,73.18,73.36,1980264
1432215000,73.34,74.35,73.18,74.27,3288196
1432301400,74.05,74.33,73.87,74.3,3023455
1432647000,73.96,74.37,73.82,74.31,4194593
1432733400,74.36,74.985,74.14,74.9,2901144
1432819800,74.8,76.48,74.74,76.41,4823625
1432906200,76.15,79.55,76.02,78.9,11917006
1433165400,78.92,79.85,78.78,79,4866506
1433251800,78.76,78.76,77.51,77.95,4467656
1433338200,78,78.17,77.28,77.83,3270783
1433424600,77.34,78.6,77.33,77.68,3786541
1433511000,77.56,78.26,76.99,78.12,2788911
1433770200,77.98,78.85,77.83,78.52,6065922
1433856600,78.37,82.89,78.01,82.77,10109116
1433943000,81.99,83.49,81.3099,83.18,13169403
1434029400,83.11,87.24,83.08,86.59,16740826
1434115800,85.89,86,83.09,84.21,12630477
1434375000,83.57,84.61,83.09,84.08,5462684
1434461400,83.91,85.32,83.63,84.78,5694510
1434547800,84.68,84.68,83.0101,83.53,5968167
1434634200,83.89,84.37,82.75,83.04,7251541
1434720600,82.47,83.21,82.32,82.63,6906964
1434979800,83.3,83.44,82.85,82.92,3537136
1435066200,83.75,83.75,82.45,82.67,3643465
1435152600,82.5,83.08,82.26,82.26,4212053
1435239000,84.16,86.9,84.08,84.8,9630071
1435325400,85.19,85.93,84.58,85.85,14369757
1435584600,85.35,85.58,83.73,83.78,4441878
1435671000,84.5,84.57,83.385,83.49,4261232
1435757400,83.8,84.96,83.6,84.85,3629052
1435843800,85.21,86.24,84.69,86.14,5128085
1436189400,85.31,86.44,85.25,86.35,5062868
1436275800,86.64,88.78,86.0601,88.73,6912265
1436362200,88.27,88.5,87.17,87.25,5330041
1436448600,88,88.31,86.9,87.48,4767588
1436535000,88.3,88.46,87.7,88.29,4471173
1436794200,89.14,90.18,88.67,88.82,5940508
1436880600,89.05,89.1,87.85,88.76,6028749
1436967000,87.79,88.17,86.1,86.38,6615885
1437053400,86.8,87.46,86.58,87.17,5578027
1437139800,87,87.435,86.62,87.37,4430068
1437399000,87.7,87.92,87.27,87.87,4320467
1437485400,87.58,87.69,85.52,85.57,8065318
1437571800,83.32,86.8,81.5,86.38,12677755
1437658200,89.06,89.87,85.62,86.76,5258534
1437744600,86,86.21,84.16,84.72,3460289
1438003800,84.5,84.61,83.34,84.15,5420647
1438090200,84.71,85.7,84.5,85.68,3027811
1438176600,85.91,85.99,84.71,85.09,2711842
1438263000,84.26,84.97,83.975,84.54,3867841
1438349400,84.88,85.255,84.38,84.51,4113617
1438608600,84.81,85,83.53,84.14,4815748
1438695000,84.49,84.99,83.85,84.05,2848178
1438781400,84.68,85.08,83.97,84.73,3776772
1438867800,85.14,85.14,81.24,82.7,3866491
1438954200,82.5,82.69,80.65,82.27,4545326
1439213400,82.82,83.77,82.44,83.51,3211620
1439299800,82.81,83.75,82.73,83.54,3205573
1439386200,82.71,83.5,81.64,83.38,2870245
1439472600,83.2,83.75,82.89,83.03,2253924
1439559000,82.91,83.95,82.79,83.91,2280244
1439818200,83.26,83.78,82.93,83.47,2814715
1439904600,83.83,83.99,83.23,83.39,2241397
1439991000,83.14,84.5318,82.57,83.77,2651346
1440077400,86.86,88.95,85.81,87.33,10887657
1440163800,86.98,87.7,84.53,84.53,8320004
1440423000,81.6,82.964,79.5,80.73,8620731
1440509400,82.19,82.6,77.86,78.26,6439046
1440595800,79.88,81.3,77.77,81.1,7217763
1440682200,81.79,84.04,81.71,83.74,4703371
1440768600,83.74,84,82.77,83.19,4861447
1441027800,83.41,84.42,82.05,82.35,3445314
1441114200,80.25,81.25,79.4,79.8,4300485
1441200600,80.71,81.83,80.3,81.81,3257865
1441287000,82.05,82.86,81.34,81.6,3227676
1441373400,80.64,81.11,79.68,80.32,3416402
1441719000,81.46,82.975,81.26,82.88,2643642
1441805400,83.45,83.5,80.89,81.09,2839556
1441891800,81.12,81.67,80.5,80.84,3667668
1441978200,80.65,81.85,78.74,81.8,3645932
1442237400,81.92,82.28,81.28,81.89,3197225
1442323800,82.43,83.36,82.11,82.96,3532562
1442410200,84.1,84.53,82.61,84.45,3844983
1442496600,84.47,92.85,84.28,89.98,16918092
1442583000,90.7,91.45,88.38,88.49,11578013
1442842200,89.1,89.81,87.11,87.59,6644099
1442928600,86.82,87.98,86.62,87.8,5059529
1443015000,88,88.42,86.575,86.69,4863319
1443101400,86.45,86.54,85.08,85.35,5693539
1443187800,86.24,86.43,83.229,84.06,5794880
1443447000,83.68,83.86,78.5,79.74,8295079
1443533400,80.37,82.2,79.19,80.28,7315239
1443619800,81.53,83.77,81.5,83.69,6780650
1443706200,83.6,85.32,83.4,85.18,5350444
1443792600,84.16,87.55,83.59,87.52,5616559
1444051800,88.08,88.48,85.595,86.57,5298248
1444138200,86.39,86.5049,82.08,84.17,5521178
1444224600,84.3,84.85,82.4,83.99,5131882
1444311000,83.15,83.99,81.79,83.77,4595447
1444397400,85.33,86.57,85,86.14,5115109
1444656600,78.58,80.75,78.3,79.44,26477392
1444743000,79.79,81.25,79.54,79.62,10104709
1444829400,80.97,82,79.05,79.25,9495450
1444915800,79.34,80.08,78.81,79.86,6408613
1445002200,80.58,81.53,79.96,81.51,5519788
1445261400,81.13,81.3,79.47,80.25,5869929
1445347800,80.15,80.34,77.625,77.79,7458024
1445434200,78.23,78.38,75.92,77.01,8972478
1445520600,77.22,77.84,75.16,76.98,10075460
1445607000,77.55,79.08,77.27,78.31,5679211
1445866200,78.31,79.8625,77.7733,79.11,4755216
1445952600,79.5,80.95,79.5,80.91,4771583
1446039000,81.2,83.1,80.39,83.07,5710349
1446125400,82.3,83.57,81.29,82,5158560
1446211800,82.08,82.55,81.57,81.57,4044278
1446474600,81.14,82.18,80.81,82.04,3473936
1446561000,82.23,82.54,81.13,81.67,4826051
1446647400,82.15,82.15,80.9271,81.05,3401909
1446733800,81,81.4,79.66,80.61,3787191
1446820200,80.3,80.59,78.44,80.46,6082570
1447079400,80.03,80.29,78.58,79.36,4160242
1447165800,78.71,80.32,78.71,80.06,3302610
1447252200,80.1,81.28,79.97,80.7,3323442
1447338600,80.55,80.76,79.8,79.86,3647843
1447425000,79.66,80.27,79.18,79.55,3638556
1447684200,80,81.255,79.98,81.23,3318932
1447770600,80.93,82.43,80.63,81.3,3012797
1447857000,81.49,83.755,81.39,83.65,3916618
1447943400,83.2,83.88,82.725,83.72,3156077
1448029800,84.3,85.5,84.11,84.47,4251456
1448289000,84.5,84.92,84.12,84.74,4033055
1448375400,83.56,84.32,83.05,83.88,3431294
1448461800,83.88,84.42,83.55,83.74,2529703
1448634600,83.77,84.25,83.6,83.65,1253753
1448893800,83.76,84.03,82.04,82.04,6563306
1448980200,84.21,86.53,83.34,86.5,7368925
1449066600,86.26,86.73,84.42,84.56,4444794
1449153000,84.65,84.84,82.56,83.06,3669847
1449239400,83.47,87.28,83.43,86.62,6987575
1449498600,87.45,88.16,85.89,86.38,4379047
1449585000,85.62,87.67,85.565,86.41,4761004
1449671400,86.02,86.32,83.57,83.86,5479503
1449757800,84.23,85.51,83.36,84.91,3667232
1449844200,83.8,84.38,83.12,83.29,3738162
1450103400,83.36,84.71,82.97,84.68,5208748
1450189800,85.18,85.98,85.02,85.52,3975544
1450276200,86,86.58,84.05,86.29,2983581
1450362600,86.75,87.205,86.2,86.22,3928182
1450449000,85.57,85.98,84.77,84.77,5821341
1450708200,85.72,86.45,85.15,86.04,3742424
1450794600,86.27,86.47,85.27,85.91,2446147
1450881000,86.36,86.87,86.13,86.2,2804151
1450967400,85.98,86.15,85.47,85.85,1486939
1451313000,85.58,85.7,84.89,85.49,2031745
1451399400,85.84,86.87,85.6,86.25,2097692
1451485800,86.45,87.1,86.14,86.2,1969818
1451572200,85.72,85.75,84.08,84.26,3178502
1451917800,83.4,83.6,81.79,82.87,6907326
1452004200,82.9,85.4,82.87,84.11,7475266
1452090600,82.69,84.88,82.495,83.58,6628432
1452177000,81.63,82.81,80.83,81.41,5833185
1452263400,81.67,82.485,81.04,81.25,5880152
1452522600,81.3,81.92,78.83,80.27,4889341
1452609000,80.61,81,79.52,80.4,4329331
1452695400,80.74,80.8162,79.09,79.3,4628359
1452781800,79.28,82.73,78.62,82.54,8253667
1452868200,80.69,81.58,80.08,81.24,6674272
1453213800,82.31,84.8,81.96,83.23,9162279
1453300200,81.85,83.47,80.41,82.62,8354406
1453386600,82.56,82.62,80.59,81.4,4930961
1453473000,82.4,83.16,81.91,82.48,3456326
1453732200,82.5,83.2,81.62,81.71,2632771
1453818600,81.75,82.17,80.91,81.96,4583353
1453905000,81.61,83.25,80.96,81.76,4341902
1453991400,81.87,82.49,76.54,76.81,10128688
1454077800,77.36,79.42,77.23,79.1,7042494
1454337000,78.21,79.16,77.28,78.4,4056000
1454423400,77.66,78.3,76.09,76.3,4804168
1454509800,76.46,77.55,74.18,76.09,6966427
1454596200,75.95,76.53,73.44,74.28,6339465
1454682600,74.16,75.82,73.5501,74.32,6312782
1454941800,73.55,74.58,72.83,74.19,4348834
1455028200,73.43,74.96,72.72,73.74,5159999
1455114600,73.73,74.87,72.98,73.07,4748735
1455201000,72.2,72.63,70.83,71.42,5425363
1455287400,71.57,71.73,70.43,71.27,6332599
1455633000,71.95,73.42,71.93,73.33,4811314
1455719400,74.01,74.92,73.09,74.68,4000256
1455805800,73.42,74.55,73.16,73.47,5620449
1455892200,72.69,73.07,72.2,72.61,6650801
1456151400,72.91,73.64,72.1,73.01,5672641
1456237800,73.1,74.5,73.06,73.47,4411185
1456324200,73.33,74.28,72.64,74.1,3636052
1456410600,74.27,74.89,73.77,74.82,4307064
1456497000,75.42,75.79,73.41,73.6,4807828
1456756200,73.37,73.37,71.98,72,5730166
1456842600,72.63,72.81,71.86,72.74,4541719
1456929000,72.73,74.05,72.44,74.02,6738839
1457015400,73.8,73.89,72.58,73.25,4526493
1457101800,73.37,74.06,72.9,73.6,3481560
1457361000,73.17,73.96,72.8,73.4,3443068
1457447400,72.94,74.55,72.89,73,3278903
1457533800,73.51,73.94,73,73.54,2372034
1457620200,74,74.21,72.43,73.02,4419357
1457706600,73.47,74.95,73.19,74.65,3527202
1457962200,74.26,74.6,73.79,73.91,3201814
1458048600,71.65,72,69.6,71.24,13748156
1458135000,71.29,72.9,71.17,72.48,5287378
1458221400,72.23,72.35,67.88,69.06,15421557
1458307800,69.2,71.05,69.06,70.95,10131744
1458567000,70.8,71.05,69.84,70.25,5900051
1458653400,70.21,72.24,70.16,71.92,7655351
1458739800,72.17,72.23,70.91,71.17,3884445
1458826200,70.65,71.44,70.2,71.12,2892926
1459171800,71.35,71.465,70.38,70.62,2661901
1459258200,70.74,71.94,70.66,71.7,3814778
1459344600,71.98,72.33,71.07,71.78,3081028
1459431000,71.77,72.33,71.1,72.01,3680000
1459517400,71.6,73.7,71.53,73.42,4083598
1459776600,73.56,73.79,72.89,73.18,2796315
1459863000,72.78,73.65,72.48,73.04,3591779
1459949400,72.8,75.0601,72.8,74.76,5669094
1460035800,74.51,75.16,73.85,74.59,3724102
1460122200,75.28,75.28,73.86,74.39,3225341
1460381400,74.48,74.74,73.795,73.95,3351100
1460467800,73.78,75.29,73.53,74.57,2849823
1460554200,74.73,75.235,74.08,75.16,2341615
1460640600,75.3,75.83,74.795,75.63,3022081
1460727000,75.62,76.25,75.0901,75.53,3007480
1460986200,75.58,77.26,75.19,77.22,4089228
1461072600,77.58,78.5,76.64,77.25,3819609
1461159000,77.28,77.77,76.575,77.08,4049434
1461245400,77.17,78.1,76.91,77.37,3286571
1461331800,77.1,77.94,76.934,77.83,2697164
1461591000,77.46,78,77.15,77.94,3767105
1461677400,76.62,78.3,76.09,76.27,5347814
1461763800,76.52,77.16,75.82,76.51,3690949
1461850200,76.12,76.66,75.672,76.46,4382989
1461936600,76.51,76.51,75.1,75.53,3386635
1462195800,75.95,77.08,75.81,76.75,3572098
1462282200,76.34,76.65,75.5897,76.25,3270704
1462368600,75.17,75.62,74.6301,74.87,4176841
1462455000,74.72,75.39,74.55,75.27,3446378
1462541400,74.715,74.95,73.34,74.6,4196917
1462800600,74.78,75.9,74.76,75.59,2963185
1462887000,76.29,77.13,76.05,76.88,4366045
1462973400,75.97,77.06,75.84,76.31,3716280
1463059800,76.72,76.943,75.356,75.96,4081858
1463146200,75.82,77.0501,75.57,76.33,3629660
1463405400,75.98,78.47,75.84,78.29,4580106
1463491800,78.21,78.71,75.52,76.39,7153323
1463578200,76.4,76.85,75.61,76.33,4664873
1463664600,75.12,75.23,73.74,74.31,4848834
1463751000,74.79,75.54,74.68,74.81,4689174
1464010200,75,75.14,73.92,74.08,4441221
1464096600,74.55,75.2,74.36,74.99,3712042
1464183000,75.49,75.5,74.45,74.54,4621719
1464269400,74.6,75.6,74.27,75.52,2654566
1464355800,75.52,75.725,74.665,74.99,3247520
1464701400,75.01,75.6299,74.71,75.03,4438763
1464787800,74.9,75.44,74.68,74.94,2450242
1464874200,75.22,75.68,74.9,75.46,3231683
1464960600,75.5,75.6,74.25,75.12,5318973
1465219800,75.11,75.4962,74.2,74.84,3253932
1465306200,74.62,75.0499,74.51,74.7,2902857
1465392600,74.66,75.09,74.4,74.91,3194883
1465479000,74.77,75.54,74.24,74.43,2760462
1465565400,74.09,74.19,73.17,73.95,4124192
1465824600,74.08,74.97,73.67,73.86,3767039
1465911000,73.54,74.37,73.06,74.32,3691856
1465997400,74.73,74.89,73.61,73.71,3408917
1466083800,73.47,74.47,72.95,74.25,4788882
1466170200,74.65,75.08,73.475,73.86,6604924
1466429400,74.45,74.7,73.22,73.28,3640098
1466515800,73.7,73.8,72.53,72.57,6000030
1466602200,72.5,73.91,72.5,73.07,4410906
1466688600,73.59,73.94,73.2,73.94,2989745
1466775000,72.45,75.12,71.87,74.33,10471256
1467034200,74.06,75.065,73.2,74.89,7658173
1467120600,75.13,76.25,73.75,75.15,8012290
1467207000,75.88,78.24,75.87,78.15,7123712
1467293400,78.2,78.81,77.46,78.75,4017154
1467379800,78.89,79.33,78.37,78.95,2909610
1467725400,78.81,79.9,78.75,79.64,3286572
1467811800,79.32,80.4,79.1,80.02,4669765
1467898200,79.83,80.05,78.645,79.32,3587328
1467984600,79.32,79.9,78.93,79.66,3134921
1468243800,79.54,79.77,78.95,79.14,3461430
1468330200,79.63,79.84,78.97,79.67,4430016
1468416600,79.91,80.03,79.33,79.36,2917240
1468503000,79.5,80.69,79.4,80.59,3823843
1468589400,80.98,81,79.94,80.22,4529123
1468848600,80.37,80.59,79.855,79.95,3087620
1468935000,79.85,80.25,79.58,79.97,3303716
1469021400,80.27,80.52,79.99,80.28,2811087
1469107800,80.2,80.6,80.02,80.4,2713999
1469194200,80.4,81.71,80.28,81.59,4316534
1469453400,81.59,82,81,81.98,4180084
1469539800,82.75,83.35,81.63,82.09,5134939
1469626200,82.25,83.59,82.15,83.4,4057228
1469712600,83.25,83.39,81.95,82.93,4862023
1469799000,83.07,83.45,82.64,82.89,3016150
1470058200,83.02,83.785,82.94,83.18,3131148
1470144600,83.14,83.7,82.57,83.32,3340132
1470231000,83.42,83.42,82.36,82.72,2940868
1470317400,83.02,83.02,82.37,82.42,2093793
1470403800,82.42,82.52,81.04,81.56,5886901
1470663000,81.44,81.85,80.46,81.6,4227300
1470749400,81.75,82.14,80.7,81.5,2243034
1470835800,80.12,81.16,79.67,80.55,4956708
1470922200,79.98,80.665,79.98,80.56,2407996
1471008600,80.19,80.72,79.9,80.22,2525029
1471267800,80.33,80.62,80.07,80.26,2780381
1471354200,80.25,80.3999,79.84,79.84,2158733
1471440600,80.16,80.35,79.58,80.11,2519548
1471527000,80.1,80.38,79.49,79.78,3037728
1471613400,79.55,79.79,78.78,79.06,3746012
1471872600,79.32,79.9,79.02,79.29,3157037
1471959000,79.68,79.97,79.445,79.57,3407537
1472045400,79.7,79.99,78.18,78.44,3422979
1472131800,78.44,79.17,77.8,78.01,2800533
1472218200,78.05,78.82,77.84,78.24,2602317
1472477400,78.33,78.74,78.05,78.6,2203303
1472563800,78.6,78.6,77.63,77.77,2026249
1472650200,77.89,78.09,77.53,77.75,2182644
1472736600,77.75,78,76.8,77.23,3544701
1472823000,77.52,77.63,76.45,76.85,3943353
1473168600,77.12,78.7,77.12,78.51,5528599
1473255000,78.49,78.885,78.26,78.59,2972177
1473341400,80.03,80.17,79.41,79.89,4405396
1473427800,79.62,79.62,78.2,78.24,4152468
1473687000,77.99,79.29,77.81,79.08,3288904
1473773400,78.87,78.87,77.99,78.48,3148995
1473859800,78.67,79.24,78.02,78.29,2660924
1473946200,78.12,79.06,77.77,78.82,2653694
1474032600,78.7,78.91,78.17,78.8,4255102
1474291800,78.79,79.37,78.49,79.16,3321540
1474378200,79.63,80.345,79.285,79.88,3629703
1474464600,79.8,81,79.68,80.87,3147586
1474551000,81.05,81.46,80.73,81.29,2639754
1474637400,80.97,81.4561,80.77,81.16,2197653
1474896600,81,81.15,79.499,79.52,4332789
1474983000,80.62,80.925,79.61,80.88,6888929
1475069400,80.84,81.17,80.02,80.71,2467803
1475155800,80.35,80.47,79.23,79.74,3269150
1475242200,80.1,80.65,80.03,80.26,3622982
1475501400,80,81.07,79.69,81,3983503
1475587800,81.06,81.41,80.68,81.11,3184071
1475674200,81.35,82.09,81.234,81.75,3560429
1475760600,81.25,81.78,80.73,81.47,2994223
1475847000,81.57,82.31,81.3,82.09,4241408
1476106200,82.13,83.24,82.1,83.06,4608430
1476192600,82.6,82.85,81.25,81.81,4218223
1476279000,81.81,82.22,80.46,80.51,3629801
1476365400,79.93,80.4854,79.6,80,3565014
1476451800,80.17,80.32,79.21,79.27,3143876
1476711000,79.53,79.53,78.01,78.53,3884657
1476797400,79.09,79.145,78.5,78.77,3218290
1476883800,78.96,79.33,78.53,78.56,2988801
1476970200,78.73,79.11,78.39,78.74,2661919
1477056600,78.54,78.78,78.08,78.25,3214971
1477315800,78.49,78.69,77.44,77.57,4363173
1477402200,76.88,78.28,75.5,77.75,8496226
1477488600,77.42,77.65,76.37,76.76,2988727
1477575000,77.36,77.42,76.13,76.16,3789861
1477661400,75.62,75.68,73.86,74.53,5651541
1477920600,74.63,74.74,73.8,73.84,3562142
1478007000,73.81,73.98,71.85,72.98,8190524
1478093400,73.15,73.49,72.64,72.65,4433872
1478179800,72.81,73.28,71.88,72.11,4843213
1478266200,72.12,73.03,71.67,72.49,3617209
1478529000,73.22,73.93,73.05,73.88,4969412
1478615400,73.57,74.47,73.36,74.02,2690761
1478701800,77.15,79.3,76.576,78.39,7332730
1478788200,78.96,79.7,78,78.34,6904770
1478874600,77.97,78.09,76.79,77.67,3072650
1479133800,78.01,78.24,76.69,77.02,3221676
1479220200,77.43,77.54,76.18,77.32,3097568
1479306600,77.52,77.52,76.82,76.94,1922331
1479393000,77,77.81,76.73,77.71,4519168
1479479400,77.58,77.92,76.52,76.67,4571592
1479738600,76.8,77.04,76.1,76.64,4060274
1479825000,77.81,77.81,75.5,75.99,5208832
1479911400,64.34,68.43,64.18,68,53975853
1480084200,68.53,69.14,67.7801,69.12,8620682
1480343400,68.43,68.43,67.1,67.2,12507732
1480429800,67.57,67.64,66.48,67.15,8930019
1480516200,67.3,67.82,66.81,67.12,9085308
1480602600,67.29,67.3,65.66,65.97,7168068
1480689000,66.3,68.39,65.96,67.71,12272207
1480948200,68.16,68.31,66.74,67.26,7285951
1481034600,67.2,67.925,67.13,67.8,4617182
1481121000,67.25,67.38,66.56,67.38,5835882
1481207400,67.05,67.27,66.39,67.19,4811371
1481293800,67.38,68.17,67.22,67.85,4350764
1481553000,67.98,68.54,67.42,67.61,5273718
1481639400,67.99,68.89,67.99,68.64,6010936
1481725800,68.42,68.92,67.54,67.67,6140299
1481812200,70.37,71.59,69.66,71.37,14321496
1481898600,72.86,73.71,71.76,73.31,17584655
1482157800,73.48,74.49,73.295,73.42,6102447
1482244200,73.6476,74.0998,73,73.38,6001496
1482330600,73.33,73.89,73.1,73.25,5054141
1482417000,73.16,73.48,72.68,73.26,4827505
1482503400,73.48,74,73.26,73.79,2570475
1482849000,74.06,74.46,73.68,73.81,2786711
1482935400,73.66,73.78,72.97,73.06,3256811
1483021800,73.3899,73.87,73.24,73.56,3031926
1483108200,73.47,73.75,73.23,73.55,2934286
1483453800,73.94,74.67,73.54,74.6,3623461
1483540200,74.95,75,74.3801,74.72,3021617
1483626600,74.93,77.87,74.431,75.59,3310765
1483713000,75.46,76.065,75.03,75.67,2296679
1483972200,75.67,76.6225,75.51,76.27,3204202
1484058600,76.44,76.56,75.81,76.27,3559403
1484145000,76.51,76.92,74,75.26,7701738
1484231400,74.85,77.5,74.76,77.15,11901134
1484317800,76.92,78.12,76.38,77.4,5602614
1484663400,77.06,77.06,75.87,76.85,4913272
1484749800,77.32,77.71,76.88,77.53,3360339
1484836200,77.47,77.62,76.76,76.84,4439238
1484922600,77.02,77.41,76.471,76.81,4371196
1485181800,76.24,76.88,76.16,76.32,5055071
1485268200,76.2,76.43,74.17,74.85,6594265
1485354600,75.07,75.6,74.27,74.85,4830841
1485441000,74.98,75.35,74.54,74.58,3748027
1485527400,74.92,75.4,74.505,75.38,3132793
1485786600,75.09,75.175,74.25,74.7,5909555
1485873000,74.25,77.28,74,77.03,6964087
1485959400,77.9,78.57,76.91,77.6,4959227
1486045800,76.99,77.91,76.55,77.39,3830939
1486132200,77.47,77.88,76.71,77.23,3836275
1486391400,76.92,77.845,76.76,77.83,2835509
1486477800,77.68,78.01,77.32,77.7,3346800
1486564200,77.44,78.65,77.19,78.11,2821567
1486650600,78.12,78.59,77.69,77.7,2962614
1486737000,77.87,78.25,77.6,77.79,2598619
1486996200,77.57,78.055,77.53,77.77,2097796
1487082600,77.5,78.83,77.25,78.81,3311161
1487169000,78.34,80.54,78.05,80.25,4272836
1487255400,80.05,80.38,79.41,80.04,3630059
1487341800,80.14,81,80.07,80.39,3111144
1487687400,80.17,80.87,80.11,80.36,3178822
1487773800,80.42,81.21,80.3301,81.07,3468784
1487860200,81.38,82.88,81.14,82.55,6193454
1487946600,82.42,83.24,82.24,82.87,4016045
1488205800,82.83,83.4,82.66,83.06,3104235
1488292200,82.82,83.48,82.58,82.81,3672034
1488378600,83.44,84.135,82.97,83.85,3420566
1488465000,83.87,83.945,82.835,82.91,3371556
1488551400,82.7,83.9,82.6,83.78,2649606
1488810600,83.25,84.28,82.95,83.83,3960055
1488897000,82.95,83.14,81.37,82.74,5570598
1488983400,82.74,83.985,82.67,83.41,4491834
1489069800,83.67,84.77,83.51,84.55,5861915
1489156200,84.5,84.55,83.901,84.36,3629914
1489411800,84.51,84.55,83.83,84.14,2248486
1489498200,84,84.55,83.918,84.46,2839052
1489584600,84.43,86.14,84.37,85.88,4883922
1489671000,85.54,85.54,83.8,84.99,4742834
1489757400,84.435,84.75,83.83,83.96,5786941
1490016600,84.6,84.86,83.965,84.06,3121865
1490103000,84.34,84.95,83.63,83.73,4066180
1490189400,84.09,84.55,83.47,84.36,2850296
1490275800,83.92,85.05,83.92,84.42,3021071
1490362200,84.3,84.98,83.8639,84.18,2479097
1490621400,83.9,84.44,83.74,84.24,2340927
1490707800,84.27,85,84.04,84.75,2754994
1490794200,84.55,84.76,84.32,84.44,2066642
1490880600,84.57,84.95,84.08,84.76,3204818
1490967000,84.4,84.94,84.08,84.11,3151938
1491226200,84.13,84.81,84.07,84.45,2429899
1491312600,84.53,86.39,84.29,86.09,4624956
1491399000,85.92,86.72,85.57,85.63,4056330
1491485400,85.47,85.9,85.12,85.36,2684638
1491571800,85.34,85.66,84.9093,85.32,2808455
1491831000,85.46,85.85,85.23,85.47,1994875
1491917400,85.47,86.14,85.32,85.93,2699165
1492003800,85.74,86.34,85.67,86.25,2545120
1492090200,86.03,86.32,85.78,85.88,2172543
1492435800,81.3,82.99,81.11,82.38,12424515
1492522200,81.91,82.1,80.89,81.2,8210809
1492608600,81.12,81.71,79.88,80.89,5504500
1492695000,81.19,82.2,80.75,81.94,3267218
1492781400,81.82,82.24,81.6726,81.89,3204044
1493040600,82.82,83.73,82.72,83.42,4813568
1493127000,82.71,82.71,80.5,81.2,9212899
1493213400,81.34,81.71,80.93,80.96,4421743
1493299800,80.97,81.6,80.695,81.33,3219208
1493386200,81.37,82.25,81.2,82.06,3161763
1493645400,82.09,82.22,81.75,81.82,2397236
1493731800,81.98,81.98,81.5,81.7,3626452
1493818200,81.26,81.56,81.24,81.25,3373181
1493904600,81.35,83.095,81.29,83.04,3567494
1493991000,83.06,83.1119,82.07,82.51,3135576
1494250200,82.36,82.41,80.36,80.67,4712925
1494336600,80.82,80.94,80.35,80.79,3988118
1494423000,80.84,81.11,80.19,81.05,4018549
1494509400,80.72,81,79.91,80.22,3920485
1494595800,80.33,80.61,79.74,80.19,2935178
1494855000,80.19,80.49,79.43,80.3,2559137
1494941400,80.23,80.3,78.4,78.99,7170066
1495027800,78.52,79.03,77.92,78.14,4485989
1495114200,78.57,78.94,78.0387,78.3,2928169
1495200600,78.5,78.71,77.73,77.8,5091841
1495459800,77.9,78.01,76.85,76.98,6936499
1495546200,77.19,78.36,77.02,77.99,5884774
1495632600,77.99,78.28,77.8,77.96,2254384
1495719000,78.31,78.455,77.76,78.34,1737281
1495805400,78.12,78.35,77.72,78.05,2238858
1496151000,77.95,78.6693,77.745,78.35,3244949
1496237400,78.48,79.91,78.48,79.57,5163876
1496323800,79.6,80.23,79.38,79.99,3093104
1496410200,80.47,81.06,79.9,80.13,4005715
1496669400,80,80.07,78.98,79.35,2814775
1496755800,79.41,79.46,78.75,79.09,2687965
1496842200,79.16,79.54,79.09,79.39,2899905
1496928600,79.49,80.46,79.34,80.1,4610424
1497015000,80.1,81.185,79.7,81.04,4599396
1497274200,80.96,81.29,80.61,80.9,2842761
1497360600,81.21,81.29,80.24,81.25,4492882
1497447000,80.9,81.61,80.771,81.6,4025557
1497533400,81.39,82.15,80.961,82.05,3484768
1497619800,82.24,82.56,81.66,81.88,4903159
1497879000,82.02,82.76,81.87,82.34,2538037
1497965400,82.22,83.68,82.22,82.75,3694685
1498051800,83.15,83.42,82.38,82.64,3781406
1498138200,82.84,84.76,82.84,84.31,4891552
1498224600,84.12,84.34,83.71,83.89,3928031
1498483800,84.09,84.45,83.66,84.28,2952759
1498570200,84.18,84.33,83.04,83.04,2365826
1498656600,83.45,83.92,82.9,83.1,3035321
1498743000,83.09,83.22,82.3075,82.7,2366759
1498829400,82.97,83.13,82,82.3,5713901
1499088600,82.41,82.91,82.32,82.7,1464738
1499261400,82.63,82.76,82.03,82.7,2263553
1499347800,82.32,82.57,81.37,81.6,3390996
1499434200,81.62,82.35,81.43,82.29,1803703
1499693400,82.33,82.57,81.89,82.28,2269712
1499779800,82.39,82.84,81.88,82.35,2708880
1499866200,82.73,84.02,82.61,83.5,3526983
1499952600,83.56,84.23,83.16,84.02,2944146
1500039000,84.11,84.5793,83.81,84.35,2005749
1500298200,84.31,84.53,83.42,83.64,1989072
1500384600,83.51,83.77,83.22,83.7,1704532
1500471000,83.52,84.28,83.52,84.23,2297408
1500557400,84.53,85.12,84.41,84.75,2980635
1500643800,84.62,84.96,84.31,84.66,3064356
1500903000,84.66,85.53,84.51,84.74,3952164
1500989400,83.74,84.4,80.77,82.19,13319876
1501075800,81.57,81.88,81.035,81.84,7030481
1501162200,81.76,83.05,81.46,83.02,5577384
1501248600,82.87,83.22,82.5,83.1,3820069
1501507800,83.34,83.755,82.63,82.66,4082999
1501594200,82.86,83.15,82.12,82.37,3439409
1501680600,82.06,82.17,81.07,81.82,4574837
1501767000,81.58,82.28,81.5,81.93,3688344
1501853400,81.9,82.32,81.76,82.31,2802610
1502112600,82.31,82.4,81.72,82.07,2769747
1502199000,81.87,82.72,81.63,81.97,3292993
1502285400,82.13,82.74,81.97,82.57,2392098
1502371800,82.54,82.54,81.66,82.05,3367495
1502458200,81.8,81.97,81.12,81.15,2446392
1502717400,81.34,81.68,81.18,81.49,1879619
1502803800,81.5,82.34,81.5,81.71,1949478
1502890200,82.14,82.2,80.02,80.69,3970525
1502976600,80.4,80.57,77.7,77.8,7318204
1503063000,77.7,77.7,76.94,77.07,4061282
1503322200,77.12,77.64,76.89,77.38,3638065
1503408600,77.53,78.65,77.53,78.26,2131886
1503495000,78.2,78.52,78.05,78.15,1801475
1503581400,78.33,79.24,78.26,78.86,4188366
1503667800,78.96,79.53,78.74,78.79,2171482
1503927000,79.1,79.43,78.63,78.84,1923195
1504013400,78.54,78.84,78.12,78.55,2154254
1504099800,79.1,80.77,78.75,80.49,5036911
1504186200,80.77,81.35,80.34,81.29,3939473
1504272600,81.54,81.71,79.43,80.08,4345104
1504618200,79.47,80.05,79.05,79.82,3702643
1504704600,80.21,80.67,79.86,80.51,2689227
1504791000,80.62,82.75,80.37,81.54,6249330
1504877400,81.61,83.12,81.54,82.92,3961293
1505136600,82.94,83.35,81.77,82.63,4389166
1505223000,82.6,82.729,81.93,82.17,2566421
1505309400,81.96,82.58,81.88,82.43,2454931
1505395800,82.33,83.99,82.12,83.07,3370406
1505482200,83.3,83.57,82.18,82.44,5374504
1505741400,82.55,82.67,82.07,82.52,2200254
1505827800,82.64,82.84,81.5501,81.73,2259159
1505914200,82.06,82.42,81.39,82.02,2849924
1506000600,82.01,83.7,81.88,83.33,4426651
1506087000,83.34,84.03,82.74,83.91,3148723
1506346200,83.87,84.65,83.8,84.64,4223772
1506432600,84.43,85.13,84.01,84.22,2347234
1506519000,84.34,84.8,83.97,84.65,3085205
1506605400,84.59,85.58,84.15,85,2840987
1506691800,85.17,85.61,84.391,85.54,3506102
1506951000,85.78,86.68,85.7384,86.35,3071084
1507037400,86.24,86.56,85.93,86.45,2128845
1507123800,86.5,87.16,86.28,86.96,2317698
1507210200,86.77,89.09,86.39,87.65,5220964
1507296600,87.31,87.49,86.64,87.08,2297204
1507555800,87.14,87.28,86.46,87.05,1701368
1507642200,85.38,86.7,85.25,86.16,4943660
1507728600,86.35,86.66,85.45,86.06,3433194
1507815000,86.1,86.45,85.91,86.43,1941143
1507901400,86.4,86.7,85.71,86.55,3027228
1508160600,86.48,86.735,85.78,85.95,3800680
1508247000,85.94,86.5,85.42,86.06,3643748
1508333400,86.33,86.56,85.52,85.73,4002151
1508419800,85.69,86.38,85.51,86.36,3233622
1508506200,86.52,87.38,86.33,87.23,3223192
1508765400,87.47,88.19,87.12,87.18,4909816
1508851800,87.42,88.33,83.75,85.17,8696104
1508938200,85.91,86.37,84.68,84.85,3916037
1509024600,84.67,85.11,83.83,84.16,3821119
1509111000,84.07,84.81,83.59,83.86,2892945
1509370200,83.76,83.76,82.43,82.65,4667838
1509456600,82.76,83.1,81.72,81.94,3853276
1509543000,82.17,83.82,82,82.89,3309260
1509629400,82.55,83.92,82.31,83.13,2716050
1509715800,82.71,83.59,82.66,83.51,1535373
1509978600,83.29,83.43,82.92,82.94,1861744
1510065000,83.04,83.415,82.77,83.28,2851917
1510151400,83,84.39,83,84.01,2329113
1510237800,83.82,84.26,83.63,83.99,2098634
1510324200,83.67,83.87,82.57,83.29,2692486
1510583400,83.33,83.33,82.53,82.86,2479441
1510669800,82.69,83.11,82.21,82.49,2685020
1510756200,82.51,83.14,81.42,82.19,1838054
1510842600,82.41,83.63,81.84,83.44,2599667
1510929000,83,83.48,82.8,82.89,4097811
1511188200,83.09,83.32,82.82,83.18,2205863
1511274600,83.65,84.53,83.37,83.51,3529945
1511361000,83.67,84.26,83.48,83.68,2230876
1511533800,83.87,84.17,83.58,84.03,817293
1511793000,84.15,85.25,84.03,84.81,2980900
1511879400,85.07,85.36,84.74,85.05,2659440
1511965800,84.79,85.24,84.45,84.96,2316034
1512052200,85.25,85.48,84.32,84.64,5002100
1512138600,84.98,85.41,84.18,85.32,2736331
1512397800,85.49,86.78,85.36,85.58,4228281
1512484200,85.59,86.58,85.21,86.06,3876786
1512570600,86.04,86.39,84.53,85.32,3130937
1512657000,85.21,85.87,84.65,85.87,4344910
1512743400,85.66,86.46,85.47,86.45,3777102
1513002600,86.46,86.84,86.07,86.67,3336804
1513089000,86.49,86.9,85.991,86.71,4252536
1513175400,86.41,89.0899,86.34,87.89,5786811
1513261800,88.22,88.33,86.12,86.5,4388368
1513348200,86.89,87.605,86.27,86.54,7346414
1513607400,86.76,87.45,85.99,86.08,3795991
1513693800,86.04,86.77,85.85,86.71,4027559
1513780200,86.68,86.94,85.64,85.74,3016854
1513866600,86.03,86.18,85.435,85.61,2024252
1513953000,85.6,85.78,84.75,85.07,1834833
1514298600,85.29,85.43,84.96,84.99,1100241
1514385000,85.19,85.459,84.98,85.14,1332826
1514471400,85.3,85.44,84.89,85.05,1732237
1514557800,85.12,85.44,84.46,84.46,2563826
1514903400,84.46,85,84.06,84.68,3456665
1514989800,84.74,85.415,84.27,85.14,3078426
1515076200,85.28,85.8,84.74,85.52,2462477
1515162600,86.09,86.75,85.93,86.57,2946328
1515421800,86.69,86.709,85.4,86.13,3251430
1515508200,86.2,86.42,85.74,86.06,2426619
1515594600,85.61,86.17,85.49,86.1,1674588
1515681000,86.17,86.59,85.87,86.39,2647480
1515767400,86.52,87.408,86.03,86.98,2728878
1516113000,85.93,86.59,85.15,85.29,4878301
1516199400,85.8,86.361,85.47,86.21,4083343
1516285800,86.04,86.14,85.27,85.82,4445813
1516372200,86.17,86.28,85.32,85.49,5826917
1516631400,83.25,85.57,82.4003,85.44,6374020
1516717800,85.18,85.9199,84.24,84.42,5728106
1516804200,84.86,85.16,84.28,84.3,5977707
1516890600,84.81,85.4,84.56,85.01,5201611
1516977000,84.76,87.47,84.76,87.08,6394142
1517236200,86.77,88.33,86.65,87.6,5326606
1517322600,86.64,86.94,85.21,86.09,5388420
1517409000,86.5,86.73,81.27,81.45,10558541
1517495400,81.54,82.8737,81.29,82.41,8410660
1517581800,81.88,83.03,81.12,81.18,5152459
1517841000,80.89,81.61,76.55,77.49,8145221
1517927400,76.56,79.11,75.71,77.99,10558825
1518013800,77.76,78.56,76.71,76.72,8240329
1518100200,77.19,77.65,74.19,74.21,8059648
1518186600,75.06,76.82,73.69,76.23,8939668
1518445800,76.68,77.1,75.2,76.25,6454242
1518532200,76.02,76.5899,75.75,76.21,4041222
1518618600,75.41,77.19,75.34,77.03,4361085
1518705000,77.75,78.15,77.03,78.02,4810719
1518791400,77.95,79.65,77.91,78.97,4699593
1519137000,78.18,78.7,77.18,77.55,3195027
1519223400,77.59,78.75,77.55,77.55,3871107
1519309800,77.19,78.09,76.52,77.19,7687429
1519396200,77.73,78.86,77.64,78.75,5170251
1519655400,78.99,80.47,78.965,80.18,6015876
1519741800,80.15,80.21,78.69,78.7,4860441
1519828200,78.78,79.18,77.01,77.02,6123364
1519914600,77.06,77.37,75.53,76.5,6258351
1520001000,76.38,77.6,76.32,77.23,3216725
1520260200,76.9,78.08,76.71,77.7,3816634
1520346600,77.86,78,76.88,77.19,2963240
1520433000,76.58,77.61,76.54,77.44,2266515
1520519400,77.65,79.02,77.47,78.89,3497180
1520605800,79.28,79.96,78.88,79.61,4399473
1520861400,79.83,79.97,78.615,79.04,5059557
1520947800,79.08,79.87,78.77,79.15,4863167
1521034200,79.39,79.56,78.02,78.49,3167947
1521120600,78.58,79.86,78.46,78.75,3910102
1521207000,79.2,80.49,79.12,80.49,8326275
1521466200,80.12,80.2,78.16,78.73,5116978
1521552600,79.04,79.2,77.85,78.37,3943845
1521639000,78.46,79,78.031,78.24,4051958
1521725400,77.56,78.01,76.41,76.53,3816931
1521811800,76.77,76.83,74.51,74.76,4298117
1522071000,75.61,76.23,74.65,76.18,3488654
1522157400,76.09,76.6,75.139,75.66,4070640
1522243800,76.06,77.66,76.04,77.01,4257510
1522330200,77.46,77.8,76.61,77.37,3424012
1522675800,76.88,77.31,75.4,75.7,6282589
1522762200,76.25,77.6,75.86,77.54,3610639
1522848600,76.82,78.82,76.71,78.6,3022154
1522935000,78.52,78.85,78.09,78.62,2213099
1523021400,78.18,78.25,76.3,76.85,4012829
1523280600,77.27,78.35,76.33,77.34,5377491
1523367000,78.09,79.675,78.07,79.22,3657169
1523453400,78.35,78.9,78.12,78.73,2829952
1523539800,79.19,79.68,78.81,79.29,2121204
1523626200,79.88,80.45,79.24,79.72,2652368
1523885400,80.46,80.75,79.67,80.12,2743000
1523971800,80.57,80.64,79.49,79.92,3782359
1524058200,79.96,80.24,79.59,79.72,4261049
1524144600,78.96,79.75,78.55,79.75,4989439
1524231000,79.64,79.91,78.82,79.06,5424115
1524490200,79.43,80.29,79.17,80.2,4015906
1524576600,81.17,81.5,78.915,80.09,6394910
1524663000,80.27,82.32,80.01,81.14,5379027
1524749400,81.42,83.555,81.42,82.55,5058690
1524835800,82.5,83.24,82.38,82.73,3209558
1525095000,83.09,83.21,81.06,81.07,5483505
1525181400,80.68,80.93,78.695,79.07,6306117
1525267800,78.68,79.39,78.46,78.83,5166327
1525354200,78.65,78.7,77.44,78.04,4469290
1525440600,77.42,78.62,77.09,78.4,3367549
1525699800,78.41,79.26,78.23,78.63,3722577
1525786200,78.48,78.9,78.17,78.88,4591673
1525872600,78.96,79.65,78.45,79.27,3325180
1525959000,79.46,81.17,79.41,80.86,3718368
1526045400,81.15,82.45,81.02,82.45,4393786
1526304600,82.6,83.315,82.5,83.07,4739740
1526391000,82.72,82.94,81.83,82.21,3662716
1526477400,81.8,81.95,80.955,81.18,3614474
1526563800,81.04,81.84,81.03,81.66,2808408
1526650200,81.49,82.29,81.49,82.07,4002281
1526909400,82.29,82.54,81.67,81.83,2505933
1526995800,82.14,82.89,81.81,82.22,2620723
1527082200,81.71,82.92,81.61,82.68,2516910
1527168600,82.71,82.79,82.1,82.71,2481820
1527255000,82.79,83.47,82.59,82.77,2338143
1527600600,82.11,82.62,81.65,82.44,3459321
1527687000,82.92,84.02,82.91,83.86,3475394
1527773400,83.88,85.11,83.68,85.04,9526369
1527859800,85.2,85.68,84.56,84.85,4057715
1528119000,84.65,85.52,84.36,85.07,4263121
1528205400,85.25,85.7,84.54,84.82,3667563
1528291800,84.88,85.93,84.66,85.93,2720404
1528378200,86.2,86.32,85.32,85.88,3123605
1528464600,85.83,86.42,85.43,86.08,3172317
1528723800,86.31,86.78,85.81,85.86,3506939
1528810200,85.76,86.02,85.45,85.49,3016917
1528896600,85.76,86.38,85.6,85.72,3052112
1528983000,85.67,86.46,85.17,86.35,3115115
1529069400,86.13,87.27,86.1,86.88,5575197
1529328600,85.98,86.15,85.01,86.11,2906602
1529415000,85.89,86.87,85.67,86.82,3044507
1529501400,86.74,87.16,86.2,86.28,4675465
1529587800,85.82,86.28,85.19,86.07,2856410
1529674200,86.02,86.4,85.805,85.92,5786678
1529933400,86,86.61,85.12,85.77,3414102
1530019800,85.54,86,84.96,85.11,2840575
1530106200,84.91,85.6,84.64,84.67,3005386
1530192600,84.85,85.96,84.81,85.49,2564562
1530279000,85.84,86.1,85.13,85.33,2963979
1530538200,85.06,85.93,84.71,85.86,2346963
1530624600,85.81,87.02,85.81,86.51,2163522
1530797400,86.91,87.1862,86.13,86.56,2675541
1530883800,86.83,87.71,86.82,87.39,2290527
1531143000,87.6,88.33,87.52,87.87,2718296
1531229400,88.08,88.2299,87.67,88.05,2227180
1531315800,87.77,88.07,87.2,87.56,2449505
1531402200,88.1,88.99,87.92,88.91,2604523
1531488600,88.83,89.87,88.54,89.71,3334987
1531747800,89.63,89.84,88.84,89.07,3175249
1531834200,89.36,89.97,89.34,89.57,2179375
1531920600,89.6,90.13,89.07,90.03,3021595
1532007000,89.83,89.98,88.87,89.43,3171005
1532093400,89.02,89.37,88.26,88.47,3830970
1532352600,88.3,89.16,88.17,88.88,3145276
1532439000,91.06,93.76,90,93.35,9910179
1532525400,93.16,96.65,93.03,96.43,8460212
1532611800,96.64,96.959,94.83,95.18,4826081
1532698200,95.65,96.96,95.02,96.6,3975477
1532957400,96.38,98.115,96.25,98.02,5356016
1533043800,98.25,99.2,97.53,98.81,4957761
1533130200,98.74,99.35,98.435,98.7,4971802
1533216600,97.95,100.39,97.84,99.47,4321033
1533303000,99.18,100.694,98.88,100.58,4572145
1533562200,100.4,102.59,100.22,102,5090940
1533648600,101.79,103.81,101.68,101.94,5095174
1533735000,101.85,102.67,101.43,102.27,3901584
1533821400,102.06,102.72,101.92,102.19,3298367
1533907800,102.15,103.19,101.9899,102.25,2783767
1534167000,102.45,102.68,102.115,102.44,2816376
1534253400,101.77,102.8389,101.27,102.44,3283946
1534339800,102.28,103.44,102.08,103.33,3143222
1534426200,103.25,104.94,103.25,104.36,4427168
1534512600,104.43,105.92,103.96,105.55,3824340
1534771800,105.58,106.38,105.58,105.82,2765514
1534858200,106.02,106.1299,104.72,105.07,2775584
1534944600,104.8,105.63,104.15,105.03,1964353
1535031000,104.99,105.25,104.39,104.82,2043366
1535117400,105.57,106.04,104.53,105.77,3089852
1535376600,106.15,106.49,104.94,105.11,2452478
1535463000,105.03,105.59,104.59,105.18,2516832
1535549400,104.4,105.59,104.28,105.33,2949508
1535635800,105.18,105.735,104.94,105.48,2928553
1535722200,105.14,105.86,104.47,105.65,3278851
1536067800,105.31,105.7,104.38,104.62,3106984
1536154200,104.85,106.11,104.7,105.72,3366560
1536240600,105.67,105.75,103.655,105.37,3180701
1536327000,105.15,107.24,104.8,107.03,3822938
1536586200,107.5,107.84,106.391,106.42,2950800
1536672600,106.41,106.62,105.515,105.64,3516440
1536759000,105.81,106.49,105.51,105.97,3925971
1536845400,106.16,106.71,105.82,106.58,5167412
1536931800,106.57,106.69,105.4,105.77,3103127
1537191000,105.61,106.765,105.05,105.71,4972164
1537277400,105.87,107.19,105.11,106.88,3668807
1537363800,106.88,107.07,105.5,105.74,3270389
1537450200,105.72,106.11,104.22,106.07,3761998
1537536600,106.23,106.87,105.35,106.33,5333680
1537795800,105.95,106.67,105.59,105.59,3095472
1537882200,106.01,106.755,105.54,105.7,3775742
1537968600,106.06,107.37,106.005,106.31,3707259
1538055000,106.49,107.17,106.21,106.69,2093719
1538141400,106.77,107.74,106.3,107.31,2812344
1538400600,107.67,107.705,107.03,107.6,2707981
1538487000,107.5,108.14,107.19,107.96,3787914
1538573400,108.465,109.61,108.24,108.62,5097152
1538659800,113.62,115.68,111.0357,112.99,10940820
1538746200,114.09,115.45,114.09,115.02,8330288
1539005400,114.85,116.61,114.7705,115.46,6002313
1539091800,115.09,116,114.23,115.45,4715996
1539178200,114.96,115.37,113.25,113.34,5602901
1539264600,113.09,113.32,106.58,107.91,7226578
1539351000,109,111.02,108.43,110.48,4519158
1539610200,110.5,111.8099,109.98,110.62,3884714
1539696600,110.84,111.22,109.93,111.03,4192834
1539783000,110.98,113.765,110.86,113.59,4402132
1539869400,113.93,114.25,112.41,113.31,3619647
1539955800,112.88,113.36,110.66,111.92,4224178
1540215000,112,112.715,111.37,112.03,2938281
1540301400,110.7,111.46,109.06,110.39,3756996
1540387800,110.22,111.15,106.19,106.32,6739409
1540474200,106.43,108.82,104.1701,107.89,4114808
1540560600,107.05,107.47,105.06,106.39,4464491
1540819800,107.45,109.08,106.3,107.4,3587793
1540906200,107.23,108.51,107.0813,108.34,3325906
1540992600,109.59,110.43,108.35,108.44,4349230
1541079000,108.74,109.23,107.33,107.86,3639419
1541165400,108.14,108.39,105.93,106.75,3577348
1541428200,110.43,112.08,109.76,110.14,7368580
1541514600,109,109.3,104.95,105.9,6803677
1541601000,106.85,110.78,106.72,109.72,5875413
1541687400,109.49,110.94,109.01,110.1,3666296
1541773800,110.42,112.535,109.7,112.21,5054447
1542033000,112.26,114.71,112.26,113.2,5078884
1542119400,114.25,114.25,111.83,112.39,4239691
1542205800,112.36,112.65,109.74,109.81,5392810
1542292200,109.18,112.23,108.54,112.2,4796847
1542378600,111.68,114.3,111.67,113.83,4766426
1542637800,113,116.1,113,115.81,4869819
1542724200,114.88,116.2,114.32,114.72,4877472
1542810600,114.28,114.28,112.13,112.23,3619688
1542983400,111.86,113.81,111.4011,112.87,1896989
1543242600,111.26,113.6,110.97,112.38,3296174
1543329000,112.28,114.25,111.71,114.22,3264329
1543415400,114.73,115.83,113.76,115.53,4814474
1543501800,115.3,117.93,114.97,117,4688290
1543588200,117.61,118.71,116.22,118.64,8965653
1543847400,118.64,118.69,117.54,118.52,4290056
1543933800,118.65,119.84,116.32,116.52,5676621
1544106600,115.32,115.99,112.98,115.84,5064370
1544193000,115.53,115.78,112.7741,113.58,4128118
1544452200,113.6,114.65,111.02,114.09,3832638
1544538600,114.84,115.62,113.922,114.5,3806777
1544625000,115.48,115.74,114.27,114.34,3758775
1544711400,114.62,115.15,113.84,114.86,3609870
1544797800,114.29,114.58,111.24,111.93,5306062
1545057000,111.21,111.3,107.72,108.36,6121672
1545143400,109.43,109.66,105.67,106.5,6864411
1545229800,111.54,111.54,107.7,109.11,8362827
1545316200,109.1,110.16,108.12,109.29,8362313
1545402600,109.29,111.51,108.68,109.42,13155114
1545661800,109.35,109.41,106.63,106.75,3283982
1545834600,106.76,111.09,106.4301,111.09,3792440
1545921000,110.24,112.9,108.73,112.89,4101569
1546007400,113.4,115.09,112.59,114.2,3983974
1546266600,114.34,115.85,114.2435,115.72,2731012
1546439400,114.79,115.43,112.75,114.88,4250104
1546525800,114.72,114.74,111.1,111.31,4203286
1546612200,112.21,114.84,111.74,114.66,5795155
1546871400,112.37,116.44,112.05,115.28,7799593
1546957800,115.69,116.42,114.52,116.34,3428938
1547044200,116.37,118.22,116.22,117.21,5820142
1547130600,117.09,117.22,114.97,115.94,4282265
1547217000,115.27,116.21,115.1,116.18,2648795
1547476200,115.2,115.25,114.33,114.68,4404603
1547562600,113.91,118.22,113.4,117.09,5097713
1547649000,116.99,118.07,116.48,116.8,2920573
1547735400,116.81,119.2,116.55,119.16,4401880
1547821800,115.58,116.9,115.0197,116.59,8886961
1548167400,115.69,117.11,115.69,117.09,4377479
1548253800,117.11,118.9,116.92,118.79,4012069
1548340200,118.22,118.22,114.2,114.99,6946450
1548426600,115.34,115.35,114.04,114.97,4599052
1548685800,114.72,115.11,113.54,115.03,3590920
1548772200,114.39,115.95,113.91,115.71,3767564
1548858600,115.53,117.08,115.53,116.94,4362867
1548945000,116.94,120.14,116.7274,119.86,5746070
1549031400,120.32,120.99,119.13,120.89,4171696
1549290600,121.21,121.84,118.69,120.17,4518418
1549377000,120.72,121.74,120.4,120.43,8832402
1549463400,118.67,120.82,117.74,119.27,7421020
1549549800,119,119.33,116.86,117.5,7935029
1549636200,117.73,121.43,117.45,119.6,16195395
1549895400,119.2,119.94,117.04,118.01,7203060
1549981800,117.76,119.9,117.5,119.49,6975683
1550068200,119.6,120.28,118.11,119.65,12738558
1550154600,118.94,121.25,118.8,120.75,17847187
1550241000,121.18,122.48,120.4,122.48,10366435
1550586600,121.31,123.33,121.3,122.13,17861446
1550673000,122.38,123.05,121.61,122.66,19880296
1550759400,122.06,123.76,121.8,122.72,20798847
1550845800,122.73,124.74,122.65,124,19574004
1551105000,124.1,124.67,123.47,123.89,13682426
1551191400,123.86,125.16,123.32,124.67,21026003
1551277800,124.49,126.48,124.08,125.68,32135797
1551364200,125.52,127.77,125.2,126.29,36023631
1551450600,127.25,129.42,126.58,128.84,43291166
1551709800,130.51,130.51,125.34,127.46,59468814
1551796200,128.4,128.8728,126.72,128.49,53212630
1551882600,128.75,128.79,125.39,126.68,74822867
1551969000,126.41,127.19,125.13,126.34,60615568
1552055400,126.37,126.98,125.25,126.7,50169777
1552311000,122.8,124.91,122.51,123.5,61771249
1552397400,123.5,124.02,122.679,123.5,8077894
1552483800,124.6,130.75,123.16,124.31,68139302
1552570200,124.98,124.98,122.51,123.08,42768796
1552656600,123.1,124.16,121.96,123.94,47331005
1552915800,123.99,125.35,123.5,125.24,16052335
1553002200,125.26,126.65,125.14,126.59,13726265
1553088600,127.54,129.1,126.83,128.16,7520705
1553175000,126.88,128.98,126.64,128.31,5704385
1553261400,128.73,129.48,127.43,128.3,15332895
1553520600,128.61,130.58,128.41,129.87,5972779
1553607000,130.24,132.13,129.7,131.02,5872941
1553693400,130.96,131.555,128.52,128.77,7675098
1553779800,129.34,129.9,128.87,128.95,6112929
1553866200,129.01,129.935,128.98,129.76,5729087
1554125400,130.71,131.35,129.05,129.05,5132275
1554211800,129.04,129.57,128.235,129.32,3214621
1554298200,129.11,129.25,126.84,127.05,4425479
1554384600,127.34,127.35,124.61,125.61,5540197
1554471000,126.49,127.01,125.61,126.99,4656359
1554730200,126.5,127.28,126.0918,127.16,3430908
1554816600,126.76,128.12,126.6,127.24,4215648
1554903000,127.56,127.97,126.93,127.19,4227063
1554989400,126.86,127.32,124.51,125.15,5520681
1555075800,125.24,125.24,123.02,123.06,5470362
1555335000,123.77,124.35,123.1599,124.08,4549115
1555421400,124.93,124.93,119.79,119.96,6573485
1555507800,120,120.06,115.89,116.5,14842845
1555594200,116.23,116.65,114.135,115.2,9805773
1555939800,115.04,115.57,113.65,115.47,7519732
1556026200,116.04,117.89,115.43,117.49,5891462
1556112600,118.29,118.43,117.23,118,4254080
1556199000,117.75,118.675,116.75,118.23,3425006
1556285400,118.83,119.92,118.67,119.87,3372541
1556544600,119.9,120.01,119.25,119.6,4097585
1556631000,116.61,117.14,114.91,117.04,7548382
1556717400,117.05,119.534,116.56,118.18,5392077
1556803800,118.44,118.5695,116.86,118.46,4169249
1556890200,118.44,118.44,116.535,116.91,5695485
1557149400,115.82,117.08,115.3,116.65,5952074
1557235800,116.3,116.49,114.46,114.94,5127210
1557322200,115.85,116.89,115.23,116.25,2992573
1557408600,115.86,116.145,114.775,115.8,5818894
1557495000,115.63,116.32,114.22,116.22,3660485
1557754200,114.86,115.19,113.87,114.37,4284654
1557840600,114.73,115.53,114.53,114.94,3668359
1557927000,115.25,115.84,114.32,115.62,3724484
1558013400,114.57,117.68,114.57,116.73,3914074
1558099800,115.7,116.65,115.22,116.01,3109760
1558359000,115.87,116.3,115,116.23,3042762
1558445400,117.04,117.79,116.53,116.58,2611127
1558531800,116.12,118.39,116.12,117.98,3934227
1558618200,117.76,117.96,116.48,116.81,3653517
1558704600,117.53,117.55,116.45,116.79,2086492
1559050200,117.09,118.4054,115.7,115.76,5007231
1559136600,115.61,115.8004,114.43,115.49,5915784
1559223000,115.49,116.3,114.96,115.9,2392848
1559309400,115.34,117.58,114.99,115.94,6098447
1559568600,116.53,117.72,116.04,116.77,4722140
1559655000,118.08,118.93,117.41,117.56,3122814
1559741400,118.03,118.38,116.53,117.02,4175988
1559827800,117.52,118.94,117.27,117.5,3882788
1559914200,118.19,118.94,117.89,118.35,2726282
1560173400,116,116,113.88,113.93,8172376
1560259800,114.78,115.59,111.85,112.21,5681300
1560346200,112.5,115.5,112.5,115.24,3793939
1560432600,115.4,115.4,110.61,111.82,8477341
1560519000,112.13,112.25,111.01,111.74,3188051
1560778200,111.64,113.42,111.34,113.4,3032339
1560864600,113.65,114.83,113.22,114.65,2868693
1560951000,115.02,115.99,114.34,115.23,3320718
1561037400,116.35,117.07,115.26,115.56,2840116
1561123800,115.74,115.93,114.81,115.49,4024596
1561383000,115.08,116.15,114.71,115.63,2570460
1561469400,115.51,116.83,115.17,115.36,2110156
1561555800,114.81,114.95,110.62,111.34,4677503
1561642200,111.74,112.21,111.155,111.47,3615883
1561728600,111.8,111.83,110.02,110.79,8958684
1561987800,111.31,112.84,110.64,112.74,3238667
1562074200,112.82,114.21,112.4,114.2,2344708
1562160600,114.87,115.465,113.78,114.42,3707683
1562333400,114.05,114.37,112.55,112.82,2444038
1562592600,112.47,112.79,110.91,111.52,2998716
1562679000,111.85,113.36,111.85,113.08,2717664
1562765400,113.27,114.65,112.67,114.53,3339127
1562851800,111.53,112.24,109.1,109.82,6589644
1562938200,109.47,109.47,105.147,108.29,7211104
1563197400,108.3,109.16,107.59,108.47,4405586
1563283800,109,109.19,107.97,108.82,2206469
1563370200,109.35,109.65,107.08,107.09,3507528
1563456600,107.83,108.48,107.24,108.34,3232898
1563543000,108.5,108.515,106.58,106.79,4821024
1563802200,106.92,107.36,105.87,107.27,2894549
1563888600,107.5,109.4,106.055,108.22,5098250
1563975000,108.35,109.66,107.16,108.52,3762654
1564061400,108.57,110.38,107.68,107.82,4597004
1564147800,107.92,109.23,107.54,108.27,3470705
1564407000,108.07,110.24,108.07,108.72,3192491
1564493400,108.3,110.02,107,108.69,4664226
1564579800,108.06,110.71,107.61,108.95,5535653
1564666200,109.02,110.74,108.31,110.51,3678958
1564752600,110.96,113.27,110.575,112.42,4477651
1565011800,111.38,112.49,107.44,108.71,4765810
1565098200,109.47,112.12,109.0401,111.4,5490049
1565184600,110.37,111.38,108.53,111.12,4231696
1565271000,111.96,114.54,111.64,113.97,4815896
1565357400,113.24,114.55,112.35,113.77,2788109
1565616600,112.9,114.06,112.29,113.6,2653854
1565703000,113.53,116.14,113.43,115.7,5322106
1565789400,114.86,114.87,110.22,110.29,4937899
1565875800,110.42,111.312,109.21,110.23,3939890
1565962200,110.94,111.33,109.29,110.52,3497595
1566221400,111.05,112.94,110.79,112.53,2903526
1566307800,112.33,112.88,110.91,111.01,2074810
1566394200,112,112.44,110,111.46,2207306
1566480600,111.44,112.27,110.79,111.61,1840186
1566567000,111.46,112.56,108.88,109.51,3870286
1566826200,110.61,111.82,110.25,111.78,2565480
1566912600,112.31,112.88,110.73,110.73,2945278
1566999000,110.33,111.54,109.79,110.97,1744383
1567085400,111.81,112.38,110.6,112.25,2708553
1567171800,112.82,114.17,111.9208,112.97,2870678
1567517400,112.54,114.02,112.19,113.96,3710342
1567603800,114.38,114.5,112.45,113.25,3758039
1567690200,113.96,115.44,113.26,114.6,4045864
1567776600,114.78,114.99,113.84,114.05,2904651
1568035800,114.52,114.52,110.35,111.07,4982379
1568122200,108.37,111.13,106.4,111.1,6589495
1568208600,111.78,112,110.29,111.69,3404057
1568295000,111.92,112.42,111.12,111.47,3578469
1568381400,111.74,112.15,110.235,110.89,2842551
1568640600,110.42,110.53,109.21,110.13,1728877
1568727000,110.33,111.19,109.63,111.12,2489451
1568813400,111.44,112.91,111.17,112.72,3165105
1568899800,112.86,115.11,112.39,114.35,3947358
1568986200,115.93,117.23,114.47,116.16,7543885
1569245400,116,116.54,113.97,114.18,2933808
1569331800,114.36,114.55,111.94,113.25,3578773
1569418200,112.88,113.85,111.31,111.39,3117780
1569504600,112.04,112.66,110.69,111.82,2684304
1569591000,112.35,113.37,111.38,112.37,1906299
1569850200,112.4,113.45,111.685,111.83,2580818
1569936600,111.94,112.45,110.405,110.96,2493452
1570023000,110.33,110.64,106.66,107,4556003
1570109400,107.09,108.1,106.21,107.29,2875446
1570195800,107.49,108.26,107,108.2,2889307
1570455000,108.31,108.65,107.57,107.83,1506055
1570541400,106.89,108.325,105.95,107.19,2841693
1570627800,107.56,108.15,106.88,107.3,1637925
1570714200,107.03,107.485,106.58,106.92,2797589
1570800600,107.75,109.14,107.59,108.36,2558319
1571059800,108.52,109.13,107.88,107.9,1371611
1571146200,108.35,110.1,108.22,109.7,1761041
1571232600,109.18,109.48,107.79,107.95,2316857
1571319000,109.22,109.46,108.26,108.46,2268095
1571405400,108.31,108.94,107.9,108.64,2207095
1571664600,108.87,109,107.77,107.91,4079997
1571751000,109.98,111.46,108.89,109.84,5750365
1571837400,106,107.75,101.36,107.4,9115337
1571923800,107.5,108.21,106.25,107.84,3315208
1572010200,108.08,110.59,107.54,110.2,4234636
1572269400,110.62,113.19,110.62,112.99,4168518
1572355800,112.5,112.81,111.5,111.67,2987828
1572442200,111.37,113.21,111.26,112.72,2424676
1572528600,112.36,114.665,112,113.95,4124383
1572615000,114.07,114.51,112.3148,112.51,2629123
1572877800,113.24,114.33,112.865,113.11,3002129
1572964200,112.95,113.08,110.51,111.25,3357293
1573050600,111.57,114.29,111.51,113.82,3973691
1573137000,114.23,114.63,112.03,112.77,3076343
1573223400,112.65,113.57,112.1,113.53,2224211
1573482600,113.46,114.21,112.22,112.8,1770222
1573569000,112.77,114.04,112.45,113.17,2273221
1573655400,112.87,113.53,112.25,112.79,3275038
1573741800,112.19,112.36,111,111.39,2627138
1573828200,111.33,113.82,111.33,113.19,4857381
1574087400,113.02,114.13,112.86,114.07,3361591
1574173800,114.03,116.12,113.75,115.1,3781612
1574260200,114.96,115.92,114.05,114.61,3638226
1574346600,114.7,115.52,113.29,114.75,2909502
1574433000,115.09,116.68,114.71,116.2,3120074
1574692200,116.6,118.46,116.6,117.47,2939682
1574778600,117.47,118.11,117,117.09,4705350
1574865000,117.73,117.9,116.62,117.44,1798268
1575037800,117.23,118.04,117.17,117.35,1243926
1575297000,117.52,118.25,116.1,116.74,2200267
1575383400,116.4,117.92,115.92,117.61,3052711
1575469800,118.28,118.84,117.57,118.67,2597005
1575556200,118.4,119.92,117.54,119.77,3003189
1575642600,119.97,120.705,119.58,119.64,2462830
1575901800,119.53,120.84,118.94,120.24,2344005
1575988200,120.56,121.15,120.11,120.65,3592725
1576074600,120.56,121.2,119.98,120.78,3438106
1576161000,120.56,121.9325,120.56,121.7,2959433
1576247400,121.98,122.19,120.72,121.53,3343900
1576506600,123.07,124.26,122.06,122.85,3468563
1576593000,124,127.03,123.31,125.33,6723678
1576679400,127.88,129.98,127.69,129.48,8173458
1576765800,129.08,130.99,128.34,130.85,4423412
1576852200,132.49,137,131.24,132.43,9230757
1577111400,132.39,132.58,131.0287,131.15,2473592
1577197800,131.07,131.21,130.13,131.11,1215797
1577370600,131,131.7,130.66,131.14,1272183
1577457000,131.57,131.77,130.84,131.52,2161345
1577716200,131.52,131.93,130.87,131.3,1856229
1577802600,131.18,131.52,130.5,131.43,1549861
1577975400,131.77,132.26,130.73,132.21,1927432
1578061800,130.3,132.47,130.23,131.77,1963912
1578321000,131.42,132.56,130.94,132.26,2102920
1578407400,131.7,132.925,131.7,132.51,2448943
1578493800,132.46,134.21,132.01,133.71,5188559
1578580200,134.55,136.36,134.01,135.92,4524048
1578666600,135.78,138.27,135.53,138,4177719
1578925800,138.2,139.99,137.89,138.94,5117116
1579012200,138.99,140.9,138.12,140.65,4685251
1579098600,140.58,141.69,140.01,141.11,3676480
1579185000,141.83,141.97,139.85,141.43,3794808
1579271400,140.88,141.74,139.36,139.58,5393587
1579617000,139.5,141.57,138.43,140.91,4849620
1579703400,141.25,142.25,140.6915,141.56,2742065
1579789800,141.25,141.74,139.88,141.21,3138694
1579876200,141.85,141.99,138.7,139.07,3183268
1580135400,137.34,139.1,137.34,138.31,2826627
1580221800,138.69,139.88,138.23,139.26,2649056
1580308200,139.51,141.14,138.97,139.92,2816298
1580394600,138.18,143.72,138.1,142.67,5243822
1580481000,142.85,142.85,139.47,139.64,3913487
1580740200,140.53,141.57,139.68,141,5137780
1580826600,142.3,144.07,141.78,143.44,3177572
1580913000,144.78,147.36,144.53,147.35,4061100
1580999400,147.74,147.87,146.81,147.3,3285190
1581085800,147.22,147.22,145.38,146.41,2670411
1581345000,141.5,145.55,141.12,145.51,4892179
1581431400,145.73,145.86,143.18,144.25,2976514
1581517800,144.67,144.9,143.49,143.51,3953354
1581604200,142.86,143.74,141.79,141.8,3455635
1581690600,142.25,142.3162,140.565,141.12,2274126
1582036200,141.02,141.96,140.53,141.01,2858223
1582122600,141.62,141.84,140.36,140.83,3082771
1582209000,141.63,142.805,141.195,142,3416988
1582295400,141.34,142.65,140.33,142.04,2900958
1582554600,139.28,141.59,137.87,138.15,4727778
1582641000,138.94,139.23,134.62,135.41,3401770
1582727400,136.03,137.02,133.31,133.53,4659289
1582813800,133.33,134.6699,129.05,129.19,4292823
1582900200,126.38,126.8,121.51,126.13,7898390
1583159400,127.74,133,126.21,132.84,7355667
1583245800,133.28,135.65,128.69,130.31,6936631
1583332200,133.03,140.86,133,140.38,5301949
1583418600,138.38,141.91,137.53,140.15,6882129
1583505000,136.12,142.36,135.55,141.46,8010654
1583760600,134.02,140.93,133.31,135.72,5351578
1583847000,139.23,141.93,134.72,141.19,5961351
1583933400,139.46,141.84,137.3942,140.02,7211964
1584019800,130.79,136.5,125.93,126.02,7836650
1584106200,132.95,139.37,128.505,139.37,6841696
1584365400,131,138.68,128.2514,129.38,6619710
1584451800,133.21,143.59,131.1,143.2,8909251
1584538200,136.34,144,134.08,143.09,6734850
1584624600,142.49,142.98,131.12,133.09,6555120
1584711000,132.16,132.25,120.2315,122.4,9113640
1584970200,120.95,126.88,117.06,119.05,7299342
1585056600,123.24,124.6,117.41,122.89,6827409
1585143000,120.12,126.14,119.21,121.94,6472192
1585229400,123.29,135.7396,121.94,134.35,6723870
1585315800,130.65,137.61,130.1966,134.11,4717376
1585575000,133.87,141.77,133.51,138.44,5057365
1585661400,136.96,142.02,134.52,138.72,7561617
1585747800,134,137.19,132.98,136.42,3297943
1585834200,135.35,142.8,133.03,142.18,4725051
1585920600,140.92,144.6,138.46,139.66,4013280
1586179800,142.27,143.5,140.3,141.61,4159869
1586266200,143.13,144.8,140.05,141.88,3905980
1586352600,142.05,147.25,140.5,146.22,4006811
1586439000,144.51,146.4,143.55,145.73,4415537
1586784600,144.97,146.59,142.88,144.42,2289127
1586871000,147.28,151.5483,144.05,151.11,3809624
1586957400,148.94,153.4,148.51,151.18,3614430
1587043800,152.89,155.59,152,154.73,3512945
1587130200,155.42,157.67,153.03,157.29,3709893
1587389400,156.63,160.1974,155.61,157.79,2562267
1587475800,155.41,155.8,151.41,152.67,4270235
1587562200,154.61,157.28,153.57,156.71,3279266
1587648600,157.18,162.56,154,159.93,5692905
1587735000,162,164.9,160.61,162.93,4414235
1587994200,164,164.5,160.72,161.29,3210509
1588080600,160.94,161.9803,156.59,157.3,3270605
1588167000,157.76,158.03,154.67,155.16,3241034
1588253400,155.2,156.9785,153.28,154.64,4175767
1588339800,153.72,154.605,151.57,153.63,2576671
1588599000,154.65,156,151.26,153.28,2228949
1588685400,153.8,159.22,152.75,157.89,2862645
1588771800,158.46,158.94,156.35,156.68,1964792
1588858200,157.5,157.69,152.72,152.97,2330591
1588944600,154.2,154.42,152.55,153.51,1967688
1589203800,153.47,159.47,153.08,158.55,3196292
1589290200,159.87,161.4,157.59,157.72,2329658
1589376600,157.03,159.35,156.04,157.93,2649972
1589463000,155.94,158.95,153.81,158.38,2393935
1589549400,158.63,159.51,156.03,159.23,2824638
1589808600,161.34,162.37,157.11,157.96,2703730
1589895000,156.85,159.13,155.28,156.7,2339430
1589981400,155.27,157.43,151.61,153.13,3780795
1590067800,153.15,153.15,149.7208,152.28,3049756
1590154200,152.22,152.56,150.1672,151.16,2354972
1590499800,151.11,151.76,147.16,147.96,5013422
1590586200,148.17,148.17,143.62,145.7,5376334
1590672600,147.43,152.1,146.51,150.65,3983510
1590759000,151.66,153.64,149.94,152.95,9466743
1591018200,154.47,154.99,150.891,152.45,5235562
1591104600,152.08,154.08,151.04,153.86,3269734
1591191000,153.34,154.39,150.85,152.53,3190321
1591277400,152.21,153.54,149.711,150.71,3328760
1591363800,149.7,151.76,148.34,149.21,4579125
1591623000,146.75,149.25,146.52,149.21,4076682
1591709400,149.75,151.75,149.11,149.13,4302321
1591795800,149.96,152.4,149.84,151,4940240
1591882200,151.85,152.24,143.05,144.08,4547384
1591968600,145.54,146.38,141.47,143.54,3973250
1592227800,142,142.9,139.68,141.52,3710714
1592314200,156.32,167.43,155,163.71,15029908
1592400600,164.23,164.36,159.4,159.97,4711157
1592487000,159.2,162.97,158.2,161.07,3631610
1592573400,162.23,162.48,158.26,159.94,6004898
1592832600,159.18,161.48,158.92,160.45,2647611
1592919000,160.89,162.87,158.95,159.34,2771597
1593005400,158.55,159.79,156.33,157.03,3095967
1593091800,157.64,163.39,156.71,162.86,3735845
1593178200,162.33,163.7888,160.18,162.83,5290721
1593437400,163.85,164.205,161.03,162.72,2640297
1593523800,163.11,165.17,162.3,164.18,3296344
1593610200,164.32,165.47,162.52,163.3,2065209
1593696600,164.07,164.77,162.37,163.87,1960202
1594042200,164.46,168.92,164.01,166.89,2760124
1594128600,166.12,168.38,165.27,166.75,3273315
1594215000,166.84,169.82,166.84,169.13,2782025
1594301400,169.88,170.75,163.71,166.45,2955246
1594387800,166.14,166.14,162.74,163.36,2245221
1594647000,164.61,167,161.04,162.08,3455741
1594733400,162.88,164.77,161.53,163.88,2642956
1594819800,165.19,166.48,163.895,165.45,2346191
1594906200,164.95,165.44,162.6,165,1486791
1594992600,166.04,167.26,165.11,165.96,3027743
1595251800,166.49,167.71,165.73,167.04,1806386
1595338200,166.87,167.23,164.76,165.3,1540685
1595424600,165.54,165.85,162.33,164.84,1686461
1595511000,165.26,165.46,160.79,161.52,2408773
1595597400,161.47,161.47,158.45,159.54,2247922
1595856600,159.6,161.74,158.59,160.5,2709788
1595943000,161.67,165.41,161.345,162.65,3483155
1596029400,162.53,163.025,161.1,161.75,3108858
1596115800,158.45,158.5,150.45,153,6638127
1596202200,153.13,153.335,148.74,150.29,5342109
1596461400,152.8,153.85,151.22,152.84,3618435
1596547800,153.38,156,153.09,154.85,3260042
1596634200,157.31,157.49,153.3,154.34,2476460
1596720600,153.85,155.5,151,152.88,2176543
1596807000,152.96,153.5,151.58,152.93,2017370
1597066200,152.93,153.49,151.53,153,1745207
1597152600,153.14,153.14,150.2,150.63,2103351
1597239000,150.79,153.17,150.6,152.55,2430758
1597325400,150.82,151.69,149.79,150.46,2077861
1597411800,149.8,151.69,149.15,150.09,1538044
1597671000,150.92,152.7,150.36,151.53,2704741
1597757400,152.15,153.15,151.15,153.11,1960131
1597843800,153.81,154.41,152.01,152.29,1939000
1597930200,152.55,152.85,150.85,151.34,1830243
1598016600,151.34,151.35,147.95,149.26,3111979
1598275800,150.05,150.4,148.25,149.52,2268439
1598362200,150.36,151.31,149.31,149.68,2216224
1598448600,149.19,149.46,147.41,149.26,3029691
1598535000,150.58,150.94,148.94,148.97,3146090
1598621400,148.84,149.1518,146.98,147.34,2102621
1598880600,147.35,148.795,147.03,148.39,4430706
1598967000,148.61,149.2,146.645,147.3,2359277
1599053400,146.79,150,146.51,149.55,2407127
1599139800,152.19,153.37,147.46,149.02,4226126
1599226200,148.77,152.58,147.95,150.91,4361833
1599571800,150.95,151.31,148.5,149.31,4351532
1599658200,150.62,154.12,150.31,151.97,2328525
1599744600,149.88,150.6,145.715,146.22,3961343
1599831000,147.56,149.185,146.88,148.09,3001470
1600090200,149.09,150.505,147.47,149,3072507
1600176600,149.96,151.87,149.415,150.08,2923507
1600263000,151.72,152.68,150.79,150.96,3619715
1600349400,150.13,152.68,149.455,152.47,3620831
1600435800,152.04,154.5,152.04,154.17,13210113
1600695000,153.17,153.66,149.06,151.18,3501584
1600781400,150.91,151.57,149.15,149.86,2926393
1600867800,150.05,151.59,148.7,149.81,3546101
1600954200,149.26,149.66,147.37,148.81,3424319
1601040600,148.39,150.4,147.85,150.26,2440587
1601299800,151,151.58,147.9,148.1,2427522
1601386200,147.98,148.44,145.93,146.26,3308955
1601472600,146.4,148.445,145.06,148.02,5083858
1601559000,148.33,148.705,144.06,144.29,3809247
1601645400,143.67,146.94,143.27,145.21,3879999
1601904600,145.07,147.47,144.18,146.63,2790616
1601991000,146.93,147.83,143.93,144.13,2409309
1602077400,148.52,149.89,146.85,148.96,4602829
1602163800,152.4,153.94,150.5,153.5,4686102
1602250200,154.09,157.15,154.07,156.88,4590567
1602509400,156.83,157.15,154.42,154.49,3242667
1602595800,153,154.3269,148.55,150.08,5963891
1602682200,150.38,150.6,147.71,148.46,2710585
1602768600,146.51,146.91,145.38,146.78,3785950
1602855000,147.11,148.38,146,146.12,2919724
1603114200,147,147.4088,142.21,142.8,3158872
1603200600,143.36,144.12,142.11,143.59,2188844
1603287000,142.29,143.33,141.21,141.31,1983653
1603373400,141.53,142.265,140.8,141.65,3057821
1603459800,142.24,144.7,141.72,142.38,2427462
1603719000,141.9,142.2899,140.05,141.7,2947097
1603805400,133.02,136.08,131.87,131.9,11374611
1603891800,130.455,134.1008,130.31,131.31,6188028
1603978200,132,133.13,130.38,132.55,4099914
1604064600,131.76,133.105,129.21,130.46,4336046
1604327400,132.54,133.95,129.99,131.63,3449595
1604413800,133.64,134.07,130.7,130.98,3628832
1604500200,134.905,151.98,134.905,148.59,12211676
1604586600,147.68,148.81,144.7,145.52,5730964
1604673000,145.05,147.39,139.1,142.74,6229782
1604932200,142.54,144.75,140.6,142.33,5493775
1605018600,147.6,149.2,143.79,146.56,5376964
1605105000,147.76,147.76,143.37,144.76,3046843
1605191400,142.93,143.46,139.86,141.03,3464669
1605277800,142.43,143.21,141.3201,142.38,2144882
1605537000,143.06,144.3,140,140.59,4957963
1605623400,139.57,141.96,138.61,141.2,3619448
1605709800,141.9,142.42,140.13,140.17,2795172
1605796200,140.25,143.89,138.92,143.41,4626099
1605882600,142.84,147.09,142.84,145.49,5064305
1606141800,145.54,145.62,141.16,143.38,3794513
1606228200,143.39,145.64,143.11,144.9,4127874
1606314600,144.9,145.34,142.61,144.75,3223766
1606487400,145.65,147.92,145.36,147.44,1753995
1606746600,146.34,148.17,144.9,145.65,5842198
1606833000,146.69,148.06,145.26,145.56,3954412
1606919400,145.36,147.09,144.38,145.16,3757360
1607005800,145.7,146.5,143.13,144.11,4059610
1607092200,144.07,148.72,144,148.45,3058757
1607351400,147.3,148.33,146.48,147.42,2637180
1607437800,146.98,150.14,146.91,149.3,2754502
1607524200,154.59,158.94,153.68,158,8364372
1607610600,159.87,162,158.18,161,6430596
1607697000,159.72,161.18,159.06,160.04,3435693
1607956200,160.69,162.2871,157.83,157.91,4390109
1608042600,159.43,168.23,158.05,167.43,6976079
1608129000,169.69,173.19,166.75,172.05,6009932
1608215400,171.73,173.895,171.1,172.63,3473825
1608301800,172.52,172.89,169,171.4,7356515
1608561000,168.88,169,165.8,168.78,3656017
1608647400,167.71,168.39,165.87,166.72,2448907
1608733800,167.45,167.9997,165.47,165.48,1697282
1608820200,165.85,167.94,165.85,166.66,627229
1609165800,167.21,167.6028,165.21,166.5,1482012
1609252200,166.63,167.75,165.91,166.58,1712024
1609338600,167.44,168.39,166.68,167.01,1413465
1609425000,167.07,169.135,166.29,168.84,1643767
1609770600,169.02,169.4776,163.105,165.5,3164894
1609857000,165.19,166.66,163.2,166.32,2322787
1609943400,162.98,167.28,162.97,164.32,3619696
1610029800,164.18,167.12,161.78,165.83,3025518
1610116200,166.22,166.86,164.64,166.41,3438248
1610375400,185,189.3012,182.02,185.94,11402288
1610461800,182.79,184.24,177.438,178.8,7179275
1610548200,179.83,187.62,179.34,185.5,7303875
1610634600,185.27,188.96,184.58,186.69,4413184
1610721000,186.8,191.78,186.8,190.77,6624572
1611066600,196,199.5199,194.07,198.48,7729052
1611153000,198.77,201.7731,198.68,201.26,5335808
1611239400,203.7,204.72,198.01,202.35,8702898
1611325800,202.04,206.54,200.56,206.14,6128788
1611585000,208.24,212.53,208.0879,212.35,5959055
1611671400,212.55,213.23,210.6,212.72,6601482
1611757800,211.07,212.02,205.1,207.57,7358032
1611844200,208,211.84,207.57,210.12,5460392
1611930600,211.96,218,204.46,207.97,8401721
1612189800,209.46,209.89,203.1,203.14,5383786
1612276200,204.38,205.9,197.35,197.56,5314567
1612362600,197.81,200.59,196.89,196.96,3679090
1612449000,196.81,201.88,195.64,201.62,2924329
1612535400,201.62,202.9199,200.85,201.77,2732210
1612794600,202.38,206.43,201.91,205.77,2909487
1612881000,203.75,204.9499,200.32,201.71,2661320
1612967400,204.47,205.55,201.64,204.39,3062709
1613053800,202.87,204.18,201.62,202.58,3544689
1613140200,201.65,208.22,201.15,207.29,2611297
1613485800,205.98,207.49,203.61,205.76,2741949
1613572200,205.01,206.69,204.265,206.46,3339286
1613658600,205.3,205.415,200.95,201.12,3919791
1613745000,201.13,202.8789,200.3301,200.92,3434858
1614004200,199.18,201.61,197.96,200.68,2263632
1614090600,200.31,204.31,198.68,202.48,3287678
1614177000,201.67,206.455,201.63,204.52,2848792
1614263400,203.57,205.55,201.75,203.82,2386804
1614349800,206.7,206.99,202.06,204.89,3887878
1614609000,205.78,208.24,204.78,206.47,2797548
1614695400,208.89,209.95,204.1,204.14,3445286
1614781800,203.37,204.31,199.705,202,3660317
1614868200,203.79,204.74,198.61,200.54,4308430
1614954600,201.02,207.67,200.88,206.92,3876160
1615213800,207,210.8896,206.32,207.03,3300343
1615300200,208.34,212.16,206.06,206.11,4227322
1615386600,206.885,208.04,204.39,205.45,3400164
1615473000,206.51,207.25,204.27,205.21,4037377
1615559400,204.89,208.4599,202.28,208.08,4541373
1615815000,193.01,193.18,188.2,189.16,12405564
1615901400,191.5365,191.62,187.23,190.9,6194240
1615987800,189.73,189.83,186.56,186.73,5134224
1616074200,186.02,187.09,183.8,183.93,4239983
1616160600,184.7,185.8,183.88,184.29,6048561
1616419800,184.05,185.91,183.2,185.84,2673905
1616506200,185.35,186.655,183.25,183.68,3284889
1616592600,183.7,183.835,179.82,180.17,3931458
1616679000,181,183.64,180.22,183.09,2630505
1616765400,184.05,185.91,182.63,185.31,2868368
1617024600,184.66,187.6696,183.505,186.34,3002626
1617111000,185.53,186.86,184.71,185.5,2523602
1617197400,185.57,187.94,185.26,186.82,3621314
1617283800,186.82,188.07,184.66,185.24,2340366
1617629400,185.59,185.9,183.1,184.89,2864920
1617715800,184.69,185.63,182.49,182.8,2488379
1617802200,182.9,183.18,181.22,182.32,3406606
1617888600,182.95,183.97,182.47,182.61,2393198
1617975000,182.53,185.14,182.41,184.49,2611218
1618234200,183.43,183.94,180.88,181.82,2876088
1618320600,181.18,183.64,181.18,182.53,3089142
1618407000,182.59,184.469,182.05,183,2002075
1618493400,183.79,187.72,183.41,185.92,2586643
1618579800,187.38,190.3,186.88,189.25,3732096
1618839000,189.24,190.88,188.07,189.64,2966439
1618925400,190.41,193.5,190.17,190.61,2461129
1619011800,191.56,193.01,189.8,190.95,2219772
1619098200,190,191.27,186.75,187.05,2982838
1619184600,187.03,189.13,187.03,188.72,2483203
1619443800,188.57,188.65,186.06,187.22,2797528
1619530200,184,185.87,180.79,182.21,6838740
1619616600,181.45,182,178.5779,180.55,4682764
1619703000,181.06,182.63,180,182.2,2432461
1619789400,181.84,183.95,181.19,182.77,3103881
1620048600,182.99,186.35,182.92,185.92,3196957
1620135000,187.53,190.08,186.78,188.2,3703540
1620221400,188.65,193.57,188.17,192.81,4274374
1620307800,191.55,194.1,189.3227,193.89,3101937
1620394200,194.82,196.2668,193.9,195.42,2526753
1620653400,196.17,196.61,193.5,194.76,2242047
1620739800,193.39,195.75,193.01,194.75,1850449
1620826200,194.75,195.65,192.73,193.2,2397601
1620912600,192.25,196.11,191.75,194.94,2175323
1620999000,195.71,197.27,194.92,196.21,1823874
1621258200,196.48,199.61,195.09,195.53,2465967
1621344600,195,196.35,193.58,194.63,2369384
1621431000,193.61,197.39,193.11,196.51,3070497
1621517400,197.16,201.08,196.17,199.53,3494708
1621603800,200,201.92,199.47,199.88,2579208
1621863000,201,203.615,200.04,201.02,2074926
1621949400,201.43,201.85,199.14,199.22,2919227
1622035800,199.23,202.44,198.25,200.99,2891438
1622122200,200.65,201.38,195.5,199.2,9340280
1622208600,199.12,202.28,198.53,199.74,2386024
1622554200,200.32,200.89,196.68,198.42,3070326
1622640600,199.01,200.92,198.25,199.13,2030286
1622727000,198.99,203.64,198.61,202.7,3066605
1622813400,202.79,204.45,201.2902,202.02,2817826
1623072600,201.99,233.33,201.83,222.52,17231372
1623159000,221.71,222.27,217.37,220.7,4618467
1623245400,221.35,226.73,220.26,226,4934884
1623331800,226.97,235.847,226.25,233.54,5598166
1623418200,227.03,229.59,221.56,224.09,5635964
1623677400,224.23,226.66,223.02,226.1,2720733
1623763800,226.1,226.66,222.87,223.52,2188900
1623850200,223.53,224.36,220.2,220.76,2548827
1623936600,220.27,223.095,220.27,222.21,1891008
1624023000,220.43,221.05,218.32,218.55,4016656
1624282200,219.1,223.77,218.08,222.67,3671287
1624368600,222.63,223.61,220.5128,221.44,1658943
1624455000,222.19,222.24,217,217.1,2419664
1624541400,234.92,239.37,230.42,232.97,12290462
1624627800,233.12,233.4899,229.39,230.22,6992228
1624887000,229,229.88,226.8784,228.22,2507615
1624973400,228.25,231.4,227.85,229.37,1621247
1625059800,230.09,230.8459,229.06,229.52,1786736
1625146200,229.51,231.5,228.66,231.13,1977362
1625232600,231.97,234.21,231.33,233.96,1994140
1625578200,233.63,235.575,233.2301,235.42,3125526
1625664600,234.68,236.59,233.46,235.82,3141508
1625751000,233.83,237.27,232.1,237.12,2431482
1625837400,237.17,238.4717,232.75,234.99,4030341
1626096600,235.17,238,235.15,236.01,2928611
1626183000,235.98,236.65,234.03,235.3,1974044
1626269400,235.79,237.23,234.73,236.35,2103449
1626355800,235.01,235.99,230.69,231.47,3611300
1626442200,232.5,233.04,231.21,232.46,2229059
1626701400,231.88,234.3,230.57,234.14,2305943
1626787800,235,237.75,233.935,235.02,2297813
1626874200,236.38,237.37,233.59,237.29,1651502
1626960600,237.28,239.7,236.37,238.49,1703495
1627047000,239.28,244.55,238.56,244.15,2448303
1627306200,242.57,245.28,242.57,243.21,2678920
1627392600,243.71,244.06,242.66,243.58,2116551
1627479000,243.37,248.4,242.64,246.51,1688130
1627565400,247.5,248.24,242.2401,245.33,1924383
1627651800,244.9,245.95,242.63,243.5,1905119
1627911000,245.73,247.885,244.25,246.6,1958943
1627997400,244.75,259.37,243.5,255.99,5406183
1628083800,256,270.65,255.42,262.47,3892600
1628170200,263.28,265.51,261.33,264.19,2262446
1628256600,263.51,264.27,260.74,263.44,2155214
1628515800,264.58,273.04,264.5,267.16,3238463
1628602200,266.75,271.08,266.18,269.45,2060223
1628688600,269.59,270.94,262.66,264.1,2813289
1628775000,263.2,264.535,261.49,263.47,2100876
1628861400,263.15,265.69,263.02,264.21,1482410
1629120600,264.88,270.26,264.265,269.94,2623287
1629207000,271.16,275.87,267.18,272.71,2096073
1629293400,272.01,274.76,268.03,268.52,2527494
1629379800,266.15,271.8475,265.43,270.4,1901013
1629466200,269.38,272.8665,269.06,270.91,1536829
1629725400,272.3,272.91,267.7,267.82,2438890
1629811800,266.2,267.44,261.78,262.77,3736297
1629898200,262.78,264.52,261.29,263.87,2388585
1629984600,264,265.59,260.58,261.32,1732985
1630071000,262.52,263.1257,258.58,259.75,1839899
1630330200,261.03,264.07,259.61,262.31,1300723
1630416600,262.84,263.635,257.86,258.29,2733435
1630503000,258.54,258.77,254.49,257.4,2956822
1630589400,257.41,259.73,256.47,259.57,1469713
1630675800,260.83,260.99,256.7836,259.53,1124527
1631021400,259,260.82,254.41,254.8,2403689
1631107800,254.6,255.71,253.68,254.84,1542529
1631194200,253.29,254.02,239.67,240,4976593
1631280600,242.2,243.89,238.57,239.5,4633548
1631539800,240.04,241.15,235.15,237.96,2832834
1631626200,238.72,239.7939,231.98,233.09,3825977
1631712600,233.58,239.38,233.06,233.73,2802576
1631799000,234.08,234.69,229.73,231.04,2958684
1631885400,229.71,230.83,228.23,230.1,4480241
1632144600,228.09,232.73,227.29,231.64,2803437
1632231000,232.06,233.72,229.74,230.17,2172825
1632317400,230,231.03,227.58,228.3,2529635
1632403800,229.3,234.2,229.01,232.18,1912322
1632490200,232.77,235.385,231.34,231.68,1642578
1632749400,229.97,231.06,225.613,226.4,2785922
1632835800,226.39,226.4,220.2,221.6,3583251
1632922200,225.41,231.44,224.56,230.36,3971031
1633008600,232.78,237.16,230.8,231.05,3787048
1633095000,231,231.68,225.45,229.59,2215772
1633354200,227.8,230.19,224.22,224.85,4784747
1633440600,226.44,232.56,226.1747,230.93,2802025
1633527000,230.56,230.85,226.05,227.85,2462722
1633613400,229.12,234.11,229,233.18,2001803
1633699800,233.42,235.81,231.55,233.94,2563117
1633959000,236.7,237.99,233.6,233.67,1892511
1634045400,234.7,235.07,231.98,232.78,1719458
1634131800,234.07,237.92,232.8,236.44,2105892
1634218200,237.01,238.44,234.11,236.69,1824765
1634304600,237.42,239.2986,235.82,237.88,2598357
1634563800,237.95,242.66,236.7,238.98,2545987
1634650200,239.06,242.55,239.06,242.31,1573492
1634736600,243.73,245.9,243.04,243.72,1537772
1634823000,244.95,244.95,239.834,241.17,1717891
1634909400,240.96,244.04,239.56,243.75,1960703
1635168600,244.66,246.2667,240.52,245.05,2763099
1635255000,244.5,248.92,237.09,248.44,4532952
1635341400,248.61,254.46,248.32,250.17,3181498
1635427800,250.16,256.75,250.08,253.35,3386510
1635514200,253.78,256.47,251.77,254.76,3152015
1635773400,255.11,256.48,248.05,249.31,2735846
1635859800,251.25,259.3,249.4,256.85,3987869
1635946200,257.77,266.79,257.76,266.26,4382930
1636032600,265.48,271.11,265.27,271,4133581
1636119000,268.99,269.49,258.56,265,3745717
1636381800,263.99,266.91,259.155,260.53,2386204
1636468200,260.53,262.16,258.39,262.02,1963849
1636554600,262,266,261.6,264.65,2215238
1636641000,262.32,264.32,261.95,262.63,1739439
1636727400,261.78,262.52,258.93,259.65,1964191
1636986600,259.39,259.61,257.16,258.43,1903164
1637073000,256.96,260.35,255.99,257.72,2565741
1637159400,256.81,264.55,256.07,261.18,2873559
1637245800,262,263.8,259.82,261.33,1689635
1637332200,266.43,270.8,260.3,260.7,2788210
1637591400,262.22,263.9899,259.13,260.44,1997790
1637677800,259.47,262.76,259.25,261.96,1986326
1637764200,262.77,264.94,260.05,262,2518580
1637937000,261.8,265.88,259.03,260.37,1495480
1638196200,260.02,262.32,254.5,254.83,4041677
1638282600,253.27,254,246.48,248.04,8265918
1638369000,249.44,255.2991,247.89,249.13,3241515
1638455400,246.52,249.98,245.12,247.88,3817784
1638541800,252.13,253.48,243.08,245.58,4169687
1638801000,245.92,246.94,241.53,246.33,3491184
1638887400,244.24,245.435,241.45,245.11,4035797
1638973800,246.61,248.1815,239.47,244.32,3636201
1639060200,244.49,245.91,242.75,242.9,2291050
1639146600,241.2,244.585,241.2,244.14,2380759
1639405800,245.51,250.7,245.46,248.53,3016836
1639492200,247.74,250.01,246.39,249.38,3423994
1639578600,262.07,275.54,257.2098,275.28,10016675
1639665000,275.67,283.905,272.05,279.04,5546435
1639751400,276.67,276.67,265.3346,267.42,7588876
1640010600,269.23,270.005,260.35,263.48,3479415
1640097000,264,265.95,260.57,264.88,2702522
1640183400,264.74,266.56,262.85,266.5,2720994
1640269800,269.05,275.27,266.68,273.1,2632221
1640615400,275.04,280.3,274.72,278.41,1677639
1640701800,279.34,279.4,275.8901,276.43,1034224
1640788200,275.82,279.36,275.74,278.42,1112299
1640874600,279.19,280.65,276.37,277.25,1181480
1640961000,277.47,278.73,276.01,276.22,1315736
1641220200,274.41,274.41,267.0637,271.73,2621415
1641306600,269,269.875,263.58,266.81,2340621
1641393000,268.16,268.77,260.42,260.65,3004151
1641479400,260.1,261.295,255.46,259.33,2863297
1641565800,259.74,261.25,256.71,259.5,2245240
1641825000,258.19,260.16,255.89,260.11,2576704
1641911400,261.59,262.41,257.06,262.32,2294001
1641997800,252.9,257.4376,250.97,255.92,6562799
1642084200,254.07,255.5,248.55,249.67,3726509
1642170600,250.15,250.54,242.9,244.12,2894255
1642516200,242.75,248.52,242.09,247.07,3241277
1642602600,246.33,250.4091,244.725,245.05,2487565
1642689000,245.58,247.95,242.5,243.13,2655380
1642775400,246.88,247.875,242.12,243.06,2788638
1643034600,242.55,243.76,232.68,240.42,3716587
1643121000,236.81,241.53,235.12,239.46,2525106
1643207400,239.63,242.43,235.91,237.86,2913234
1643293800,239.98,243.27,235.76,236.72,2178965
1643380200,237.49,245.22,235.05,245.1,3081139
1643639400,243.27,245.49,241.915,245.39,3237085
1643725800,247.05,248.84,243.2621,248.28,2449373
1643812200,245.35,251.8756,244.025,250.83,2586720
1643898600,247.5,248.12,241.1,244.81,3473574
1643985000,242.72,244.1,241.22,242.27,3569451
1644244200,242.41,244.03,240.3038,243.55,3948368
1644330600,241.9,242.89,237.47,239.91,2614999
1644417000,241.26,244.46,241.06,243.27,1759921
1644503400,239.9,244.09,238.11,239.64,2283142
1644589800,239.23,240.63,234.85,235.74,2054452
1644849000,234,236.88,231.87,234.69,2572055
1644935400,236.65,244.79,236.65,243.84,3409708
1645021800,242.58,247.02,242.58,245.58,2458988
1645108200,245.58,245.585,240.41,240.97,2059125
1645194600,238.02,242.43,238.02,240.31,2518105
1645540200,239.21,240.86,237.52,239.13,2936714
1645626600,240.55,242.68,238.015,238.31,2296253
1645713000,235.18,243.93,234,243.08,3272267
1645799400,243.84,252.9,243.725,250.85,2442360
1646058600,246.14,250.06,244.59,249.95,3188813
1646145000,247.56,250.34,245.44,249.5,2873291
1646231400,249.88,256.48,249.055,254.17,2452100
1646317800,254.83,259.58,254.385,258.64,3153842
1646404200,256.21,263.455,255.52,262.87,3497133
1646663400,259.86,263.63,257.86,261.64,3074955
1646749800,259.93,265.3,258.91,259.93,3482650
1646836200,263.3,267.79,262.07,262.79,2965866
1646922600,262.84,267.73,262.84,266.02,2797440
1647009000,265.07,271.72,265.07,266.3,2469637
1647264600,268.99,270.9,267.32,269,2713824
1647351000,269.87,276.48,269.87,275.46,4396863
1647437400,277.85,278.61,273.01,276.44,3148591
1647523800,277.01,285.8882,276.45,285.51,3270105
1647610200,285.84,291.35,284.86,287.64,4557921
1647869400,287.76,295.33,287.76,289.64,3495714
1647955800,289.67,290.56,283.39,285.02,3791830
1648042200,284.42,288.18,283.35,284.19,3149382
1648128600,286.29,288.85,284.66,287.69,2412353
1648215000,288.5,291.65,286.58,289.02,2400056
1648474200,291.328,292.45,288.31,291.66,2195001
1648560600,292.03,293.14,287.58,288.39,2798056
1648647000,290.58,292.29,287.99,289.89,2220148
1648733400,289.37,291.8,285.92,286.37,3227759
1648819800,286.15,293.14,284,292.67,3066159
1649079000,292.75,294.98,290.95,291.42,3014182
1649165400,291.72,295.83,289.1,292.49,2324254
1649251800,296.09,306.56,294.77,305.84,4672935
1649338200,305,314,305,308.43,4270824
1649424600,308,312.38,307.95,311.69,3024679
1649683800,313.09,313.76,308.05,308.96,2178073
1649770200,306.58,309.61,304.18,308.08,2688230
1649856600,307.28,308.3,300.41,302.67,2528740
1649943000,303.75,304.47,300.19,301.86,1898106
1650288600,301.07,302.06,296.8,298.82,1581398
1650375000,298.41,299.69,293.8,297.01,2021659
1650461400,297.02,299,292.3,292.92,2608630
1650547800,292.92,293.4525,286.66,289.61,2716751
1650634200,289.3,289.62,278.4,278.73,2772584
1650893400,278.75,285.95,276.83,285.2,2410175
1650979800,286.18,290.21,282.7919,282.83,2166647
1651066200,283.1,288.13,280.59,285.09,2352078
1651152600,295.99,300.51,288.56,297.27,5887534
1651239000,295.79,297.31,289.14,292.13,3910872
1651498200,291.23,292.84,284.28,289.56,2790024
1651584600,288.63,289.81,284.11,288.07,2109522
1651671000,288.5,296.98,284.12,294.9,2743561
1651757400,293.42,294.99,288.3,292.37,3120381
1651843800,290.17,298.25,288.52,296.9,2931169
1652103000,293.51,294.93,286.65,289.23,3460544
1652189400,292,293.43,285,285.7,3140981
1652275800,283.67,294.5,283,286.69,2625192
1652362200,283.325,291.99,283.325,291.8,2369996
1652448600,292.63,292.8,286.51,291.63,2337673
1652707800,292.11,309.44,291.6,299.38,5118315
1652794200,300,303.4,293.39,301.4,2552984
1652880600,300,302.6,294.03,295.19,2161429
1652967000,293.58,293.58,284.37,286.27,3157441
1653053400,290.73,299.24,288.92,298.85,3129140
1653312600,300.6,304.92,299.35,302.6,2873617
1653399000,303.71,307.67,299.8,305.96,2804943
1653485400,307,310.42,304.64,307.01,3195708
1653571800,305.23,313.91,303.61,313.46,3284351
1653658200,312.65,324.08,311.26,323.48,3694287
1654003800,316.63,318.46,309.03,313.44,6298904
1654090200,313.44,313.9,305.59,311.08,2731736
1654176600,310.57,310.665,298.165,302.43,3703312
1654263000,302.16,305.81,300.7,301.65,2490022
1654522200,315.13,315.13,303.09,303.36,3734398
1654608600,303.992,312.15,303.02,312.1,3652818
1654695000,312.43,315.5,310.81,313.49,2684523
1654781400,311.6,311.92,303.11,303.25,1965302
1654867800,299.23,301.66,296.87,297.01,2471662
1655127000,290.432,293.16,288.51,291.28,2898757
1655213400,289.17,292,287.29,290.79,2422560
1655299800,291.6,296.34,288.53,292.99,1970129
1655386200,290.2,290.2,283.11,288.07,2628808
1655472600,290.01,300.99,289.68,290.9,6900000
1655818200,292.38,299.28,290.31,297.34,2821331
1655904600,296.96,309.65,296.43,306.69,4536148
1655991000,309.5,313.19,307.19,312.72,3729325
1656077400,319.55,325.82,319.01,325.62,5449892
1656336600,324.23,330.85,322,327.27,3219127
1656423000,326.52,329.065,316.76,317.62,2748331
1656509400,318.16,324.7,317.65,323,2562542
1656595800,322.13,327.05,320.01,324.23,2732891
1656682200,323.88,325.4,317.76,324.71,1817810
1657027800,322.44,327.43,318.93,327.18,2109663
1657114200,328,332.74,326.75,330.15,2252491
1657200600,327.25,330.5,326.24,327.95,2395046
1657287000,326.55,334.52,326.16,330.47,1898294
1657546200,330.61,332.68,329.4276,331.07,1342949
1657632600,330,331.99,323.36,323.59,2058398
1657719000,322.01,324.68,320.83,322.46,2564310
1657805400,317.54,327.76,315.51,326.89,2615713
1657891800,331.97,335.33,328.17,331.6,3340336
1658151000,330.12,331.97,319.71,321.77,2116414
1658237400,324.09,327.38,321.84,326.2,1628234
1658323800,327.09,327.82,320.31,322.03,2051072
1658410200,321.45,328.05,319.71,326.92,1692104
1658496600,326.95,329.22,325.83,328.75,1850862
1658755800,328.75,332.27,328.06,331.55,1741726
1658842200,330.99,332.57,328.61,331.56,1812283
1658928600,328.98,330.87,325.1901,328.94,1643193
1659015000,330.24,333.59,321.74,330.8,2351047
1659101400,331.06,331.06,326.82,329.69,3399855
1659360600,327.51,330.43,323.46,324.15,2464276
1659447000,327.19,328.98,319.36,320.2,3405692
1659533400,320.63,320.98,310.22,313.83,5152196
1659619800,310.2,310.25,302.24,305.79,4696250
1659706200,302.48,305.32,300.31,301.32,2814275
1659965400,300.65,306.12,296.53,302.5,3219472
1660051800,305.09,306.6973,301.3,303.02,2123056
1660138200,304.5,307.13,302.59,304.61,2351049
1660224600,301.03,305.42,299.63,301.17,2198999
1660311000,302.92,308.49,301.3,308.08,2305105
1660570200,309.21,314.61,307.31,313.94,2795795
1660656600,313.93,314.365,309.63,310.31,2247979
1660743000,310.01,320.6,310.01,316.82,2747228
1660829400,316.75,318.96,314.2,316.72,2261691
1660915800,317.51,325.75,317.5,322.77,3393325
1661175000,322.28,325.77,320.39,323.1,2488026
1661261400,321.24,321.84,313.87,315.1,2962108
1661347800,316.47,320.86,315.22,318.87,1826987
1661434200,320.6,323.37,315.83,323.14,1977925
1661520600,323.59,324.5899,315.265,315.56,1857980
1661779800,313.34,314.87,309.6801,310.15,1696996
1661866200,310.14,311.97,306.01,307.04,1980254
1661952600,307.14,308.82,301.11,301.23,3183504
1662039000,301,309.41,300.5,309.13,2939177
1662125400,310.11,310.22,299.76,301.33,2525421
1662471000,302.95,312.8331,302.23,306.82,2322342
1662557400,308.77,312.4,304.88,311.6,2228255
1662643800,311.95,315.73,307.59,315.5,2212547
1662730200,316.45,320.17,315.22,317.7,2177390
1662989400,318.89,320.45,314.88,315.22,2077414
1663075800,310.01,312.31,304.99,306.48,2272439
1663162200,307.21,311.8129,305.9,309.61,2002888
1663248600,309.71,312.28,305.75,309.47,2348077
1663335000,307.97,311.96,306.7375,308.89,4380422
1663594200,306.48,306.52,297.65,305.09,2515481
1663680600,303.82,303.82,298.94,301.73,1816772
1663767000,301,304.53,296.32,296.48,2241157
1663853400,300.8,312.61,299.96,310.87,5918287
1663939800,311.87,315.18,305.12,311.46,4572588
1664199000,308.8,311.73,304.88,307.5,3759990
1664285400,309.15,313.95,308.32,311.1,3019604
1664371800,333.53,341.7,328.1,334.38,9436333
1664458200,333.97,334.68,327.27,330.01,3743066
1664544600,327.15,329.5072,322.42,323.35,4474113
1664803800,325.99,329.345,317.05,321.55,3340749
1664890200,322.18,330.1,321.78,329.89,2622532
1664976600,328.3,333.85,327.52,331.78,2186065
1665063000,327.94,339.26,326.87,332.95,4299153
1665149400,332.97,333.07,324.9,326.66,2601643
1665408600,326.23,327.0068,320.24,323.89,1956232
1665495000,320,329.03,319.43,327.6,2599113
1665581400,327.38,333.65,323.88,324.57,1764724
1665667800,319.12,333.374,319.1001,332.1,2657403
1665754200,331.56,335.2874,328.2269,331.39,2231710
1666013400,332.79,337.58,331.75,332.76,2230039
1666099800,334.14,335.33,330.37,335.03,2087263
1666186200,335.25,335.63,325.97,329.29,2419015
1666272600,331.15,331.435,325.9,329.07,1761387
1666359000,329.07,342.43,326.77,340.77,3274712
1666618200,344.22,351.77,344.22,347.9,3375901
1666704600,346.52,352.3299,343.0501,351.31,2513137
1666791000,352.5,361.48,350.44,357.86,2373741
1666877400,358.99,361.1175,355.32,356.33,2347623
1666963800,360.32,362,357.04,359.9,2942083
1667223000,358.65,363.9199,350.46,362.09,4258199
1667309400,345.83,358.99,340.75,352.58,7012953
1667395800,354.16,363.1467,350.21,354.96,3775944
1667482200,354.06,362.83,351.51,361.68,2602543
1667568600,365.2,365.8754,353.335,357.41,3004733
1667831400,358,367,357.5,365.07,2560290
1667917800,365.15,368.75,361.9333,366.66,3278611
1668004200,368.44,369.8,361.91,363.27,2323699
1668090600,367.24,369,363.0001,368.72,2993994
1668177000,366.16,367.83,344.52,352.3,6646279
1668436200,359.07,360.8,340.12,356.06,4717434
1668522600,356.94,356.99,346.355,349.95,4180693
1668609000,350,356.88,349.96,352.93,3563981
1668695400,352.91,362.3,352.71,360.77,2931146
1668781800,362.55,364.67,359.35,361.67,2421110
1669041000,360.39,363.76,355.37,361.17,1999399
1669127400,362,362.8,357.3,360.88,2460356
1669213800,361.34,362.47,358.63,361.72,1993218
1669386600,362.9,365.83,361.55,365.25,1039094
1669645800,363.45,369.51,361,365.77,2481988
1669732200,364.62,366.11,360.64,363.95,2207038
1669818600,365.07,372.35,361.8,371.08,5556445
1669905000,374.79,375.185,368.49,370.33,2516098
1669991400,366.08,375.04,365,374.76,1925568
1670250600,373.76,375.25,368.28,369.29,2296532
1670337000,367,370.64,365.5193,368.54,1970992
1670423400,369.32,375.235,368.76,371.97,1629084
1670509800,373.26,373.26,366.5,371.79,2090943
1670596200,373,374,360.81,360.99,2787175
1670855400,362.93,367.8299,362.5,367.25,2639333
1670941800,361.63,372.74,358.32,358.66,5032632
1671028200,359.01,369.425,357.055,363.5,5095457
1671114600,360.66,363.965,356.69,360.01,3437854
1671201000,357.93,360.48,355.17,359.87,6612417
1671460200,357.81,359.7,354.6101,357.78,2658425
1671546600,358.5,361.45,356.34,359.64,2276011
1671633000,362.63,370.68,361.21,368.01,2211291
1671719400,367.32,369.76,362.29,365.31,1958287
1671805800,364.82,367.9,362.47,367.9,1030267
1672151400,369.5,369.73,364.33,364.88,1372062
1672237800,366.17,368.01,363.94,365.22,995966
1672324200,368.1,370.95,366.46,367.02,1077852
1672410600,367.49,367.95,362.113,365.84,1388100
1672756200,366.26,369,361.46,364.99,2006686
1672842600,364.64,367.115,360.34,363.1,1886196
1672929000,360.95,361.49,352.96,358.92,2008524
1673015400,360,366.7,357.5815,362.94,2131283
1673274600,364,364.97,348.79,349.83,2980570
1673361000,349,353.21,343.34,352.75,2465191
1673447400,354.34,361.76,351,360.41,2602845
1673533800,359.25,360.4962,353.08,359.12,2019744
1673620200,359.57,363.31,358.64,361.62,1690881
1673965800,361.62,362,356.55,357.74,2435381
1674052200,356.32,359,351.58,352.01,2302261
1674138600,352.37,355.8,350.42,351.08,2658332
1674225000,347,349.065,341.58,346.07,5391878
1674484200,346.61,346.61,340.22,342.21,3403129
1674570600,346,346.63,341.36,346.39,2242466
1674657000,345.55,349.78,345.1,349.73,2503326
1674743400,351,352.18,346.73,348.01,2576176
1674829800,346.11,348.09,341.5255,342.1,2363613
1675089000,344.33,347.8,339.46,340.5,2647724
1675175400,340.68,344.4,339.38,344.15,2406652
1675261800,342.79,345.94,337.52,342.57,2990949
1675348200,334,335.3,317,330.7,13036614
1675434600,332.95,342.329,329.37,339.08,5670711
1675693800,341.98,343.42,334.62,337.66,3055672
1675780200,336.05,340.96,332.69,339.68,2464138
1675866600,338.56,342.87,337.82,340.73,2399385
1675953000,340.89,347.35,340.5,341.79,3072770
1676039400,343.27,348.43,342.73,345.12,1980013
1676298600,346.47,350.81,346,350.4,2291589
1676385000,350.54,353.815,347.28,347.56,2028850
1676471400,345.85,346.8673,334.35,335.01,3603468
1676557800,331,332.935,325.72,326.07,3654165
1676644200,323.15,331.585,320.5,328.4,3695750
1676989800,327.15,331.72,326.33,327.51,2515648
1677076200,328.71,332.6,326.33,329.07,2380008
1677162600,328.01,332.83,325.69,327.52,2229544
1677249000,326,327.2255,320.09,321.64,2594624
1677508200,322.6,323.4,315.9,316.62,3043472
1677594600,315.49,315.49,309.64,311.22,3966856
1677681000,310,316.9055,309.2,314.17,3580764
1677767400,311.79,316.3,310.53,315.05,2885235
1677853800,316.37,320.16,315.2407,318.43,3002947
1678113000,316.94,320.24,316.5,318.96,2673717
1678199400,319,320.35,309.6,310.63,2620827
1678285800,310.5,313.03,309.32,312.54,2313238
1678372200,312.31,318.7699,312.31,316.85,3920329
1678458600,318.85,326.53,314.34,315.02,4597335
1678714200,317.24,331.8,317.24,324.49,5275659
1678800600,324.05,327.28,321.44,327.07,4214331
1678887000,326,331.36,324.5,329.47,4743547
1678973400,327.64,331.6999,325.04,329.53,3498500
1679059800,331.5,334.9457,328.1,329.18,8679808
1679319000,329.18,333.94,329.0125,333.6,3540866
1679405400,334.39,334.44,328.0763,331.08,3240628
1679491800,331.77,335.6,330.65,330.97,2472812
1679578200,330.89,335.34,330.21,332.64,2703482
1679664600,332.99,336.93,328.77,336.13,2792171
1679923800,327.8,336.22,323.26,334.6,3102495
1680010200,335.8,338.83,334.715,337.65,2433281
1680096600,339,339.77,334.58,335.87,2743787
1680183000,336.07,341.31,336.07,340.69,2146899
1680269400,342,343.65,340.69,343.42,2933578
1680528600,343.24,351.535,342.3,350.74,3039568
1680615000,352.07,359,351.27,354.62,3585862
1680701400,358.08,364.85,357.93,362.24,3442690
1680787800,364.85,369.5,364.25,368.29,3531707
1681133400,368.18,368.345,363.038,367,1868149
1681219800,367.76,368.8,363.59,364.04,2026953
1681306200,364.02,372.44,363.33,369.05,2672766
1681392600,372.62,375.56,370.31,375.15,2839943
1681479000,374.24,376.31,372.51,374.73,2287924
1681738200,375,375.895,371.16,372.35,2059925
1681824600,373,374.26,369.66,369.91,1925398
1681911000,370.55,371.28,367.35,370.47,2173205
1681997400,371.39,376.06,369.755,374.81,2766506
1682083800,378.01,386.27,378,385.24,3682470
1682343000,385.24,387.05,381.625,383.35,2059833
1682429400,385.05,390.48,384,384.84,2648590
1682515800,381.12,381.5,370.68,376.27,3161235
1682602200,391.26,398.53,380.771,390.35,4981319
1682688600,398,404.3131,392.505,395.86,5350064
1682947800,397.26,407.35,392.255,405.81,4091129
1683034200,407,411.54,399.26,404.2,3884642
1683120600,415.03,434.2,414.31,431.19,10129759
1683207000,431.45,432.7,425.22,428.44,4070697
1683293400,428.1,431.27,424.56,427.81,2753370
1683552600,426.2,435,423,432.72,2478575
1683639000,431.77,435.6,428.045,428.38,2601781
1683725400,426.06,438.39,426.06,435.92,2766347
1683811800,436.7,436.85,431.1155,435.55,2595934
1683898200,440.16,445.54,434.42,434.43,3939247
1684157400,435.37,436,430.67,434.51,2234778
1684243800,434.2,438.475,430.66,436.65,2129191
1684330200,438.8,438.95,432.73,437.47,2274225
1684416600,436.505,439.52,433.5948,437.89,2268104
1684503000,439,447.51,439,442.38,3442937
1684762200,444.31,454.95,432.39,433.99,4398012
1684848600,432.92,435.89,421.51,423.21,4492062
1684935000,424,428.9574,420.26,425.77,3133017
1685021400,426.38,428.2,419.8,427.31,2882190
1685107800,424.9,431.67,423.67,425.79,2338607
1685453400,423.79,428.73,422.0601,427.24,2595731
1685539800,427,430.56,424.01,429.46,3950859
1685626200,430.27,436.79,428.13,436.49,2914606
1685712600,439.96,444.7,436.7849,442.33,2499045
1685971800,443,447.8,441.2488,444.26,2326447
1686058200,447.83,448.87,440.02,443.07,1495431
1686144600,440.2,446.69,435.68,436.37,2458343
1686231000,435.88,447.47,432.34,445.66,2040858
1686317400,449.3,449.3,442.6,446.04,2082341
1686576600,446.15,446.99,438.68,445.31,2566696
1686663000,443.67,447.4006,442.25,445.72,1766345
1686749400,444.29,448.78,443.54,447.72,2163490
1686835800,448,456.575,447.69,453.93,2287108
1686922200,455.8,456.98,447.5,447.71,4295714
1687267800,445.86,454.88,445.11,451.95,2507676
1687354200,454.5,455.34,450.2122,453,2347588
1687440600,455,462.26,453.82,457.68,2913524
1687527000,457,460.01,452.32,458.84,4832135
1687786200,465.26,465.26,448.92,452.76,3214677
1687872600,462.5,467.98,451.7,464.5,4138716
1687959000,468.51,468.53,457.32,458.7,2854710
1688045400,459.06,465.83,457.5062,464.49,2112385
1688131800,464.65,469.87,464,468.98,3173216
1688391000,466.26,466.26,457.37,461.42,2113173
1688563800,462.1,467.2525,460,465.7,2130392
1688650200,463.12,467.6,461.62,463.21,2193610
1688736600,462.33,463.61,451.24,452.08,2914742
1688995800,452.96,454.67,449.71,453.16,2011375
1689082200,450,450.56,437.61,439.39,3573117
1689168600,438.47,444.3,435.01,440.6,3107830
1689255000,440.23,442.24,434.34,434.7,2865139
1689341400,441.1,450.45,440.87,449.46,2955014
1689600600,449.45,450.62,443.26,447.14,2349068
1689687000,446.95,453.3224,445.04,451.2,2237938
1689773400,451.4,455,448.56,453.56,2212841
1689859800,455.15,465.22,455,463.82,2624224
1689946200,465.41,467.04,461.97,462.04,2226909
1690205400,462,465.64,457.67,459.32,2190663
1690291800,457.76,460.92,456.6,457.54,1737804
1690378200,455,455,446.56,453.59,1959809
1690464600,453.32,458.68,452.2529,454.99,1883510
1690551000,455.13,459.57,451.7801,458.48,1438327
1690810200,459.02,459.02,450.8,454.55,2110442
1690896600,455.35,457.37,451.4501,453.09,1739519
1690983000,455.23,461.64,451.32,454.48,2367147
1691069400,450.775,454.095,448.26,449.16,2414179
1691155800,449.24,452.47,446.89,449.49,1870352
1691415000,453.25,455,450.58,454.08,2446374
1691501400,506,538,502.71,521.6,15094503
1691587800,520.37,532.53,516.89,526.23,5376561
1691674200,523.47,528.74,519.99,521.34,4108545
1691760600,523.72,531.81,520,528.28,2524300
1692019800,531.28,542.3,529.25,538,3981105
1692106200,537.73,547.29,533.78,546.62,2826844
1692192600,547.4,552.87,542.5012,546.24,2597094
1692279000,543.21,548.805,537.39,537.66,2549857
1692365400,535.03,547.77,533.9001,546.43,2958610
1692624600,546.99,553.5,545.75,550.05,2305424
1692711000,549.53,556.095,547.28,553.66,1937059
1692797400,556.72,557.4,548.21,553.36,2121301
1692883800,552.7,556.98,547.3,548,1776666
1692970200,549.63,556.095,547.08,553.65,1847649
1693229400,550.13,556.23,550.12,553.92,1373698
1693315800,553.45,556.345,549.86,553.9,1701224
1693402200,555.01,557.75,547.04,547.99,2191120
1693488600,547.02,557.41,543,554.2,3043443
1693575000,556.32,559.205,553.51,557.11,2030842
1693920600,559.23,561.93,556.71,558.19,2257195
1694007000,561.02,561.59,552.7,559.95,2424252
1694093400,564.19,576.31,562.6207,573.23,3707122
1694179800,572.33,587.55,571.22,586.46,4311028
1694439000,587.15,598.16,584.48,595.56,3876545
1694525400,590.97,601.13,587.85,599.3,3212110
1694611800,594.66,600.75,591.7,598.88,3126627
1694698200,599.24,601.84,590.01,591.61,3244807
1694784600,592,594.06,575.06,575.66,5941215
1695043800,578,578,564.41,571.28,2723628
1695130200,571.62,578.41,570.63,574.96,2186004
1695216600,573.42,575.25,569.19,569.64,1870727
1695303000,567.19,568,542.5,550.13,4051388
1695389400,548.81,555.49,547.6273,550.54,2354187
1695648600,550.1,552.662,545.7501,552.29,1686515
1695735000,550.7,554.13,548,550.01,1864471
1695821400,549.89,551.69,543.665,549.76,2004174
1695907800,551.32,551.68,541.395,544.45,2178763
1695994200,545.49,546.085,532.2,537.13,2967708
1696253400,536.01,540.64,526.81,538.29,2810131
1696339800,536,537.34,516.57,525.19,3266118
1696426200,525.56,536.175,523.6301,531.46,2220627
1696512600,533.54,542.5,531.61,541.48,2950691
1696599000,544,566.3592,542.71,565.22,4745172
1696858200,564.02,579.79,563.58,571.76,4208115
1696944600,570,585.95,569.73,579.31,3526745
1697031000,596.2,608.79,585.01,605.28,5850640
1697117400,605.46,613,602.2,610.5,4063499
1697203800,617.89,629.97,602.56,609.2,3972073
1697463000,610.99,621.9823,608.43,616.64,2941520
1697549400,619,620.4,602.53,608.31,2911669
1697635800,607.24,615.875,603.2401,607.24,2049105
1697722200,605,605,578.34,590.8,3493655
1697808600,590,596.92,580.88,584.64,3666851
1698067800,586.06,588.34,576.14,576.65,2781927
1698154200,580,594.523,579.105,592.43,2632972
1698240600,596.94,599.7,585.87,586.46,2283296
1698327000,580,581,566.16,568.1,2846495
1698413400,563.01,570.81,556.6401,560.23,2717360
1698672600,571.21,573.2099,562.55,565.71,2290889
1698759000,568.97,569.61,547.61,553.93,3661447
1698845400,555,558.43,551.26,554.46,2935938
1698931800,578.33,597.4399,571.99,580.29,5181296
1699018200,578.43,582.995,567.18,567.81,3056541
1699281000,571.1,597.7096,571.01,595.19,3978451
1699367400,597,601.94,590.125,599.93,3168249
1699453800,607.66,625.87,592.18,619.13,7776448
1699540200,614.76,615.65,583.43,591.32,6279799
1699626600,595,598.86,586,597.71,3650068
1699885800,594.35,618.75,578.15,612.71,5744828
1699972200,608.22,616.04,602.67,610.82,3827645
1700058600,610.88,612.91,584.4165,588.54,4287011
1700145000,591.5,595.0899,581.7501,588.75,3030535
1700231400,592.45,596.1785,587.21,591.71,2628620
1700490600,591.44,604.86,590.69,597.6,2831258
1700577000,598.44,601.56,591.77,592.6,1851562
1700663400,595.4,599.18,586.75,595.09,2052682
1700836200,598.36,603.5,596.9813,601.1,1341674
1701095400,601.17,603.69,591.14,591.53,2630713
1701181800,592,595.38,589.36,591.6,1793933
1701268200,592.2,594.5399,584.4401,591.86,1908649
1701354600,591.46,596.23,586.21,591.04,5658350
1701441000,591.7,601.97,583,584.04,3638565
1701700200,582.13,587.09,574.33,585.68,2577122
1701786600,583.28,591.8,579.373,588.15,2157343
1701873000,590.74,593.9,584.4,589.25,2093105
1701959400,588.28,588.8699,577.61,588.27,2095042
1702045800,589,598.3,584.77,598.05,2446790
1702305000,598.66,601.19,567.41,584.04,5614106
1702391400,582,585.85,578.1663,584.76,2846097
1702477800,583.26,598.6699,582.31,597.5,3112544
1702564200,594.5,594.5,568.69,573.67,5275911
1702650600,572.1,573.71,561.65,572.04,5317020
1702909800,576.47,583.05,575.7,579.76,3033944
1702996200,580.25,585.11,577.25,579.81,2192689
1703082600,576.48,579.86,570.03,570.21,2647100
1703169000,571.41,574.9999,567.02,572,1786473
1703255400,573.02,575.9,567.42,570.39,2226069
1703601000,569.5,572.7722,567.64,570.67,1678898
1703687400,570.5,583.68,570.5,581.51,2163409
1703773800,581.98,586.69,580,580.85,1973512
1703860200,582.85,586.1704,579.47,582.92,2000055
1704205800,580.41,592.72,579.05,592.2,3226661
1704292200,600,619.84,598.8,617.7,5130330
1704378600,625.26,636.41,613.27,614.5,6272532
1704465000,614,619.94,610.19,618.55,2403955
1704724200,622.43,626.0599,609.59,626.03,2453931
1704810600,630.105,634.425,623.72,625.48,2918891
1704897000,628.49,637.0541,625.76,630.19,2679074
1704983400,634.39,639.76,628.14,635.72,2690341
1705069800,638.2,644,633.0101,642.92,2067773
1705415400,643.91,647.73,633.67,634.57,2413610
1705501800,639.45,640.52,625.19,628.91,2124096
1705588200,621.28,623.8799,612.7,623.35,3384999
1705674600,622.39,629.59,620,628.58,3125030
1705933800,630,632.64,625,630.88,2030201
1706020200,627.69,630,614.82,629.68,2524983
1706106600,633.52,643.165,632,633.7,2276855
1706193000,627.37,632.613,624.68,627.62,2407930
1706279400,637.35,639.6,630.5,639.25,2410349
1706538600,641.5,645.65,639.77,645,2718484
1706625000,645.7,646.8,641,644.98,2006101
1706711400,650.38,663.5499,637,645.61,4719039
1706797800,647.33,660.52,643.17,660.43,2494287
1706884200,662.38,672.615,659.735,667.65,3019223
1707143400,691.02,711.8763,682.53,706.2,7602392
1707229800,742,742,691.1,705.03,8199902
1707316200,710.38,740.9899,707.02,725.38,5797966
1707402600,728.32,741,725.75,735.68,4636885
1707489000,735.5,745.7,733.61,740.16,2833894
1707748200,740.8,740.8,726.45,737.26,2932304
1707834600,730.18,742.98,730.18,742.97,2860265
1707921000,745.82,764.05,745,757.31,3394326
1708007400,755.8,762.99,750.01,757.78,2507030
1708093800,771.03,794.47,763.5,782.06,5009368
1708439400,790,793.38,753.2001,755.66,4701094
1708525800,738.08,749.5,733.24,745.91,3548650
1708612200,763.58,775.12,756.27,769.64,3167403
1708698600,774,777.6499,762.26,769.54,2394805
1708957800,771.3,780.22,769.12,771.92,2243779
1709044200,754.9,772.95,745.44,765,2716745
1709130600,762.25,763,751.66,757.64,2716307
1709217000,753.08,756.46,744.025,753.68,3905355
1709303400,769.02,784.08,764.13,782.12,4247527
1709562600,796.44,800.78,786.1623,792.28,3855649
1709649000,785.31,788.53,769.275,777.59,3168689
1709735400,784.29,787.85,774,779.77,2518587
1709821800,771.835,792.99,761.12,780.16,3977376
1709908200,780,780,755,762.14,4054925
1710163800,752.21,756.8,727.62,734.37,3968854
1710250200,740.96,755.97,738.01,754.95,2701718
1710336600,757,760.77,745.71,757.84,2357486
1710423000,764.95,768,749.4,760.73,2647549
1710509400,755.38,760.89,747.7065,754.17,3730053
1710768600,762.28,769.68,758.25,762.66,2521351
1710855000,758.44,773.85,755,772.78,2557079
1710941400,770.11,773.16,756.64,772.86,2038008
1711027800,774,780.5399,758.88,770.26,3013157
1711114200,770,777,767.28,770.61,1981019
1711373400,771.1,778.49,768.15,773.14,1806584
1711459800,774.2,778.3299,769,774.9,2099042
1711546200,778.71,785.2599,767.38,778.18,2297713
1711632600,780.32,793.67,776.44,777.96,3209424
1711978200,776,777.5,753.82,760.55,2921338
1712064600,755.07,765.07,753.5,763.96,2596789
1712151000,765.69,787.2475,765.41,775.99,3044910
1712237400,781.54,787.8969,767.82,768.08,2353992
1712323800,765.47,786.705,763.09,784.21,2113429
1712583000,785.02,785.195,773.35,777.29,1664153
1712669400,777.64,777.82,750.65,757.24,2464837
1712755800,751.28,765.26,746.83,761.98,1700296
1712842200,759.78,763.33,750.67,759.59,1594834
1712928600,759.57,763.5,749.785,751.64,2495037
1713187800,760.07,768,749.52,750.77,2358569
1713274200,751.68,753.14,743,746.74,2569799
1713360600,759.2,771.83,744.8776,750.77,3069367
1713447000,749.42,752.1988,743.77,745.95,1717347
1713533400,749.16,750.01,722.07,726.31,3505526
1713792600,729.74,737.88,725.42,731.33,2354096
1713879000,741.2,746.16,731.44,745.69,2042029
1713965400,752.64,752.64,728.785,732.2,2133427
1714051800,725,727.9915,718.3,724.87,2608752
1714138200,723.48,737.45,721,733.51,2009249
1714397400,735.75,740.58,729.61,737.2,2732584
1714483800,775,795.4975,767.66,781.1,7437105
1714570200,774.755,782.605,768.25,776.75,2804838
1714656600,777.34,777.34,754.29,755.91,3205628
1714743000,743,745,730.34,734.97,4595138
1715002200,738.04,766.99,736,766.68,3398280
1715088600,768.9,779.09,762.11,777.77,2879447
1715175000,779.1,781.3499,772.2,775,2089934
1715261400,777,784,769.2,771.55,2522085
1715347800,774.02,777.42,760,760,2082289
1715607000,763.5,763.55,750.53,757.7,1848926
1715693400,751.52,764.5,751.52,763.98,1956229
1715779800,764.15,787.66,763.1,787.02,3038253
1715866200,784.71,786.48,770.14,771.12,2299653
1715952600,772.89,774.87,767.1,770,1670317
1716211800,766.9,784.325,766.12,783.18,2188818
1716298200,792.46,816.61,791.39,803.17,4334499
1716384600,801,804.88,795.25,802.91,1767519
1716471000,810,820.605,802.155,808.45,3025781
1716557400,808,810.12,804.15,807.43,1778120
1716903000,809,809,788.25,807.86,2483454
1716989400,803,815.61,802.09,811.53,2380041
1717075800,812.79,819.99,806.11,815.06,1986290
1717162200,818.8,826.21,811.1,820.34,4472119
1717421400,823.83,838.28,818.5,831.26,2537239
1717507800,834,835.47,825.31,832.59,1748288
1717594200,830.49,838.45,817.62,831.76,2169003
1717680600,834.88,846.9742,831.88,837.29,2108975
1717767000,837.76,856.81,837.01,849.99,2468834
1718026200,853.98,871.63,849.39,865,3444498
1718112600,882.14,882.14,852.23,865.82,4109073
1718199000,872,872,853.85,867.3,2594601
1718285400,869.025,885.06,861.5,883.33,2243419
1718371800,882.33,884.61,876,878.45,2023264
1718631000,878,892.2,876.86,885.01,2536008
1718717400,887,894.87,884,891.46,2437038
1718890200,893,905.45,870.13,885.99,3359987
1718976600,885.66,891.97,879.8,883.88,3448680
1719235800,889.975,903.5786,882.94,890.11,2878199
1719322200,891.77,909.42,891.5,904.61,2839806
1719408600,904,906.345,897.84,901.26,2232075
1719495000,903.53,909.57,899.72,909.04,1948132
1719581400,911.31,915.54,905.38,905.38,3375426
1719840600,911.77,916.83,904.31,914.37,2546119
1719927000,902.71,912,878.5,906.71,4584602
1720013400,911,918.5,884,898.1,3078367
1720186200,898.425,916.4595,896.9,914.57,2880863
1720445400,917.89,928.605,912,918,2364556
1720531800,929.05,935,920.775,932.5,2419859
1720618200,936.57,945.69,933,939.78,2683255
1720704600,934.09,942.88,918.62,934.14,2858281
1720791000,937,950.79,936.03,948.4,2315131
1721050200,956.2,966.1,948.09,950.46,2358671
1721136600,955.75,956.39,938.38,941.6,2111799
1721223000,910.01,925,902.64,905.59,4200582
1721309400,907.03,909.87,836.66,848.9,7649625
1721395800,867.66,880.21,853,857.47,3782167
1721655000,864.8,874.42,856.82,865.97,2904548
1721741400,870,887.72,864.08,878.29,2087749
1721827800,872.5,878.34,854.27,859.88,2726144
1721914200,847,851.62,806.38,821.19,5467973
1722000600,811.87,822.01,801.3,804.62,4173942
1722259800,814.01,824.77,804,807.79,2473684
1722346200,815.18,821.9,775.81,790.21,3848581
1722432600,800.17,811.14,792.0901,804.27,2961662
1722519000,833.62,840.89,820.18,832.44,4060732
1722605400,816.67,820.19,787.02,804.46,3515933
1722864600,758,792.9399,747.55,775.26,4661810
1722951000,789.14,806.2735,785,793.18,3437567
1723037400,778.3,786.58,763.0201,772.14,4407687
1723123800,875,877.78,825.24,845.31,9434851
1723210200,860,908.49,860,891.68,6587628
1723469400,904.21,904.72,883,884.38,4206064
1723555800,894.08,914.6943,890.33,908.05,3506767
1723642200,910,934.38,903.79,931.68,3562910
1723728600,936,937.955,920,931.58,3079984
1723815000,928.39,936.2969,919.39,922.12,2364894
1724074200,922.12,926,916.5001,921.81,2374554
1724160600,932.1,967,930.51,949.97,4961498
1724247000,955.615,956.5,939.17,951.97,2616984
1724333400,951.98,972.53,948.135,954.17,3183727
1724419800,955.44,960.5,943.11,952.74,2063309
1724679000,949.2,955,942.77,950.53,2166043
1724765400,952.5,972.48,949.95,954.48,2912853
1724851800,954.15,958.3399,943.26,948.94,1701760
1724938200,955,957.515,936,940.2,1762847
1725024600,945,961,940.51,960.02,2555073
1725370200,957.77,969.6499,951.5801,956.53,2529442
1725456600,949.75,954,938.005,946.31,1891673
1725543000,941.16,943,906.17,912.75,3201148
1725629400,917.76,927.9022,893,902.71,3439999
1725888600,912.57,915.4299,895.915,908.27,2405908
1725975000,914.11,915.11,895.0001,901.25,1930385
1726061400,902.15,921.54,897.2032,920.89,2721114
1726147800,924.31,937.62,918.63,935.02,2511788
1726234200,937.01,942.35,922.1,923.71,2045356
1726493400,931.13,932.605,920.43,923.54,1760296
1726579800,921.5,921.5,902.3,906.18,2248019
1726666200,906.31,915.5,903.46,904.97,1776976
1726752600,912.85,916.81,903.86,915.04,2446531
1726839000,921.99,939.86,913.2,921.49,9921754
1727098200,921,922,909.45,918.52,2291963
1727184600,922.12,925.68,909.2,924.43,2767434
1727271000,931.79,939.3,921.19,924.56,1805080
1727357400,920.255,921.85,905.3,909.32,2692979
1727443800,893.62,901.21,875.61,877.79,4377346
1727703000,864.52,887.4299,858.81,885.94,3246793
1727789400,888.83,891.2699,878.87,884.48,2455232
1727875800,880,893.3499,878.7,891.07,1751600
1727962200,889.54,892,880.88,885.55,1974677
1728048600,885.91,888.97,876.89,887.16,1971436
1728307800,890.51,905.275,889.565,898.4,2915667
1728394200,903,921.9682,902.225,913.72,2200027
1728480600,916.285,921.35,912,919.74,1820128
1728567000,920,922,905.15,910.69,1682053
1728653400,916.04,932.24,911.1845,932.06,2293874
1728912600,936,937,926,929.51,1550385
1728999000,924.44,926.52,907.8001,913.32,2284189
1729085400,910.03,917.805,897.835,916.42,1645364
1729171800,921,930.51,916.04,917.12,2191188
1729258200,917.18,920.9199,905.62,917.97,2286912
1729517400,917.98,918.86,904.56,906.13,1592229
1729603800,901.675,911.12,900.2001,909.15,1391776
1729690200,905.62,907.9499,891.73,903.25,2646589
1729776600,898.33,900,888.28,891.32,1797145
1729863000,899.73,900.96,889.4501,892.7,2228327
1730122200,894.87,898.2099,890.78,895.59,2084102
1730208600,898.21,907.98,898.21,903.58,3187510
1730295000,798.5,860.5,769,846.83,18257230
1730381400,836.51,853.5,825.24,829.74,6582820
1730467800,828,833,816.73,818.93,5266277
1730730600,805,820.19,803.68,806.14,3918122
1730817000,803.825,809.21,797.49,806.06,3733279
1730903400,817.3299,820.73,767.61,776.38,8257862
1730989800,784.65,802.55,778.19,797.45,4557575
1731076200,803.5,847.27,801.26,831.54,7212870
1731335400,831.3,844,824.625,832.44,3342750
1731421800,830.2,833.99,810.7201,818.86,3378563
1731508200,820.32,829.105,811.29,811.81,3059268
1731594600,809.19,809.19,783.51,786.23,3998847
1731681000,775.19,777.98,744.2,746.2,7334562
1731940200,733.19,734,711.4001,727.2,9154351
1732026600,716.31,730,712.42,729.73,5832480
1732113000,735.785,757.37,735.46,753.41,5158855
1732199400,746.12,752.9999,735,749.92,4143204
1732285800,757.05,761.2799,745.0812,748.01,4015450
1732545000,750,755,740.01,755,5690465
1732631400,785.2,807,773.95,789.32,6622610
1732717800,788.12,794.83,780.3,788.19,2714656
1732890600,791.33,800.33,789.331,795.35,2206918
1733149800,798.11,805.35,795.2201,799.8,2895629
1733236200,802.93,817.13,801.61,813.33,2782067
1733322600,828.1,846.4629,820.5,829.84,3871090
1733409000,827.78,831.13,817.46,825.62,2423388
1733495400,827.68,841,825.6901,826.71,3047127
1733754600,823.7,823.7,801.28,803.58,3175956
1733841000,809.265,813.9999,797,799.58,2695247
1733927400,795.25,799.4999,786.3701,796.03,3510878
1734013800,796.73,801.8365,778.3901,782.35,2823840
1734100200,777.13,794.245,772.99,789.12,3059403
1734359400,792,799.7826,775.25,779,3426211
1734445800,777.86,788,772.43,778.62,3924764
1734532200,775,779,762.5,764.71,3354209
1734618600,765.1,772.97,752.395,757.54,4036350
1734705000,811.35,811.35,766.61,767.76,9942293
1734964200,785.17,799.36,773.07,796.28,3622297
1735050600,791.37,797.75,787.1,795.67,1165383
1735223400,794.12,803.9099,791.5,794.14,1274993
1735309800,790,793.295,779.22,783.17,2096535
1735569000,777.915,779.76,771,773.84,1719073
1735655400,771,773.91,764.3,772,2327004
1735828200,780.59,787,771.77,778.07,1941191
1735914600,778.17,785.84,775.53,781.98,1799992
1736173800,783.715,784.765,763.35,765.1,3991077
1736260200,764.9,783.96,761.6202,773.29,3576092
1736346600,773.83,792.56,770.665,787.22,3478440
1736519400,791.93,800,784.86,799.9,3973129
1736778600,794.4,805.34,783.61,797.48,3683849
1736865000,784.225,784.225,729,744.91,10372975
1736951400,749,754.6,735.265,746.74,5736908
1737037800,747.5,765.51,746.4,757.6,3070254
1737124200,747.83,755.2799,725.01,725.72,5560101
1737469800,731.27,743.28,726.53,742.35,5122833
1737556200,745.575,760.37,739.05,753.98,3737751
1737642600,747.66,766.6,744.25,766.6,3127173
1737729000,761.95,789.29,760.49,785.41,4170616
1737988200,778.71,809.25,778.71,808.17,3915247
1738074600,807.24,816.15,800.11,804.99,2808766
1738161000,806.99,809.1199,799,804.08,1827645
1738247400,808.41,824.62,805,823.23,2642984
1738333800,823,827.35,811.03,811.08,2562617
1738593000,804.27,817.96,801.75,810.43,2808849
1738679400,811.05,829.04,805.935,826.07,4299729
1738765800,835.15,846.9,831.0558,842.18,4578885
1738852200,839.52,887.7368,835.61,870.37,7138547
1738938600,876.53,889.36,869.6186,878.31,4426107
1739197800,877.725,880,859.37,868.88,3065624
1739284200,867.03,874.19,860.5,865,1944467
1739370600,856.93,877.78,856.11,872.97,2533391
1739457000,877.07,883.4999,867.8,871.86,2472948
1739543400,869.1,873.4999,841.49,844.27,3222324
1739889000,856.42,862.73,851.36,857.2,4289381
1739975400,857.175,881.3268,857.175,867.05,3205482
1740061800,866.84,880.32,864,873.12,2990281
1740148200,880.62,894.4,873.43,873.68,3940432
1740407400,879.29,893.11,870.0175,881.4,3017053
1740493800,890.74,911.9999,890.74,901.8,5111285
1740580200,898.365,922.4299,896.6,915.01,3032835
1740666600,915.72,925.5,904.06,905.16,3085359
1740753000,901.84,921.22,892.6129,920.63,4071129
1741012200,912.8,935.625,910,929.72,3979760
1741098600,922.235,929.16,902.7901,911.06,3343495
1741185000,904.8,930.49,901.64,929.72,3109456
1741271400,920.42,931.38,898.28,912.76,3273078
1741357800,905.39,908,861.39,869.58,4818093
1741613400,853.91,863.19,825.78,829.76,5962920
1741699800,827.2,832.35,811.64,824.06,3796512
1741786200,814.95,834.65,813.26,821.86,3014828
1741872600,818.24,821.1059,795.38,801.65,3566282
1741959000,803.11,815.21,800,813.48,3102321
1742218200,816.95,828.9999,814.57,824.76,2546593
1742304600,833.42,836.29,812.615,822.51,2355028
1742391000,821.72,842.13,819.5,837.01,3790546
1742477400,839.03,854.3899,832.4647,842.57,4402727
1742563800,837.8,850.425,825.32,837.57,5963841
1742823000,845.32,866.87,837.76,864.9,3102378
1742909400,869.55,874.92,847.92,852.35,2670595
1742995800,845.69,851.41,826.4,826.76,2564074
1743082200,822.815,826.77,815.29,821.67,2128215
1743168600,820,829.78,817.43,822.51,2125058
1743427800,808.98,828.01,789.4,825.91,3737328
1743514200,818.6,820.66,797,805.23,2987721
1743600600,795.04,819.85,795.04,818.22,2683841
1743687000,810.51,818.79,787.06,789.09,2675092
1743773400,762.11,768.27,734.6975,738.21,5299446
1744032600,697.93,748,677.0912,723.73,6274432
1744119000,754.98,763.504,713.2837,726.24,4115191
1744205400,704.4,754.83,689,753.71,6618978
1744291800,738.9,741.95,691.765,720.91,4182699
1744378200,722.89,735.8394,711.975,732.41,3603402
1744637400,750.45,759.56,734.5201,754.35,3461155
1744723800,755.57,765.31,751.49,757.18,2458145
1744810200,755.64,756.3,730.34,734.9,3302584
1744896600,840.8,858,821.84,839.96,10853385
1745242200,841.51,843.91,807,818.02,3326647
1745328600,821.88,832,814,827.54,3086504
1745415000,836.96,846.01,818.64,829.24,2714595
1745501400,836,862.25,829.21,859.73,2939516
1745587800,859.66,885.58,851.0688,884.54,3398884
1745847000,870.44,882.25,864.4101,877.29,3457569
1745933400,877.7,892.47,874.03,885.2,2454441
1746019800,888.2,902.4999,882.12,898.95,4374094
1746106200,844,850.93,792.07,794.1,12601092
1746192600,825.115,831.53,807.585,823.62,6059361
1746451800,817,829.64,812.025,821.46,2889574
1746538200,816.89,818.42,770.35,775.12,5981971
1746624600,780.5,784.34,772.26,776.72,3818272
1746711000,765,769.979,739.08,751.45,6162033
1746797400,752.01,762.01,733,734.57,4072561
1747056600,727.87,765.3299,722.18,755.57,9176065
1747143000,755.55,759.4999,740.8501,746.06,4523911
1747229400,749.24,759.5,714.03,715.56,7558516
1747315800,725.7,738.68,712.21,733.29,5212870
1747402200,740,758.87,738,757.39,4645121
1747661400,753,758.72,747.56,755.11,4062745
1747747800,756,763.495,743.0001,747.01,3873473
1747834200,747.05,750.52,723.97,724.95,4059969
1747920600,717.1,722.1883,711.55,715.2,4249900
1748007000,710,719.64,709,713.71,2635706
1748352600,717.03,731.31,714.33,725.22,3792652
1748439000,725.22,729.99,714.74,719.39,2948772
1748525400,719.23,727.327,716.955,722.57,2786929
1748611800,725,745.9,717.11,737.67,6106236
1748871000,732.5,747.37,730.695,747.12,2946864
1748957400,746.25,757,741.46,750.78,3056488
1749043800,756.39,772.62,756,765.84,3135930
1749130200,769.5,770,753.05,765.68,3638629
1749216600,768.48,772.6,765.2,769.88,2069864
1749475800,771.95,779.29,767.5929,773.71,2262158
1749562200,777.09,808.63,777,807.19,4744424
1749648600,809.65,820.7178,805.0272,808.61,3125380
1749735000,810.33,818.555,806.35,812.03,2271087
1749821400,810.335,825,808.1001,819.36,2754603
1750080600,821.68,825,805.7575,807.58,2821770
1750167000,805.16,805.16,788.935,791.24,2875634
1750253400,789.95,790.625,779.44,785.03,2442938
1750426200,786,786,755.56,762.73,6210647
1750685400,770.53,793.21,763.83,770.64,3951536
1750771800,772.89,784.44,763.02,778.08,2788473
1750858200,779,798.95,773.595,792.3,3023134
1750944600,793.95,798.8,788.25,795.12,3118189
1751031000,795.8,802.5,774.64,775.45,4115147
1751290200,778.54,785,774,779.53,3041492
1751376600,779.53,790,773,775.9,2733978
1751463000,776.5,779.84,768,779.28,1978285
1751549400,780.46,783.55,773,780.67,1450772
1751895000,780.68,781.1481,762.03,772.87,2576881
1751981400,774.85,792.69,768.8001,777.66,3301776
1752067800,783.8,794,781.99,786.92,2703085
1752154200,789.67,799.4922,786.43,790.65,3131256
1752240600,786.35,795.73,777.2,793.01,2852544
1752499800,790,800.88,787.36,799.34,2401422
1752586200,801.67,805.42,764.38,771.75,4174059
1752672600,773.5,796.0354,772.16,789.8,3255436
1752759000,786.79,790,760.0201,761.5,4107259
1752845400,763.86,775.96,760.5,771.71,3357745
1753104600,768.17,772,760.5,762.18,3058007
1753191000,763.34,778.29,762.5,776.44,2496628
1753277400,780,800.09,777.08,798.89,2683557
1753363800,801.36,810.14,797.65,805.43,2786773
1753450200,809,815.19,802.37,812.69,2976879
1753709400,812.65,820.22,802.5,808.11,2587722
1753795800,774.5,779.49,755.18,762.95,7100711
1753882200,774,778.1,758.41,760.08,4338667
1753968600,747.3,766.4468,735.44,740.07,5810267
1754055000,746.82,768,745.99,762.33,4859455
1754314200,759.97,774.48,752.57,769,3353421
1754400600,765.57,769.94,759.5197,765.95,3615197
1754487000,756.56,763,740.19,746.37,4752116
1754573400,675.66,678.2868,633.2,640.86,26101620
1754659800,655,656.18,623.78,625.65,14125127
1754919000,629.415,654.44,625.9,635.22,11294200
1755005400,639.5,646.18,629.398,639.43,6925000
1755091800,650.4,661.75,644.5,660.49,6310033
1755178200,662,685.48,655.1,684.43,8395905
1755264600,694.2,706.79,685.8001,701.23,8224629
1755523800,695.02,707.75,693.5,698.05,4997259
1755610200,706.61,714.2661,698.55,703.21,5941004
1755696600,701.52,705.8,685.1503,705.44,4139402
1755783000,705.2,718.4,705.2,709.82,3617326
1755869400,715.04,719.4628,709.4301,711.68,3222726
1756128600,711,713.4999,694.23,695.33,2898115
1756215000,716.24,736.18,713.0952,736.03,7695621
1756301400,736.96,746.5899,731.55,734.17,4326154
1756387800,735.8,738.59,726.34,731.96,3116995
1756474200,732.315,737.42,728.5001,732.58,2551151
1756819800,727.99,737.14,723.64,735.19,3222500
1756906200,732.02,737.83,729.02,737.83,2222479
1756992600,736.315,747,735.33,742.91,2423422
1757079000,744.7,744.7,722.57,727.21,3958249
1757338200,729.71,742.7,719.2183,738.64,4534603
1757424600,734.18,752.8394,733.87,750.61,2986919
1757511000,748.09,755.8015,742.485,754.62,2477423
1757597400,752.48,761.13,750.37,756.28,2197534
1757683800,760.17,761.6,748,755.39,2198276
1757943000,753.07,756.335,742.11,748.19,2790856
1758029400,745.405,770.3799,744.54,764.71,3881298
1758115800,761.485,776.96,756.344,760.13,3471175
1758202200,761.38,772.535,759.0101,762.93,3463976
1758288600,765,765,749.2,751.99,7349452
1758547800,748.56,762.04,746.265,754.95,2527396
1758634200,750.57,752.9999,743.17,746.98,2910123
1758720600,745.99,746.94,736.16,741.85,2243014
1758807000,737.67,740,712.05,714.59,5136364
1758893400,724.12,729,717.08,724.54,3559673
1759152600,725.55,727.8585,716.0778,726.51,3309245
1759239000,726.96,766.3499,725.3101,763,6234280
1759325400,763.3,833.3,763.3,825.42,10124466
1759411800,814.355,834.46,812.81,819.85,4291766
1759498200,824.94,848.13,816.1,839.87,5088509
1759757400,839.95,856.57,838.66,845.05,3651387
1759843800,845,848.5361,836.58,843.63,2610798
1759930200,850,856,844.99,845.72,2180943
1760016600,851.69,860.25,845.7,855.35,3071666
1760103000,858,864.35,830.11,833.49,3430964
1760362200,832.68,835.32,817.35,819.4,2167468
1760448600,822.09,822.09,806,812.35,1928371
1760535000,812.5,830.19,808.58,826.57,2355840
1760621400,825.07,834.7,815.37,819.38,2272909
1760707800,788.96,804.44,783.8454,802.83,3982950
1760967000,805.6,809.41,799.77,808.96,2279715
1761053400,806.93,812.99,798.71,799.57,2099488
1761139800,798.4,815.94,793.82,812.43,2930642
1761226200,806.4,824.7,806.02,821.04,2632946
1761312600,815.21,834.15,812.5001,825.45,2211150
1761571800,825,826.42,811.48,826.41,2114752
1761658200,826,829.4599,814.053,820.1,2493547
1761744600,827.31,830.29,809.63,813.53,3591234
1761831000,837.5,853,812.25,844.5,6037167
1761917400,839.16,869.91,834.19,862.86,5015016
1762180200,866.53,901.3393,862.62,896.53,5401481
1762266600,891.41,915.22,883.64,906.86,5911474
1762353000,911,955.46,907.86,925.81,7272941
1762439400,928,949.9,916.263,937.44,6417358
1762525800,931.17,932,900.9,924.37,4373438
1762785000,939.74,981.99,938.405,966.64,5696640
1762871400,966.55,999.95,965.285,988.62,4166380
1762957800,993.12,1022.42,990.1,1017.78,5185236
1763044200,1010.085,1032.95,1010.085,1022.87,4153595
1763130600,1009,1033.6185,1007.785,1025.28,3862267
1763389800,1003.72,1032.141,998.3015,1021.7,4719957
1763476200,1014.01,1040.7245,1014.01,1030.05,3430529
1763562600,1029.64,1055.59,1026.25,1049.6,3571220
1763649000,1045.5,1057,1038.25,1043.29,3135742
1763735400,1041,1066.65,1038,1059.7,4266704
1763994600,1056.77,1075.72,1049.38,1070.16,5497189
1764081000,1075.825,1111.11,1073.25,1109.94,4181487
1764167400,1102,1111.99,1098.1,1104.34,3093673
1764340200,1096.72,1099.05,1067.69,1075.47,2732168
1764599400,1074.38,1084.15,1055,1057.89,3070153
1764685800,1052.57,1068.18,1040.36,1046.12,3279960
1764772200,1046.39,1051.4781,1022.32,1033.56,3447003
1764858600,1032.625,1032.625,1007.1828,1014.49,3854911
1764945000,1023.84,1027.3899,1004,1010.31,2502066
1765204200,1010.74,1014.2,988.88,997.59,3088557
1765290600,1002.84,1011.9999,979.1801,982.22,2569724
1765377000,985,1003,977.12,993.64,2966270
1765463400,1008.15,1031.5608,987,1009.38,4516960
1765549800,1008.76,1028.9,1003.5,1027.51,3275239
1765809000,1032.55,1065,1032.55,1062.19,4648449
1765895400,1063.5,1068.25,1036.23,1054.29,4024473
1765981800,1064.3,1064.3,1036.41,1041.79,3726575
1766068200,1041.8,1079.26,1039.54,1056.88,3848624
1766154600,1059.01,1075.38,1059.01,1071.44,5829051
1766413800,1076.72,1083.48,1063,1076.48,2625621
1766500200,1063.5,1088.48,1063.5,1071.64,2108561
1766586600,1074.64,1085.73,1072.71,1076.98,932804
1766759400,1076.98,1081.39,1068.3,1077.75,1014640
1767018600,1077.95,1085.5,1074.38,1079.45,1653011
1767105000,1078.96,1082.37,1072.07,1079.75,1251498
1767191400,1079.76,1083.5,1074.43,1074.68,1646696
1767364200,1076.4,1080.66,1052.08,1080.36,2469097
1767623400,1069.23,1085.38,1033.3801,1041.51,4084836
1767709800,1044.11,1070.8299,1039.93,1064.04,2690707
1767796200,1077,1117.66,1075.96,1108.09,4652779
1767882600,1113.69,1133.95,1070.15,1085.19,3156034
1767969000,1086.825,1104.52,1063.03,1063.56,2561927
1768228200,1058,1083.36,1058,1081,2380245
1768314600,1083,1090.2229,1069.09,1077.19,2194166
1768401000,1081.75,1083.9999,1061.12,1073.29,1912603
1768487400,1062.56,1067.65,1012.57,1032.97,4183400
1768573800,1024.43,1049.94,1018,1038.4,3828963
1768919400,1028.145,1045.85,1015.96,1041.29,2484927
1769005800,1043.86,1081.33,1042.02,1078.52,3685876
1769092200,1078.52,1095.48,1071.74,1087.38,2478217
1769178600,1083.73,1084.32,1063.0218,1064.29,2592850
1769437800,1062.21,1067.08,1043.32,1062.75,2244862
1769524200,1064.11,1073.39,1034.81,1039.51,2587863
1769610600,1029.11,1029.69,1004.14,1023.8,3300244
1769697000,1025.36,1039.9999,1018,1024.14,2293016
1769783400,1033.3,1048.569,1020,1037.15,3303144
1770042600,1037.57,1057.41,1037.57,1044.13,2757079
1770129000,1040.75,1048.8,993.58,1003.46,5483921
1770215400,1075.12,1114,1065,1107.12,7119387
1770301800,1065.5,1075,1005.83,1020.84,7742385
1770388200,1056,1060.02,1033.27,1058.18,4887117
1770647400,1077.09,1106.94,1042.92,1044.67,3423770
1770733800,1050.66,1055.65,1023.875,1024.58,3539394
1770820200,1026.5,1030.1,1012.6179,1015.21,2599875
1770906600,1024.87,1059.84,1012,1038.27,3592172
1770993000,1039.98,1064.34,1033.69,1040,2698728
1771338600,1045.61,1067,1034.88,1036.05,2984593
1771425000,1032.36,1037.54,1011.31,1020.56,3236905
1771511400,1010.82,1025.225,1007,1023.22,2145764
1771597800,1023.86,1028.65,1002.46,1009.52,3249409
1771857000,1047.02,1064.4499,1034.0001,1058.56,4767602
1771943400,1042.95,1058.9,1024.08,1042.15,2803100
1772029800,1036.58,1053.625,1027,1028.83,2481897
1772116200,1024.08,1026.915,1007.3801,1022.02,2666432
1772202600,1019.17,1053,1017.36,1051.99,4325931
1772461800,1044.62,1056.2,1013,1017.97,3094287
1772548200,1015,1020.01,995.07,1007.73,2845962
1772634600,1011.63,1015.6599,993.66,1003.57,1965539
1772721000,990,993.56,965.6,983.26,3774397
1772807400,975,991.22,966.0901,990.33,2627805
1773063000,986.89,1008.93,980.58,1008.39,2802169
1773149400,1006,1012,994,1001.35,1663668
1773235800,1000.03,1002.93,990.3,999.84,1448032
1773322200,993.45,994.5,973.16,977.25,2340074
1773408600,980.13,1003.22,978,985.08,1984353
1773667800,991.98,998.17,975.51,989.12,2289888
1773754200,978.92,981.165,925.25,930.35,5637508
1773840600,925,929,905.11,918.05,3443808
1773927000,914,924.53,910.86,917.5,2378979
1774013400,910.55,925.375,899.29,906.7,4818789
1774272600,913.49,926.775,907.23,910.55,2817548
1774359000,907,908.6699,895.61,903.02,2572679
1774445400,912.49,922.15,909.09,916.31,2177748
1774531800,912.38,916.3499,896.29,897,2163159
1774618200,896,900.8299,877.11,878.24,2740802
1774877400,888.48,897.43,883.11,886.63,3070244
1774963800,893.49,924.1439,892.14,919.77,3464240
1775050200,926.88,976.6799,925.99,954.52,6267884
1775136600,945,957.6875,930.02,935.58,2727128
1775482200,932.04,936,919.78,927.06,1821082
1775568600,924.5,932.655,898.4501,931.09,2726863
1775655000,941.52,961.1352,933.13,953.3,2567998
1775741400,948.47,963.755,939.29,955.19,1672549
1775827800,963.69,963.94,935.54,939.47,1958925
1776087000,939.97,945.9,927.17,929.55,2089567
1776173400,925,939.93,915.04,922.5,2360236
1776259800,923.5,930,888.03,905.03,4233418
1776346200,911.665,920,898.15,903.99,2836574
1776432600,917.8,929.99,917.8,927.03,3266094
1776691800,926.9,929.64,912.5,919.9,1926259
1776778200,910.2,913.05,881.11,903.02,4062792
1776864600,906.4,922.54,902.2301,921.48,2623775
1776951000,929.49,930,911.89,917.65,2149232
1777037400,900.01,900.42,871.731,883.96,4463678
1777296600,878.13,891.2029,868.04,868.27,2700286
1777383000,871.9,878.15,863.35,874,2561280
1777469400,866.04,869.0232,850.51,851.21,3904584
1777555800,898.78,945.4999,896.8,934.6,8236718
1777642200,948.95,984.45,943.8,963.33,4352441
1777901400,960,974.215,951.76,967.93,3696945
1777987800,971.885,992.8,964.41,988.87,2955528
1778074200,991.35,996.485,983.5,987.05,3921221
1778160600,985.37,989,967.1,974.96,3494856
1778247000,974.07,980,947.51,948.45,3559161
1778506200,949,995,943.26,966.99,3517454
1778592600,974.44,997.52,971.175,989.87,3037467
1778679000,994.75,1022.821,992,1015.75,3486425
1778765400,1017.49,1018.17,996.01,1006.7,1751682
1778851800,1006.98,1014.38,997.41,1004.92,2820726
1779111000,1000.61,1003,978.87,988.09,2015971
1779197400,989.51,1021.8,984.6,1021.41,3796015
1779283800,1024.99,1037.88,1003.69,1018.87,2998810
1779370200,1024.3,1047.295,1022,1041.65,2705204
1779456600,1049.81,1070.3399,1047.07,1065,3472924
1779802200,1075,1082,1060.36,1064.74,2983414
1779888600,1072.26,1093,1069.9,1082.92,2587481
1779975000,1096.64,1149.1,1092.01,1126.8,4605822
1780061400,1127,1132.66,1089.005,1105,4603028
1780320600,1095,1106.17,1071.6,1082.2,2693447
1780407000,1067.37,1078.22,1052.15,1064.15,2408537
1780493400,1059.5,1093.2775,1053.51,1078.78,2655644
1780579800,1108.6,1140.46,1101.62,1125.27,4046733
1780666200,1142.97,1166.29,1131.03,1131.42,4126160
1780925400,1159,1182.73,1143.595,1149.15,4504437
1781011800,1165,1174.595,1137.7531,1144.68,3822027
1781098200,1152.5,1166.415,1133.53,1136.37,2700635
1781184600,1139.71,1170.12,1125.64,1160.95,2764934
1781271000,1165,1169.99,1132.81,1133,2438390
1781530200,1134,1137.4923,1112.01,1129.35,3167157
1781616600,1138.82,1146.685,1115.5,1122.5,2260747
1781703000,1116.7,1121.49,1104.9025,1112,2383254
1781789400,1120.49,1122.33,1088.655,1098.57,4470535
1782135000,1112.24,1119.45,1093.15,1102.08,3015040
1782221400,1117,1122.02,1079.22,1107.08,3316278
1782307800,1129.41,1135.14,1100.98,1117.26,2908248
1782394200,1126.99,1145.43,1114,1127.69,2760164
1782480600,1128.8,1215.76,1128,1208.12,7725847
1782739800,1222.78,1238,1203.1431,1229.93,3684723
1782826200,1228.88,1230.05,1190.2,1199.43,3723583
1782912600,1217.505,1217.505,1173.93,1191.74,2720449
1782999000,1193.01,1232,1180.3,1213.91,3297442
1783344600,1208,1213.79,1183.34,1200.06,2348798
1783431000,1232.88,1249.45,1222.77,1235.56,2933770
1783517400,1221.095,1241.89,1204.16,1215.83,2608556
1783603800,1211.64,1230,1200.37,1216.95,2088071
1783690200,1210.31,1212.96,1178.32,1188.58,2010190
1783949400,1180.11,1196.29,1166.01,1181.87,2072666
1784035800,1166.01,1166.01,1140.74,1152.54,2642940
1784122200,1145.5,1160.82,1134.4,1156.63,2552230
1784208600,1162.27,1189.0699,1141.2,1169.17,2791060
1784295000,1159.445,1187.95,1151.01,1179.11,2757541
1784554200,1179.65,1187.12,1144.43,1146.9,2644242
1784640600,1143,1177.58,1139,1175.41,2092000
1784727000,1173.905,1175,1153.5,1163.01,1555768
1784813400,1146.615,1189.59,1141.78,1185.87,1909944
1784899800,1194.35,1206.94,1187.4983,1196.03,1983288
1785159000,1201,1205.045,1183.4454,1197.53,1593652
1785245400,1217.6,1232,1205.01,1220.66,2379981
1785331800,1215.18,1229.19,1204.8,1210.02,2173483
1785418200,1174.03,1186.65,1153.14,1154.97,3030710
1785504600,1148.51,1150.63,1119,1148.84,2884613
1785763800,1152,1161.9403,1109.15,1121.36,2934021
1785850200,1117.38,1135.83,1109.16,1115.68,4097186
1785936600,1174,1216.94,1138.4301,1169.86,6445689
1786023000,1196.55,1230.88,1173.5,1191.94,3422379
1786109400,1188,1196.8,1161.2001,1185.71,2898528
1786368600,1185.01,1231.94,1184.405,1231.94,3011882
1786455000,1230.65,1237.9999,1209.53,1215.02,2113241
1786541400,1201.73,1226.5,1191.08,1220.28,1941576
1786627800,1238.3,1240.1,1206,1209,1927272
1786714200,1194.01,1199,1171.1956,1180.16,2274505
1786973400,1175.2,1198.52,1163.5,1183.16,1807037
1787059800,1200,1228.47,1194.01,1225.73,2509057
1787146200,1245.81,1292.65,1240.54,1280.34,4541762
1787232600,1274.13,1280.28,1243.2301,1244.4,2621394
1787319000,1232,1271.22,1230,1255.4,2503262
1787578200,1262.14,1262.14,1230.95,1246.93,1665577
1787664600,1249,1264.73,1229.79,1233.66,2143184
1787751000,1234,1235.775,1180.01,1189.41,3006472
1787837400,1182.25,1190.11,1171.71,1176.1,2735051
1787923800,1172.66,1180,1162.93,1174.61,2451810
1788183000,1168.47,1171.4479,1147,1156.73,3057885
1788269400,1188,1188.325,1156.8501,1160,2522522
1788355800,1164.15,1187.83,1158,1160.08,2446970
1788442200,1170,1171.66,1137.5,1159.6,2553292
1788528600,1150.61,1158.44,1138.306,1149.36,2220270
1788874200,1133,1134.53,1113.55,1123.91,2403019
1788960600,1127.61,1138.79,1119,1124.21,2045995
1789047000,1126.08,1133.79,1120.52,1123,1996501
1789133400,1129.405,1131.44,1113.2919,1115.7,1838397
