t,o,h,l,c,v
1412602200,94.36,94.43,93.69,93.84,4278576
1412688600,93.51,93.54,92.8,92.81,6095819
1412775000,93.08,93.945,92.81,93.83,5593781
1412861400,93.77,94,92.71,92.72,5069103
1412947800,92.76,93.45,92.3,92.3,5846707
1413207000,92.13,92.42,90.66,90.73,6182343
1413293400,90.81,91.74,90.6281,91.1,5539480
1413379800,90.49,90.98,89.57,90.44,10469312
1413466200,89.39,90.29,89.34,89.91,7526459
1413552600,90.41,91.14,89.64,91.04,7074463
1413811800,90.96,91.59,90.7073,91.59,5408134
1413898200,89.95,91.45,89.7,91.01,11422211
1413984600,90.7,91.51,90.6,90.94,6455551
1414071000,91.84,92.0999,90.88,91.02,5966894
1414157400,90.7,91.79,90.55,91.67,5263046
1414416600,91.52,92.09,91.5,92.01,4078298
1414503000,92.48,92.6,91.685,92.6,5083262
1414589400,92.65,93.12,92,92.73,5300445
1414675800,92.57,93.39,92.4901,93.38,3965528
1414762200,93.9,94.01,92.83,93.73,6800889
1415025000,93.78,93.78,93.02,93.61,4069904
1415111400,93.93,94.63,93.77,94.47,5802179
1415197800,95,95.07,94.39,94.64,4123841
1415284200,94.74,94.93,94.42,94.66,3597279
1415370600,94.4,95.1,94.06,95.1,4674632
1415629800,95.56,95.69,94.98,95.11,5123874
1415716200,95.22,95.42,94.929,95.14,3429027
1415802600,94.93,95.38,94.83,95.33,2725702
1415889000,95.5,96.22,95.18,95.48,4099804
1415975400,95.38,97.18,95.27,96.21,7793438
1416234600,96.06,96.08,95.6,95.97,3596519
1416321000,96.04,96.95,95.37,96.41,6268097
1416407400,96.74,97.3,96.43,96.56,6631311
1416493800,96.54,97.3,96.5,96.64,4551916
1416580200,97.47,97.5,96.42,96.68,5483712
1416839400,96.83,97.42,96.53,97.17,5222895
1416925800,97.2,97.34,96.8501,97,5368952
1417012200,96.36,96.3851,95.9201,96.22,3667981
1417185000,95.98,97.4,95.97,96.81,3442853
1417444200,96.15,96.94,95.64,95.78,5273749
1417530600,95.21,97,94.76,95.11,10389676
1417617000,94.8,95.565,94.78,95.5,5324034
1417703400,95.39,95.99,95.14,95.66,5365429
1417789800,95.78,96.61,95.65,96.31,6209305
1418049000,93.41,97.5,92.23,92.61,11792656
1418135400,91.3,92,91.01,91.36,10066782
1418221800,91.04,91.2899,89.51,90,12020817
1418308200,90.09,91.15,90.02,90.97,8972720
1418394600,90.66,91.389,90.43,90.62,8696756
1418653800,90.96,91.1,88.25,88.46,10121636
1418740200,88.07,90.75,87.62,88.72,15106676
1418826600,88.93,92.05,88.5,91.65,14009957
1418913000,92.28,93.74,91.65,93.67,11277129
1418999400,93.51,94.32,92.95,93.22,10284328
1419258600,93.28,94.015,93.03,93.89,5342248
1419345000,94.36,94.82,94.01,94.22,3596392
1419431400,94.22,94.54,93.74,93.83,1736839
1419604200,94.1,94.93,93.95,94.78,3884255
1419863400,94.32,95.46,94.265,95.04,4183224
1419949800,94.85,95,94.07,94.25,3257735
1420036200,93.75,94.8,93.57,93.7,4589312
1420209000,94.13,95,93.05,93.26,6019693
1420468200,93.3,93.68,92.22,92.23,6211872
1420554600,92.67,93.81,91.88,92.4,6484094
1420641000,93.26,94.05,92.86,94.01,6400320
1420727400,94.23,94.98,94.051,94.36,5476740
1420813800,93.97,93.97,92.78,93.21,4283293
1421073000,93.53,93.81,92.6,93.01,3989585
1421159400,93.95,94.44,92.42,92.83,5971237
1421245800,91.45,92.05,91.12,91.54,7745521
1421332200,91.97,92.35,90.965,91.38,5737468
1421418600,91.05,91.69,90.74,91.49,6926995
1421764200,91.64,91.88,90.23,90.8,6967278
1421850600,90.16,90.46,89.54,90.34,8682226
1421937000,90.62,90.97,89.84,90.89,7536416
1422023400,90.92,91.64,89.43,89.56,11495980
1422282600,89.39,90.697,89.29,90.67,7753275
1422369000,89.96,90.31,89.56,89.57,6640833
1422455400,89.74,89.82,88.77,88.78,6921322
1422541800,91.5,93.5,91.26,93.27,19146887
1422628200,92.65,93.2999,92.31,92.44,12385371
1422887400,92.05,92.66,91.43,92.51,6751432
1422973800,92.64,93.98,92.45,93.92,7373047
1423060200,93.5,94.43,93.5,94.05,6464783
1423146600,94.1,94.83,94,94.34,5564108
1423233000,94.15,94.48,93.65,93.99,4662736
1423492200,93.3,93.45,92.54,92.72,8203013
1423578600,93.33,94.23,92.97,94.02,4697610
1423665000,94.16,94.33,93.3,94.21,5153937
1423751400,94.05,95.6,93.77,95.09,7910116
1423837800,95.4,95.85,94.93,95.65,6762195
1424183400,95.12,95.39,94.09,94.35,5971992
1424269800,94.23,94.79,94,94.58,5617510
1424356200,94.5,94.55,93.74,94.19,6312190
1424442600,94.16,94.49,93.56,94.19,8154994
1424701800,94.12,94.41,93.95,94.31,5681950
1424788200,94.08,95.33,93.69,94.98,5643590
1424874600,94.91,99.31,94.86,98.66,16751573
1424961000,97.43,99.88,97,99.51,16098778
1425047400,99.17,99.3,98.49,98.9,7552453
1425306600,98.62,101.09,98.31,100,12363347
1425393000,99.97,100.44,99.55,99.74,8149729
1425479400,99.81,100.48,99.18,100.25,9179359
1425565800,99.01,99.92,98.46,99.11,9438793
1425652200,98.27,98.99,96.96,97.13,9677859
1425907800,96.81,98.25,96.81,97.71,8460337
1425994200,96.91,97.12,96.1,96.29,7838923
1426080600,96.3,96.77,94.94,94.96,9391099
1426167000,95.42,96.44,95.28,96.25,8765071
1426253400,96.24,97.05,95.75,96.35,5152750
1426512600,96.93,97.47,96.74,97.15,4772244
1426599000,96.9,97.15,95.99,96.17,4530709
1426685400,96.01,97.24,95.33,97,5830963
1426771800,96.86,97.01,95.98,95.98,3615389
1426858200,96.32,97.72,96.12,97.05,10014005
1427117400,96.8,99.12,96.8,98.62,9232037
1427203800,98.46,99.84,98.07,99.36,7549944
1427290200,99.03,99.61,98.11,98.14,6030541
1427376600,97.6,97.97,96.195,97.64,10445795
1427463000,97.36,97.8499,96.77,96.96,4642382
1427722200,97.43,98.32,97.37,97.88,4074543
1427808600,97.82,98.43,97.44,97.44,5616991
1427895000,96.81,97.02,96,96.29,7484752
1427981400,95.96,96.24,94.71,95.83,6614276
1428327000,95.75,96.82,95.45,96.28,4501296
1428413400,96.24,96.79,96.095,96.35,4443683
1428499800,96.73,97.5,95.98,96.85,4445210
1428586200,96.85,97.43,96.21,96.55,4790037
1428672600,96.9,97.95,96.56,97.8,5937847
1428931800,97.41,97.75,97.07,97.44,5197891
1429018200,97.16,97.74,96.97,97.58,4961149
1429104600,97,97.55,96.275,96.44,6604429
1429191000,96.37,97.44,95.505,95.63,5071657
1429277400,95.13,95.345,94.46,94.88,6933576
1429536600,95,96.26,95,96.18,4382441
1429623000,96.19,96.55,94.5401,94.87,5981687
1429709400,97,99.35,96.24,97.84,19254300
1429795800,97.44,97.52,96.555,97,6336484
1429882200,96.99,99.08,96.84,98.74,7741339
1430141400,98.74,98.94,96.26,96.44,7282677
1430227800,96.27,96.89,95.78,96.83,4357419
1430314200,96.58,97.67,96.07,97.02,5697231
1430400600,96.65,97.37,96.41,96.55,8300290
1430487000,96.73,97.97,96.73,97.8,6280298
1430746200,96.57,98.63,96.05,96.13,8426262
1430832600,96.39,96.47,95.57,96.13,7637026
1430919000,96.1,96.66,95.875,96.39,6614471
1431005400,96.27,97.33,96.12,96.78,5019232
1431091800,98.19,99.15,97.79,98.23,7543054
1431351000,98.07,98.39,97.15,97.51,4123700
1431437400,97.39,98.35,96.92,97.95,4848072
1431523800,98.07,98.49,97.28,97.35,6526893
1431610200,97.66,97.87,97.28,97.71,4743954
1431696600,97.74,99.04,97.54,98.04,7607217
1431955800,97.97,98.25,97.62,98.02,4100835
1432042200,98.09,101.08,97.65,100.68,10809150
1432128600,100.88,100.98,99.42,100.11,6185077
1432215000,99.89,99.96,99.06,99.28,4730442
1432301400,99.15,99.48,98.84,98.99,4559491
1432647000,98.85,99.2,98.04,98.46,7123129
1432733400,98.97,99.22,98.2,98.66,8129531
1432819800,98,98.21,96.2,96.48,10204033
1432906200,97.59,97.77,95.84,95.93,6439140
1433165400,95.84,96.91,95.84,96.22,4919173
1433251800,96.3,96.97,95.81,96.29,4430255
1433338200,96.38,97.07,95.97,96.52,4165709
1433424600,96.3,96.97,96.01,96.31,4702848
1433511000,95.93,96.09,95.47,95.54,3959308
1433770200,96,96.04,95.25,95.32,4594648
1433856600,95.52,95.5592,94.49,94.73,7770880
1433943000,95.02,95.63,94.81,95.3,4828577
1434029400,95.5,96.33,95.5,95.59,4203867
1434115800,95.42,95.545,95,95.06,3702368
1434375000,94.74,95,94.0198,94.3,5861757
1434461400,94.25,94.67,94.1,94.63,3094773
1434547800,94.54,95.52,94.54,95.22,3940986
1434634200,95.69,96.63,95.28,96.17,5100999
1434720600,96.39,97.14,95.98,96.08,8279349
1434979800,96.31,97.03,96.14,96.87,3893258
1435066200,97.59,97.96,97.12,97.18,4541658
1435152600,96.75,97.45,96.64,96.64,3927133
1435239000,96.7,96.905,95.78,95.79,4322309
1435325400,96.13,97.35,95.93,97.29,6039506
1435584600,96.62,97.23,95.42,95.44,8412817
1435671000,95.93,96.3,94.54,95.07,6656019
1435757400,95.1,95.82,94.73,95.76,4446181
1435843800,96.13,96.6,95.58,96.17,3250897
1436189400,95.89,96.28,95.25,95.65,3852466
1436275800,95.93,96.775,95.24,96.68,4794388
1436362200,95.65,96.59,95.65,95.84,4914297
1436448600,96.64,97.27,96.44,96.49,5482465
1436535000,97.25,97.78,96.95,97.65,5179204
1436794200,98,98.505,97.7,98.43,4578676
1436880600,98.12,99.05,97.96,98.78,5746119
1436967000,98.15,99.63,97.85,99.07,7572526
1437053400,99.11,99.11,97.21,97.86,7696176
1437139800,97.7,98.22,97,97.5,6429758
1437399000,97.78,98.21,97.4,97.49,4947041
1437485400,97.6,97.72,96.96,97.32,4206703
1437571800,97.71,98.25,97.43,97.58,5392596
1437658200,98.9,99,96.151,97.09,10380706
1437744600,97.41,97.41,96.09,96.1,5554624
1438003800,96,96.75,95.7,96.04,5818602
1438090200,96.48,97.42,96.315,97.33,4862990
1438176600,97.48,98.3898,97,98.21,6006535
1438263000,97.59,99.34,97.59,99.17,5372529
1438349400,99.65,101.1,99.3,99.86,7646980
1438608600,100,100.18,99.02,99.42,4427299
1438695000,99.47,99.52,98.77,99.14,2842075
1438781400,99.83,100.14,99.26,99.8,3560581
1438867800,99.72,100.18,99.21,99.35,6740241
1438954200,99.29,99.42,98.45,98.92,3463672
1439213400,99.49,99.9499,98.87,99.39,3994544
1439299800,98.69,99.164,98.4,98.81,3584996
1439386200,98.27,98.43,97.23,98.28,4207236
1439472600,98.07,99.82,97.99,99.37,4636402
1439559000,99.05,99.56,98.72,99.27,3185582
1439818200,99,100.91,98.92,100.66,5204060
1439904600,100,101.44,100,100.76,4257289
1439991000,100.45,101.88,100.19,101.1,5988961
1440077400,100.73,101,99.74,99.76,6668035
1440163800,99.38,99.39,97.13,97.13,10979952
1440423000,91.58,95.879,87.5,92.87,15074780
1440509400,95.47,95.48,91.03,91.21,11468798
1440595800,92.93,95.2,91.47,95.15,16439804
1440682200,95.88,97.37,95.57,97.33,10187067
1440768600,96.05,96.6599,95.785,96.25,5606013
1441027800,95.77,95.88,94.85,95.02,5086647
1441114200,92.77,94.28,92.6,93.47,7308379
1441200600,95.63,96.12,94.55,96.04,6908059
1441287000,96.8,97.43,95.58,96.01,6313887
1441373400,95.05,95.58,94.31,94.85,4429092
1441719000,96.31,96.88,95.49,96.78,5771063
1441805400,97.29,97.39,95.22,95.43,5129373
1441891800,94.96,95.85,94.75,95.25,6210823
1441978200,95.47,97.42,95.26,97.41,6656255
1442237400,97.36,97.657,96.63,96.97,4557201
1442323800,97.29,98.59,96.74,98.19,5142633
1442410200,98.65,98.74,97.53,98.69,5198679
1442496600,98.57,98.97,97.39,97.84,7954984
1442583000,96.82,97.7,96.25,97.05,10492672
1442842200,97.48,98.17,97.01,97.9,4543492
1442928600,97.12,98.08,96.71,97.2,6254535
1443015000,97.24,97.85,97.01,97.38,3035339
1443101400,96.83,97.43,96.2975,97.29,4138791
1443187800,97.89,98.7,97.46,97.59,4825781
1443447000,97,97.74,95.78,95.96,6609789
1443533400,97.46,97.79,96.805,97.48,6944797
1443619800,98.21,98.7,97.76,98.53,5517625
1443706200,98.5,99,97.67,98.78,4456559
1443792600,97.33,99.81,97.13,99.79,4400760
1444051800,100.27,101.64,100.2,101.17,6501556
1444138200,101.26,102.3,101.16,101.9,7252381
1444224600,100.75,101.9,100.34,101.77,6530995
1444311000,101.85,103.47,101.77,102.95,8218856
1444397400,103,103.44,102.27,102.76,5756563
1444656600,102.68,103.3101,102.51,103.24,3448175
1444743000,102.85,103.51,102.63,103.38,4697279
1444829400,104.15,104.93,102.43,102.82,9093040
1444915800,102.57,105.2,101.6,103.66,10168313
1445002200,104.72,105.01,103.41,104.82,7168307
1445261400,104.24,105.15,104.15,104.49,7064295
1445347800,104.05,104.35,103.42,103.84,4872192
1445434200,103.98,104.2501,102.08,102.54,8308921
1445520600,110.4,111,108.38,110.87,25286588
1445607000,111.18,112.87,111.1,112.59,11677294
1445866200,112.23,113.959,111.82,112.18,11478642
1445952600,112.27,112.35,110.59,111.64,10013342
1446039000,111.69,112.95,111.4,112.94,4390331
1446125400,112.66,112.95,111.89,112.62,3752593
1446211800,112.88,113.29,112.25,112.25,6409469
1446474600,112.46,112.84,111.23,112.11,5663034
1446561000,111.92,112.31,111.27,112.08,4584932
1446647400,112.19,112.53,111.31,112.4,6797075
1446733800,112.6,113.45,112.15,112.85,5059117
1446820200,112.4,113.44,112.1592,113.31,4615631
1447079400,113.45,113.48,112.4,112.93,8423804
1447165800,112.77,114.99,110.75,113.22,12716508
1447252200,113.67,114.43,113.54,113.85,8396833
1447338600,113.5,113.74,112.06,112.11,5893840
1447425000,111.85,112.36,109.91,109.97,8602406
1447684200,109.85,111.06,109.6,111.06,6731754
1447770600,111.04,111.82,110.46,110.94,6027620
1447857000,111.3,112.59,110.84,112.53,5194490
1447943400,112.53,113.71,112.3,113.3,5323499
1448029800,113.36,114.17,113.19,113.91,6659387
1448289000,114.01,114.9,113.91,114.47,4968405
1448375400,113.9,114.56,113.36,114.28,6047679
1448461800,114.27,114.92,113.95,114.4,7477153
1448634600,113.71,114.39,113.53,114.23,2763685
1448893800,114.38,114.49,113.56,114.16,7872034
1448980200,114.52,114.93,113.79,114.45,5321941
1449066600,114.1,114.27,113.45,113.72,5692204
1449153000,113.61,114.44,112.91,113.39,6558595
1449239400,113.75,116.39,113.42,116.2,7778164
1449498600,115.81,116.51,115.75,116.42,4810666
1449585000,115.95,116.86,115.26,116.53,4814227
1449671400,116.21,117.3,115.9,116.58,7604711
1449757800,116.61,117.51,116.2,117.2,5299897
1449844200,115.86,116.61,115.62,116.08,5736380
1450103400,116.17,117.07,114.65,116.26,7660702
1450189800,117.5,118.24,116.84,116.93,6118270
1450276200,117.49,118.75,116.49,117.84,6306287
1450362600,118.34,118.9,117.49,117.5,5275921
1450449000,116.74,117.28,115.89,116.66,11238875
1450708200,116.96,117.74,116.61,117.69,3344606
1450794600,117.96,118.04,116.64,117.72,4091991
1450881000,118.02,118.85,117.75,118.8,3641874
1450967400,118.75,118.99,118.5,118.57,1659340
1451313000,118.1,118.9,118.05,118.75,2777327
1451399400,119,120.23,118.8201,120.07,3213942
1451485800,119.64,119.99,119.225,119.43,2400802
1451572200,118.82,119.175,117.94,118.14,3723186
1451917800,117.25,117.73,115.87,117.58,9995004
1452004200,117.41,119.23,117.29,119.2,6314015
1452090600,118,119.27,117.81,118.4,6543760
1452177000,117.44,117.97,115.59,115.66,7477876
1452263400,115.75,117.47,115.26,115.48,6103431
1452522600,115.65,117.06,115.58,116.69,6392820
1452609000,117.03,117.74,116.17,117.44,5639728
1452695400,117.69,117.87,115.08,115.12,6985962
1452781800,115.59,117.13,113,116.62,9204523
1452868200,114.26,116.45,114.21,115.18,10201938
1453213800,116.63,117.71,115.96,117.5,9195272
1453300200,116.97,118,114.38,115.78,11905195
1453386600,116.51,118.44,115.79,117.84,9839121
1453473000,118.44,118.75,117.37,118.4,9016579
1453732200,121.85,121.9,118.2,119.2,15141460
1453818600,119.6,121.3,119,120.43,8326085
1453905000,120.88,121.62,119.83,120.87,7408976
1453991400,121.1,122.6,120.2,122.38,7460478
1454077800,122.77,124.35,122.75,123.78,10549947
1454337000,123.08,124.83,123.02,124.61,6189906
1454423400,124.05,124.34,123.1,123.95,7652982
1454509800,124.36,124.58,120.84,121.47,9326962
1454596200,121.04,121.24,118.72,120.66,7595031
1454682600,120.65,120.65,114.96,115.4,13261695
1454941800,114.05,116.36,112.71,116.05,11311503
1455028200,115.54,117.8,115.35,117.01,7525722
1455114600,118.02,118.53,117.26,117.54,5726298
1455201000,115.74,117.5,115.69,116.73,7568647
1455287400,116.72,118.33,116.1,117.93,8552812
1455633000,118.42,119.18,117.6,119.18,10835814
1455719400,119.18,119.4,116.72,118.64,12728952
1455805800,118.81,119.46,116.93,117.17,9707053
1455892200,117,117.35,115.81,116.53,10793653
1456151400,117.33,118.16,116.87,117.67,6223270
1456237800,117.35,118.15,116.85,116.9,5276672
1456324200,116.32,117.33,115.8,117.06,5349845
1456410600,117.43,118.5,117.16,118.37,6033959
1456497000,117.98,118.27,116.17,117.06,5193676
1456756200,116.8,118.365,116.71,117.19,6467747
1456842600,117.91,119.19,117.77,118.85,4731479
1456929000,118.56,118.73,117.66,118.48,4267748
1457015400,117.48,117.48,115.3248,116.69,9131980
1457101800,116.72,117.45,115.9,117.18,5857404
1457361000,117.03,117.57,116.12,117.15,5640744
1457447400,116.21,119.08,116.21,118.42,6236181
1457533800,119.24,120.2,118.46,119.64,6428198
1457620200,119.91,120.86,118.66,119.98,6171581
1457706600,120.49,122.0074,120.36,121.55,7042293
1457962200,121.81,123.4899,121.45,122.9,7912091
1458048600,122.3,123.76,122.21,123.43,5061379
1458135000,123.33,124.06,122.67,123.52,6716710
1458221400,123.27,123.85,123.11,123.16,6108726
1458307800,123.43,124.12,122.75,124.08,14783806
1458567000,123.66,124.5,123.05,123.81,4050102
1458653400,123.79,124.39,123.56,123.82,3494464
1458739800,124.1,125,123.86,124.19,4143636
1458826200,123.69,124,122.66,123.29,5797096
1459171800,124,124.2,123.12,123.17,4784378
1459258200,123.43,124.57,123.34,123.97,7188190
1459344600,124.9,126.1,124.6,125.83,4853663
1459431000,126.15,126.96,125.61,125.68,7685896
1459517400,125.19,127.39,124.87,127.02,5212405
1459776600,127.05,127.868,126.88,127.57,4239620
1459863000,126.84,127.78,126.39,127.38,6282243
1459949400,127.47,127.69,126.84,127.52,5619947
1460035800,127.37,128.5162,127.02,128.14,4720775
1460122200,128.28,128.74,127.28,127.96,3625607
1460381400,128.35,128.69,127.45,127.56,6973708
1460467800,128.08,128.28,126.89,127.61,5211376
1460554200,127.71,127.915,126.08,126.89,4985207
1460640600,127.14,128.09,127.04,127.51,4834785
1460727000,127.08,128.04,126.96,127.78,3103785
1460986200,127.95,128.91,127.68,128.85,4525553
1461072600,128.91,129.35,128.12,128.86,4606325
1461159000,129.31,129.8,128.51,128.55,5006666
1461245400,128.55,128.75,125.6,125.79,7947587
1461331800,128.17,128.4,125.36,125.5,9311250
1461591000,125.07,127.53,125.01,127.46,6979925
1461677400,127.42,128.34,127.03,127.71,4082343
1461763800,127.94,128.5599,127.78,128.3,4436223
1461850200,127.86,128.85,127.44,127.92,3385801
1461936600,127.93,127.93,126.1,126.49,6276920
1462195800,126.65,128.22,126.5,128.2,4830848
1462282200,127.4,128.99,127.38,128.4,4048446
1462368600,127.57,130.4299,127.57,129.33,6613656
1462455000,129.31,129.9799,129,129.28,4520014
1462541400,129.38,130.58,128.59,130.58,4418401
1462800600,130.65,131.5,130.35,130.83,5006830
1462887000,130.85,131.96,130.85,131.6,4082597
1462973400,131.24,131.62,129.14,129.14,6890220
1463059800,129.74,130.54,129.16,130.12,4287051
1463146200,129.74,130.16,128.71,128.83,6568694
1463405400,128.51,129.73,128.05,129.64,4343605
1463491800,129.6,129.97,127.3,127.69,5826181
1463578200,127.05,127.47,125.73,126.21,7303212
1463664600,125.48,125.6,124.68,125.29,6255136
1463751000,124.74,125,122.14,122.56,9735863
1464010200,122.76,123.73,122.47,122.81,7081628
1464096600,123.39,124.77,123.01,123.95,4494691
1464183000,123.75,123.99,123.0315,123.26,5307678
1464269400,123.38,123.98,123.23,123.79,3716320
1464355800,124.27,124.68,123.115,123.25,3222830
1464701400,123.3,123.41,121.62,122.06,7995178
1464787800,121.6,122.735,121.5,121.97,5057195
1464874200,120.7,121.51,120.55,121.17,4740240
1464960600,121.09,121.67,120.34,121.35,4643011
1465219800,121.79,122.17,121.205,122,4901956
1465306200,122.34,123.38,121.9,121.9,4562104
1465392600,121.98,122.49,120.8854,122.11,3925901
1465479000,122.07,123.09,122.07,122.79,4583522
1465565400,121.8,122.66,121.61,122.36,4347385
1465824600,121.95,123.965,121.85,122.99,5436736
1465911000,122.54,123.19,121.93,122.51,6351355
1465997400,123.15,123.32,122.13,122.25,4168099
1466083800,121.84,122.63,120.95,122.47,3931956
1466170200,122.23,122.71,121.42,122.27,8331396
1466429400,123.32,124.08,123.2742,123.42,5951035
1466515800,123.92,124,122.31,122.63,4749755
1466602200,121.31,121.45,120.05,120.62,6578905
1466688600,121.48,121.75,120.64,121.21,3832757
1466775000,118.76,121.11,118.2901,119.44,6985935
1467034200,118.16,118.16,116.08,116.3,14159800
1467120600,117.2,118.64,116.83,118.5,6172978
1467207000,119.16,119.96,119,119.49,5020404
1467293400,119.68,120.45,119.3,120.34,4808068
1467379800,119.72,120.86,119.66,120.4,3798100
1467725400,120.12,120.8,120.1,120.76,5191103
1467811800,119.29,120.96,119,120.63,5102758
1467898200,120.89,121.24,120.41,120.92,3621346
1467984600,121.22,121.69,121.08,121.31,3809635
1468243800,121.69,122.12,121.46,122,4266347
1468330200,122,122.59,121.96,122.25,3742030
1468416600,122.36,123.015,122.16,122.82,3464177
1468503000,123.7,124.21,123.01,123.93,6011933
1468589400,124.42,124.44,123.39,123.61,3688425
1468848600,124,124,123.39,123.8,5254727
1468935000,124.08,126.6,123.75,126.5,6277670
1469021400,126.84,126.87,125.56,126.06,3353313
1469107800,126.42,127.23,125.93,127.18,3596912
1469194200,127.29,128.6,127.29,128.26,4304163
1469453400,127.95,127.95,126.86,127.4,6210059
1469539800,123.5,124.35,120.9701,121.71,14563682
1469626200,121.69,121.79,119.24,119.48,9939199
1469712600,119.59,120.18,118.36,119.42,6239355
1469799000,119.14,119.66,117.43,117.65,7460860
1470058200,117.88,118.39,117.74,118.01,4208757
1470144600,118.18,118.71,117.11,117.7,4504168
1470231000,117.77,118.02,117.14,117.52,4120014
1470317400,117.85,118.55,117.58,118.3,4313219
1470403800,118.78,119.45,118.6,119.21,3883771
1470663000,119.17,119.37,118.195,118.29,3589327
1470749400,117.98,119.13,117.6,118.31,3491668
1470835800,118,118.94,117.65,118.8,2941743
1470922200,118.87,119.75,118.85,119.38,3490215
1471008600,119.57,120.02,119.28,119.52,3015659
1471267800,119.02,119.25,118.52,118.52,3391619
1471354200,118.31,118.53,117.92,117.94,3333942
1471440600,117.98,117.98,116.52,117.1,5184865
1471527000,117.24,117.365,116.8,117.13,3710532
1471613400,116.8,116.8,115,115.01,7065676
1471872600,115,115.73,114.65,115.42,4484694
1471959000,115.91,116.12,115.05,115.19,4305419
1472045400,115.15,115.4,114.73,114.87,4135442
1472131800,115.1,115.78,114.88,115.43,6694088
1472218200,115.63,115.72,113.96,114.44,5294499
1472477400,114.6,115.65,114.5,115.41,4982952
1472563800,115.41,115.87,114.6,115.36,5085332
1472650200,115.51,116,115.2,115.66,5394668
1472736600,115.51,115.8147,114.86,115.4,3966619
1472823000,115.93,116.11,115.695,115.83,3410123
1473168600,117.09,119.24,116.91,117.25,6337938
1473255000,117.27,117.49,116.44,116.92,2647685
1473341400,116.82,117.11,116.04,116.17,3085582
1473427800,115.6,115.76,114.58,114.58,4961070
1473687000,114.47,116.18,114.13,115.95,5014014
1473773400,115.61,115.61,114.48,114.73,4162162
1473859800,115,115.66,114.82,115.18,4530713
1473946200,114.88,116.24,114.77,116.14,3674687
1474032600,115.68,116.26,114.83,115.28,9500452
1474291800,115.83,116.41,114.9573,115.21,3741507
1474378200,115.72,116.63,115.5,116.45,3841800
1474464600,116.49,117.05,115.96,116.93,4528903
1474551000,117.46,117.95,117.282,117.36,3808802
1474637400,116.49,117.52,116.35,117.17,2775956
1474896600,116.8,116.94,116.28,116.53,3022356
1474983000,116.95,117.2,116.37,116.88,3745396
1475069400,116.38,116.53,114.46,115.18,5638874
1475155800,115.2,115.97,114.73,114.79,4924448
1475242200,114.69,115.71,114.69,115.36,4188694
1475501400,115.01,115.15,114.41,114.64,3085770
1475587800,114.99,115.51,113.42,113.5,4742913
1475674200,113.91,114.83,113.38,113.41,3720334
1475760600,113.25,114.22,112.4,113.92,3899954
1475847000,113.97,114.34,113.22,113.45,4153139
1476106200,114.21,114.99,114.16,114.71,3290302
1476192600,114.65,115.23,113.56,113.68,3943282
1476279000,113.6,115.23,113.54,114.71,3340166
1476365400,114.14,115.74,114.07,115.41,4464728
1476451800,114.9,115.11,114.07,114.09,5312532
1476711000,113.91,114.395,112.1,112.41,5655748
1476797400,112.89,113.09,111.23,111.25,6198363
1476883800,111.71,111.77,111.12,111.26,6433443
1476970200,111.3,111.3,110.33,110.57,7250742
1477056600,113.27,114.5,112.75,113.93,10108048
1477315800,114.25,114.5,112.64,113.57,6173488
1477402200,113.5,113.54,112.67,112.72,4878955
1477488600,112.27,112.7,111.4,112.11,3763114
1477575000,112.17,112.49,111.78,112.08,2960726
1477661400,112.26,112.35,111.53,112.1,3304686
1477920600,112.46,112.73,111.79,112.57,4181577
1478007000,112.65,112.7699,111.95,112.25,3935634
1478093400,112.1,112.77,111.82,112.39,3512534
1478179800,112.74,112.85,111.52,111.72,3890687
1478266200,111.99,112,110.83,111.04,3457385
1478529000,112,113.28,111.88,112.82,3842380
1478615400,113.01,114.25,113,114.11,3300157
1478701800,112.09,115.42,111.8,114.98,5099493
1478788200,115.03,115.04,113.7834,114.51,4437714
1478874600,114.67,114.96,114.17,114.22,4331192
1479133800,114.99,118.75,114.72,117.86,7093249
1479220200,117.58,118.48,117.02,118.32,4447865
1479306600,118.86,119.6,118.465,119.21,5371085
1479393000,118.89,119.5,118.28,119.45,2836645
1479479400,119.26,120.24,118.907,120,3655358
1479738600,119.8,120.5,118.96,119.5,3603269
1479825000,119.5,120.29,118.88,119.69,3699103
1479911400,119.73,120.76,119.73,120.14,2872059
1480084200,120.08,120.99,119.92,120.66,1709105
1480343400,120.38,121.87,120.23,121.82,5931717
1480429800,120.38,120.79,119.02,120.68,6370935
1480516200,120.22,120.49,119.27,119.27,5696096
1480602600,118.96,118.96,117.87,118.47,4444978
1480689000,118,118.5,117.71,118.24,3348723
1480948200,119.45,120.34,119.03,119.29,5191935
1481034600,119.29,119.65,118.6,119.25,3367984
1481121000,119.41,120.13,118.465,119.92,4059907
1481207400,120.05,121.15,119.5,120.45,3255709
1481293800,120.57,121.27,120.21,121.26,2623713
1481553000,121.57,122.25,121.26,121.74,4172434
1481639400,121.78,122.92,121.76,122.68,4307966
1481725800,122.87,123.4,122.39,122.84,4967405
1481812200,122.97,123.36,121.77,122.36,4402760
1481898600,122.89,123.84,122.54,123.24,10793788
1482157800,123.23,123.66,122.77,122.99,3545487
1482244200,123.18,123.9,122.71,123.33,2768822
1482330600,123.15,123.76,123.1,123.18,2762883
1482417000,123.12,123.995,123.09,123.72,3037126
1482503400,123.37,123.83,123.07,123.14,2164391
1482849000,123.3,123.65,122.97,123.07,1919649
1482935400,122.93,123.35,122.61,122.68,1980189
1483021800,122.76,123.36,122.76,122.79,1943461
1483108200,122.79,123.16,121.44,121.72,3574609
1483453800,121.86,122,118.96,119.62,5123752
1483540200,119,119.74,118.18,119.48,3780783
1483626600,119.34,120.2,119.1,119.7,4261070
1483713000,118.93,121.5,118.52,120.76,4089186
1483972200,120.76,121.06,120.33,120.43,3021844
1484058600,120.46,120.85,119.73,120.25,3108394
1484145000,120.93,121.5,120.62,120.88,3565185
1484231400,120.3,122.31,120.2,122.1,3480802
1484317800,122.24,122.24,121.1,121.5,2877498
1484663400,120.75,122.8,120.7,122.75,4077567
1484749800,122.81,123,121.8,122.71,3395003
1484836200,122.24,123,122.04,122.18,3155158
1484922600,122.26,122.95,122.015,122.26,4887114
1485181800,121.69,122.08,119.82,121.38,7022556
1485268200,121.97,122.06,120.52,121.05,3495211
1485354600,121.49,121.92,120.95,121.79,3968263
1485441000,121.86,122.38,121.76,121.88,2497470
1485527400,122.27,122.99,121.48,122.86,3592676
1485786600,122.81,123.21,122.3,123.02,3777994
1485873000,123.02,123.34,122.095,122.57,3733323
1485959400,121.9,122.5,121.7,122.42,3233576
1486045800,122.54,123.98,122.26,123.22,3236564
1486132200,123.31,124.51,123.28,124.24,3183438
1486391400,124.09,124.9,123.95,124.45,2760306
1486477800,124.95,125.42,124.59,124.59,2847175
1486564200,124.58,125.36,124.49,124.67,2835161
1486650600,124.47,125,124.36,124.48,2493605
1486737000,124.68,126.1124,124.5201,125.82,3681436
1486996200,126.02,126.68,125.49,125.54,2993779
1487082600,125.5,126.07,125.27,125.81,2663089
1487169000,125.66,126.79,125.45,126.48,2974932
1487255400,126.75,127.82,126.31,126.7,3006011
1487341800,126.78,127.875,126.68,127.8,3677392
1487687400,127.16,128.32,127.16,128.04,4495173
1487773800,127.52,128.11,126.4,127.85,3670720
1487860200,127.93,128.9,127.44,128.27,3177951
1487946600,128.36,128.74,127.75,128.65,3537175
1488205800,127.68,127.75,126.78,126.99,5184016
1488292200,127.08,127.93,126.58,127.65,4619284
1488378600,128.02,130,127.62,129.05,5471550
1488465000,129.05,129.81,128.15,128.23,6738068
1488551400,128.19,128.66,127.44,127.9,4071613
1488810600,127.9,128.34,127.4,128.03,3271529
1488897000,128.06,128.31,127.34,128.07,3332350
1488983400,128.07,128.36,127.47,128.09,3571805
1489069800,127.95,128.72,127.69,128.14,3266027
1489156200,128.56,128.59,127.72,127.98,3178943
1489411800,128.01,128.273,127.35,127.61,3130804
1489498200,127.65,128.23,127.5001,127.8,2492670
1489584600,128.21,128.3,127.47,127.88,3529288
1489671000,128.3,128.9,127.93,127.98,3945669
1489757400,128.57,129.9815,128.42,128.64,12532692
1490016600,128.99,129.4799,128.47,128.78,3415501
1490103000,129.22,129.75,128.18,128.52,4062394
1490189400,128.58,129.15,128.41,129.1,3174246
1490275800,129.14,129.59,128.81,129,2774527
1490362200,129.38,129.68,129.16,129.34,3568234
1490621400,129.08,129.82,129.02,129.49,2540421
1490707800,129.46,129.77,128.94,129.45,3487426
1490794200,129,129.67,128.63,128.84,3197028
1490880600,128.75,129.53,128.6,129.32,2018028
1490967000,129.39,130.19,129.3,129.61,3041677
1491226200,129.5,129.71,128.86,129.61,3287117
1491312600,129.14,129.53,128.65,129.29,3413965
1491399000,129.89,131.58,129.65,130.41,4052194
1491485400,130.31,130.66,129.96,130.15,3857127
1491571800,130.02,130.4,129.62,129.96,2176598
1491831000,129.95,130.65,129.52,129.98,2709287
1491917400,130.62,131.24,129.8,131.2,3677631
1492003800,131.31,131.56,130.87,131.26,3195534
1492090200,131,131.14,130.57,130.76,2429242
1492435800,131.25,131.87,130.91,131.35,3236373
1492522200,132.01,132.8,131.8,132.3,3617373
1492608600,132.64,133,132.34,132.64,3132760
1492695000,132.65,133.44,132.64,133.27,2697250
1492781400,133.55,133.88,133.15,133.41,3466098
1493040600,134.24,134.76,133.26,134.23,5040990
1493127000,138.14,141.99,137.1836,141.7,10873220
1493213400,141.7,142,140.34,140.84,7132234
1493299800,141.88,142.79,140.85,140.87,5183662
1493386200,140.39,140.76,139.78,139.93,4779887
1493645400,139.86,141.45,139.84,141.15,3747202
1493731800,140.98,141.81,140.72,141.23,3774136
1493818200,142.2,142.7,141.4,142.62,4278614
1493904600,142.62,143.67,142.26,143.45,4178808
1493991000,143.42,143.975,142.58,143.96,2452736
1494250200,143.93,144.5,143.66,144.24,2813463
1494336600,144.09,144.98,144,144.36,3053786
1494423000,143.86,144.64,143.73,144.52,2273313
1494509400,144.08,144.405,143.4,144.21,1941939
1494595800,144.5,145.5,144.46,145.36,2747921
1494855000,145.43,146.4,145.43,146.28,3332792
1494941400,146.55,147.6686,146.28,147.29,3540887
1495027800,146.635,147.46,146.24,146.41,3875597
1495114200,146.41,147.24,145.81,147.01,2730870
1495200600,147.25,148.83,146.84,148.15,4071176
1495459800,148.3,148.88,147.93,148.19,3294675
1495546200,148.22,148.53,147.65,147.82,3262308
1495632600,147.94,149.99,147,149.5,3390450
1495719000,149.81,149.95,149.27,149.78,3408113
1495805400,149.87,150.24,149.25,149.86,3258239
1496151000,149.95,150.33,149.52,149.93,3113940
1496237400,150.12,151.145,149.6,150.89,6415744
1496323800,150.79,152.39,150.35,152.39,4349787
1496410200,152.52,153.9,152.15,153.74,4316652
1496669400,153.63,153.66,152.76,152.79,2633659
1496755800,152.37,152.59,151.21,151.23,3661935
1496842200,151.23,152.01,150.7256,151.94,2922873
1496928600,152,152.15,151.01,151.43,3709866
1497015000,151.88,151.995,150.9,151.48,4143139
1497274200,151,151.08,148.04,148.47,5902610
1497360600,148.86,150.2499,148.62,149.82,4267682
1497447000,150.32,151.08,149.91,150.68,2675487
1497533400,149.9,151.52,149.65,151.17,2517538
1497619800,150.98,152.89,150.92,151.99,5443905
1497879000,152.39,153.18,151.84,153.14,3263818
1497965400,154.27,155.28,153.84,154.07,3614426
1498051800,154.18,154.42,153.61,153.73,2448456
1498138200,153.78,154.91,153.68,154.8,2003838
1498224600,155,155.45,154.43,154.64,2214734
1498483800,155.18,155.46,153.52,153.96,2360865
1498570200,154,154.8152,153.46,153.72,2139026
1498656600,154.04,154.68,153.74,154.3,1302825
1498743000,154.58,154.58,152.15,153.13,1975891
1498829400,153.3,153.77,152.72,153.16,2508213
1499088600,153.44,153.87,152.475,152.5,1100668
1499261400,152.82,153.57,151.99,153.07,2497334
1499347800,152.7,153.46,152.33,153.09,2019798
1499434200,153.37,156.56,153.15,156.27,4117750
1499693400,156.28,156.53,155.16,155.52,2402682
1499779800,155.09,155.88,154.01,154.91,2008830
1499866200,155.41,156.75,155.27,156.58,2094889
1499952600,156.49,156.54,154.34,155.04,3169726
1500039000,154.99,155.5,154.73,155.28,2440151
1500298200,155.43,155.44,154.7,155.26,2408743
1500384600,155,155.27,153.37,153.96,3890738
1500471000,154.13,154.46,153.48,153.89,3072177
1500557400,154.03,155.22,153.55,154.21,2240178
1500643800,154.06,154.7,153.29,153.92,3522350
1500903000,154,154.215,151.77,151.85,5307438
1500989400,157.75,159.98,156.54,159.07,9511383
1501075800,158.76,159,155.68,156.51,4678963
1501162200,156.42,157.43,155.54,156.95,4624114
1501248600,156.36,156.66,155.07,155.85,3964456
1501507800,155.92,156.42,154.85,155.14,4280364
1501594200,154.98,155.9,153.71,154.04,4185050
1501680600,153.76,156.65,153.71,156.59,3325986
1501767000,156.56,156.77,154.411,154.72,3666110
1501853400,154.61,154.8217,153.23,153.82,4435402
1502112600,154.14,155.39,154,154.97,3252104
1502199000,154.67,155.245,154.1,154.92,4234291
1502285400,155.3,155.68,154.35,154.92,3006466
1502371800,154.33,157.2,154.25,156.62,3874541
1502458200,156.88,158.399,156.63,157.3,2925044
1502717400,157.45,157.9,156.46,157.26,2809051
1502803800,157.84,158.58,157.34,157.62,2160072
1502890200,157.89,159.38,157.604,158.9,2921762
1502976600,158.75,159.53,157.81,157.89,3071602
1503063000,157.99,158.28,157.021,157.76,2595695
1503322200,158.17,158.64,157.54,158.36,2195074
1503408600,158.5,159.94,158.39,159.64,2122581
1503495000,159.3,159.37,158.38,158.81,2190674
1503581400,159.11,159.679,158.3321,158.41,1634784
1503667800,158.89,159.34,158.53,158.82,2019582
1503927000,159.04,159.96,158.66,159.67,2027283
1504013400,159.2,159.76,158.73,159.38,3283371
1504099800,158.4,159.64,158.32,159.53,2236471
1504186200,159.77,160,159.35,159.97,2717014
1504272600,159.87,160.2,159.5,159.81,1878291
1504618200,159,159.78,158.07,159.1,4005591
1504704600,159.23,159.37,158.22,158.22,4143348
1504791000,158.47,160.065,158.33,159.9,2965378
1504877400,159.53,160.38,159.18,159.71,2984223
1505136600,160,161.72,159.92,161.53,2333557
1505223000,160.21,160.72,155.77,156.33,10324140
1505309400,156.74,157.78,156,157,4705601
1505395800,157,157.35,156.05,157,3109655
1505482200,157.79,158,156.88,156.92,7425112
1505741400,157.72,157.79,156.35,156.68,3832243
1505827800,157.27,157.9,156.33,157.43,3554601
1505914200,157.9,159.89,157.765,159.88,3641093
1506000600,159.87,160.09,158.51,159.03,2503437
1506087000,158.88,159.74,158.56,158.91,2442658
1506346200,158.47,158.687,156.1,156.26,3661538
1506432600,156.25,156.84,153.27,153.35,6420043
1506519000,153.51,154.69,153.44,154.05,3915940
1506605400,156.16,158.31,155.48,157.49,4210238
1506691800,157.51,158.04,156.12,156.68,3670057
1506951000,156,157.18,155.8009,156.96,2406969
1507037400,156.75,157.459,156.36,156.86,2188429
1507123800,156.83,157.42,156.65,157.21,1823061
1507210200,157.3,158.92,157.3,158.8,2796033
1507296600,158.58,160.1342,158.58,159.6,3548478
1507555800,159.61,160.49,159.5,160.12,2120035
1507642200,159.69,161.58,159.59,160.58,2910445
1507728600,160.9,163.24,160.58,163.15,3572512
1507815000,162.99,164.4,162.77,163.91,3023607
1507901400,164.45,165.51,164.08,165.37,2957929
1508160600,165.44,165.74,164.44,165.01,2133063
1508247000,164.92,166.02,164.75,165.4,2379725
1508333400,165.29,166.25,163.89,165.77,2798259
1508419800,165.82,166.95,164.92,166.5,2478221
1508506200,167.23,167.9,165.5,166.3,5577713
1508765400,166.1,166.1,163.09,163.34,6208890
1508851800,165.26,166.485,163.59,163.88,7855167
1508938200,163.41,165.12,163,163.58,3716202
1509024600,164.14,164.65,163.75,164.01,2934412
1509111000,164.09,165.85,163.77,165.39,2298244
1509370200,165,166.56,164.665,166.23,2050964
1509456600,166.25,167.41,166.1295,166.91,2873004
1509543000,165.72,167.99,165.57,166.37,2186059
1509629400,166.99,168.47,166.5,168.1,2290972
1509715800,168,169.45,167.6008,168.65,1960340
1509978600,168.9,170.42,168.6,170.07,3088388
1510065000,170.1,170.82,169.52,170.77,2506006
1510151400,170.17,170.92,169.45,170.1,2605530
1510237800,168.72,169.2,166.1,167,4218989
1510324200,166.4,166.8,163.52,165.59,4226775
1510583400,165.47,167.95,165.08,167.37,2605607
1510669800,166.84,168.42,166.5701,168.11,2180883
1510756200,167.69,168.69,167.15,167.32,2019256
1510842600,167.68,168.89,167.53,168.09,2293402
1510929000,167.54,167.7001,166.16,166.72,2221422
1511188200,167.33,167.85,166.76,166.93,2442260
1511274600,167.55,169.26,167.51,168.3,2653109
1511361000,169.27,170.35,168.6692,169.05,2719456
1511533800,168.88,169.56,168.82,169.11,963082
1511793000,168.9,169.18,168.09,168.96,2082561
1511879400,169.23,171.38,169.04,171.34,2909928
1511965800,171.7,172.02,169.05,170.43,4590301
1512052200,170.24,173.17,169.34,171.97,6023705
1512138600,172.77,173.15,170.39,172.87,4279176
1512397800,173.27,173.48,170.43,170.65,3943113
1512484200,173.39,174.25,172.46,172.99,3228719
1512570600,173.39,174.44,173,173.48,2619230
1512657000,172.55,173.29,171.92,172.91,2284815
1512743400,173.05,173.5429,172.51,173.15,2241149
1513002600,172.94,173.25,172.22,173.25,2340780
1513089000,173,173.2,171.85,172.23,2805872
1513175400,172.44,173.96,172.4,173.55,2554009
1513261800,173.66,174.08,172.83,173.14,2667075
1513348200,174.3,175.09,173.68,174.06,7435241
1513607400,174.87,175.78,174.11,174.2,2426273
1513693800,174.39,174.9,173.08,173.39,3122460
1513780200,173.83,173.88,171.71,172.17,2749398
1513866600,172.6,172.75,171.67,171.85,2343276
1513953000,171.82,172.04,170.55,171.42,3234143
1514298600,171.09,171.64,170.82,171.29,1280227
1514385000,171.33,172.74,170.845,172.67,1596817
1514471400,173.26,173.55,172.62,173.1,1800068
1514557800,172.98,172.98,171.92,172.12,2201771
1514903400,173.73,174.4799,172.66,173.22,3696871
1514989800,173.23,173.64,172,172.49,3789590
1515076200,173.24,174.13,172.73,173.7,2756369
1515162600,174,175,173.4,174.05,3737690
1515421800,173.74,174.21,172.93,173.93,2060827
1515508200,174.23,174.23,173.01,173.54,2674280
1515594600,173.5,174,172.47,173.51,2173176
1515681000,173.56,174.55,172.1,173.39,3077963
1515767400,173.36,173.79,172.88,173.57,2901615
1516113000,173.62,174.41,172.88,173.68,3662624
1516199400,174.35,175.69,173.88,174.98,4129573
1516285800,175.19,175.445,173.9,174.57,2154754
1516372200,174.99,176.64,174.38,176.12,3746267
1516631400,175.97,176.83,175.605,176.21,3217879
1516717800,175.57,177.75,174.85,176.81,3197644
1516804200,177.3,177.3,175.25,176.12,2810819
1516890600,176.4,176.62,174.66,175.66,2815838
1516977000,175.67,178.4,175.0101,178.36,3957724
1517236200,178.3,178.7,177.24,177.77,6095468
1517322600,177.1,177.67,170.85,172.48,9612974
1517409000,173.6,174.295,170.27,171.14,7004176
1517495400,170.27,173.54,168.8945,171.9,4751328
1517581800,170.8,172.7299,168.99,169.38,4604454
1517841000,168.61,169.455,153.86,163.85,7309275
1517927400,158.35,166.05,158.25,165.18,7019960
1518013800,164.86,168.26,164.52,165.71,4974029
1518100200,165.69,165.7329,158.76,158.97,5655988
1518186600,159.98,161.98,155.23,160.8,7187079
1518445800,162.37,165.89,161.5,163.9,5255925
1518532200,163,163.83,161.72,162.4,5405988
1518618600,161.44,162.02,159.68,159.99,5865565
1518705000,161.14,161.52,158.81,160.78,5012104
1518791400,159.47,159.9,157.76,157.79,7165793
1519137000,157,159.16,156.275,157.16,5211141
1519223400,157.76,161.32,157.6,158.64,7833396
1519309800,158.95,161.4,158.9,160.66,4398165
1519396200,161.44,163.31,161.44,163.06,4272364
1519655400,164,164.75,162.3,163.58,4525196
1519741800,164.19,164.5,160.64,160.66,4907530
1519828200,160.43,161.21,157.72,157.74,6116820
1519914600,157.8,160.43,155.21,155.7,5608962
1520001000,148.91,150.45,146.84,148.27,11754262
1520260200,148.28,151.48,147.92,151.03,6397841
1520346600,151.25,151.71,150.13,151.2,5015408
1520433000,149.86,152.74,149.68,152.38,4492049
1520519400,152.73,154.61,152.65,154.44,4291386
1520605800,155.62,157.73,154.84,157.24,5076480
1520861400,157.74,159.45,157.505,157.74,4461502
1520947800,158.56,159.89,158.21,158.22,4333091
1521034200,159,159.51,157.24,158.24,3878961
1521120600,158.71,162.15,158.59,161.61,5925708
1521207000,161.88,163.23,161.58,162.36,14292542
1521466200,162,162.36,158.21,159.01,4307627
1521552600,159.75,160.67,159.25,159.38,3105129
1521639000,160,160.41,158.29,158.66,3871947
1521725400,157.85,159.12,156.85,157.04,3669437
1521811800,157.59,158.08,154.92,154.98,3447383
1522071000,156.21,158.2,156.21,158.01,3476951
1522157400,158.5,159.7655,156.47,157.48,3519139
1522243800,157.84,159.76,157.82,158.41,3913249
1522330200,159,159.83,156.38,156.38,5289487
1522675800,158.27,160.16,155.25,157.72,6960137
1522762200,157.98,160.53,157.3,160.4,4719350
1522848600,158.5,162.15,157.88,161.73,4888038
1522935000,162.4,164.5615,161.75,163.95,4503889
1523021400,162.42,163.78,160.91,161.25,4321878
1523280600,162.22,163.57,161.06,161.23,3581531
1523367000,162.83,163.9632,162.05,162.77,3926051
1523453400,162.5,164.06,162.275,163.34,2711129
1523539800,163.59,165.4,161.54,161.62,5178889
1523626200,162.16,163.16,161.26,161.73,2452777
1523885400,161.3,162.44,160.86,161.63,3115186
1523971800,162.39,163.48,162.06,162.55,2861915
1524058200,162.59,163.31,161.74,161.81,2503128
1524144600,161.61,162.1,158.78,159.53,3276623
1524231000,159.33,160.73,158.51,158.77,3961213
1524490200,158.97,159.69,158.15,158.99,3051878
1524576600,159.75,159.83,156.761,157.32,2904359
1524663000,157.09,157.34,155.01,155.94,3710228
1524749400,156.46,159.46,155.65,158.9,3680630
1524835800,159.48,159.85,158.21,158.3,4141496
1525095000,164.69,167.95,163.75,167.44,12954744
1525181400,166.38,166.5,162.1,163.44,6560143
1525267800,162.15,163.195,160.44,160.68,4318436
1525354200,160.6,160.84,159.08,160.08,3450094
1525440600,159.95,165.45,159.9,165.03,4283643
1525699800,166.77,167.3,164.65,165,3378990
1525786200,164.44,165.59,163.75,164.77,2808116
1525872600,165,165.21,163.05,164.24,2762488
1525959000,164.45,165.64,164.31,165.07,1675139
1526045400,165,165.98,164.85,165.39,2258462
1526304600,165.65,165.98,164.32,164.72,2537289
1526391000,164.27,164.65,162.33,163.06,3471278
1526477400,163.24,163.94,161.74,162.87,2522035
1526563800,162.63,163.23,160.73,161.31,2975505
1526650200,161.68,162.84,160.55,160.98,2318045
1526909400,161.78,161.97,160.61,161.48,2424012
1526995800,162.06,162.09,159.16,159.45,3224003
1527082200,159.7,161.65,159.1586,161.62,3835129
1527168600,161.11,162.6,160.44,162.39,3378040
1527255000,162.44,163.95,162.1,163.21,2582090
1527600600,162.43,162.72,160.2124,160.62,3197053
1527687000,161.41,162.1,160.8175,161.82,2396547
1527773400,161.18,161.63,159.94,160.01,4881141
1527859800,159.9,160.05,159.02,159.16,3203782
1528119000,160.08,160.49,159.54,160.22,3174562
1528205400,159.97,160.99,158.98,159.48,2952304
1528291800,159.79,162.39,159.33,162.38,3586190
1528378200,163.75,170,163.69,169.48,8342535
1528464600,169.02,171.56,168.46,168.91,5056578
1528723800,169.04,169.04,166.26,166.49,3246464
1528810200,166.82,167.24,166.2301,166.73,2985260
1528896600,166.99,167.61,166.55,166.58,3140508
1528983000,167.04,167.94,166.68,167.05,2389963
1529069400,166.1,166.6,164.59,166.46,7384360
1529328600,165.53,166.58,163.81,166.28,4297727
1529415000,164.62,165.51,164.24,164.97,3350429
1529501400,164.91,165.53,162.37,162.56,3649511
1529587800,163.29,163.6,159.541,160.53,4655807
1529674200,161.27,165.14,161.26,164.55,10927291
1529933400,163,163,158.95,159.81,6126774
1530019800,160.01,161.855,159.8,160.91,3375117
1530106200,159.05,160.49,157.38,157.42,4962140
1530192600,157.25,157.33,155.1,156.32,4136532
1530279000,156.76,157.95,156.07,156.69,4024512
1530538200,155.99,156.87,155.45,156.87,3023959
1530624600,157.36,157.82,156.31,156.48,1437699
1530797400,156.9,157.67,156.5,157.32,2248320
1530883800,157.77,160.57,157.45,159.42,3441328
1531143000,160.47,160.8,159.37,159.94,2477291
1531229400,159.83,160.98,159.46,160.62,2187530
1531315800,158.89,159.71,157.7,158.62,3203795
1531402200,159.15,159.775,158.82,159.12,2360824
1531488600,157.4,158.76,155.28,158.51,5187544
1531747800,158.62,159.28,157.96,158.78,2818313
1531834200,158.56,160,158.56,159.75,1877482
1531920600,159.85,159.87,157.81,157.93,3824040
1532007000,157.59,158.64,157.11,157.41,4869720
1532093400,157.2,158.35,156.28,157.97,2697080
1532352600,157.8,158.83,157.04,158.75,2754730
1532439000,159.24,159.58,157.52,157.94,3388383
1532525400,157.69,158.99,157.41,158.89,4369823
1532611800,158.23,158.89,154.71,156.14,7409782
1532698200,156.58,158.01,156.4,157.48,4287282
1532957400,157.39,160.02,157.09,158.64,3274878
1533043800,158.7,159,157.23,157.54,3530344
1533130200,156.57,157.22,155.66,156.92,4253003
1533216600,156.65,156.9297,153.13,155.41,6245890
1533303000,155.7,156.97,154.29,156.21,3673120
1533562200,156.03,157.41,155.46,156.72,2375200
1533648600,156.91,157.2,155.84,156.04,1929394
1533735000,156.49,158.93,156.17,158.92,2988536
1533821400,158.84,159.62,157.96,159.3,2764451
1533907800,158.34,159.51,157.87,158.68,3343459
1534167000,158.48,158.99,157.25,158.14,2879590
1534253400,158.35,161.43,158.19,160.6,3111910
1534339800,159.81,160.46,158.37,159.88,3355474
1534426200,160.15,162.28,160.15,161.73,2822325
1534512600,161.9,161.9,160.24,161.15,2527422
1534771800,161.29,162.16,161.1,161.68,2659503
1534858200,161.46,161.95,161.02,161.04,1920897
1534944600,161.41,161.51,160.08,160.55,2361539
1535031000,160.56,160.79,158.37,159.05,2755807
1535117400,158.74,159.86,158.3,159.38,2199440
1535376600,160.23,160.52,159.2,160.48,2627116
1535463000,160.55,161.67,160.155,161.64,2138158
1535549400,161.92,163.34,161.69,163.11,3168231
1535635800,163.03,163.29,162.3728,162.8,3038737
1535722200,161.53,162.91,161.53,162.23,3649768
1536067800,161.81,161.98,160.07,161.72,3296272
1536154200,161.6,163.4,161.19,163.24,2749174
1536240600,163.04,164.3,162.7,163.74,3133754
1536327000,163.58,164.2,163.14,163.9,2868309
1536586200,164.48,166.02,164.24,165.07,3080082
1536672600,164.88,165.93,164.201,164.62,2946393
1536759000,164.32,165.42,163.74,164.74,2613354
1536845400,165.45,165.46,161.7,162.4,3663571
1536931800,163,163.11,160.25,160.84,3939824
1537191000,159.55,159.82,156.56,158.14,5360039
1537277400,158.17,159.08,157.58,157.77,3722864
1537363800,158.71,159.49,157.72,159.18,2821953
1537450200,160.21,161.05,159.37,160.79,3218707
1537536600,162.71,165.3,162.51,165.3,8805474
1537795800,163.9,164.08,161.12,163.31,4375289
1537882200,164.59,167.18,164.07,166.41,5282930
1537968600,166.4,167.51,165.55,165.76,3092556
1538055000,165.62,167.27,165.3,166.53,2390670
1538141400,166.74,167.83,166.51,167.29,3390221
1538400600,168.37,168.95,166.66,166.67,3126616
1538487000,166.35,167.0377,165.18,165.18,3071198
1538573400,166.1,167.6,164.37,164.66,3830275
1538659800,164.89,166.07,164.5,165.8,3230440
1538746200,166.24,167.49,165.79,166.57,2822503
1539005400,166.25,168.17,166.12,167.77,2560488
1539091800,168.16,170.56,167.81,169.83,4158072
1539178200,171.99,172,168.22,168.37,4190540
1539264600,166.41,167.67,161.82,162.97,5430672
1539351000,163.93,164.96,161.86,163.82,3446093
1539610200,164.69,165.47,163.64,163.67,4265948
1539696600,163.44,164.46,162.9,164.07,4094663
1539783000,164.47,167.73,164.11,166.77,3608363
1539869400,166.64,167.9938,165.766,166.81,3378587
1539955800,166.39,168.15,166.3,167.49,3509973
1540215000,167.98,169.81,166.19,166.63,5703547
1540301400,171.2,177.87,170.5,177.15,12918331
1540387800,176.13,178,174.43,177.35,7866377
1540474200,177.56,178.27,174.6029,175.31,4646367
1540560600,174.6,174.93,172.6,173.34,4741914
1540819800,175,176.16,172.22,173.23,3485180
1540906200,173.51,178.59,173.44,178.49,5582931
1540992600,178.81,178.96,176.37,176.9,5424712
1541079000,176.67,177.35,174.7,174.88,3701151
1541165400,176.45,176.99,174,176.75,4190863
1541428200,177.41,181.1,177,180.39,4747298
1541514600,180.03,182.86,179.49,182.71,4864654
1541601000,183,184.48,181.88,184.25,4363930
1541687400,184.29,186.04,184.08,185.48,3318599
1541773800,186,186.58,185.07,185.94,3237062
1542033000,185.95,187.42,183.78,184.37,3080753
1542119400,183.94,184.92,183.32,184.01,2358173
1542205800,184.22,185.09,183.36,183.85,3407486
1542292200,182.97,183.98,181.52,183.56,3351256
1542378600,183.5,187.77,183.42,187.59,3759462
1542637800,187.74,188.9,185.79,186.72,3745905
1542724200,185.67,186.63,183.03,183.71,3708429
1542810600,183.21,185.57,182.7,182.72,3410745
1542983400,182.52,183,181.07,181.93,1747670
1543242600,182.4,184.09,182.07,183.89,3843322
1543329000,183.33,184.64,183.19,184.63,2195830
1543415400,185.97,188.05,184.72,187.85,3279454
1543501800,190.72,190.88,188.61,189.26,4617087
1543588200,188.34,189.23,186.76,188.51,6635621
1543847400,188.1,188.42,184.67,185.37,4399266
1543933800,185.79,188.08,184.9,185.04,4436191
1544106600,182.74,185.75,182.1,185.45,4878006
1544193000,185.33,187.2,182.67,182.96,3087954
1544452200,182.96,185.09,180.55,184.65,3084968
1544538600,186.57,186.83,182.87,183.59,2889144
1544625000,183.93,184.84,182.35,183.48,3024671
1544711400,184,186.76,183.81,186.43,2737514
1544797800,185.26,185.26,182.2,183.29,4450192
1545057000,182.8,183.62,180.2,180.79,4566870
1545143400,182.24,182.61,179.06,179.71,4268985
1545229800,180.95,182.98,178.58,179.16,3883791
1545316200,178.21,178.8122,172.54,173.68,5775271
1545402600,173.53,177.65,173.53,174.15,8536938
1545661800,174.24,175.27,170.17,170.28,2400878
1545834600,170.09,174.04,169.04,174.03,4065567
1545921000,173.29,175.71,170.73,175.71,3934478
1546007400,176.3,177.5,174.85,175.56,2896778
1546266600,175.96,177.8,175.6,177.57,2482576
1546439400,175.41,176.3,174.168,176.06,2571462
1546525800,175.45,176.45,174.41,174.9,3728238
1546612200,176.03,179.2,175.6901,178.28,3194259
1546871400,178.14,181.88,178.14,180.22,3282952
1546957800,181.96,182.29,179.91,180.6,2941377
1547044200,180.56,180.9,179.19,180.29,2680712
1547130600,179.84,181.875,179.3201,181.55,2498483
1547217000,180.59,182.4,180.46,182.37,2348922
1547476200,181.42,181.75,180.69,181.22,1886302
1547562600,181.47,183.21,180.74,181.02,3860212
1547649000,180.94,181.53,179.14,179.35,3376029
1547735400,179.25,181.11,179.03,181.11,3061038
1547821800,183.04,183.26,180.94,182.57,3497959
1548167400,182.25,185.48,182.25,184.57,3190315
1548253800,184.78,186.17,184.11,186.09,2530657
1548340200,186.86,187.88,185.94,187.37,3214190
1548426600,188.77,189.42,183.93,184,4408751
1548685800,183.06,183.72,181.83,183.6,4138677
1548772200,183.28,183.72,180.97,182.17,3666741
1548858600,182.92,187.7923,178.67,181.77,9489921
1548945000,180.25,181.85,176.87,178.78,10440122
1549031400,179.55,180.49,176.48,176.72,6529191
1549290600,177.29,177.78,175.66,177.55,4533792
1549377000,177.71,179.42,177.22,177.57,4495881
1549463400,177.55,177.55,175.99,176.18,3965233
1549549800,176,176.26,174.31,175.28,4176269
1549636200,174.77,175.47,174.4,174.75,4051647
1549895400,175.24,175.9,174.17,174.26,3216447
1549981800,174.79,175.28,173.8,173.97,4692769
1550068200,174,174.66,173.75,174.15,5283032
1550154600,173.93,176.44,173.41,175.87,4428976
1550241000,177.28,179.98,177.0142,179.97,4648604
1550586600,181.11,181.9,179.16,179.25,4765391
1550673000,179.47,180.92,179.34,180.49,3707411
1550759400,180.45,183.34,180.4,182.81,4391022
1550845800,182.98,183.41,182,183.17,3073495
1551105000,183.93,184.705,182.41,182.61,3090787
1551191400,183.44,183.81,182.47,183.21,2219087
1551277800,183.07,184.06,182.84,183.36,2261701
1551364200,182.13,183.98,182.01,183.84,3298206
1551450600,184.59,185.65,184.07,185.05,2690988
1551709800,184.55,184.73,179.7,180.59,4899760
1551796200,180.6,181.75,180.35,181.35,3362509
1551882600,182,183.46,181.9,182.03,2083946
1551969000,182.12,182.39,179.95,180.52,3268106
1552055400,179.75,180,178.27,179.5,2769175
1552311000,180,181.12,179.8,181.08,2071481
1552397400,181.67,182.1,180.66,181.83,2191830
1552483800,182.52,183.18,181.7,182.06,2612135
1552570200,181.99,182.78,180.67,182.74,2375444
1552656600,183.27,185.46,182.11,185.33,6010520
1552915800,185.98,186.26,183.41,183.95,3669226
1553002200,184.06,184.37,182.53,183.11,4102771
1553088600,183.38,185.36,182.32,184.97,3522394
1553175000,184.44,186.63,184.43,186.37,2830192
1553261400,185.96,188.65,185.935,186.81,3319613
1553520600,186.25,186.46,184.01,185.72,2651646
1553607000,186.65,188.88,186.35,187.48,2609558
1553693400,187.64,188.66,187.03,187.51,1684775
1553779800,187.97,189.445,187.93,189.39,1977103
1553866200,190.25,190.52,188.9101,189.9,2951993
1554125400,190.5,190.85,187.74,188.39,3195051
1554211800,188.91,188.95,186.7,188.35,1798034
1554298200,188.88,189.24,187.62,188.35,2512264
1554384600,189.05,190.73,188.9,189.87,2324932
1554471000,190.35,191.24,190.07,190.71,2438651
1554730200,190.71,191.5,189.6,189.85,2290381
1554816600,189.4,190.28,188.44,190.08,2279856
1554903000,190.56,191.3,188.76,189.22,2406813
1554989400,189.28,189.4799,188.05,188.88,1740357
1555075800,189.59,192.28,189.57,191.6,3238816
1555335000,191.77,192.35,190.85,191.85,1973531
1555421400,192.5,193.07,191.39,191.7,1559227
1555507800,192,192.35,191.37,191.61,1875019
1555594200,191.77,195,191.66,194.91,2918415
1555939800,194,194.73,193.3799,193.92,1738426
1556026200,194.31,195.95,194.12,195.26,2192975
1556112600,195.57,198.26,195.34,197.63,3070150
1556199000,196.49,198.02,195.62,197.93,2040998
1556285400,198.47,198.6,196.54,197.42,2302119
1556544600,197.98,198.36,195.4001,197.12,3456076
1556631000,198.85,200,195.5,197.57,6162285
1556717400,195.87,197.19,193.95,194.17,4059612
1556803800,194.19,195.15,193.32,194.61,2417953
1556890200,195.34,197.97,194.75,197.52,2915210
1557149400,196.53,199.18,195.94,198.9,2371253
1557235800,197.96,199.62,196.73,198.04,3072542
1557322200,197.71,199.09,196.75,198.03,2040919
1557408600,197.12,198.31,196.41,197.73,1923655
1557495000,197.06,200.36,197.02,199.99,2668932
1557754200,198,199.91,197.28,199.03,2809429
1557840600,198.83,199.61,197.64,198.01,2787732
1557927000,197.66,199.73,197.5,199.07,1898987
1558013400,199.36,200.63,198.89,199.99,2520899
1558099800,198.86,200.37,198.8,199.22,2239574
1558359000,199.22,200.68,198.28,198.99,2217366
1558445400,200.89,201.1462,199.07,199.84,2264591
1558531800,199.52,200.17,198.5,199.96,1760440
1558618200,198.81,199.43,198.1,198.97,3560545
1558704600,199.87,199.9,197.33,197.77,2105755
1559050200,198.28,199.38,196.38,196.67,3675164
1559136600,195.85,196.7,194.85,196.02,2925087
1559223000,196.01,199.42,195.775,199.24,2685006
1559309400,197.41,200.03,197.25,198.27,3669172
1559568600,198.36,199.1,197.32,198.78,3211789
1559655000,199,200.3,198.79,199.63,3829903
1559741400,200.08,200.56,199.25,200.13,4294736
1559827800,200.12,203.38,200.03,203.05,4657847
1559914200,203.5,206.39,203.5,205.48,4345037
1560173400,206.1,206.1,199.74,201.3,4647536
1560259800,202.3,203.65,201.39,203.26,2991501
1560346200,204.49,205.49,203.7,204.93,2874338
1560432600,205.2,205.4,203.6599,204.49,2277781
1560519000,204,205.805,203.78,205.29,2715937
1560778200,205.75,205.75,203.09,203.81,2694576
1560864600,205,205.4,203.9192,204.51,2470933
1560951000,204.62,205,202.61,204.55,2328409
1561037400,205,205.39,204.1,205.12,2162164
1561123800,205.58,205.94,203.98,204.26,4267398
1561383000,204.75,205.25,203.63,203.92,2486835
1561469400,204.8,206.39,204.72,205.71,3020965
1561555800,205.49,205.6699,204.01,204.55,2576000
1561642200,204.67,206.35,204.2,206.27,2253671
1561728600,206.9,207.99,206.32,207.66,3658196
1561987800,208.86,209.43,206.19,206.3,2692857
1562074200,206.75,209.58,206.32,209.58,3120250
1562160600,209.82,212.87,209.7,212.81,2306040
1562333400,212.3,213.01,210.25,211.24,1876180
1562592600,211.24,212.53,211.23,212.16,1818123
1562679000,211.99,212.692,211.47,212.09,1619149
1562765400,212.25,213.46,211.95,213,1842288
1562851800,214.47,214.8,211.61,212.69,1922802
1562938200,212.69,213.4,211.265,212.99,1960149
1563197400,213.63,214.7,212.69,214.21,2408827
1563283800,213.53,214.9,212.15,213.72,2380836
1563370200,213.98,214.9,213.355,213.71,1698600
1563456600,214.08,215.95,213.33,215.91,2261628
1563543000,215.58,216.26,213.8,213.87,2860462
1563802200,213.79,215.33,212.52,215,2580634
1563888600,215.74,216.25,212.64,214.31,2503582
1563975000,213.84,214.95,212.27,212.78,2971648
1564061400,212.36,214.604,212.31,214.44,3788976
1564147800,217.95,218.9599,214.49,215.58,5029324
1564407000,216,217.42,214.3,214.98,4278616
1564493400,214.29,215.205,211.58,212.34,2808503
1564579800,212.08,212.71,209.37,210.72,4048787
1564666200,211.18,213.13,210.11,211.25,3232059
1564752600,211.3,215.09,210.89,214.48,3517803
1565011800,213.64,214.605,209.425,210.45,3685561
1565098200,210.5,214.55,209.88,214.08,2970342
1565184600,213.26,217.56,211.34,216.83,3767220
1565271000,217.31,219.74,216.17,218.01,3724277
1565357400,218.08,221.93,218.08,221.15,3783954
1565616600,220.44,220.6499,216.37,217.16,2793294
1565703000,220,220.22,218.04,219.73,2923623
1565789400,218.95,219.74,216.38,216.48,3233712
1565875800,216,218.48,215.665,218.27,2774122
1565962200,219.18,219.82,217.3,218.47,2475934
1566221400,219.99,220.21,217.11,218.78,2721167
1566307800,218.86,219.92,218.35,218.47,2334864
1566394200,219.9,220.79,218.73,220.71,2053321
1566480600,220.54,220.89,217.88,219.49,2551256
1566567000,219.17,219.47,213.89,214.66,3662483
1566826200,216.08,217.18,214.21,216.91,2553406
1566912600,217.58,217.9,216.05,216.05,2070202
1566999000,216.62,218.21,215.4,218.07,2152034
1567085400,219.83,221.015,218.37,220.54,2730740
1567171800,219.8,220,216.935,217.97,2734180
1567517400,217.93,218.67,216.28,217.13,3183134
1567603800,217.5,219.2614,216.5,218.5,2267061
1567690200,220.21,220.33,218.4,219.49,2752112
1567776600,219.81,220.84,219.45,220.03,1976463
1568035800,220.5,220.5,217.16,217.26,2569578
1568122200,215.43,215.43,208.28,209.68,6407631
1568208600,209.69,211.55,208.54,210.2,3393286
1568295000,211.9,214.0259,211.3,212.15,3439063
1568381400,212.5,212.7786,208.95,209.81,3791827
1568640600,209.3,209.86,207.33,207.4,3437739
1568727000,208,210.84,207.49,209.85,3692802
1568813400,210.65,210.88,208.285,210.43,2547415
1568899800,210.38,211.83,209.87,210.52,2614128
1568986200,210.34,211.78,209.37,209.39,6008065
1569245400,209.06,212.47,209.06,211.54,3359064
1569331800,212.5,213.52,211.55,212.02,3092687
1569418200,212.02,213.15,211,212.63,2430656
1569504600,214.22,215.67,212.48,212.6,3057795
1569591000,213.06,213.63,212.285,213.16,2333187
1569850200,213.16,215.36,212.805,214.71,2496973
1569936600,211.13,211.7,208.46,209.02,5002976
1570023000,207.93,208.48,205.5928,206.27,4185866
1570109400,206.82,210.03,206.33,210.03,3535247
1570195800,210.83,211.71,210.04,211.69,2226999
1570455000,211.1,212.87,211.1,211.92,3061220
1570541400,210.98,213.14,209.97,211.11,2565872
1570627800,211.7,213.47,211.62,212.83,1758574
1570714200,211.76,213.13,211.5,211.76,2490729
1570800600,213.03,213.27,208.67,209.02,3962687
1571059800,208,210.02,207.7883,208.38,3098066
1571146200,209.56,209.72,206.5217,207.22,3815888
1571232600,207,208.9329,206.81,208.3,2910045
1571319000,208.5,209.49,206.84,206.85,3354558
1571405400,206.8,209.05,206.73,208.5,3521237
1571664600,209.7,210.76,208.4427,209.85,3741843
1571751000,205.09,205.25,199.15,199.27,10332747
1571837400,200.11,201.1371,198.02,199.21,7966978
1571923800,199.54,199.55,195.7906,196.02,5006419
1572010200,196.1,196.65,194.4013,194.61,4773651
1572269400,194.98,195.32,191.5,191.78,7711396
1572355800,192,193.2,191.64,192.62,4454632
1572442200,193.29,197,191.68,196.89,6332596
1572528600,197.4,198,195.6302,196.7,4960993
1572615000,197.78,197.97,193.7,193.94,4192395
1572877800,190.16,190.75,187.55,188.66,17662061
1572964200,189.65,192.995,189.45,192.18,10496024
1573050600,193.3,195.27,193.05,194.18,6473508
1573137000,195.72,196,192.32,193.08,4820241
1573223400,194.6,194.78,193.2201,193.61,3499866
1573482600,193.63,194.25,192.5,192.64,2747002
1573569000,193,193.856,192.77,193.28,2933091
1573655400,193.77,195.09,193.51,195,3443994
1573741800,195.23,195.5,193.16,194,3175846
1573828200,194.57,194.79,193.309,193.97,2991719
1574087400,194.2,195.72,193.86,194.28,3421599
1574173800,194.2,194.4,193.01,193.44,2910580
1574260200,193.59,194.97,193.5401,194.13,3131923
1574346600,194.28,194.66,192.26,192.35,3509470
1574433000,193.19,193.4156,192.15,193.14,2418119
1574692200,193.94,194.315,191.6,191.89,4000371
1574778600,192,194.03,191.95,194.01,3879977
1574865000,194.26,196.6699,193.92,196.3,4136783
1575037800,196.51,196.54,194.27,194.48,2815480
1575297000,195.38,195.59,193.78,195.18,3198902
1575383400,194.3,195.035,192.35,193.12,4078751
1575469800,193.59,194.4695,192.8901,194.31,2217253
1575556200,194.5,194.5,193.14,194.21,2820099
1575642600,194.55,195.74,194.11,195.35,3608361
1575901800,195.66,196.35,194.29,194.68,2244059
1575988200,194.62,195.385,194.28,194.95,2470123
1576074600,195.67,195.75,194.26,194.72,2490694
1576161000,195.25,197.17,194.91,196.31,3024971
1576247400,196.04,197.33,195.34,197.12,2078090
1576506600,197.59,198.16,196.475,197.88,3650140
1576593000,197.6,198.7199,196.45,196.52,3341019
1576679400,196.6,196.79,194.7101,195.63,4288485
1576765800,195.46,197.175,195.25,197.06,3346806
1576852200,198.55,199,196.65,197.14,6415590
1577111400,197.54,197.54,196.03,196.2,2389543
1577197800,195.93,197.14,195.67,196.67,1152517
1577370600,196.61,197.16,196.1627,197.06,1810616
1577457000,197.33,198.47,197.175,198.17,2264927
1577716200,197.58,197.8,195.94,196.91,2242905
1577802600,196.8,197.95,196.5579,197.61,2278794
1577975400,198,200.8,197.81,200.79,3554837
1578061800,199.39,200.55,198.85,200.08,2767663
1578321000,199.6,202.7673,199.35,202.33,4660792
1578407400,201.87,202.68,200.51,202.63,4054726
1578493800,202.62,206.69,202.2,205.91,5286482
1578580200,206.86,209.3748,206.1,208.35,5974942
1578666600,208.44,208.95,207.2688,207.27,2336721
1578925800,207.38,207.78,205.76,206.51,2784618
1579012200,205.46,207.65,205.46,207.32,2623410
1579098600,207.32,210.35,207.32,209.77,3369381
1579185000,210.11,211.11,209.22,210.85,2726936
1579271400,211.42,212.77,211.35,211.98,3540424
1579617000,211.37,212.26,210.2208,211.16,4100505
1579703400,213.16,213.6598,211.39,211.44,2757509
1579789800,210.54,213.5,208.62,213.42,3378229
1579876200,214.18,214.18,210.9,211.24,3106346
1580135400,207.84,210.61,207.3,209.34,3389321
1580221800,209.89,212.21,209.86,210.39,3855185
1580308200,211.69,216.4168,210.8,214.44,5735460
1580394600,214,216.74,212.83,216.18,3560701
1580481000,215.52,217.1,213.14,213.97,3920820
1580740200,214.99,216.88,214.23,215.18,3539429
1580826600,216.11,216.69,214.2496,214.62,3367933
1580913000,215.64,215.78,213.012,214.37,2911520
1580999400,214.72,214.82,212.64,212.87,2903328
1581085800,212.56,212.84,211.09,211.61,2421602
1581345000,211.34,213.28,211.25,213.21,2318962
1581431400,214,215.86,213.65,215.73,2694622
1581517800,216,217.47,215.11,217.46,2844944
1581604200,216.71,218.385,216.19,217.42,2853360
1581690600,217.5,217.84,216.3832,217.09,1720400
1582036200,215.92,217.04,215.67,216.15,2714047
1582122600,216.81,216.92,215.61,215.63,2229508
1582209000,216.15,216.65,212.7813,215.08,2869429
1582295400,215.24,216.37,214.3,215.87,2791392
1582554600,210.58,215.18,210.11,213.52,4219147
1582641000,214.58,216.83,211.149,212.1,5053726
1582727400,212.89,214.56,209.75,210.1,4191398
1582813800,207.7,210,200.93,201,6406211
1582900200,196,198.44,188.81,194.17,11377778
1583159400,193.81,202.55,193.18,202.55,6154168
1583245800,202,205.67,197.16,199.51,5115171
1583332200,201.93,207.16,200.9,207.02,4260634
1583418600,202.64,203.91,196.33,198.32,4107234
1583505000,192.9,199.58,191.21,198.86,6360268
1583760600,187.67,194.47,184.1,186.86,7788507
1583847000,190.95,200,187.89,199.86,5835234
1583933400,192.94,195.74,185.83,188.25,5627804
1584019800,174.78,179.84,169.38,170.13,9079339
1584106200,178.26,179.47,168.2,177.13,8042646
1584365400,157.1,161.92,147.6283,149.01,9341340
1584451800,148.02,149.48,135,147.62,13708246
1584538200,137.5,141.71,124.23,137.3,12627575
1584624600,135.2,154.8403,128.21,149.5,12773392
1584711000,153.59,161.54,147.77,148.49,12000042
1584970200,142.95,153.21,136.5,137.1,10660435
1585056600,149,162.98,146.1,161.95,11678383
1585143000,165,171.36,159.22,162.98,9708701
1585229400,163.99,170.93,161,167.35,8264901
1585315800,162.78,169.735,159.2164,164.01,6441366
1585575000,164.92,170.31,163.57,168.13,5621669
1585661400,166.84,169.51,165,165.35,4522292
1585747800,160.22,161.44,156.35,158.17,4668869
1585834200,155,161.95,155,161.5,4803514
1585920600,160.31,162.23,156.15,160.33,5050441
1586179800,169.2,177.87,168.24,177.04,8331021
1586266200,184.53,185.19,175.16,175.59,7851247
1586352600,175.01,179.42,174.1,177.49,5665728
1586439000,180.73,185.46,179.62,183.7,4901856
1586784600,182.68,182.8506,176.91,180.12,3182573
1586871000,183.75,184.49,181.84,183.99,3864204
1586957400,178.74,180.97,177.27,177.84,4961463
1587043800,177,179.91,172.27,179.5,7120833
1587130200,182.32,186.81,180.2275,186.1,6467814
1587389400,184.45,185.78,181.55,181.65,3856456
1587475800,177.37,179.39,176.1,177.58,4758289
1587562200,180.75,187.73,180.75,186.48,4245902
1587648600,186.16,187.33,181.32,182.04,5050147
1587735000,183.26,184.35,180.86,184.02,3319849
1587994200,185.15,188.365,184.77,185.89,4048222
1588080600,190,190,185.57,185.93,3804981
1588167000,188.53,190.41,186.88,187.82,3465196
1588253400,182,188.31,180.76,187.56,7127221
1588339800,184,185.54,182.15,182.66,3764754
1588599000,181.31,182.46,178.87,181.87,4027063
1588685400,183.53,183.86,179.11,179.24,3828424
1588771800,180.6,181.12,176.86,176.97,3916862
1588858200,179.5,181.56,178.3,181.12,3039953
1588944600,183.2,183.43,179.9102,181.23,3411874
1589203800,179.37,182.88,178.52,180.88,2631295
1589290200,181.97,182.592,176.44,176.54,3610581
1589376600,176.18,176.565,171.01,172.82,4729120
1589463000,170.2,175.66,167.85,175.41,4868360
1589549400,173.05,174.71,171.68,173.81,6879617
1589808600,180.06,181.15,178.11,179.83,4653306
1589895000,180.12,181.46,178.07,179.57,3365030
1589981400,182,184.6,180.57,184.1,4920793
1590067800,184.18,185.48,182.106,185.08,2913846
1590154200,184.48,185.35,183.18,184.41,2475190
1590499800,189.59,190.66,184.24,184.84,3990870
1590586200,188.74,188.75,185.27,187.72,3993447
1590672600,189.42,190.48,186.72,188.73,3568464
1590759000,187.43,188.7,185.7101,186.32,5719059
1591018200,186.71,187.84,185.6,187.41,2169455
1591104600,188.4,188.56,186.085,187.59,3125455
1591191000,188.47,193.81,188.09,193.29,3881453
1591277400,192.32,194.26,191.62,193.24,3469436
1591363800,198,200.15,196.27,197.16,4728306
1591623000,195.68,202.73,195.64,202.65,4443911
1591709400,200.37,201.57,199.01,199.52,3728614
1591795800,199.13,199.555,195.6699,195.8,3459865
1591882200,190.9,192.91,186.33,187.51,5795967
1591968600,191.67,191.67,185.45,189.17,4108594
1592227800,184.6,190.1199,184.13,189.49,4500420
1592314200,192,193.5,187.51,190.32,5434776
1592400600,191.92,192.88,190.42,190.79,3154073
1592487000,190.01,190.74,187.89,189.49,3153262
1592573400,192.29,192.3565,186.53,186.56,6264833
1592832600,186,187.77,184.89,187.46,3223215
1592919000,189.55,189.73,186.32,186.62,2951916
1593005400,184.96,185.71,181.34,184.29,4146579
1593091800,183.51,184.08,180.325,182.76,3145191
1593178200,182.37,182.81,178.88,179.74,5107359
1593437400,180.57,182.83,179.17,182.8,2622177
1593523800,182.92,185.2,181.89,184.47,3163190
1593610200,184.95,186.44,183.72,184.66,2193762
1593696600,187,187,182.86,183.52,2690150
1594042200,186,188.72,184.14,188.5,3171467
1594128600,187.37,187.85,185.25,185.82,2399567
1594215000,185.5,187.23,184.75,185.85,2776400
1594301400,186.22,186.59,182.62,184.33,2333500
1594387800,183.78,185.44,183.01,184.88,2714444
1594647000,185.6,188.95,184.71,184.92,3221622
1594733400,185.09,190.84,184.73,190.72,4138567
1594819800,193.9,194,189.88,191.77,3735433
1594906200,191.12,192.76,190.15,190.92,2111107
1594992600,191.34,191.9,190.13,191.48,1972966
1595251800,190.9,192.77,190.37,191.61,2157480
1595338200,192.33,194.9,192,192.98,3505717
1595424600,193.21,199.65,193.05,198.62,3484707
1595511000,198.46,199.27,196.01,197.55,2702178
1595597400,196.89,198.91,195.725,198.72,2200026
1595856600,199.04,202.52,198.71,201.25,4541727
1595943000,198.6,199.89,195.5,196.24,6051015
1596029400,196.3,198.46,195.71,196.21,3342859
1596115800,195,196.4019,192.9201,195.41,2705661
1596202200,194.15,194.675,191.6403,194.28,3195486
1596461400,194.33,195.6,193.59,194.4,3143754
1596547800,194.95,199.7,194.34,199.36,3700233
1596634200,200,200.5,197.91,199.26,2281830
1596720600,198.78,203.6,198.37,203.18,3159323
1596807000,203.36,205.16,203.285,204.6,2979950
1597066200,204.35,205.16,202.5367,204.12,2783695
1597152600,205,207.42,204.25,205,2478383
1597239000,206.86,207.4,205.38,206.02,2167353
1597325400,205.96,207.25,205.35,206.49,1795023
1597411800,205.95,207.33,205.2,207.03,2060237
1597671000,206.94,209.5,206.85,208.67,2619046
1597757400,209.26,210.43,207.23,210.32,2921676
1597843800,210.22,211.17,208.64,209.51,2711113
1597930200,208.12,210.99,208.1,209.88,2085063
1598016600,209.96,212.185,209.26,211.57,3484853
1598275800,212.26,213.5,210.93,212.62,2463937
1598362200,213.96,214.185,212.22,212.65,2302456
1598448600,212.09,214.42,211.6,213.76,2316855
1598535000,214.34,216.1,212.1,212.19,3226762
1598621400,212.82,216.71,211.77,214.91,3212491
1598880600,213.52,214.99,212.81,213.52,2900867
1598967000,210.84,213.61,210.5816,212.69,2926889
1599053400,213.25,217.13,212.69,216.23,4091998
1599139800,218.11,218.11,211.9,213.8,3126675
1599226200,215.29,217.78,210.76,211.73,3828823
1599571800,211.18,216.3,211.06,213.58,4107917
1599658200,215,218.17,214.44,215.71,3213195
1599744600,215.72,219.48,215.72,217.24,3325601
1599831000,217.69,219.18,216.28,218,3616483
1600090200,219.72,222.59,219.34,220.56,2544140
1600176600,221.76,223.64,221.4,222.37,2640872
1600263000,222.17,226.72,221.3,224.81,3464160
1600349400,223.7,223.73,220.5,222.58,3376985
1600435800,221.62,223.57,220.13,220.27,3861750
1600695000,217.14,218.045,213.4,216.41,2831750
1600781400,216.43,216.96,214.55,216.41,2475978
1600867800,217.67,219.685,214.24,214.97,2777715
1600954200,214.75,218.41,213.59,216.12,1727041
1601040600,215.3,219.25,213.65,218.18,2196831
1601299800,220,221.98,219.02,220.26,2112107
1601386200,220.42,220.955,218.4783,218.68,1732275
1601472600,218.87,222.2,218.41,219.49,3034100
1601559000,221.59,223,217.79,219.59,2443348
1601645400,217.51,223.3499,217.1,222.67,3833110
1601904600,224.86,226.5,224.01,226.07,2913824
1601991000,226.83,228.66,223.6,224.09,2453627
1602077400,225.58,228.41,225.125,226.48,1972777
1602163800,226.09,227.08,224.29,225.8,3195785
1602250200,226.94,227.22,223.12,224.83,3237709
1602509400,224.81,226.51,223.12,226.11,2412627
1602595800,225.7,228.58,224.93,227.35,2098972
1602682200,228.41,229.4803,227.35,227.62,1862687
1602768600,226.15,230,225.59,229.64,2178247
1602855000,229.77,231.91,229.1501,229.37,2162939
1603114200,229.55,231.02,225.17,226,2009635
1603200600,226.74,230,226.43,227.45,1883639
1603287000,227.23,229.49,227.21,228.19,1518200
1603373400,227.76,229.4,226.875,229.15,1961450
1603459800,230.41,230.41,227.8,228.71,2278124
1603719000,226.78,227.25,220.97,224.27,2538058
1603805400,224.47,225.23,222.72,222.97,1801922
1603891800,218.39,220.5916,214.46,214.69,3273074
1603978200,214.69,217.65,213.07,214.95,2477582
1604064600,213.6,215.22,209.905,213,3451419
1604327400,215.88,216.32,210.79,212.56,2983362
1604413800,215.59,218.1,213.95,216.8,2615017
1604500200,215,219.47,213.3,214.87,3360836
1604586600,216.07,218.2,214.68,216.31,3622023
1604673000,216,217.885,214.25,216.56,3916076
1604932200,226.79,227.8477,207.17,213.22,7981211
1605018600,215.75,215.99,211.34,213.32,4255577
1605105000,214.81,219.25,214.3,218.02,4127212
1605191400,217.56,217.82,210.88,213.07,4257495
1605277800,213.76,214.39,212.34,213.28,3072628
1605537000,215.5,216.75,213.6301,216.73,3702131
1605623400,215.6,217.39,214.02,216.01,2443547
1605709800,216.1,217.84,215.41,215.52,3095154
1605796200,214.84,215.48,213.33,215.11,2840460
1605882600,214.39,215.215,213.625,214.09,3932954
1606141800,215.14,217.6,214.65,217,3011272
1606228200,219.01,221.25,218.25,219.71,3872224
1606314600,219.98,220.59,217.92,219.34,1889200
1606487400,219.02,220.4,217.66,218.33,1394366
1606746600,216.46,217.57,214.43,217.44,3413588
1606833000,218.88,218.93,215.53,216.14,4226275
1606919400,214,214.4,209.13,210.86,6223661
1607005800,210.94,213.23,210.5581,211.51,3732543
1607092200,211.6,213.38,210.1,210.74,3151060
1607351400,208.53,209.11,206.19,208.89,3826001
1607437800,206.55,209.1,206.41,208.39,2709447
1607524200,209.49,209.5271,207.33,208.69,3011056
1607610600,208.5,208.76,207.07,208.04,2956368
1607697000,207.47,208.94,206.73,207.76,2770817
1607956200,210.73,214.74,210.21,211.92,4744960
1608042600,213.22,216.21,212.7392,214.86,3799294
1608129000,214.88,217.51,213.66,213.8,2681984
1608215400,215.39,215.785,213.53,214.25,2558810
1608301800,215.15,216.85,213.82,215.08,7929060
1608561000,210.62,212.55,208.01,211.67,4342480
1608647400,211.2,212.905,210.37,211.92,2773709
1608733800,212.3,213.4338,211.79,212.02,1658765
1608820200,212.12,212.74,211.14,211.39,1047650
1609165800,212.99,214.88,212.19,214.02,2550104
1609252200,214.64,215.78,212.45,212.71,1665725
1609338600,212.96,213.36,211.28,211.56,1854990
1609425000,211.25,214.93,210.78,214.58,2610914
1609770600,214.49,214.72,208.22,210.22,4055409
1609857000,210.18,211.95,209.62,211.48,2576065
1609943400,211.3,211.7083,209.03,211,3083426
1610029800,213.22,213.22,210.56,211.98,3142014
1610116200,212.9,216.12,212.23,215.87,2639146
1610375400,215.09,216.12,213.1234,214.23,2545893
1610461800,213.69,214.33,210.94,211.6,2951952
1610548200,210.91,213.13,210.9046,212.09,2069926
1610634600,212.1,212.67,208,208.5,3666716
1610721000,207.97,210.7,207.4203,209.91,3593732
1611066600,210.68,211,207.88,209.09,3331595
1611153000,210.15,214.41,209.63,213.63,4077731
1611239400,214.06,215.96,213.32,213.53,2676309
1611325800,212.51,214.14,211.17,213.38,2196479
1611585000,212.22,214.05,210.56,213.34,2615384
1611671400,212.51,215.51,212.17,215.38,2907817
1611757800,212.39,213.15,207,207,5464011
1611844200,208.63,210.36,205.13,206.82,5401592
1611930600,205.11,209.4,203.11,207.84,5203314
1612189800,208.48,209.69,206.6,207.93,2812476
1612276200,208.09,212.63,207.645,209.76,2786000
1612362600,208.35,209.99,207.93,208.71,3020703
1612449000,210,212.11,208.67,211.03,2777644
1612535400,212.59,214.18,212.01,212.58,2600218
1612794600,212.53,212.99,209.96,211.58,2696298
1612881000,212.07,216.18,211.77,215.98,3047287
1612967400,216.88,217.31,213.81,214.4,3161598
1613053800,214.54,214.8,212.4,214.27,2583649
1613140200,214,214.7,212.99,213.9,2781322
1613485800,214.37,216.94,213.83,215.03,2893080
1613572200,213.96,214.89,212.63,213.45,3304816
1613658600,213.29,215.8601,212.65,215.43,2190987
1613745000,215.29,215.73,211.97,212.24,3181592
1614004200,211.5,213,209.69,212.06,2911052
1614090600,214.5,215.7,210.43,211.32,3242946
1614177000,210.84,214.1,210.42,213.27,2887130
1614263400,212.7,212.92,209.74,210.95,3131399
1614349800,210.75,211.635,206.14,206.14,5333957
1614609000,207.35,210.38,207.35,208.25,2827891
1614695400,208,209.9,206.19,208.67,3016563
1614781800,207.52,208.99,205.61,205.82,3488639
1614868200,206.16,207.49,202.73,204.84,3926187
1614954600,205.75,208.23,202.9592,207.37,3608200
1615213800,207.7,210.591,207.14,209.11,3157129
1615300200,210.63,211.2,208.28,208.55,3646703
1615386600,208.72,213.63,208.24,213.31,3447188
1615473000,214.7,215.23,211.49,211.57,3618040
1615559400,212.04,214.24,211.42,212.34,2818192
1615815000,213.65,220.55,213.5,220.46,5483461
1615901400,219.58,221.3,217.16,219.86,3583426
1615987800,224.56,224.9,220.01,224.11,5240638
1616074200,223.68,225.35,221.41,222.9,3254846
1616160600,222.76,225.1828,221,222.44,7719379
1616419800,223.39,226.91,222.65,225.07,4220656
1616506200,223.96,226.4,223.7513,224.37,2794029
1616592600,225.32,227.02,224.04,224.05,2442483
1616679000,225.15,225.32,222.44,224.2,3249784
1616765400,224.2,225.28,222.42,225.21,3263234
1617024600,224.83,227.875,224.3,227.35,3621281
1617111000,226.13,227.02,224.22,224.98,2419008
1617197400,224.01,226.49,224,224.14,3564051
1617283800,224.67,226.22,223.276,225.21,2441261
1617629400,226.6,229.5,226.19,228.85,2866411
1617715800,229.71,232.27,228.72,231.91,3230903
1617802200,231.68,232.81,231.24,232.61,2551332
1617888600,232.61,232.8,229.2,230.25,2772285
1617975000,230.19,231.61,228.87,231.48,2729039
1618234200,231.48,232.38,230.49,230.96,2292729
1618320600,230.44,231.6626,229.69,231.32,2571032
1618407000,231.22,231.29,229.59,230.31,2129184
1618493400,229.81,231.3599,229.2,231.28,2063107
1618579800,233.65,234.26,232.31,233.08,2694295
1618839000,233.12,233.295,230.83,231.81,2254849
1618925400,231.24,233.21,231.08,233.01,1885666
1619011800,233.3,233.86,231.85,232.26,2065818
1619098200,232.83,234.04,231.94,232.96,1839671
1619184600,233.79,235.24,233.1,234.58,2137862
1619443800,234.78,235.35,231.91,232.31,2490387
1619530200,232.57,235.63,232.408,234.98,2623876
1619616600,235.2,235.45,232.26,232.41,2776969
1619703000,233.99,235.8,232.62,235.21,3146671
1619789400,234,236.29,233.87,236.08,2640589
1620048600,237.99,238.18,235.38,235.56,2458195
1620135000,234.63,236.13,233.24,233.86,2529912
1620221400,234.12,235.35,231.56,235.04,2069981
1620307800,235.54,235.65,233.17,234.86,1832704
1620394200,235,235.72,233.99,234.84,1406816
1620653400,235.1,237.92,235.1,237.11,2031468
1620739800,237.74,237.8,232.2,233.86,3028848
1620826200,232.11,233.5716,227.57,227.94,3198197
1620912600,228,231.076,227.88,229.77,2819534
1620999000,230.71,232.64,230.47,231.72,1943122
1621258200,230.81,232.3,230.25,231.68,1630923
1621344600,231.89,233.25,231.65,231.93,2913221
1621431000,230.23,230.62,228.18,230.15,2967215
1621517400,230.72,234.02,230.56,232.18,1890474
1621603800,232.42,233.4,230.31,231.24,2601267
1621863000,231.52,232.65,231.02,231.91,1823438
1621949400,232.17,232.77,230.71,232.14,2682023
1622035800,233.79,233.79,232.16,232.35,1564344
1622122200,233.01,235.08,232.4,234.86,5243094
1622208600,234.13,234.41,232.45,233.89,2853674
1622554200,235.98,235.99,232.74,233.24,2574575
1622640600,233.97,234.33,232.81,233.78,3172033
1622727000,232.57,232.76,230.15,232.45,3249444
1622813400,233.44,233.8,232.07,233.38,1615437
1623072600,234,234.07,231.16,231.69,1877063
1623159000,231.5,233.98,231.34,232.64,2106462
1623245400,232.98,234.32,231.45,231.47,1982276
1623331800,232.05,234.9,231.9301,234.59,2534059
1623418200,235,237.5,234.71,236.93,2654270
1623677400,237.18,237.7699,234.8132,236.98,1836842
1623763800,237.525,237.8099,235.66,236.35,1948582
1623850200,237.21,237.28,233.78,235.58,2951814
1623936600,235.08,236.27,233.28,233.88,1895716
1624023000,231.47,232.89,228.82,229.62,4408221
1624282200,230.63,233.225,229.47,232.9,2193090
1624368600,233.49,234.86,232.43,233.88,1758423
1624455000,233.3,234.45,232.7,233.24,1701512
1624541400,234.1,235.1571,232.735,233.33,1840079
1624627800,232.74,233.41,232.34,232.42,3000115
1624887000,232.67,232.75,230.01,231.09,2902037
1624973400,231.53,231.71,230.05,230.37,1932185
1625059800,230.92,232.25,230.6,230.99,2450791
1625146200,231.41,232.3999,230.75,232.27,2210460
1625232600,233.08,234.11,232.44,233.63,1851575
1625578200,233.66,233.9,231,232.75,1762707
1625664600,231.92,234.99,231.72,234.63,2069409
1625751000,232.95,233.83,231.94,232.84,1932661
1625837400,234.07,236.23,233.06,235.68,2560714
1626096600,234.59,236.24,234.5,235.61,2158655
1626183000,235.66,237.47,235.195,236.17,1884568
1626269400,237.03,239.05,236.6401,237.13,1993375
1626355800,236.59,237.39,234.92,236.88,2165952
1626442200,237.79,237.88,234.38,234.75,1681193
1626701400,232.51,233.315,226.42,229.26,3774949
1626787800,230.65,235.52,230.2149,234.27,3275605
1626874200,235.98,238.11,235.22,235.93,2147029
1626960600,235.65,239.685,235.16,238.67,2538299
1627047000,240.13,245.05,239.6,242.96,3996402
1627306200,242,244.57,241.5953,243.98,2638431
1627392600,244.17,247.05,244.06,246.35,3135186
1627479000,242.5,243.8,239.35,241.78,4948543
1627565400,243.32,245.2,242.9787,244.02,2572291
1627651800,243.85,245.41,242.21,242.71,2336831
1627911000,244.24,244.676,239.69,240.1,2693869
1627997400,239.56,239.95,235.25,236.95,3300009
1628083800,236.45,236.6,233.05,234.83,2240575
1628170200,235.74,236.8099,234.34,236.42,2230520
1628256600,236.68,237.14,235.67,236.26,1558759
1628515800,235.79,236.07,234.03,234.68,2093074
1628602200,235.1,235.1,233.235,233.45,2027812
1628688600,234.19,235.939,233.75,235.55,1969137
1628775000,236,236.76,235.05,236.67,1491013
1628861400,236.79,239,236.27,238.82,1699655
1629120600,239,241.05,238.56,240.97,2175409
1629207000,240.35,240.84,238.21,240.28,1651984
1629293400,239.44,239.76,237.78,238.08,2215750
1629379800,236.68,238.12,236.065,237.23,1455420
1629466200,236.96,239.39,236.32,238.49,1989849
1629725400,239.46,240.07,237.9875,239.66,2086876
1629811800,240.39,240.39,238.32,238.43,1687672
1629898200,237.93,239.6,237.84,238.83,1668152
1629984600,238.79,238.915,235.92,236.95,2008052
1630071000,237.43,238.369,236.3735,237.48,1784024
1630330200,237.34,237.76,235.855,236.59,2245565
1630416600,235.75,237.73,234.67,237.46,2938351
1630503000,237.88,239.04,237.21,238.15,2197240
1630589400,239.2,239.95,238.38,239.87,2140253
1630675800,238.39,239.65,237.51,238.82,1339289
1631021400,238.61,238.61,235.95,236.19,1820118
1631107800,236.8,239.46,236,238.62,2718376
1631194200,238.42,241.43,237.77,238.61,2992467
1631280600,240.32,241.32,239.04,239.18,2035199
1631539800,240.83,241.8,239.84,241.21,2294796
1631626200,241.73,242.25,239.5,241.13,2013793
1631712600,240.47,241.27,238.18,240.98,2507196
1631799000,240.29,243.59,239.95,243.21,3410681
1631885400,243.84,244.63,241.88,242.49,4756852
1632144600,239.88,241.96,236.64,239.09,4549932
1632231000,240,242.35,239.4,240.5,2008293
1632317400,241.8,245.86,241.465,243.13,3361958
1632403800,243.74,245.95,243.53,244.78,2941662
1632490200,246.64,247.38,245.24,246.42,2508923
1632749400,246,248.9,245.275,248.11,2463273
1632835800,247.29,247.71,242.91,243.77,3007728
1632922200,244.38,245.71,243.15,244.28,1719144
1633008600,244.77,245.4208,240.82,241.11,3137256
1633095000,243.07,244.69,240.25,242.93,2076087
1633354200,242.06,244.81,241.86,243.08,2236513
1633440600,243.97,246.88,243.01,245.22,2463265
1633527000,244.56,247.16,243.02,247.1,2107922
1633613400,248,249.95,247.68,248.32,2423878
1633699800,249.25,249.63,247.11,247.7,1687649
1633959000,248.1,249.14,246.45,246.58,1503978
1634045400,247.73,248.6,244.175,244.52,2346972
1634131800,243.27,243.872,239.9,242.65,3214784
1634218200,242.88,245.42,242.04,244.55,2512501
1634304600,245.24,246.38,241.99,242.25,2564768
1634563800,242.42,243.45,241.13,242.26,2484874
1634650200,243.22,243.93,241.53,242.77,2071598
1634736600,240.4,242.645,239.285,239.72,3040188
1634823000,240.17,241.9096,239.31,241.4,2702367
1634909400,240.71,242.24,238,238.44,3283657
1635168600,239.23,239.25,236.5,237.34,3178536
1635255000,237.47,238.4,236.14,236.42,3066386
1635341400,241.05,244.62,238.85,242.73,5249422
1635427800,243.4,246.08,242.53,245.5,3448483
1635514200,243,246.09,242.47,245.55,4329465
1635773400,245.8,251.69,245.34,250.58,4456549
1635859800,251.76,252.22,248.1646,249.24,2624333
1635946200,247.99,251.125,247.91,250.4,2399239
1636032600,251.12,254.18,250.2,253.46,2711311
1636119000,254.69,257.53,254.62,254.71,3224285
1636381800,254.78,255.65,251.93,253.1,2471271
1636468200,252.91,253.69,250.45,252.65,2258953
1636554600,250.81,253.72,250.81,253.13,1794531
1636641000,253.33,253.33,249.26,250.16,1640596
1636727400,250.15,251.01,248.89,250.67,1625338
1636986600,250.67,253.76,250.67,252.94,1709216
1637073000,253.5,254.19,252.38,252.46,2195461
1637159400,252.41,253.335,250.52,252.69,1412025
1637245800,253.16,253.49,251.08,253.48,1751189
1637332200,253.29,253.32,250.225,251.95,2743402
1637591400,252.67,255.45,252.21,253.48,2438758
1637677800,254.81,255.79,253.05,255.65,2770596
1637764200,254.5,257.79,254.05,257.11,2642849
1637937000,252.51,253.16,248.27,250.01,2573259
1638196200,251.85,252.32,249.83,250.3,2084612
1638282600,247.38,247.9,243.95,244.6,3836063
1638369000,245.76,250.9,244.11,244.18,3275507
1638455400,245.66,250.34,245,248.8,3290454
1638541800,250.32,250.68,247.57,249.33,3229856
1638801000,252.4,256.93,252.37,255.79,3616912
1638887400,256.95,260.38,256.445,259.91,2596340
1638973800,260,262.81,259.09,259.58,3453106
1639060200,259.5,263.1,258.36,262.34,2955143
1639146600,263.88,265.27,262.43,264.97,2529819
1639405800,264.22,265.86,262.4,263.09,2878831
1639492200,263,263.59,261.75,262.52,3695552
1639578600,262.16,265.67,261.41,264.52,2641814
1639665000,265.56,266.89,264.09,265.55,2347749
1639751400,264,264.85,260.88,261.7,5967187
1640010600,259.63,261.96,258.43,261.73,2824534
1640097000,264.29,266.48,263.42,264.39,2851827
1640183400,264.32,265.44,264.07,264.94,1795157
1640269800,265.92,267.37,265.45,265.95,1509875
1640615400,266.47,268.26,266,268.24,1486007
1640701800,267.58,269.22,267.25,267.88,1303973
1640788200,268.45,269.7198,267.95,268.49,1318828
1640874600,269,269.255,266.7,267.21,1714555
1640961000,268,269.12,267.21,268.07,1519162
1641220200,269.49,270.73,265.56,268.58,2750906
1641306600,269.5,271.15,268.27,268.51,2506018
1641393000,269.3,270.28,266.9,267.19,2473043
1641479400,268.12,270.76,267.8,269.69,2908568
1641565800,268.56,270.17,267,267.06,2209088
1641825000,266.715,266.72,262.01,264.41,3122526
1641911400,263.49,263.95,260.32,262.12,3206162
1641997800,263.37,263.95,260.28,260.92,3043954
1642084200,261.41,263.85,260.5883,261.41,2371250
1642170600,261.14,261.24,257.16,257.71,3460060
1642516200,256.96,257.1,254.31,256.48,3076591
1642602600,257.55,257.95,255.08,255.22,2304696
1642689000,256.62,258.11,252.9,253.13,2602190
1642775400,254.04,258.46,253.685,254.59,3738309
1643034600,252.38,253.9176,247.775,253.61,5155195
1643121000,250.83,252.53,247.0701,250.68,3908580
1643207400,253,254.21,247.86,249.85,3838994
1643293800,249.6,252.464,245.25,248.74,5201054
1643380200,250,256.3453,247.16,256.09,3833241
1643639400,255.02,259.5,254.44,259.45,3174167
1643725800,259.75,259.9,255.58,258.99,2496547
1643812200,258.83,262.61,258.49,262.28,2371460
1643898600,262,262.8,260.07,260.64,2242396
1643985000,259.87,261.73,257.79,260.06,1989682
1644244200,261,261.58,259.17,259.85,1959336
1644330600,260.5,262.38,259.1,260.08,2920071
1644417000,261.99,262.88,259.41,259.86,2379345
1644503400,258.595,260.44,255.965,256.87,3246762
1644589800,256.87,258.76,254.73,255.16,3592716
1644849000,255.91,256.25,251.675,253.39,2825835
1644935400,254.82,256.92,253.56,253.81,2171763
1645021800,253.77,254.6,251.2,253.09,2941810
1645108200,251.48,252.88,250,250.93,2831886
1645194600,250.34,252.2891,250.01,250.6,2813521
1645540200,250.01,254.7,249.6,252.7,3980514
1645626600,253.53,253.85,247.08,247.79,3497365
1645713000,242.93,245.58,239.61,245.03,4856005
1645799400,246,249.53,243.6288,249.45,4549747
1646058600,244.44,245.7199,242.36,244.77,4410429
1646145000,242.3,243.5975,238.3,239.63,3910650
1646231400,240.85,242.74,239.61,240.94,4482140
1646317800,241.01,242.3368,235.68,236.65,4707353
1646404200,234.62,236.394,231.641,235.81,4186494
1646663400,234.31,234.31,224.19,224.33,5425045
1646749800,224.33,229.7369,222.2,222.79,5258764
1646836200,226.79,227.25,222.01,222.47,5630456
1646922600,220.2,222.05,217.675,222,5444938
1647009000,224.74,229.11,224.195,226.87,6126339
1647264600,226.78,228.44,223.16,226.18,4436285
1647351000,227.98,234.565,227.98,232.57,5087427
1647437400,234.87,238.21,234.36,238.14,4173223
1647523800,236.44,237.47,234.54,237.47,3752945
1647610200,237.23,239.19,235.99,238.92,5336491
1647869400,239.58,240.09,234.07,235.32,3704020
1647955800,237.04,238.44,236.47,238.12,2938142
1648042200,237.13,238.01,235.95,236.12,2200593
1648128600,237.56,241.04,236.47,240.26,2337661
1648215000,240.54,241.85,239.43,241.58,2135024
1648474200,241.91,242.95,239.86,242.94,2041783
1648560600,246.35,248.65,244.77,248.17,2657596
1648647000,247.51,250.5,247.51,249.03,2227261
1648733400,249.72,251.35,247.28,247.28,3803454
1648819800,248.12,249.43,246.18,249.25,2023154
1649079000,246.79,247.265,242.38,246.83,2501545
1649165400,246.1,249.739,245.43,248.51,2532511
1649251800,247.64,252.38,245.98,251.46,2885998
1649338200,250.79,255.475,249.54,254.36,4041798
1649424600,253.04,255.07,250.92,251.46,2551093
1649683800,251.25,252.938,249.93,250.45,2326660
1649770200,250.73,252.29,248.8,249.17,2725083
1649856600,249.36,251.66,249.02,251.33,2133851
1649943000,251.33,253.73,250.43,250.51,2105884
1650288600,249.63,252.49,249.13,251.06,1426617
1650375000,250.04,255.955,250.04,255.4,2324504
1650461400,256,257.79,254.82,255.85,2278773
1650547800,257.65,259.605,254.88,255.25,2477103
1650634200,255,255,249.94,250.17,2643584
1650893400,249.45,253.13,247.93,252.88,2522972
1650979800,250.13,252.41,248.33,248.58,2948548
1651066200,247.98,250.965,247.05,247.14,2706541
1651152600,249.94,256.38,248.08,254.19,3549490
1651239000,254.28,254.85,248.8,249.16,3388214
1651498200,250.86,251.5495,242.2572,246.64,3418657
1651584600,247.39,247.84,242.28,245.87,2562085
1651671000,246.16,254.78,246.16,254.32,3289277
1651757400,252.89,254.49,246.78,248.92,2925873
1651843800,248.19,252.45,247.7,250.78,2964684
1652103000,247,249.9,246.79,247.49,2918862
1652189400,248.99,250.88,244.93,245.68,3070804
1652275800,245.27,246.79,243.2132,244.43,2833269
1652362200,245.32,246.38,241.12,244.19,2860983
1652448600,247.15,247.18,242.28,245.04,3255435
1652707800,244.46,245.475,240.73,244.04,2147127
1652794200,246,247,239.46,241.63,3205114
1652880600,239.46,240.08,230.37,231.05,3946143
1652967000,229.5,232.15,228.34,229,3518259
1653053400,231.38,234.06,228.585,233.91,3208225
1653312600,235.76,238.89,233.5,238,3053463
1653399000,237.5,245.8,237.45,244.52,5258233
1653485400,242.58,245.7,241.59,244.01,2641667
1653571800,246,249.3269,245.595,248.09,1972341
1653658200,249.5,251.87,248.78,251.87,2063755
1654003800,250,254.28,248.6289,252.21,3924700
1654090200,253.19,253.4158,248.19,249.28,2264141
1654176600,249.6,250.44,246.22,250.38,2089654
1654263000,248.43,250.27,248.17,248.36,1838859
1654522200,249.08,249.525,247.33,248.07,1569322
1654608600,246,249.79,245.53,248.94,2782196
1654695000,247.9,248.48,244.89,245.61,2101295
1654781400,243.62,246,242.03,242.16,2682885
1654867800,239.18,239.51,237.16,237.38,1994336
1655127000,232.79,240.1,232.68,238.47,4697049
1655213400,239.96,242.9,238.62,238.76,3564777
1655299800,239.86,241.58,236.12,238.9,3152171
1655386200,236.08,237.3223,233.82,235.19,3271976
1655472600,234.22,235.49,232.17,234.38,7236261
1655818200,236.22,240.1,234.14,239.59,3263514
1655904600,238.79,244.55,238.36,243.06,3054788
1655991000,243.7,245.085,240.455,243.58,1937201
1656077400,245.26,248,244.49,247.9,3104842
1656336600,247.9,248.77,246.565,247.03,2059304
1656423000,247.06,249.96,242.52,242.83,2381745
1656509400,246.14,248.87,245.105,247.74,2997210
1656595800,248.25,248.59,245.4506,246.88,2786218
1656682200,246.35,253.14,246,252.96,2531474
1657027800,251.15,253,249.66,252.29,2392617
1657114200,252.47,252.86,249.37,251.46,1948691
1657200600,253.26,254.92,251.18,252.94,2396689
1657287000,252.6,254.62,252.32,253.24,1450519
1657546200,252.08,255.4025,252.08,253.28,1478345
1657632600,252.97,255.62,250.76,251.48,2112805
1657719000,248.96,254.8,248.26,252.67,2205342
1657805400,249.89,253.1,249.62,252.6,2371030
1657891800,254.02,256.39,253.45,255.01,2627237
1658151000,255.24,255.59,252.07,252.42,2164571
1658237400,253.88,256.62,252.97,256.5,2181323
1658323800,256.78,256.91,253.47,254.58,2183656
1658410200,253.99,254.8,252.32,253.47,2056470
1658496600,253.75,254.53,252.45,253.99,2226576
1658755800,254.57,254.8,248.655,250.38,2860421
1658842200,249.56,259.22,248.7,257.09,5272297
1658928600,255.8,259.91,254.69,258.89,2718471
1659015000,258.8,264,257.56,263.46,2849053
1659101400,263.65,264.3505,262.095,263.37,2653895
1659360600,262.54,265.46,262.41,264.23,2383975
1659447000,264.62,265.45,260.89,261.05,2375235
1659533400,261.05,262.92,259.755,262.09,2305469
1659619800,261.7,262.18,258.69,260.64,2089596
1659706200,259.64,260.0299,257.07,259.23,1818555
1659965400,260,260.91,255.34,256.8,2253706
1660051800,256.9,260.205,256.36,260.06,2315836
1660138200,262,263.71,260.5,261.36,2967962
1660224600,263.2,263.27,258.63,259.28,2007282
1660311000,259.55,262.51,259.55,262.18,1530824
1660570200,262.21,265.62,261.25,265.44,2342816
1660656600,265.04,267.13,264.26,266.29,1828116
1660743000,265.96,267.97,265.58,266.82,1699066
1660829400,266,267.36,265.42,266.58,1591923
1660915800,265.94,267.75,265.54,266.54,1833797
1661175000,264.5,265.79,262.37,262.95,1986909
1661261400,262.62,263.35,260.53,260.54,2211064
1661347800,260.71,262,259.86,260.86,1777334
1661434200,261.99,262.68,260.2,262.56,1330619
1661520600,262.8,263.2,256.39,256.95,2357840
1661779800,255.5,256.71,254.59,255.66,2017475
1661866200,256,256.72,252.57,253.49,2051259
1661952600,254.17,255.68,252.2,252.28,3119229
1662039000,251.82,256.53,251.76,256.47,2577843
1662125400,257.41,258.58,253.36,254.51,1791551
1662471000,254.47,256.73,253.38,254.39,2645735
1662557400,255.14,259.82,254.96,258.42,4185152
1662643800,257.85,261.085,257.33,260.08,2448912
1662730200,260.26,260.74,258.21,259.52,2007248
1662989400,260,261.4,259.42,260.37,2204324
1663075800,257.74,258.95,253.67,254.33,2604856
1663162200,255,258.265,254.37,255.72,2745402
1663248600,255.02,255.23,252.49,253.47,2289465
1663335000,251.85,255.82,251.75,254.91,4304082
1663594200,254,257.55,253.35,257.01,2196034
1663680600,256.1,256.49,252.78,255.4,2140264
1663767000,255.13,256.91,251.08,251.08,2438811
1663853400,250.39,250.43,247.65,247.94,2300536
1663939800,247.21,249.095,244.19,245.95,2672105
1664199000,245.94,246.245,242.44,243.76,3179136
1664285400,244.58,244.93,236.56,236.7,4193797
1664371800,236.13,238.53,233.76,236.94,4202520
1664458200,236.32,237.66,232.46,234.4,3053196
1664544600,233.32,234.83,230.58,230.74,3629346
1664803800,233.52,236.85,231.705,235.34,3286854
1664890200,236.71,241.045,236.21,238.5,3685899
1664976600,236.91,240.41,236.14,239.09,3032973
1665063000,239.34,239.88,234.455,234.75,2999161
1665149400,233.96,234.6,232.08,233.19,2294343
1665408600,233.41,236.2625,233.41,234.95,2668736
1665495000,234.16,239.12,233.93,237.05,3169249
1665581400,237.27,240.035,237.06,237.06,2709329
1665667800,234.46,249.3,234.46,246.75,5027008
1665754200,249.08,249.43,242.41,243.16,2918634
1666013400,245.8,247.22,243.53,246.48,2758210
1666099800,249.37,250.42,247.25,249.19,3123554
1666186200,250,252.52,249.115,250.75,3021325
1666272600,249.55,251.75,249.05,249.77,2410780
1666359000,250.21,255.36,249.5,254.55,3254868
1666618200,255.28,256.8699,253.07,255.32,4125185
1666704600,254.57,257.28,254.4,255.73,2688965
1666791000,257.84,260.69,256.12,256.61,3584203
1666877400,263,266.99,262.26,265.11,4145682
1666963800,267.51,274.81,265.99,274.52,4647609
1667223000,273.06,273.63,270.81,272.66,3336099
1667309400,273.69,273.79,269.66,272.95,2740902
1667395800,273,276.67,270.31,270.37,3070720
1667482200,269.33,274.68,268.38,272.95,3225427
1667568600,275.6,275.71,272.13,274.62,3256637
1667831400,275.07,278.0761,275.07,276.41,3029606
1667917800,276.86,279.52,276.5,278.4,2629039
1668004200,278.51,280.25,277.68,277.79,2610819
1668090600,281.49,281.67,272.58,275.88,4510912
1668177000,276.33,277,269.18,271.39,4742826
1668436200,270.93,274.71,270.58,272.27,3357448
1668522600,270.25,271.03,266.34,267.84,5429117
1668609000,268.92,274.43,268.92,272.51,4132650
1668695400,272.07,274.35,270.56,273.36,2467904
1668781800,273.92,275.1,272.12,273.37,2699237
1669041000,274.65,274.98,273.1,274.52,2974548
1669127400,275,275.3,274.3,274.76,2770631
1669213800,275.55,275.65,272.88,273.27,2514942
1669386600,274.51,275.315,272.86,275,1596579
1669645800,274.88,275.94,272.375,272.88,3160615
1669732200,271,271.92,269.47,271.41,2873619
1669818600,269.62,273.31,268.83,272.79,5196674
1669905000,273.16,274.24,271.39,273.4,2599642
1669991400,269.81,273.445,269.62,273.4,2807524
1670250600,271.02,272.57,270.0034,271.59,2586940
1670337000,271.8,273.37,270.03,271.77,3573035
1670423400,272.5,273.98,269.67,270.34,2766448
1670509800,271,273.57,270.62,273.39,3022742
1670596200,273.61,274.16,271.72,272.04,1677358
1670855400,272.19,276.71,271.22,276.62,3230450
1670941800,278.68,279.9,273.64,274.28,3390149
1671028200,275.22,277.08,272.3,274.53,2660859
1671114600,273.79,274.3799,269.21,271.73,2735847
1671201000,270.41,271.02,265.76,266.12,5932459
1671460200,266.25,268.42,264.67,265.83,2160779
1671546600,266.92,267.94,264.54,267.25,1785563
1671633000,267.48,269.94,267.31,268.16,2366831
1671719400,267.27,268.12,263.65,265.77,2366827
1671805800,265.9,268.345,264.79,267.57,1269060
1672151400,268.66,268.87,266.6,266.84,1674718
1672237800,268,268.14,265.07,265.11,1427815
1672324200,265.94,267.81,264.88,265.93,1393998
1672410600,265.2,265.38,261.4,263.53,1720151
1672756200,263.53,264.35,259.51,264.33,2743957
1672842600,266.25,266.55,262.89,264.39,2584148
1672929000,264.76,264.76,261.375,262.16,1945566
1673015400,263.76,269.885,263.392,269.47,2855559
1673274600,269.93,269.95,266.77,267.25,2654561
1673361000,266.98,269.095,266.96,268.91,1718418
1673447400,269.52,269.735,266.96,268.81,2391463
1673533800,269.5,269.92,266.19,266.69,1933090
1673620200,266.39,268.95,265.88,268.89,2169133
1673965800,270.02,275.3873,270.02,274.11,3640221
1674052200,273.51,274.37,265.72,266.04,3276469
1674138600,266.72,269.14,263.53,263.58,2845599
1674225000,264.43,268.65,262.83,268.58,2588648
1674484200,268.84,271.17,267.76,269.29,2434026
1674570600,268.8,270.16,264.57,269.56,2517081
1674657000,270.33,273.07,268.82,273,3097376
1674743400,273,274.75,271.7,274.72,2222673
1674829800,275,275.305,271.97,272.46,2203174
1675089000,271.67,272.57,270.06,270.89,2862378
1675175400,265.09,267.51,263.25,267.4,5477850
1675261800,267.02,268.455,263.5,266.27,3557746
1675348200,264.89,265.98,262.02,263.21,3735643
1675434600,262.63,265.22,261.35,264.23,3008496
1675693800,264.99,268.2,264.36,267.92,2863920
1675780200,265.02,267.77,263.63,267.34,2513954
1675866600,265.09,265.89,262.45,262.82,2801986
1675953000,263.69,263.945,260.19,260.66,3534565
1676039400,260.87,262.69,260.29,262.42,3049897
1676298600,263.7,266.79,263,266.2,2418349
1676385000,266.65,267.52,264.5921,266.61,2202289
1676471400,266.27,267.6771,265.15,266.56,1862678
1676557800,265.07,267.71,263.28,265.83,2785588
1676644200,266.3,270,265.33,269.99,3055817
1676989800,269.29,270.24,267.61,268.55,2824326
1677076200,268.2,270.48,267.66,268.64,2192035
1677162600,267.7,267.87,263.96,266.78,4216978
1677249000,265.91,266.28,262.25,263.68,2645314
1677508200,265.03,266.3,263.535,264.78,2024791
1677594600,263.14,264.58,262.81,263.91,2853396
1677681000,262.54,263.53,261.68,262.72,2058920
1677767400,262.45,268.46,262.31,267.57,2386008
1677853800,268.42,269.38,266.2,269.07,2725884
1678113000,269.15,270.78,268.9,270.64,2217669
1678199400,271.52,273.15,266.82,267.13,2766688
1678285800,265.86,266.16,263.14,265.33,2313951
1678372200,267.09,267.61,260.865,261.63,2339345
1678458600,263.73,266.5799,261.26,262.03,3093072
1678714200,260.37,267.4,260.37,263.08,3552410
1678800600,263.12,266.94,262.6,265.9,3194391
1678887000,264.58,266.41,262.565,266.34,3419419
1678973400,265.78,270.68,265.505,270.57,3098340
1679059800,269.57,269.97,265.71,267.2,5075300
1679319000,267.84,271.38,267.84,270.74,2109127
1679405400,270,270.8675,267.62,270.21,3120195
1679491800,270.04,271.98,267.71,267.87,2241013
1679578200,267.99,271.475,267.99,269.62,2263814
1679664600,270.37,271.83,268.84,271.33,2229368
1679923800,272,274.95,270.57,273.84,2799118
1680010200,273.99,276.22,273.51,275.85,2035971
1680096600,277,278.15,276.45,277.44,2053558
1680183000,277.26,278.4,276.5,277.79,1788868
1680269400,278.92,280.635,278.5,279.61,2902491
1680528600,280.99,282.87,279.68,282.14,2352716
1680615000,281.41,283.42,280.39,282.28,2282434
1680701400,283.49,284.98,281.78,282.02,2600775
1680787800,282.43,283.4881,281.57,282.89,1730953
1681133400,283.18,284.1686,281.99,283.78,1942019
1681219800,283.17,285.535,282.75,284.48,2732890
1681306200,283.85,286.79,283.5,285.3,2557446
1681392600,286.57,289.5399,286.11,289.07,3229280
1681479000,289.29,289.94,287.62,288.98,2054679
1681738200,289.84,290.51,288.18,289.31,2370988
1681824600,289.4,291.19,289,290.91,2086719
1681911000,290.91,291.6,290.19,291.27,2254075
1681997400,290.96,291.67,289.88,291,2274152
1682083800,292.32,292.53,290.51,292.06,2171180
1682343000,292.83,293.43,291.7101,293.2,2995244
1682429400,295,295,289.43,291.51,5845217
1682515800,289.98,291.5,289.76,289.76,3289959
1682602200,290.72,295.0499,290,294.72,3142286
1682688600,294.83,296.18,293.91,295.75,2838198
1682947800,295.72,298.8,295.65,297.58,2124401
1683034200,297.37,298.46,295.58,298.07,2083769
1683120600,296.76,297.2562,294.65,295.22,2425452
1683207000,296.06,296.31,293.47,295.16,2005472
1683293400,295.77,297.02,294.4625,296.6,1815841
1683552600,297.1,297.37,295.57,296.69,2969801
1683639000,298.63,298.86,296.3,296.66,1637587
1683725400,296.38,298,293.8401,296.57,1849297
1683811800,296.5,296.94,293.36,294.79,1955152
1683898200,295.19,296.43,294.31,296.14,1801866
1684157400,295.77,296.64,294.66,295.9,1700450
1684243800,295.94,296.19,293.98,294.15,2859744
1684330200,295.52,295.52,292.65,293.46,2802296
1684416600,293.25,294.43,291.13,294.05,2410912
1684503000,293.84,296,292.4732,295.55,2371249
1684762200,295.55,296.64,289.14,289.35,2514744
1684848600,288.15,288.5,285.44,286.37,2943889
1684935000,286.45,287.115,284.58,285.92,2262065
1685021400,286.79,286.9065,284.71,285.52,2748258
1685107800,285.68,288.75,285.68,286.04,2148422
1685453400,283.93,286.345,283.675,284.92,3385240
1685539800,284.88,285.695,283.35,285.11,3104929
1685626200,284.92,288.0399,283.6,287.87,2605265
1685712600,286.7,290.2,286.14,289.91,2869403
1685971800,290,290.8,288.03,288.43,2101865
1686058200,289.86,290.23,281.98,284.54,2771493
1686144600,284.45,284.7399,281.31,281.9,3614835
1686231000,280.97,286.06,280,285.78,3043997
1686317400,285.52,287.2757,284.74,286.79,1976684
1686576600,288.16,288.75,286.5,288.57,1885237
1686663000,288.5,289.6855,287.545,288.55,2027785
1686749400,288.1,289.56,287.31,288.44,1964468
1686835800,289.65,293.48,288.26,292.61,2619166
1686922200,294.51,296.565,293.14,293.7,4891171
1687267800,293.65,297.18,292.68,293.04,2729976
1687354200,293.32,295.1575,292.81,294.52,2837179
1687440600,294.62,295.08,291.525,293.3,1800804
1687527000,291.35,292.45,289.64,289.91,3720646
1687786200,289.64,289.75,287.07,289.09,1851773
1687872600,290.31,292.49,289.65,291.3,1815134
1687959000,291.45,291.82,289.05,291.74,1666616
1688045400,291.55,294.66,290.21,294.47,1743969
1688131800,295.14,299.1,294.89,298.41,2644801
1688391000,297.79,298.4,294.8,294.84,1601266
1688563800,295.11,297.31,294.59,296.9,2356221
1688650200,295.32,296.58,293.44,294.92,2569643
1688736600,293.72,294.355,291.55,292.1,2586623
1688995800,292.4,295.62,292.33,294.49,1703743
1689082200,295.29,295.5,291.77,294.74,1529673
1689168600,296.83,297.1,295.2,295.61,2156022
1689255000,295.39,296.66,295.01,295.22,1657134
1689341400,295.25,296.05,294.0134,294.94,1550122
1689600600,295.08,296.86,294.55,294.68,1670416
1689687000,294.47,295.75,292.464,293.82,1991753
1689773400,295,295.4,293.22,294.13,1969215
1689859800,294.31,297.56,294.11,297.13,2104322
1689946200,297.66,299.35,295.32,295.61,2835490
1690205400,296,296.9476,294.855,295.31,2034581
1690291800,294.2,294.93,291.65,292.36,2780605
1690378200,292.25,292.58,289.5,291.75,2896877
1690464600,292,298.9,291.51,295.19,4698527
1690551000,295.8,297.7,292.95,294.03,2843512
1690810200,293.61,294.24,290.05,293.2,3296143
1690896600,293,293.91,290.25,291.07,1916689
1690983000,290.26,293.45,289.38,289.62,2390094
1691069400,288.8,291.27,288.6486,291.02,1910814
1691155800,292.41,292.82,286.7605,287.02,2520494
1691415000,287.88,291.4,287.8645,291.4,2176903
1691501400,291.05,291.599,288.54,289.58,1948498
1691587800,289,289.72,287.88,288.23,1895857
1691674200,288.81,290.37,286.78,287.6,2436537
1691760600,287.25,288.96,286.76,288.62,1761803
1692019800,288.79,289.85,287.62,288.81,1712569
1692106200,287.95,289.085,287.12,288.3,1883806
1692192600,287.57,288.88,285.03,285.4,1829562
1692279000,286.15,286.54,281.78,281.86,2148388
1692365400,281.72,283.74,280.3,281.74,2624502
1692624600,281.7,282.29,278.675,280.04,2682569
1692711000,280.76,280.82,279.09,280.31,2052393
1692797400,282.02,283.15,280.645,281.87,2308755
1692883800,281.74,284.75,281.74,282.35,2006481
1692970200,284.76,286.14,283.51,284.58,3725184
1693229400,284.58,286.2,283.51,283.68,2317623
1693315800,283.95,284.57,280.43,283.59,2348500
1693402200,283.8,285.98,283.29,284.24,2410679
1693488600,283.21,283.8,280.88,281.15,2979992
1693575000,282.54,283.14,279.131,280.94,2136591
1693920600,281,281.64,279.06,279.16,2410330
1694007000,278,278.6476,275,275.44,2705819
1694093400,277.25,278.99,276.0987,278.33,3732754
1694179800,278.08,280.35,277.85,279.22,2351438
1694439000,279.69,280.13,278.56,279.76,2433249
1694525400,279.49,281.495,277.685,280.71,1450296
1694611800,281.67,282.89,280.61,281.77,1724297
1694698200,283.33,285.6,282.57,284.76,2219694
1694784600,283.86,283.86,277.73,278.23,5730667
1695043800,278.72,280.27,276.93,277.72,2884929
1695130200,276.44,278.255,276.44,278.13,2128275
1695216600,278.74,280.27,277.14,277.2,1979858
1695303000,276.94,277.19,271.02,271.22,2370338
1695389400,271.4,273.64,270.83,272.22,1958486
1695648600,270.45,271.76,268.91,269.78,1895538
1695735000,268.82,269.3,266.58,267.72,2251605
1695821400,267.72,267.94,262.285,263.64,2734864
1695907800,264.23,266.305,263.1311,265.59,2182553
1695994200,267.15,267.37,261.75,263.44,3367111
1696253400,262,262.065,257.455,257.75,4425045
1696339800,257.21,258.3,253.87,254.49,3408128
1696426200,255.33,256.25,254.01,255.81,2819983
1696512600,256,257.85,251.58,252.23,3799645
1696599000,250,250.8229,245.73,248.22,5130674
1696858200,247.72,249.99,247.26,249.92,2782286
1696944600,251.72,253.43,250.5,251.52,3129625
1697031000,252.59,252.6925,249.3862,250.92,2919421
1697117400,251.69,252.15,245.88,246.19,3528336
1697203800,246.82,248.809,246,248.31,2647124
1697463000,249.22,250.49,248.07,249.94,2774674
1697549400,250.09,251.4,249.38,251.14,2627508
1697635800,252.85,257.09,252.3439,256.03,4559192
1697722200,256.26,262.56,256.26,258.38,5646173
1697808600,258.96,260.34,257.56,258.11,3779195
1698067800,256.61,257.235,254.54,254.75,3409763
1698154200,254.68,257.76,254.68,257.27,2467986
1698240600,258.12,259.43,256.94,258.03,2759053
1698327000,258.36,259.54,255.68,255.83,2702639
1698413400,256.55,259.38,254.87,255.76,3209027
1698672600,260.1,262.06,254.6,260.15,6305078
1698759000,263.46,263.69,259.75,262.17,3990553
1698845400,263,263.385,259.835,261.97,3542997
1698931800,263.59,267.42,263.51,266.85,4109728
1699018200,267.56,268.61,265.485,267.87,3126467
1699281000,268.01,269.105,267.3,268.91,3090714
1699367400,268.8,269.79,268.11,268.67,2360790
1699453800,268.83,270.06,267.28,267.49,2223517
1699540200,268.24,268.34,265.94,266.91,2501652
1699626600,267.33,268.125,265.21,267.79,2665049
1699885800,267.4,269.72,267.255,269.2,2591880
1699972200,270,271.66,269.35,271.49,2647793
1700058600,272.43,273.1,269.025,270.39,2576075
1700145000,271.07,276.16,271.03,276.12,3593676
1700231400,276.55,277.12,275.15,275.75,2604865
1700490600,275.35,279.795,275.02,279.03,3499648
1700577000,279.87,280.67,278.43,280.47,2941040
1700663400,281.25,282.41,281.2,281.93,2285961
1700836200,282,282.59,281.03,282.54,1217950
1701095400,282.66,283.9,281.09,281.84,3703855
1701181800,281.5,283.54,281.345,282.09,2199591
1701268200,282.21,282.47,279.5,280.38,2433432
1701354600,280.42,282.28,278.06,281.84,5030565
1701441000,283.25,286.86,283,285.96,4967526
1701700200,284.99,287.4,284.99,286.13,3522889
1701786600,286.55,288.76,285.205,286.54,3005333
1701873000,286.73,287.37,283.4,286.86,2765101
1701959400,287.49,288.15,285.64,286.79,3131914
1702045800,287.33,287.895,285.05,285.53,3623843
1702305000,285.56,289.31,285.56,289.15,3353037
1702391400,289.12,291.7,288.51,291.42,2252223
1702477800,291.69,295.97,291.5487,295.93,3312275
1702564200,294.6,295.27,288.01,290.02,4626777
1702650600,290.41,291.75,285.72,287.27,6328510
1702909800,288.65,290.59,287.56,290.23,2490110
1702996200,290.67,291.72,289.59,290.73,2054430
1703082600,290.73,291.67,288.72,288.99,2398593
1703169000,290.57,291.53,289.2883,291.39,2313127
1703255400,290.7,292.47,290.5,291.7,1700320
1703601000,291.22,293.05,290.89,292.86,1381655
1703687400,292.5,294.63,292.465,294.55,1892081
1703773800,294.47,296.47,294,295.84,1907271
1703860200,295.83,296.85,295.31,296.51,2227806
1704205800,295.05,297.28,295.05,297.04,4458519
1704292200,297,297.99,294.25,294.39,3114788
1704378600,295.32,297.27,290.92,291.74,4615370
1704465000,289.21,290.33,287.2,288.99,3407310
1704724200,288.51,292,287.52,291.9,3097218
1704810600,289.63,290.87,287.52,290.87,2176451
1704897000,291,294.39,290.87,294.09,2199689
1704983400,294.45,294.95,290.65,294.15,2047352
1705069800,295.46,295.75,292.84,293.47,1714818
1705415400,293.47,294.25,289.98,291.09,2859014
1705501800,290.14,292.34,290.125,291.16,2008289
1705588200,292.09,294.48,291.31,294.36,2221156
1705674600,298,301.08,296.525,300.53,4250885
1705933800,300.95,302.39,297.7375,298.41,3250224
1706020200,297.44,300.21,297.125,300.05,1873976
1706106600,300,302.035,299.31,300.44,3209675
1706193000,300.74,301.31,296.09,297.21,3219625
1706279400,295.33,295.98,291.7,292.26,4210521
1706538600,291.64,292.76,288.31,292.31,3899706
1706625000,292.14,294.92,290.2,294.65,2524205
1706711400,295.9,297.44,291.655,292.72,3476264
1706797800,291.7,298.13,290.28,298.08,3380568
1706884200,296.07,298.17,293.35,297.05,3971607
1707143400,287.01,291.44,283.33,285.97,7581895
1707229800,282.97,284.68,281.54,284.65,5928192
1707316200,285.05,290.53,284.11,287.33,3954659
1707402600,286.2,293.15,284.2,291.93,4605245
1707489000,292.15,292.51,288.92,289.47,3323000
1707748200,289,291.19,288.76,289.44,2392314
1707834600,288.63,289.9,285.67,287.11,2756190
1707921000,287.32,288.32,286.59,288.17,2139326
1708007400,287.9,292.1,287.28,291.86,2401617
1708093800,290.79,293.7,289.26,292.02,2837573
1708439400,292,295.4999,291.84,292.65,2263994
1708525800,293.09,295.2,292.25,293.91,2076811
1708612200,294,296.67,293.245,295.92,3146598
1708698600,296,298.74,295.07,297.75,2199138
1708957800,298.21,298.68,296.4,297.12,2595344
1709044200,296.8,296.8,293.32,293.76,2811237
1709130600,294.03,296.1,292.72,295.19,2507286
1709217000,294.2,294.75,291.71,292.28,3601848
1709303400,291.39,292.67,289.53,290.73,3028869
1709562600,289.37,291.24,288.5,290.94,2832011
1709649000,291.56,293.51,288.92,292.54,2969609
1709735400,293.33,295.14,292.15,292.93,2347965
1709821800,294.2,294.915,291.03,291.11,2237730
1709908200,290.04,293.48,288.83,292.55,2482336
1710163800,292.15,295.45,291.87,294.82,2893336
1710250200,295.68,296.355,293.54,294.31,2233076
1710336600,292.26,293.47,282.6,282.86,5441262
1710423000,282.42,282.52,277.829,281.73,4659308
1710509400,281.89,284.23,278.38,279.14,5071675
1710768600,279.47,280.3,278.07,278.58,3319435
1710855000,279.2,284.4,278.585,282.87,4055380
1710941400,283.5,284.6,281.37,284.45,2867302
1711027800,284.5,285.58,282.64,283.53,3653332
1711114200,283.88,284.385,282.12,282.63,2556320
1711373400,280,280.58,277.64,278.62,2985467
1711459800,279.22,279.45,277.17,278.62,2572061
1711546200,278.1,282.3,278.1,282.02,2604991
1711632600,282.25,283.3799,281.2525,281.95,3454073
1711978200,281.5,281.55,278.64,280.22,2408799
1712064600,280,280.48,277.45,277.74,2907899
1712151000,276.57,277.96,275.15,275.54,2747979
1712237400,276.24,276.24,269.92,270.09,4095144
1712323800,269.42,270.62,266.36,266.69,6816035
1712583000,267.24,268.6892,265.87,267.56,3753206
1712669400,266.22,269.67,265.5,269.44,3935142
1712755800,266.97,268.99,265.11,268.67,3817458
1712842200,269.5,269.88,267.15,268.62,2519172
1712928600,267.91,268.23,266.58,267.39,2708630
1713187800,267.86,268.525,266.05,266.23,3686881
1713274200,266.13,266.99,265.15,265.43,2912853
1713360600,266.5,270.12,265.52,269.95,3383099
1713447000,270.98,271.29,268.845,270.98,3402674
1713533400,272.01,272.22,270.48,271.99,3017097
1713792600,273.75,276.5,272.32,275.58,3129435
1713879000,276.82,277.4,274.24,276.88,3275678
1713965400,275.54,277.03,272.89,276.75,4071571
1714051800,277.02,279.82,274.72,275.6,4179755
1714138200,271.23,276.11,270.3701,273.09,3636458
1714397400,273.83,274.43,272.595,273.55,3187813
1714483800,264.33,276.8699,262.63,273.04,6894367
1714570200,271.38,276.43,270.05,274.43,4843553
1714656600,274.51,276.31,272.71,273.28,3083956
1714743000,274.14,274.62,268.89,270.32,2642344
1715002200,271.06,271.875,269.04,269.3,2481336
1715088600,270.04,270.67,266.99,267.5,3160026
1715175000,267.5,268.93,266.06,268.49,3259842
1715261400,268.46,268.48,267.02,267.95,3139960
1715347800,268.17,275.38,267.84,275,4983501
1715607000,275.38,276.74,271.14,271.32,3840670
1715693400,272.12,272.77,268.7124,270.66,3143235
1715779800,271.11,274.37,270.231,273.87,2982621
1715866200,274.51,275.56,272.92,273.51,2339864
1715952600,274.06,274.06,270.92,272.38,2454570
1716211800,271.74,272.125,267.28,267.87,2651117
1716298200,268.51,269.0793,265.44,265.87,2362574
1716384600,265.87,266.82,264.55,265.77,1906061
1716471000,265.13,265.62,257.6,257.93,5636170
1716557400,258.74,260.46,257.52,258.11,3382879
1716903000,257.39,258.81,252.645,253.54,4324728
1716989400,253.36,253.8,249.16,249.37,4029317
1717075800,250.61,252.96,250.0975,252.07,3599768
1717162200,254.19,259.25,253.505,258.89,6125399
1717421400,257.93,259.95,255.6,259.75,4342771
1717507800,259.34,263.09,259.25,262.72,4592727
1717594200,261.5,261.735,258.66,259.99,4136828
1717680600,260.91,261.785,258.93,260.72,3354270
1717767000,260.07,261.395,255.34,256.21,2290085
1718026200,256,256,253.15,253.81,2867127
1718112600,253.01,254.6889,252.1,254.28,2729439
1718199000,254.88,256.31,253.41,254.48,3169566
1718285400,253.59,254.74,251.18,253.7,3152985
1718371800,252.86,253.62,250.614,253.58,2806560
1718631000,252.3,254.52,251.88,253.51,2534935
1718717400,253.95,254.35,249.35,250.79,2956314
1718890200,250.27,255.69,249.511,253.8,4046527
1718976600,258.28,261.46,255.61,259.39,8426647
1719235800,259,261.37,257.8,260.38,3901231
1719322200,260.13,260.13,255.59,257.38,4252250
1719408600,256.65,258.17,254.68,257.83,2796088
1719495000,258,258.83,256.97,258.17,2650996
1719581400,257.54,259.49,252.86,254.84,8958712
1719840600,254.83,255.34,249.72,249.99,3817576
1719927000,249.68,251.03,247.41,247.79,3944881
1720013400,248.5,250.98,248.18,250,2026070
1720186200,251,251.415,248.81,251.09,2814312
1720445400,251.76,252.575,247.06,247.85,3163853
1720531800,247.23,247.4,243.53,245.82,4930592
1720618200,247,250.56,245.9,250.49,4092739
1720704600,251.22,255.65,249.87,254.8,5548256
1720791000,254.25,256.92,251.81,253.9,4543006
1721050200,253.64,255.73,251.19,251.53,3393612
1721136600,251,257.31,250.1,257.27,4172974
1721223000,258.97,262.05,257.8587,261,3711520
1721309400,258.03,262.33,257.6003,259.52,3421839
1721395800,260.39,260.44,255.03,257.28,3470585
1721655000,258.3,259.79,256.4,259.54,2759527
1721741400,259.68,260.1378,253.5096,254.05,2653141
1721827800,246.32,254.33,246.12,253.37,5983281
1721914200,254.19,256.09,251.1,251.46,3323080
1722000600,252.9,254.045,250.75,252,4002852
1722259800,253.55,263.93,250.23,261.42,9380960
1722346200,261,267.37,260.31,266.44,4936596
1722432600,265.42,267.67,263.2,265.4,4652053
1722519000,266.82,268.77,262.4,268.75,4935952
1722605400,269.4,276.81,268.8,276.69,9585900
1722864600,274.04,277.87,267.6796,268.45,6794876
1722951000,269.86,273.2,268.08,270.06,3369337
1723037400,269.56,273.14,268.58,269.37,3539980
1723123800,268.93,273.65,268.08,271.19,3227234
1723210200,271.7,271.7,266.96,267.91,2664877
1723469400,267.46,269.53,265.33,269.46,3008100
1723555800,270.31,272,267.54,270.31,2603592
1723642200,269.86,271.5075,268.5,271.15,2242138
1723728600,272,275.76,271.85,274.87,2445218
1723815000,274.75,279.5,274.7,278.49,3286217
1724074200,282.33,288.32,281.72,287.55,5268793
1724160600,286.5,290.265,285.21,285.63,3697631
1724247000,287.15,289.97,286.265,289.71,2686435
1724333400,289.55,290.5,287.55,289.21,1746359
1724419800,290.38,290.78,287.13,289.52,2145946
1724679000,289.25,292.21,287.87,288.68,2018540
1724765400,289.08,290.3,288.06,289.64,2897582
1724851800,289.95,290.96,285.26,287.05,2603793
1724938200,287.78,289.11,284.78,287.86,1797229
1725024600,287.56,288.88,286.29,288.66,2528549
1725370200,286.36,288.21,283.71,285.52,2902782
1725456600,286.55,288.97,285.99,288.03,2558502
1725543000,289,289.545,286.24,287.97,2412493
1725629400,287.82,292.19,287.5692,289.51,3863559
1725888600,290.03,291.74,287.8,291.29,3208635
1725975000,292.81,296.23,291.04,291.27,2497109
1726061400,290.83,291.435,285.83,290.23,2747627
1726147800,290.17,292.69,288.26,292.35,2274712
1726234200,294.49,296.74,292.62,296.53,2205535
1726493400,297.42,300.11,295.04,296.69,2916205
1726579800,297,297.39,292.17,293.75,2997493
1726666200,293.88,295.1,290.37,292.03,1788384
1726752600,294.25,295.08,290.9,293.85,2271388
1726839000,292.94,298.05,292.835,296.83,5817302
1727098200,299,300.22,296.89,299.06,2312365
1727184600,299.06,301.45,297.7,300.27,2408175
1727271000,300.33,301.8,298.4,300.47,1986241
1727357400,301.15,304.29,300.735,303.65,1971134
1727443800,303.52,306.96,303.52,303.69,3402999
1727703000,303.75,305.03,302.1,304.51,2286978
1727789400,304.51,305.23,302.25,302.98,3036208
1727875800,300.58,304.08,299.5801,303.76,2352436
1727962200,303.5,304.02,301.26,303.45,1802561
1728048600,303.05,305.89,301.38,303.76,2432634
1728307800,303.76,305.1199,300,300.85,2091776
1728394200,302.64,303.35,300.36,301.9,2038348
1728480600,302.94,305.01,301.965,303.83,1854155
1728567000,304.03,305.75,302.93,304.04,1739458
1728653400,304.42,305.5,302.97,305.04,1775710
1728912600,305.15,310.42,304.5,309.84,2376310
1728999000,312,315.36,311.01,313.34,3067090
1729085400,313.32,313.725,310.11,312.92,1821486
1729171800,313.98,315.05,312.48,314.7,3095192
1729258200,315.57,317.18,314.2299,316.56,2531197
1729517400,317.13,317.9,314.41,314.89,2404056
1729603800,314.09,315.74,313.3,314.69,5889115
1729690200,292.77,301.6,290.83,298.57,18791952
1729776600,299.12,302.3899,298.28,301.58,5522591
1729863000,301,301.6,292.2,292.61,8863234
1730122200,299.2,299.92,296.5368,296.79,6655971
1730208600,297.5979,302.7,295,295,9048877
1730295000,294.5,295.37,289.84,291.52,4924013
1730381400,292.25,294.38,291.17,292.11,4277428
1730467800,294.51,296.88,293.28,295.21,4131804
1730730600,294.74,294.96,291.801,292.85,2583053
1730817000,293.75,297.38,292.56,297.32,3032122
1730903400,300.28,300.33,292.72,294,4646422
1731076200,295.6,301.8321,295.25,298.97,3279284
1731335400,300.49,303.81,300.02,301.53,2872440
1731421800,300.14,301.405,297.52,298.65,2453194
1731508200,298.9,299.13,295.2172,297.35,2327101
1731594600,298,300.11,296.5901,298.56,1932557
1731681000,297.72,299.495,289.72,292.63,4039432
1731940200,293.01,295.44,290.7886,291.1,2866132
1732026600,290,292.072,287.6,290.73,2353251
1732113000,290.62,291.3199,288.255,290.91,2525012
1732199400,285,288.6,283.46,288.47,4475662
1732285800,288.47,290.6,288.14,290.28,2879063
1732545000,291.765,296.61,291.765,296.19,5021843
1732631400,297,297.28,294.83,296.33,2254326
1732717800,297,299.5,294.98,295.08,2240280
1732890600,294.16,297.05,294.018,296.01,1655907
1733149800,293.5,294.23,290.94,292.44,3150151
1733236200,292.32,294.85,290.29,294.5,3030992
1733322600,292.28,296.04,291.82,295.09,3742938
1733409000,295.54,299.74,294.9331,299.47,2594816
1733495400,300.56,303.7971,298.605,298.98,4158690
1733754600,297.585,302.6178,297.09,301.37,2391898
1733841000,300.13,302.82,295.84,300.71,3522974
1733927400,301.34,301.9,295.97,296.1,3037616
1734013800,296.2,298.55,295.09,296.63,2040653
1734100200,296.29,299.2,295.43,296.6,2547703
1734359400,297.18,302.12,297.17,297.71,3180071
1734445800,297.62,300,294.82,296.08,3295881
1734532200,295.02,298.9761,290.67,290.88,3800945
1734618600,290.88,292.86,288.847,290.23,3438533
1734705000,289.52,296.1,289.3001,292.68,7677952
1734964200,292.255,293.1,289.73,291.29,2492226
1735050600,291.28,294.27,290.791,293.99,1460985
1735223400,293,295.435,292.6,294.8,1434337
1735309800,293.34,296.4795,292.74,293.62,1617399
1735569000,291.47,291.47,289,289.6,1936678
1735655400,290.08,291.24,288.58,289.89,1915847
1735828200,290.95,295.7625,290.25,292.51,3118262
1735914600,292.83,294.96,290.7,294.78,2240254
1736173800,293.28,295.6,291.74,292.18,2838933
1736260200,293.78,294.93,288.28,289.34,3419450
1736346600,288.97,289.14,286.55,286.9,2724217
1736519400,287.5,287.77,281.78,282.31,3946002
1736778600,282.94,284.5,280.35,283.63,3394291
1736865000,285.02,285.35,279.38,281.58,2238889
1736951400,284.33,284.65,280.61,282.3,2867781
1737037800,280.24,280.945,276.53,279.74,3403681
1737124200,280.98,284.08,280,280.95,3312793
1737469800,280.76,282.9,278.73,282.61,3858590
1737556200,283.3,283.53,280.405,281.35,3660600
1737642600,280.75,285,280.6501,284.43,2279408
1737729000,284.505,286.85,283.28,285.46,2523397
1737988200,286.605,293.43,285.81,293.09,4343019
1738074600,292.4,294.49,290,291.15,3180370
1738161000,291.38,293.14,290,290.11,2358272
1738247400,290.91,292.08,289.36,290.32,2125150
1738333800,289.83,291.25,287.35,288.7,2557033
1738593000,287.02,290.9,284.19,290.05,3049143
1738679400,289.76,290.64,288.37,289.77,2977102
1738765800,290,290.27,286.34,288.83,2363168
1738852200,291.59,297.15,290.3201,294.36,3589988
1738938600,294.36,296.85,293.82,294.3,2858016
1739197800,302.27,310.28,301.51,308.42,8051997
1739284200,307.37,311.59,306.17,309.92,3418278
1739370600,309.58,310.09,305.77,307.6,3110228
1739457000,307.5,311.53,305.63,310.02,3097175
1739543400,310.2,311,307.78,308.55,2674354
1739889000,307.35,307.35,303.54,304.83,3368090
1739975400,303.32,303.79,299.51,301.94,2990851
1740061800,300.83,303.13,298.15,303.05,3020024
1740148200,303.92,305.96,301.59,304.81,3036654
1740407400,305,310.44,304.12,307.57,3397553
1740493800,309.18,311.71,307.991,310.72,3891555
1740580200,311.7,314.55,303.68,304.27,4140908
1740666600,305.19,311.7799,304.22,309.95,3350723
1740753000,307.605,308.52,303.88,308.33,4972872
1741012200,308.11,309.49,302.43,304.29,4371634
1741098600,304.59,312.93,304.59,305.77,3954691
1741185000,304,308.46,303.37,307.45,2327472
1741271400,307.8,311.35,304.38,310.37,2954920
1741357800,310.82,323.17,310.35,321.29,7607616
1741613400,320.09,326.32,315.74,317.25,4707592
1741699800,317.62,317.7,306.31,307.7,3178112
1741786200,303.69,306.43,296.35,299.4,4546240
1741872600,300.43,303.465,297.27,297.5,4178882
1741959000,296.97,300.67,295.71,299.83,2696979
1742218200,301.3,305.23,300.03,303.97,2758628
1742304600,304.97,304.97,302.27,303.6,2435418
1742391000,303.99,308.08,303.63,306.92,2812212
1742477400,308.03,309.66,305.51,307,2723487
1742563800,306.39,307,301.64,305.44,6016138
1742823000,306.3,307.95,304.53,305.67,3443511
1742909400,306.93,308.66,304.03,306.92,2657170
1742995800,307.9,314.06,307.79,313.58,2624998
1743082200,315.16,316.64,310.68,312.69,3119455
1743168600,309,310,305.985,307.09,3211862
1743427800,305,313.2,304.44,312.37,4418823
1743514200,313.08,314.78,310.95,313.63,2411454
1743600600,312.71,313.93,309.83,311.58,2776755
1743687000,311.38,319.72,311.2975,318.27,7023851
1743773400,314.57,314.96,299.3,300.11,8831090
1744032600,292.6,304.88,290.5,299.89,7725857
1744119000,303.78,308.25,294.92,299.83,5562462
1744205400,297.41,311.65,296.715,303.96,8265701
1744291800,301.34,307.63,296.915,306.78,6049543
1744378200,306.47,310.89,303.9601,309.9,4440059
1744637400,312.43,318.2,311.13,316.07,4068713
1744723800,316.13,317.195,311.84,312.48,2901367
1744810200,313.57,314.29,307.37,309.1,3099078
1744896600,309.22,312.99,307.13,311.3,2728460
1745242200,311,311.28,305.115,308.72,2669905
1745328600,311.76,320,311.19,319.08,4200708
1745415000,318.5,319.895,314.79,318.48,3210134
1745501400,318.43,318.89,313.53,316.22,2479485
1745587800,316.5,321.78,315.03,316.74,2283147
1745847000,317.7,318.02,314.25,316.81,2578256
1745933400,316.06,316.7277,313,314.5,3164531
1746019800,316.79,321,313.1,319.65,5564594
1746106200,313.155,319.25,311.6,313.64,5186858
1746192600,313.55,315.97,310.68,311.96,3994578
1746451800,313,317.4,310.7,315.72,3534301
1746538200,315.11,317.24,312.87,316.79,2691660
1746624600,316.48,319.24,316.12,318.13,2726245
1746711000,318.08,319.66,313.18,313.49,2131496
1746797400,312.9,314.25,311.1675,313.68,1917830
1747056600,312.01,312.18,305.01,311.92,4137861
1747143000,311.65,312.165,308.4499,308.69,3018600
1747229400,308.24,308.9086,305.69,307.5,2657043
1747315800,307.8,315.13,307.8,314.48,2928718
1747402200,314.37,318.66,313.37,318.61,2637287
1747661400,318.11,321.61,318.03,321.23,2749002
1747747800,321.22,321.72,318.85,319.8,2034967
1747834200,317.52,318.67,315.17,316.44,2386740
1747920600,316.12,316.62,312.63,314.31,2642001
1748007000,315.07,315.65,313.03,314.57,2701615
1748352600,314.51,315.6165,312.16,314.95,2527016
1748439000,314.95,315.65,312.19,312.84,1935645
1748525400,312.37,313.4959,310.04,311.86,2248937
1748611800,312,315.29,310.58,313.85,4062917
1748871000,310.73,313.245,309.3901,312.68,2577048
1748957400,311.84,314.39,309.15,312.39,3028181
1749043800,313,314.2499,309.48,311.57,2069546
1749130200,312,312,307.77,308.98,3817236
1749216600,307.15,309.86,306.81,307.36,2622767
1749475800,303.73,305.23,299.8464,304.78,4059771
1749562200,300.01,302.409,299.45,300.43,4698701
1749648600,300.2,303.2,297.19,301.72,3312510
1749735000,301.67,303.18,300.066,303.16,2584667
1749821400,301.81,305.11,301.15,301.91,2435628
1750080600,303.14,304,295.75,296.29,4045666
1750167000,296,296.01,291.79,292.31,3378975
1750253400,293,293.11,288.6,289.63,4008675
1750426200,289.77,290.61,285.57,287.46,7084966
1750685400,288.52,289.52,285.87,289.52,5172494
1750771800,289.62,292.1,288.5818,291.47,4461222
1750858200,290.86,291.0757,284.305,285.55,4259763
1750944600,285.95,286.79,283.47,285.63,5354904
1751031000,286.01,292.19,285.24,291.55,7422178
1751290200,290.88,293.575,290.88,292.17,5054752
1751376600,292.5,299.65,292.35,297.49,5121903
1751463000,298.08,298.08,292.6,294.63,4021460
1751549400,294.67,294.83,292.605,294.08,1678645
1751895000,294.115,295.68,292.485,293.53,3404279
1751981400,293.01,293.02,290.26,291.67,3123607
1752067800,292.25,293.82,291.34,293.02,3266050
1752154200,296.3,300.78,295.025,298.39,5368072
1752240600,298.14,302.74,297.2901,299.91,4524080
1752499800,299.18,302.07,294.83,301.88,5707576
1752586200,301.3,302.79,299.24,299.62,2937595
1752672600,299.78,300.48,296.21,298.9,2804844
1752759000,299.77,302.45,298.42,300.37,3134529
1752845400,299.74,300.395,296.43,297.07,3481263
1753104600,298.11,298.8,295.28,295.74,3037506
1753191000,295.86,300.1,295.05,299.17,2672021
1753277400,299.49,299.88,296.92,298.12,2467609
1753363800,296.91,297.4599,294.41,294.48,4426029
1753450200,296.81,298.64,294.9,298.47,3401033
1753709400,297.06,299.91,294.99,299.22,3070470
1753795800,298.95,302.83,298.3,302.67,3148084
1753882200,302.57,305.4308,301.08,303.61,2805919
1753968600,301.025,303.47,300,300.07,3639588
1754055000,303.5,303.7,301.38,302.89,3344793
1754314200,300.53,306.345,300.53,304.23,4734465
1754400600,303,304.6,298.37,298.77,4222907
1754487000,307,310.395,301.74,307.66,6474304
1754573400,309.16,310.165,304.35,307.91,3603475
1754659800,307,308.55,303.89,305.45,2622369
1754919000,305.5,307.295,303.78,304.36,2648956
1755005400,305.17,305.5,299.8875,301.64,3440070
1755091800,301.7,305.31,301.395,305.07,2999334
1755178200,305.5,309.29,302.7,308.95,4699435
1755264600,310.16,310.16,306.5,308.93,3416604
1755523800,308.37,309.98,306.56,308.7,3272917
1755610200,308.7,314.22,308.45,310.93,2893574
1755696600,313.67,316.155,312.3875,313.08,3880218
1755783000,311.87,313.595,311.17,313.22,2282444
1755869400,314.63,316.8,313.155,314.07,2796930
1756128600,313.73,315.55,311.95,313.44,2944405
1756215000,313.43,315.12,312.3,312.94,2807730
1756301400,313.36,315.72,311.34,311.43,3234836
1756387800,311.12,312.52,309.3473,312.22,3471683
1756474200,312.23,313.9,311.43,313.54,2492471
1756819800,313.05,316.13,312.325,315.76,3228651
1756906200,315.02,316.87,312.98,316.39,3219733
1756992600,317.82,319.425,316.48,316.99,2881528
1757079000,317.365,318.04,313.27,314.38,2533259
1757338200,312.82,313.08,309.76,312.8,2873797
1757424600,311.21,313.7,310.725,312.52,2310842
1757511000,312.09,312.09,304.61,305.94,3479927
1757597400,306.23,308.94,305.25,308.43,2761496
1757683800,307.62,308.5099,305.25,305.4,2072848
1757943000,305.14,305.71,300.5114,302.07,3584545
1758029400,303.5,305.9999,302.7,303.29,3578515
1758115800,304.9,306.58,303.91,304.97,2681606
1758202200,301.47,302.6886,297.88,301.14,4654057
1758288600,301.7,304.8,300.75,302.38,5696853
1758547800,302.32,304.25,300.42,302.99,3657877
1758634200,303.74,304.45,300.315,303.19,2976905
1758720600,302.49,305.98,302.01,304.33,2427617
1758807000,305.88,306.33,301.95,302.3,2558353
1758893400,303.37,305.78,302.01,305.24,2284795
1759152600,305.88,306.105,301.85,302.99,3073835
1759239000,302.75,304.48,302,303.89,2640436
1759325400,303.26,304.77,298.3,300.52,3055347
1759411800,299.6,302.38,298.95,299.88,2690402
1759498200,298.9,301.39,298.663,300.98,2599053
1759757400,299.04,299.645,294.91,296.04,3814151
1759843800,295,298.065,294.1337,296.32,2516057
1759930200,296.38,296.66,293.43,294.4,2464566
1760016600,293.65,295.12,292.04,293.81,2802739
1760103000,294.7,297.9483,292.89,297.01,4016226
1760362200,294.6,300.42,294,300.11,3369584
1760448600,300.16,305.52,300.1101,304.56,2992849
1760535000,303.63,309.1,303.63,305.25,2522103
1760621400,305.79,307.28,304.715,305.33,2021608
1760707800,306.8,308.33,306.3075,308.09,2194185
1760967000,307.95,308.6999,305.84,307.77,2329755
1761053400,308.55,308.55,306.39,307.48,2461407
1761139800,308.22,312.79,307.145,310.11,2735723
1761226200,311.97,311.97,306.22,306.97,2081527
1761312600,307.63,307.7,305.0152,305.79,1994545
1761571800,305.9,310.09,305.34,310,2139674
1761658200,308.54,310.58,306.325,306.4,2336495
1761744600,304.7,304.78,301.215,302.35,2502261
1761831000,300.5,304.39,300.1042,302.43,3128398
1761917400,300,300.71,297,298.43,3582719
1762180200,297.67,297.92,294.435,296.37,3899313
1762266600,298.21,299.75,296.42,299.21,4151259
1762353000,299.555,310.17,299.21,305.67,6070334
1762439400,304.26,306.41,297.51,298.41,3544869
1762525800,300.34,302.55,298.33,299.66,3250197
1762785000,299,300.02,296.04,299.1,3824334
1762871400,300.86,307.285,300.845,306.83,2755799
1762957800,306.78,309.09,305.78,306.94,2818642
1763044200,307.3,310.1,306.5,307.58,2294288
1763130600,308.45,310.75,303.33,307.03,3112574
1763389800,307.17,307.7,304.1,304.9,2435713
1763476200,305.68,308.44,304.16,304.59,2774197
1763562600,304.59,304.8399,302.04,302.74,2008521
1763649000,302.445,305.64,301.87,304.16,4205133
1763735400,306.27,310.535,306.155,309.35,3348908
1763994600,308.99,310.34,304.03,304.9,3687330
1764081000,306.75,311.4589,306.75,310.45,4189915
1764167400,311.57,312.87,309.7246,312.4,2786843
1764340200,312.37,313.3,310.69,311.82,1850687
1764599400,309.48,309.5,303.37,303.57,3354081
1764685800,303.8,303.82,299.59,300.72,3947816
1764772200,302.4,308.7499,302.06,307.71,4986897
1764858600,308.525,313.8,307.32,308.54,4632369
1764945000,308.66,312.05,308.2,311.23,3147587
1765204200,312,313.75,309.05,309.79,3575017
1765290600,310.685,312.7,308.42,310.79,2355256
1765377000,309.5,311.32,306.01,310.53,4104201
1765463400,311.5,312.98,309.06,309.71,4844183
1765549800,310.53,317.79,310.3667,316.72,3771935
1765809000,316.7,319.6599,315.8,318.73,3814860
1765895400,319.11,320.58,314.31,314.5,2972523
1765981800,315.55,319.2,315,318.69,3329002
1766068200,319.375,321.79,318.35,319.65,3335221
1766154600,318.7,319.33,315.75,315.84,7128705
1766413800,315,318.27,314.47,316.22,2514579
1766500200,312.1,314.12,310.63,310.84,2922808
1766586600,310.68,313.4,310.28,313.33,1011483
1766759400,312.98,313.26,309.87,310.68,1308854
1767018600,310.46,311.1,308.22,308.53,2148502
1767105000,307.08,308.64,306.77,308.03,1678742
1767191400,307.78,308.21,305.35,305.63,1903701
1767364200,305.29,305.55,300.2919,303.26,3124487
1767623400,301.25,302.325,299.615,299.86,4573300
1767709800,299.07,304.22,298.33,302.77,3769102
1767796200,305.325,307,303.31,304.16,4100536
1767882600,303.44,309,302.63,308.88,3268280
1767969000,309.04,309.52,304.6,307.32,2971973
1768228200,307.44,307.48,304.17,306.75,3206608
1768314600,305.23,309.66,305.2,309.44,2967887
1768401000,309.44,311.18,305.93,308.13,2949126
1768487400,308.93,308.93,303.8,308.62,3189620
1768573800,306.89,308.525,305.84,307.43,2590593
1768919400,306.44,306.55,302.45,302.84,3017998
1769005800,303.34,305.71,303.14,305.69,3630850
1769092200,306.15,307.63,304.95,306.03,2809356
1769178600,306.1,309.51,305.36,309.25,2350447
1769437800,310,314.36,309.97,312.95,3385352
1769524200,312.32,314.56,311.04,314.13,2506830
1769610600,315,316.2799,311.61,312.8,2184937
1769697000,312.905,317.4,312.26,315.51,3211259
1769783400,315.66,316.05,311.5682,315,2983277
1770042600,319,319.52,315.21,318.53,3309834
1770129000,315.51,322.89,315.51,319.48,4043582
1770215400,321.11,326.945,319.7001,323.69,4805925
1770301800,325.08,328.06,322.95,323.48,3936775
1770388200,322.9,327.54,321.24,327.16,2831866
1770647400,325.94,327.32,323.18,325.6,2674131
1770733800,325.43,328,323.505,325.97,3502928
1770820200,323.58,325.2,320.81,323.21,4553181
1770906600,329.83,333.38,320.15,332.08,6499731
1770993000,332.5,335.67,326.53,327.58,3587877
1771338600,330,332.08,325,327.62,3367458
1771425000,327.27,328.8,323.83,327.89,3661833
1771511400,328.46,333,326.95,327.11,4032263
1771597800,328.03,330.28,325.957,329.23,3862815
1771857000,330.43,335.58,330.25,334.56,3806207
1771943400,335.31,336,332.33,333.05,2757121
1772029800,332,334.15,330,333.01,2812679
1772116200,334.87,336.94,333.11,334.53,2425874
1772202600,335.57,341.35,335.57,341.06,4269118
1772461800,341.06,341.75,334.4101,334.82,4555391
1772548200,330.09,332.17,327.7,332.17,2901086
1772634600,331.74,332.83,329.605,331.74,2455854
1772721000,329.8,330.81,324.12,327.45,4324376
1772807400,326.29,328.33,321.32,328.06,3341442
1773063000,325.8,331.7,324.58,330.8,3407454
1773149400,328.34,329.65,326.71,327.94,2391384
1773235800,327.03,327.65,322.415,325.21,2202029
1773322200,323.25,327.315,322.01,323.91,2639948
1773408600,324.98,326.96,324.48,326.46,2449753
1773667800,327.84,328.7099,326.51,326.65,2584631
1773754200,327.34,330.4899,326.12,326.3,2437814
1773840600,323.77,324.5,315.24,315.73,3038355
1773927000,315.99,316.73,309.33,309.58,3362267
1774013400,309.8,311.37,307.62,308.85,6436566
1774272600,313.47,313.99,308.05,308.47,3003246
1774359000,306.39,311.19,304.78,307.84,2955311
1774445400,310.06,312.94,308.11,311.7,3714395
1774531800,310.75,312.71,308.8,308.93,3025715
1774618200,309.75,309.97,305.33,305.9,3137152
1774877400,308.7,310.79,307.64,308.53,3569617
1774963800,310.23,311.68,307.54,310.79,3021254
1775050200,310.17,311,304,307.29,3887414
1775136600,306.83,307.5,303.03,307.14,2649053
1775482200,306.06,310.31,305.805,309.76,1815978
1775568600,310.27,310.3,304.215,304.85,2033746
1775655000,307.16,308.25,303.1,307.01,4155111
1775741400,305.19,311.1,303.99,309.55,2484731
1775827800,307.3,308.703,304.18,305.68,2708591
1776087000,304.22,304.8999,302.1,304.51,2872060
1776173400,303.02,303.58,301.53,303.22,3150078
1776259800,303.27,306.94,303,306.26,2976505
1776346200,306.58,308.27,304.57,306.96,2334795
1776432600,307.31,312.54,307.2,311.36,3225453
1776691800,312.15,312.53,305.95,306.94,2395212
1776778200,305.55,306.15,300.97,301.84,2708133
1776864600,302.05,302.91,299.83,300.07,2845610
1776951000,302.5,304.89,301.92,302.53,3064344
1777037400,302.29,302.59,299.22,299.36,3847761
1777296600,297.79,298.53,290.19,290.21,4984980
1777383000,292.2,294.65,291.03,292.39,4087066
1777469400,291.3,292.51,289.3,290.08,3492958
1777555800,290.55,294.52,290.23,293.59,4137678
1777642200,294.7,295.575,286.3635,286.64,3761818
1777901400,286.32,289.75,283.69,284.1,3750521
1777987800,284.4,286.5598,283.02,285.17,4007062
1778074200,287.17,288.5,282.4,284.1,4807877
1778160600,287.83,291.4,282.15,283.7,6613751
1778247000,285,286.5,274.83,275.75,6044095
1778506200,275.83,276.74,271.975,274.6,5848956
1778592600,278.2,279.25,274.77,274.84,4366573
1778679000,274.5,277.5,273.24,275.7,3450992
1778765400,277.8,277.8,274.3,274.97,3428211
1778851800,276,277.5,275.02,276.39,3866439
1779111000,275.82,282.8,275.15,282.47,3969349
1779197400,283.4,285.32,280.29,280.8,4087481
1779283800,280.29,281.02,276.4,280.27,4056893
1779370200,281.05,285.15,279.945,284.18,5116300
1779456600,283,283.73,280.405,282.27,3059029
1779802200,281.02,282.02,278.71,279.26,4230583
1779888600,280.24,283.55,279.85,280.92,3810511
1779975000,280.01,280.22,277.52,277.97,4121605
1780061400,277.78,281.42,277.42,279.2,4906052
1780320600,278.1175,278.89,273.4,276.11,4594565
1780407000,273.33,278.01,272.95,276.36,4211584
1780493400,275.77,276.85,273.29,273.29,5011102
1780579800,277.8,278.5,271.85,272.72,3541623
1780666200,274.4,280.7624,274.4,279.84,5428103
1780925400,278.105,280.18,277.145,277.78,3842279
1781011800,277.61,285.31,276.0401,282.25,5431682
1781098200,284.32,286.45,282.3,282.52,4152714
1781184600,282.84,286.25,281.04,284.77,4565419
1781271000,286,287.6628,284.027,284.81,4028820
1781530200,284.23,288.235,283.6,286.12,4388454
1781616600,288,289.29,285.085,287.93,3874281
1781703000,285.5,287.29,282.97,283.82,3591036
1781789400,284.38,284.76,277.93,278.61,8106427
1782135000,277,277.545,270.08,270.1,4891108
1782221400,273.89,274.25,270.5101,271.66,3783450
1782307800,272.17,276.06,271.22,273.88,4698722
1782394200,272.69,273.34,264.53,264.54,6199621
1782480600,264.77,270.79,264.55,269.76,7422837
1782739800,270.19,272.5,265.6,267.18,4521968
1782826200,268.2,271.19,267.39,270.31,4752618
1782912600,270.25,272.45,268.9,269.43,3902056
1782999000,271.8,280.63,269.86,280.63,6875860
1783344600,280.06,281.02,273.58,279.5,6743955
1783431000,283.8,287.1,281.38,282.21,3688504
1783517400,281.27,281.62,276.24,278.25,4735877
1783603800,276.06,277.58,272.92,276.49,3605407
1783690200,278.21,278.4,272.495,274.6,2980793
1783949400,276.015,276.015,271.33,272.61,4169604
1784035800,272,273.8098,268.3175,268.94,3834474
1784122200,268,270.28,264.09,264.95,6050880
1784208600,266.75,273.59,265.99,273.46,4812000
1784295000,275,276.36,267.19,267.71,3782038
1784554200,269.75,270,266.26,267.64,3693397
1784640600,266.52,266.8677,263.65,263.91,3539481
1784727000,265.7,265.97,261.85,263.57,4524366
1784813400,261.58,264.02,260.96,262.8,5105736
1784899800,263.79,266.46,262.9,264.76,3703505
1785159000,267.5,271.165,266.8,270.67,4875820
1785245400,276.21,278.7,271.63,273.02,5264051
1785331800,272.63,273.03,270.2501,271.52,3654546
1785418200,270.49,271.8,266.31,268.44,4043084
1785504600,267.12,271.07,265.52,270.64,4965185
1785763800,275.71,276.33,265.23,265.23,7440520
1785850200,270.33,271.53,264.305,268.34,7485981
1785936600,271.64,275.3,269.01,274,4775330
1786023000,276,276.83,271.76,276.26,4214853
1786109400,274.51,276.87,273.285,274.48,4909675
1786368600,274.14,275.75,270.36,273.72,4742134
1786455000,273.23,274.21,271.32,274.15,3030625
1786541400,271.93,276.2,268.76,275.7,4351711
1786627800,277.38,278.37,272.15,272.25,4023311
1786714200,272.33,275.34,271.27,272.83,2735392
1786973400,270.22,270.82,265.14,265.53,4911774
1787059800,267.47,270.21,266.84,266.99,3089165
1787146200,266.35,271.87,266.0898,267.45,5351586
1787232600,267.57,271.88,266.91,269.13,3526269
1787319000,269.3,271.25,268.11,270.95,3779916
1787578200,272.15,273.42,270.5912,272.54,4118235
1787664600,272.46,272.6,267.98,268.1,3196777
1787751000,268.5,269.0572,266.11,266.93,4188883
1787837400,265.49,265.73,259.85,260.06,5980415
1787923800,261.33,265.1,260.32,265,3891302
1788183000,265,266.07,263.385,263.54,5244145
1788269400,262.75,264.5,260.74,261.11,3704420
1788355800,261.96,262.7752,260.18,260.95,5110078
1788442200,261.57,262.09,256.121,259.63,4581563
1788528600,258.01,258.5,255.49,255.69,4225531
1788874200,254.39,256.805,254.28,255.81,4206173
1788960600,255.5,256.5,253.3458,253.48,4439046
1789047000,255.04,255.56,252.54,253.05,4351900
1789133400,253.98,254.73,252.15,252.53,4104896
