t,o,h,l,c,v
1412688600,32.41,32.87,31.85,31.865,28831846
1412775000,31.9,32.4,30.864,32.32,28069304
1412861400,32.12,32.18,30.41,30.64,35910826
1412947800,29.75,29.87,27.59,27.79,85752738
1413207000,28.59,28.86,27,27.03,44360624
1413293400,27.79,28.41,27.22,27.39,41365591
1413379800,26.8,28,26.32,27.54,50523290
1413466200,27.33,28.86,27.19,28.3,42111567
1413552600,28.91,29.73,28.57,28.765,34717116
1413811800,29.11,29.73,28.81,29.69,22357837
1413898200,30.4,31.34,30.16,31.19,40875105
1413984600,31.52,31.55,30.32,30.57,25500608
1414071000,31.04,31.37,30.57,30.89,22071147
1414157400,30.98,31.12,30.61,31.06,17763804
1414416600,31.96,32.38,31.66,32.3,26775910
1414503000,32.51,32.67,32.15,32.61,20981031
1414589400,32.5,32.65,31.86,32.28,21418724
1414675800,31.75,32.08,30.94,31.82,26761018
1414762200,32.9,33.35,32.62,33.09,28541397
1415025000,33.19,33.91,32.98,33.51,19657739
1415111400,33.48,33.59,32.9,33.37,16503870
1415197800,33.51,33.76,33.1101,33.71,23137170
1415284200,33.5,33.79,33.15,33.35,23576567
1415370600,33.31,33.38,32.3199,33.01,19337543
1415629800,32.93,33.11,32.62,33.09,13827343
1415716200,32.98,33.38,32.89,33.2,11285655
1415802600,33.05,33.17,32.8,32.91,14322363
1415889000,32.98,33.21,32.75,32.94,10851337
1415975400,32.94,32.94,32.13,32.62,17434575
1416234600,31.9,32.4099,31.69,32.29,18259266
1416321000,32.3,33.15,32.3,32.87,15539673
1416407400,32.93,33.22,32.335,32.96,14590180
1416493800,32.73,33.48,32.4946,33.21,13613313
1416580200,33.71,34.39,33.5201,34.3,25563115
1416839400,34.41,35.25,34.26,34.73,24974447
1416925800,34.77,34.98,34.4,34.8,13985174
1417012200,34.63,35.67,34.62,35.62,18291122
1417185000,35.84,36.22,35.72,35.95,11645732
1417444200,35.98,36.14,34.94,34.99,21342294
1417530600,35.05,35.77,34.64,35.605,14281539
1417617000,35.9,36.35,35.74,36.1,29011484
1417703400,36.03,36.5,35.67,36.07,16489038
1417789800,36.09,36.5,36.015,36.49,14114821
1418049000,36.46,36.59,35.7,36.02,15815273
1418135400,34.85,35.71,34.54,35.655,16503476
1418221800,35.44,35.65,34.78,34.86,17037862
1418308200,35.16,35.82,34.895,35.19,13280098
1418394600,34.92,34.93,33.97,34,19798884
1418653800,34.35,34.45,33.25,33.355,27305711
1418740200,32.9,33.92,32.37,32.915,28611553
1418826600,33.08,33.9,32.5,33.83,19434642
1418913000,34.62,34.79,34.05,34.45,18200620
1418999400,34.59,34.8,34.13,34.49,18469622
1419258600,34.75,35,34.5,34.635,12687924
1419345000,34.92,35.19,34.76,34.97,10948957
1419431400,35.03,35.1,34.62,34.91,4672964
1419604200,35.03,35.23,34.98,35,6883684
1419863400,35.27,35.685,35.08,35.53,12365816
1419949800,35.43,35.74,35.3,35.4,11480533
1420036200,35.45,35.53,35,35.01,10714301
1420209000,35.24,35.52,34.34,34.75,15138243
1420468200,34.71,34.74,33.75,33.775,23706638
1420554600,34.1,34.23,32.63,32.87,40092019
1420641000,31.53,32.975,31.45,32.1,52552340
1420727400,32.56,33.87,32.55,33.67,31947111
1420813800,33.76,33.87,32.96,33.525,19328525
1421073000,32.39,32.99,31.4,31.66,41982709
1421159400,31.92,32.2,30.645,30.835,40260451
1421245800,30.27,31.2,29.8,30.05,35766056
1421332200,30.25,30.42,29.27,29.3,28512434
1421418600,29.145,29.26,28.51,28.99,58433281
1421764200,29.51,30.02,29.35,29.67,29884176
1421850600,29.5,30.74,29.5,30.49,27258655
1421937000,30.45,30.95,30.23,30.89,22299238
1422023400,30.89,31.13,30.46,30.95,21161818
1422282600,30.54,31.02,30.21,31.02,19175542
1422369000,30.43,30.45,29.3899,29.65,27587854
1422455400,30,30.19,29.03,29.095,21685204
1422541800,29.29,29.83,28.86,29.71,30282696
1422628200,29.4,29.8,29.07,29.265,23451622
1422887400,29.25,29.39,28.09,28.435,34019576
1422973800,28.57,29.09,28.48,28.945,24009174
1423060200,28.81,29.24,28.7,29.03,20932849
1423146600,29.3,29.52,29.12,29.49,19785893
1423233000,29.54,29.9,28.86,28.91,18744143
1423492200,28.77,28.77,28.24,28.35,22390262
1423578600,29.1,31.14,29,31.09,43830964
1423665000,31.09,31.58,30.45,31.02,29782243
1423751400,31.06,32.05,30.94,31.94,23793236
1423837800,32.21,32.4,31.34,31.85,18739176
1424183400,32.31,32.84,32.22,32.33,19877408
1424269800,32.26,32.5,32.03,32.17,12348425
1424356200,32.12,32.2,31.72,31.81,13430963
1424442600,31.74,32.045,31.27,32.03,16531468
1424701800,31.86,31.91,31.2682,31.4,13867905
1424788200,30.14,30.95,28.79,30.77,54984960
1424874600,30.6,30.92,30.3514,30.48,16774689
1424961000,30.54,30.97,30.36,30.62,14932004
1425047400,30.97,31.21,30.62,30.67,15651235
1425306600,31.08,31.495,30.99,31.24,18443179
1425393000,30.38,30.69,29.38,29.66,28945689
1425479400,29.72,29.76,28.82,29.265,26708955
1425565800,29.45,29.84,28.97,29.28,24007735
1425652200,29.22,29.27,28.39,28.5,28301995
1425907800,28.54,28.78,27.91,28.66,17562996
1425994200,28.1,28.32,27.46,27.61,29748958
1426080600,27.93,28.18,27.61,27.88,17471572
1426167000,27.11,28.38,27.1,28.02,19567667
1426253400,27.97,28.77,27.96,28.715,23678740
1426512600,28.97,29.26,28.22,28.505,18183933
1426599000,27.73,27.98,27.46,27.66,24932375
1426685400,28.01,28.35,27.6,28.16,24544827
1426771800,28.1,28.23,27.92,28.05,21656559
1426858200,28.32,28.76,28.11,28.68,23608218
1427117400,28.47,28.51,27.8201,28.02,18699359
1427203800,28.11,28.35,27.88,27.96,15670770
1427290200,27.86,27.87,26.4,26.57,35874028
1427376600,25.76,27.17,25.61,26.66,44702370
1427463000,26.93,27.14,26.05,26.675,30908987
1427722200,26.73,26.96,26.46,26.68,26142921
1427808600,26.71,27.31,26.61,27.13,25292130
1427895000,27.13,27.35,26.77,27.13,39424694
1427981400,27.75,27.76,26.71,26.725,41390489
1428327000,26.5,27.445,26.4,27.43,22460891
1428413400,27.35,27.45,26.86,26.87,17820551
1428499800,26.58,27.3528,26.49,27.13,22105764
1428586200,27.07,27.86,27.01,27.815,18660009
1428672600,27.8,28.17,27.8,28.02,19698695
1428931800,28.02,28.15,27.78,27.88,13636811
1429018200,27.73,27.9,27.41,27.72,16671924
1429104600,28,28.45,27.88,28.17,20138852
1429191000,27.9,28.18,27.77,28.01,16393469
1429277400,27.75,28.08,27.6,28.02,18157111
1429536600,28.12,28.39,28.01,28.26,19901015
1429623000,28.33,28.59,28.16,28.55,22172036
1429709400,28.58,29.75,28.56,29.495,29662827
1429795800,28.93,29.78,28.8601,29.515,22039721
1429882200,29.74,29.74,28.89,29.2,18764299
1430141400,29.25,29.66,29.14,29.265,14871378
1430227800,29.22,29.45,28.76,28.99,12372032
1430314200,28.7,28.99,28.51,28.87,10964310
1430400600,28.79,28.85,27.85,28.13,18988895
1430487000,28.31,29.25,28.31,28.99,16701132
1430746200,29.07,29.15,28.49,28.67,13909551
1430832600,28.27,28.36,27.83,28.04,19347341
1430919000,28.22,28.295,27.44,27.99,19770733
1431005400,27.8,27.9,26.89,27.27,29689317
1431091800,27.37,27.43,26.76,27.18,34955419
1431351000,27.13,28.09,26.86,27.75,24591243
1431437400,27.55,27.58,26.86,26.87,19518832
1431523800,27.34,27.66,27.08,27.19,17530501
1431610200,27.33,27.52,26.47,26.69,32201120
1431696600,26.53,26.63,26.01,26.33,25864856
1431955800,26.16,26.83,26.04,26.76,20150040
1432042200,26.83,26.93,26.06,26.31,19527021
1432128600,26.47,26.99,26.255,26.59,22866335
1432215000,26.62,27.14,26.34,26.9,17258148
1432301400,27.225,27.65,27.21,27.33,20360307
1432647000,27.22,27.48,27.03,27.32,14966606
1432733400,27.43,28.42,27.39,28.13,23441799
1432819800,28.19,28.62,28.11,28.28,18667001
1432906200,28.42,28.42,27.93,27.93,18451268
1433165400,27.96,28.53,27.81,28.42,20206394
1433251800,28.36,28.41,27.77,27.79,18228003
1433338200,28,28.01,27.01,27.08,29623360
1433424600,26.9,27.24,26.7099,26.985,22186159
1433511000,27,27,26.5,26.59,16585396
1433770200,26.51,26.63,25.8,25.92,23252583
1433856600,25.91,25.95,24.94,25.19,39816660
1433943000,25.52,25.59,25.03,25.19,23802909
1434029400,25.2,25.3899,24.97,25.02,25793546
1434115800,24.89,25.38,24.71,25.13,21123900
1434375000,24.22,24.25,23.7,24.24,44190248
1434461400,24.05,24.32,23.88,24.24,19173054
1434547800,24.3,24.68,24.23,24.48,17951714
1434634200,24.64,24.82,24.43,24.465,21570828
1434720600,24.8,24.97,24.46,24.47,25589259
1434979800,24.14,24.71,24,24.63,26231155
1435066200,24.63,24.855,24.38,24.49,16168897
1435152600,24.44,24.49,24,24.06,21243663
1435239000,24.13,24.24,23.655,24.02,38347834
1435325400,20.27,20.6,19.43,19.66,149010345
1435584600,19.34,19.6,18.6,18.73,49126054
1435671000,18.89,19.1,18.55,18.84,34683928
1435757400,19.05,19.1,18.63,18.78,25027123
1435843800,18.83,19.38,18.81,19.07,26178060
1436189400,18.84,18.98,18.23,18.32,37875804
1436275800,18.13,18.36,17.37,18.2,46293247
1436362200,17.96,17.98,17.49,17.63,30898907
1436448600,17.87,18.01,17.14,17.15,47087077
1436535000,17.33,17.65,17.15,17.57,24282875
1436794200,17.83,17.85,17.39,17.61,35788069
1436880600,19.76,19.84,19,19.61,103878597
1436967000,19.49,19.65,18.77,18.89,41983208
1437053400,19.25,19.7388,19.09,19.61,34717212
1437139800,19.53,20.24,19.37,20.12,34081329
1437399000,20.08,20.08,18.775,18.89,41989277
1437485400,18.84,19.11,18.51,18.88,29340299
1437571800,18.53,18.63,17.85,18,43635067
1437658200,18.33,18.93,18.3,18.7,32805214
1437744600,18.6,18.7,18.065,18.34,21567411
1438003800,18.1,18.67,17.57,18.12,27584063
1438090200,18.35,20.08,18.2,19.75,51809485
1438176600,19.98,20.57,19.67,19.87,41557949
1438263000,19.75,20.1,19.46,19.9,31248653
1438349400,20.02,20.03,18.47,18.51,55074887
1438608600,18.61,19.39,18.59,19,32958265
1438695000,19.17,19.19,18.6,19.01,19934519
1438781400,19.18,19.47,18.88,18.91,23370837
1438867800,18.93,18.96,18.45,18.72,29928553
1438954200,18.45,18.53,18,18.44,23718250
1439213400,18.58,18.96,18.32,18.82,25232391
1439299800,18.63,18.63,17.68,17.88,22959210
1439386200,17.65,18.3315,17.52,18.19,20484514
1439472600,18.23,18.38,17.67,17.7,15468644
1439559000,17.76,17.99,16.82,16.95,37248183
1439818200,16.47,17.26,16.12,17.22,33000954
1439904600,17,17,16.27,16.38,32424349
1439991000,16.24,16.35,15.88,15.9,36873998
1440077400,15.35,15.37,14.66,14.74,54864211
1440163800,14.39,15.25,14.24,14.53,43715791
1440423000,13.81,15.37,13.5,14.44,54531966
1440509400,15.18,15.34,14.26,14.27,38655096
1440595800,14.61,14.75,14.11,14.42,43819738
1440682200,14.63,15.93,14.63,15.67,42971809
1440768600,16.25,16.54,15.61,15.96,34099384
1441027800,15.91,16.6851,15.46,16.41,32916850
1441114200,15.8,16.21,15.68,15.82,27914151
1441200600,16.09,16.31,15.74,16.29,23478540
1441287000,16.39,17.21,16.255,16.59,26377229
1441373400,16.3,17.3,16.26,16.82,32420836
1441719000,17.55,17.75,17.05,17.53,26817016
1441805400,17.9,17.97,16.84,16.96,32951118
1441891800,16.81,17.42,16.71,17.2,20814271
1441978200,17.02,17.17,16.7072,16.8,22107586
1442237400,16.9,16.92,16.36,16.7,15178741
1442323800,16.86,16.86,16.46,16.52,21319391
1442410200,16.46,16.705,16.31,16.68,22363222
1442496600,16.68,16.81,16.31,16.41,22827633
1442583000,16.08,16.19,15.36,15.5,36698238
1442842200,15.62,15.98,15.46,15.75,19024495
1442928600,15.35,15.815,15.17,15.41,22763938
1443015000,15.43,15.4345,14.8,14.81,22567864
1443101400,14.8,15.52,14.6,15.34,32800793
1443187800,15.34,15.59,14.65,14.91,28917267
1443447000,14.67,14.73,13.92,14.06,30448563
1443533400,14.26,14.69,14.15,14.38,25529152
1443619800,14.73,15.33,14.7,14.98,28066304
1443706200,14.99,15.04,14.5,14.77,37460484
1443792600,15.22,15.95,15.15,15.91,49688212
1444051800,16.32,17.84,16.2,17.57,63718650
1444138200,17.63,18.3,17.341,18.22,52109956
1444224600,18.39,18.9228,18.22,18.62,41913528
1444311000,18.59,19.0989,18.45,18.72,33619570
1444397400,18.63,18.85,17.9,18.16,23392503
1444656600,18.54,18.63,17.72,18.03,22494695
1444743000,17.81,18.555,17.74,18.18,21778465
1444829400,18.77,19.3,18.521,18.82,34627894
1444915800,18.87,19.15,18.5,18.66,20397672
1445002200,18.74,18.83,18.23,18.5,15587130
1445261400,18.37,19.22,18.32,19.16,27543294
1445347800,18.9,19.05,16.61,17.09,67592468
1445434200,16.49,16.93,15.93,16.43,49193490
1445520600,16.4,17.01,16.07,16.72,33986076
1445607000,16.9,17.32,16.81,17.24,22439416
1445866200,17.16,17.25,16.5,16.58,14901422
1445952600,16.52,16.8,16.52,16.68,14697555
1446039000,16.8,17.11,16.5837,16.92,15151668
1446125400,16.69,16.74,16.19,16.21,17073818
1446211800,16.38,16.62,16.2,16.56,19248404
1446474600,16.96,17.29,16.8,17.09,18767115
1446561000,17.1,17.99,17.09,17.835,22131514
1446647400,18.05,18.05,17.1,17.44,19246886
1446733800,17.52,17.715,16.36,16.51,26766959
1446820200,16.44,16.765,16.1,16.45,18047826
1447079400,16.36,16.4499,15.8,15.84,23642983
1447165800,15.74,15.85,15.42,15.545,24591720
1447252200,15.64,15.79,15.47,15.5,16199810
1447338600,15.28,15.75,15.28,15.35,14296775
1447425000,15.3,15.38,14.86,15,21071244
1447684200,14.95,15.2,14.65,14.89,23731826
1447770600,15.03,15.73,14.94,15.28,25249605
1447857000,15.39,15.69,15.3,15.61,20071348
1447943400,15.71,16.28,15.71,15.87,18278894
1448029800,16,16.1,15.335,15.43,24068891
1448289000,15.54,15.67,15.07,15.32,14048988
1448375400,15.22,15.6625,15.15,15.63,12222478
1448461800,15.4,15.7799,15.35,15.58,10003319
1448634600,15.55,15.6399,15.47,15.56,5018952
1448893800,15.59,16.01,15.5,15.93,13495276
1448980200,16.18,16.63,16.12,16.55,20138338
1449066600,16.49,16.59,15.72,15.82,16121138
1449153000,15.95,16.2,15.5,15.61,15210101
1449239400,15.54,15.93,15.4,15.5,19068501
1449498600,15.35,15.47,14.71,14.85,23579078
1449585000,14.61,14.7,14.42,14.6,18187971
1449671400,14.6,14.67,14.24,14.32,20917072
1449757800,14.29,14.795,14.26,14.66,14816962
1449844200,14.32,14.44,13.99,14.04,23718101
1450103400,14.43,14.48,13.51,13.66,35210609
1450189800,13.77,14.37,13.74,14.18,26455808
1450276200,14.36,14.45,13.78,14.07,21968209
1450362600,14.65,14.77,14.25,14.32,29024397
1450449000,14.38,14.725,14.26,14.36,38534155
1450708200,14.44,14.79,14.33,14.77,22217309
1450794600,14.8,14.95,14.52,14.61,27101144
1450881000,13.72,14.3,13.55,14.3,59121392
1450967400,14.2,14.59,14.19,14.48,14285507
1451313000,14.45,14.51,14.05,14.19,17658506
1451399400,14.35,14.51,14.23,14.34,16104232
1451485800,14.27,14.44,14.1,14.16,10943662
1451572200,14.1,14.29,14.03,14.16,13249373
1451917800,13.83,14.36,13.81,14.33,22622344
1452004200,14.42,15.08,14.36,14.82,29806688
1452090600,14.5,14.685,14.11,14.22,26835066
1452177000,13.86,14.27,13.63,13.66,26029226
1452263400,13.78,13.9477,13.29,13.33,29064233
1452522600,13.37,13.46,12.21,12.53,43159136
1452609000,12.72,13.24,12.4,12.72,25671317
1452695400,12.78,12.97,11.91,12.06,35319840
1452781800,12.08,12.26,11.53,12.02,35810369
1452868200,11.35,11.66,10.91,11.08,37164602
1453213800,11.28,11.365,10.71,10.8,38131273
1453300200,10.38,10.39,9.31,10.05,65210408
1453386600,10.45,10.9,10.13,10.85,52299097
1453473000,11.18,11.57,10.88,11.07,35091286
1453732200,11.06,11.17,10.47,10.48,23874846
1453818600,10.55,10.715,10.355,10.55,26179459
1453905000,10.5,10.8301,10.32,10.39,23013482
1453991400,10.48,10.55,9.71,9.885,37390362
1454077800,9.99,11.05,9.94,11.03,38448149
1454337000,11,11.095,10.51,10.96,25824811
1454423400,10.8,11.07,10.48,10.59,22090260
1454509800,10.67,10.86,10.1801,10.76,18098114
1454596200,10.71,11.55,10.7,11.23,26164118
1454682600,11.15,11.38,10.76,11,22658142
1454941800,10.71,10.76,9.94,10.17,27424357
1455028200,10.01,10.34,9.75,9.98,30178641
1455114600,10.08,10.28,9.8222,9.9,22090512
1455201000,9.72,9.95,9.45,9.69,27105704
1455287400,9.88,10.24,9.48,10.02,23857045
1455633000,10.36,10.87,10.31,10.81,27494145
1455719400,10.97,11.65,10.92,11.43,34404731
1455805800,11.57,11.75,11.32,11.49,21616107
1455892200,11.39,11.39,10.95,11.16,17907142
1456151400,11.37,11.44,10.9,11.05,20001687
1456237800,11,11.08,10.39,10.49,22686754
1456324200,10.25,10.67,10.06,10.64,18551792
1456410600,10.67,10.74,10.21,10.72,16153868
1456497000,10.79,11,10.57,10.7,16418780
1456756200,10.65,10.89,10.52,10.63,20720002
1456842600,10.77,11.1,10.59,11.07,15638679
1456929000,11.01,11.685,10.97,11.68,18197482
1457015400,11.73,11.85,11.6,11.79,16323307
1457101800,11.8,12.29,11.6,11.88,35279464
1457361000,11.46,11.78,11.05,11.58,27783251
1457447400,11.44,11.45,10.65,10.66,29648369
1457533800,10.76,10.91,10.53,10.81,15133844
1457620200,10.95,11.06,10.66,10.88,17770398
1457706600,10.99,11.4,10.85,11.39,17261187
1457962200,11.34,11.34,11.01,11.15,13531318
1458048600,11.15,11.15,10.72,10.85,15156512
1458135000,10.71,10.89,10.55,10.72,20471789
1458221400,10.72,11,10.6,10.87,19976779
1458307800,10.84,11.17,10.75,11.14,44827093
1458567000,11.14,11.6,11.075,11.53,18083037
1458653400,11.45,11.6,11.33,11.44,13463376
1458739800,11.43,11.46,10.63,10.65,29424325
1458826200,10.5,10.6,10.33,10.5,22822757
1459171800,10.5,10.59,10.25,10.38,22898770
1459258200,10.18,10.53,10.1,10.45,30891551
1459344600,10.51,10.95,10.4,10.48,35166672
1459431000,10.31,10.49,10.01,10.47,48134180
1459517400,10.28,11.07,10.24,11.03,28458283
1459776600,11.06,11.22,10.775,10.8,22475232
1459863000,10.63,10.72,10.38,10.4,20760252
1459949400,10.42,10.48,10.25,10.47,18412989
1460035800,10.42,10.65,10.39,10.51,19470184
1460122200,10.64,10.89,10.57,10.72,18949993
1460381400,10.75,10.92,10.44,10.45,18258001
1460467800,10.51,10.54,10.05,10.17,25679556
1460554200,10.3,10.9,10.2,10.88,26108935
1460640600,10.79,10.79,10.39,10.4,17778063
1460727000,10.73,10.78,10.46,10.69,25325159
1460986200,10.63,11.1,10.56,10.89,26372815
1461072600,11.08,11.08,10.6,10.72,21005663
1461159000,10.63,10.77,10.5,10.75,19268560
1461245400,10.8,10.89,10.595,10.65,15629486
1461331800,10.66,10.81,10.5,10.66,18715196
1461591000,10.67,10.88,10.475,10.55,22500034
1461677400,10.82,11.65,10.71,11.51,47098054
1461763800,11.34,11.61,11.2,11.56,24353409
1461850200,11.53,12.405,11.52,11.62,41186388
1461936600,11.63,11.69,10.645,10.75,40162144
1462195800,10.8,10.86,10.43,10.62,23794773
1462282200,10.49,10.62,10.25,10.36,27847586
1462368600,10.25,10.49,9.8,10,40867211
1462455000,10.06,10.4,10.01,10.06,26456328
1462541400,9.98,10.21,9.85,9.99,20963287
1462800600,10,10.07,9.7601,9.87,20476720
1462887000,9.94,10.11,9.835,10.09,19608163
1462973400,10.02,10.33,10.01,10.1,17808370
1463059800,10.15,10.26,9.35,9.63,41066565
1463146200,9.66,9.79,9.41,9.56,21517340
1463405400,9.61,9.69,9.51,9.68,16247585
1463491800,9.65,9.92,9.495,9.67,22112070
1463578200,9.68,10.28,9.68,10.05,27017481
1463664600,10,10.26,9.915,10.07,18852915
1463751000,10.31,10.8125,10.28,10.8,31189686
1464010200,10.84,11.17,10.82,11.14,28369196
1464096600,11.31,11.5,11.16,11.49,25437300
1464183000,11.59,11.78,11.42,11.6,29207673
1464269400,11.71,12.03,11.69,11.95,23644073
1464355800,11.97,12.43,11.825,12.31,29838426
1464701400,12.66,12.91,12.255,12.72,49604325
1464787800,12.61,13.09,12.31,13.09,35762055
1464874200,12.95,13.205,12.75,13.11,31941886
1464960600,13.02,13.04,12.63,12.86,28326022
1465219800,12.89,13.04,12.76,12.77,24861230
1465306200,12.83,13.15,12.81,13,21409543
1465392600,13.08,13.09,12.51,12.58,25869795
1465479000,12.47,12.7,12.235,12.51,21881739
1465565400,12.32,12.37,12.045,12.14,21439308
1465824600,12,12.355,11.94,12.05,15570211
1465911000,12.07,12.32,11.735,11.92,21913156
1465997400,12.16,12.25,11.95,12.02,17491711
1466083800,11.87,11.985,11.575,11.95,22453124
1466170200,11.97,12.35,11.95,12.2,20604243
1466429400,12.51,12.66,12.29,12.32,21481659
1466515800,12.54,12.83,12.42,12.75,25060548
1466602200,12.78,13.04,12.67,12.72,26968150
1466688600,13.41,14.16,13.41,14.05,71202971
1466775000,13.5,13.85,13.13,13.21,77486062
1467034200,13.13,13.24,12.1,12.23,45939547
1467120600,12.64,13.045,12.62,12.99,34838098
1467207000,13.3,13.418,12.9407,13.19,36879795
1467293400,13.34,13.78,13.22,13.76,48486133
1467379800,12.58,12.9,12.31,12.5,68847094
1467725400,12.38,12.45,11.8,11.91,37298860
1467811800,11.76,11.85,11.5,11.73,35747849
1467898200,11.9,12.55,11.89,12.2,33457144
1467984600,12.39,12.72,12.38,12.62,27955735
1468243800,12.79,12.98,12.61,12.64,22797147
1468330200,13,13.455,12.98,13.23,35226755
1468416600,13.24,13.39,13.07,13.29,23067396
1468503000,13.5,13.55,13.27,13.29,18698912
1468589400,13.31,13.5,13.04,13.13,18046227
1468848600,13.25,13.36,13.09,13.34,17180502
1468935000,13.22,13.26,13.05,13.22,30569879
1469021400,13.33,13.62,13.24,13.59,35665960
1469107800,13.48,13.5,13.08,13.18,16734740
1469194200,13.21,13.23,13.015,13.13,18755858
1469453400,14,14.33,13.88,13.92,51356951
1469539800,14,14.69,13.9345,14.67,38959762
1469626200,14.85,14.89,14.055,14.19,35035816
1469712600,14.13,14.19,13.7,13.81,25504204
1469799000,13.91,13.94,13.62,13.74,21792899
1470058200,13.81,13.92,13.55,13.56,16363941
1470144600,13.55,13.58,13.02,13.4,23707639
1470231000,13.27,13.5762,13.27,13.51,17316605
1470317400,13.61,14.195,13.6,14.03,23400072
1470403800,14.22,14.78,14.2,14.52,29098372
1470663000,14.53,14.72,14.38,14.42,16163524
1470749400,14.56,14.7,14.4,14.48,12573716
1470835800,14.48,14.5,14.03,14.2,15003183
1470922200,14.25,14.485,14.21,14.43,14451251
1471008600,14.46,14.99,14.4301,14.93,24909905
1471267800,15.09,15.695,15.08,15.53,29105196
1471354200,15.58,15.59,15.23,15.49,21872688
1471440600,15.53,15.76,15.46,15.52,22552119
1471527000,15.55,15.8,15.51,15.77,16590746
1471613400,16.16,16.45,16.03,16.25,35059370
1471872600,16.15,16.43,15.91,16.19,22145768
1471959000,16.27,16.54,16.14,16.18,23741423
1472045400,16.2,16.24,15.38,15.51,26686933
1472131800,15.9,16.55,15.88,16.2,34837771
1472218200,16.34,16.805,16.285,16.51,24243670
1472477400,16.92,17.25,16.61,16.91,34467790
1472563800,17,17.01,16.51,16.74,23620941
1472650200,16.7,16.74,16.14,16.49,21963655
1472736600,16.61,16.8,16.3,16.64,15719453
1472823000,16.96,16.97,16.57,16.7,16099536
1473168600,16.8,17.08,16.75,17.01,22998632
1473255000,17.21,17.35,17.02,17.16,23023491
1473341400,17.18,17.8557,16.88,17.45,39212054
1473427800,17.33,17.74,16.69,16.81,31389592
1473687000,16.61,17.195,16.37,17.15,28239183
1473773400,16.92,17.145,16.46,16.75,24345814
1473859800,16.88,17.08,16.6544,16.93,18635625
1473946200,16.9,17.46,16.8501,17.45,24321661
1474032600,18.08,18.08,17.34,17.48,37447381
1474291800,17.63,17.77,16.85,16.95,23999927
1474378200,17.05,17.27,16.72,16.92,17775812
1474464600,17.25,17.7,17.23,17.66,31384949
1474551000,17.89,18.05,17.41,17.59,25278043
1474637400,17.45,17.736,17.43,17.48,17947621
1474896600,17.35,17.6,17.18,17.36,19567204
1474983000,17.53,18.08,17.35,18,28620966
1475069400,18.16,18.16,17.15,17.44,42715601
1475155800,17.45,17.775,17.345,17.54,31870194
1475242200,17.75,18,17.575,17.78,21363073
1475501400,17.99,18.02,17.6,17.73,26856131
1475587800,17.98,18.04,17.66,17.8,54502815
1475674200,17.55,18.331,17.28,17.7,67739499
1475760600,17.64,17.885,17.535,17.73,21606840
1475847000,17.72,17.8,17.3,17.61,23848990
1476106200,17.72,17.835,17.49,17.5,18857618
1476192600,17.4,17.47,16.53,16.86,38070237
1476279000,16.88,17.04,16.6699,16.78,17901774
1476365400,16.56,17,16.17,16.85,28593655
1476451800,17.03,17.41,16.99,17.13,23539801
1476711000,17.02,17.165,16.935,16.99,12657797
1476797400,17.21,17.66,17.2,17.41,20185708
1476883800,17,17.25,16.85,17.215,18629459
1476970200,17.05,17.5,17.05,17.205,17129735
1477056600,17,17.07,16.8,16.94,18710303
1477315800,17.07,17.16,16.97,17.06,13838733
1477402200,17.1,17.615,17.1,17.54,27444029
1477488600,17.3,17.93,17.2,17.64,23610533
1477575000,17.82,17.9,17.4,17.53,21198258
1477661400,17.6,17.6741,17.1,17.2,20832423
1477920600,17.54,17.76,17.16,17.16,23267609
1478007000,17.2,17.41,16.58,16.98,27146092
1478093400,16.95,17.015,16.5,16.68,24949749
1478179800,16.66,16.81,16.56,16.62,17255092
1478266200,16.46,17.02,16.45,16.68,18026593
1478529000,17.02,17.43,17.0172,17.375,21673246
1478615400,17.3,17.55,17.06,17.41,18062694
1478701800,16.95,17.35,16.75,17.2,33873254
1478788200,17.35,17.758,16.75,16.99,30282198
1478874600,17.08,17.68,16.9,17.67,31043283
1479133800,17.77,17.98,17.53,17.71,26313257
1479220200,17.66,18.17,17.66,18.1,25153907
1479306600,17.94,18.33,17.93,18.24,21628990
1479393000,18.35,19.335,18.25,19.18,45958053
1479479400,18.9,19.33,18.85,19.21,29121570
1479738600,19.39,19.67,19.345,19.49,22743987
1479825000,19.64,19.8,19.45,19.74,22219087
1479911400,19.63,19.93,19.47,19.91,20041278
1480084200,19.95,20.44,19.79,20.13,16308002
1480343400,20.18,20.28,19.945,19.99,22205885
1480429800,19.92,20.2,19.38,19.42,37924427
1480516200,19.58,19.76,19.365,19.53,26031699
1480602600,19.7,19.83,18.18,18.48,40713063
1480689000,18.46,19.2,18.301,18.79,25887613
1480948200,19,19,18.395,18.61,26635463
1481034600,18.62,19.09,18.58,19.06,22267802
1481121000,19.5,20.54,19.3,20.44,44735727
1481207400,20.75,20.99,20.29,20.66,36257447
1481293800,20.73,20.8486,20.1342,20.5,23977968
1481553000,20.3,20.51,19.49,20.02,28676097
1481639400,20.14,20.47,19.8,20.13,26252421
1481725800,19.93,20.33,19.78,20.02,19489145
1481812200,20.1,20.5,19.98,20.29,19453058
1481898600,20.53,21,20.19,20.27,36643362
1482157800,20.43,20.7,20.19,20.35,23555890
1482244200,20.73,20.8,20.47,20.65,23018501
1482330600,20.75,20.83,20.34,20.58,32034495
1482417000,22.91,23.49,22.77,23.19,85869969
1482503400,23.07,23.49,23.06,23.26,27780138
1482849000,23.35,23.64,23.21,23.3,24214104
1482935400,23.4,23.41,22.76,22.78,24026860
1483021800,22.58,22.8,22.15,22.27,19890479
1483108200,22.35,22.4,21.75,21.92,20268891
1483453800,22.07,22.74,22.045,22.55,24962867
1483540200,22.67,22.84,22.245,22.36,20426819
1483626600,22.4,22.57,21.96,22.11,19759381
1483713000,22.27,22.28,21.975,22.04,17782160
1483972200,21.94,22.55,21.94,22.34,21537171
1484058600,22.36,22.6861,22.3,22.48,20644345
1484145000,22.61,22.88,22.56,22.79,20907746
1484231400,22.46,22.48,21.7,22.31,27592288
1484317800,22.27,22.31,21.985,22.18,14025660
1484663400,21.88,22.0662,21.5839,21.74,20053761
1484749800,21.68,22.34,21.53,22.32,19493417
1484836200,21.5,22.3,21.49,21.71,31259017
1484922600,21.9,22.33,21.89,21.96,19978669
1485181800,21.96,22.31,21.74,21.89,16070257
1485268200,22.27,23.085,22.26,22.85,29461353
1485354600,23.4,23.98,23.19,23.56,33384707
1485441000,23.8,23.99,23.29,23.52,19379092
1485527400,23.53,24.1,23.45,23.97,18626054
1485786600,23.82,24.24,23.43,24.18,30508099
1485873000,23.95,24.1457,23.68,24.11,22712508
1485959400,24.43,24.85,24.31,24.75,28728167
1486045800,24.53,25.31,24.46,24.79,45499729
1486132200,24.9,25.24,24.5,24.6,25054360
1486391400,24.53,24.7287,24.21,24.34,18900002
1486477800,24.59,24.69,24.21,24.6,19879272
1486564200,24.25,24.375,23.91,24.21,21559205
1486650600,24.75,24.89,24.42,24.45,27887385
1486737000,24.71,24.76,23.9,24.05,28578398
1486996200,24.07,24.2,23.82,23.9,16876390
1487082600,23.36,23.37,22.68,23.12,60685229
1487169000,23.07,23.26,22.79,23.02,28215808
1487255400,23.04,23.34,22.85,22.98,23819848
1487341800,23.01,23.38,23.01,23.35,22108736
1487687400,23.62,23.98,23.58,23.77,20256331
1487773800,23.86,24.06,23.65,23.75,16013317
1487860200,23.92,23.97,23.225,23.48,20172926
1487946600,22.96,23.26,22.64,23.24,22019587
1488205800,23.36,23.77,23.15,23.76,17999814
1488292200,23.79,23.95,23.315,23.44,21447514
1488378600,24.16,24.58,24.07,24.55,27989312
1488465000,24.88,25.25,24.375,24.7,45941859
1488551400,25.2,25.68,24.98,25.57,37971610
1488810600,25.5,25.92,25.17,25.71,25527754
1488897000,25.56,25.75,25.28,25.64,20313002
1488983400,25.64,25.83,25.04,25.38,24921136
1489069800,25.23,25.49,24.85,25.15,21786556
1489156200,25.275,25.75,24.81,25.18,28919045
1489411800,25.39,25.82,25.29,25.7,23768209
1489498200,25.59,25.7,25.25,25.58,14587546
1489584600,25.15,26.15,24.935,26.12,29779850
1489671000,26.2,26.23,25.83,26.04,19147312
1489757400,25.86,25.91,25.4,25.8,19126498
1490016600,25.99,26.61,25.81,26.21,26918811
1490103000,26.3,26.44,25.43,25.52,28397518
1490189400,25.73,26.15,25.63,26.06,25092530
1490275800,26.36,26.49,26.04,26.47,47118274
1490362200,29.71,29.87,28.1601,28.43,107481789
1490621400,28.1,29.18,28.07,28.76,48189996
1490707800,28.73,29.06,28.62,28.69,24776375
1490794200,28.6,28.68,28.35,28.5,22994864
1490880600,28.4,29,28.33,28.97,25092660
1490967000,29.1,29.36,28.9,28.9,32337822
1491226200,28.95,29.04,28.3,28.64,21629078
1491312600,28.47,28.68,28.16,28.59,13957931
1491399000,28.64,28.905,28.23,28.26,22389904
1491485400,28.25,28.78,28.02,28.62,19423730
1491571800,28.45,28.855,28.35,28.52,20325474
1491831000,28.45,28.49,27.58,27.64,27422050
1491917400,27.5,27.54,26.6808,27.18,38619254
1492003800,27.42,27.43,26.655,26.69,24621861
1492090200,26.55,27.23,26.3601,26.74,26077466
1492435800,26.91,27.22,26.83,27.13,14108578
1492522200,27,27.34,26.9,27.14,14407057
1492608600,27.45,27.55,27.05,27.26,21231909
1492695000,27.5,28.08,27.5,27.96,23632981
1492781400,28,28.03,27.16,27.32,28361662
1493040600,27.74,27.76,26.52,26.57,44041032
1493127000,26.71,27.02,26.365,26.99,22749208
1493213400,26.58,27.07,26.3938,26.79,24670741
1493299800,27.17,27.65,27.095,27.63,24626933
1493386200,28.02,28.2,27.51,27.67,28105074
1493645400,27.85,28.38,27.72,28.29,23937955
1493731800,28.28,28.28,27.45,27.77,25335263
1493818200,27.55,28.1,27.55,28,15061274
1493904600,27.94,28.165,27.72,27.79,15544635
1493991000,27.8,28.22,27.62,28.2,15639616
1494250200,27.56,28.07,27.28,28.06,32326826
1494336600,28.11,28.9,28.06,28.81,31073381
1494423000,28.92,29.415,28.8,29.32,29267456
1494509400,29.17,29.31,28.69,29.03,22494565
1494595800,29.1,29.12,28.68,28.93,15902721
1494855000,29.08,29.19,28.73,28.83,21899866
1494941400,28.92,29.08,28.57,29.02,14940842
1495027800,28.34,28.51,26.96,27,38027938
1495114200,27.15,27.89,27.085,27.48,26862953
1495200600,27.78,28.16,27.73,27.82,19173238
1495459800,28.2,28.25,27.645,28.06,18032725
1495546200,28.08,28.31,27.56,28.29,21800825
1495632600,28.47,29.12,28.44,28.99,22353013
1495719000,29.2,29.66,29.19,29.43,20714035
1495805400,29.27,29.77,28.875,29.76,17784830
1496151000,29.94,30.87,29.88,30.7,34689995
1496237400,31.01,31.1,30.32,30.77,26402938
1496323800,30.75,30.83,30.28,30.76,20534768
1496410200,30.8,31.38,30.53,31.21,20206337
1496669400,31.3,31.755,31.07,31.21,24360840
1496755800,31.04,31.77,30.87,31.57,33125833
1496842200,31.7,32.55,31.7,32.5,32635843
1496928600,32.84,32.86,31.88,32.45,29156452
1497015000,32.67,32.93,29.55,30.6,53064220
1497274200,30.06,31.685,29.21,31.2,46550935
1497360600,31.75,32.24,30.77,31.54,33767863
1497447000,31.78,31.79,30.85,31.06,28934950
1497533400,30.47,30.97,30.08,30.56,33670601
1497619800,30.63,31,29.82,29.86,42881748
1497879000,30.51,31.25,30.33,31.2,24914991
1497965400,31.4,31.575,30.73,30.83,25793318
1498051800,31.18,32.15,31.06,32.01,30578970
1498138200,32.04,32.4,31.76,31.89,23050843
1498224600,31.89,32.08,31.64,31.73,45323751
1498483800,32.45,32.96,31.95,32.5,34750713
1498570200,32.51,32.665,31.61,31.66,33221485
1498656600,32.07,32.28,31.44,32.24,28415907
1498743000,32.29,32.39,30.64,31.47,53948379
1498829400,32.12,32.15,29.7089,29.86,73308042
1499088600,30.09,30.28,28.56,29.14,36830403
1499261400,29.55,30.56,29.55,30.51,40444551
1499347800,29.94,30.48,29.92,30.1,27143769
1499434200,30.22,30.5,29.98,30.2,22023123
1499693400,30.16,30.59,29.75,30.5,24907897
1499779800,30.55,31.39,30.51,31.37,28530452
1499866200,31.77,31.78,31.155,31.45,22258626
1499952600,31.55,31.85,30.84,31.13,23772962
1500039000,31.35,31.95,31.26,31.79,28887561
1500298200,31.67,31.86,31.44,31.72,22320462
1500384600,31.64,31.91,31.4,31.9,14044969
1500471000,32.05,32.35,31.65,31.82,19984126
1500557400,31.93,32.02,31.42,32,23179334
1500643800,31.9,32.1,31.62,32.01,21146582
1500903000,32,32.01,31.5,31.67,17415458
1500989400,30.8,30.83,29.65,29.9,51216365
1501075800,29.85,30.05,29.68,29.81,26387364
1501162200,30.27,31.3,29.665,30.24,38966958
1501248600,29.96,29.98,28.96,29.28,31854933
1501507800,29.43,29.55,27.87,28.12,41112692
1501594200,28.22,28.935,27.83,28.34,28221633
1501680600,28.96,29.43,28.22,28.63,27225990
1501767000,28.39,28.4,27.61,27.83,30288415
1501853400,27.86,28.3,27.27,27.92,23947545
1502112600,27.93,28.605,27.8,28.59,16589271
1502199000,28.61,29.34,28.61,28.84,21903344
1502285400,28.51,28.89,28.36,28.58,14181838
1502371800,28.3,28.38,27.43,27.49,26147550
1502458200,27.44,28.04,26.85,28.01,23375939
1502717400,28.82,29.36,28.72,29.24,25254587
1502803800,29.5,29.805,29.14,29.68,23973633
1502890200,30.02,30.86,29.9608,30.69,37879476
1502976600,30.32,30.5299,29.61,29.62,26152486
1503063000,29.96,30.6,29.76,30.38,31178131
1503322200,30.53,30.6,29.28,29.56,26247654
1503408600,29.85,30.54,29.77,30.45,18821168
1503495000,29.97,30.74,29.87,30.45,21200433
1503581400,30.55,30.6295,30.11,30.22,18056826
1503667800,30.3,30.39,30.05,30.29,13929789
1503927000,30.43,31.21,30.42,31.08,22530969
1504013400,30.75,31.53,30.7,31.48,23151883
1504099800,31.65,31.68,31.38,31.61,17467885
1504186200,31.61,32.02,31.48,31.97,25693965
1504272600,32.13,32.88,32.13,32.6,26034048
1504618200,32.45,32.74,31.65,32.07,28957631
1504704600,32.07,32.7,32.06,32.25,29290247
1504791000,32.47,32.9,32.4466,32.79,25353310
1504877400,32.8,33.02,32.31,32.45,19649272
1505136600,32.9,33.44,32.81,33.44,31012081
1505223000,33.69,34.54,33.56,34.29,38685769
1505309400,34.56,34.8,34.02,34.59,41588059
1505395800,34.43,34.85,34.3,34.58,23007009
1505482200,34.64,35,34.38,34.65,37417250
1505741400,35.13,35.8,35.02,35.43,41330122
1505827800,35.5,36.1,35.5,35.95,26392185
1505914200,36.03,36.6,35.34,35.97,42243016
1506000600,35.93,36.25,35.4,35.91,22464924
1506087000,35.6,36.22,35.6,36.07,21559760
1506346200,36.04,36.15,34.54,34.87,35607218
1506432600,35.23,35.37,34.09,34.18,55112580
1506519000,36.26,37.15,35.92,37.09,84593877
1506605400,37.15,38.46,36.82,37.96,52569885
1506691800,37.98,39.36,37.81,39.33,48711411
1506951000,39.6,40.37,39.36,40.01,54244828
1507037400,39.93,40.54,39.85,40.37,27322344
1507123800,40.14,40.43,38.91,39.56,37908412
1507210200,39.8,39.86,39.25,39.37,22501037
1507296600,39,39.67,38.81,39.67,25150300
1507555800,39.72,40.99,39.62,40.96,27279284
1507642200,41.45,42,40.455,41.98,48214149
1507728600,40.84,42.07,40.8,41.61,53023633
1507815000,41.21,41.75,40.29,40.58,66789764
1507901400,40.78,41.17,40.32,40.4,35371160
1508160600,40.88,41.57,40.5148,41.49,33696798
1508247000,41.14,41.4,40.25,40.39,41233739
1508333400,41.04,41.95,40.81,41.65,43528014
1508419800,41.18,41.5,39.8,41.31,47675961
1508506200,42,42.17,41.44,41.5,36293718
1508765400,41.85,42.1866,41.4,41.56,26844184
1508851800,41.74,42.01,41.43,41.6,26299381
1508938200,41.31,41.59,40.31,41.06,31061074
1509024600,41.17,41.18,40.31,40.6,27453458
1509111000,40.59,40.94,40.04,40.85,31094692
1509370200,40.73,41.86,40.68,41.65,29119545
1509456600,42.25,44.57,42.2,44.31,61972197
1509543000,44.79,45.33,43.78,44.38,38842930
1509629400,44.08,44.75,43.72,44.34,25812983
1509715800,44.77,45,43.35,43.71,27694556
1509978600,43.85,44.01,42.45,43.25,28840986
1510065000,43.58,44.24,43.33,43.95,32422853
1510151400,43.85,44.14,43.45,44.09,19519585
1510237800,43.69,43.69,42.58,43.5,32501073
1510324200,43.76,44.845,43.71,44.78,33840763
1510583400,44.5,45.87,44.19,45.6,30522349
1510669800,45.58,46,44.8001,45.8,29899203
1510756200,45.185,45.7401,44.6201,45.36,22434488
1510842600,45.73,46.29,45.29,46.18,24192640
1510929000,46.54,46.55,45.73,46.16,22613342
1511188200,46.51,47.86,46.4,47.64,26974971
1511274600,48.36,49.63,48.15,49.4,35756582
1511361000,49.85,49.89,48.62,49.14,28711802
1511533800,49.32,49.88,49.03,49.68,13777238
1511793000,47.96,48.39,47.09,48.05,44469667
1511879400,48.45,48.86,47.82,47.93,30633204
1511965800,47.5,47.6,43.27,43.74,81370110
1512052200,44.16,44.535,41.86,42.39,63895683
1512138600,41.73,42.55,40.01,41.99,73138563
1512397800,41.95,42.29,39.07,39.9,73640476
1512484200,39.77,42.05,39.42,41.21,56540670
1512570600,40.82,41.74,40.3,41.58,39735324
1512657000,42.18,43.23,41.91,43.2,43188962
1512743400,44.04,44.58,42.87,43.21,44717757
1513002600,43.42,43.75,42.33,43.01,32823972
1513089000,42.69,42.8538,41.71,41.86,28492257
1513175400,42.22,43.1,41.97,42.05,28565581
1513261800,42.29,42.7299,41.88,42.24,24582804
1513348200,42.3,42.56,41.885,42.4,58721655
1513607400,43.37,43.73,42.99,43.71,35075469
1513693800,44.09,44.34,43.3,43.98,51048284
1513780200,46.65,46.8,44.86,45.75,84338229
1513866600,45.55,45.58,44.35,44.42,50486083
1513953000,44.18,44.935,43.94,44.12,30372505
1514298600,43.19,43.2,41.52,42.25,41966203
1514385000,42.22,43.07,42.03,42.48,24175057
1514471400,42.83,43.05,41.75,41.81,28999677
1514557800,41.82,41.84,40.77,41.12,44642115
1514903400,41.54,43.715,41.19,43.67,37097032
1514989800,44.5,45.05,44.05,44.98,43376664
1515076200,45.99,46.98,45.01,46.88,52229537
1515162600,46.13,46.655,45.3752,45.8,47381089
1515421800,45.31,46.09,44.91,45.55,32217370
1515508200,45.27,45.55,42.77,42.97,62982860
1515594600,41.95,43.37,41.39,43.31,53347952
1515681000,43.52,44,42.62,42.82,39402219
1515767400,42.82,43.35,42.675,42.81,28458481
1516113000,43.14,43.86,42.42,42.92,38174769
1516199400,43.21,44.38,42.98,44.26,38077096
1516285800,44.21,44.65,43.91,43.99,25152064
1516372200,43.95,44.2,42.651,42.75,41469156
1516631400,42.47,42.88,41.68,42.88,37879367
1516717800,43.25,44.66,42.73,43.95,41334108
1516804200,43.76,43.95,42.7367,43.08,31305715
1516890600,44.23,44.72,42.86,43.01,40519234
1516977000,43.22,43.805,43.03,43.67,27177473
1517236200,43.25,43.42,42.38,43.29,29455004
1517322600,41.99,42.795,41.47,41.67,38861906
1517409000,42.98,43.96,42.77,43.72,45114641
1517495400,43.04,44.09,42.1,42.49,35713522
1517581800,42,42.21,40.61,40.82,40657381
1517841000,40.14,41.53,39.01,39.4,45796837
1517927400,40.55,43.93,40.55,43.88,66972802
1518013800,43.26,43.56,41.74,42.01,51354784
1518100200,42.52,43.03,40,40,53794067
1518186600,41.05,41.19,37.52,40.41,65189252
1518445800,41.01,42.68,40.88,42.19,47941060
1518532200,42.05,42.92,41.98,42.63,30296775
1518618600,41.93,43.63,41.93,43.45,36765941
1518705000,43.725,43.92,42.26,43.5,35072341
1518791400,43.29,45.11,43.13,44.21,49404593
1519137000,44.02,45.27,43.9,44.9,36215897
1519223400,45.37,45.55,44.52,44.54,31618738
1519309800,44.78,44.83,44.04,44.25,24359578
1519396200,45.18,46.8,45.02,46.53,48476673
1519655400,46.97,48.23,46.7,47.98,41966130
1519741800,47.66,48.99,47.42,48.58,44731112
1519828200,48.8,49.46,48.35,48.81,45031445
1519914600,48.77,48.81,46.77,47.62,61278848
1520001000,46.36,49.25,45.95,49.11,52492924
1520260200,48.8,52.36,48.72,52.03,70984057
1520346600,53.4,54.64,53.21,53.74,73096298
1520433000,53.34,55,53.125,53.97,61669983
1520519400,54.585,55.47,54.3,55.22,51685913
1520605800,55.76,55.83,53.62,54.59,65504592
1520861400,56.5,61.17,56.35,59.37,138651643
1520947800,62.17,63.42,58.52,59.43,142315817
1521034200,59.32,60.06,57.56,59.78,80306937
1521120600,59.77,60.15,58.23,58.84,50963689
1521207000,60,60.69,59.21,60.58,69323134
1521466200,60.36,60.99,58.75,60.14,71373332
1521552600,60.1,61.25,59.8,61.15,53890478
1521639000,61.35,61.72,60.6,61.07,51220155
1521725400,60.07,60.3,58.11,58.92,74274731
1521811800,57.69,58.8,53.68,54.21,118369484
1522071000,56.26,56.71,52.72,55.56,70260721
1522157400,55.06,55.47,51.68,52.4,67785075
1522243800,51.93,53.35,50.7,51.49,62987534
1522330200,52.16,52.68,51.14,52.14,61458758
1522675800,51.54,51.72,49.56,50.06,59875497
1522762200,50.8,51.7702,50.32,51.55,52436387
1522848600,49.62,53.5,49.26,53.39,60272778
1522935000,52.06,52.2,49.19,49.84,89203496
1523021400,47.72,50.48,47.26,48.46,79392188
1523280600,49.13,49.83,47.92,47.96,50532861
1523367000,49.25,50.7461,48.635,50.48,50491011
1523453400,50.28,51.8,50.11,50.48,38942202
1523539800,51.12,52.92,51.1,52.59,46656328
1523626200,53.4,53.49,51.58,52.23,43598892
1523885400,52.25,52.48,51.32,51.65,30879466
1523971800,51.85,52.7,51.74,52.26,33325289
1524058200,51.4548,54.27,50.6776,54.01,55393632
1524144600,52.9,54.1,50.98,51.42,52634973
1524231000,51.5,52.07,50.15,50.62,38510750
1524490200,50.81,50.88,48.81,49.02,43692970
1524576600,49.66,50.2571,46.44,47.11,61915374
1524663000,47.56,48.341,46.075,47.6,43781171
1524749400,49.28,50.18,48.83,50.14,39041386
1524835800,51.11,51.39,47.19,47.52,50049798
1525095000,47.06,47.69,45.315,45.98,54743790
1525181400,45.59,46.865,45.41,46.79,34154908
1525267800,45.91,46.7392,45.68,45.89,31640805
1525354200,45.7402,46.865,45.3302,46.62,30489613
1525440600,46.32,47.7,46.14,47.58,28632166
1525699800,48.26,49.11,48.11,48.48,33996912
1525786200,48.53,48.859,47.88,48.57,25205522
1525872600,49.06,51.03,48.99,51.01,36489113
1525959000,51.8,52.68,51.6,52.66,37146281
1526045400,52.38,52.8,51.6801,51.82,27646392
1526304600,52.99,53.71,52.86,53,33376279
1526391000,53.8,54.17,52.6899,54.01,43307320
1526477400,55.59,56.91,55.48,56.5,59011916
1526563800,56.01,56.44,53.93,54.7,54832177
1526650200,53.6,54.65,52.85,53.39,46088834
1526909400,56.175,56.47,54.53,55.48,70858134
1526995800,59.05,60.5,58.3,59.03,111262746
1527082200,59.05,60,58.15,59.97,64066804
1527168600,60.18,61.99,59.56,61.49,74724955
1527255000,60.85,62.1,60.61,61.35,54715927
1527600600,61.36,63.9801,61.35,62.62,75591946
1527687000,63.7,64.66,60.92,62.57,84737640
1527773400,60.25,60.25,57.165,57.59,101882177
1527859800,58.81,59.34,56.88,58.74,74761515
1528119000,57.43,59.16,56.62,59.1,64350519
1528205400,59.8,60.14,58.83,59.41,41711285
1528291800,59.26,59.59,58.3,59.42,36748973
1528378200,59.85,60.27,58.56,59.63,42264729
1528464600,58.63,61.6,58.22,61.39,57144868
1528723800,61.71,62.55,61.07,61.39,42251465
1528810200,61.84,61.85,59.94,60.55,43633349
1528896600,60.3,61.27,60.02,60.05,33281355
1528983000,60.55,60.57,58.67,59.18,43421919
1529069400,58.53,59.1,57.3,58.23,45854083
1529328600,57.6,58.6,56.87,58.45,36975630
1529415000,57.64,59.46,57.11,59.25,43486620
1529501400,60.13,61.12,58.8,58.95,57497566
1529587800,61.46,61.83,59.09,59.44,70419904
1529674200,60.2,60.41,57.02,57.1,63497506
1529933400,55.54,55.64,52.41,53.16,72196268
1530019800,54.41,54.77,53.61,54.59,42277106
1530106200,55,55.35,52.16,52.26,53007505
1530192600,52,53.305,51.79,53.14,36878949
1530279000,53.69,53.85,52.4,52.44,32582221
1530538200,51.52,54.53,51.32,54.48,38934173
1530624600,54.55,54.79,50.1,51.48,52190187
1530797400,52.85,53.31,51.94,52.84,51136399
1530883800,52.54,53.41,51.98,53.23,31840970
1531143000,53.8,54.5,53.11,54.31,32579715
1531229400,54.66,55.9,54.35,55.74,34852848
1531315800,54.39,55,53.765,54.18,38699205
1531402200,54.65,55.66,54.35,55.45,29647703
1531488600,55.51,56.59,55.32,56.35,28815986
1531747800,56.6,57.18,56.06,56.15,25735182
1531834200,55.83,57.13,55.5,56.96,24729123
1531920600,57.25,58.15,56.92,57.45,33729693
1532007000,57.25,57.555,55.67,56.22,39392135
1532093400,56.08,56.14,54.83,55.02,32624511
1532352600,53.51,54.58,52.219,54.29,42781491
1532439000,55,55.4,52.94,53.17,39011464
1532525400,52.63,54.22,52.3,53.39,40098708
1532611800,53.6,54.74,53.45,53.76,28862468
1532698200,54.46,54.63,53.11,53.96,30109723
1532957400,54.19,54.25,52.42,53.01,25747836
1533043800,53.78,54.22,52.77,52.79,29301746
1533130200,52.66,53.58,52.17,52.29,28199956
1533216600,51.7,53.55,51.38,53.4,28707971
1533303000,53.3,53.4,52.26,52.81,22958948
1533562200,52.22,52.81,51.5,52.67,28776882
1533648600,52.94,53.44,52.7,53.04,21918614
1533735000,52.84,53.53,52.4642,53.39,18074693
1533821400,52.65,52.85,51.93,52.26,34538404
1533907800,51.25,51.95,51.02,51.37,31340775
1534167000,51.61,52.06,51.275,51.34,24609540
1534253400,51.73,51.77,50.011,50.62,32050195
1534339800,49.83,49.86,47.14,47.49,57746241
1534426200,48.2,48.31,46.9641,47.1,33663044
1534512600,46.21,47.36,45.62,47.11,34464220
1534771800,47.4,48.61,46.4743,48.07,33022929
1534858200,48.9,50.37,48.87,49.94,38572923
1534944600,50.38,50.65,49.87,50.24,26740377
1535031000,50.05,50.24,49.4,49.7,26831962
1535117400,49.92,50.82,49.92,50.7,24785525
1535376600,51.35,52.45,51.17,52.07,29134051
1535463000,52.42,52.56,51.47,52.34,26198827
1535549400,52.09,52.16,51.3,51.83,31450783
1535635800,51.56,53.68,51.4,52.76,32416605
1535722200,52.7,53.23,52.22,52.52,29937271
1536067800,52.135,52.3,50.7146,51.93,28975084
1536154200,51.39,51.6,49.07,49.54,39125064
1536240600,48.2,48.45,44.06,44.65,94413418
1536327000,45.14,46.46,44.65,44.86,47114308
1536586200,45.25,45.38,44.39,44.9,33078272
1536672600,43.65,43.75,42.35,43.6,48980655
1536759000,41.24,42.18,40.68,41.74,66915955
1536845400,42.3,44.4948,42.3,43.62,59922055
1536931800,44.11,44.56,43.46,44.3,40610334
1537191000,43.59,44.32,43.25,43.58,28205256
1537277400,43.93,45.87,43.88,45.33,36507412
1537363800,45.78,46.06,44.84,45.06,29264655
1537450200,46.4,47.2199,45.91,46.06,75144122
1537536600,44.4,45.6,43.8,44.74,97053409
1537795800,44.2,45.65,43.86,45.16,36918937
1537882200,45.1,45.4606,44.02,44.64,32547450
1537968600,44.29,44.76,43.96,44.35,30299841
1538055000,44.23,45.52,44.046,44.99,26952377
1538141400,44.65,45.61,44.49,45.23,28080411
1538400600,45.44,46.08,45.01,45.15,26693432
1538487000,44.9,46.69,44.88,45.76,32397049
1538573400,46.28,46.415,44.7148,45.15,29505110
1538659800,44.5,44.75,43.51,44.16,34579572
1538746200,44.08,44.63,42.81,43.58,35367076
1539005400,43.28,43.85,42.61,43.07,27426552
1539091800,42.81,43.04,41.98,42.27,31576374
1539178200,41.5,42.75,41.32,41.61,48451981
1539264600,41.96,42.92,41.425,41.97,48196988
1539351000,43.58,43.75,41.92,42.47,32851076
1539610200,42.03,42.55,41.63,42.34,27697328
1539696600,42.7,43.35,42.3,43.21,28827416
1539783000,43.33,43.39,42.11,42.35,27758963
1539869400,42.04,42.2125,41.14,41.3,33560822
1539955800,41.67,41.985,40.27,40.45,28641375
1540215000,40.56,40.7,38.64,39.76,34441221
1540301400,38.15,39.11,37.41,38.68,46364174
1540387800,38,38.3,35.4,35.43,53096450
1540474200,35.59,37.16,35.06,36.78,39625699
1540560600,35.28,35.91,34.3,35.4,41257357
1540819800,36.14,36.2,33.82,34.66,34176423
1540906200,34.64,36.05,34.495,36.01,35319497
1540992600,36.58,38.04,35.8,37.72,44055370
1541079000,37.98,40.2,37.52,40.12,43981410
1541165400,40.19,40.94,39.64,40.32,33645741
1541428200,40.1,40.24,38.77,39.92,22903972
1541514600,39.74,40.56,39.56,39.8,19316554
1541601000,40.32,41.05,39.96,40.93,22957221
1541687400,40.67,41.43,40.34,40.44,15609308
1541773800,39.89,39.99,38.41,39.11,26102786
1542033000,38.24,38.53,36.835,37.44,24822391
1542119400,37.66,38.74,37.44,37.85,25870470
1542205800,38.62,38.97,37.61,38.03,23706441
1542292200,37.95,40.175,37.62,39.91,30046097
1542378600,38.45,39.7055,38.33,39.44,25445714
1542637800,39.2,39.32,36.67,36.83,31039134
1542724200,34.1,36.99,34.05,36.12,38728639
1542810600,37,37.22,36.37,36.38,22728369
1542983400,35.93,37.5,35.92,36.4,11257770
1543242600,37.75,37.79,35.525,36.57,26569723
1543329000,36.09,37.45,36.02,37,21397318
1543415400,37.29,39,35.995,38.71,42293708
1543501800,38.3,38.71,37.73,37.91,23631284
1543588200,37.75,38.63,36.94,38.56,28176043
1543847400,40.2,40.24,39.15,40.03,35829990
1543933800,39.56,39.87,36.72,36.88,36616292
1544106600,35.66,37.68,35.13,37.67,37494418
1544193000,37.62,37.62,35.21,35.31,30619815
1544452200,34.83,35.72,34.53,34.8,33979652
1544538600,35.59,36.26,35.1,35.21,26238769
1544625000,35.94,36.61,35.4,36.03,26642500
1544711400,36.29,36.37,34.76,35.02,23825359
1544797800,34.44,35.45,34.06,34.2,28922077
1545057000,34.16,35.22,33.6,33.88,30890958
1545143400,34.39,34.935,33.97,34.11,46135371
1545229800,31.66,33.58,31.27,31.41,106669582
1545316200,31.6,32.9,30.86,31.28,60427566
1545402600,31.68,32.05,30.11,30.32,54630508
1545661800,29.86,30.35,29,29.02,23771773
1545834600,29.34,30.91,28.39,30.89,45711046
1545921000,30.41,32.01,30.23,31.93,39858341
1546007400,32,32.2785,31.4,31.57,29852928
1546266600,31.99,32.4,31.46,31.73,21392110
1546439400,31,33.08,30.75,32.75,26004253
1546525800,31.82,32.15,30.86,31,29145099
1546612200,31.66,33.04,31.55,32.7,28557302
1546871400,33.7,34.45,33.31,34,44841499
1546957800,34.55,34.585,32.805,33.74,33434082
1547044200,34.97,36.2901,34.92,35.44,54147856
1547130600,35.26,35.95,35.08,35.91,24437350
1547217000,35.42,36.73,35.01,36.01,30469843
1547476200,34.72,34.92,34.26,34.67,34611955
1547562600,35.02,35.23,33.65,33.99,30633574
1547649000,34.04,34.33,33.53,33.58,24890929
1547735400,33.23,34.2,32.66,33.88,29398501
1547821800,34.23,36.19,34.06,35.76,44872405
1548167400,35.25,35.25,33.55,33.87,37021938
1548253800,34.11,34.685,33.44,34.24,31011607
1548340200,35.31,37.44,35.1,36.59,65094840
1548426600,38.09,39.305,37.5,38.96,61042704
1548685800,36.95,38.96,36.65,38.08,44213030
1548772200,38.28,38.98,37.25,37.39,30330993
1548858600,38.3,38.76,37.59,38.24,32848056
1548945000,37.63,38.82,37.285,38.22,34130464
1549031400,38.31,39.86,38.23,39.6,36839947
1549290600,39.55,39.61,38.51,39.47,30851483
1549377000,39.24,40.33,39.17,39.37,25094026
1549463400,40.4,41.9588,40.37,41.52,47472616
1549549800,40.8135,41.05,38.91,39.38,40396449
1549636200,37.8,38.78,37.4531,38.58,35573221
1549895400,38.6,38.87,37.36,38.58,30356472
1549981800,39.39,40.77,39.24,40.4,43587923
1550068200,40.85,42.28,40.8015,41.68,50101676
1550154600,41.39,43.16,41.31,42.23,41759190
1550241000,42.27,42.395,41.42,41.99,28968391
1550586600,41.7,42.49,41.5,41.96,25575881
1550673000,42.31,43.26,42.13,42.21,28048715
1550759400,42.47,42.87,41.42,41.53,24048828
1550845800,42.08,42.57,41.83,42.57,22834253
1551105000,43.805,43.99,42.7,42.75,25233731
1551191400,42.35,43.145,42.29,42.96,18051547
1551277800,42.62,42.76,41.01,41.32,29522196
1551364200,40.2,41.15,39.8,40.88,25777924
1551450600,41.64,42.56,41.11,41.58,26755751
1551709800,41.88,42.15,40.64,41.06,27047818
1551796200,40.25,40.67,39.51,39.99,28798762
1551882600,39.38,39.45,37.52,37.93,44890442
1551969000,37.54,38.31,37.1399,37.83,31567767
1552055400,36.89,38.815,36.57,38.65,34080890
1552311000,38.91,39.55,38.83,39.03,25164660
1552397400,39.17,39.4,38.83,39.25,18623513
1552483800,39.4,39.72,38.64,38.83,22786331
1552570200,38.74,39.63,38.34,38.41,19757250
1552656600,38.58,39.84,38.43,39.54,30694138
1552915800,39.6,40.41,39.15,39.61,22296587
1553002200,39.93,41.05,39.89,40.37,32407260
1553088600,40.5,40.75,39.62,40.13,41714399
1553175000,41.7,44.21,41.65,43.99,84985448
1553261400,43.47,43.48,41.55,41.62,46605599
1553520600,41.34,41.98,40.063,40.55,34516015
1553607000,41.17,41.65,40.1,40.32,24689552
1553693400,40.38,40.85,39.01,39.23,26856732
1553779800,39.4,39.94,39.02,39.34,24584543
1553866200,40.25,41.52,40.22,41.33,35716883
1554125400,42.265,42.76,41.715,42.25,28072993
1554211800,42.08,42.79,41.75,42.44,21438082
1554298200,43.55,44.85,43.55,43.9,39097203
1554384600,42.36,43.33,42.25,42.89,37038395
1554471000,43.3,43.535,42.72,43.32,21119444
1554730200,42.18,43.14,42.12,42.9,24546811
1554816600,42.54,42.6,41.27,41.72,29055901
1554903000,41.69,42.435,41.51,42.17,23252244
1554989400,42.2,42.725,42.13,42.28,18163864
1555075800,42.85,43.195,41.805,42.01,21740384
1555335000,42.17,42.23,41.2,41.82,16932294
1555421400,42.26,42.93,42.08,42.76,19337506
1555507800,43.36,44.05,42.76,43.15,22091989
1555594200,43.2,43.53,42.79,43.4,16193579
1555939800,43.14,43.57,42.53,43.4,19447891
1556026200,43.37,43.47,42.72,42.77,21489440
1556112600,42.82,43.4,42.38,43.03,19637006
1556199000,43.62,44.65,42.69,42.75,28346185
1556285400,41.49,42.28,40.765,42.1,26092422
1556544600,42.13,42.61,41.73,42.11,13452843
1556631000,41.86,42.36,41.58,42.06,16342656
1556717400,42.43,42.93,41.89,41.9,17673308
1556803800,42,43.2,41.63,42.56,17046832
1556890200,42.49,43.38,42.41,43.33,16577018
1557149400,41.4,42.2901,41,42.13,25775999
1557235800,41.68,41.93,39.73,40.26,35094080
1557322200,39.86,40.495,39.58,39.75,26190143
1557408600,39.1,39.63,38.2,39.27,27844397
1557495000,39.01,39.29,37.6452,38.94,30368144
1557754200,37.36,37.98,37.0566,37.38,33092081
1557840600,38.02,38.61,37.4,38.51,24004007
1557927000,37.9,38.7,37.76,38.41,17532268
1558013400,37.68,37.99,37.1,37.31,29479209
1558099800,36.61,37.2799,35.8,36.06,31096274
1558359000,34.75,35.2,34.325,34.62,34489512
1558445400,35.29,35.88,35.15,35.64,32501335
1558531800,35.2,35.45,34.63,34.73,20902368
1558618200,33.89,33.9,32.96,33.82,32186684
1558704600,34.16,34.36,33.59,34,19705956
1559050200,34.15,34.31,32.88,32.94,26758419
1559136600,32.32,33.42,32.175,33.29,28796104
1559223000,33.43,34.32,33.031,33.32,20957589
1559309400,32.6,33.325,32.52,32.61,18607307
1559568600,32.945,33.22,32.47,32.69,21174520
1559655000,33.36,34.56,33.1,34.49,25076035
1559741400,35.2,35.395,33.04,33.34,27070346
1559827800,33.26,33.82,32.94,33.47,21088076
1559914200,33.55,34.025,33.22,33.99,21430449
1560173400,34.6,35.54,34.52,34.94,21728002
1560259800,35.8,35.99,34.75,34.84,19208637
1560346200,34.01,34.1,32.73,32.96,28746485
1560432600,33.08,33.6389,33.005,33.38,16586706
1560519000,32.45,32.84,32.245,32.66,19714950
1560778200,32.54,32.85,32.14,32.43,20049979
1560864600,32.9,34.89,32.9,34.29,33727291
1560951000,34.69,34.69,33.705,33.94,20436384
1561037400,34.84,35.26,34.02,34.15,21691501
1561123800,33.7,33.89,32.73,33.25,38858209
1561383000,33.2,34.08,33.02,33.19,27306006
1561469400,33.35,33.88,32.61,32.68,39590484
1561555800,35.87,37.6136,35.7,37.04,100271596
1561642200,36.85,38.33,36.51,38.07,51612422
1561728600,39.36,39.4,38.05,38.59,61402696
1561987800,41.155,41.71,39.74,40.11,61091350
1562074200,39.62,40.035,39.025,39.6,29774478
1562160600,39.62,39.77,39.17,39.59,13479738
1562333400,38.95,39.56,38.7999,39.42,18407991
1562592600,39.03,40.61,38.94,40.41,28148461
1562679000,40.13,41.41,40.0817,41.35,28254672
1562765400,42.23,44,42.04,42.9,51625492
1562851800,43.22,43.54,42.4406,43.48,30392443
1562938200,43.75,44.7,43.36,44.51,33257774
1563197400,44.69,45.2699,43.71,44.4,26623252
1563283800,44.05,44.1,42.93,43.06,31238932
1563370200,43,43.75,42.6,43.37,19539283
1563456600,43.61,44.93,43.5,44.67,26483297
1563543000,45.13,46,44.63,45.52,39328352
1563802200,46.5,47.425,46.31,47.19,46042826
1563888600,46.78,47.14,46.23,46.95,29354432
1563975000,46.95,48.23,46.82,47.99,33169918
1564061400,48.4,48.7,47.59,47.77,28127781
1564147800,47.94,48.13,47.09,47.49,19676246
1564407000,46.87,46.97,45.85,46.82,21939478
1564493400,46.88,47.68,46.195,47.46,21301556
1564579800,46.71,46.79,44.44,44.89,34493922
1564666200,45,45.955,42.835,43.6,37906464
1564752600,42.64,44.405,42.22,44.08,31954131
1565011800,42.4,42.51,41.36,41.94,35172885
1565098200,42.67,43.19,41.69,42.62,26857009
1565184600,42.01,42.95,40.7,41.75,35604580
1565271000,42.09,42.76,41.67,42.63,18567510
1565357400,42.04,42.24,40.87,41.52,22900298
1565616600,41.05,42.4,40.97,42.13,23969178
1565703000,42.62,45.08,42.51,44.17,33273001
1565789400,42.88,43.15,41.66,42.04,24657245
1565875800,42.34,42.5555,41.5,42.24,16228512
1565962200,42.64,43.875,42.55,43.55,18156572
1566221400,44.67,45.37,44.34,45.01,22625611
1566307800,44.85,44.965,44.04,44.23,13207442
1566394200,44.81,45,43.9,44.17,14994616
1566480600,44.5,45.45,44.05,44.78,20607789
1566567000,43.89,44.97,42.66,42.96,27547277
1566826200,43.74,43.77,43.16,43.43,12294059
1566912600,43.71,43.8,42.35,42.44,19148783
1566999000,42.1,43.26,41.66,43.15,11553526
1567085400,43.99,45.22,43.91,44.67,18689172
1567171800,45.12,45.925,45.05,45.27,16397407
1567517400,44.6,45.33,44.44,44.99,17113029
1567603800,46.45,47.5,46.4,46.81,26999066
1567690200,47.9,49.64,47.89,49.03,33094547
1567776600,48.86,49.5,48.7,48.97,19565738
1568035800,49.54,50,48.86,49.13,19474365
1568122200,49.365,49.935,48.5,49.39,23111317
1568208600,50.02,51.39,49.84,50.48,31012937
1568295000,50.8,51.12,50.1,50.44,19671259
1568381400,50.51,50.95,50.06,50.5,14732970
1568640600,49.53,50.24,49.02,50.15,17495280
1568727000,50.18,50.91,49.925,50.84,13875876
1568813400,51,51.17,49.69,50.48,15375857
1568899800,51.165,51.3,49.75,49.82,16856244
1568986200,50.34,50.45,48.77,49.16,23457185
1569245400,49.54,50.19,49.48,49.6,16941704
1569331800,49.74,49.9,48.05,48.51,25320435
1569418200,48.47,49.7,47.86,49.47,24057045
1569504600,49.38,49.74,48.125,48.6,37248173
1569591000,45.9,45.92,42.91,43.21,76016459
1569850200,43,43.47,42.58,42.85,32326103
1569936600,43.1,43.34,41.75,42.3,28431879
1570023000,41.82,42.67,41.76,41.98,26776005
1570109400,42,43.49,41.76,43.46,23884742
1570195800,43.71,44.62,43.29,44.55,22043116
1570455000,44.3,44.73,44.06,44.16,15152292
1570541400,43.6,43.84,42.6224,42.635,22714375
1570627800,43.18,43.38,42.83,42.875,13781367
1570714200,42.87,43.79,42.61,43.28,16047857
1570800600,44.39,45.815,44.28,45.1,27604874
1571059800,44.96,45.33,44.8,44.86,12495857
1571146200,45.21,46.55,45.04,46.455,18047548
1571232600,45.99,46.55,45.08,45.16,16872605
1571319000,45.77,46.12,45.28,45.5,12090511
1571405400,44.83,44.98,43.225,43.47,26223185
1571664600,43.96,45.3,43.92,45.22,15752051
1571751000,45.3,45.7,44.62,44.66,14007587
1571837400,44.05,44.815,43.95,44.66,14132994
1571923800,45.9,47.16,45.58,47.1,25991088
1572010200,47.28,48.265,46.92,48.03,19855329
1572269400,48.5,48.75,48.23,48.69,15240031
1572355800,48.8,49.17,48.06,48.11,12183635
1572442200,48.22,48.3373,47.2583,47.88,12932759
1572528600,47.28,47.88,46.46,47.55,15445762
1572615000,47.48,48.54,47.25,48.38,18311723
1572877800,49.39,49.9,49.25,49.59,16021450
1572964200,49.62,49.72,48.605,48.68,13682559
1573050600,48.15,48.3,47.105,47.68,21803641
1573137000,48.52,49.08,48,48.4,19253568
1573223400,47.56,48.005,46.95,47.19,18528347
1573482600,46.72,46.74,45.85,46.26,14645832
1573569000,46.8,47.68,46.68,46.9,15170689
1573655400,46.5,46.55,45.81,46.3,15839046
1573741800,46.12,46.83,45.77,46.8,11825147
1573828200,47.6,48.52,47.34,47.71,17865206
1574087400,47.95,48.405,47.47,47.82,12642611
1574173800,48.11,48.18,46.28,46.58,18393956
1574260200,46.15,46.5048,45.23,45.57,24695539
1574346600,45.3,46.18,45.04,45.55,14192911
1574433000,45.93,46.38,45.75,45.87,11253713
1574692200,46.1,47.55,45.94,47.52,18828567
1574778600,47.65,47.67,46.54,46.715,12919896
1574865000,47.35,48.265,47.11,48.16,15441179
1575037800,47.94,47.95,47.44,47.51,7343564
1575297000,47.57,47.95,46.345,46.39,16094841
1575383400,45.12,45.4,44.55,45.23,20857141
1575469800,46.18,46.6,45.73,46.3,16930406
1575556200,46.71,47.4,46.25,46.62,13016024
1575642600,47.44,48.33,47.32,47.93,20485169
1575901800,47.565,47.77,46.43,46.45,16566735
1575988200,47.04,47.92,46.72,47.46,19283615
1576074600,47.75,49.34,47.69,49.26,22112203
1576161000,49.36,51.33,49.32,50.97,36682623
1576247400,51.02,52.32,50.7,51.2,30050047
1576506600,52.76,54.3,52.692,52.94,38712776
1576593000,53.99,54,52.65,53,28375948
1576679400,53,53.72,52.37,53.04,39580515
1576765800,55.01,55.29,53.9,54.53,56296823
1576852200,54.9,55.93,54.6343,55.06,44372256
1577111400,55.23,56.11,55.14,55.4,23715219
1577197800,55.45,55.64,55.035,55.42,8621852
1577370600,55.45,55.65,54.9147,55.105,13550984
1577457000,55.24,55.53,53.885,54.03,17188667
1577716200,53.77,53.88,52.66,53.21,15279481
1577802600,52.91,53.9,52.78,53.78,13299917
1577975400,54.85,55.49,54.51,55.39,20184045
1578061800,54.16,55.305,54,54.53,16826595
1578321000,53.75,54.14,53.164,53.565,18791489
1578407400,55.38,58.4,55.36,58.27,50303181
1578493800,58.09,58.39,57.06,57.52,29755395
1578580200,58.32,58.48,56.48,57.31,22405701
1578666600,57.47,57.5,56.2734,56.67,19148555
1578925800,57.01,57.78,56.86,57.45,16192026
1579012200,57.8,58.295,56.46,57.52,26550790
1579098600,57.03,57.12,55.84,56.17,21638614
1579185000,56.8,57.84,56.76,57.68,22732675
1579271400,58.02,58.12,57.01,57.66,20549195
1579617000,57.37,59.18,57.27,58.97,24821715
1579703400,59.515,60.25,58.85,59.17,22604370
1579789800,60.33,60.56,59.03,59.2,26146124
1579876200,60,60.02,57.24,57.76,28555345
1580135400,55.15,55.99,54.62,55.41,27310073
1580221800,56.25,56.78,55.24,56.47,18544882
1580308200,55.99,57.19,55.292,55.3,19306749
1580394600,54.18,55.07,53.22,55.03,30783775
1580481000,55.15,55.2,52.7,53.09,28550849
1580740200,53.2535,54.11,53,53.78,20481023
1580826600,55.29,56.02,54.94,55.5,19998615
1580913000,57.02,57.26,55.82,56.77,19795257
1580999400,58.08,59.17,57.41,58.68,23358721
1581085800,57.97,58,56.77,56.88,20891081
1581345000,56.3,57.34,56.2,57.33,15929036
1581431400,57.88,58.84,56.33,57.25,26776853
1581517800,59.04,61.19,58.9,59.27,47180808
1581604200,59.005,60.625,58.86,59.33,23679687
1581690600,60.16,60.56,58.26,58.5,20920168
1582036200,57.07,58.0367,56.62,57.75,21547966
1582122600,58.58,60.25,58.56,59.99,23335537
1582209000,59.88,59.99,57.69,59,20797112
1582295400,58.63,58.73,55.89,56.99,27051214
1582554600,53.31,55.46,52.61,55.01,33321075
1582641000,54.84,55.45,51.55,52.1,41894208
1582727400,52.65,54.27,51.88,52.37,28100934
1582813800,50.63,52.85,49.99,50.58,36349245
1582900200,48.65,52.916,48.39,52.56,40288568
1583159400,53.2,54.69,52.1,54.59,33272718
1583245800,54.6,55.4,51.1,51.8,36893228
1583332200,53.02,55.3761,52.21,55.29,28222016
1583418600,53.45,55.61,53.34,53.72,26223045
1583505000,52.2,53.19,50,51.47,30313741
1583760600,45.48,48.6,44.9201,45.97,31260751
1583847000,48.15,48.26,45.29,47.86,31652856
1583933400,46.2,46.32,42.845,43.72,38525899
1584019800,39.4,42.5397,38,38.81,40117178
1584106200,41.57,43.02,38.35,42.99,35264761
1584365400,37.35,39.14,34.45,34.47,36879094
1584451800,35.49,39.13,34.02,37.38,34869000
1584538200,34.26,36.555,31.13,34.69,36518999
1584624600,34.66,37.3,33.65,36.29,31015192
1584711000,37.77,38.59,35.84,36.11,37667447
1584970200,36.99,39.47,35.69,38.25,45286038
1585056600,41.82,44.42,41.14,43.27,45587995
1585143000,43.91,44.88,40.03,42.5,54091017
1585229400,44.9,45.75,43.33,44.79,62564931
1585315800,43.25,45.28,42.31,43.48,39791531
1585575000,44.17,45.57,43.1475,44.52,33763946
1585661400,44.4,45.17,41.91,42.06,36723661
1585747800,40.5503,42.3,39.33,39.89,37452839
1585834200,39.79,41.59,39.52,41.09,31457661
1585920600,40.97,41.86,40.55,41.22,28522389
1586179800,43.35,46.69,43.34,46.37,37899134
1586266200,48.09,48.37,46.04,46.54,34646388
1586352600,47.08,48.69,46.8,48.29,27694408
1586439000,49.2997,49.81,45.35,46.13,39840439
1586784600,44.9,46.39,44.39,46.17,30449948
1586871000,47,48.38,46.6242,47.62,25737981
1586957400,46.4,46.66,45.635,46.43,22389406
1587043800,47.02,47.2,44.66,45.53,26588971
1587130200,46.78,46.89,44.85,45.7,23388325
1587389400,44.52,45.08,43.3,43.4,30463349
1587475800,43,43.07,41.185,41.41,32482200
1587562200,43.11,44.2,42.745,43.91,21398338
1587648600,43.82,44.715,43.42,43.77,22273104
1587735000,43.8,44.32,42.98,44.16,16592827
1587994200,44.9965,45.39,44.58,45.28,16667220
1588080600,46.21,47.69,45.28,45.31,25234949
1588167000,46.58,50.14,46.33,49.83,35742961
1588253400,49.48,49.58,47.37,47.89,28585360
1588339800,46.36,46.92,44.52,45.06,28193974
1588599000,44.19,44.69,43.61,44.46,21377060
1588685400,45.45,46.95,45.11,45.41,21007549
1588771800,46.07,47.12,45.92,46.08,22011853
1588858200,47.1165,47.5,46.34,46.59,16372090
1588944600,47.29,48.46,47.29,48.25,17444957
1589203800,47.74,48.73,47.44,48.2,17353524
1589290200,48.52,48.5642,45.64,45.69,26738906
1589376600,45.87,45.88,42.95,43.53,35117460
1589463000,43.06,45.78,42.51,45.73,27543459
1589549400,43.28,44.78,43.24,44.41,28803929
1589808600,45.83,46.15,44.95,45.92,20325856
1589895000,45.78,46.23,45.02,45.12,17389546
1589981400,46.51,47.04,46.0933,46.64,17876492
1590067800,46.5,46.5738,44.76,45.22,17445286
1590154200,45.148,45.31,44.24,44.94,13385403
1590499800,46.22,46.685,45.45,45.8,24303857
1590586200,45.95,49.58,43.9,49.45,56071472
1590672600,48.7,48.79,46.07,46.47,38331501
1590759000,46.62,48.02,46.212,47.91,26354601
1591018200,47.49,47.67,46.32,46.34,21901335
1591104600,46.49,46.85,45.57,46.82,23035580
1591191000,48.04,49.42,47.45,48.92,34662060
1591277400,48.86,51.98,48.6034,51.22,34830807
1591363800,52.66,54.82,52.59,53.72,34110668
1591623000,54.495,54.64,52.231,53.7,22850624
1591709400,52.65,53.5,52.45,53.15,17840779
1591795800,52.92,53.3,51.57,52.47,18766676
1591882200,50.42,51.085,48.195,48.52,29897582
1591968600,50.285,50.48,47.36,48.69,24293576
1592227800,47.36,49.73,47.1,49.24,18092296
1592314200,51.16,52.15,49.86,51.02,20987219
1592400600,51.3,51.51,50.535,50.96,13905124
1592487000,50.5,51.04,50.02,50.48,13220196
1592573400,51.16,52.75,50.75,50.83,28081459
1592832600,51.1,51.4,50.24,51.15,15952186
1592919000,50.69,50.89,49.5683,49.84,23194172
1593005400,49.65,50.1,48.02,48.29,19346521
1593091800,48.2404,49.31,47.275,49.19,14971944
1593178200,49.15,49.35,48.14,48.49,16929665
1593437400,48.69,49.15,47.58,49.145,24666247
1593523800,51.78,52.47,50.97,51.52,47852081
1593610200,51.52,51.555,49.61,49.7,25218352
1593696600,50.5,50.75,49.48,49.83,18562396
1594042200,50.75,51.43,50.48,50.92,16320963
1594128600,50.52,50.59,49.01,49.09,19797884
1594215000,49.56,49.75,48.96,49.71,15311881
1594301400,49.85,50.39,48.73,49.98,18510811
1594387800,50.01,50.71,49.4,50.7,18128740
1594647000,51.31,52.283,49.38,49.46,23296371
1594733400,49.08,49.79,47.95,49.71,17455171
1594819800,50.21,50.65,49.405,50.51,15911411
1594906200,49.82,50.285,49.23,50.1,14014036
1594992600,50.3066,50.43,49.28,49.47,15003823
1595251800,49.66,51.32,49.535,51.21,17604199
1595338200,51.62,52.66,51.23,51.52,16665366
1595424600,51.58,51.77,51.02,51.65,11412629
1595511000,51.74,54.2,51.57,52.64,33399936
1595597400,51.28,51.28,49.65,50.02,25348045
1595856600,50.6,51.71,50.49,51.59,15991714
1595943000,51.26,51.27,50.04,50.09,15614360
1596029400,50.39,50.63,49.78,50.39,14714763
1596115800,49.74,50.75,49.11,50.74,17644313
1596202200,50.62,50.7,49.26,50.055,17436426
1596461400,50.39,50.6246,50.02,50.39,15143482
1596547800,50.35,51.48,50.29,51.3,15701196
1596634200,51.09,51.28,50.63,51.05,13260598
1596720600,50,50.03,48.32,48.7,32204675
1596807000,48.69,49.1792,48.05,48.75,13637316
1597066200,48.85,49.665,48.265,49.15,15881467
1597152600,49.01,49.74,47.6317,47.76,21532825
1597239000,48.38,48.73,47.66,48.48,17224430
1597325400,47.16,47.23,45.93,46.14,41051686
1597411800,45.6,46.0794,45.2975,45.6,18167321
1597671000,45.9,45.94,44.74,45.22,17303785
1597757400,45.06,45.16,44.05,44.4,20118140
1597843800,44.3,44.7,43.85,44.05,19455520
1597930200,42.68,43.655,42.25,42.985,22445445
1598016600,42.85,43.06,42.4,42.66,15476669
1598275800,43.12,43.815,42.8917,43.76,14972192
1598362200,44.88,45.5399,44.6,45.1,21524906
1598448600,45.6,45.82,44.685,44.96,15328888
1598535000,44.55,44.83,43.67,44.62,13776961
1598621400,44.62,45.7883,44.405,45.69,13459067
1598880600,45.35,45.82,45.14,45.51,13241826
1598967000,45.53,45.79,45.055,45.76,14114221
1599053400,46.425,48.19,46.28,47.83,24636210
1599139800,47.7597,47.83,45.85,46.33,20632830
1599226200,46.19,46.95,44.89,46.48,20608463
1599571800,44.99,46.23,44.53,45.03,20893626
1599658200,45.88,45.88,44.45,45.15,17529098
1599744600,45.47,45.95,44.69,44.87,13744721
1599831000,45.23,46.48,44.96,46.09,18365511
1600090200,48.35,49.59,48.3,49.03,26715417
1600176600,49.37,49.66,48.7,49.05,14455967
1600263000,49.11,51.22,48.96,50.21,23552413
1600349400,49.16,51.29,48.81,50.98,20556870
1600435800,51.5,52.17,49.97,50.74,25548983
1600695000,49.61,49.78,47.89,49.15,21257519
1600781400,49.27,49.78,48.78,49.7,10845269
1600867800,51.01,51.61,49.64,49.85,19159965
1600954200,49.52,50.36,49.09,49.47,13842288
1601040600,49.565,49.6,47.78,49.14,17772994
1601299800,49.635,49.77,48.13,49.72,18904049
1601386200,49.71,51.38,49.59,50.71,36087184
1601472600,48.95,49.27,46.83,46.96,55392583
1601559000,47.1,48.18,47.05,47.92,24460003
1601645400,46.86,47.52,46.5,46.55,20277462
1601904600,46.99,47.73,46.98,47.6,16933667
1601991000,47.55,48.83,47.215,47.32,17926198
1602077400,48.42,48.995,48.32,48.41,13889331
1602163800,48.99,49.9999,48.22,49.9,14569659
1602250200,50.24,50.6,49.31,49.89,13933654
1602509400,50.58,50.84,50.08,50.68,13108832
1602595800,51.89,52.75,51.64,51.85,22179391
1602682200,52.005,52.25,51.35,51.63,15905594
1602768600,50.76,51.97,50.32,51.94,14000580
1602855000,52.15,52.55,51.58,51.61,14228730
1603114200,51.97,54,51.3,52.63,24176188
1603200600,53.14,54.195,52.75,53.53,17343402
1603287000,53.3,53.955,53.18,53.31,12922246
1603373400,53.29,54.85,53.08,54.38,14842646
1603459800,54.0905,54.12,52.38,52.85,16175695
1603719000,52.4,52.89,51.4,52.14,11678896
1603805400,52.03,52.32,51.535,51.96,8964755
1603891800,50.75,50.85,49.57,50,15463712
1603978200,49.71,50.91,49.38,50.48,12420700
1604064600,50.01,50.43,49.3,50.34,15961140
1604327400,50.7865,50.7865,49.44,49.71,13103224
1604413800,50.13,51.5902,50.01,51.08,11429516
1604500200,51.73,52.5,50.93,51.96,13554355
1604586600,52.88,54.779,52.78,54.58,16373614
1604673000,54.46,55.41,54.33,55.16,13922596
1604932200,56.47,57.83,55.87,55.96,20968501
1605018600,55.1292,55.94,54.36,55.41,14502115
1605105000,55.97,56.94,55.85,56.36,14765542
1605191400,56.6,56.97,55.89,56.25,13788739
1605277800,56.79,58.19,56.75,57.93,14328409
1605537000,59.715,61.91,59.61,61.86,31397249
1605623400,61,62.2,60.3,61.99,17703614
1605709800,61.5,62.04,60.625,60.74,18734474
1605796200,60.035,61.97,59.65,61.83,12723552
1605882600,61.48,62.635,61.35,61.4,14122261
1606141800,62.61,64.5,62.3,64.18,20612569
1606228200,64.288,64.288,62.89,63.95,22625586
1606314600,63.66,64,62.61,63.43,12468450
1606487400,63.83,64.8,63.51,64.23,7500221
1606746600,64.56,65.25,63.58,64.09,20373490
1606833000,65.245,68.625,65.14,67.08,36204105
1606919400,67.61,69.39,66.76,69.11,23298933
1607005800,70.57,71.12,69.55,69.9,20462288
1607092200,71.105,74.38,70.54,73.34,31860827
1607351400,73.29,73.4,71.48,72.61,17460614
1607437800,72,73.545,71.98,73.19,15431056
1607524200,73.15,74.605,70.78,71.41,18367270
1607610600,70.14,71.9478,69.67,71.28,15610587
1607697000,70.38,71.32,69.4,70.53,15321960
1607956200,71.4,72.2,71.03,71.54,13573729
1608042600,72.81,73.37,72.33,73.15,11545370
1608129000,74.19,74.35,72.625,72.99,13889265
1608215400,73.5877,73.74,71.7636,72.26,11988148
1608301800,72.7,73.45,71.06,71.46,23912509
1608561000,70,71.6987,69.65,71.47,13180361
1608647400,71.5124,71.78,69.76,70.44,11165128
1608733800,70.47,71.055,69.89,69.95,8523980
1608820200,70.31,70.64,69.76,70.58,4848465
1609165800,71.79,72.11,70.47,70.66,8345201
1609252200,71,71.4,69.14,70.21,9403371
1609338600,70.42,72.65,70.37,71.92,11620343
1609425000,72.39,75.68,72.3654,75.18,23214527
1609770600,76.48,78.61,73.75,74.05,31155894
1609857000,76.44,78.69,76.03,77.26,33418227
1609943400,76.36,78.45,76.1,77.11,22390857
1610029800,78.06,80.08,78.05,79.11,27945289
1610116200,82.54,84.16,77.07,77.42,51272079
1610375400,76.59,79.7913,76.4231,78.67,19941576
1610461800,79.19,79.62,77.82,79.46,18230997
1610548200,78.95,80.39,78.55,79.91,15067676
1610634600,80.01,82.21,79.55,81.3,17639331
1610721000,80.92,81.88,79.53,80.72,14322563
1611066600,81.28,85.6763,80.96,85.5,26602543
1611153000,85.93,87.25,83.23,83.5,21191673
1611239400,84,85.095,82.51,85.01,14703299
1611325800,84.08,84.95,82.225,82.28,14229542
1611585000,83.19,83.5,78.89,81.28,19283422
1611671400,81.79,81.98,79.01,79.51,13677969
1611757800,77.33,77.59,74.33,75.09,23513350
1611844200,77.2,80.18,76.7221,78.39,18351383
1611930600,78.36,79.37,76.95,78.27,17934352
1612189800,79.59,81.09,78.48,80.43,14900200
1612276200,81.26,81.74,79.9237,81.62,11386186
1612362600,81.85,82.53,78.97,79.11,17456045
1612449000,79.15,81.34,78.96,81.25,11519706
1612535400,81.77,82.02,80.72,81.1,10958008
1612794600,81.7452,84.06,81.64,84.01,12394788
1612881000,83.35,84,82.4,83.32,10362513
1612967400,84,84.44,81.3,82.35,9869151
1613053800,84.4,86.64,84,86.48,18750428
1613140200,86.11,88.315,85.46,88.01,14273930
1613485800,89.22,89.22,87.05,87.74,10312768
1613572200,86.69,87.32,84.9038,86.05,10039202
1613658600,86.52,88.73,85.96,88.535,19168058
1613745000,90.245,91.49,88.81,90.96,21886532
1614004200,89.53,90.52,85.915,86.28,16077033
1614090600,85.24,89.2,82.44,88.23,23203201
1614177000,88.3,92.6,87.73,92.52,21281678
1614263400,91.52,93.1,87.58,88.12,22546157
1614349800,89.74,92.94,88.23,91.53,22787603
1614609000,94.54,95.75,92.57,94.76,19908856
1614695400,93.57,94.9,90.9,91.09,18679626
1614781800,90.57,93.33,88.39,89.11,26424120
1614868200,88.81,89.75,81.85,84.33,31971097
1614954600,87.53,89.32,83.295,88.93,30329128
1615213800,88.5734,89.72,84.87,85.05,22708321
1615300200,88,90.18,86.3,89.3,22301358
1615386600,90.01,90.01,85.31,85.41,23407761
1615473000,87.59,90.22,86.85,89.31,20716466
1615559400,87.57,88.53,86.43,87.77,21916381
1615815000,87.77,88.91,86.14,88.85,16155423
1615901400,90.75,94.68,90.11,91.43,28539023
1615987800,91.33,95.485,90.1,94.76,24616721
1616074200,92.97,93.48,89.4099,89.82,27100866
1616160600,90.355,92.68,88.8893,90.51,24963387
1616419800,91.83,92.42,89.65,91.28,19365773
1616506200,91.02,91.27,84.9698,85.4,32043764
1616592600,87.06,87.15,82.92,83,24232794
1616679000,81.142,84.43,80.49,84.09,23630211
1616765400,84.16,88.14,84.03,87.99,23949134
1617024600,87.755,88.2499,85.77,86.59,21772814
1617111000,86.26,87.22,85.25,86.54,13896963
1617197400,87.44,89.08,86.71,88.21,25372290
1617283800,93,94.38,91.25,92.41,39700637
1617629400,93.9265,94.67,92.47,93.75,19795131
1617715800,93.84,96.1018,92.66,93.49,22847008
1617802200,94.25,95.07,92.54,93.96,17621496
1617888600,95,96.39,93.78,95.29,17815590
1617975000,94.3448,95.38,93.31,95.3,14080213
1618234200,95.19,96.96,94.75,95.59,18818295
1618320600,96.29,96.82,91.4,92.15,27102073
1618407000,91.66,92.53,89.51,90.67,19117367
1618493400,91.75,91.96,89.445,90.27,16017043
1618579800,90.4351,91.3301,90.08,90.66,12358662
1618839000,90.665,90.68,86.52,88.41,21361565
1618925400,88.38,88.95,86.53,87.48,17396914
1619011800,87.06,89.56,86.33,89.49,14781306
1619098200,88.2,88.36,83.9,84.71,34044137
1619184600,85.24,86.46,84.565,86.03,18168500
1619443800,86.47,88.3,86.11,87.84,14757740
1619530200,89.33,90.19,88.03,89.46,17680981
1619616600,87.6635,87.76,85.35,86.03,19433542
1619703000,87.72,88.09,85.55,88.06,16463338
1619789400,86.9335,88.4799,85.56,86.07,14548113
1620048600,86.97,87.0102,83.87,85.02,16300447
1620135000,84.14,85.44,82.03,84.41,17850528
1620221400,85.49,85.95,84.03,85.15,13172100
1620307800,84.865,85.12,83.28,84.8,13716894
1620394200,85.91,86.32,84.99,85.98,12746073
1620653400,84.95,85,80.8001,80.85,24862898
1620739800,77.27,80.76,76.82,80.68,23227830
1620826200,79.14,79.97,76.41,76.8,23472579
1620912600,77.97,78.865,76.53,77.19,20153780
1620999000,78.79,80.145,77.08,79.7,18241100
1621258200,79.095,80.42,77.72,80.39,15011513
1621344600,80.55,80.92,78.8,78.88,20893773
1621431000,77.212,80.27,76.16,79.93,27299968
1621517400,80.5,81.49,79.52,81.13,17123032
1621603800,81.77,81.99,80.37,80.72,13076931
1621863000,81.4175,83.62,81.3605,82.9,15730440
1621949400,83.565,83.71,79.71,81.23,26272100
1622035800,81.585,82.44,81.02,82.24,12609782
1622122200,82.46,84.75,82.33,83.93,22286477
1622208600,84.22,84.725,83.22,84.14,11330310
1622554200,84.92,85.755,83.62,84.15,11067180
1622640600,84.39,84.82,83.45,84.34,10314162
1622727000,83.68,84.07,81.89,82.03,14742130
1622813400,82.97,84.37,82.85,83.76,12591138
1623072600,83.19,84.23,82.65,84.04,9006393
1623159000,84.97,84.975,80.01,80.53,29666509
1623245400,80.17,80.56,78.52,78.66,21434898
1623331800,79.4,80.84,78.525,79.28,22683299
1623418200,80.07,80.76,79.21,79.34,12675698
1623677400,79.5,80.94,79.3683,80.49,14302957
1623763800,80.64,82.91,79.92,82.18,22308634
1623850200,82.73,83.11,80.1201,80.49,18116431
1623936600,79.7,81.44,79.365,80.64,16003884
1624023000,78.9,79.2835,76.13,76.95,39881533
1624282200,76.85,77.29,75.71,77.07,19810069
1624368600,77.61,78.28,77.045,77.66,16771830
1624455000,78.1,79.87,78.07,79.02,16662234
1624541400,80.43,80.8986,79.92,80.58,15720992
1624627800,81.57,82.84,81.09,82.03,19603797
1624887000,82.63,83.6,82.16,83.38,18365547
1624973400,83.54,83.84,81.87,82.93,18530826
1625059800,84.85,85.4,83.43,84.98,40670774
1625146200,82.24,82.25,79.91,80.11,53298989
1625232600,80.61,80.8899,78.89,80.33,22711217
1625578200,80.79,81.5398,79.76,81.08,21126480
1625664600,81.69,81.81,77.95,78.22,23026891
1625751000,76.25,77.875,75.961,77.11,23114480
1625837400,77.41,78.9499,76.73,78.74,15441108
1626096600,78.75,79.73,77.71,79.56,12639295
1626183000,79.28,79.5,78.1,78.45,14263435
1626269400,79.35,80.76,78.32,78.49,15952277
1626355800,78.34,78.4625,76.34,76.92,16616848
1626442200,77.155,77.605,74.84,75.01,19132117
1626701400,73.84,74.68,73.2,74.58,23436873
1626787800,74.66,75.92,73.77,75.39,14855755
1626874200,75.345,77.24,75.34,77.19,15945835
1626960600,76.23,76.25,74.46,75.53,19042218
1627047000,75.925,76.04,74.895,75.94,12345202
1627306200,75.81,77.48,75.51,76.3,12023894
1627392600,74.79,74.79,72.51,74.22,23940464
1627479000,74.55,76.01,74.38,75.55,14348257
1627565400,76.08,77.12,75.95,77.08,14529403
1627651800,76.13,78.115,76.0602,77.58,12528854
1627911000,79.04,79.4915,77.47,77.64,14904234
1627997400,78.873,81.07,77.94,80.86,25807609
1628083800,80.45,83.09,79.54,81.98,29176932
1628170200,82.14,83.07,81.16,81.49,14820989
1628256600,81.2,82.88,81.05,82,14612555
1628515800,81.73,82.04,80.08,80.21,13363279
1628602200,79.82,79.82,75.77,75.91,40705022
1628688600,76.04,76.05,73.72,75.03,31624853
1628775000,72.18,72.2,68.81,70.25,72528554
1628861400,70.05,71.24,69.88,70.92,25301392
1629120600,70.2,71.76,69.92,70.93,18143946
1629207000,70.17,71.447,69.613,70.78,17545803
1629293400,71.25,71.88,70.58,70.62,14004290
1629379800,70.14,70.82,69.04,70.28,18022599
1629466200,70.14,71.03,69.58,70.23,14603090
1629725400,70.84,71.88,68.9,71.74,22264966
1629811800,72.14,72.69,71.69,71.98,18092685
1629898200,72.79,77.03,72.1799,74.04,36552132
1629984600,73.23,73.24,71.7,72.77,20315127
1630071000,72.46,74.15,72.1504,74,14994166
1630330200,74.12,74.75,72.835,73.16,12810663
1630416600,73.68,74.62,73.32,73.7,14807376
1630503000,74.32,74.32,73.02,73.72,14007056
1630589400,73.21,74.01,72.305,73.99,14817050
1630675800,74,74.72,73.6,73.81,9225452
1631021400,73.755,74.49,73.16,73.64,12031182
1631107800,73.2,73.24,71.11,72.27,17375480
1631194200,71.63,73.27,71.42,72.87,14638051
1631280600,73.77,75.625,73.46,73.5,18240604
1631539800,74.56,75.22,73.52,74.35,15796722
1631626200,73.79,74.12,72.91,73.49,13945140
1631712600,72.95,73.93,71.76,73.82,15258825
1631799000,73.3,74.96,72.78,74.63,12867652
1631885400,74.405,74.5,73.3201,74.3,20449629
1632144600,72.6,72.76,71.19,72.37,23228318
1632231000,72.92,73.13,71.66,72.14,16026787
1632317400,73.04,74.58,72.64,73.97,16996129
1632403800,73.61,74.79,73.25,74.04,17304513
1632490200,73.295,74.5,73.07,74.05,14804342
1632749400,73.65,75.88,73.51,75.18,18435175
1632835800,74.5,74.99,73.06,73.1,27311541
1632922200,71.16,73.32,70.22,71.64,38169155
1633008600,72.2,72.6,70.86,70.98,16923261
1633095000,71.34,71.57,70.1,70.99,17813795
1633354200,70.6,71.57,70.36,70.62,19525749
1633440600,71.21,71.21,69.61,70.5,14512085
1633527000,69.8,70.38,69.03,69.94,17899257
1633613400,70.4,71.67,70.12,70.54,15236105
1633699800,70.93,70.94,69.7,70.12,13666158
1633959000,69.9,70.355,69.18,69.22,12700216
1634045400,69.3891,69.4304,65.67,66.72,36911713
1634131800,66.74,67.4201,66.23,66.38,17532422
1634218200,67.28,68.08,66.81,67.8,15541629
1634304600,68.09,68.4584,67.48,67.68,11786145
1634563800,67.01,67.628,66.29,67.26,11849258
1634650200,67.37,67.889,66.64,67.57,16930284
1634736600,67.2,69.2,67.01,68.27,19457791
1634823000,67.95,68.7,67.67,68.64,11140699
1634909400,68.51,69.09,67.085,67.51,17892148
1635168600,69.62,71.12,68.54,68.76,23341333
1635255000,69.37,69.82,68.47,68.94,14267900
1635341400,68.52,68.695,67.45,68.24,13541853
1635427800,69.29,70.35,69.18,69.58,16966036
1635514200,68.385,69.55,68.04,69.1,11440853
1635773400,68.97,70.97,68.94,70.7,11988416
1635859800,70.49,70.85,70.04,70.76,9761144
1635946200,70.715,71.33,70.26,71.25,10266900
1636032600,72.37,72.478,71.04,72.24,15936561
1636119000,73,73.74,72.36,72.92,13019283
1636381800,73.32,75.03,73.12,74.56,18742302
1636468200,75.1,76.27,74.56,75.59,20127255
1636554600,74.155,75.147,73.2,73.41,15228340
1636641000,74.02,74.96,73.619,74.55,12192644
1636727400,75.02,78.02,74.95,77.3,26553201
1636986600,77.76,78.28,76.6,76.78,12650712
1637073000,76.56,77.15,75.78,76.81,11807642
1637159400,76.48,76.57,75.19,75.46,11600537
1637245800,76.9,77.5,75.75,77.02,16848232
1637332200,78.93,83.86,78.93,83.03,47216140
1637591400,83.66,87.67,83.66,83.86,34775207
1637677800,85.04,87.71,84.33,85.41,31823330
1637764200,84.75,87.155,84.61,86.21,21666066
1637937000,83.13,84.05,81.98,83.42,16487233
1638196200,84.38,86.27,84.155,86.14,18889820
1638282600,85.58,86.92,83.95,84,27301042
1638369000,86.55,89.05,85,85.15,31653636
1638455400,82.632,83.59,81.35,82.88,22994496
1638541800,83.71,84.43,80.64,81.62,19167224
1638801000,81.83,83.23,80.53,82.45,15094888
1638887400,84.42,87.039,84.33,85.83,21716939
1638973800,85.435,86.34,84.031,86.02,12908466
1639060200,85.3,86.54,84.63,84.93,11964259
1639146600,84.34,85.68,84.1301,85.54,11955861
1639405800,86.61,87.38,84.2,84.35,13054432
1639492200,83.22,84.77,82.91,83.29,12082484
1639578600,83.48,85.79,82.055,85.66,13971453
1639665000,85.88,86.32,82.133,82.69,16503228
1639751400,81.62,83.29,80.94,83,23251154
1640010600,82.14,83.25,80.91,82.03,22346807
1640097000,88.99,91.14,87.35,90.68,58363551
1640183400,90,90.48,88.92,90.34,18593895
1640269800,90.7,95,90.35,94.42,36400104
1640615400,93.72,94.93,92.73,94.43,17117704
1640701800,93.75,93.89,92.06,92.94,13683846
1640788200,94,96.745,93.91,96.17,32234608
1640874600,94.4,95.505,93.4332,93.89,19327840
1640961000,94,94.4174,93.03,93.15,13660556
1641220200,93.905,95.835,93.48,95.75,18719697
1641306600,95.6,96.59,93.54,96.34,19725020
1641393000,95.38,98.45,94.35,94.4,28613129
1641479400,95.1046,96.71,94.12,95.65,22320264
1641565800,96.09,97.19,93.94,94.45,14857859
1641825000,94.26,95.67,91.04,93.89,20289997
1641911400,92.455,94.27,91.65,94.2,14924886
1641997800,95.16,96.23,93.78,95.11,13339184
1642084200,96.5,98.105,95.3031,95.62,23679830
1642170600,94.44,97.43,94.4,97.36,18384993
1642516200,95.53,95.95,92.54,92.87,19920161
1642602600,93.72,94.78,89.77,90,19043766
1642689000,90.28,90.33,84.93,85.07,24701342
1642775400,84.22,85.14,81.52,81.93,29716319
1643034600,80.27,83.04,77.64,82.95,29769629
1643121000,80.92,82.42,79.65,80.72,22128380
1643207400,83.245,84.785,80.61,81.97,21018662
1643293800,83.51,83.695,78.3901,78.72,22693965
1643380200,77.37,79.28,75.52,79.27,24434646
1643639400,78.96,82.31,78.02,82.27,21898195
1643725800,82.2,82.39,80.42,81.45,15237402
1643812200,82.92,84.7,82.54,84.51,19862826
1643898600,82.67,85.18,81.71,81.97,19598165
1643985000,81.222,82.19,79.84,81.17,15657509
1644244200,81.36,82.04,80.48,80.87,11799784
1644330600,81.15,84.4,81,84.12,18315742
1644417000,84.6,88.78,83.56,88.12,22386914
1644503400,89.19,94.64,88.48,91.02,33820696
1644589800,91.28,94.5799,88.95,89.76,30999980
1644849000,91.99,93.17,88.71,89.86,23499096
1644935400,91.01,96.5,91.01,96,27083529
1645021800,94.44,96.49,93.57,96.06,15573596
1645108200,95.04,96,93.49,93.73,17943285
1645194600,94.53,94.68,88.895,90.8,19530513
1645540200,89.84,93.97,88.67,90.57,24825717
1645626600,91.47,91.87,87.07,87.31,19135407
1645713000,84.13,88.94,83.79,88.83,24472315
1645799400,87.9635,90.48,87.28,90.1,15008658
1646058600,88.45,89.75,87.1598,88.86,17269788
1646145000,88.56,89.84,84.66,86.26,20794836
1646231400,87.17,94.07,87.03,93.3,28398700
1646317800,91.62,92.19,88.385,89.18,22099752
1646404200,87.42,87.42,80.515,81.91,28221728
1646663400,81.76,82.97,75.625,75.7,26715511
1646749800,76.25,80.25,73.93,77.16,28343183
1646836200,79.97,80.49,77.54,79.44,19647851
1646922600,77.735,77.735,73.81,75.72,21691955
1647009000,76.655,76.7,72.635,72.82,22786509
1647264600,71.75,72.48,68.96,69.4,24893444
1647351000,70.048,73.53,68.34,73.11,22850964
1647437400,76.47,79.71,76.15,79.67,35742765
1647523800,78.2,80.58,77.2,80.52,21612244
1647610200,79.1,81.2,78.06,79.41,28601158
1647869400,78.99,79.89,75.53,78.35,30878163
1647955800,77.7,79.73,77.51,79.12,16768042
1648042200,77.86,78.22,75.075,75.65,28059803
1648128600,75.9,78.535,75.32,78.21,23348049
1648215000,78.265,78.3,75.13,78.1,22491043
1648474200,78.59,80.18,77.27,79.86,26605277
1648560600,82.1,82.55,79.26,82.05,41290740
1648647000,84.3,86.24,78.6,79.16,70087027
1648733400,77.67,79.96,76.83,77.89,34588634
1648819800,78.43,78.91,74.06,76.18,33536055
1649079000,76.9,78.18,76.5103,77.67,24320306
1649165400,76.71,78.02,74.3,74.61,21171421
1649251800,73.175,74.885,71.47,73.78,28080116
1649338200,73.67,74.68,72.13,73.28,22658636
1649424600,72.5,72.85,70.83,72.14,20562565
1649683800,70.55,72.91,70.09,72.03,21127921
1649770200,72.79,73.59,71.57,71.96,18658506
1649856600,72.365,73.75,71.86,72.38,18891991
1649943000,72.56,72.81,70.09,70.13,18543538
1650288600,70.25,72.1,70.05,71.15,17476740
1650375000,70.96,73.41,70.77,72.73,15138970
1650461400,73.806,76.2295,72.89,73.2,19042573
1650547800,73.97,74.49,70.65,70.92,17645347
1650634200,70.64,70.98,69.31,69.41,18682432
1650893400,68.42,70.17,67.93,70.12,20072116
1650979800,68.685,69.16,67.04,67.08,18628694
1651066200,66.13,68.48,65.862,66.47,17123641
1651152600,67.65,70.81,67.06,70.18,21058415
1651239000,69.1,71.335,68.02,68.19,16843482
1651498200,68.16,70.74,67.58,70.6,15342804
1651584600,70.47,71.96,70.2,71.26,13539078
1651671000,71.77,73.9,70.16,73.62,17201941
1651757400,72.31,72.56,70.36,71.29,16603567
1651843800,70.55,71.91,68.89,70.35,15159769
1652103000,69.2,71.4,67.48,67.93,21770876
1652189400,69.57,70.59,67.61,68.91,17662664
1652275800,68.66,70.88,66.82,66.96,17237252
1652362200,66,68.9011,65.87,67.71,27022917
1652448600,69.095,72.63,68.02,71.92,22871972
1652707800,71.51,72.04,70.32,70.47,13394748
1652794200,72.25,74.73,72.1499,74.48,17671486
1652880600,73.18,74.22,70.09,71.05,20635056
1652967000,70.76,71.7,69.05,69.4,17557951
1653053400,70.6,70.69,66.11,68.9,20313303
1653312600,68.77,70.1999,68.52,69.59,12356239
1653399000,68.36,68.41,66.01,66.62,18764531
1653485400,65.925,68.85,65.9,67.87,16241150
1653571800,66.39,71.0399,66.35,70.6,14902509
1653658200,71.76,73.435,71.64,73.32,13078717
1654003800,73.47,74.4797,71.93,73.84,15452990
1654090200,74.498,75.39,72.55,73.55,13595403
1654176600,73.13,75.41,73.13,75.37,11373151
1654263000,71.69,71.69,69.1101,69.94,30306552
1654522200,70.742,72.14,70.01,70.45,13198700
1654608600,68.65,70.87,68.12,70.76,14327996
1654695000,69.84,70.4,67.76,68.6,16362980
1654781400,67.94,68.69,66,66.02,15073741
1654867800,64.84,65.56,62.28,62.62,26647545
1655127000,60.02,60.96,58.58,58.84,24278595
1655213400,59.36,59.8721,57.72,58.7,17036011
1655299800,59.33,60.075,57.55,59.12,19726222
1655386200,57,57,54.25,55.01,22706176
1655472600,55.9,56.32,53.6,55.75,24139828
1655818200,56.815,57.92,56.34,56.8,15502830
1655904600,55.96,57.14,55.6,56.34,13524699
1655991000,56.61,56.83,54.955,56.22,13366626
1656077400,57.15,59,57.13,58.44,15647556
1656336600,59.575,60.045,58.37,58.78,16159869
1656423000,58.98,60.59,57.81,57.86,19404466
1656509400,57.23,57.52,55.32,56.02,17351367
1656595800,54.99,56.405,54.22,55.28,29572420
1656682200,53.29,53.96,51.4,53.65,43681742
1657027800,52.175,56.89,52.09,56.73,33766111
1657114200,56.85,58.12,56.4619,57.37,23565024
1657200600,59.1,59.31,57.84,58.85,22945542
1657287000,58.221,60.43,58.1019,59.14,19283045
1657546200,58.11,58.605,57.71,57.81,13963237
1657632600,58.415,60.08,58.1,59.18,21523085
1657719000,57.375,59.4193,57.36,58.86,13987599
1657805400,57.935,59.66,57.32,59.35,14803838
1657891800,61.48,61.7,59.4,61.53,20317786
1658151000,62.09,62.325,60.14,60.45,13233041
1658237400,61.465,62.755,61.38,62.4,19103715
1658323800,62.22,63.52,61.85,63.3,15176188
1658410200,62.6,63.68,61.93,63.64,12924682
1658496600,61.285,62.92,61.01,61.29,22201715
1658755800,61.35,61.83,59.7,60.15,14479422
1658842200,60.31,60.685,59.55,59.66,11044824
1658928600,60.49,62.39,59.61,61.89,14589817
1659015000,62.25,62.3,60.19,62.07,10120280
1659101400,61.35,62.09,60.7727,61.86,14199686
1659360600,62.5,63.99,62,62.54,13347167
1659447000,61.75,63.3,60.88,62.47,11535836
1659533400,62.5,64.53,62.4383,64.25,12290125
1659619800,64.12,64.99,63.65,64.85,11338439
1659706200,62.86,63.215,61.795,62.46,15047086
1659965400,61.99,62.62,60.98,61.45,11464767
1660051800,58.995,60.54,57.74,59.15,33107228
1660138200,60,61.5602,59.39,61.4,17418395
1660224600,62,64.1009,62,62.32,18298541
1660311000,62.66,65.415,62.23,65.04,16193978
1660570200,64.7,65.1199,63.89,64.7,9689080
1660656600,64.12,64.56,63.22,63.86,9275386
1660743000,62.81,62.81,60.76,61.62,14728358
1660829400,61.75,63.415,61.25,62.98,11303931
1660915800,61.835,62.25,60.28,60.51,14050335
1661175000,59.562,59.61,57.965,58.31,13096754
1661261400,58.35,59.29,57.76,57.86,12769112
1661347800,57.88,58.565,57.36,58.31,9961297
1661434200,58.6,61.27,58.58,61.2,12171626
1661520600,61.07,61.22,57.61,57.63,15754011
1661779800,57.31,58,56.52,57.01,11607551
1661866200,57.48,57.8,55.58,56.3,12743714
1661952600,55.99,57.155,55.81,56.53,14172195
1662039000,55.26,57.4,54.79,57.31,17594490
1662125400,58.3,58.8,56,56.33,12809670
1662471000,56.33,56.69,55.125,55.23,12133296
1662557400,55.31,55.72,54.01,55,17030573
1662643800,54.49,55.915,53.74,55.39,18415254
1662730200,56.17,57.68,56.17,57.44,13929807
1662989400,57.46,58.14,57.03,57.94,10711515
1663075800,55.7,56.24,53.14,53.62,22361781
1663162200,53.89,54.2302,52.455,53.11,19984874
1663248600,52.7,53.45,51.98,52.69,15620790
1663335000,51.89,53.01,51.49,52.85,24901691
1663594200,51.97,52.77,51.88,52.1,19251428
1663680600,51.53,51.59,50.59,50.8,19373809
1663767000,49.74,52.51,49.72,50.1,31117286
1663853400,49.8,50.37,49.345,49.66,21316979
1663939800,49.28,50.15,48.45,50.1,24591711
1664199000,49.925,50.46,48.81,48.88,19266761
1664285400,49.82,50.65,49.395,50.58,17297534
1664371800,50.11,51.19,50.1,51,17784304
1664458200,50.04,50.3,49.22,50.01,25582107
1664544600,50.54,52.06,49.81,50.1,38917675
1664803800,51.01,53.085,50.64,51.72,24632356
1664890200,53.56,54.81,52.6616,53.96,24275473
1664976600,52.882,55.2,52.17,54.73,20418268
1665063000,54.4,55.1075,53.3,54.62,17149380
1665149400,53.56,54.645,52.51,52.91,21977713
1665408600,53.07,53.13,50.765,51.38,17227359
1665495000,50.64,54.78,50.33,53.71,32813669
1665581400,53.6,53.77,52.39,52.75,18131920
1665667800,51.352,55.92,50.74,54.86,27605005
1665754200,55.235,55.44,52.6,52.72,20409204
1666013400,54.6,54.99,52.85,53.5,18261725
1666099800,55.01,55.14,51.66,52.55,19774779
1666186200,52.09,53.43,52.06,53.03,14786102
1666272600,53.5,55.1,53.17,53.7,15711842
1666359000,53.49,56.28,53.335,56.05,20199202
1666618200,56.23,56.81,55.0702,56.24,15293610
1666704600,56.68,57.03,55.34,55.87,17313001
1666791000,56.08,57.44,54.96,55.45,23527532
1666877400,55.37,56.23,52.12,52.21,27335831
1666963800,51.83,54.44,51.46,54.04,19171083
1667223000,53.91,54.93,53.169,54.1,15932482
1667309400,55.09,55.44,54.11,54.86,11729707
1667395800,54.735,56.27,53.42,53.45,17305837
1667482200,52.71,54.365,51.91,53.48,12769249
1667568600,55.26,56.91,54.815,56.16,18882663
1667831400,56.43,56.8199,55.46,56.56,11411267
1667917800,57.38,57.87,56.48,57.49,14190068
1668004200,56.22,56.65,55.51,55.97,19952451
1668090600,58.6,60.38,58.06,60.27,24982467
1668177000,60.65,63.18,59.88,62.52,17579438
1668436200,61.94,62.75,60.985,61.78,13988191
1668522600,63.495,64.44,62.42,63.1,16324955
1668609000,60.53,61.38,58.115,58.87,25901919
1668695400,57.3,58.99,56.51,58.74,14215119
1668781800,59.56,59.66,58.1,58.58,9703731
1669041000,58.02,58.02,56.82,57.16,9968440
1669127400,57.55,58.68,56.98,58.62,8955745
1669213800,58.24,59.06,57.75,58.93,8996842
1669386600,58.67,59.13,58.39,58.41,4360454
1669645800,57.32,57.76,55.47,55.75,15518925
1669732200,55.71,56.515,54.7743,55.12,12874235
1669818600,53.58,57.68,52.61,57.65,31461359
1669905000,57.83,57.92,55.1,55.49,21764196
1669991400,54.34,55.42,53.38,54.68,15946484
1670250600,54.37,55.2659,53.695,54.04,13806856
1670337000,53.862,54.625,53.24,53.68,17987970
1670423400,53.12,54.24,52.44,53.82,11367325
1670509800,54.555,55.695,54.0501,55.2,13609135
1670596200,54.68,55.855,54.52,54.87,9932167
1670855400,53.52,55.38,53.335,55.35,13250562
1670941800,57.185,57.89,54.645,55.24,14210470
1671028200,55.24,56.1,54.06,54.59,11235291
1671114600,53.56,53.72,51.85,52.04,17788826
1671201000,51.735,52.54,51.62,52.07,22951394
1671460200,52.17,52.29,51.1,51.72,16470021
1671546600,51.34,51.97,50.45,50.68,16942036
1671633000,50.925,51.745,50.745,51.19,20400778
1671719400,49.5,49.97,48.43,49.43,40959621
1671805800,49,50.55,48.985,50.2,17425714
1672151400,49.61,50.31,48.517,50.02,15159131
1672237800,49.84,51.085,48.825,49.12,12518743
1672324200,49.4,50.925,49.34,50.65,13204261
1672410600,49.445,50.02,49.125,49.98,11989834
1672756200,50.56,50.96,49.55,50.37,12422763
1672842600,53.05,54.52,52.73,54.2,25077299
1672929000,53.89,55.39,53.89,54.71,18030889
1673015400,55.43,57.29,54.03,56.77,21069764
1673274600,56.82,57.515,55.65,56.36,15715899
1673361000,56.16,57.28,55.86,57.21,10571344
1673447400,57.35,58.465,56.92,58.06,12142994
1673533800,58.11,58.24,56.43,57.27,14888081
1673620200,56.73,56.97,56.12,56.93,12520633
1673965800,57.16,58.6,56.55,56.85,10962708
1674052200,57.51,58.0473,56.3601,56.51,10035267
1674138600,55.71,57.085,55.28,56.36,12034241
1674225000,57.472,58.57,56.76,58.46,13826367
1674484200,58.92,61.91,58.86,61.82,20175377
1674570600,61.2,61.72,60.87,61.26,10183213
1674657000,60.672,61.67,60.42,61.54,10787198
1674743400,62.58,63.05,61.29,62.8,12219465
1674829800,62.14,64.34,61.96,63.87,15895821
1675089000,62.76,63.28,61.69,61.71,16168978
1675175400,59.1,60.34,58.65,60.3,23856292
1675261800,60.62,63.23,60.385,62.6,20902197
1675348200,63.56,63.92,61.86,63.17,15877623
1675434600,62,63.79,61.9,62.41,12187052
1675693800,60.94,61.18,59.7401,59.98,11484265
1675780200,60.09,62.385,59.7,62.13,12713113
1675866600,61.445,62.33,60.23,60.25,9510471
1675953000,61.2,61.8197,59.685,60.18,10094689
1676039400,60.5,60.76,59.25,59.82,11429707
1676298600,59.82,60.28,58.84,60.12,11466243
1676385000,59.52,62.305,59.03,62.07,12496242
1676471400,61.33,61.94,60.46,61.84,10461966
1676557800,60.78,61.35,59.85,60.05,12683409
1676644200,59.84,60.178,58.51,59.01,10874858
1676989800,58.34,59.71,57.49,57.6,12667499
1677076200,57.73,58.57,56.825,56.98,12260337
1677162600,59.14,59.748,57.44,58.75,16094550
1677249000,57.7,58.365,57.35,58.18,9867371
1677508200,59.17,59.56,57.83,57.9,8513994
1677594600,57.64,58.735,57.4,57.82,10493265
1677681000,57.86,58.55,57.22,57.34,9141394
1677767400,55.5,56.695,54.72,56.43,16628954
1677853800,56.46,56.87,55.44,56.78,13769228
1678113000,57.28,58.6481,56.54,56.83,14472224
1678199400,56.5,56.73,55.31,55.56,13278335
1678285800,55.84,56.92,55.35,56.89,11515668
1678372200,56.64,57.56,55.54,55.6,10199959
1678458600,55.66,56.51,54.53,54.93,14180699
1678714200,53.965,54.55,52.76,53.9,17365237
1678800600,54.97,55.42,53.7,54.27,14657040
1678887000,53.33,54.27,52.88,54.13,14643637
1678973400,53.69,56.71,53.61,56.57,14794233
1679059800,56.8,57.72,56.215,56.66,26655249
1679319000,56.7,57.865,56.08,57.64,10610206
1679405400,58.38,59.52,57.595,58.63,14613706
1679491800,58.4,60.41,58.09,58.17,16949317
1679578200,59.18,61.78,59.13,61.34,23903101
1679664600,60.505,61.4,60.5,61.16,18740564
1679923800,61.19,61.42,59.1701,59.79,15901000
1680010200,59.8,59.87,57.815,59.28,20496261
1680096600,60.91,64.42,60.87,63.54,51939839
1680183000,64.03,64.1,62.48,63.09,23038346
1680269400,60.35,61.6582,59.9,60.34,35416496
1680528600,59.805,59.805,57.87,59.61,23610823
1680615000,59.675,60.095,56.95,57.27,21303220
1680701400,56.82,57.11,56.01,57.02,19456216
1680787800,56.95,59.15,56.8,58.56,21496506
1681133400,61.18,63.77,61,63.27,43280135
1681219800,63.64,64.29,63.04,63.57,23090190
1681306200,64.36,64.36,61.84,61.96,16694110
1681392600,61.51,63.37,60.79,63,23286546
1681479000,63.18,63.22,61.765,62.63,14953015
1681738200,62.22,62.77,61.975,62.54,11546753
1681824600,63.33,63.45,61.48,61.93,12175168
1681911000,60.98,61.21,60.38,60.65,11652635
1681997400,59.88,61.95,59.87,61.46,14382205
1682083800,61.15,61.445,60.73,61.13,9606175
1682343000,60.095,60.875,59.35,59.51,13402645
1682429400,59.13,59.34,58.03,58.14,15987313
1682515800,59.575,61.18,59.34,61.02,25385015
1682602200,60.75,61.96,60.13,61.9,13524587
1682688600,62.43,64.435,62.3,64.36,18094717
1682947800,63.89,64.1,62.305,62.35,12823373
1683034200,62.23,62.58,61.245,61.9,12237630
1683120600,61.49,62.18,60.815,60.91,10818080
1683207000,60.55,60.96,59.9,60.51,13357926
1683293400,60.61,61.74,60.105,61.23,12312661
1683552600,61.25,61.345,60.305,60.87,11510442
1683639000,59.88,61.39,59.55,60.93,11895219
1683725400,61.92,62.31,59.79,59.99,14548695
1683811800,60.59,61.81,60.065,61.61,15536578
1683898200,61.99,62.19,60.15,60.92,12131366
1684157400,62.23,64.87,61.8,64.64,22227199
1684243800,64.55,65.22,63.3,63.73,15266397
1684330200,64.58,65.32,63.44,64.92,15947694
1684416600,65.98,68.59,65.08,67.57,30688019
1684503000,67.57,68.39,66.43,68.17,16812097
1684762200,65.75,66.75,64.76,66.23,37491046
1684848600,65.85,67.56,65.71,66.01,15896231
1684935000,64.95,66.73,64.88,66.53,15806645
1685021400,69.745,69.88,67.51,69.61,29021516
1685107800,69.88,74.59,69.8,73.93,33409984
1685453400,74.385,74.7699,71.5832,71.69,24454683
1685539800,68.895,69.85,67.92,68.2,30403609
1685626200,68.94,69.79,68.095,69.09,18153026
1685712600,69.985,70.545,68.29,69.17,13468239
1685971800,69.5,69.5,67.51,67.77,12441091
1686058200,67.025,68.84,66.815,67.54,12476560
1686144600,68.41,68.665,66.945,67.06,14610807
1686231000,66.502,66.52,64.01,65.32,25856752
1686317400,65.93,66.4,64.465,65.43,14652510
1686576600,65.84,67.54,65.79,67.45,14742476
1686663000,68.555,68.88,67.6,67.87,11911879
1686749400,67.54,69.21,67.52,69.12,11085818
1686835800,68.59,69.52,68.36,68.82,11842643
1686922200,70.15,70.5,66.06,67.66,32259693
1687267800,67.315,67.62,65.77,66.9,13265684
1687354200,66.75,67.2,65.34,65.8,10427173
1687440600,65.53,66.66,65.51,66.25,8646854
1687527000,65.45,65.96,64.84,65.28,12663593
1687786200,65.63,66.7,65.41,65.45,13815879
1687872600,65.27,66.84,63.7946,66.79,18305177
1687959000,65.65,67.73,65.39,67.07,27100091
1688045400,67.84,67.95,63.55,64.33,51141898
1688131800,64.495,65.1,62.9,63.11,31549615
1688391000,63.44,64.32,63.255,63.9,12921258
1688563800,63.5,63.75,62.02,62.06,16552989
1688650200,60.99,61.79,60.5,61.23,15622711
1688736600,61.43,61.49,60.625,60.65,15028085
1688995800,60.825,62.83,60.58,62.48,16953141
1689082200,62.6,63.67,62.31,63.6,13464462
1689168600,64.47,64.7,63.125,63.79,13953588
1689255000,64.18,64.645,63.55,64.53,11384662
1689341400,64.3,65.54,63.68,64.08,13860248
1689600600,63.8,65.67,63.34,65.16,11333639
1689687000,64.37,65.12,63.7508,64.94,10402308
1689773400,65.63,65.76,64.8,64.96,9463941
1689859800,64.4,65.545,64.25,64.69,12745070
1689946200,65.29,66.16,64.34,65.65,24540157
1690205400,65.36,66.64,65.225,65.48,10275069
1690291800,65.4,65.995,65.08,65.68,8610906
1690378200,65,67.88,65,67.38,14920570
1690464600,70.48,72.34,69.96,71.07,25068346
1690551000,71.58,72.1299,70.655,71.2,11935820
1690810200,71.12,71.77,70.87,71.39,11193789
1690896600,71,71.08,69.89,70.76,13153444
1690983000,69.75,69.85,67.34,68.17,14012010
1691069400,67.57,69.39,67.1614,69.18,11081192
1691155800,69.5,70.9345,69.13,69.91,11255547
1691415000,69.85,70.2294,68.83,69.38,10537537
1691501400,68.7,68.76,66.96,67.65,14767793
1691587800,67.78,67.97,66.62,66.7,10043174
1691674200,67.06,67.46,64.93,65.44,12775328
1691760600,64.9,65.31,64.07,64.37,11823083
1692019800,64.37,68.48,64.2,68.28,21953958
1692106200,67.59,67.63,65.32,65.33,13808529
1692192600,65,65.2299,64.09,64.22,9895360
1692279000,64.49,64.709,63.4,63.56,9933301
1692365400,62.31,63.855,61.75,63.59,9576535
1692624600,63.68,64.195,62.86,63.96,11311886
1692711000,64.3,65.08,63.285,63.41,8877758
1692797400,63.57,65.62,63.17,65.19,10747418
1692883800,66.14,66.24,63.37,63.69,12661624
1692970200,63.46,64.39,62.625,63.72,9409035
1693229400,65.72,66.11,64.66,65.31,9904856
1693315800,64.9,67.03,64.87,66.68,9954960
1693402200,67.19,68.7,66.52,68.09,16892172
1693488600,67.97,70.54,67.97,69.94,18420869
1693575000,70.21,70.62,69.55,70.39,10772024
1693920600,69.91,71.16,69.53,70.29,11144304
1694007000,70.13,70.6599,69.64,70.41,9192768
1694093400,69.45,70.288,69.1,69.87,12043224
1694179800,69.765,70.61,69.61,70.18,9806902
1694439000,70.83,70.86,69.31,70.03,9310367
1694525400,69.955,71.69,69.79,70.31,11062110
1694611800,71.05,71.86,70.365,70.85,14525471
1694698200,71.67,72.23,71.28,71.79,11170290
1694784600,71.29,71.628,69.64,69.88,16416127
1695043800,70.65,71.0501,69.9101,70.5,12735677
1695130200,70.62,71.06,69.97,70.71,10400203
1695216600,70.95,72.3052,69.65,69.68,15529661
1695303000,69,69.29,67.83,67.9,14978568
1695389400,68.59,69.75,67.79,68.88,15489768
1695648600,68.29,69.185,67.61,68.58,14899963
1695735000,67.97,69.045,67.59,67.94,12752503
1695821400,68.12,68.85,66.75,68.21,20852300
1695907800,65.97,67.0899,63.83,65.2,46749773
1695994200,66.36,68.73,66.36,68.03,24315500
1696253400,68.24,69.28,67.06,67.96,14880490
1696339800,67.17,69.65,67.11,67.83,12481501
1696426200,68.31,68.5,67.12,68.11,12912847
1696512600,68.61,69.54,68.34,69.05,14045022
1696599000,68.71,70.325,68.0001,69.96,15113360
1696858200,69.61,69.95,68.575,69.48,8588667
1696944600,69.49,70.11,68.89,69.07,9007592
1697031000,69.72,70.27,68.93,70.21,11165347
1697117400,70.39,70.72,69.295,69.75,11408726
1697203800,69.87,70.06,69.09,69.21,10288566
1697463000,69.01,70.03,68.14,69.08,11294107
1697549400,68.07,69.63,67.62,69,11843014
1697635800,68.01,69.55,67.98,69.14,11200982
1697722200,69.68,69.78,67.18,67.53,18111022
1697808600,67.56,68.52,67.135,67.22,11506070
1698067800,66.82,68.16,66.23,66.88,9489552
1698154200,67.29,68.35,67.13,68.07,8450723
1698240600,68.485,69.2,65.8998,66.5,11924264
1698327000,66.45,67.44,63.875,64.53,16697863
1698413400,64.92,66.27,64.88,65.65,9980252
1698672600,66.355,67.55,65.17,66.07,10667691
1698759000,66.08,67.07,65.26,66.87,8268405
1698845400,67,69.66,67,69.4,16777513
1698931800,70.32,71.025,69.75,70.44,11925952
1699018200,71.3,73.19,71.15,72.58,14457882
1699281000,72.58,72.99,72.0201,72.92,10069804
1699367400,72.48,73.13,71.71,72.8,8248379
1699453800,72.62,72.78,71.715,72.28,9917555
1699540200,73.55,76.1,73.495,73.57,22435873
1699626600,74.44,75.805,73.565,75.36,12309408
1699885800,74.15,75.2025,73.39,74.78,9116000
1699972200,76,77.45,75.91,77.17,12972719
1700058600,77.5,77.5,76.31,77.14,9954004
1700145000,76.89,77.48,76.48,76.67,12988965
1700231400,76.6,77.94,76.47,77.56,9378253
1700490600,77.34,78.905,77.13,78.62,11426586
1700577000,77.85,77.93,76.305,76.71,12016735
1700663400,77.2,78.45,76.85,77.1,8580370
1700836200,76.68,77.0055,76.37,76.87,4349574
1701095400,76.87,78.2899,76.66,77.51,11005568
1701181800,75.08,76.24,73.985,76.12,19225731
1701268200,77.45,79.02,76.375,76.69,14062876
1701354600,76.82,77,74.97,76.12,21701563
1701441000,76.01,76.54,75.09,75.93,14354668
1701700200,75.42,75.6,73.33,74.29,11659334
1701786600,73.47,73.97,73.04,73.69,8800502
1701873000,75.3,75.4,72.93,73.13,8883918
1701959400,74.02,74.205,72.99,73.65,10641263
1702045800,73.48,75.35,73.43,74.96,12007067
1702305000,77.19,78.51,76.965,77.79,18547625
1702391400,77.42,78.26,77.0985,78.16,10262094
1702477800,78.3,80.265,78.03,79.79,11629880
1702564200,80.81,82.4,80.79,82.19,17342785
1702650600,82.89,82.99,81.11,81.41,19547762
1702909800,81.59,81.86,80.81,81.56,12416649
1702996200,81.67,82.27,81.17,82.17,14316381
1703082600,81.46,81.62,78.63,78.69,29084993
1703169000,85,86.02,83.11,85.48,53969655
1703255400,86.15,87.49,85.62,86.49,22531844
1703601000,86.695,87.87,86.43,87.06,11203897
1703687400,87.48,87.49,86.22,86.66,9186288
1703773800,86.75,86.75,85.84,86,9606174
1703860200,85.84,86.1441,85.03,85.34,8549232
1704205800,84,84.08,81.75,82.34,13597088
1704292200,81.2,82.5883,80.585,82.26,12915620
1704378600,83.47,84.26,82.61,82.71,19134159
1704465000,81.48,83.53,81.01,83.45,15483746
1704724200,83.89,85.51,83.83,84.95,16219817
1704810600,83.13,84.19,82.9,83.33,12138742
1704897000,82.955,83.02,81.66,82.38,10748625
1704983400,82.8,83.45,81.82,83.39,10579319
1705069800,82.75,83.045,81.71,82.39,10187534
1705415400,82.54,85.215,82.33,84.61,13713528
1705501800,83.69,83.97,82.625,83.28,10245444
1705588200,85.22,85.82,84.04,84.82,15077686
1705674600,86.06,87.785,85.62,87.51,18156761
1705933800,88.27,89.95,88.01,89.24,14371228
1706020200,89,89.18,86.88,87.53,16850887
1706106600,88.41,88.57,86.61,88.08,19752769
1706193000,89.15,90.0446,88.495,89.2,15892371
1706279400,87.24,88.5,86.29,88.05,14934528
1706538600,88.5,89.57,88.015,89.07,12108100
1706625000,88.08,88.79,85.76,86.16,12980385
1706711400,84.957,86.92,84.7863,85.75,11396688
1706797800,86.07,86.19,84.615,85.61,10459042
1706884200,85.07,86.61,84.941,86.48,10450043
1707143400,86.74,87.22,85.61,86.98,8409312
1707229800,86.83,87.19,83.72,84.6,12990328
1707316200,84.14,85.28,82.47,85.17,16374835
1707402600,85.51,86.0346,84.53,84.88,12524471
1707489000,85.06,85.62,83.96,85.56,12161514
1707748200,85.53,86.905,85.39,85.7,10365996
1707834600,82.47,83.55,80.765,81.53,21207909
1707921000,82.18,83.175,81.49,81.83,12870944
1708007400,82.24,82.71,81.51,81.63,11527608
1708093800,80.96,81.3405,79.25,79.5,15553079
1708439400,79.335,80.77,79.15,80.71,12627192
1708525800,80.79,81.5,79.94,81.49,9943627
1708612200,85,86.31,83.88,85.91,17510923
1708698600,86.55,86.8199,85.05,86,10232768
1708957800,89.68,92.35,88.9,89.46,28920115
1709044200,91.89,92.745,90.49,91.85,21422677
1709130600,90.46,90.79,89.3,89.71,14190651
1709217000,90.645,90.83,88.8201,90.61,17027005
1709303400,91.92,96.059,91.92,95.15,23446165
1709562600,96.93,97.38,94.6177,95.77,20913228
1709649000,94.25,95.365,93.275,94.47,12887534
1709735400,95.05,96.43,94.5577,95.56,14232423
1709821800,98.93,99.69,97.47,98.98,24843323
1709908200,99.88,101.85,97.32,97.62,22379002
1710163800,95.9,96.46,93.525,94.51,15673308
1710250200,95.33,97.5,93.64,97.42,14993731
1710336600,95.32,95.34,93.1,94.16,16732631
1710423000,93.3,93.45,90.3,91.43,16718903
1710509400,92.48,94.7,92.02,93.25,29579528
1710768600,96.82,97.08,93.69,93.78,23140267
1710855000,92.58,94.16,91,94,21054656
1710941400,94.99,96.68,93.59,96.25,39807351
1711027800,113.365,113.5,108.7816,109.85,89554124
1711114200,109.31,111.34,107.0548,110.21,37281438
1711373400,110.24,121.41,110.16,117.13,55766124
1711459800,119,122.4599,118.17,118.8,44295145
1711546200,119.3,120.112,117.08,119.25,29320731
1711632600,119.44,119.63,117.35,117.89,21047778
1711978200,119.195,127.3799,119,124.3,44309399
1712064600,122.71,123.68,120.92,122.75,25026423
1712151000,122.2,128.28,121.33,128.01,40130137
1712237400,130.18,130.5431,123.65,124.09,36009860
1712323800,124.4,125.69,121.2001,123.58,23326521
1712583000,129.055,129.7,122.61,122.95,27955768
1712669400,124.89,126.14,121.27,122.63,19243787
1712755800,120,124.48,119.93,122.2,22242282
1712842200,122.9,127.56,122.08,127.51,21745300
1712928600,125.25,125.99,121.83,122.52,24808212
1713187800,123.63,124.78,120.61,121.37,17732610
1713274200,119.53,122.5499,118.36,121.77,17452449
1713360600,122.02,124.42,116.2,116.33,25546487
1713447000,116,117.615,111.48,111.93,32146904
1713533400,109.66,110.88,105.72,106.77,33787517
1713792600,107.6,110.23,106.63,109.12,19820866
1713879000,109.71,112.89,108.91,112.46,17887455
1713965400,112.72,113.95,109.23,111.78,20505925
1714051800,109.3728,113.0595,108.07,111.58,18342804
1714138200,112,115.06,111.6,114.84,20630671
1714397400,113.81,114.75,112.11,114.36,14419102
1714483800,114.18,116.28,112.93,112.96,14845577
1714570200,110.52,113.73,108.75,109.7,16686150
1714656600,111.74,112.41,109.43,112.33,15439203
1714743000,115.03,115.48,113.45,114.7,15564363
1715002200,119.78,121.3699,118.02,120.13,22538716
1715088600,120.15,121.41,119.18,119.21,12508334
1715175000,118.302,120.47,118.22,119.32,10867910
1715261400,119.315,119.63,117.44,117.81,11524824
1715347800,120.04,121.85,119.18,121.24,13922427
1715607000,122.93,124.11,121.65,123,16643246
1715693400,122.99,125.04,121.673,124.81,13887747
1715779800,126.23,127.95,125.442,127.81,14265109
1715866200,127.93,130.13,127.05,127.89,15874694
1715952600,128.36,129.03,124.86,125.29,13774737
1716211800,127.125,131.02,126.64,129,19123181
1716298200,124.2,128.82,123.28,127.5,15717818
1716384600,127.79,127.87,125.24,126.28,11190126
1716471000,131.77,131.95,124.66,126.27,20747381
1716557400,127.82,130.4,126.6,129.49,14048894
1716903000,131.755,133.3,129.27,132.67,14142956
1716989400,130,133.1,129.9,131.58,11242475
1717075800,130.3,131.67,125.7,126.29,12666205
1717162200,126.35,127.32,121.01,125,24153782
1717421400,128.13,128.84,125.145,128.17,16134335
1717507800,127.35,127.86,125.42,126.64,12995515
1717594200,128.8,133.87,127.65,133.71,22301829
1717680600,133.84,134.13,129.18,130.07,15505001
1717767000,130.21,132.54,129.62,130.94,12139476
1718026200,129.71,135.665,129.71,134.82,14668151
1718112600,135.325,135.85,131.78,135.07,14124955
1718199000,138.51,141.71,136.83,140.75,16973557
1718285400,142.79,144.22,140.2601,143.14,16312938
1718371800,141.8,142.4889,139.6501,141.36,14028467
1718631000,145.58,148.75,142.14,147.83,23908993
1718717400,151.74,157.535,151.51,153.45,42192569
1718890200,157.01,157.41,142.91,144.19,41284979
1718976600,137.65,142.6,135.7,139.54,51189670
1719235800,142.44,142.83,137.89,139.01,32410058
1719322200,140.07,141.13,137.75,141.12,32370046
1719408600,143.04,144.07,139.54,142.36,55490293
1719495000,135.79,137.39,131.08,132.23,68172714
1719581400,132.82,135.42,130.75,131.53,38140587
1719840600,130.5,132.0834,127.2689,131.52,24748994
1719927000,129.91,132.71,129.42,132.59,20776035
1720013400,132.66,136.82,132.43,136.82,14507146
1720186200,136.82,137.13,130.91,131.6,30104619
1720445400,131.295,133.27,130.09,130.69,20500745
1720531800,131.75,135.21,130.88,131.14,21903375
1720618200,133.105,136.5,132.7,136.39,22460199
1720704600,136.36,136.43,130.07,130.23,25401541
1720791000,131.75,134.43,130.72,133.55,20726899
1721050200,133.91,135.35,130.03,130.87,20416018
1721136600,130.42,130.97,127.24,127.49,21312635
1721223000,122.58,123.03,119.23,119.5,31414074
1721309400,120.5,121.64,114.09,117.45,30404911
1721395800,116.69,117.2124,113.85,114.26,18038924
1721655000,115.36,115.58,113.64,115.28,23837761
1721741400,115.13,116.335,113.83,114.25,14707710
1721827800,111.47,114.04,110,110.28,25261038
1721914200,106.8,110.7,105.04,107.45,29068384
1722000600,110,110.63,107.78,109.41,18547885
1722259800,110.54,111.0299,107.14,107.85,13517675
1722346200,109,109.25,102.17,102.56,23915140
1722432600,109.85,111.3399,107.75,109.82,26503554
1722519000,107.18,107.86,99.95,101.51,31643707
1722605400,97.16,97.69,91.07,92.7,36039440
1722864600,87.63,92.25,84.91,90.42,36977615
1722951000,89.2,90.86,87.15,89,26460039
1723037400,93.38,93.58,86.58,86.8,29483752
1723123800,88.48,92.85,88.03,92.07,24760739
1723210200,91.79,94.53,91.45,93.08,21627209
1723469400,93.1,96.53,92.6301,94.64,18886624
1723555800,96.615,97.78,94.91,97.44,23565495
1723642200,101,101.95,98.0652,100.41,22458958
1723728600,103.51,108.0483,102.75,106.95,29127952
1723815000,106.83,109.47,105.35,107.99,18383278
1724074200,107.245,108.72,104.76,108.63,15744648
1724160600,108.33,109.19,106.16,107.99,16075515
1724247000,108.16,108.4,106.21,108.33,13658899
1724333400,108.95,111,103.96,104.26,17967028
1724419800,103.04,104.41,100.31,102.85,25465076
1724679000,100.67,102.19,97.61,98.91,26752251
1724765400,97.09,98.49,96.668,97.86,17234616
1724851800,97.36,97.6847,92.7,94.86,25564297
1724938200,96.56,97.98,94.99,95.57,18984288
1725024600,96.92,98.4129,94.99,96.24,18819367
1725370200,93.63,93.8799,88.31,88.58,28897236
1725456600,88.36,90.73,87.81,89.29,16356537
1725543000,88.1,90.7,87.76,89.39,13890660
1725629400,89.37,89.65,85.26,86.38,23587097
1725888600,87.85,87.96,85.01,86.27,20526393
1725975000,86.97,87.19,84.87,86.85,17019016
1726061400,88.2,90.83,86.08,90.65,20879599
1726147800,87.1,88.03,84.12,87.21,30982533
1726234200,88.09,91.47,87.87,91.22,21267222
1726493400,87.24,88.24,85.92,87.18,26494332
1726579800,88.06,89.57,87.5401,88.73,17744764
1726666200,87.99,89.2,86.71,87.35,20130596
1726752600,89.35,90.39,87.58,89.25,25208917
1726839000,88.4,90.97,88.33,90.9,28711000
1727098200,92.675,94.8,92.58,93.57,23394101
1727184600,94.73,95,92.76,94,23043237
1727271000,94.16,96.175,93.93,95.77,54762883
1727357400,113.1,114.8,107.53,109.88,107965892
1727443800,110.5,110.97,107.03,107.5,42960180
1727703000,106.08,106.7483,102.26,103.71,39627713
1727789400,103.4,104.2,98.94,100.31,34309766
1727875800,100.59,102.12,99.33,99.85,26334893
1727962200,99.47,102.53,99.4,101.82,22176651
1728048600,103.65,104.2399,101.4,102.25,21945805
1728307800,102.16,104.5932,100.81,102.91,21749278
1728394200,102.18,102.94,101.26,102.54,18858267
1728480600,102.25,102.29,100.322,101.7,18442718
1728567000,101.37,106.58,100.845,105.69,27605588
1728653400,105.04,107.65,104.9915,106.92,19133928
1728912600,107.805,108.71,106.8,108.34,15021917
1728999000,107.86,109.49,102.71,104.32,23419132
1729085400,106.02,109.63,105.61,109.24,20450884
1729171800,111.34,114.14,111.01,112.05,26584811
1729258200,111.75,112.9,109.86,111.15,16700370
1729517400,111.1,111.14,107.69,109.08,14829420
1729603800,108.24,108.515,106.37,107.82,13758061
1729690200,106.564,107.1,103.54,105.05,15174706
1729776600,106.775,107.53,105.545,106.85,13206263
1729863000,108.34,109.88,107.72,107.91,12264950
1730122200,106.78,108.18,106.32,106.39,12381045
1730208600,106.585,108.75,105.6037,108.18,15164581
1730295000,106.26,106.8,103.64,104.08,14321780
1730381400,102.2,102.49,99.0707,99.65,19830324
1730467800,100,100.61,99.37,99.73,13623350
1730730600,101.5,103.7867,101.0011,101.73,15765848
1730817000,102,105.62,101.79,105.49,12071905
1730903400,108.38,112.32,107,111.83,20304531
1730989800,112.5586,113.86,111.37,113.41,13569838
1731076200,112.14,114.3,110.565,111.9,13045721
1731335400,110.945,111.51,106.77,108.65,14479681
1731421800,105,105.09,102.07,104.1,21859729
1731508200,102.8,103.3402,99.82,99.92,18416175
1731594600,101.29,102.29,98.56,99.18,18459749
1731681000,97.55,98.2,95.6374,96.34,18518298
1731940200,96.545,98.07,95.53,97.51,14251177
1732026600,97,98.18,96.51,97.73,14160307
1732113000,97.975,98.53,96.53,98.37,10490585
1732199400,100.095,103.2864,98.062,102.76,18915150
1732285800,102.36,103.71,101.65,102.64,12063730
1732545000,103.85,106.4,103.81,104.48,22837895
1732631400,104,104.72,100.31,101.8,19275679
1732717800,100.94,101.04,96.635,98.2,17046441
1732890600,97.24,98.2,96.1,97.95,13729436
1733149800,97.6,100.09,97.53,98.55,16525553
1733236200,101.12,103.68,99.63,99.84,23479706
1733322600,100.77,103.41,99.8,103.2,16306240
1733409000,103.875,104.2498,100.61,100.87,13448928
1733495400,100.88,102.19,100.03,101.17,12381020
1733754600,100.65,104.5,100.37,102.82,14141937
1733841000,104.96,105,97.2701,98.1,23548508
1733927400,99.5,102.66,98.3,102.055,15248381
1734013800,101.4,101.98,97.76,98.24,19334854
1734100200,100.765,103.2,99.6651,102.5,23926017
1734359400,105.61,111.13,104.54,108.26,42741152
1734445800,109.75,110.49,107.68,108.6,35811475
1734532200,110.25,112.04,102.73,103.9,63024283
1734618600,90.075,91,84.61,87.09,91396777
1734705000,85.4063,90.25,83.54,90.12,49578449
1734964200,90,91.1,88.4,89.72,26041473
1735050600,89.58,89.7,88.23,89.28,13021257
1735223400,88.5,90.63,88.1,89.82,14506092
1735309800,89,89.49,87.58,88.63,19422607
1735569000,86.985,87.05,84.58,85.31,22022912
1735655400,85.44,86.4,84.09,84.16,18691546
1735828200,84.98,87.65,84.74,87.33,18859957
1735914600,87.95,90.195,87.51,89.87,17484588
1736173800,95.565,101.52,95.48,99.26,42903278
1736260200,103.41,106.7399,101.16,101.91,53570014
1736346600,102.82,103.475,98.3,99.41,33516888
1736519400,98.115,100.78,96.87,99.34,20512560
1736778600,95.84,96,92.88,95.06,22699139
1736865000,97.05,97.41,95.38,97.36,18613447
1736951400,99.44,103.9299,99.35,103.19,27568126
1737037800,104.32,104.8,101.87,102.6,16243839
1737124200,104.64,105.88,102.5,105.75,18908887
1737469800,105.425,110.24,105.23,109.38,23533649
1737556200,109.165,110.67,107.76,109.23,20004316
1737642600,104.79,106.18,103.3501,104.84,22677612
1737729000,105.5,105.72,102.72,103.19,19743841
1737988200,94.86,96.1,88.36,91.11,50696163
1738074600,92.605,93.45,88.04,88.25,34793604
1738161000,89.88,90.45,87.76,89.01,25342802
1738247400,90.66,93.16,90.3,92.5,22497086
1738333800,91.65,94.27,91.14,91.24,20540227
1738593000,88.65,91.4,88.0193,89.92,18607873
1738679400,89.05,91.45,88.8001,90.66,12827497
1738765800,90.385,93.65,90.22,93.6,15684526
1738852200,94.88,96.6088,93.58,94.54,16141135
1738938600,95.59,95.93,91.59,92.3,15602828
1739197800,93.185,96.26,93.17,95.93,16217948
1739284200,94.245,95.84,93.56,94.08,12124047
1739370600,89.6,92.64,87.35,91.68,22874727
1739457000,92.06,96.065,92.02,95.66,16579876
1739543400,98.41,100.6983,98,99.52,21284541
1739889000,102.635,107.88,102.045,106.79,29641935
1739975400,105.755,107.19,103.62,104.36,17875863
1740061800,103.98,104.85,102.34,103.18,14487950
1740148200,103.64,103.66,97.75,98.84,18650786
1740407400,100.215,100.7,95.28,95.41,14883722
1740493800,95.5,95.93,92.755,93.22,18608206
1740580200,96,99.72,95.5,97.71,21335231
1740666600,97.84,99.885,91.49,91.82,22386276
1740753000,91,94.46,89.87,93.63,23359055
1741012200,95.805,96.2,89.39,90.54,20281784
1741098600,90.2,93.59,86.8,91.2,23611503
1741185000,92.15,95.05,90.4301,94.34,14010312
1741271400,90.926,93.2896,89.0301,89.27,18708085
1741357800,90.29,93.34,89.49,92.96,19133938
1741613400,89.59,91.37,85.76,87.08,21897870
1741699800,87.9,91.1,86.0703,89.05,21962141
1741786200,92.47,96.99,92.24,95.64,23584745
1741872600,94.25,98.12,94,94.88,18824701
1741959000,98.75,102.78,98.75,100.79,24623572
1742218200,101.06,104.45,100.96,103.11,17095050
1742304600,101.9,103.31,100.29,101.72,18434126
1742391000,100.82,103.6,100.49,102.06,16633077
1742477400,101.58,104.69,101.35,103,29204411
1742563800,98.2,98.5,93.7,94.72,63239562
1742823000,96.1,98.4188,95.33,96.94,35406647
1742909400,96.18,96.38,93.25,94.18,22191735
1742995800,96,96.64,90.97,92.13,27224340
1743082200,91.09,92.205,89.61,91.16,15658675
1743168600,90.47,90.89,87.6,88.44,17117992
1743427800,86,87.09,84.1001,86.89,21089544
1743514200,88.525,88.89,86.245,88.71,15337056
1743600600,87.13,89.925,86.7,88.6,14520365
1743687000,82.915,83.3496,74.21,74.34,44839501
1743773400,70.65,71.34,63.8603,64.72,50737722
1744032600,63.935,72.46,61.54,68.37,50181767
1744119000,71.6,72.97,63.52,65.54,40822110
1744205400,66.2,78.56,63.7,77.87,63132622
1744291800,72.5,73.05,67.5,70.05,44882314
1744378200,69.04,70.165,66.825,69.55,30807779
1744637400,74.67,74.78,69.97,71.02,32634734
1744723800,71.12,72.8,70.55,71.04,19132748
1744810200,67.925,70.4505,67.17,69.33,28475005
1744896600,70.435,70.48,67,68.8,20694057
1745242200,67.76,68,65.645,66.74,19826149
1745328600,67.54,70.4,67.44,70.21,20351236
1745415000,73.695,75.4,72.5,72.93,26385505
1745501400,74.57,77.59,73.6,77.42,23875592
1745587800,77.55,80.3,76.9,79.78,19746209
1745847000,78.765,79.61,76.92,78.56,16882413
1745933400,77.94,78.19,76.475,76.88,17098049
1746019800,73.62,77.145,73.5,76.95,19779295
1746106200,79.4,79.89,77.64,77.77,15349220
1746192600,79.585,81.67,79.1,80.72,18899715
1746451800,79.41,81.15,79.05,80.42,12513586
1746538200,79.04,81.215,78.54,80.51,13173791
1746624600,80.99,82.87,80.2,82.62,14919560
1746711000,84.25,86.21,83.36,85.15,17580500
1746797400,85.57,86.27,84.68,85.86,13017572
1747056600,92.81,94.2,91.95,92.29,27765334
1747143000,92.545,97.41,92.545,96.93,28009085
1747229400,96.3,97.65,94.32,95.32,28044449
1747315800,94.01,95.61,92.17,95.45,24196105
1747402200,95.9,98.19,95.7,98,22609277
1747661400,95.71,99.02,95.7,98.65,14380066
1747747800,97.92,98.63,96.97,98.1,12331253
1747834200,97.16,98.82,95.26,95.84,15764282
1747920600,95.41,97.22,94.37,94.83,13245249
1748007000,92.26,93.84,90.93,93.37,16544976
1748352600,95.18,96.7,94.19,96.38,17612618
1748439000,96.7,97.21,95.6,96.18,10500295
1748525400,98.59,99.63,96.11,96.8,14640052
1748611800,96.04,96.6099,92.22,94.46,23758198
1748871000,94.58,99.24,94.4,98.18,16850336
1748957400,98.355,102.93,96.96,102.25,22757621
1749043800,102.38,103.91,101.7,103.25,14595879
1749130200,106.3,109.03,105.53,106.29,28863453
1749216600,108.08,111.05,108.0401,108.56,20710120
1749475800,109.51,112.53,108.58,110.95,20159672
1749562200,111.53,114.9231,111.23,114.14,22949441
1749648600,115.6,117.26,114.73,116.03,21614059
1749735000,114.105,116.48,113.52,116.18,17076501
1749821400,113.8,117.1,113.66,115.6,17453016
1750080600,117.81,120.9607,117.32,119.84,21374055
1750167000,119.6,123.51,119.35,120.34,20837736
1750253400,120.46,122.98,120.18,121.82,20180011
1750426200,122.77,124.16,120.38,123.6,29290388
1750685400,123.67,124.5091,119.81,122.08,23399222
1750771800,125.11,128.1,124.96,127.91,26420607
1750858200,126.61,127.5,125.62,127.25,39406992
1750944600,129.53,129.85,123.79,126,62678063
1751031000,125.14,127.54,123.39,124.76,36888608
1751290200,124.895,125.08,121.85,123.25,22799675
1751376600,122.345,123.9899,119.08,120.89,24825833
1751463000,120.5,123,118.06,121.74,29303779
1751549400,122.325,123.63,121.83,122.29,13247931
1751895000,121.18,121.505,118.911,119.92,19148367
1751981400,122.445,125.45,121.95,124.42,26238160
1752067800,124.815,126.15,121.28,122.24,20463955
1752154200,124.28,124.35,122.02,123.11,15378419
1752240600,122.125,124.81,121.24,124.53,15820592
1752499800,120.38,120.44,117.02,118.61,32117724
1752586200,120.94,121.39,119.122,120.11,24958888
1752672600,119.025,119.09,114.8103,116.43,30614775
1752759000,113.93,114.2,110.95,113.26,34702434
1752845400,114.24,114.8,113.28,114.39,19349851
1753104600,113.585,115.92,112.67,113.23,22189833
1753191000,112.855,113,108.125,109.22,27917613
1753277400,109.44,110.289,108.876,109.83,17809995
1753363800,111.06,112.73,110.25,111.73,20293061
1753450200,110.99,111.5,108.83,111.26,16372323
1753709400,111.72,112,109.86,111.25,12932264
1753795800,112.045,113.54,110.67,111.96,16653250
1753882200,112.6,114.89,112.41,114.74,16378824
1753968600,112.19,112.27,106.94,109.14,29224343
1754055000,105.49,106.5,103.38,104.88,24003253
1754314200,106.015,107.88,105.46,107.77,14780563
1754400600,109.3,110.635,106.83,109.06,17835962
1754487000,107.9,108.955,106.75,108.78,13021881
1754573400,114.14,115.28,110.79,111.87,18986483
1754659800,112.17,119.3299,111.67,118.89,28962204
1754919000,124.97,127.28,121.65,123.72,35065759
1755005400,124.7,128.55,123.0424,127.75,25990637
1755091800,127.58,128.6,123.35,124.27,18438169
1755178200,123.2,125.74,121.4,125.29,12235946
1755264600,123.17,123.38,119.44,120.87,18986654
1755523800,121.35,123.68,120.66,123.55,12208770
1755610200,122.94,124.24,121.31,122.05,11491231
1755696600,118.7,118.91,113.46,117.21,25794993
1755783000,117,117.73,115.61,115.79,13174938
1755869400,117.65,120.7,116.51,117.68,17038258
1756128600,117.68,118.08,116.1,116.42,8674832
1756215000,116.09,118.36,115.81,116.5,12584324
1756301400,116.85,118.73,116.44,117.75,15349289
1756387800,118.88,122.571,118.73,122,17295541
1756474200,122.6,122.7699,118.06,119.01,16774027
1756819800,115.86,118.555,114.25,118.48,13771931
1756906200,119.36,119.44,117.295,118.72,14101285
1756992600,118.85,124.41,118.52,124.21,18589051
1757079000,127.77,131.41,125.66,131.37,28416041
1757338200,130.55,132.2586,128.4,131.46,19492587
1757424600,131.76,138,131.56,135.24,20704950
1757511000,140.02,142.235,138.34,140,25791266
1757597400,147.72,156.26,147.61,150.57,52446416
1757683800,153.55,158.28,153.21,157.23,32288339
1757943000,156.96,160.3399,156.55,157.77,20101397
1758029400,157.98,159.56,157.165,158.82,16911615
1758115800,157.405,160.59,155.26,159.99,18843556
1758202200,162.99,170.45,162.6,168.89,28212796
1758288600,162.75,163.7,159.38,162.73,37309873
1758547800,164.375,167.26,161.59,164.62,25851216
1758634200,165.68,168.99,165.23,166.41,43316501
1758720600,165.08,166,158.3,161.71,57096440
1758807000,157.39,158.95,154.65,156.83,32209195
1758893400,158.52,158.92,155.18,157.27,24044953
1759152600,160,165.8,159.9706,163.9,26506504
1759239000,164.105,168.95,163.96,167.32,20092460
1759325400,165.6,182.39,165.5,182.15,41674762
1759411800,184.955,186.18,181.21,183.75,25122189
1759498200,185.21,191.8499,184.92,187.83,29399259
1759757400,195.01,201,189.43,190.96,36392256
1759843800,194.85,195.2999,183.24,185.69,27828161
1759930200,188.99,196.95,188.8,196.54,26833890
1760016600,192.965,196.62,189.5,192.33,19721480
1760103000,192.96,193.44,179.61,181.6,26990253
1760362200,190.79,193.3995,187.99,192.77,20928376
1760448600,186.96,192.46,186.25,187.06,15912423
1760535000,192.475,192.88,187.4235,191.94,17793126
1760621400,199.96,206.34,195.2,202.53,42041348
1760707800,199.28,203.39,195.55,202.38,23283075
1760967000,209.655,214.75,205.5,206.77,23268429
1761053400,204.3,205.87,200.8401,202.29,13717259
1761139800,202.25,205.5764,192.4,198.47,21949776
1761226200,196.7,209,195.2,206.71,19397915
1761312600,212.39,219.82,209.98,219.02,25821756
1761571800,224.81,224.98,215.74,220.1,23873072
1761658200,218.93,222.9,217.56,221.91,14957513
1761744600,229.055,232.4,226.1,226.63,23217288
1761831000,226.1,227.4,220.74,224.01,14795071
1761917400,227.75,231.25,218.82,223.77,16319993
1762180200,233.875,237.62,231.8,234.7,21199296
1762266600,222.14,228.6726,217.4,218.03,23696205
1762353000,225.665,239.88,224.725,237.5,28617387
1762439400,237.84,246.41,234.88,238.33,32016797
1762525800,234.03,242.55,226.4001,237.92,30613835
1762785000,247.955,257.07,247.81,253.3,27870630
1762871400,248.34,249.99,238.79,241.11,22622470
1762957800,244.9,249.19,240.84,244.9,17263143
1763044200,243.6,249.5,230.16,236.95,32324591
1763130600,231.45,255.17,231.23,246.83,36171119
1763389800,246.92,260.58,239.46,241.95,30304352
1763476200,235.48,238.93,225.52,228.5,33843910
1763562600,226.91,234.35,216.36,225.92,35256563
1763649000,230.235,230.598,199.6,201.37,47420728
1763735400,204.53,212,192.59,207.37,36679691
1763994600,213.41,226.11,212.36,223.93,33052839
1764081000,219.22,226.19,216,224.53,17441636
1764167400,229.616,233.8299,226,230.26,17817622
1764340200,235.615,238.1,233.47,236.48,12914741
1764599400,232.285,242.36,231.5,240.46,18238209
1764685800,238.745,244.3699,234.33,239.49,18166225
1764772200,236.39,237.8,228.09,234.16,19188220
1764858600,230.28,234.16,223.33,226.65,23513857
1764945000,228.945,240.57,226.685,237.22,21160980
1765204200,243.49,249.23,241.61,246.92,20495362
1765290600,244.485,255.5075,242.83,252.42,17067054
1765377000,255.13,264.75,250.58,263.71,21960704
1765463400,261.53,262.85,251.55,258.46,18867027
1765549800,255.67,255.82,239.32,241.14,25936927
1765809000,247.11,250.11,236,237.5,27483624
1765895400,235.8,239.3999,230.58,232.51,22577259
1765981800,236.555,237.45,221.69,225.52,41957128
1766068200,256.53,263.65,245,248.55,65006099
1766154600,251.75,268.38,251.745,265.92,62312103
1766413800,277.15,279.99,268.29,276.59,30961879
1766500200,275.92,281.86,272.32,276.27,20767600
1766586600,278,289.3,277.25,286.68,18592572
1766759400,290.835,290.87,283.42,284.79,17878464
1767018600,280.325,294.5,278.5,294.37,26642890
1767105000,294.7,298.83,292.01,292.63,23056391
1767191400,293.165,293.165,284.18,285.41,17573788
1767364200,295.125,315.6,294.86,315.42,42604280
1767623400,325.13,325.53,309.55,312.15,34608591
1767709800,318.28,344.55,318.06,343.43,48732420
1767796200,340.71,346.3,337.1801,339.55,32781099
1767882600,342.9,343.66,321.36,327.02,33897720
1767969000,332.745,345.8,326.19,345.09,33387505
1768228200,340.55,348.47,339.32,345.87,23152588
1768314600,346.27,351.23,335.22,338.13,23881339
1768401000,334.84,339.1,328.2,333.35,20277196
1768487400,345.325,347.77,336.27,336.63,25370230
1768573800,353.1,365.81,352.04,362.75,47901925
1768919400,364.68,381.5599,361.35,365,49744908
1769005800,372.85,394.2,366.73,389.11,56712817
1769092200,396.64,397.78,376.92,397.58,39607596
1769178600,397.16,412.4299,390.74,399.65,35404198
1769437800,395.5,398,384.3,389.09,29193925
1769524200,404.61,416.4499,399.6,410.24,36212062
1769610600,422.435,438.94,417,435.28,42725675
1769697000,439.37,444.71,417.7,435.79,42675710
1769783400,446.465,455.5,407.13,414.88,51022881
1770042600,412.18,442.43,410,437.8,37771237
1770129000,442.16,442.3,407.53,419.44,42763289
1770215400,410.59,413,363.901,379.4,58074935
1770301800,369.62,390.93,366,382.89,38899485
1770388200,377.965,396.65,372.8726,394.69,37196006
1770647400,380.69,391.8099,370.68,383.5,31009558
1770733800,375.99,382.79,366.06,373.25,35433808
1770820200,395.385,414.16,386.57,410.34,48474994
1770906600,422.25,438.77,411.1648,413.97,45639117
1770993000,405.19,420.88,392.71,411.66,33807586
1771338600,400.95,413.66,395.3,399.78,28549505
1771425000,399.5,427.85,394.6,420.95,32306578
1771511400,415.81,420.315,407.74,417.35,21651264
1771597800,415.18,430.57,415.15,428.17,29894907
1771857000,422.31,431.695,415.3001,420.97,25426639
1771943400,429.22,436.27,411.28,418.01,33389161
1772029800,426.5,436.8899,423,429,27296338
1772116200,424.84,434,401.96,415.56,35433455
1772202600,401.81,417.96,401.1818,412.37,28653878
1772461800,401.47,417.61,397,412.67,30049197
1772548200,386.55,390.09,374.55,379.68,39010902
1772634600,393.635,407.88,387.6089,400.77,32644899
1772721000,398.6,404.53,380.3,397.05,29960060
1772807400,380.14,391.1799,367.45,370.3,34458784
1773063000,363.96,390,357.67,389.32,35547220
1773149400,394.01,415.31,393.64,403.11,33745433
1773235800,410.77,422.75,405.79,418.69,30191430
1773322200,409.995,413.73,396.665,405.35,31720873
1773408600,413.75,429.35,413,426.13,39260990
1773667800,446.16,454.86,437.745,441.8,43067574
1773754200,452.535,462.7299,445.1401,461.69,43017891
1773840600,464.76,471.34,458.3,461.73,58973662
1773927000,424.97,457.22,421.11,444.27,74591901
1774013400,443.915,449.1,415.3601,422.9,64224943
1774272600,426.145,444.27,401.52,404.35,54807325
1774359000,401.28,404.98,388.91,395.53,44975061
1774445400,383,388.92,371.381,382.09,55328681
1774531800,370.02,374.25,350,355.46,54515896
1774618200,359.86,368.7,354.0601,357.22,45806655
1774877400,362.66,362.81,318.4,321.8,73833238
1774963800,321.67,337.84,311.49,337.84,73551844
1775050200,348.905,377.8899,343,367.85,74429797
1775136600,341.34,366.9399,340.2,366.24,51498685
1775482200,373.8,385.0768,370.61,377.76,41414860
1775568600,374.125,379.2499,364.1,377.58,40224123
1775655000,415.13,416,398.88,406.73,49216633
1775741400,407.61,423.94,398.44,421.51,43100965
1775827800,420.29,423.86,410.05,420.59,36377568
1776087000,416.47,426.88,408.5,426.56,37015799
1776173400,434.35,465.78,424.86,465.66,52534896
1776259800,457.625,463.95,439.32,456.23,40370110
1776346200,452.96,462.34,444.38,457.23,33626377
1776432600,466.85,470.97,452.2,455.07,33405025
1776691800,458.25,464.56,435.9,448.42,32013562
1776778200,451.32,457.82,441.3,449.38,27733985
1776864600,462.93,491.98,458.56,487.48,45998149
1776951000,482.28,493.6199,471.8,481.72,38178002
1777037400,495.915,506.99,489.36,496.72,35379587
1777296600,510.56,531.36,510.0185,524.56,41298792
1777383000,503.54,518.8333,488.23,504.29,44816645
1777469400,526,531.02,508.8001,518.46,36248450
1777555800,529.74,535.5,502.575,517.16,36554397
1777642200,511.78,545.91,510.21,542.21,40215252
1777901400,560.6,592.799,557.76,576.45,46043705
1777987800,609.775,651.74,605.47,640.2,64268503
1778074200,660.37,667.67,627.58,666.59,55725835
1778160600,649.83,683.09,635.4201,646.63,47527515
1778247000,676.45,747.21,676.21,746.81,65130914
1778506200,792.98,818.67,768,795.33,70972938
1778592600,774.7,782.76,706.601,766.58,73742954
1778679000,813.155,814.95,779.47,803.63,54875148
1778765400,787.62,812,775.63,776.01,42142707
1778851800,732.57,749.59,719,724.66,48519043
1779111000,750.46,757,663.25,681.54,60042491
1779197400,665.58,725.95,652.21,698.74,61792066
1779283800,734.955,735.68,700.66,731.99,48827357
1779370200,736.36,764.9,732.2,762.1,42461460
1779456600,756.815,780.1999,747.2,751,36002915
1779802200,820.5,916.7999,820.295,895.88,76560763
1779888600,955.66,956.16,888.15,928.41,72295713
1779975000,929.83,949.4899,904.78,923.52,49694349
1780061400,957,981,940.51,971,60498561
1780320600,1009.72,1046.97,1009.5,1035.5,46552116
1780407000,1050,1076.56,1017.201,1064.1,47555370
1780493400,1079.01,1089.29,1038.5,1079.57,40324175
1780579800,1007.1,1036.3699,971.68,996,54917159
1780666200,944.4,961.89,864.01,864.01,77250536
1780925400,938.265,962.95,916.5,949.28,54097769
1781011800,988.175,989.15,854.35,935.89,73448646
1781098200,905.13,957.48,883.25,891.88,55712574
1781184600,904.37,996.77,895.5,995.87,59418902
1781271000,971.81,1012.6198,960.19,981.61,40995386
1781530200,1055.89,1097.47,1051.5001,1087.99,44994605
1781616600,1099.7,1110.3999,1020,1020.76,45499755
1781703000,1061.3,1093.67,1014.14,1043.19,46149178
1781789400,1108.065,1149.43,1092.7935,1133.99,64642538
1782135000,1196.215,1213.56,1168.57,1211.38,53140816
1782221400,1080,1125,1038.5,1051.77,60243260
1782307800,1082.22,1083.32,991.1001,1048.51,68935710
1782394200,1233,1255,1136.31,1213.56,83040960
1782480600,1139.075,1198.7121,1121.36,1132.33,86405308
1782739800,1128.7,1148.79,1023.65,1145.28,60694113
1782826200,1144.73,1168.68,1124.66,1154.29,42152627
1782912600,1082.01,1097,1032.2,1032.28,51328104
1782999000,1041.5,1064.64,950.28,975.56,61844373
1783344600,1007,1019,980.85,984.75,37115846
1783431000,923.01,942.02,891.66,938.38,52367526
1783517400,902.64,959,900.41,948.8,42978962
1783603800,1016.51,1035.5,987.13,991.64,41110745
1783690200,964.975,998,954.13,979.3,31768093
1783949400,929,943.5,902.6,937,35536239
1784035800,988.38,994.8,950.07,983.12,30835225
1784122200,975.805,978.4,873.6301,904.28,54779242
1784208600,866.765,887.71,840.51,853.2,46718034
1784295000,822.525,903.96,804,848.95,63346278
1784554200,885.57,900.9999,858.9,865.46,37705237
1784640600,925.35,982.88,916.5701,970.82,49369020
1784727000,938.25,982.62,936.06,959.48,31588637
1784813400,975.13,1011.77,964.4,990.21,40196319
1784899800,959.03,967.14,904,920.95,40803074
1785159000,932.445,935,854.79,900.2,47591161
1785245400,839.61,848.36,789.09,820.53,61039321
1785331800,833,841.8,737.88,739,69845966
1785418200,793.135,882.5,789,874.66,63075299
1785504600,919.65,930.88,818,823.03,54538600
1785763800,786.355,836.62,770.1,829.5,42607140
1785850200,866.82,902.4299,858.5,892.67,37478559
1785936600,885.3,928.98,881.2,893.19,34720297
1786023000,843.11,913.33,827,881.47,35784117
1786109400,903.6,904.8,847.02,877.57,34568477
1786368600,863.665,894.989,854.4,861,27818627
1786455000,871.8,879,844.62,868.52,29438280
1786541400,912.94,935.8,899.54,911.29,36804916
1786627800,912.89,978,906.5,949.83,36704680
1786714200,979.32,984,956.2,971.66,27881135
1786973400,999.55,1036.13,995.26,1011.75,33430506
1787059800,957.1,978.67,926.64,940.76,37305990
1787146200,959.355,960,915.18,937.105,26901876
1787232600,935.01,977.28,929.07,974.33,25212225
1787319000,989.675,989.96,958.26,966.78,21823443
1787578200,934.78,936.45,887.605,910.43,30012631
1787664600,928.975,946.67,916.3,932.97,19163180
1787751000,925.74,945.7499,924.6,938.4,18721684
1787837400,967.01,968.71,906.89,935.39,28838465
1787923800,919.29,946.7999,909.09,932.86,22890088
1788183000,931.39,959.9699,930.79,958.73,22569478
1788269400,941.125,969.44,922.39,933.44,27762236
1788355800,930.825,958,927.1569,956.08,21440498
1788442200,956.91,959.76,918.8801,958.16,24175871
1788528600,971.335,1017.77,969,1016.59,35249519
1788874200,1036.4,1041.07,997.62,1000.26,26604914
1788960600,998.805,1042.4,992.29,1027.77,23811958
1789047000,997,999,973.5,977.41,26230398
1789133400,993.195,993.99,967.38,975.26,21740290
