t,o,h,l,c,v
1412688600,38.94,39.08,38.43,38.46,14319008
1412775000,38.82,39.05,38.04,39.02,16005671
1412861400,38.99,39.21,38.5101,38.74,15004850
1412947800,38.66,39.1,38.09,38.1,18234076
1413207000,38.11,38.78,37.86,38.23,20726811
1413293400,38.66,39.04,38.42,38.46,19508558
1413379800,37.98,38.43,37.18,38.3,24561729
1413466200,37.99,38.18,37.52,37.56,21419345
1413552600,37.69,38.015,37.34,37.87,21122693
1413811800,36.31,37.81,35.82,37.8,16657339
1413898200,38.29,38.47,38.04,38.35,15381873
1413984600,38.37,38.43,37.58,37.64,16816482
1414071000,38.08,38.5,38.01,38.23,9667612
1414157400,38.32,38.74,38.25,38.73,8976299
1414416600,38.5,38.72,38.35,38.43,7525291
1414503000,38.34,38.73,38.34,38.65,11631828
1414589400,38.73,38.74,38.46,38.58,10923907
1414675800,38.4,38.66,38.39,38.5,9644417
1414762200,38.88,39.05,38.825,39.05,16142821
1415025000,39.02,39.04,38.76,38.99,10318830
1415111400,38.93,39.15,38.9,39.13,12670998
1415197800,39.34,39.51,39.11,39.29,12280284
1415284200,39.22,39.86,39.11,39.81,11603443
1415370600,39.69,39.97,39.61,39.94,13728462
1415629800,39.97,40.49,39.89,40.45,11058074
1415716200,40.53,40.59,40.35,40.47,7069322
1415802600,40.56,40.59,40.045,40.14,10965147
1415889000,40.17,40.77,39.89,40.72,11868670
1415975400,40.86,41.07,40.63,40.84,11476467
1416234600,40.71,41.2,40.63,41.16,11987579
1416321000,41.19,41.4751,41.11,41.26,9328276
1416407400,41.15,41.27,40.81,40.92,9202626
1416493800,40.71,41.005,40.61,40.92,9062196
1416580200,41.32,41.5,41.17,41.44,12641407
1416839400,41.49,41.64,41.36,41.43,9542080
1416925800,41.51,41.64,41.15,41.15,12404240
1417012200,41.18,41.91,41.18,41.87,11590010
1417185000,41.98,42.51,41.885,42.41,11890061
1417444200,42.01,42.38,42.01,42.08,10802386
1417530600,41.9,42.36,41.86,42.18,9083199
1417617000,41.94,42.14,41.635,42.06,10326752
1417703400,42.12,42.12,41.49,41.89,9247301
1417789800,42.02,42.02,41.59,41.93,8925269
1418049000,41.91,42.03,41.33,41.37,12766459
1418135400,40.98,41.925,40.89,41.87,13897503
1418221800,41.7,41.81,40.88,40.92,12547646
1418308200,41.12,41.64,40.71,40.76,12395832
1418394600,40.24,40.78,39.92,39.95,14108178
1418653800,41.21,41.65,40.77,41.11,22343075
1418740200,40.89,41.36,40.61,40.63,16424455
1418826600,41.06,41.63,40.68,41.16,18151008
1418913000,43.83,45.37,43.57,45.35,54495641
1418999400,45.1,46.15,44.98,46,41782191
1419258600,45.57,46.05,45.41,45.65,21264351
1419345000,45.53,46.5,45.46,46.01,14042388
1419431400,46.36,46.705,46.15,46.23,10241146
1419604200,46.19,46.5,46.07,46.1,6901457
1419863400,46.02,46.09,45.6,45.61,9701392
1419949800,45.55,45.66,45.29,45.34,9968403
1420036200,45.45,45.5599,44.97,44.97,13273705
1420209000,45.02,45.1898,43.97,44.33,15070165
1420468200,44.16,44.25,43.58,43.59,18375801
1420554600,44.06,44.18,42.99,43.14,19229461
1420641000,43.33,43.52,43.01,43.15,13502164
1420727400,43.63,43.94,43.38,43.41,17516877
1420813800,43.98,44.1,43.26,43.39,15957540
1421073000,43.26,43.77,42.86,43.27,16055720
1421159400,43.67,43.95,42.57,42.93,12878161
1421245800,42.46,43.17,42.46,43.06,12707442
1421332200,43.48,43.64,42.57,42.63,13431005
1421418600,42.49,43.62,42.25,43.51,17786705
1421764200,43.56,44.03,43.23,43.9,16308441
1421850600,43.69,43.93,43.21,43.49,15876559
1421937000,43.95,45.33,43.18,44.05,17969124
1422023400,43.98,44.54,43.92,44.19,14150264
1422282600,44.17,44.21,43.54,43.9,12059503
1422369000,43.01,43.87,42.58,43.4,14984938
1422455400,43.94,43.98,42.67,42.69,15132525
1422541800,42.82,43.02,42.32,42.86,12805069
1422628200,42.09,42.52,41.82,41.89,22590037
1422887400,42.21,42.71,41.56,42.68,16889510
1422973800,42.94,43.14,42.535,43.04,12657079
1423060200,42.97,43.16,42.32,42.42,12912026
1423146600,42.5,43.24,42.5,43.16,9630270
1423233000,43.26,43.47,42.88,42.98,9522111
1423492200,42.63,43.63,42.63,43.4,12705939
1423578600,43.79,44.06,43.56,43.99,12714760
1423665000,43.96,44,43.085,43.36,12836944
1423751400,43.48,44.06,43.41,43.89,12519731
1423837800,43.8,44.23,43.8,43.93,10155871
1424183400,43.67,43.9,43.54,43.84,10119007
1424269800,43.71,44.11,43.65,44.1,8661050
1424356200,44.13,44.37,44,44.11,8465711
1424442600,44.06,44.09,43.46,43.77,14731155
1424701800,43.46,43.88,43.3032,43.78,10995463
1424788200,43.79,43.96,43.38,43.88,10522544
1424874600,43.83,44.09,43.38,43.73,11785439
1424961000,43.8,44.15,43.71,43.89,8519272
1425047400,43.77,44.11,43.68,43.82,9549531
1425306600,43.81,44.04,43.48,44.03,11091035
1425393000,43.83,43.88,43.17,43.38,10058739
1425479400,43.2,43.66,42.82,43.61,14697648
1425565800,43.66,43.89,43.255,43.8,10983546
1425652200,43.61,43.61,42.3,42.38,15086633
1425907800,42.25,42.79,42.1901,42.69,11474174
1425994200,42.24,42.55,41.775,41.82,13960716
1426080600,41.93,42.16,41.41,41.47,11108839
1426167000,41.46,41.76,41.26,41.62,13716747
1426253400,41.54,42.47,41.51,42.38,18405393
1426512600,42.82,43.53,42.74,43.41,17423196
1426599000,43.11,43.34,42.86,42.87,21508988
1426685400,44.3,44.935,43.35,44.13,37900346
1426771800,44,44.49,44,44.16,15729627
1426858200,44.13,44.73,44.06,44.41,20724698
1427117400,44.34,44.62,44.16,44.25,10749232
1427203800,44.33,44.5,43.71,43.71,14913405
1427290200,43.68,43.75,42.93,42.93,17490993
1427376600,42.78,43.23,42.46,42.99,14065618
1427463000,42.93,43.12,42.42,42.64,18030789
1427722200,43.23,43.63,43.115,43.44,12730145
1427808600,43.31,43.57,43.13,43.15,13264196
1427895000,42.99,43.12,42.72,42.94,12050921
1427981400,42.99,43.11,42.48,42.62,11183925
1428327000,42.28,43.1,42.21,42.96,9766515
1428413400,42.99,43.48,42.94,42.96,8075569
1428499800,42.85,43.34,42.85,43.11,6947138
1428586200,42.97,43.31,42.74,43.2,9399527
1428672600,43.08,43.89,43.08,43.51,12542826
1428931800,43.55,43.79,43.03,43.08,10943399
1429018200,43.04,43.06,42.51,42.73,10510451
1429104600,42.95,44.19,42.83,43.99,18188736
1429191000,43.69,43.96,43.25,43.46,11960843
1429277400,43.06,43.4,42.86,43,12473535
1429536600,43.31,43.81,43.25,43.32,10426440
1429623000,43.51,43.87,43.4,43.42,9312916
1429709400,43.51,43.75,43.34,43.55,7343916
1429795800,43.51,43.63,42.985,43.39,11310989
1429882200,43.41,43.58,42.75,43.08,17767086
1430141400,43.1,43.95,43.07,43.61,12916013
1430227800,43.71,44.58,43.45,44.5,18287732
1430314200,44.4,44.9,43.68,44.73,36608698
1430400600,44.05,44.41,43.505,43.62,20196267
1430487000,43.44,44.38,43.44,44.37,11941981
1430746200,44.55,44.85,44.24,44.59,9168246
1430832600,44.47,44.62,43.89,43.92,11410737
1430919000,44.2,44.24,43,43.26,12732068
1431005400,43.17,43.66,43.02,43.48,8787086
1431091800,43.83,44.24,43.69,44.01,9582856
1431351000,43.97,44.2,43.6,43.84,7429355
1431437400,43.65,43.69,43.28,43.57,8515835
1431523800,43.76,44.07,43.62,43.79,7451216
1431610200,44.11,44.4,44,44.38,7293021
1431696600,44.41,44.44,43.94,44.15,9369535
1431955800,43.94,44.41,43.875,44.24,6070949
1432042200,44.42,44.46,44.16,44.32,8639951
1432128600,44.22,44.6,44.0901,44.29,9055667
1432215000,44.22,44.45,43.95,44.28,8036392
1432301400,44.2,44.27,43.88,43.93,7484345
1432647000,43.74,43.83,43.15,43.33,10440443
1432733400,43.54,44.25,43.41,44.14,11096773
1432819800,44.08,44.25,43.64,43.86,7273163
1432906200,43.79,43.84,43.36,43.49,10358719
1433165400,43.84,44.06,43.64,43.79,9764305
1433251800,43.51,44.01,43.14,43.7,8275894
1433338200,43.74,44.09,43.59,43.97,9220901
1433424600,43.74,44.11,43.5084,43.77,13783142
1433511000,43.83,44.02,43.49,43.81,12850735
1433770200,43.81,43.89,43.08,43.1,9112216
1433856600,43.35,43.37,42.82,43.07,7634180
1433943000,43.28,44.05,43.06,43.94,15518411
1434029400,44.17,44.42,44.03,44.28,12519260
1434115800,43.98,44.39,43.9,44.34,11742306
1434375000,43.9,43.99,43.41,43.72,16727756
1434461400,43.91,44.88,43.76,44.64,18271560
1434547800,44.86,45.24,44.37,44.91,27080848
1434634200,41.91,42.98,40.97,42.74,79138433
1434720600,42.9,43.1,41.56,41.59,37430200
1434979800,41.8,41.955,41.45,41.49,22368267
1435066200,41.94,42.06,41.4801,41.71,17394280
1435152600,41.54,41.77,41.2,41.2,17768233
1435239000,41.24,41.47,41.055,41.06,13587225
1435325400,41.1,41.37,40.97,40.99,39687270
1435584600,40.63,40.9,40.38,40.42,18195515
1435671000,40.6,40.75,40.11,40.3,16691538
1435757400,40.61,40.7,39.93,40.24,13948619
1435843800,40.38,40.42,40.15,40.36,11644070
1436189400,39.93,40.29,39.77,40.15,12434117
1436275800,40.04,40.27,39.84,40.16,16437099
1436362200,39.9,40.24,39.7,39.77,14598700
1436448600,40.24,40.48,40.15,40.18,13348301
1436535000,40.56,40.65,40.21,40.36,10470907
1436794200,40.52,40.86,40.38,40.8,10716991
1436880600,40.81,40.9,40.58,40.78,9298777
1436967000,40.63,40.92,40.63,40.79,9326667
1437053400,41.02,41.02,40.555,40.96,14861034
1437139800,40.75,40.86,40.16,40.4,14574365
1437399000,40.36,40.39,39.87,39.93,17488145
1437485400,39.76,39.985,39.39,39.57,14679096
1437571800,39.36,39.675,39.25,39.42,16796982
1437658200,39.55,39.6,38.96,39,18083839
1437744600,39.1,39.17,38.8,39,12030320
1438003800,38.72,38.82,38.47,38.51,15756829
1438090200,38.79,39.365,38.44,39.28,14289205
1438176600,39.37,39.87,39.26,39.79,13016410
1438263000,40.03,40.1,39.545,39.65,13634237
1438349400,39.76,40.12,39.7,39.94,13706065
1438608600,39.95,40.01,39.4605,39.71,12444523
1438695000,39.59,40,39.525,39.66,9697334
1438781400,39.9,40.02,39.63,39.64,11982011
1438867800,39.63,39.84,39.145,39.32,10613026
1438954200,39.36,39.69,39.23,39.56,10655096
1439213400,39.76,40.045,39.7,39.89,9525807
1439299800,39.53,39.68,39.02,39.17,10600501
1439386200,38.74,39.359,38.5,39.28,11150861
1439472600,39.22,39.56,38.99,39.31,7785664
1439559000,39.33,39.5,39.18,39.41,7184959
1439818200,39.41,39.725,39.09,39.72,7631157
1439904600,39.52,40.03,39.51,39.83,9950594
1439991000,39.7,39.94,39.31,39.53,11112865
1440077400,39.19,39.5,38.6,38.63,13071171
1440163800,38.32,38.77,37.55,37.55,19411349
1440423000,35.73,37.06,35.14,36.08,32522280
1440509400,36.97,37.21,35.38,35.45,21393562
1440595800,36.03,37.02,35.6,36.91,20554291
1440682200,37.35,37.51,36.0099,36.82,28218161
1440768600,36.86,37.495,36.78,37.46,21559081
1441027800,37.16,37.51,36.93,37.09,15352800
1441114200,36.33,36.55,35.89,36.01,19948697
1441200600,36.37,36.75,36.11,36.75,15049271
1441287000,36.81,37.27,36.77,36.9,11787777
1441373400,36.35,36.68,36.09,36.27,13147872
1441719000,36.73,37.82,36.73,37.68,18949564
1441805400,37.9,38.18,37.01,37.09,14710188
1441891800,37.03,37.94,37.03,37.61,16930643
1441978200,37.45,37.96,37.4,37.92,12948612
1442237400,37.81,37.94,37.37,37.56,15021459
1442323800,37.77,38.18,37.4,37.99,14877921
1442410200,38.26,38.52,37.93,38.27,19573970
1442496600,36.74,37.67,36.5,36.74,37298982
1442583000,36.29,36.98,36.26,36.38,34919765
1442842200,36.6,37.059,36.425,36.83,14964384
1442928600,36.34,36.49,35.97,36.19,19979673
1443015000,36.19,36.215,35.83,35.99,16991591
1443101400,35.85,36.23,35.39,36.06,18059542
1443187800,36.2,36.32,35.91,36.05,19386998
1443447000,35.72,36.14,35.4,35.44,21742693
1443533400,35.31,35.66,35.24,35.51,19785933
1443619800,35.89,36.19,35.775,36.12,16214971
1443706200,36.23,36.42,35.85,36.24,18331302
1443792600,35.71,36.91,35.64,36.89,18772805
1444051800,37.26,37.73,37.02,37.59,12741707
1444138200,37.52,37.85,37.51,37.73,12427267
1444224600,37.75,37.98,37.35,37.66,16369772
1444311000,37.39,37.985,37.34,37.89,13247649
1444397400,37.98,38.2,37.66,38.1,14656414
1444656600,37.92,38.12,37.69,38.04,11022515
1444743000,37.91,38.2,37.74,37.82,11575627
1444829400,37.17,37.58,37.14,37.26,14069721
1444915800,37.55,37.67,37.26,37.55,12205521
1445002200,37.8,37.8,37.14,37.37,19694671
1445261400,36.86,37.1,36.57,36.87,18100494
1445347800,36.62,37,36.62,36.86,13678087
1445434200,36.98,37.12,36.57,36.62,11072051
1445520600,36.85,37.86,36.85,37.79,14701371
1445607000,38.12,38.16,37.79,38.07,16469067
1445866200,37.94,38.62,37.94,38.37,12330620
1445952600,38.33,38.45,38.04,38.34,14110454
1446039000,38.63,38.89,38.37,38.88,14020019
1446125400,38.53,38.91,38.525,38.86,11432860
1446211800,38.92,39.04,38.5,38.84,16471536
1446474600,39.05,39.78,38.9,39.75,19789669
1446561000,39.69,40.27,39.58,40.2,17153098
1446647400,40.35,40.57,40.06,40.48,16863293
1446733800,40.16,40.6,40.15,40.35,16358795
1446820200,40.32,40.64,40.13,40.62,16481837
1447079400,40.41,40.5,39.78,40.1,14604873
1447165800,39.83,40.17,39.79,39.92,11294021
1447252200,39.24,39.6,38.98,39.04,18861512
1447338600,38.65,39.105,38.51,38.63,14591612
1447425000,38.48,38.6,37.22,37.3,23987579
1447684200,37.69,38.39,37.56,38.12,16740998
1447770600,38.23,38.515,37.97,38.13,14819972
1447857000,38.19,38.73,38.15,38.7,11958895
1447943400,38.67,39.32,38.62,39.02,12306060
1448029800,39.25,39.575,39.2,39.34,12023190
1448289000,39.44,39.53,39.05,39.14,9111899
1448375400,38.78,39.62,38.78,39.46,13766306
1448461800,39.47,39.6,39.245,39.26,8015177
1448634600,39.14,39.34,39.08,39.18,6869874
1448893800,39.11,39.29,38.97,38.97,18969785
1448980200,39.09,39.275,38.91,39.23,12718191
1449066600,39.15,39.39,38.65,38.7,13694239
1449153000,38.96,38.96,37.75,37.81,20322532
1449239400,38.02,39.24,37.875,39.16,18206591
1449498600,39.16,39.2399,38.5,38.82,13798471
1449585000,38.29,38.87,38.26,38.73,15219665
1449671400,38.63,39.35,38.325,38.58,17516146
1449757800,38.61,38.82,38.11,38.19,18358289
1449844200,37.62,37.85,37.035,37.21,20346816
1450103400,37.15,37.68,36.85,37.65,20142709
1450189800,38.1,38.53,37.95,38.21,19263508
1450276200,38.67,39.14,38.345,38.91,23477974
1450362600,38.09,38.2,36.54,36.93,42879939
1450449000,36.89,37.08,36.31,36.35,28726814
1450708200,36.72,36.84,36.1,36.42,15042283
1450794600,36.39,36.71,36.25,36.59,13924822
1450881000,36.66,37.215,36.65,36.93,12832271
1450967400,36.73,37.225,36.73,37.01,4953878
1451313000,36.83,36.86,36.47,36.79,10921929
1451399400,37.02,37.21,36.98,37.04,10708638
1451485800,37.08,37.16,36.83,36.92,9585554
1451572200,36.84,36.95,36.43,36.53,10332409
1451917800,36.01,36.01,35.36,35.75,18784386
1452004200,35.86,36.12,35.49,35.64,25340678
1452090600,35.5,36.135,35.36,35.82,18165714
1452177000,35.25,35.68,34.88,35.04,22591403
1452263400,35.13,35.28,34.61,34.65,21962204
1452522600,34.75,35.12,34.52,34.94,18726561
1452609000,35.32,35.55,34.985,35.37,18457346
1452695400,35.19,35.4,33.87,34.08,28322878
1452781800,34.19,35.09,34.01,34.79,19523567
1452868200,33.8,34.51,33.66,34.12,25425008
1453213800,34.54,34.75,34.24,34.55,21423142
1453300200,33.88,34.23,33.13,33.94,25278716
1453386600,33.91,34.56,33.59,34.12,20380296
1453473000,34.55,34.99,34.53,34.8,15892665
1453732200,34.58,34.94,34.3,34.34,16793613
1453818600,34.32,35.23,34.12,35.23,19729566
1453905000,35.03,35.55,34.7339,34.91,20567567
1453991400,35.17,35.545,34.94,35.33,15472757
1454077800,35.65,36.31,35.51,36.31,19059281
1454337000,35.9,36.54,35.85,36.32,14143998
1454423400,35.85,35.94,35.25,35.35,17404484
1454509800,35.56,35.79,34.94,35.69,13855330
1454596200,35.7,36.54,35.66,36.45,16925925
1454682600,36.13,36.24,35.37,35.7,17312179
1454941800,35.13,35.7,34.475,35.61,20118847
1455028200,35.13,35.61,34.62,35.08,17819755
1455114600,35.42,36.135,35.14,35.2,13368654
1455201000,34.59,35.11,34.47,34.84,18889731
1455287400,35.24,35.55,34.905,35.54,15837938
1455633000,35.76,35.91,35.42,35.7,19676336
1455719400,35.97,36.77,35.97,36.63,13186471
1455805800,36.71,36.87,36.395,36.63,12866629
1455892200,36.52,36.79,36.42,36.78,13203418
1456151400,37.11,37.4852,36.9,37.11,10109943
1456237800,37.11,37.11,36.38,36.55,9417125
1456324200,36.09,36.73,35.77,36.63,10978188
1456410600,36.79,37.3,36.5,37.29,11566042
1456497000,37.43,37.65,36.84,36.96,16548735
1456756200,37,37.33,36.625,36.78,22300166
1456842600,37.15,37.99,37.04,37.99,13030757
1456929000,37.76,37.8899,37.43,37.76,12791151
1457015400,37.61,37.91,37.395,37.89,8832188
1457101800,38,38.16,37.7701,37.89,10638366
1457361000,37.54,38.45,37.52,38.36,13011008
1457447400,38.11,38.45,37.94,38.15,12384441
1457533800,38.43,38.61,38.12,38.48,16786465
1457620200,38.77,38.77,37.505,38.05,17621289
1457706600,38.45,38.97,38.28,38.95,13143306
1457962200,38.91,38.94,38.55,38.7,14704491
1458048600,38.35,38.87,38.13,38.74,17502867
1458135000,39.55,40.945,39.53,40.22,49082261
1458221400,40.15,40.96,40.07,40.61,22163514
1458307800,40.87,41.49,40.65,41.48,34354028
1458567000,41.42,42,41.37,41.61,17275055
1458653400,41.32,41.75,41.19,41.38,11970527
1458739800,41.3,41.35,40.57,40.75,13666756
1458826200,40.6,41.065,40.34,40.97,11956212
1459171800,41.11,41.11,40.555,40.62,14646960
1459258200,40.41,40.8,40.37,40.7,15159236
1459344600,40.96,41.11,40.845,40.97,9803646
1459431000,41.13,41.24,40.8,40.91,10196456
1459517400,40.68,41.22,40.62,41.16,9574125
1459776600,41.15,41.28,40.9,41.07,10243450
1459863000,40.85,41.06,40.46,40.53,9111323
1459949400,40.4,40.79,40.19,40.75,12516159
1460035800,40.59,40.59,39.81,39.97,12838607
1460122200,40.13,40.54,40.13,40.36,8011702
1460381400,40.59,41.08,40.38,40.39,10399576
1460467800,40.31,40.52,39.99,40.42,9245042
1460554200,40.82,41.39,40.63,41.31,12752341
1460640600,41.31,41.46,41.18,41.24,9150486
1460727000,41.12,41.38,41.02,41.02,10340334
1460986200,40.84,41.25,40.8,41.24,8849259
1461072600,41.41,41.49,40.965,41.06,9884448
1461159000,41.19,41.39,41.08,41.1,8481174
1461245400,41.03,41.3,40.88,40.99,11954053
1461331800,40.79,41.43,40.67,40.7,15003315
1461591000,40.59,40.83,40.47,40.78,10876223
1461677400,40.82,40.85,40.43,40.65,8365822
1461763800,40.51,41,40.51,40.85,8742137
1461850200,40.36,40.97,40.17,40.33,9233815
1461936600,40.17,40.17,39.37,39.86,12883301
1462195800,39.9,40.43,39.83,40.3,10454246
1462282200,40.03,40.11,39.53,39.68,11439557
1462368600,39.39,39.57,39.13,39.29,9046162
1462455000,39.44,39.46,39.125,39.23,8962693
1462541400,38.97,39.425,38.97,39.41,7587435
1462800600,39.34,39.725,39.22,39.36,7949374
1462887000,39.58,40.06,39.58,40.02,9290151
1462973400,39.86,40.08,39.64,39.65,7180106
1463059800,39.89,40.03,39.59,39.82,10006798
1463146200,39.78,40.08,39.51,39.61,9392633
1463405400,39.77,40.1,39.46,39.97,7797058
1463491800,39.8,40.02,39.47,39.6,9483701
1463578200,39.59,39.8,39.16,39.47,10379691
1463664600,39.16,39.24,38.56,38.84,15124376
1463751000,39.08,39.58,38.95,39.41,16153202
1464010200,39.31,39.44,39.14,39.18,8904799
1464096600,39.42,40.075,39.25,39.9,11329754
1464183000,40.05,40.29,40.05,40.13,7972174
1464269400,40.11,40.2,39.925,39.95,7573999
1464355800,39.83,40.08,39.8,40.07,8240624
1464701400,40.08,40.22,39.95,40.2,12567400
1464787800,40.06,40.3,39.82,40.26,9268776
1464874200,38.7,39.05,38.075,38.66,51063430
1464960600,38.74,39.21,38.69,39.1,20739974
1465219800,39.19,39.64,39.12,39.44,16116913
1465306200,39.55,39.745,39.05,39.13,20009508
1465392600,39.16,39.34,38.9,39.28,11671047
1465479000,39.19,39.21,38.75,39.05,12316133
1465565400,38.78,38.99,38.61,38.74,10441707
1465824600,38.5,38.89,38.38,38.62,13036297
1465911000,38.63,38.98,38.57,38.83,12092235
1465997400,38.8,38.92,38.41,38.44,14476086
1466083800,38.36,38.7999,38.08,38.64,17916492
1466170200,39.49,39.96,38.92,39.68,34512377
1466429400,39.9,40.35,39.7,39.73,17149197
1466515800,39.93,40.12,39.7475,39.99,20111116
1466602200,40.15,40.34,39.87,40.01,12643366
1466688600,40.4,40.87,40.26,40.83,15429983
1466775000,39.38,39.89,39.02,39.23,44204510
1467034200,38.87,38.88,38.18,38.48,22532950
1467120600,38.72,39.19,38.58,39.13,14750851
1467207000,39.76,40.7,39.49,40.55,23009741
1467293400,40.48,41.155,40.47,40.93,20100918
1467379800,40.7,41.05,40.69,40.86,11381612
1467725400,40.33,40.58,40.15,40.4,12501386
1467811800,40.2,40.57,40.02,40.53,12124296
1467898200,40.65,40.83,40.42,40.53,11676734
1467984600,40.88,41.18,40.74,40.87,14235589
1468243800,40.9,41.14,40.75,40.78,12911974
1468330200,41.23,41.58,41.055,41.42,13321022
1468416600,41.56,41.65,41.2475,41.46,9612677
1468503000,41.57,41.87,41.5,41.67,9259846
1468589400,41.91,41.91,41.46,41.77,11666312
1468848600,41.71,41.835,41.58,41.64,8738905
1468935000,41.3,41.45,41.01,41.08,12723033
1469021400,41.48,41.5,41.25,41.25,11409678
1469107800,41.34,41.51,40.94,41.07,11546306
1469194200,41.12,41.21,40.945,41.08,10426334
1469453400,40.91,41.16,40.89,41.16,8974388
1469539800,41.06,41.24,40.81,40.94,11031902
1469626200,41.03,41.105,40.75,40.93,9567033
1469712600,41.35,41.4,40.72,41.19,17048636
1469799000,41.32,41.38,40.92,41.04,13230848
1470058200,40.91,41.27,40.91,41.15,12435386
1470144600,41.12,41.12,40.58,40.71,10268186
1470231000,40.62,40.85,40.595,40.71,12350485
1470317400,40.61,40.95,40.61,40.9,9142133
1470403800,41.07,41.22,40.96,41.13,9615322
1470663000,41.18,41.4,41.12,41.16,11427817
1470749400,41.09,41.27,41.05,41.1,9534007
1470835800,41.13,41.25,40.86,41.09,11077378
1470922200,41.13,41.41,41.13,41.28,9473686
1471008600,41.13,41.2,41,41.09,6301676
1471267800,41,41.64,41,41.39,12774946
1471354200,41.3,41.445,41.24,41.32,8109143
1471440600,41.38,41.38,41.07,41.21,9876443
1471527000,40.95,41.33,40.95,41.14,8544577
1471613400,41.04,41.34,41.005,41.32,9109870
1471872600,41.11,41.39,41.11,41.22,9834700
1471959000,41.37,41.64,41.36,41.5,10631824
1472045400,41.35,41.47,40.98,41.07,9830250
1472131800,41.12,41.2,41,41.1,7567154
1472218200,41.11,41.58,41.065,41.26,9228217
1472477400,41.48,41.53,41.26,41.31,9168520
1472563800,41.39,41.395,41.145,41.31,6840673
1472650200,41.27,41.32,41.09,41.22,9694690
1472736600,40.98,41.26,40.78,41.16,10652531
1472823000,41.26,41.4196,41.03,41.25,9020230
1473168600,41.37,41.37,41.07,41.25,8308325
1473255000,41.14,41.31,40.95,41.25,10415336
1473341400,40.93,41,40.6,40.72,16732092
1473427800,40.33,40.74,40.03,40.03,14477482
1473687000,39.96,40.75,39.68,40.68,14927201
1473773400,40.37,40.53,39.97,40.18,13395176
1473859800,40.02,40.555,40.02,40.25,11626855
1473946200,40.18,41.03,40.09,40.86,19092475
1474032600,39.61,39.95,38.71,38.92,50703487
1474291800,39.13,39.55,39.045,39.23,19801878
1474378200,39.55,39.6,39.055,39.07,12121312
1474464600,39.19,39.575,39.19,39.51,10993990
1474551000,39.68,39.8,39.48,39.51,9679298
1474637400,39.39,39.42,39.03,39.23,14017314
1474896600,39,39.105,38.76,39.03,9840941
1474983000,38.9,39.49,38.86,39.3,10644622
1475069400,39.23,39.5,39.16,39.44,8103466
1475155800,39.25,39.62,39.0801,39.12,8795189
1475242200,39.25,39.44,39.09,39.28,12861882
1475501400,39.2,39.255,38.86,38.99,10403519
1475587800,39.04,39.2,38.76,38.87,9199333
1475674200,39.11,39.335,38.89,39.15,8269218
1475760600,39.11,39.24,38.63,38.87,9789055
1475847000,38.84,39,38.61,38.71,11442032
1476106200,38.86,39,38.59,38.62,9475433
1476192600,38.56,38.65,37.81,38.01,14964003
1476279000,37.93,38.15,37.64,38.05,8944920
1476365400,37.86,38.19,37.62,38.03,14118062
1476451800,38.26,38.585,38.19,38.41,11601173
1476711000,38.54,38.54,38.21,38.29,9418950
1476797400,38.6,38.69,38.36,38.42,7121851
1476883800,38.52,38.635,38.31,38.35,8310928
1476970200,38.12,38.35,38.01,38.09,11196995
1477056600,37.99,38.12,37.77,37.93,13413355
1477315800,38.12,38.42,38.12,38.27,13550458
1477402200,38.33,38.43,38.105,38.36,11627932
1477488600,38.15,38.64,38.15,38.31,9723068
1477575000,38.41,38.56,38.15,38.22,7588890
1477661400,38.3,38.45,38.025,38.17,7803348
1477920600,38.31,38.51,38.2,38.42,10485259
1478007000,38.58,38.58,38.225,38.46,12018182
1478093400,38.46,38.49,37.975,38.03,9488381
1478179800,37.99,38.38,37.99,38.31,12393143
1478266200,38.31,38.58,38.17,38.28,14288949
1478529000,38.73,39.15,38.72,39.09,9506917
1478615400,39.16,39.35,38.98,39.13,7574742
1478701800,38.56,39.735,38.39,39.55,19497316
1478788200,39.65,40.06,39.3,39.58,26707219
1478874600,39.54,39.805,39.18,39.45,12217654
1479133800,39.39,39.67,39.11,39.3,15417089
1479220200,38.89,39.22,38.68,39.17,13594292
1479306600,39.1,39.8,38.92,39.7,12596969
1479393000,39.8,40.29,39.67,40.25,13316627
1479479400,40.28,40.49,39.67,39.86,12890599
1479738600,39.97,40.03,39.67,39.89,8073077
1479825000,40.09,40.12,39.8075,40.09,10993083
1479911400,40.05,40.1,39.84,40.1,11101774
1480084200,40.04,40.35,40.04,40.27,4013115
1480343400,40.13,40.53,40.05,40.3,12118281
1480429800,40.34,40.74,40.13,40.55,10157369
1480516200,40.66,40.7,40.19,40.19,14374592
1480602600,40.11,40.18,38.46,38.7,22740168
1480689000,38.46,38.83,37.64,38.5,19120264
1480948200,38.6,39.11,38.54,38.97,13681522
1481034600,39.01,39.48,38.88,39.47,13524707
1481121000,39.5,40.37,39.49,40.32,15170645
1481207400,40.32,40.495,40.08,40.35,10109674
1481293800,40.41,40.77,40.28,40.52,11219098
1481553000,40.35,40.7,40.35,40.51,10891491
1481639400,40.47,41,40.47,40.76,12493139
1481725800,40.87,41.09,40.62,40.88,25102420
1481812200,40.95,41.14,40.735,40.86,17783475
1481898600,40.22,40.22,38.76,39.1,46224181
1482157800,39.03,39.19,38.59,38.9,15135143
1482244200,38.96,39.11,38.8,39,14006387
1482330600,39.06,39.06,38.61,38.83,11966373
1482417000,38.93,39.24,38.6,38.96,11226345
1482503400,38.79,39.0226,38.6299,38.78,8143554
1482849000,38.77,39.04,38.76,38.82,5073778
1482935400,38.87,38.92,38.63,38.68,8264081
1483021800,38.61,38.84,38.61,38.69,5712159
1483108200,38.75,38.8625,38.34,38.45,10820188
1483453800,38.45,38.69,38.3,38.55,11051341
1483540200,38.55,38.92,38.55,38.74,9545541
1483626600,38.67,38.95,38.405,38.64,12064718
1483713000,38.75,38.75,38.38,38.45,14829725
1483972200,38.53,39.45,38.47,39.03,15587888
1484058600,39,39.07,38.66,38.66,11316576
1484145000,38.64,39.13,38.64,39.11,10403082
1484231400,39.03,39.32,38.59,39.2,11527296
1484317800,39.16,39.33,39.03,39.26,9455308
1484663400,39.07,39.28,38.885,39.1,11081367
1484749800,39.28,39.34,39.03,39.19,10394029
1484836200,39.12,39.38,39.1,39.21,12232380
1484922600,39.46,40.035,39.45,39.87,25439091
1485181800,39.76,40.09,39.43,39.68,13251221
1485268200,39.85,40.2,39.75,40.1,12216458
1485354600,40.32,40.375,39.95,40.15,13164793
1485441000,40.21,40.25,39.95,40.13,10556466
1485527400,40.2,40.39,40.13,40.23,9232665
1485786600,40.11,40.25,39.81,40.23,10589562
1485873000,40.21,40.25,39.675,40.11,10766745
1485959400,40.22,40.22,39.71,39.84,11836961
1486045800,39.77,40,39.68,39.98,10120343
1486132200,40.07,40.43,39.95,40.43,12941164
1486391400,40.44,40.44,40.08,40.1,7871322
1486477800,40.16,40.3,40.04,40.07,8848671
1486564200,40.06,40.35,40.01,40.02,8883343
1486650600,40.09,40.45,40.05,40.23,10977185
1486737000,40.33,40.92,40.21,40.79,13168666
1486996200,40.89,41.19,40.8,41.09,12779834
1487082600,40.92,41.17,40.75,41.1,9622961
1487169000,40.96,41.48,40.89,41.41,9243647
1487255400,41.46,41.735,41.365,41.59,10132672
1487341800,41.54,42.06,41.5,42.06,18545336
1487687400,41.99,42.38,41.93,42.27,12394709
1487773800,42.26,42.52,42.13,42.51,11602769
1487860200,42.56,42.99,42.5,42.96,15483953
1487946600,42.74,43.19,42.68,43.17,11426697
1488205800,43.26,43.26,42.52,42.7,13876507
1488292200,42.62,42.745,42.42,42.59,14450263
1488378600,42.75,43,42.69,42.92,11402152
1488465000,42.83,42.93,42.63,42.89,9431593
1488551400,42.77,42.885,42.59,42.69,8928505
1488810600,42.46,42.735,42.3,42.57,9196010
1488897000,42.58,42.75,42.52,42.6,9492905
1488983400,42.68,42.79,42.51,42.61,9217090
1489069800,42.63,42.63,42.25,42.44,10308443
1489156200,42.62,42.69,42.35,42.68,12244538
1489411800,42.75,42.78,42.525,42.58,12440837
1489498200,42.58,42.84,42.405,42.79,10290999
1489584600,42.9,43.2,42.64,43.05,18393223
1489671000,46.39,46.99,45.65,45.73,67535437
1489757400,45.25,45.98,45.11,45.66,31688720
1490016600,45.67,45.95,45.16,45.23,21452575
1490103000,45.31,45.4,44.71,44.84,21974454
1490189400,45.13,45.45,44.63,44.79,14339677
1490275800,44.68,45.06,44.67,44.95,16190536
1490362200,44.92,45.09,44.575,44.65,13110178
1490621400,44.51,44.93,44.36,44.84,8933400
1490707800,44.83,45.03,44.66,44.69,14008754
1490794200,44.52,44.73,44.47,44.52,10636243
1490880600,44.45,44.745,44.37,44.68,7792510
1490967000,44.5,44.85,44.46,44.61,10652754
1491226200,44.68,45.05,44.4,44.61,16044276
1491312600,44.61,44.74,44.38,44.59,9161341
1491399000,44.74,44.97,44.41,44.49,9445119
1491485400,44.53,44.53,44.14,44.18,11557755
1491571800,44.09,44.385,43.99,44.29,13446605
1491831000,44.21,44.445,43.955,44,11668629
1491917400,43.89,44.45,43.76,44.17,15422353
1492003800,44.33,44.41,44.03,44.18,8457041
1492090200,44.19,44.45,43.98,44,11838300
1492435800,44.12,44.3551,44,44.29,10999992
1492522200,44.21,44.58,44.14,44.52,10446944
1492608600,44.44,44.54,44.08,44.19,10711956
1492695000,44.26,44.63,44.17,44.53,10880924
1492781400,44.59,44.74,44.4,44.43,11556016
1493040600,44.97,44.99,44.62,44.84,10848901
1493127000,44.98,44.98,44.6,44.72,12418659
1493213400,44.75,45.04,44.64,44.69,10122447
1493299800,44.88,44.94,44.65,44.77,8221029
1493386200,44.74,44.96,44.52,44.96,12962658
1493645400,45.01,45.18,44.87,45.05,9118316
1493731800,45,45.35,44.97,45.13,11649568
1493818200,45.05,45.155,44.77,44.89,10695874
1493904600,44.96,45.78,44.95,45.47,15505168
1493991000,45.71,45.78,45.36,45.58,8443421
1494250200,45.48,45.705,45.42,45.56,7559917
1494336600,45.5,45.68,45.38,45.48,6530558
1494423000,45.52,45.56,45.29,45.53,6906121
1494509400,45.41,45.41,44.97,45.16,8996359
1494595800,45.01,45.15,44.915,45.08,7965112
1494855000,45.24,45.36,45.09,45.32,9694029
1494941400,45.36,45.37,45.15,45.29,7944498
1495027800,44.99,45.09,44.2,44.23,18489195
1495114200,44.06,44.41,43.6,44.17,12777557
1495200600,44.21,44.52,44.17,44.31,11519180
1495459800,44.33,44.65,44.28,44.63,9805760
1495546200,44.68,44.84,44.52,44.56,6873723
1495632600,44.65,44.88,44.5,44.83,7712277
1495719000,44.99,45.3,44.83,45.2,7597616
1495805400,45.21,45.445,45.06,45.26,6899725
1496151000,45.11,45.46,45.11,45.42,10769777
1496237400,45.42,45.55,45.26,45.39,14757634
1496323800,45.52,45.8,45.36,45.79,8138901
1496410200,45.88,46.07,45.48,45.66,11794562
1496669400,45.69,45.995,45.67,45.92,8617321
1496755800,45.73,45.84,45.6,45.61,7449507
1496842200,45.62,45.65,45.14,45.4,7688665
1496928600,45.73,45.8565,45.31,45.42,12889520
1497015000,45.4,45.6699,44.68,45.03,12188360
1497274200,44.65,44.85,43.74,44.85,16189867
1497360600,45.07,45.235,44.62,44.98,10705755
1497447000,45.16,45.28,44.485,44.81,12024581
1497533400,44.55,44.815,44.37,44.68,10394642
1497619800,44.75,45.1,44.53,45.09,15930868
1497879000,45.27,45.75,45.21,45.73,12787720
1497965400,45.76,46.32,45.6,45.84,15299580
1498051800,46.15,46.54,46.08,46.33,30757278
1498138200,51.61,51.85,50.16,50.3,63193897
1498224600,50.24,51.835,50.07,50.95,42812545
1498483800,50.99,51.7,50.77,50.86,29453393
1498570200,50.75,51.45,50.52,50.75,17876401
1498656600,51.07,51.09,50.81,50.87,15981578
1498743000,50.76,50.885,49.98,50.2,13929067
1498829400,50.18,50.52,50.08,50.14,13146430
1499088600,50.05,50.13,49.32,49.36,10883219
1499261400,49.8,50.03,49.41,49.46,15775251
1499347800,49.25,49.42,48.77,48.85,14411942
1499434200,48.83,49.44,48.83,49.35,10889360
1499693400,49.27,49.83,49.22,49.62,10098514
1499779800,49.53,49.89,49.41,49.88,9751082
1499866200,50.02,50.48,49.96,50.45,14461391
1499952600,50.55,50.675,50.25,50.35,11959949
1500039000,50.27,50.65,50.27,50.56,9875932
1500298200,50.31,50.58,50.24,50.44,8094195
1500384600,50.34,50.7,50.16,50.45,14105601
1500471000,50.46,51.1,50.36,51,13312763
1500557400,51.14,51.26,50.835,51.13,8772545
1500643800,50.87,51.15,50.65,50.8,8791922
1500903000,50.8,50.9,50.61,50.76,7639116
1500989400,50.91,51.23,50.79,51.17,10536242
1501075800,51.15,51.19,51.02,51.17,5724523
1501162200,51.3,51.36,50.19,50.45,16508795
1501248600,50.19,50.49,50.04,50.3,8996435
1501507800,50.48,50.5,49.895,49.93,10066602
1501594200,50.15,50.22,49.82,50.16,6066247
1501680600,50.26,50.31,49.58,49.77,8720683
1501767000,49.92,50.41,49.725,50.23,9490119
1501853400,50.18,50.21,49.865,49.96,7025257
1502112600,50,50.09,49.525,49.64,8280295
1502199000,49.54,49.825,48.97,49.1,14684306
1502285400,48.98,49.39,48.86,49.06,15872408
1502371800,48.96,48.96,48.05,48.1,13391115
1502458200,48.18,48.435,47.98,48.24,11704784
1502717400,48.48,48.96,48.47,48.85,9229055
1502803800,48.89,49.06,48.77,48.83,10663484
1502890200,48.97,49.315,48.76,49.25,9881214
1502976600,49.17,49.31,48.55,48.55,9661645
1503063000,48.45,48.88,48.31,48.62,10248442
1503322200,48.65,48.96,48.54,48.9,7293402
1503408600,49.12,49.35,48.99,49.26,9233010
1503495000,49.06,49.43,48.94,49.07,6895425
1503581400,49.07,49.2569,48.88,49.19,7365529
1503667800,49.44,49.44,49.1501,49.24,7853334
1503927000,49.39,49.39,49.04,49.24,6211310
1504013400,48.88,49.57,48.75,49.45,7245889
1504099800,49.5,49.95,49.36,49.8,6957444
1504186200,49.88,50.515,49.84,50.33,12958147
1504272600,50.35,50.88,50.35,50.62,8716795
1504618200,50.53,51.08,50.47,50.93,15610724
1504704600,51.08,51.225,50.795,51.01,15615580
1504791000,51.19,51.78,51.03,51.73,11516836
1504877400,51.8,51.88,51.38,51.58,10356483
1505136600,51.88,52.61,51.81,52.49,16526301
1505223000,52.64,52.89,52.47,52.77,13352387
1505309400,52.52,52.98,52.45,52.8,14463029
1505395800,52.76,53.14,52.32,52.79,21901610
1505482200,50.65,50.7,48.48,48.74,66367857
1505741400,48.88,49.06,48.09,48.33,29434734
1505827800,48.49,48.5,47.88,48.04,23070671
1505914200,48,48.19,47.69,47.97,21257304
1506000600,47.82,48.19,47.82,47.97,15656341
1506087000,47.92,48.425,47.92,48.16,15341907
1506346200,48.52,48.54,47.64,47.97,15663567
1506432600,48.1,48.21,47.89,47.92,18679949
1506519000,48.05,48.36,47.95,48.16,14499186
1506605400,48.2,48.25,48.005,48.08,12997719
1506691800,48.19,48.75,47.96,48.35,44896559
1506951000,48.72,49,48.57,48.8,26097305
1507037400,48.95,48.96,48.54,48.69,12710761
1507123800,48.99,49.19,48.76,48.9,15204533
1507210200,48.96,49.03,48.5,48.91,13886059
1507296600,48.64,48.7,48.22,48.4,16340405
1507555800,48.36,48.58,48.17,48.36,10173049
1507642200,48.16,48.46,48,48.21,15630536
1507728600,48.16,48.47,48.16,48.28,12588339
1507815000,48.27,48.48,48.11,48.23,11715630
1507901400,48.37,48.71,48.33,48.61,10142300
1508160600,48.61,48.91,48.49,48.86,9378061
1508247000,48.82,49.3,48.71,49.19,14191308
1508333400,49.5,49.76,49.16,49.58,12064051
1508419800,49.44,49.67,49.19,49.35,10048594
1508506200,49.54,49.79,49.16,49.25,15501538
1508765400,49.28,49.66,49.22,49.31,14633363
1508851800,49.33,50.14,49.25,49.98,17562355
1508938200,49.89,50.65,49.64,49.7,20635798
1509024600,50.11,50.3,49.77,50.15,16952945
1509111000,50.29,50.97,50.03,50.88,15099521
1509370200,50.63,50.75,50.235,50.68,9049834
1509456600,50.73,51.28,50.45,50.9,14453112
1509543000,51.1,51.17,50.57,50.64,10128000
1509629400,50.54,50.7,50.12,50.28,10389824
1509715800,50.36,50.44,50.16,50.18,15814547
1509978600,50.1,50.55,50.0224,50.4,9677982
1510065000,50.43,50.58,50.08,50.49,6796455
1510151400,50.33,50.74,50.2,50.54,7978663
1510237800,50.14,50.22,48.54,49.24,16195442
1510324200,49,49.37,48.745,49.32,9944188
1510583400,49.1,49.43,49.055,49.4,6566684
1510669800,49.32,49.33,48.9,49.2,8498922
1510756200,48.88,49.075,48.73,48.82,9425149
1510842600,49.11,49.62,49.01,49.2,11738536
1510929000,49,49.23,48.85,48.94,10035107
1511188200,49.04,49.16,48.92,49.02,11525088
1511274600,49,49.1,48.5,48.63,18313271
1511361000,48.56,48.83,48.42,48.58,10619037
1511533800,48.88,49.13,48.69,49.01,5455774
1511793000,48.94,49.22,48.75,48.88,13395574
1511879400,48.88,49.2,48.85,49.01,13930558
1511965800,48.85,48.86,48.2,48.52,14377575
1512052200,48.89,49.33,48.89,49.06,24701096
1512138600,49.05,50,48.9,49.61,15899489
1512397800,49.82,49.82,48.36,48.4,13473879
1512484200,48.21,48.65,47.965,47.99,17858893
1512570600,47.88,48.585,47.63,48.42,12974467
1512657000,48.37,48.81,48.3,48.52,13482831
1512743400,48.9,49.69,48.7,49.6,14732347
1513002600,49.61,50.5,49.56,50.47,15852801
1513089000,50,50.71,49.95,50.39,17463957
1513175400,50.33,50.51,50.01,50.05,17196888
1513261800,50.14,50.4,49.94,50.19,22259254
1513348200,48.48,48.48,47,48.3,75176011
1513607400,48.43,48.85,47.68,47.71,25156817
1513693800,47.96,48.35,47.74,47.82,28664335
1513780200,47.88,48.05,47.79,47.9,11432187
1513866600,48.11,48.11,47.23,47.28,18396828
1513953000,47.17,47.4,47.095,47.36,11197347
1514298600,47.37,47.58,47.25,47.43,7650197
1514385000,47.25,47.47,47.15,47.38,8132189
1514471400,47.3,47.55,47.3,47.52,7777596
1514557800,47.53,47.88,47.28,47.28,9750044
1514903400,47.57,47.8011,46.17,46.63,25380018
1514989800,47.53,48.07,47.44,47.71,24165000
1515076200,47.99,48.19,47.715,48.18,19815057
1515162600,48.42,48.63,48.28,48.47,14496427
1515421800,48.3,49.07,47.94,48.98,15075007
1515508200,49.25,49.36,48.92,49.06,14153666
1515594600,48.86,49.27,48.58,48.8,13476601
1515681000,48.87,49.02,48.44,48.95,11687801
1515767400,49.18,49.825,49.06,49.51,15978201
1516113000,49.85,50.06,49.44,49.59,17152564
1516199400,49.91,50.29,49.85,50.27,23183110
1516285800,50.19,50.68,50.1,50.23,17119187
1516372200,50.5,50.6,50.27,50.58,14011470
1516631400,50.43,50.74,50.27,50.71,16840015
1516717800,50.75,51.27,50.57,51.12,14141416
1516804200,51.36,52,51.21,51.45,17205640
1516890600,51.54,52.045,51.54,51.6,13904280
1516977000,51.86,52.75,51.76,52.75,14909206
1517236200,52.67,52.79,51.88,51.94,12237645
1517322600,51.74,51.99,50.745,50.96,16863516
1517409000,50.86,51.845,50.86,51.59,16806832
1517495400,51.36,51.98,51.26,51.63,11674132
1517581800,51.25,51.41,50.04,50.13,17562215
1517841000,50.04,50.7,48.06,48.09,19725751
1517927400,47.33,49.51,46.8101,49.4,25921187
1518013800,49.2,49.85,48.82,48.87,15138042
1518100200,49.09,49.12,46.81,46.84,21255423
1518186600,47.58,48.1504,45.92,47.73,23191006
1518445800,48.22,48.4868,47.72,48.15,16261649
1518532200,48.01,48.68,47.77,48.49,12633105
1518618600,48.19,49.52,48.14,49.45,14271379
1518705000,49.7,50.685,49.43,50.64,14132495
1518791400,50.55,51.14,50.49,50.71,11098819
1519137000,50.2,50.31,49.655,49.89,14144874
1519223400,49.87,50.34,49.43,49.43,13050820
1519309800,49.59,50.055,49.405,49.59,9513193
1519396200,49.79,50.57,49.62,50.5,8866832
1519655400,50.59,51.26,50.5,51.17,12955970
1519741800,51.07,51.4,50.535,50.73,14339563
1519828200,51.06,51.5,50.67,50.67,14947949
1519914600,50.96,50.96,49.415,49.71,16539779
1520001000,49.33,50.4,49.155,50.32,17290989
1520260200,49.9,51.49,49.85,51.29,18771549
1520346600,51.56,51.79,51.22,51.5,13907083
1520433000,51.06,51.81,51.03,51.72,11727303
1520519400,51.94,52.16,51.465,52.13,15864375
1520605800,52.35,53,52.2,52.97,16218601
1520861400,52.98,53.44,52.665,52.9,14108403
1520947800,53.24,53.48,52.34,52.58,12864366
1521034200,52.88,53.15,52.18,52.32,10885538
1521120600,52.22,52.665,52.11,52.37,14155248
1521207000,52.4,52.69,52.25,52.27,21011451
1521466200,52.43,52.58,51.51,51.95,25777352
1521552600,46.8,47.75,46.43,47.05,68600975
1521639000,47.29,48.06,47.01,47.02,34597724
1521725400,46.72,47.0215,45.73,45.89,25610072
1521811800,45.98,46.34,44.76,44.79,21398879
1522071000,45.55,46.64,45.385,46.48,20754752
1522157400,46.63,46.82,45,45.38,18925257
1522243800,45.28,45.36,44.51,44.98,22156930
1522330200,45.31,46.29,45.01,45.75,14256447
1522675800,45.65,45.85,44.42,45.01,15343314
1522762200,45.33,45.33,44.29,44.89,15734569
1522848600,44.07,45.62,44.04,45.51,18505940
1522935000,45.73,46.18,45.55,45.96,12312979
1523021400,45.51,45.75,44.6,44.83,13893643
1523280600,45.11,45.65,44.88,44.9,15199976
1523367000,45.55,46.07,45.46,45.82,17177233
1523453400,45.4,45.99,45.36,45.61,14911438
1523539800,45.69,46.17,45.645,45.88,13970339
1523626200,46.31,46.53,45.61,46.08,12493597
1523885400,46.03,46.39,45.595,46.05,11639037
1523971800,46.41,46.93,46.39,46.66,10762747
1524058200,46.68,47.29,46.68,47.08,11312882
1524144600,46.99,47.11,46.7,46.82,8563187
1524231000,46.47,46.62,45.98,46.23,15675644
1524490200,46.38,46.47,45.72,45.8,14904389
1524576600,45.93,46.365,45.28,45.53,13356952
1524663000,45.42,45.84,45.05,45.75,12637523
1524749400,46.09,46.21,45.9,45.96,12175800
1524835800,46.12,46.12,45.465,45.53,14420754
1525095000,45.66,46.015,45.56,45.67,13896566
1525181400,45.39,45.95,45.39,45.95,8838034
1525267800,45.89,46.08,45.47,45.51,10715198
1525354200,45.36,45.39,44.49,45.06,15370217
1525440600,44.93,45.92,44.8,45.71,10571831
1525699800,45.94,46.239,45.78,46.07,9006006
1525786200,45.88,45.99,45.55,45.94,9830551
1525872600,46.23,46.68,45.98,46.58,11822388
1525959000,46.8,47.1,46.61,46.93,10974199
1526045400,47.11,47.15,46.64,46.82,9498144
1526304600,46.81,47.26,46.69,46.82,9689474
1526391000,46.51,46.82,46.25,46.81,11304873
1526477400,46.93,46.93,46.45,46.73,9874195
1526563800,46.69,47.055,46.42,46.54,10162341
1526650200,46.69,46.79,46.24,46.32,13517330
1526909400,46.53,47.285,46.49,47.21,13416333
1526995800,47.24,47.54,46.31,46.37,18505113
1527082200,46.08,46.97,46.02,46.9,9204379
1527168600,46.66,46.94,46.14,46.46,12497658
1527255000,46.49,47.165,46.48,47,11354337
1527600600,46.55,46.8,46.035,46.26,12427752
1527687000,46.63,47.23,46.43,47.05,11906539
1527773400,46.93,47.17,46.71,46.72,13062416
1527859800,47.08,47.36,46.9,47.35,10863237
1528119000,47.48,47.57,47.23,47.32,12178443
1528205400,47.33,47.42,46.805,47.13,13430887
1528291800,47.42,47.805,47.1,47.75,13299094
1528378200,47.93,48.03,47.42,47.68,13714092
1528464600,47.41,48.38,47.41,48.18,14515405
1528723800,48.15,48.39,47.97,48.19,12521110
1528810200,48.21,48.59,48.155,48.45,14713577
1528896600,48.11,48.67,48.09,48.27,18053335
1528983000,47.01,47.02,45.66,45.9,37001333
1529069400,45.87,46.49,45.19,46.28,28120363
1529328600,45.82,46.6,45.46,46.52,21474089
1529415000,45.84,46.41,45.77,46.27,22764939
1529501400,43.51,44.79,42.57,42.82,59129004
1529587800,43.18,43.84,42.98,43.1,32635062
1529674200,43.2,44.3,43.16,44.1,30594322
1529933400,43.57,44.465,43.4905,44.28,24640543
1530019800,44.46,44.85,44.37,44.41,20717461
1530106200,44.57,44.74,43.44,43.45,26360075
1530192600,43.51,44.02,43.36,43.84,20918407
1530279000,44.04,44.53,43.75,44.06,22144908
1530538200,43.96,44.97,43.77,44.95,20655510
1530624600,44.99,44.99,44.524,44.72,16783349
1530797400,45.15,45.47,44.99,45.41,21916222
1530883800,45.46,46.19,45.27,46,20914300
1531143000,46.13,46.79,46.06,46.73,25125725
1531229400,46.83,47.36,46.68,46.99,27421994
1531315800,46.82,47.76,46.71,47.64,22802561
1531402200,47.79,48.2,47.75,48.15,24857935
1531488600,47.97,48.81,47.83,48.63,25772269
1531747800,48.62,48.62,47.95,48.46,22949744
1531834200,48.29,48.99,48.15,48.9,18823113
1531920600,48.79,49,48.4,48.64,19234709
1532007000,48.4,48.72,48.21,48.44,16656534
1532093400,48.49,48.705,48.36,48.52,17236248
1532352600,48.62,48.67,48.045,48.67,17990236
1532439000,48.75,49.1,48.555,48.67,19885451
1532525400,48.52,48.965,48.5,48.95,16335397
1532611800,48.85,49.17,48.76,48.87,15229974
1532698200,48.99,49.12,48.38,48.63,14856123
1532957400,48.58,48.58,47.46,47.73,20167307
1533043800,47.9,48.08,47.39,47.68,18808220
1533130200,47.91,48.22,47.15,47.35,22933594
1533216600,47.04,48.07,46.63,47.9,14227415
1533303000,47.92,48.48,47.9,48.47,14295805
1533562200,48.29,48.76,48.22,48.67,13529328
1533648600,48.94,48.95,48.465,48.48,11608045
1533735000,48.42,48.62,48.26,48.39,10849532
1533821400,48.27,48.71,48.27,48.54,14708037
1533907800,48.37,48.72,48.231,48.32,10502185
1534167000,48.34,48.59,47.97,48.01,12152082
1534253400,48.12,48.35,47.94,48.23,11513673
1534339800,48.1,48.26,47.525,47.84,14091015
1534426200,48.14,48.45,48.04,48.1,11874326
1534512600,48.21,48.5,47.99,48.36,11411979
1534771800,48.4,48.6,48.26,48.42,11936737
1534858200,48.58,48.64,48.37,48.41,10187882
1534944600,48.34,48.91,48.24,48.8,11639421
1535031000,48.8,49.335,48.68,48.96,11026688
1535117400,49,49.39,48.97,49.26,14011940
1535376600,49.41,49.7,49.285,49.33,12253333
1535463000,49.39,49.43,48.595,48.64,15475698
1535549400,48.64,49.1,48.64,48.89,17307730
1535635800,48.89,48.89,48.31,48.38,15154895
1535722200,48.38,48.63,48.35,48.58,17844087
1536067800,48.36,48.83,48.16,48.58,17289045
1536154200,48.41,48.485,47.785,48.04,16437911
1536240600,47.95,48.22,47.52,47.71,18456181
1536327000,47.46,47.99,47.33,47.81,20513945
1536586200,48,49.05,48,48.86,20390617
1536672600,48.52,49.05,48.52,48.92,14877344
1536759000,48.75,49.465,48.62,49.34,17058745
1536845400,49.28,49.745,48.88,48.96,22124422
1536931800,48.94,49.45,48.94,49.25,20066084
1537191000,49.31,49.94,49.105,49.18,29226048
1537277400,47.51,49.54,47.36,49.03,33451106
1537363800,48.92,49.54,48.66,49.43,20904826
1537450200,49.66,51.075,49.56,50.43,26973480
1537536600,50.83,51.12,50.35,51.1,50752079
1537795800,50.81,51.6,50.71,51.24,23906147
1537882200,51.39,51.93,50.97,51.72,18665820
1537968600,51.75,52.11,51.555,51.63,18131040
1538055000,51.56,52.02,51.33,51.69,17993558
1538141400,51.54,52.01,51.49,51.56,16234246
1538400600,51.22,51.99,51.14,51.8,19217922
1538487000,51.65,51.8,50.13,50.23,22406822
1538573400,49.59,50.1,49.59,49.75,21207699
1538659800,49.68,49.78,49.17,49.47,19033961
1538746200,49.42,49.765,49.115,49.35,16900168
1539005400,49.27,49.64,48.895,49.36,16295812
1539091800,49.11,49.4,48.825,48.87,19009806
1539178200,48.81,48.98,47.37,47.4,20885381
1539264600,47.33,47.886,46.49,46.78,26387578
1539351000,47.4,47.75,46.66,47.38,23152878
1539610200,46.96,47.62,46.87,47.12,15693598
1539696600,47.57,48.42,47.47,48.23,13600168
1539783000,47.43,48.2366,47.43,47.86,15071061
1539869400,47.57,48.135,47.13,47.38,15084839
1539955800,47.5,48.24,47.35,47.59,17768405
1540215000,47.85,48.485,47.71,47.94,16480411
1540301400,47.16,48.32,47.12,47.99,18921508
1540387800,47.88,48.3,46.7,46.76,20028237
1540474200,47.42,48.29,47.28,47.96,19349505
1540560600,47.24,48.07,46.71,47.32,23089139
1540819800,47.81,48.09,46.335,47.02,19248721
1540906200,47.08,48.62,46.92,48.57,24438150
1540992600,49.05,49.45,48.59,48.84,21082852
1541079000,48.96,49.24,48.34,48.59,17764930
1541165400,48.93,49.02,48.24,48.83,17289522
1541428200,49,49.13,48.5,49.02,13125823
1541514600,49.1,49.47,48.83,49.25,12362678
1541601000,49.58,50.5,49.47,50.26,14330012
1541687400,50.22,50.5,50.07,50.43,11967073
1541773800,50.42,50.815,50.31,50.61,15316391
1542033000,50.17,50.38,49.11,49.22,14374352
1542119400,49.47,50,49.24,49.51,13550762
1542205800,49.97,49.97,48.74,48.84,16093969
1542292200,50.04,50.69,49.05,50.63,24922802
1542378600,50.53,51.445,50.42,51.17,20929570
1542637800,51.05,51.1,49.4,49.55,19520494
1542724200,48.67,49.07,47.96,48.33,19389607
1542810600,48.76,49.175,48.53,48.62,13859507
1542983400,48.04,49.115,48.04,48.7,7807298
1543242600,49.16,49.16,48.095,48.26,21603804
1543329000,47.92,47.98,46.785,47.44,28057487
1543415400,47.73,48.25,47.37,48.19,29352889
1543501800,48.38,48.38,47.44,47.9,17052085
1543588200,48.09,48.84,47.71,48.76,22884489
1543847400,49.44,50.12,49.21,49.83,21966591
1543933800,49.52,50.22,48.71,48.75,24643471
1544106600,47.75,47.77,45.65,46.68,39877047
1544193000,46.76,47.04,45.805,46,23978045
1544452200,46.01,47.08,45.335,46.67,26375511
1544538600,46.98,47.13,46.06,46.46,22680164
1544625000,47.11,48.11,47.0075,47.32,21404010
1544711400,47.48,47.545,46.75,47.23,23295388
1544797800,46.78,47.033,46.41,46.6,21434449
1545057000,46.42,47.23,45.53,45.73,30441145
1545143400,48.1,48.34,45.44,45.85,42855600
1545229800,46.06,47.44,45.75,46.45,34397250
1545316200,46.05,46.95,45.48,46.24,35165179
1545402600,46.08,46.21,43.86,44,58768410
1545661800,43.77,43.82,42.68,42.69,17230381
1545834600,43,44.61,42.4,44.59,21428929
1545921000,43.95,45.09,43.46,44.97,19048702
1546007400,45.14,45.765,44.74,44.82,39141279
1546266600,45.19,45.5,44.84,45.15,14932651
1546439400,44.48,45.34,44.45,45.22,14329649
1546525800,44.75,45.5,44.41,44.78,19868713
1546612200,45.37,46.95,45.25,46.71,20983953
1546871400,46.93,48.105,46.47,47.45,17967907
1546957800,47.93,48.36,47.2,47.88,16255688
1547044200,46.64,48.23,46.61,47.78,19100183
1547130600,47.38,47.98,46.88,47.82,16652730
1547217000,47.67,48.6197,47.37,48.29,16397521
1547476200,47.85,48.34,47.62,48.18,14869411
1547562600,47.47,48.525,47.41,48.38,12142144
1547649000,48.58,48.785,48.05,48.06,14114001
1547735400,48.01,48.91,47.81,48.58,12711208
1547821800,48.94,49.57,48.87,49.27,15930597
1548167400,48.84,49.17,48.66,48.94,13318705
1548253800,49.19,49.48,48.83,49.24,15551202
1548340200,49.26,49.43,48.87,49.2,11442236
1548426600,49.6,49.9,49.45,49.8,16656580
1548685800,49.45,49.73,49.21,49.52,11799138
1548772200,49.39,49.92,49.19,49.61,10838600
1548858600,49.86,50.5,49.6,50.36,13483753
1548945000,50.24,50.5,50.07,50.23,20403558
1549031400,50.52,51.095,50.29,50.81,14849598
1549290600,50.38,51.25,50.38,51.03,12221237
1549377000,51.17,51.37,50.885,51.24,13345467
1549463400,51.19,51.49,50.97,51.26,9220899
1549549800,50.79,50.985,50.17,50.22,14905039
1549636200,50.09,51.03,49.82,51.03,11535561
1549895400,50.96,51.475,50.95,51.23,9714510
1549981800,51.46,51.55,51.19,51.22,14188483
1550068200,51.25,51.55,50.95,51.42,11342571
1550154600,51.24,51.75,51.09,51.48,11155293
1550241000,51.13,51.72,51.07,51.72,13822166
1550586600,51.48,52.18,51.24,52.02,12357469
1550673000,52,52.205,51.5,51.77,13440874
1550759400,51.63,52.35,51.51,52.11,14759499
1550845800,52.39,52.6,52.2,52.48,11689681
1551105000,52.75,53.03,52.46,52.56,14722184
1551191400,52.46,52.88,52.2401,52.6,12041308
1551277800,52.52,52.64,52.26,52.38,10674216
1551364200,52.2,52.51,52.045,52.13,31856866
1551450600,52.5,52.73,52.37,52.51,15757663
1551709800,52.67,52.845,51.57,52.04,14850055
1551796200,52.04,52.5868,52.015,52.36,16291901
1551882600,52.31,52.75,52.13,52.35,12389327
1551969000,52.2,53.13,52.19,52.58,16624134
1552055400,52.35,52.78,52.13,52.77,15098990
1552311000,51.94,53.175,51.905,52.66,20027695
1552397400,52.67,53.29,52.58,52.8,18048545
1552483800,53.06,53.47,52.74,53.06,19490842
1552570200,52.98,53.395,52.85,53.05,24000329
1552656600,51.4,53.39,51,52.94,43340219
1552915800,52.87,53.96,52.78,53.46,21953604
1553002200,53.8,54.375,53.75,54.04,19214018
1553088600,53.89,54.19,52.505,52.64,24111603
1553175000,52.63,54.05,52.35,54.04,16686327
1553261400,53.62,53.88,52.74,52.77,16201521
1553520600,52.56,52.94,52.234,52.74,11755914
1553607000,53.29,53.54,53.06,53.28,11657558
1553693400,53.28,53.65,52.31,52.81,12636047
1553779800,53,53.295,52.79,53.19,9103127
1553866200,53.47,53.735,53.25,53.71,11485721
1554125400,53.88,54.65,53.85,54.58,15191712
1554211800,54.41,54.5,53.88,54.15,10812078
1554298200,54.16,54.39,53.855,54.06,12853422
1554384600,53.86,54.15,53.41,53.82,9978761
1554471000,53.74,54.19,53.74,53.93,10016462
1554730200,53.73,53.925,53.33,53.72,10126799
1554816600,53.5,54.1,53.47,53.83,9789013
1554903000,53.62,54.16,53.6,53.97,8477336
1554989400,54.05,54.19,53.52,53.79,8147643
1555075800,54.1,54.5,53.87,54.5,9013994
1555335000,54.5,54.75,54.31,54.63,7694969
1555421400,54.67,54.91,54.325,54.59,7265205
1555507800,54.68,54.83,54.39,54.48,7792166
1555594200,54.44,54.67,54.2259,54.52,8233110
1555939800,54.4,54.68,54.2,54.62,6088127
1556026200,54.75,55.14,54.72,54.94,10923390
1556112600,55,55.53,54.96,55.18,8769848
1556199000,55.15,55.22,54.58,55.01,8226211
1556285400,55.22,55.49,55.01,55.41,7101579
1556544600,55.29,55.49,55.08,55.08,6442963
1556631000,55.06,55.38,54.835,55.33,10562254
1556717400,55.32,55.415,54.8,54.88,7792905
1556803800,54.81,55.05,54.46,54.6,9652179
1556890200,54.8,55.02,54.67,54.79,11066476
1557149400,53.9,55,53.83,54.85,9305412
1557235800,54.2,54.64,53.654,54,11712353
1557322200,54.35,54.43,53.81,53.99,10729819
1557408600,53.46,54.35,53.08,54.25,10711773
1557495000,53.77,54.965,53.51,54.65,11200287
1557754200,53.72,53.95,53.39,53.43,10664674
1557840600,53.64,54.62,53.36,54.13,11520824
1557927000,53.91,54.81,53.84,54.56,8573131
1558013400,54.91,55.145,54.55,54.64,10013804
1558099800,54.19,54.92,54.19,54.5,9057070
1558359000,53.95,54.36,53.53,53.66,9820306
1558445400,54.21,54.27,54.025,54.17,8482013
1558531800,54.23,54.55,54.04,54.2,8389651
1558618200,53.72,53.72,52.51,53.08,11213892
1558704600,53.38,53.47,52.59,52.77,9090777
1559050200,53.08,53.28,51.75,51.75,28230397
1559136600,51.43,51.81,51.05,51.69,12448661
1559223000,51.93,52.03,51.46,51.72,8569531
1559309400,51.24,51.36,50.51,50.6,11847089
1559568600,50.56,51.075,49.89,50.24,17434453
1559655000,50.79,52.24,50.63,52.02,17073297
1559741400,52.78,53.24,51.845,52.1,15855294
1559827800,52.09,52.74,51.86,52.59,10266909
1559914200,52.8,53.42,52.78,53.26,11591841
1560173400,53.68,54.41,53.57,54.01,12984592
1560259800,54.5,54.61,53.84,53.94,11288443
1560346200,53.68,54.05,53.43,53.62,10235475
1560432600,53.98,53.98,53.44,53.84,11289078
1560519000,53.61,53.83,53.28,53.28,12973055
1560778200,53.34,53.545,52.95,53.13,15208007
1560864600,52.86,53.6,52.41,52.9,20999664
1560951000,52.75,53.13,52.25,52.68,35449547
1561037400,55.98,57.47,55.53,56.99,54173948
1561123800,57.14,57.15,56.06,56.12,45168973
1561383000,56.25,57.3,55.9,56.74,19544187
1561469400,56.87,57.18,56.06,56.07,25462063
1561555800,56.43,56.845,56.24,56.66,15045220
1561642200,57,57.39,56.76,56.77,12605801
1561728600,56.9,57.08,56.36,56.97,42570474
1561987800,57.15,58.09,57.03,58.01,20438274
1562074200,57.88,58.56,57.77,58.46,17569987
1562160600,58.45,58.9535,58.38,58.86,9989106
1562333400,58.53,59.52,58.34,59.28,13838941
1562592600,59.19,59.67,59.01,59.53,16105621
1562679000,59.2,59.63,59.01,59.6,14348560
1562765400,59.94,60.5,59.75,60.15,16059070
1562851800,60.18,60.21,59.4,59.99,11150361
1562938200,60.09,60.09,59.3,59.81,11234299
1563197400,59.85,59.85,59.25,59.53,10721578
1563283800,59.17,59.48,58.59,58.61,9698897
1563370200,58.8,58.95,57.99,57.99,9090941
1563456600,57.69,58.14,57.6,58.12,11883356
1563543000,58.31,58.53,57.52,57.54,11663536
1563802200,57.88,58.08,57.55,57.6,8761770
1563888600,58.06,58.14,57.445,57.45,8141115
1563975000,57.45,58.22,57.38,58.11,10778775
1564061400,58.37,58.625,58.08,58.29,8176205
1564147800,58.34,58.65,58.2,58.5,6057434
1564407000,58.79,58.79,57.8,58.06,7439258
1564493400,57.76,58.145,57.43,57.49,6367207
1564579800,57.88,57.88,55.62,56.3,11966713
1564666200,56.3,56.85,55.52,55.88,10215157
1564752600,56.19,56.19,55,55.84,12644401
1565011800,55.1,55.1,53.685,53.76,16204573
1565098200,54.2,54.45,53.61,53.96,13149503
1565184600,53.13,54.065,52.97,53.34,16344061
1565271000,53.72,54.75,53.72,54.65,12460824
1565357400,54.24,54.47,53.52,53.9,8471272
1565616600,53.68,53.79,53,53.25,7030066
1565703000,53.14,54.24,53,53.97,11447038
1565789400,53.35,53.37,52.24,52.32,12489202
1565875800,52.65,52.72,51.96,52.59,11257013
1565962200,53.18,53.695,53.01,53.59,9913097
1566221400,54.22,54.37,53.76,53.87,8273335
1566307800,53.52,53.84,52.9,52.98,7577816
1566394200,53.53,53.93,53.17,53.24,6113303
1566480600,53.58,53.72,52.885,53.19,6744890
1566567000,53.06,53.32,51.25,51.58,11374639
1566826200,52.14,52.32,51.83,52.13,8582319
1566912600,52.44,52.62,52.22,52.39,13853329
1566999000,52.2,52.2,51.62,51.95,7499128
1567085400,52.65,52.81,52.09,52.16,6857966
1567171800,52.5,52.55,51.75,52.06,7919973
1567517400,51.94,52,51.55,51.89,10128192
1567603800,52.35,53.125,52.22,52.97,10558965
1567690200,53.73,54.33,53.63,53.84,10414555
1567776600,54.1,54.14,53.14,53.16,11636088
1568035800,53.62,54.68,53.45,54.54,17803751
1568122200,54.54,55.47,54.14,55.47,19976492
1568208600,55.27,56.29,55.16,56.29,16749432
1568295000,54.34,54.88,52.9,53.89,28184390
1568381400,54,54.72,53.33,53.75,14736699
1568640600,53.4,53.57,52.79,53.14,15204244
1568727000,53.18,53.2,52.35,52.87,11476416
1568813400,52.82,52.84,51.855,52.56,9091864
1568899800,52.39,53.67,52.39,53.37,14924422
1568986200,53.71,54.25,53.42,53.47,59791448
1569245400,53.17,54.17,53.06,54.02,14263866
1569331800,54.14,54.49,53.115,53.35,15658346
1569418200,53.31,53.945,52.89,53.84,12925541
1569504600,54.11,54.33,53.465,53.96,13375775
1569591000,54.19,54.6,53.62,54.09,12391079
1569850200,54.25,55.28,54.05,55.03,17507826
1569936600,55.04,55.64,53.75,53.8,16524234
1570023000,53.5,53.56,52.675,53.15,16057896
1570109400,53.06,53.88,52.94,53.86,11756060
1570195800,54,55.18,53.84,55.14,13835817
1570455000,55.07,55.36,54.75,54.8,12462476
1570541400,54.29,54.7055,53.77,54.05,15055995
1570627800,54.15,54.99,54.06,54.53,12896245
1570714200,54.45,55.6,54.35,55.49,13924306
1570800600,55.92,57.33,55.71,56.89,18728437
1571059800,56.83,57.21,56.41,56.46,11094392
1571146200,56.63,56.815,56.35,56.35,9237020
1571232600,55.79,56.01,55.55,55.88,9032457
1571319000,56.01,56.238,54.985,55.06,9966612
1571405400,54.95,55.26,54.18,54.55,12562854
1571664600,55.06,55.3,54.82,55.13,8351624
1571751000,55.22,55.43,54.02,54.11,7875719
1571837400,54,54.63,53.87,54.13,10533647
1571923800,54.47,54.65,53.94,54.26,6483723
1572010200,54.04,54.42,54.01,54.17,6306964
1572269400,54.35,54.68,54.27,54.64,7280200
1572355800,54.72,55.305,54.56,54.8,8333852
1572442200,55.18,55.18,54.45,54.85,6284896
1572528600,54.72,54.85,54.24,54.49,8260599
1572615000,54.81,55.15,54.5503,55,7313584
1572877800,55.26,55.75,55.26,55.45,8757046
1572964200,55.76,55.84,55.51,55.67,10759319
1573050600,55.71,55.885,55.6,55.7,10572139
1573137000,55.96,56.625,55.86,55.98,9677704
1573223400,55.98,56.49,55.767,56.49,5869591
1573482600,56.2,56.61,56.18,56.43,5018039
1573569000,56.53,56.845,56.415,56.59,6184949
1573655400,56.21,56.56,56.17,56.21,6818251
1573741800,55.81,56.325,55.64,56.09,9056240
1573828200,56.4,56.555,56.265,56.42,7216865
1574087400,56.56,56.56,55.96,56.19,6924199
1574173800,56.47,56.95,56.26,56.27,7199492
1574260200,56.22,56.62,55.81,56.24,9117146
1574346600,56.22,56.59,56.12,56.23,8067136
1574433000,56.42,57.058,56.245,56.39,6346924
1574692200,56.46,56.68,56.28,56.56,7977693
1574778600,56.75,56.86,56.415,56.51,12078595
1574865000,56.9,56.91,56.38,56.61,5790026
1575037800,56.33,56.49,56.09,56.14,6479396
1575297000,56.23,56.46,55.38,55.43,14314182
1575383400,54.62,54.99,54.46,54.59,14320507
1575469800,54.9,54.9,54.1843,54.41,11436874
1575556200,54.5,54.83,54.3,54.68,10557403
1575642600,55.03,55.13,54.61,54.83,9088555
1575901800,54.84,55.48,54.76,55.31,12128860
1575988200,55.4,55.905,55.23,55.82,10720007
1576074600,55.8,56.5,55.65,56.31,12159819
1576161000,56.3,56.66,55.76,56.47,15433071
1576247400,55,55.4,54.42,54.51,21432189
1576506600,54.6,54.98,53.7,53.99,19951519
1576593000,53.89,54.06,52.83,52.84,19782558
1576679400,53.06,53.61,52.95,53.39,14123168
1576765800,53.3,53.6,53.04,53.24,11910116
1576852200,53.91,53.95,53.35,53.6,27423669
1577111400,53.65,54.065,53.61,53.71,10591502
1577197800,53.78,53.96,53.355,53.44,3331654
1577370600,53.45,53.66,53.28,53.57,6702209
1577457000,53.66,53.8,53.34,53.46,7262263
1577716200,53.4,53.49,52.62,52.7,5936134
1577802600,52.57,53,52.55,52.98,7095128
1577975400,53.27,53.96,53.23,53.95,13206090
1578061800,52.99,54.05,52.95,53.76,11026717
1578321000,53.36,54.2,53.35,54.04,10982367
1578407400,53.89,54.33,53.61,54.16,12037347
1578493800,53.94,54.6,53.7,54.13,11857642
1578580200,54.25,54.8,54.03,54.38,10671019
1578666600,54.55,54.65,54.22,54.45,9734775
1578925800,54.46,54.79,54.36,54.58,10859994
1579012200,54.52,55.18,54.5,54.88,12627494
1579098600,54.88,55.18,54.68,54.76,9090815
1579185000,54.98,55.45,54.93,55.43,9866036
1579271400,55.63,55.69,54.85,55.13,11166619
1579617000,54.98,55.36,54.915,55.22,8773031
1579703400,55.41,55.645,54.6,54.72,6380481
1579789800,54.41,55,54.28,54.98,6583173
1579876200,55.06,55.195,53.88,54.07,6426029
1580135400,53.18,53.515,52.63,52.69,8259053
1580221800,52.86,53.68,52.655,53.46,8620547
1580308200,53.78,53.94,53.18,53.2,6332477
1580394600,52.82,53.325,52.2846,53.31,7176193
1580481000,53.34,53.485,52.285,52.45,8884763
1580740200,52.73,53.41,52.69,53.09,8892516
1580826600,53.75,54.56,53.75,54.04,9769854
1580913000,54.67,55.03,54.58,54.74,9612932
1580999400,55,55.35,54.71,54.71,8832013
1581085800,54.27,54.97,54.19,54.72,7864760
1581345000,54.72,55.07,54.45,54.99,7198216
1581431400,55.17,55.54,55.11,55.15,8466579
1581517800,55.55,55.89,55.25,55.73,7541074
1581604200,55.31,55.64,55.01,55.31,8480140
1581690600,55.38,55.835,55.24,55.47,7496836
1582036200,55.42,55.76,55.1,55.45,7185651
1582122600,55.59,55.77,55.39,55.44,6819545
1582209000,55.4,55.865,54.875,55.51,6114630
1582295400,55.08,55.34,54.44,54.68,9078643
1582554600,53.1,53.53,52.51,52.65,10992552
1582641000,53.07,53.22,50.8,50.96,12202812
1582727400,51.31,53.14,51.24,52.05,16413096
1582813800,50.88,53.46,50.76,50.78,16161095
1582900200,49.24,49.89,47.9,49.46,24427058
1583159400,49.73,50.9,48.67,50.9,17328615
1583245800,50.62,51.84,48.25,48.85,21830505
1583332200,49.85,50.585,48.83,50.54,14813717
1583418600,49.23,49.68,47.745,48,15842951
1583505000,46.57,48.3,46.46,47.37,24581381
1583760600,44.95,47.57,44.66,46.01,25949263
1583847000,47.45,48.91,46.16,48.58,27067704
1583933400,46.81,47.48,44.27,44.72,24142853
1584019800,41.115,43.395,39.71,39.8,24123760
1584106200,44.45,47.99,43.42,47.93,28339433
1584365400,42.51,47.57,41.26,42.72,27493699
1584451800,43.62,47.71,41.66,46.86,25588856
1584538200,43.67,47.8,42.56,47.27,29557006
1584624600,46.47,47.97,44.87,45.07,20159074
1584711000,45.02,46.7,44.51,45.65,26341191
1584970200,45,46.49,43.885,44.19,23063662
1585056600,45.33,48.01,45.3,47.84,19323686
1585143000,47.1,48.74,45.48,45.94,25625781
1585229400,46.38,50.74,46.19,50.48,22418935
1585315800,49.09,51.6,48.5625,49.83,20025303
1585575000,50.4,51.585,49.59,50.36,20611903
1585661400,51.12,51.18,48,48.33,15803792
1585747800,46.55,48.99,46.04,48.71,17918494
1585834200,48.18,49.89,48.1,49.8,16434410
1585920600,49.3,50.05,48.95,49.4,13362483
1586179800,50.4,51.88,50.345,51.49,13845785
1586266200,52.15,52.33,50.71,50.76,14094498
1586352600,50.98,52.68,50.88,52.13,15710702
1586439000,52.24,53.62,52.03,53.18,15521532
1586784600,52.7,53.14,52.4,52.97,12695030
1586871000,53.71,54.1,53.45,54,11674648
1586957400,53.21,53.453,52.81,53.16,10398180
1587043800,53.15,53.87,53.07,53.7,14098314
1587130200,54.52,54.72,53.97,54.62,13608890
1587389400,54.05,54.58,53.8,53.91,10358912
1587475800,53.23,53.34,51.12,51.31,14111658
1587562200,52.03,52.58,51.77,52.27,9669227
1587648600,52.23,52.99,51.45,51.97,10330317
1587735000,52.41,53.05,51.955,53.01,9404138
1587994200,53.36,53.64,53.06,53.37,9123356
1588080600,53.9,54.1467,53.13,53.2,8350539
1588167000,53.95,54.28,53.69,53.88,9064459
1588253400,53.47,53.595,52.8,52.97,11808809
1588339800,52.38,52.44,51.31,51.79,8702464
1588599000,51.71,51.79,51.1,51.75,7568136
1588685400,52.22,52.86,51.99,52.05,7271831
1588771800,52.43,52.5,51.7,51.86,7049965
1588858200,52.4,52.92,52.27,52.6,7155008
1588944600,53.19,53.78,52.765,53.57,8131796
1589203800,53.13,53.83,53.06,53.53,8138678
1589290200,53.8,53.825,52.25,52.27,8599125
1589376600,52.43,52.49,51.28,51.65,10274294
1589463000,51.14,53.025,50.86,52.91,13794017
1589549400,52.7,53.985,52.52,52.92,39055671
1589808600,53.91,53.95,53.07,53.15,9901976
1589895000,53.18,53.25,52.32,52.34,9805061
1589981400,53.09,53.27,52.645,52.9,9115916
1590067800,52.76,52.94,52.12,52.22,7464119
1590154200,52.34,52.64,52.08,52.62,7211659
1590499800,53.65,53.68,52.65,52.78,11200711
1590586200,53,53.25,52.57,53.2,9228093
1590672600,53.76,54.15,53.22,53.62,9465604
1590759000,53.62,53.94,52.99,53.77,14735338
1591018200,53.28,53.385,52.79,53.06,7364358
1591104600,53.24,53.29,52.64,53.28,8756250
1591191000,53.33,53.62,52.985,53.49,9188780
1591277400,53.23,53.689,52.63,52.85,9696217
1591363800,53.09,54.27,52.7412,53.98,12210054
1591623000,53.35,55.115,53.28,55.1,11519522
1591709400,55,55.06,53.88,54.18,8852655
1591795800,54.5,54.66,53.9,54.11,7436715
1591882200,53.25,53.56,51.23,51.31,12806143
1591968600,52.45,53,50.982,51.86,11537560
1592227800,50.96,53.43,50.91,53.25,16038072
1592314200,54.46,55,53.78,54.59,19380240
1592400600,53.03,53.74,51.5,51.52,28692615
1592487000,51.6,53.995,51.32,53.69,19259542
1592573400,54.21,54.46,52.98,54.4,33020470
1592832600,54.09,55.385,53.8802,55.12,16705854
1592919000,55.3,55.965,55.13,55.19,18695018
1593005400,55.12,55.68,54.33,54.44,18287769
1593091800,54.4,54.59,53.54,54.53,16008724
1593178200,54.35,54.585,53.628,54.18,17969438
1593437400,54.23,54.96,53.845,54.76,14366908
1593523800,54.8,55.44,54.495,55.27,18885859
1593610200,54.69,55.88,54.68,55.49,17856751
1593696600,55.79,56.425,55.65,55.94,15478903
1594042200,56.195,56.825,56.16,56.6,15309672
1594128600,56.35,56.95,56.215,56.31,13232198
1594215000,56.63,56.68,55.99,56.66,12582610
1594301400,56.99,57.8,56.82,57.53,15692557
1594387800,57.47,57.52,56.69,57.39,12615792
1594647000,57.4,57.835,56.97,57.01,15965564
1594733400,56.67,57.29,56.48,57.2,15510256
1594819800,57.42,57.84,56.38,56.62,10571043
1594906200,56.42,56.49,55.575,55.82,8779360
1594992600,56.08,56.12,54.76,54.9,14345065
1595251800,54.88,55.515,54.69,55.4,11469286
1595338200,55.8,56.335,55.58,55.91,11875095
1595424600,55.7,56.175,55.7,56.01,13842610
1595511000,56,56.36,55.6,55.76,12576046
1595597400,55.47,56.035,55.26,55.65,8939667
1595856600,55.66,55.95,55.32,55.34,10319936
1595943000,55.25,55.735,55.2,55.35,13030193
1596029400,55.56,55.9,55.35,55.7,7243071
1596115800,55,55.48,54.89,55.25,7633243
1596202200,55.18,55.47,54.325,55.45,9352834
1596461400,55.78,56.09,55.49,55.98,9165025
1596547800,55.78,56.01,55.53,56,6364339
1596634200,56.32,56.32,55.375,55.5,6629046
1596720600,55.49,55.6,54.935,55.28,8169855
1596807000,55.01,55.24,54.755,55.23,8772264
1597066200,55.24,55.62,54.88,54.94,10047111
1597152600,55.24,55.46,54.135,54.27,8075289
1597239000,54.52,54.7,53.97,54.17,9068344
1597325400,53.91,54.195,53.6786,54.02,8260423
1597411800,54.03,54.555,53.77,54.2,5454407
1597671000,54.2,54.39,53.66,53.99,9523832
1597757400,55.62,56.925,54.87,55.18,21102607
1597843800,55.58,56.8,55.46,56.2,16751451
1597930200,55.59,55.81,55.09,55.26,10975123
1598016600,55.38,55.45,54.73,55.19,9551993
1598275800,55.76,56.105,55.44,56.01,7892051
1598362200,56.15,56.75,56.02,56.09,7427033
1598448600,56.34,57.49,56.059,57.49,11597557
1598535000,57.45,58.45,56.58,57.18,15834697
1598621400,57.33,58.16,57.205,57.88,8613830
1598880600,57.13,57.76,57.035,57.22,18683506
1598967000,57.37,58.01,57.08,57.66,10170906
1599053400,57.72,59.32,57.72,59.03,14342824
1599139800,58.72,58.99,56.65,57.1,15387416
1599226200,56.88,57.265,55.155,55.73,14697178
1599571800,55.35,55.79,54.87,55.32,16472847
1599658200,56.16,57.4,55.8601,56.95,13993244
1599744600,57.44,58.18,56.75,57.33,20500894
1599831000,60.71,61.86,56.87,57,40220642
1600090200,60.86,61.5,59.35,59.46,50107372
1600176600,60.01,61.6799,59.39,60.94,30385568
1600263000,61.12,61.39,59.65,60.43,21258937
1600349400,59.42,60.61,59,60.18,22831155
1600435800,59.98,60.29,59.425,59.75,49311743
1600695000,62.46,62.5999,60.03,60.82,32560391
1600781400,60.38,60.75,59.46,60.62,13306036
1600867800,60.11,60.49,58.9,58.96,15513546
1600954200,58.74,59.9,58.29,59.3,9560454
1601040600,59.27,59.99,58.96,59.8,9371875
1601299800,60.03,60.54,59.47,59.58,9356280
1601386200,59.58,60.16,59.4,59.47,6394062
1601472600,59.52,60.39,59.37,59.7,11001511
1601559000,60.17,60.27,59.45,59.68,7357652
1601645400,58.71,59.52,58.51,58.83,7329794
1601904600,59.44,59.6664,59.09,59.56,6899164
1601991000,59.51,60.53,59.405,59.51,9743637
1602077400,59.77,60.895,59.635,60.59,8690909
1602163800,60.79,61.3,60.63,60.89,7202796
1602250200,61.15,61.38,60.86,61.15,7355665
1602509400,61.24,61.83,61.07,61.46,8274959
1602595800,61.57,61.78,60.875,60.97,8896300
1602682200,61.35,61.525,60.85,60.96,6652230
1602768600,60.27,60.74,60.075,60.52,6251805
1602855000,60.71,61.11,60.26,60.29,6070963
1603114200,60.39,60.7517,59.39,59.62,8311250
1603200600,59.92,60.33,59.63,59.75,9241256
1603287000,59.34,60.12,59.22,59.67,10114873
1603373400,59.44,59.865,58.69,59.69,11900906
1603459800,59.9,60.16,59.71,59.9,9739283
1603719000,58.1,58.48,56.525,57.49,18876908
1603805400,57.64,57.98,57.02,57.08,10806520
1603891800,56.27,56.6,55.53,55.59,13910925
1603978200,55.2,56.755,55.14,56.02,13573708
1604064600,55.75,56.635,55.45,56.11,12603416
1604327400,56.44,57.47,56.115,56.45,11413156
1604413800,57,57.5,56.565,56.8,8911182
1604500200,58,58.09,56.35,56.49,12054854
1604586600,57.46,57.65,56.415,56.66,9017093
1604673000,56.77,56.98,56.15,56.8,7510696
1604932200,58.19,59.08,56.77,56.84,11486564
1605018600,56.91,57.24,56.2,56.67,9016029
1605105000,57.06,57.63,56.8,57.2,7724436
1605191400,57.255,57.49,56.1,56.45,7325363
1605277800,56.88,57.09,56.545,56.91,5871756
1605537000,57.02,57.61,56.875,57.15,6309178
1605623400,57,57.39,56.81,57.12,5569888
1605709800,57.12,57.29,56.24,56.25,8998775
1605796200,56.09,56.48,55.56,56.45,9643358
1605882600,56.36,56.44,55.68,55.7,8397531
1606141800,55.85,56.57,55.77,56.08,8236572
1606228200,56.6,57.9,56.36,57.57,10427806
1606314600,57.72,57.76,57.26,57.41,6848882
1606487400,57.4,57.87,57.15,57.76,5627039
1606746600,57.61,58.195,57.2,57.72,26676923
1606833000,58.2,59.28,58.01,58.74,11856022
1606919400,58.29,59.265,58.14,59.08,9330428
1607005800,59.22,59.98,59.06,59.27,9783917
1607092200,59.31,60.55,59.27,59.96,10872722
1607351400,59.96,60.2,59.63,59.8,14922926
1607437800,58.99,59.71,58.22,59.03,15237803
1607524200,58.89,59.91,58.8,59.73,12204062
1607610600,59.51,59.81,59.04,59.48,14219868
1607697000,60.94,61,59.42,60.61,16209933
1607956200,60.83,61.6593,60.69,60.76,16193565
1608042600,61.09,62.19,60.9,61.86,15510275
1608129000,61.87,63.19,61.85,62.78,16119875
1608215400,62.99,64.05,62.73,63.61,15320549
1608301800,63.48,65.335,63.43,65.06,33728701
1608561000,63.89,65.19,63.88,64.48,18210155
1608647400,64.56,66,64.43,65.15,17148222
1608733800,65.26,66.2,65.15,65.3,13075190
1608820200,65.05,65.59,64.78,64.96,3796498
1609165800,65.41,65.69,64.75,64.87,6463473
1609252200,65.25,65.27,64.225,64.46,7770151
1609338600,64.8,64.91,64.345,64.4,6191976
1609425000,64.34,64.77,64.01,64.69,6928616
1609770600,64.69,64.7,63.17,63.75,11249924
1609857000,63.68,63.79,62.48,62.96,11005681
1609943400,62.27,63.35,61.905,62.57,8685354
1610029800,62.85,63.74,62.85,63.07,7383087
1610116200,63.18,63.54,62.905,63.38,7751661
1610375400,62.95,63.565,62.84,63.03,6286635
1610461800,63,63.02,62.18,62.42,7758409
1610548200,62.32,62.59,61.965,62.06,8298324
1610634600,62.07,62.17,61.505,61.6,10258642
1610721000,61.6,61.995,61.21,61.78,7532602
1611066600,62.1,62.29,61.1,61.29,8903369
1611153000,61.37,62.025,61.145,61.56,7025010
1611239400,61.65,61.85,60.92,61.21,6951250
1611325800,60.94,61.15,59.74,60.36,9897003
1611585000,60.38,60.945,59.77,60.9,8524722
1611671400,61.06,62.04,60.84,61.8,8186548
1611757800,61.4,63.18,61.37,62.55,14789029
1611844200,62.55,63.24,61.17,61.22,11166414
1611930600,61.16,61.5,60.205,60.43,11451806
1612189800,60.92,62.01,60.74,61.51,10553525
1612276200,61.88,62.92,61.795,62.37,10528004
1612362600,62.18,62.75,61.98,62.17,9933501
1612449000,62.48,63.39,62.25,63.35,9928668
1612535400,63.5,64.065,63.28,63.6,9170225
1612794600,63.79,63.87,62.835,63.11,7003488
1612881000,63.08,63.845,62.91,63.67,5437365
1612967400,63.84,63.9,62.93,63.27,9577544
1613053800,63.56,63.9666,62.28,62.7,7690915
1613140200,62.32,63.12,62.31,63.08,6663628
1613485800,63.11,63.26,62.1,62.14,7526113
1613572200,61.83,62.15,61.36,62.09,6245136
1613658600,61.81,62.205,61.66,62.07,6262831
1613745000,62.26,62.36,61.075,61.13,10905120
1614004200,62.85,64.9697,62.28,64.45,20940315
1614090600,64.42,65.22,64.05,64.5,18175420
1614177000,64.49,65.15,64.08,64.7,10609343
1614263400,64.64,66.36,64.585,65.3,15356112
1614349800,65.54,66.28,64.5,64.51,20512572
1614609000,64.95,66.73,64.77,66.17,11758868
1614695400,66.15,67.42,66,66.66,13282034
1614781800,66.25,67.54,66.2,66.91,15827615
1614868200,66.675,67.31,65.31,65.61,19951123
1614954600,67.3101,71.72,67.3101,69.97,34211451
1615213800,70.47,72.935,70.1,72.16,23300493
1615300200,72.4,73.22,72,72.64,17296384
1615386600,73.5,73.62,71.5,72.12,21378578
1615473000,67.65,68.1,65.43,67.41,38095367
1615559400,66.96,67.87,66.45,67.16,11606331
1615815000,66.95,67.78,66.9,67.73,8921150
1615901400,68,68.07,66.68,66.85,14512509
1615987800,66.8,66.85,66.16,66.22,11892394
1616074200,66.47,67.005,66.09,66.74,13751415
1616160600,66.79,66.835,65.955,66.26,30963637
1616419800,66.22,66.52,65.86,66.32,10263679
1616506200,66.33,67.94,66.33,67.27,12390136
1616592600,67.11,67.405,66.74,66.83,11391115
1616679000,66.96,68.73,66.76,68.63,14844716
1616765400,68.57,70.37,68.28,70.25,12617298
1617024600,70.21,72.33,70.17,71.13,15183697
1617111000,70.83,71.05,69.95,70.55,12000182
1617197400,70.7,71.1,69.91,70.17,9971736
1617283800,70.46,71.83,70.335,71.81,13228748
1617629400,72.19,74.895,72.06,74.16,25010153
1617715800,73.62,74.65,73.16,74.28,14699810
1617802200,73.6,74.18,73.45,74.07,12356770
1617888600,74.27,75.53,74.15,75.28,13507957
1617975000,75.35,75.69,74.9,75.58,13285733
1618234200,75.25,76.185,75.2,76.12,10634896
1618320600,76.16,77.01,75.9,76.67,13142446
1618407000,77.04,77.365,76.51,76.82,12730816
1618493400,77,78.55,76.83,78.29,13604189
1618579800,78.31,79.34,77.86,78.95,13334088
1618839000,78.81,80.21,78.34,78.75,19967188
1618925400,78.7,79.42,78.65,79.24,12562254
1619011800,78.79,79.34,76.53,76.66,18672795
1619098200,76.11,76.48,74.745,74.87,16769293
1619184600,74.29,75,73.85,74.97,10665756
1619443800,74.97,75.04,74.2031,74.5,9402153
1619530200,74.39,75.425,74.22,75.22,9300188
1619616600,75.16,75.27,74.66,74.77,6107809
1619703000,75.38,75.9,74.64,75.87,7940387
1619789400,75.56,75.92,75.19,75.79,7825321
1620048600,76.28,77.48,76.08,77.33,15319639
1620135000,77.07,78.7,76.93,78.53,15316549
1620221400,78.97,79.83,78.72,79.19,8720347
1620307800,79.18,79.961,78.56,79.74,14089717
1620394200,79.81,80.54,78.58,80.4,14073449
1620653400,78.77,80.7233,78.6,80.15,17356662
1620739800,79.75,79.9,77.2514,77.69,12980394
1620826200,77.57,78.19,76.53,76.75,12302575
1620912600,77.53,78.44,76.88,78.14,11399492
1620999000,78.12,79.05,78.12,78.89,9033402
1621258200,78.88,79.53,78.85,79.08,6637900
1621344600,78.99,79.47,78.39,78.69,6643073
1621431000,77.81,78.77,77.55,78.74,8165040
1621517400,78.95,79.32,78.68,78.72,8802676
1621603800,79.19,79.85,78.98,79.03,8628957
1621863000,79.49,79.876,79.14,79.38,7044732
1621949400,79.615,79.68,78.65,78.83,7160582
1622035800,78.59,79.37,78.551,79.26,12851068
1622122200,79.5,80.05,78.84,78.98,12867810
1622208600,78.95,79.36,78.67,78.74,6929875
1622554200,79.58,79.83,78.48,79.57,10485636
1622640600,79.7,80.93,79.51,80.27,12249543
1622727000,79.8,81.46,79.65,81.09,12038728
1622813400,81.415,83.96,81.37,82.89,14502894
1623072600,82.94,84.25,82.85,83.94,10445620
1623159000,84.03,85.03,83.995,84.61,10726824
1623245400,84.6,84.83,84.03,84.52,9720292
1623331800,84.16,84.46,81.71,82.3,16680776
1623418200,81.98,83.24,81.84,82.9,11066521
1623677400,83,83.1,82.13,82.62,10173176
1623763800,82,82.51,81.35,81.64,17298048
1623850200,77.99,78.55,75.9,77.08,36560609
1623936600,76.99,77.74,76.56,77.56,14836059
1624023000,76.9,76.91,75.975,76.23,22521187
1624282200,76.61,78.1,76.55,77.99,8924329
1624368600,78.06,79.19,77.66,78.68,9845790
1624455000,78.76,78.87,78.06,78.1,7295957
1624541400,78.65,78.96,77.605,77.74,9623990
1624627800,78.03,78.61,77.563,78.46,12845044
1624887000,78.49,78.965,78.33,78.5,5605358
1624973400,78.54,78.59,77.82,78.1,5392865
1625059800,77.59,78.21,77.58,77.84,7899840
1625146200,77.98,79.62,77.91,79.54,13108048
1625232600,79.45,82.26,79.35,81.82,15258432
1625578200,81.6,83.63,81.36,83.08,14200383
1625664600,83.17,87.17,82.96,86.09,20976638
1625751000,85.02,86.89,84.655,85.59,16383270
1625837400,85.88,88.4,85.78,87.76,15685337
1626096600,87.53,88.85,86.97,87.08,16076792
1626183000,86.7,87.93,86.53,87.07,12789253
1626269400,87.08,88.67,86.66,88.28,13330546
1626355800,88.1,88.77,85.51,86.24,18306277
1626442200,86.75,88.475,86.52,87.49,14617487
1626701400,86.91,87.87,86.185,86.98,15619867
1626787800,87.1,89.05,87.02,88.66,12813858
1626874200,88.89,90.245,88.455,89.69,13108092
1626960600,90,91.14,89.68,90.69,13639256
1627047000,90.99,91.2,87.115,87.69,12680902
1627306200,87.44,88.1,86.67,87.86,10454091
1627392600,87.76,88.6,87.12,87.8,8465196
1627479000,87.9,87.945,87.12,87.18,6397023
1627565400,87.68,88.26,87.325,87.63,6201421
1627651800,87.41,88.15,86.87,87.14,7962771
1627911000,87.73,87.93,87.09,87.6,5579320
1627997400,87.88,90.165,87.81,89.74,9889768
1628083800,89.79,90.09,89.28,90.05,7509939
1628170200,90.18,90.52,88.755,89.43,8231282
1628256600,89.24,89.88,88.82,89.52,6513914
1628515800,89.46,90.47,89.1,89.9,5798690
1628602200,89.1,90.115,88.93,89.64,5473399
1628688600,89.9,90.42,89.51,89.63,8009834
1628775000,89.11,89.98,88.67,89.81,5687319
1628861400,90.62,91.34,89.95,90.38,6640448
1629120600,89.86,90.84,89.5401,90.82,7123782
1629207000,90.99,91.775,90.3669,90.95,6738472
1629293400,90.49,91.045,88.86,88.94,7666310
1629379800,88.29,89.39,88.2313,88.71,8099673
1629466200,88.8,89.4,88.3,88.94,8716473
1629725400,89.49,89.569,88.71,89.12,7147300
1629811800,89.21,89.65,88.47,88.55,6320123
1629898200,88.55,88.9,88.05,88.62,5748627
1629984600,88.81,89.18,88.46,88.72,9093352
1630071000,88.79,89.52,88.61,89.35,5426758
1630330200,89.46,89.9814,89.3,89.45,5356951
1630416600,89.45,89.5,88.49,89.13,8113258
1630503000,89.26,90.17,88.87,89.95,8208004
1630589400,90.17,90.5,89.41,89.8,7717680
1630675800,89.34,90.4757,89.3,90,8457134
1631021400,90.04,90.67,88.54,88.72,11046158
1631107800,88.14,89.6,87.97,89.47,8851215
1631194200,89.6,90.83,89.41,89.54,11034731
1631280600,89.65,90.55,89.51,89.68,10547389
1631539800,90.12,90.51,88.23,88.89,18883408
1631626200,86.19,86.95,84.73,86.39,22714211
1631712600,86.55,88.36,86.17,87.73,14951102
1631799000,87.67,87.97,86.19,87.25,12410530
1631885400,86.205,87.57,85.95,86.39,58069781
1632144600,85.03,87.41,84.93,86.17,13897724
1632231000,86.74,87.66,86.12,86.92,11124697
1632317400,87.615,89,87.24,88.44,9908007
1632403800,88.94,90.06,88.66,89.42,9720231
1632490200,89.27,90.06,88.94,89.94,7617784
1632749400,89.78,91.305,89.15,91.04,11532971
1632835800,90.64,92.27,90.0514,90.49,15041761
1632922200,91.15,92.08,91,91.25,12007329
1633008600,91.25,91.58,87.12,87.13,15651919
1633095000,87.76,90.265,87.595,89.74,13320918
1633354200,89.48,90.4336,88.96,89.26,10853862
1633440600,89.35,91.97,89.1682,91.49,9788585
1633527000,90.42,91.5,89.65,91.34,10268251
1633613400,91.71,92.88,91.65,92.31,9124444
1633699800,92.38,95.02,92.11,94.39,13202330
1633959000,94.29,96.8,94.2,95.29,12959279
1634045400,95.83,96.52,95.26,95.57,9964109
1634131800,96.1,96.99,95.95,96.4,9461742
1634218200,96.8,97.35,94.37,95.28,7911808
1634304600,95.09,96.04,94.73,95.33,7423125
1634563800,95.5,96.65,95.1,96.51,7344106
1634650200,97,97.2799,96.32,97.06,5616545
1634736600,97.27,97.9697,96.25,96.64,6574073
1634823000,96.57,96.83,95.71,96.3,6224679
1634909400,96.29,98.27,96.22,98.25,6819582
1635168600,98.44,98.95,97.55,97.89,5083106
1635255000,98.3,98.56,96.94,96.98,7089655
1635341400,96.81,97.3,96,96.03,5941450
1635427800,96.65,97.7,95.93,96.23,5177185
1635514200,95.79,96.97,95.46,95.94,7578628
1635773400,96,96.03,93.91,94.38,7327599
1635859800,93.73,95.915,93.5,95.87,6229796
1635946200,96.5,96.87,94.7471,96.15,5746432
1636032600,96.23,96.61,95.32,95.63,5857745
1636119000,96.2,96.55,94.1,94.95,6160237
1636381800,95.25,95.25,94.31,95.14,5056415
1636468200,95.11,95.61,94.055,94.59,6102570
1636554600,94.1,94.85,93.355,93.83,5828755
1636641000,94.11,94.76,93.8,94.04,3620667
1636727400,94.29,94.47,93.43,93.54,6435453
1636986600,93.82,94.25,92.92,94.02,5700925
1637073000,94.14,96.37,94.02,95.61,7392924
1637159400,95.76,96.135,94.82,95.33,6257596
1637245800,95.15,95.33,93.5,94.66,5727254
1637332200,94.81,96.96,93.94,93.97,8938025
1637591400,93.73,95.67,93.41,94.61,6489341
1637677800,94.16,94.29,92.26,92.94,8905642
1637764200,92.23,93.7,92.15,93.58,10908548
1637937000,92.89,94.08,92.07,92.33,4519322
1638196200,93.17,94.13,92.865,92.94,9552635
1638282600,93.02,93.52,90.61,90.74,23271206
1638369000,91.69,92.39,89.66,89.75,12085340
1638455400,89.4,91.04,89.0001,89.99,7090016
1638541800,90.35,90.79,87.723,88.24,10808740
1638801000,88.34,89.17,87.85,88.94,8398492
1638887400,89.98,90.73,89.21,90.05,6803903
1638973800,90.05,90.17,87.91,88.94,7695809
1639060200,89.12,89.99,88.24,88.77,8615780
1639146600,104.29,106.34,100.1,102.63,45824639
1639405800,102.44,104.36,100.5225,100.89,16317620
1639492200,99.995,101.46,99.39,99.89,9511569
1639578600,100.58,103.76,100.24,103.65,14452216
1639665000,103.95,104,102.28,103.22,9053176
1639751400,97.69,99.95,95.81,96.62,28961171
1640010600,96.42,96.42,91.52,91.64,17205399
1640097000,91.805,91.84,89.71,91.51,15822978
1640183400,91.27,91.86,89.51,89.86,10538961
1640269800,90.03,90.36,89.06,89.72,9655431
1640615400,89.7,90.33,89.02,89.54,7668988
1640701800,89.7,89.8,88.52,88.65,5614472
1640788200,88.5,89.19,87.7164,88.21,5628531
1640874600,88.65,88.91,87.77,88.01,7382356
1640961000,88.05,88.1,87.18,87.21,5908158
1641220200,87.33,87.94,85.76,87.9,10653484
1641306600,87.9,89.5843,87.73,88.84,11958975
1641393000,88.49,88.6,86.22,86.46,11236680
1641479400,86,87.4189,85.55,86.34,7918392
1641565800,86.45,88,86.2801,87.51,9836795
1641825000,87.38,89.38,86.952,89.28,11025508
1641911400,88.64,89,87.4101,88.48,7249777
1641997800,88.89,89.52,87.67,88.31,5840337
1642084200,88.73,88.92,87.55,87.79,6044282
1642170600,87.48,88.1,86.66,87.69,6054842
1642516200,86.87,86.97,85.34,85.55,6827937
1642602600,85.77,86.69,83.23,83.38,10501777
1642689000,83.92,85,82.52,82.72,10836879
1642775400,83.36,83.39,82.03,82.22,11608986
1643034600,81.22,82.42,79.59,82.42,16771776
1643121000,81.33,82.1,80.2,81.07,13469908
1643207400,81.91,82.03,79.275,79.59,13971284
1643293800,80.11,81.15,79.2,79.78,10333982
1643380200,79.99,80.5,78.57,80.48,7854679
1643639400,80.49,81.64,80.12,81.16,10594228
1643725800,81.4,81.4,79.645,81.04,8016863
1643812200,81.16,82.88,80.84,82.5,9287553
1643898600,81.63,82.759,81.63,81.94,8207183
1643985000,82.03,82.91,81.475,82.11,5570209
1644244200,82.14,82.25,80.66,80.74,6292225
1644330600,80.29,80.86,79.8001,80.79,6585399
1644417000,81.745,83.65,81.65,83.45,8755857
1644503400,82.75,83.78,81.62,81.85,6336287
1644589800,81.84,82.43,79.5338,79.75,7670453
1644849000,79.58,79.73,78.44,78.95,5389794
1644935400,79.39,79.925,79.21,79.77,5713602
1645021800,79.47,79.7817,78.22,79.19,6227096
1645108200,78.76,78.98,75.33,75.53,9247133
1645194600,75.5,75.73,74.28,74.57,7790102
1645540200,73.82,74.91,73.62,74.12,8039023
1645626600,74.07,74.38,72.35,72.47,6807081
1645713000,70.94,74.945,70.23,74.81,11240472
1645799400,74.65,76.835,74.32,76.35,8291803
1646058600,75.57,76.6998,75.02,75.97,9234369
1646145000,75.98,76.4999,75.62,76.01,8752131
1646231400,76.45,78.86,76.25,78.28,8527165
1646317800,78.96,79.04,77.43,78.25,8203025
1646404200,77.67,77.91,75.78,76.49,8841964
1646663400,76.29,76.39,73.445,74.32,11110149
1646749800,73.84,75.23,73.115,73.33,9134057
1646836200,74.92,76.95,74.69,76.1,8959496
1646922600,75.1,76.85,75.03,76.65,13812596
1647009000,76.7,79.9,74,77.82,22795849
1647264600,77.92,78.6,75.44,77.07,13306302
1647351000,78.05,81.54,77.07,80.6,16847194
1647437400,81,81.23,77.75,79.96,14071329
1647523800,79.78,81.29,79.26,80.6,10462536
1647610200,79.63,81.99,78.84,81.68,24176035
1647869400,81.28,81.98,80.27,80.96,8131283
1647955800,81.46,82.23,80.83,81.8,9292304
1648042200,81.25,81.41,80.22,80.39,7451282
1648128600,80.65,82.815,80.49,82.24,7025694
1648215000,82.04,82.84,81.23,81.73,5685003
1648474200,81.74,83.7068,81.74,83.6,6626753
1648560600,84.49,84.51,83.113,84.29,5762029
1648647000,83.96,84.36,83.12,83.36,5533157
1648733400,83.11,83.91,82.59,82.73,9433347
1648819800,83.04,83.36,81.47,82.01,6147478
1649079000,82.25,84.295,82,84.07,7884320
1649165400,83.4,84.52,82.67,82.94,5143421
1649251800,81.92,82.47,81.3701,82.12,5492353
1649338200,81.25,82.01,80.78,81.54,7112164
1649424600,81.71,81.83,80.26,80.94,6182460
1649683800,80.63,81.13,79.7,79.76,5738411
1649770200,79.95,80.99,79.02,79.33,6174735
1649856600,79.26,79.96,78.63,79.75,4728639
1649943000,79.83,80.36,79.32,79.45,5590385
1650288600,79.15,79.98,77.91,78.22,4955883
1650375000,78.25,79.78,78.2355,79.56,5412371
1650461400,79.79,81.86,79.79,80.29,9472638
1650547800,81.49,81.6,79.33,79.48,5616095
1650634200,79.27,79.7,76.16,76.21,9357054
1650893400,76.2,77.06,74.7,76.98,7305933
1650979800,76.35,76.65,74.48,74.51,7555238
1651066200,74.58,76.02,74.42,74.76,7279244
1651152600,75.52,76.63,74.6,76.14,6178748
1651239000,75.34,75.87,73.15,73.4,7946947
1651498200,73.93,74.6,72.525,74,7379947
1651584600,73.85,74.21,72.805,73.29,5211626
1651671000,73.38,75.35,72.79,75.21,6760142
1651757400,74,74.72,71.99,72.8,7197207
1651843800,72.13,72.94,71.63,72.49,6222457
1652103000,71.64,72.59,71.17,71.54,7019736
1652189400,72.5,73.62,71.27,72.53,8129032
1652275800,72.31,73.46,70.87,71.03,6932051
1652362200,70.88,70.93,68.97,70.73,11698892
1652448600,70.96,71.98,70.53,71.17,6700124
1652707800,70.69,70.91,69.39,69.71,6942287
1652794200,71.045,71.9,70.7,71.88,5952505
1652880600,70.8,70.94,67.81,68.3,7977287
1652967000,67.48,67.9,66.72,67.04,9451784
1653053400,67.88,68.69,66.85,68.63,7531062
1653312600,69.31,70.47,68.67,70.04,7370173
1653399000,69.67,70.53,68.31,69.03,6644122
1653485400,68.88,70.22,68.77,69.83,7103302
1653571800,70.13,72.12,69.91,71.66,6759102
1653658200,72.36,72.845,71.55,72.78,6566671
1654003800,72.23,72.98,71.52,71.92,16890347
1654090200,73.02,73.27,71.15,71.6,5804707
1654176600,71.48,73.185,71.01,73.14,6200443
1654263000,72.56,72.955,71.2273,71.79,8169519
1654522200,72.63,74.84,72.63,72.97,5274706
1654608600,71.59,73.13,71.59,72.69,5675655
1654695000,72.01,72.15,70.94,71.38,5253466
1654781400,70.77,71.16,69.2,69.22,6828482
1654867800,67.98,68.215,66.96,67.14,10261566
1655127000,65.78,66.1,63.76,64.05,16547246
1655213400,72,72.43,69.02,70.72,29661295
1655299800,70.45,71.415,68.67,69.7,11765545
1655386200,68.5,68.96,67.58,68.71,10685987
1655472600,68.75,69.37,67.3899,67.72,16445643
1655818200,68.61,69.53,67.39,67.68,10047748
1655904600,66.93,67.57,66.38,66.53,8222382
1655991000,66.45,67.87,66.31,67.63,8775794
1656077400,68.33,70.78,67.97,70.7,20132584
1656336600,69.37,70.85,68.94,70.41,8840843
1656423000,70.57,71.07,68.53,68.58,7253564
1656509400,69.03,70.09,68.78,69.21,8077928
1656595800,68.21,70.25,68.21,69.87,9888767
1656682200,69.85,70.98,69.81,70.87,7805555
1657027800,70.38,72,70.18,71.99,9043000
1657114200,72.32,72.74,71.31,71.66,6043679
1657200600,71.83,71.98,71.175,71.83,7814621
1657287000,71.69,72.24,71.33,71.87,4927307
1657546200,71,71.97,70.9,71.57,4554846
1657632600,71.6,71.94,70.07,70.41,7140901
1657719000,69.05,70.53,68.68,70.03,6454765
1657805400,69.16,69.585,68.23,69.45,4915580
1657891800,70.26,70.87,70,70.74,5134170
1658151000,71.25,71.71,70.145,70.21,4642410
1658237400,70.643,72.3,70.26,72.24,7160284
1658323800,72.55,73.1,72.16,72.59,5655726
1658410200,72.15,74.63,72.1272,74.54,7005112
1658496600,74.82,75.29,74.26,74.9,6659961
1658755800,75.1,75.43,74.34,74.86,5721609
1658842200,74.8,75.3,73.705,74.03,7284442
1658928600,74.38,76.12,74.32,75.87,6677226
1659015000,75.64,77.275,75.31,77.04,5688062
1659101400,77.01,78.16,77,77.84,5926562
1659360600,77.18,77.8081,76.7,77.44,5227535
1659447000,76.99,77.26,76.06,76.35,6403482
1659533400,76.72,77.76,76.3,77.37,6127778
1659619800,77.45,77.85,77.11,77.4,3656151
1659706200,76.27,77.4,76,77.35,4858132
1659965400,76.92,77.43,76.2708,76.47,4733592
1660051800,76.21,76.91,75.84,76.77,4243763
1660138200,77.59,77.98,77.2,77.54,5258490
1660224600,77.95,78,77.08,77.16,5555003
1660311000,78,79.42,77.66,79.15,6692347
1660570200,78.84,79.415,78.5,79.11,3733644
1660656600,78.9,79.655,78.85,79.52,6185088
1660743000,79,79.77,78.95,79.25,5185253
1660829400,79.28,79.8835,79.01,79.32,4120543
1660915800,79.03,79.13,78.4392,78.66,4679022
1661175000,77.93,77.93,76.17,76.46,5757837
1661261400,76.25,77.01,76.25,76.41,4432266
1661347800,76.47,76.56,76.05,76.17,3876359
1661434200,76.34,76.91,75.98,76.89,3523549
1661520600,76.98,77.26,74.57,74.65,4904315
1661779800,74.11,74.86,74.07,74.19,4295701
1661866200,74.42,74.67,73.46,74.14,5099130
1661952600,74.46,75.15,74.04,74.15,8612925
1662039000,74.12,75.37,73.53,75.3,8139759
1662125400,75.74,76.77,74.48,74.68,11027695
1662471000,74.7,75.195,73.55,73.83,7090148
1662557400,73.68,74.67,73.42,74.49,5792572
1662643800,74.03,74.8,73.61,74.65,6897091
1662730200,74.65,76.01,74.44,75.91,7764742
1662989400,76.63,77.3771,76.27,77.08,15628850
1663075800,76.06,79.4101,75.7801,76.04,29476532
1663162200,75.79,75.87,71.77,72.12,21601363
1663248600,71.5,72.09,69.745,70.24,12478141
1663335000,69.58,69.8,68.245,68.83,23411963
1663594200,68.2,69.13,67.905,69.07,8363973
1663680600,68.27,68.455,67.449,68.11,8624496
1663767000,68.71,68.88,66.74,66.75,6768203
1663853400,66.85,66.94,65.84,66.03,7190884
1663939800,65.35,65.44,63.87,64.55,9282634
1664199000,64.33,64.92,63.39,63.45,6897757
1664285400,64.16,64.4,62.035,62.42,9284984
1664371800,62.62,63.345,62.25,63.07,8549898
1664458200,62.29,62.6,60.78,61.4,8882075
1664544600,61.26,62.14,61.06,61.07,9794421
1664803800,60.99,63.235,60.805,63.08,9661405
1664890200,63.8,65.83,63.8,65.69,9892607
1664976600,65.34,67.19,64.98,66.64,9201607
1665063000,66.33,66.81,65.225,65.3,6991998
1665149400,64.49,64.62,62.74,63.29,7138048
1665408600,63.61,63.9,62.02,62.57,6407213
1665495000,61.85,63.1,61.65,62.41,7377104
1665581400,62.62,64.275,62.17,63.78,9008662
1665667800,62.48,65.705,62.27,65.2,10147221
1665754200,65.72,66.615,64.21,64.31,8045062
1666013400,65.88,67.565,65.87,67.02,11368318
1666099800,68,68.58,66.33,67.03,6688607
1666186200,66.49,67.19,65.775,66.3,5506033
1666272600,67.53,69.92,67.19,69.25,17600525
1666359000,71.03,72.79,70.31,72.7,15652602
1666618200,72.93,73.69,71.78,72.92,11489360
1666704600,73.45,74.11,72.61,73.14,9137741
1666791000,72.61,75.72,72.55,74.82,10693739
1666877400,74.75,75.8799,74.545,75.15,7053018
1666963800,75.3,77.675,75.3,77.36,8758344
1667223000,76.5,78.33,76.4,78.07,12348964
1667309400,78.6,79.23,76.34,77.11,7752961
1667395800,76.65,77.43,75.005,75.12,7524547
1667482200,74.72,75.69,74.05,75.03,6761242
1667568600,75.94,76.67,74.24,76,7218982
1667831400,76.11,77.09,75.49,76.74,5394281
1667917800,76.95,77.14,75.02,75.64,9104244
1668004200,75.38,76.54,75,75.66,6013703
1668090600,77.7,78.4725,76.71,77.17,10437314
1668177000,77.13,77.8911,76.57,77.74,7712925
1668436200,77.48,79.535,77.335,78.53,7152952
1668522600,78.93,80.675,78.01,79.18,7618478
1668609000,79.12,80.23,78.865,79.89,6011890
1668695400,79.17,79.575,78.19,79.2,5717402
1668781800,80,80.46,78.85,79.73,6106989
1669041000,79.57,80.1,78.9,79.82,5235554
1669127400,79.89,82.21,79.83,82.12,8796154
1669213800,82.12,82.92,81.78,82.56,6347899
1669386600,82.85,83.485,82.535,82.72,2754876
1669645800,82.11,82.14,81.07,81.39,5113103
1669732200,81.33,81.5,80.52,80.85,4928270
1669818600,80.47,83.175,80,83.03,9610329
1669905000,83.05,84.53,82.35,84.11,6127308
1669991400,83.2,83.62,82.58,83.35,4798927
1670250600,82.41,82.42,79.41,79.43,9102943
1670337000,79.35,79.82,78.06,78.91,7656126
1670423400,78.67,79.445,78.58,78.78,5105512
1670509800,79.13,80.21,78.53,80.07,5918748
1670596200,79.65,80.36,79.54,79.86,6850806
1670855400,80.31,81.41,79.935,81.28,15807550
1670941800,84.94,85.58,79.7,80.56,22812160
1671028200,80.81,82.89,80.57,81.82,11183148
1671114600,80.79,81.03,79.46,80.07,8198939
1671201000,79.96,80.46,79.48,79.58,19200747
1671460200,79.92,81.1,79.68,80.5,7738813
1671546600,80.5,81.49,80.35,80.94,6390180
1671633000,81.35,82.14,80.94,81.5,5932395
1671719400,80.94,81.17,79.43,80.49,8182431
1671805800,80.51,80.9,79.99,80.85,4129226
1672151400,80.88,81.47,80.605,80.98,4290843
1672237800,81.09,81.6399,80.195,80.33,3794094
1672324200,80.97,81.8,80.7,81.4,3867801
1672410600,81.13,81.93,80.76,81.74,5375702
1672756200,82.47,83.84,82.26,83.72,8997534
1672842600,84.2,85.17,83.64,84.48,7836238
1672929000,85,85.4,83.22,84.31,7643784
1673015400,84.74,86.34,83.82,85.66,8641597
1673274600,86.84,87.59,86.16,86.42,7519836
1673361000,85.64,86.61,85.57,86.5,5703270
1673447400,87.37,88.66,87.09,88.6,8359667
1673533800,88.7,89.195,88.17,88.78,6071099
1673620200,87.95,89.4662,87.66,89.2,5090938
1673965800,89.19,89.44,88.425,88.6,6550412
1674052200,88.6,88.63,86.6,86.71,6397707
1674138600,86.4,86.99,85.255,85.94,5597039
1674225000,86.03,87.38,85.495,87.25,5567493
1674484200,87.19,89.13,86.97,88.97,7390256
1674570600,89.05,90.095,88,89.7,7004581
1674657000,88.7,89.86,87.74,89.64,5896812
1674743400,89.89,90.49,89.09,89.83,7302869
1674829800,89.5,89.72,88.96,88.99,5676836
1675089000,88.47,88.62,86.99,87.35,6255306
1675175400,87.69,88.48,87.35,88.46,6200413
1675261800,88.37,90.645,88.21,90.05,6141252
1675348200,90.66,91.22,88.945,89.38,8269151
1675434600,88.47,90.255,88.27,89.62,5671823
1675693800,89.51,89.61,88.4,88.53,4097311
1675780200,87.87,88.02,86.3,87.74,9226071
1675866600,86.93,87.915,86.51,86.69,7624398
1675953000,87.14,87.9,86.325,86.65,4960391
1676039400,86.53,87.38,86.335,87.14,5318403
1676298600,87.28,89.45,87.2,89.42,5560902
1676385000,89,89.41,87.71,89.09,7484776
1676471400,88.85,89.21,88.03,88.34,4330547
1676557800,87.46,88.27,87.0126,87.72,5942533
1676644200,87.2,87.43,86.51,87.28,6398487
1676989800,86.76,86.94,86.15,86.2,5260328
1677076200,86.68,87.18,85.98,86.32,5840102
1677162600,87.15,89.48,87.06,88.58,8637135
1677249000,87.31,88.89,87.14,88.66,7659188
1677508200,88.86,88.97,87.36,87.96,6748861
1677594600,87.7,88.01,87.18,87.4,7468234
1677681000,86.9,87.21,85.99,86.34,5119757
1677767400,86.06,87.28,85.87,86.97,5293599
1677853800,87.32,89.29,87.08,89.25,5498531
1678113000,89.41,90.665,89.15,89.74,7424800
1678199400,89.58,90.08,88.05,88.36,5382366
1678285800,88.4,89.085,88.15,88.49,5159208
1678372200,88.33,89.64,86.53,86.87,10572293
1678458600,84.41,85.25,82.88,84.07,16029345
1678714200,83.32,85.53,82.04,84.93,10299942
1678800600,85.93,85.93,83.43,84.56,8732248
1678887000,83.08,83.37,82.12,82.98,11463010
1678973400,82.92,85.11,82.08,84.82,10149587
1679059800,85,85.98,84.61,85.26,13066028
1679319000,85.28,87.51,85.25,86.96,9177289
1679405400,87.49,87.8482,86.66,87.58,6683731
1679491800,87.54,89.16,87.44,87.9,7233663
1679578200,88.65,89.64,87.64,87.78,10747139
1679664600,87.98,88.48,87.51,88.01,5852248
1679923800,88.62,90.5,88.545,90.14,8170050
1680010200,90.22,90.88,89.48,89.85,6378927
1680096600,90.13,90.66,89.81,90.62,5233647
1680183000,90.85,91.18,89.71,90.51,5640690
1680269400,90.56,93,90.41,92.92,10476333
1680528600,92.38,94,92.09,93.92,8410872
1680615000,93.85,94.02,92.93,94,6651475
1680701400,93.62,95.108,93.48,94.89,7478750
1680787800,94.33,96.08,93.99,95.92,9146244
1681133400,94.68,95.11,93.55,93.76,8681735
1681219800,93.46,94.13,93.2,93.97,8196049
1681306200,94.38,95.32,93.595,93.9,8040306
1681392600,94.18,95.745,93.94,95.55,6240215
1681479000,95.5,95.99,94.68,95.71,6485060
1681738200,95.64,95.99,95.31,95.59,4772486
1681824600,96,96.7413,95.7749,96.47,7219366
1681911000,95.59,96.47,95.59,95.81,4766371
1681997400,96,96.15,94.6,94.83,5815527
1682083800,95.01,95.31,94.26,95.15,7335787
1682343000,95.34,96.075,94.97,95.44,4901783
1682429400,95.14,95.7,94.02,94.06,5768842
1682515800,93.75,94.81,93.34,93.71,6395726
1682602200,94.31,95.09,93.2906,95.04,5615746
1682688600,94.27,95.4,94.24,94.72,8498551
1682947800,94.8,95.73,94.7,94.87,5459865
1683034200,94.93,95.24,93.85,94.8,5995080
1683120600,95.07,95.42,94.54,94.78,6744810
1683207000,94.98,95.12,94.41,94.97,5038200
1683293400,95,97.31,94.83,96.97,8068571
1683552600,97.08,97.28,96.44,96.79,5314753
1683639000,96.2,96.89,96.1,96.14,6333498
1683725400,96.79,97.675,96.256,97.52,5935280
1683811800,97.54,97.63,96.335,97.44,5144541
1683898200,97.61,97.92,96.93,97.85,4994703
1684157400,97.87,97.96,97.045,97.26,4443811
1684243800,97.17,98.845,96.92,98.25,6898204
1684330200,98.78,100.4,98.43,99.77,9436009
1684416600,99.77,102.46,99.73,102.34,10005725
1684503000,102.39,103.07,101.92,102.84,8560257
1684762200,102.48,103.1,101.73,101.77,5890481
1684848600,101.07,101.43,98.465,98.54,10047261
1684935000,97.95,98.88,97.29,98.32,6815861
1685021400,99.2,104.66,98.77,104.29,16729608
1685107800,104.35,106.23,104.03,104.08,13994064
1685453400,104.9,105.98,104.19,105.15,10296707
1685539800,104.47,106.49,104.15,105.94,13713520
1685626200,104.88,106.61,104.78,105.99,7835885
1685712600,106.52,106.77,105.75,105.89,8652377
1685971800,105.89,107.6,105.51,106.93,7997782
1686058200,106.81,107.49,106.15,107.1,7022994
1686144600,107.14,108.37,104.835,105.25,9842484
1686231000,105.67,107.785,105.35,107.48,9529126
1686317400,107.7,110.15,107.41,109.85,12597073
1686576600,114.34,117.51,114.34,116.43,39532005
1686663000,123.32,123.99,116.02,116.68,39190916
1686749400,116.5,122.51,115.74,122.27,26264249
1686835800,121.95,127.54,121.66,126.55,27476726
1686922200,127.14,127.4,125.15,125.46,19514667
1687267800,124.45,125.25,121.96,122.04,16280340
1687354200,121.95,123.36,120.36,122.1,17582950
1687440600,121.61,122.59,120.07,120.58,12204559
1687527000,119.59,119.9,118.14,118.64,19734336
1687786200,117.99,119.425,116.7,116.78,8987034
1687872600,116.57,118.46,116.26,117.84,6970419
1687959000,116.78,118.62,116.39,116.53,9240450
1688045400,115.65,117.8,114.63,117.78,9234347
1688131800,119.84,121.725,119.0301,119.09,13703101
1688391000,118.01,118.25,116.825,117.15,4284699
1688563800,116.52,117.01,115.41,115.96,8471859
1688650200,114.665,115.81,114.64,115.45,7987217
1688736600,114.84,115.98,114.49,114.61,7001618
1688995800,114.28,115.03,113.66,114.38,6931013
1689082200,114.195,115,113.43,114.88,6118606
1689168600,115.67,118.09,115.64,116.02,11011586
1689255000,117.09,118.58,116.76,117.45,9359604
1689341400,118.18,119.97,117.68,119.27,7723843
1689600600,118.85,119.97,118.2533,118.89,6736825
1689687000,118.78,121.29,117.81,120.77,8906658
1689773400,120.82,121.355,118.42,118.69,7609014
1689859800,117.49,119.05,115.23,115.88,12913026
1689946200,116.49,119.27,116.21,117.65,9159643
1690205400,117.94,118.54,116.73,118.07,6200393
1690291800,117.98,118.514,116.81,117.95,6266278
1690378200,117.42,117.62,115,115.5,8159988
1690464600,117.55,117.6,115.64,116.4,7843027
1690551000,116.68,117.3,115.65,115.99,6912012
1690810200,116.43,117.24,115.83,117.23,6708458
1690896600,116.92,118.04,116.475,117.91,5250652
1690983000,116.92,116.98,114.32,115.71,6387789
1691069400,115.24,116.17,114.26,114.55,5215848
1691155800,115.34,116.4,114.255,114.44,5579319
1691415000,115.47,116.38,115.07,116.1,7347041
1691501400,115.04,115.61,114.22,115.23,4694781
1691587800,115.34,115.71,112.33,113.1,6542427
1691674200,113.78,115.0948,112.48,112.99,6004125
1691760600,112.39,113.48,111.13,113.06,5288879
1692019800,113.18,115.8062,113.15,115.57,6494216
1692106200,115.45,118.059,114.84,117.29,10412160
1692192600,117.16,117.81,115.27,115.34,5721951
1692279000,115.74,116.78,114.36,114.88,6183897
1692365400,114.5,116.99,113.95,116.46,9412775
1692624600,116.9,117.35,115.19,116.59,5811160
1692711000,117.51,117.68,115.73,116.54,4961062
1692797400,117.1,120.45,112.1098,117.84,16517285
1692883800,119.68,119.73,112.41,112.91,11995894
1692970200,112.91,116.148,112.74,116.06,8758141
1693229400,116.37,117.71,115.7,116.84,4514753
1693315800,120.95,121.2099,118.53,120.65,11920537
1693402200,120.72,121.7363,120.15,121.12,5601778
1693488600,121,121.98,120.12,120.39,9109806
1693575000,121.01,121.69,120.09,120.93,6190045
1693920600,122.44,124.28,121.18,123.98,11089638
1694007000,123.06,124.58,122.73,124.33,8728483
1694093400,123.83,125.96,122.5944,125.09,11864401
1694179800,124.8,126.69,124.3475,126.32,10612971
1694439000,127.02,127.415,124.72,126.71,22155564
1694525400,112.08,113.3,107.3,109.61,68605745
1694611800,108.32,112.94,108.2,111.84,27170953
1694698200,113.5,115.14,111.95,113.66,19849654
1694784600,114.19,115.2,112.5,113.91,23215012
1695043800,113.42,114.465,111.58,112.21,11744057
1695130200,112.475,113.74,111.71,112.77,9536119
1695216600,112.81,114.6953,112.46,112.87,8779955
1695303000,111.51,112.5,109.331,109.43,12653515
1695389400,109.99,110.6,108.51,109.03,11152050
1695648600,108.45,108.65,107.5,108.3,8410012
1695735000,107.14,107.4,104.31,104.88,13209049
1695821400,105,105.2768,103.35,104.62,8916439
1695907800,104.03,106.6,103.27,106.15,7373621
1695994200,107.11,107.365,105.38,105.92,7299109
1696253400,105.81,106.7347,105.29,106.71,5963457
1696339800,106.42,106.5,103.54,104.52,8783327
1696426200,104.96,107.3,104.5,107.08,8842650
1696512600,106.97,108.44,106.185,108.35,7651479
1696599000,107.93,110.53,107.58,109.96,8246950
1696858200,110.75,110.97,109.47,110.32,6012363
1696944600,110.21,111.06,109.62,109.71,6910436
1697031000,109.51,110.059,108.83,109.64,5641686
1697117400,109.95,110.92,108.88,109.11,6598533
1697203800,109.19,109.51,107.79,108.25,5882175
1697463000,108.95,109.59,108.3116,108.71,5487985
1697549400,107.58,109.79,106.902,109.04,5261788
1697635800,108.4,109.73,107.86,108.25,5123946
1697722200,108.63,110.22,108.19,108.34,7989244
1697808600,106.99,107.035,100.66,101.85,21831362
1698067800,102.04,104.69,102.01,103.66,10722584
1698154200,103.95,104.46,102.5,103.2,6173992
1698240600,102.7,103.67,101.01,101.43,7081685
1698327000,101.69,102.39,99.87,100.4,7565581
1698413400,101,102.09,100.59,100.99,5207854
1698672600,101.14,102.4067,100.82,101.65,5433719
1698759000,102.005,103.52,101.1,103.4,6258385
1698845400,103.8,106.2,103.8,105.75,8602440
1698931800,106.45,107.22,105.57,106.87,5918301
1699018200,107.17,109.07,106.62,108.05,7280025
1699281000,108.06,109.21,107.44,109.11,6062799
1699367400,109.99,110.3799,108.58,108.99,7412638
1699453800,109.23,112.56,109.19,112.33,10994910
1699540200,112.4,113.3091,111.61,112.18,6853941
1699626600,112.09,113.18,111.14,113.07,5243795
1699885800,113.07,114.49,112.78,114.15,5740466
1699972200,114.86,116.46,114.45,116.1,6733655
1700058600,116.15,116.31,113.925,114.06,7386240
1700145000,113.76,115.87,113.47,114.67,7476084
1700231400,114.61,115.64,114.16,115.36,4793121
1700490600,115.65,117.149,115.51,116.92,5729247
1700577000,117.21,117.67,115.68,116.08,5995308
1700663400,116.7,117.29,115.51,116.24,4344743
1700836200,116.49,116.59,115.34,116.25,2168187
1701095400,116.005,116.77,115.45,116.47,5165309
1701181800,116,116.8,115.87,116.24,4892619
1701268200,117.34,117.58,115.96,116.21,6127312
1701354600,116.86,117.23,115.18,116.21,11075593
1701441000,116.07,117.35,115.26,117.16,5739833
1701700200,116.27,116.68,114.55,115.78,5587538
1701786600,114.57,115.27,113.81,114.53,5913562
1701873000,114.94,114.99,111.93,112.03,7815722
1701959400,112.41,113.03,111.81,112.87,6772848
1702045800,112.01,113.64,111.59,113.61,7765999
1702305000,113.77,115.35,113.61,115.13,19544239
1702391400,102.7,104.95,100.69,100.81,57666473
1702477800,101.08,103.1,99.26,102.99,29392208
1702564200,101.87,102.2494,99.87,100.31,22865164
1702650600,99.69,103.99,99.36,103.32,30212316
1702909800,103.41,106.156,102.91,105,13473124
1702996200,104.98,106.34,104.8,106.25,10108507
1703082600,105.95,106.09,104.05,104.15,9241956
1703169000,104.7,105.925,104.52,105.86,8168010
1703255400,105.7,106.49,105.46,106.2,5680031
1703601000,106.52,106.65,105.34,106.19,5767415
1703687400,106.32,106.33,105.56,105.94,5627364
1703773800,106.01,106.605,105.58,106.25,5689057
1703860200,106.6,106.918,104.78,105.43,6899695
1704205800,104.52,104.68,102.44,104.06,9597500
1704292200,103.3,103.38,101.74,102.46,9455569
1704378600,102.77,103.36,102.4,102.59,6822299
1704465000,102.53,103.72,102.29,102.73,6133770
1704724200,102.94,104.77,102.13,104.66,7038658
1704810600,103.85,104.48,103.29,103.63,6725200
1704897000,103.09,104.07,102.72,103.92,7270545
1704983400,104.35,104.84,103.54,104.77,6118998
1705069800,105.1,106.7,104.965,106.6,9703848
1705415400,106.41,106.66,105.42,106.57,7547241
1705501800,106.46,107.5,105.68,106.43,7771460
1705588200,106.99,108.88,106.62,108.7,10362279
1705674600,109.32,110.22,109.02,109.67,11163772
1705933800,110.06,110.69,109.27,110.1,7485307
1706020200,110.29,112.68,109.56,111.83,9185921
1706106600,113.42,115.42,113.33,114.31,11702698
1706193000,114.89,116.18,114.35,115,8877205
1706279400,114.64,115.48,114.2746,114.64,5541900
1706538600,114.19,114.59,113.01,113.75,7014424
1706625000,113.36,114.4,112.63,114.16,8231882
1706711400,113.81,114.27,111.67,111.7,7386705
1706797800,112.91,115.78,112.55,115.53,7882168
1706884200,115.82,116.49,115.1575,115.79,6499594
1707143400,115.53,116.715,114.77,116.39,8084508
1707229800,116.74,116.95,114.98,115.3,4639268
1707316200,115.8,117.59,115.3,117.27,7672882
1707402600,117.09,117.7872,115.97,116.68,4472770
1707489000,117.06,117.34,115.73,116.64,5787142
1707748200,116.26,117.1,115.38,115.84,5439629
1707834600,113.79,114.21,113,113.68,8171722
1707921000,114.32,114.72,113.53,114.26,5946116
1708007400,114.25,114.31,112.57,112.78,8455623
1708093800,113.02,113.11,111.245,111.31,8936016
1708439400,110.54,110.765,107.68,108.45,10975638
1708525800,106.76,108.375,106.51,108.16,7867610
1708612200,111.49,111.885,109.66,111.01,8957789
1708698600,112,113.37,111.71,111.95,7504506
1708957800,112,112.54,110.93,110.97,6342943
1709044200,110.62,111.51,109.79,111.38,6593144
1709130600,111.26,112.02,111.1,111.68,5278179
1709217000,111.68,112.4423,110.635,111.68,12193860
1709303400,111.68,113.94,111.52,113.78,7605145
1709562600,113.58,114.6,113.39,114.06,6588062
1709649000,112.82,113.2,110.365,110.94,8241978
1709735400,111.5,113.05,110.67,112.27,6706372
1709821800,113.94,114.8,112.29,114.54,7670135
1709908200,114.07,114.33,111.54,112.42,8312943
1710163800,111.61,114.75,111.18,114.13,20438335
1710250200,126.26,129.37,124.6,127.54,48536077
1710336600,128,128.8,124.83,125.52,15870346
1710423000,127.23,127.8,124.94,125.53,10965902
1710509400,124.04,126.01,123.5586,125.54,17844884
1710768600,127.2,128.95,126.88,127.8,12231423
1710855000,127.745,129.21,126.49,129.19,10220950
1710941400,129.98,130.69,128.27,129.24,8373330
1711027800,130.52,132.7737,128.95,129.01,17842357
1711114200,129.01,129.205,127.55,127.79,6659950
1711373400,127.67,127.67,126.05,126.08,7446068
1711459800,126.75,126.935,125.84,126.47,7063930
1711546200,127.33,127.82,124.47,125.27,8115884
1711632600,125.39,126.17,125.2,125.61,6587431
1711978200,125.54,126.272,124.56,125.48,4133571
1712064600,124.51,124.93,123.43,124.34,4862415
1712151000,124.26,126.405,124.06,126.24,7429977
1712237400,127.6,127.99,124.03,124.19,7588298
1712323800,124.42,125.995,124.14,124.9,4899499
1712583000,125,125.115,123.76,124.35,6119225
1712669400,124.35,124.75,121.24,123.23,5564905
1712755800,121.35,123.08,121.32,121.75,4509869
1712842200,121.72,123.82,121.36,123.24,7315241
1712928600,121.74,121.84,120.415,121.11,6196877
1713187800,122.18,122.47,119.44,119.88,5101455
1713274200,120.09,121.4426,119.75,120.62,6999959
1713360600,120.98,121.04,118.61,118.67,5366587
1713447000,118.76,118.76,115.7,116,6662406
1713533400,116.12,116.77,114.46,114.88,8251495
1713792600,116.03,116.335,114.34,114.53,7125490
1713879000,115.17,115.86,114.75,115.09,5494823
1713965400,115.38,115.73,113.88,115.34,5791761
1714051800,113.63,114.99,112.78,114.89,6796627
1714138200,117.04,119.21,116.15,117.21,8355111
1714397400,116.99,117.31,115.29,116.49,5190565
1714483800,115.09,115.52,113.69,113.75,6234710
1714570200,113.91,116.76,113.65,114.63,5583638
1714656600,115.23,115.81,114.26,114.96,5001045
1714743000,115.98,116.21,115.07,115.8,4484976
1715002200,116.33,118.36,116.18,118.34,6052397
1715088600,118,119.129,117.29,117.93,6437743
1715175000,117.71,117.98,117.11,117.39,4635960
1715261400,117.39,117.7256,116.5,116.64,3236316
1715347800,117.15,117.63,115.91,116.67,4122531
1715607000,117.13,117.19,116.195,116.37,4139953
1715693400,116.5,122.55,116.13,120.87,17811221
1715779800,120.17,122.09,119.67,121.63,6604632
1715866200,121.94,122.45,121.21,122.16,5159256
1715952600,123.18,123.58,122.08,123.5,6179367
1716211800,123.8,124.68,123.24,124.52,5989022
1716298200,124.46,125.36,123.92,124.63,5549456
1716384600,124.63,125.16,123.295,124.6,5705042
1716471000,126.55,126.7,123.16,124.09,6108584
1716557400,123.42,123.51,121.42,122.91,7173435
1716903000,123.24,124.82,123.011,124.49,6911394
1716989400,122.99,123.92,122.77,123.74,4735091
1717075800,120.17,121.44,117.03,117.09,10851552
1717162200,116.59,117.4175,114.55,117.19,12755639
1717421400,117.53,119.33,117.34,119.28,7256308
1717507800,119.02,120.37,118.72,120.07,7367975
1717594200,121.65,122.79,120.5077,122.63,5973706
1717680600,122.88,124.27,122.25,123.5,7347249
1717767000,124.21,126.22,123.27,125.92,11544957
1718026200,125.73,126.95,124.05,124.5,10190447
1718112600,124.05,124.83,122.29,123.88,18373935
1718199000,134.69,140.955,133.96,140.38,40871317
1718285400,140.43,142.4,138.77,139.85,13733247
1718371800,139.26,139.97,137.38,138.13,11330789
1718631000,138.8,141.44,138.25,141.31,11239152
1718717400,141.22,145.06,141.22,144.64,11629395
1718890200,145.32,145.32,141.95,142.91,8940005
1718976600,143.72,143.72,140.44,141.5,14930875
1719235800,140,141.53,139.12,139.89,7793293
1719322200,139,139.55,137.56,139.17,8469641
1719408600,139.49,140.745,138.08,138.23,8036309
1719495000,139.25,141.42,138.81,140.18,7518199
1719581400,139.435,142.82,139.27,141.2,25814821
1719840600,141.69,144.055,141.07,143.09,6552353
1719927000,142.63,144.22,142.55,143.28,5920529
1720013400,143.75,144.65,143.5,144.38,3560778
1720186200,144.95,145.785,144.02,144.83,5365527
1720445400,144.76,145.23,143.43,145.03,8622633
1720531800,145.13,145.6999,138,140.68,14340040
1720618200,141.12,142.38,139.735,142.07,6350258
1720704600,142.36,143.48,141.6784,142.76,5246402
1720791000,142.71,145.13,141.26,144.77,7361770
1721050200,145.73,146.59,141.92,143.07,8687837
1721136600,143.07,143.5,142.05,142.61,7181470
1721223000,140.48,141.79,138.6801,139.26,9157003
1721309400,139.36,140.06,137.202,138.03,5998726
1721395800,138.35,140.44,138.08,138.56,6111941
1721655000,139.74,140.68,139.12,140.17,5387176
1721741400,141.3,143.22,141.21,143.11,6697410
1721827800,141.7,142.66,138.4,138.77,8018807
1721914200,140.15,141.07,137.7,137.82,7654625
1722000600,138.87,139.96,138.38,139.01,5139377
1722259800,139.27,139.78,137.825,138.31,4054647
1722346200,139.07,139.565,134.96,135.67,6505701
1722432600,139.69,141.55,138.66,139.45,7188043
1722519000,139.29,140.39,135.77,137.51,5906808
1722605400,132.77,134.3,131.8,133.28,8251585
1722864600,127.89,129.97,126.6639,127.86,10354987
1722951000,130.54,131.0375,128.08,128.21,8373891
1723037400,128.92,130.3,125.75,125.9,8617652
1723123800,128,129.82,127.65,128.96,6243219
1723210200,128.4,132.37,128.34,132.06,5597278
1723469400,132.25,132.71,131.21,132.58,5600826
1723555800,132.97,134.54,132.81,134.26,4324038
1723642200,134.04,135.97,134.01,135.6,4044630
1723728600,136.93,137.25,135.72,136.93,4698128
1723815000,136.79,137.82,136.39,137.47,4893787
1724074200,137.53,137.95,136.455,137.92,3641585
1724160600,137.82,139.79,137.82,139.17,3738261
1724247000,138.8,140.3,138.55,140.2,3776768
1724333400,140.7,141.08,137.65,138.08,5162189
1724419800,138.73,139.79,137.26,139.19,4544571
1724679000,139.39,139.4,138.19,138.9,2729605
1724765400,137.85,139.5,137.74,138.48,3872342
1724851800,138.83,138.95,136.91,137.88,3022639
1724938200,139.14,141.16,138.85,139.42,4588361
1725024600,140.33,141.72,140.095,141.29,7980679
1725370200,140.45,142.2,138.83,139.5,6831174
1725456600,138.44,141.1009,137.95,140.75,6243325
1725543000,141.4,143.28,140.305,142.61,8733246
1725629400,143.79,143.94,139.4,141.81,11154796
1725888600,142.49,143.3,139.51,139.89,20233428
1725975000,154.23,160.52,153.12,155.89,37374210
1726061400,156.78,159.44,154.8401,157.18,12630122
1726147800,159.04,162.34,157.9,161.38,16352048
1726234200,173.7,173.935,161,162.03,25727805
1726493400,164.99,173.99,164.51,170.33,27384374
1726579800,170.28,170.64,166.77,167.47,12580114
1726666200,167.62,167.62,163.73,164.53,12274414
1726752600,167.25,168.16,164.51,167.59,10075884
1726839000,167.13,168.83,166.6,168,12187736
1727098200,167.225,167.33,164.26,165.95,7916081
1727184600,165.74,166.1,163.92,165.8,6155076
1727271000,167.69,168.75,165.66,166.28,7142437
1727357400,167.65,168.36,166.48,168.1,7096842
1727443800,168.09,169.1098,166.51,168.74,8974377
1727703000,169.5,170.52,166.45,170.4,10218973
1727789400,170.22,170.51,165.97,167.16,7595053
1727875800,167.6,169.18,167.27,167.71,7073025
1727962200,166.89,167.86,166.24,166.86,4735708
1728048600,168.71,170.9,168.165,170.86,6389504
1728307800,170.42,172.33,169.55,169.97,6790956
1728394200,170.6,174.64,170.442,174.37,7845377
1728480600,174.56,178.61,173.81,178.29,8120894
1728567000,177.65,178.3,174.1801,175.41,7115887
1728653400,175.495,177,174.4,175.77,5869413
1728912600,176.55,177.22,175.5,176.12,4688662
1728999000,176.94,178.2199,173.75,174.09,5848630
1729085400,173.5,174.912,171.64,174.77,6383034
1729171800,177.5,177.75,175.14,175.68,5473951
1729258200,176.8,176.97,174.58,174.69,5001257
1729517400,174.45,175.15,173.16,173.76,4198362
1729603800,175.45,175.85,174.28,175.31,5510114
1729690200,174.5,176.07,173.01,173.1,4830414
1729776600,173.315,174.954233,172.91,174.38,3488036
1729863000,174.78,176.29,173.1,173.52,3674717
1730122200,174.045,174.17,172.135,172.42,4329971
1730208600,172.29,174.0231,172.29,173.43,4122913
1730295000,173.98,176.16,172.79,174.56,5822451
1730381400,170.52,170.88,167.3975,167.84,9477476
1730467800,170.15,172.27,169.1,170.02,5680595
1730730600,170.31,170.48,168.73,169.59,4804405
1730817000,170.47,171.89,170.32,171.78,5456754
1730903400,178.52,182.1,177.4153,181.24,11084987
1730989800,181.08,186.67,180.54,186.33,7759399
1731076200,186.26,190.16,186.26,189.25,8520419
1731335400,191.05,191.5,187.84,189.13,5973638
1731421800,188.54,190.61,187.2,189.58,6629891
1731508200,189,191.77,188.7895,189.63,5695426
1731594600,188.66,189.59,186.71,187.05,7804318
1731681000,184.52,185.8,182.33,183.74,8986276
1731940200,184.3,186.18,182.88,185.73,6291406
1732026600,184.89,189.32,184.32,188.9,8116958
1732113000,190.9,190.97,187.82,190.75,4860222
1732199400,191.94,196.04,191.6401,192.43,11394263
1732285800,193,194.2,191.06,192.29,6879447
1732545000,194.5,194.75,187.99,187.99,15138474
1732631400,188.32,192.4,188.32,190.37,6427210
1732717800,188.955,188.955,182.22,182.7,8368797
1732890600,184.01,185.93,184,184.84,4628044
1733149800,185.29,185.29,181,181.41,8859696
1733236200,181.18,183.04,179.11,182.89,8917062
1733322600,188,189.79,185.9,188.19,8906283
1733409000,189.02,189.02,185.85,186.24,6398073
1733495400,187,192.63,186.38,191.69,10503383
1733754600,196.3,198.3099,188.93,190.45,20157957
1733841000,173.46,177.8,171.0592,177.74,26502016
1733927400,178,181.38,174.8301,178.58,13188714
1734013800,178,178.1699,174.81,175.32,8154218
1734100200,175,176.14,171.64,173.39,8351106
1734359400,173.84,174.27,170.93,171.23,9571955
1734445800,170.75,172.99,169.27,169.71,8940204
1734532200,169.41,171.23,165.36,165.41,8817934
1734618600,167.55,171,167.4,168.79,8386394
1734705000,167.73,171.26,165.63,169.66,13810525
1734964200,169.59,169.62,167.1683,169.14,6518229
1735050600,169.7,171.77,169.03,171.41,2451547
1735223400,170.5,172.55,170.5,171.68,4103882
1735309800,170.38,171.15,167.2,168.96,4344287
1735569000,166.51,167.91,164.55,166.91,5254833
1735655400,167.2,167.3,165.84,166.64,4307524
1735828200,168.52,168.69,164.9,166.03,5365667
1735914600,166.7,167.2,165.27,166.32,5878052
1736173800,167.31,168.05,165.19,165.69,6845373
1736260200,165.58,166.16,161.32,162.03,7712222
1736346600,162.18,163.98,161.43,163.14,7596214
1736519400,159.2,159.2,153.92,154.5,13593882
1736778600,153.74,154.15,152.42,153.92,8828492
1736865000,156.42,157.25,154.35,156.31,7410242
1736951400,158.665,159.1495,157.26,158.31,10701234
1737037800,160.15,161.5,158.41,159.54,9210555
1737124200,161.77,163.16,160.54,161.03,11618283
1737469800,163.87,173.37,162.75,172.57,30232048
1737556200,191.51,191.99,180.57,184.22,48028518
1737642600,181.64,186.57,181.5,186.47,17314645
1737729000,188.64,189.1,181.87,183.6,12147180
1737988200,168.9,172.52,152.66,158.28,42201592
1738074600,162.99,165.825,156.75,164,20319300
1738161000,164.025,164.025,160.01,162.02,9866583
1738247400,164.78,171.49,164.1,170.38,14981706
1738333800,170.41,173,169.1296,170.06,8722470
1738593000,163.2,169.9,163.2,168.6,8250588
1738679400,170.4,170.4,166.35,167.89,6776982
1738765800,168.99,171.89,168.52,171.66,7866650
1738852200,173,175.65,171.57,172.35,7036908
1738938600,175,177.39,173.18,174.46,9991297
1739197800,176,179.99,174.92,178.92,7625900
1739284200,177.62,179.12,176.45,177.19,6528766
1739370600,174.89,174.89,170.71,172.22,7454841
1739457000,173,174.375,172.1,173.86,6421673
1739543400,174.25,175.03,172.8128,174.16,7260851
1739889000,176.75,182.24,176.09,179.8,11430497
1739975400,178.58,181.68,175.7,181.52,8688500
1740061800,179.81,180.27,174.43,176,8737035
1740148200,176.12,176.875,167.55,167.81,9713871
1740407400,173.57,174.17,164.66,169.96,10639053
1740493800,169.29,170.6,164.441,168.54,8316085
1740580200,170.98,173.87,169.125,172.47,6915115
1740666600,173,174.86,164.58,164.76,7436810
1740753000,163.11,166.15,160.81,166.06,12843286
1741012200,166.95,167.12,161.13,162.02,8081840
1741098600,159.22,159.76,153.52,157.47,13171897
1741185000,158.06,162.4853,157.05,161.56,7140996
1741271400,157.155,157.155,149.7286,150.94,12321246
1741357800,150.62,156.48,148.5,155.16,12646488
1741613400,150.53,152.52,146.8,148.79,21486052
1741699800,143.42,145.78,137.7,144.18,27200233
1741786200,146.23,152.23,145.0121,150.89,15373853
1741872600,149.79,150.17,145.48,147.66,14187662
1741959000,148.915,150.88,147.88,149.27,9329964
1742218200,150.4,155.75,150.4,154.01,9884994
1742304600,152.37,152.415,148.63,149.45,9402508
1742391000,150.06,154.07,150,152.45,6909504
1742477400,151.58,154.49,150.82,152.72,7051615
1742563800,151.65,153.84,150.11,152.23,17620224
1742823000,156.34,156.605,154.03,154.87,7848332
1742909400,154.51,155.6,153.05,153.93,8521249
1742995800,152.89,153.03,146.56,147.8,13222521
1743082200,145.85,147.04,144.92,145.78,9148321
1743168600,143.78,145.65,139.11,140.87,13144486
1743427800,138.64,140.59,136.76,139.81,15509923
1743514200,139.76,143.25,138.76,141.94,9518457
1743600600,139.86,147.89,139.86,145.86,11594432
1743687000,139.25,141.4,136.64,137.23,14433768
1743773400,132.91,133.82,126.95,128.27,14986861
1744032600,118.86,134.11,118.86,127.16,19482652
1744119000,132.54,132.99,121.695,124.5,11950277
1744205400,123.4,140.59,123.4,139.69,17761994
1744291800,136.65,136.65,129.255,133.35,12401562
1744378200,132.11,133,128.84,132.35,10190175
1744637400,136.8,136.8,132.87,134.64,8217740
1744723800,134.76,136.482,133.72,133.94,8629959
1744810200,132.28,132.5368,127.85,129.76,8295176
1744896600,130.9,131.3,128.44,128.62,8925522
1745242200,126.885,127.195,121.235,122.82,12201231
1745328600,124.5,127.99,123.39,127.24,11233702
1745415000,134.91,135.87,130.99,131.4,9528873
1745501400,132.51,137.86,132,137.51,7305887
1745587800,137.49,139,136.755,138.49,5476378
1745847000,139.65,140.67,138.08,140.14,6985102
1745933400,139.81,141.16,139.55,140.79,4851458
1746019800,138.48,141.3,135.565,140.72,9443538
1746106200,146.56,148.64,145.335,145.49,11525751
1746192600,148.33,153.06,148.33,150.73,11345977
1746451800,149.435,150.82,148.5201,149.29,5187449
1746538200,146.98,148.941,145.72,147.7,5108595
1746624600,147.5,149.9,147.24,149.37,6051937
1746711000,149.05,151.81,148.61,150.3,6113612
1746797400,150.04,151.7991,149.79,150.34,4707130
1747056600,156.31,157.43,154.4165,157.22,7875461
1747143000,158.22,163.22,157.57,162.27,11955157
1747229400,162.36,163.41,161.0578,162.95,7499392
1747315800,161.36,161.74,158.91,159.4,10169217
1747402200,160,160.84,158.52,160.49,8515458
1747661400,158.3,161.9699,157.8289,159.64,10268917
1747747800,158.63,160.36,157.53,160.31,7576418
1747834200,158.35,160.9,156.459,157.18,6011038
1747920600,156.975,159.19,156.82,157.31,7603261
1748007000,154.99,157.375,154.2572,155.97,6527516
1748352600,159.32,162.4,158.92,161.91,6976813
1748439000,161.865,164.32,161.28,163.85,8090652
1748525400,165,165.32,161.49,162.9,6995831
1748611800,163.43,165.75,161.5501,165.53,17547858
1748871000,164.165,167,162.6,166.57,7165969
1748957400,166.8,169.33,166.59,169.14,7155281
1749043800,169.71,170.48,167.57,168.1,6375793
1749130200,169,172.2599,168.755,171.14,7710284
1749216600,174,174.79,172.6601,174.02,6833674
1749475800,174.86,178.72,173.79,177.15,9668911
1749562200,177.71,177.85,174.28,177.48,11056716
1749648600,177.55,179.55,176.2,176.38,18002910
1749735000,189.96,202.49,188.88,199.86,54609995
1749821400,201.58,216.5999,201.2,215.22,53707361
1750080600,213.2,215.17,209.9763,211.1,22665299
1750167000,210.66,215.88,207.4805,208.18,17819162
1750253400,211.085,214.7199,209.5701,210.87,15055390
1750426200,213.35,213.8,204.64,205.17,20879095
1750685400,205.505,207.27,202.54,207.04,13418393
1750771800,209.99,216.365,208.55,215.27,19030617
1750858200,214.9399,216.9299,210.23,210.72,11804604
1750944600,212,214.42,210.3587,212.82,10531112
1751031000,213.69,214.65,209.96,210.24,14127502
1751290200,226.5,228.22,218.3801,218.63,31844231
1751376600,219.3,223.17,216.3079,218.96,16962196
1751463000,217.68,231.9,216.72,229.98,22326900
1751549400,233.22,237.9899,231.2,237.32,18441376
1751895000,235.11,235.25,229.5,232.26,16584266
1751981400,237.13,241.4385,233.19,234.5,20401777
1752067800,235.51,236.51,232,235.81,10871629
1752154200,239.94,240.055,233.5,235,11486345
1752240600,231.37,234,229.87,230.56,10208178
1752499800,229.45,230.64,225.12,229.28,11336967
1752586200,232.405,235.6,229.2,234.96,10728795
1752672600,235.5,241.33,233.19,241.3,12597452
1752759000,243.34,251.5999,242.01,248.75,17631328
1752845400,248.5,249.68,245,245.45,9678072
1753104600,245.31,246.8,243.24,243.54,7348362
1753191000,241.98,242.29,235.4101,238.11,11380866
1753277400,239.95,243.42,238.66,241.9,7255797
1753363800,242.41,244.08,240.5601,242.83,8237851
1753450200,242.34,245.47,241.43,245.12,7149571
1753709400,246,247.78,243.42,247.71,6756775
1753795800,248.7,253.07,246.59,249.98,8415324
1753882200,248.64,251.05,245.6,250.6,8441378
1753968600,255.765,260.87,253.318,253.77,15548726
1754055000,247.83,248.41,242,244.42,12718218
1754314200,245.9,252.91,245.9,252.53,8614784
1754400600,255.41,258.4872,251.37,255.67,11197287
1754487000,256.84,256.84,251.72,256.43,9930222
1754573400,257.71,257.76,246.52,249.39,11954223
1754659800,250.03,250.8934,247.86,250.05,8313278
1754919000,248.4,254.69,245.56,252.68,9012112
1755005400,252.58,257.87,251.08,253.86,10001712
1755091800,257.17,257.6699,242.635,244.18,14182078
1755178200,244.95,248.92,242.57,244.96,10285555
1755264600,246.92,250.63,242.925,248.28,11553988
1755523800,246.2,249.16,243.62,249.07,6759921
1755610200,249.25,249.25,232.23,234.62,16819250
1755696600,232.18,235.88,228.2543,235.06,11256417
1755783000,233.045,235.9199,232.43,233.16,7403128
1755869400,234.06,238.5,231.46,236.37,9343637
1756128600,237.35,239.03,235.27,235.41,6308625
1756215000,235,236.905,232.71,234.21,11805197
1756301400,234.995,236.53,232.68,235.81,5637590
1756387800,235.54,241.95,235.12,240.32,8691548
1756474200,237.61,238.22,223.11,226.13,16618641
1756819800,222,225.45,218.79,225.3,10461903
1756906200,225.9,225.9,221.75,223.45,8900813
1756992600,222,223.57,219.5601,223,10303069
1757079000,232.55,234.62,225.885,232.8,15386096
1757338200,239.89,242.42,235.31,238.48,18803046
1757424600,239.94,243.49,234.56,241.51,41178697
1757511000,319.19,345.72,312.09,328.33,131618085
1757597400,330.34,331,304.6,307.86,69986027
1757683800,305.79,307.97,291.75,292.18,51781914
1757943000,306.45,307.03,297.29,302.14,40004004
1758029400,314.06,319.97,302.2724,306.65,51923268
1758115800,307.69,308.66,295.03,301.41,27707949
1758202200,303.035,303.82,292,296.62,24673116
1758288600,299,311.11,297.32,308.66,40776201
1758547800,309.63,329.5,306.92,328.15,44437549
1758634200,324,325,310.05,313.83,35280199
1758720600,311.86,312.47,300.03,308.46,33765279
1758807000,295.27,298.75,288.55,291.33,39274883
1758893400,293,294,283,283.46,25990691
1759152600,284.6,285.98,279.61,282.76,25778508
1759239000,283.69,284,275.9,281.24,23880810
1759325400,278.8,289.99,277.88,289.01,23378324
1759411800,291.8,294.97,286.05,288.78,16215460
1759498200,289.6,294.64,284,286.14,13688407
1759757400,292.38,296.68,290.8,291.59,14076795
1759843800,293.22,293.22,271,284.24,31723384
1759930200,285.42,291.53,283.6,288.63,18982122
1760016600,291.55,300.97,287.26,296.96,26479833
1760103000,300.28,307.72,292.01,292.96,28895338
1760362200,298.7,310.7,297.74,308.01,21703725
1760448600,303.57,304.42,291.98,299,17346186
1760535000,304.9,311.01,298.92,303.62,13698938
1760621400,305.6,322.54,303.07,313,32500863
1760707800,303.75,304.28,287.5,291.31,37653000
1760967000,288.95,289.24,275.31,277.18,32810748
1761053400,278.11,280.2999,272.26,275.15,18370806
1761139800,274.82,277.2,269.25,272.66,16474016
1761226200,272.96,283.1,272.385,280.07,16872158
1761312600,285.92,287.19,282.245,283.33,13194896
1761571800,286.57,287,279.81,281.4,13855836
1761658200,283,285.46,280.54,280.83,12448523
1761744600,281.46,281.62,271.35,275.3,18007149
1761831000,268.74,269.76,256.28,256.89,27954197
1761917400,259.51,265.81,256.7097,262.61,16898693
1762180200,265.24,265.62,255.23,257.85,15709214
1762266600,249.98,255.28,245.185,248.17,19772593
1762353000,247.91,252.4,247.03,250.31,11991459
1762439400,247.94,249.07,239.29,243.8,18678269
1762525800,239,240.4,232.35,239.26,20969260
1762785000,245.95,247.24,237.07,240.83,16698716
1762871400,236.23,237.45,228.89,236.15,20686607
1762957800,236.74,236.81,226.17,226.99,24194992
1763044200,224.99,225.16,215.22,217.57,30008998
1763130600,210.83,227.05,210.77,222.85,36053807
1763389800,218.21,222.8,215.56,219.86,16143779
1763476200,216.205,223.7,214.5,220.49,21098291
1763562600,219.06,228.1499,217.31,225.53,21679490
1763649000,231.16,234,210.3,210.69,27459600
1763735400,207.08,208.31,193.55,198.76,44834071
1763994600,196.855,203.82,194.3,200.28,31144706
1764081000,194.08,199.41,185.63,197.03,29594993
1764167400,209.5,210,202.24,204.96,26544148
1764340200,199.51,202.3399,197.61,201.95,13848479
1764599400,200.5,203.5,196.7,200.94,13461204
1764685800,205.14,209.7,200,201.1,19664471
1764772200,200.33,207.92,199.4,207.73,19060528
1764858600,207.86,215.41,206.315,214.33,23316937
1764945000,219,219.5,213.62,217.58,24208687
1765204200,221.345,224.75,216.91,220.54,24711161
1765290600,220.03,222.62,218.28,221.53,17643643
1765377000,221.8,225.32,217.58,223.01,47927993
1765463400,190.62,201.99,186.23,198.85,100612691
1765549800,196.37,197.85,185.98,189.97,55201644
1765809000,188.29,188.9697,181.4,184.92,43897509
1765895400,184.7,189.8,184.49,188.65,32433525
1765981800,183.31,186.5,177.07,178.46,50222018
1766068200,182.72,184.76,178.58,180.03,36297285
1766154600,188.385,195.12,188.12,191.97,77008550
1766413800,196.82,198.8,192.83,198.38,27148017
1766500200,196.43,197.2,192.19,195.34,18301588
1766586600,195,198.28,194.42,197.49,9282733
1766759400,198.06,200.3699,196.11,197.99,11262030
1767018600,194.16,198.51,192.64,195.38,14748125
1767105000,196.06,198.38,195.71,197.21,14197359
1767191400,196.42,197.2,194.73,194.91,10341453
1767364200,197.47,198.59,194.21,195.71,14540657
1767623400,198.34,201.69,192.33,192.59,22635516
1767709800,192.56,194.875,190.7,193.75,16474464
1767796200,195.3,195.67,192,192.84,11171198
1767882600,190.88,190.95,186.15,189.65,19468504
1767969000,191.655,200.18,188.78,198.52,26152742
1768228200,197.6,206.6,197.0108,204.68,25428545
1768314600,205,207.8,200.655,202.29,15857426
1768401000,201.68,201.68,190.81,193.61,22473159
1768487400,195.01,195.01,189.39,189.85,16418626
1768573800,189.91,191.87,186.53,191.09,19224705
1768919400,187.19,187.19,179.36,179.92,29129492
1769005800,179.68,180.6,170.6,173.88,38189995
1769092200,179.37,180.16,176.5,178.18,21141907
1769178600,172.62,179.65,172,177.16,23011338
1769437800,179.1,185.31,178.53,182.44,21100378
1769524200,179.19,179.72,173.68,174.9,27093664
1769610600,174.915,181.68,171.86,172.8,35882668
1769697000,170.15,170.23,161.52,169.01,37254511
1769783400,168.17,168.9,163.24,164.58,27362378
1770042600,170.92,171.2,160,160.06,47421032
1770129000,158.26,159.38,151.9,154.67,43260101
1770215400,153.89,153.94,144.432,146.67,42323390
1770301800,145.6,146.55,135.25,136.48,42788953
1770388200,139.75,143.2,138.91,142.82,29962414
1770647400,148.49,159.75,147,156.59,49936490
1770733800,160,165.39,156.96,159.89,40092248
1770820200,163.66,163.66,154,157.16,24538854
1770906600,157.93,159.04,152.5,156.48,23285399
1770993000,159.25,162.3,155.29,160.14,18596959
1771338600,157.98,159.28,152.88,153.97,19610800
1771425000,154.405,157.3,151.37,156.17,14801081
1771511400,157.19,160.0827,155.77,156.54,14976323
1771597800,153.3,153.99,147.39,148.08,29621889
1771857000,145.69,145.8,138.585,141.31,31749782
1771943400,140.84,146.76,138.73,146.14,21336624
1772029800,149.16,153.2794,147.335,147.89,27303928
1772116200,148.79,152.5,145.15,150.31,20652223
1772202600,143.88,146.08,142.1,145.4,36425195
1772461800,141.62,150.17,141.18,149.25,22418782
1772548200,144.75,150.93,143.05,149.01,20120790
1772634600,150.01,153.61,149.1,152.37,17585394
1772721000,152.59,157.94,150.12,154.79,24094779
1772807400,152.92,159.19,151.62,152.96,38000592
1773063000,150.7,152,146.4348,151.56,31173468
1773149400,153.62,154.14,148.45,149.4,51544623
1773235800,166.38,171.76,160.58,163.12,83247484
1773322200,164.66,167.83,158.61,159.16,37133719
1773408600,159.05,160.77,154.15,155.11,26350375
1773667800,156.06,158.74,154.5104,155.97,21607689
1773754200,155.44,158.92,153.5001,154.69,23929463
1773840600,153.4,154.9652,152.04,152.9,18051075
1773927000,150.46,156.92,148.89,155.52,22046113
1774013400,153.05,153.25,147.95,149.68,37551358
1774272600,151.42,155.78,150.71,154.34,19927945
1774359000,153,153.9,146.85,147.09,26122141
1774445400,149.225,149.84,144.6008,146.02,20683774
1774531800,143.89,146.47,142.54,142.81,16961884
1774618200,140.93,141.69,138.301,139.66,17929588
1774877400,140.04,141.2,136.95,138.8,20125734
1774963800,140.3,147.395,139.85,147.11,24491953
1775050200,149.09,149.65,144.67,145.23,20495868
1775136600,142.78,146.44,140.3,146.38,14381866
1775482200,147.44,148.55,143.85,145.54,12556727
1775568600,143.78,144.57,139.94,143.17,17250445
1775655000,150.3,151.46,142.9,143.66,23527034
1775741400,142.2,142.8,136,137.86,30407824
1775827800,137.32,140.165,134.57,138.09,26171810
1776087000,139.77,155.91,139.72,155.62,49997735
1776173400,167.93,169.4,161.56,163,59779843
1776259800,166.89,172.56,166.21,169.81,43010821
1776346200,176.42,180.27,173.8,178.34,46997279
1776432600,182.93,184.5,173.36,175.06,45282649
1776691800,176.81,177.76,173.51,177.58,22330910
1776778200,178.35,185.34,176.0123,181.17,39638047
1776864600,186.18,189.18,182.8,187.5,32448788
1776951000,180.4,181.89,174.08,176.28,37084241
1777037400,180.505,180.71,168.8,173.28,33214988
1777296600,172.584,173.55,167.9,172.96,21616573
1777383000,162.16,168.6999,162.05,165.96,33716456
1777469400,164.04,164.76,160.65,163.83,20587497
1777555800,162.02,165.18,160.33,161.39,21016368
1777642200,166.42,174.3,166.15,171.83,26318017
1777901400,176.02,183.5,174.26,180.29,33504465
1777987800,182.125,186.52,179,185.35,23497237
1778074200,186.2,194.29,182.67,194.03,27685486
1778160600,198.61,200.15,190.8,194.59,31803162
1778247000,192.58,198,190.21,195.95,21158338
1778506200,192.15,195.6822,190.6,193.84,16890587
1778592600,192.92,192.92,180.8701,186.83,22123411
1778679000,189.03,191.57,185.06,189.76,15789272
1778765400,188.18,200.709,185.45,195.61,22544995
1778851800,190.49,196.43,188.9,192.95,15747148
1779111000,190,190.76,183.27,186.61,19114329
1779197400,186,188.7248,180.93,181.46,16717712
1779283800,179.94,188.22,178.8,188.16,16517223
1779370200,189.01,192.82,187.2,189.77,12119718
1779456600,191.67,197,191.1,192.08,10875803
1779802200,193.3,195.2,190.56,193.06,12856100
1779888600,191.48,192.14,187.9161,190.96,12125998
1779975000,194.04,205,193.3772,203.7,25339881
1780061400,209,226.29,208.01,225.78,41082199
1780320600,230.5,250.25,224.6,248.15,48389992
1780407000,242.8,249,238.84,244.58,30294766
1780493400,240.48,240.51,227.605,230.33,23644680
1780579800,227,238.95,224,236.34,19993753
1780666200,229.49,231.44,209.45005,213.68,29019876
1780925400,217.75,219.06,209.331,211.82,17227241
1781011800,213.905,220.5,197.7901,205.81,26040722
1781098200,198.5,212.4799,198.18,201.26,46108327
1781184600,179.67,184.77,175.28,184.1,63678509
1781271000,185.01,185.58,179,184.13,29562284
1781530200,187.39,195.32,186.2134,192.64,20279863
1781616600,190.01,195.32,187.66,188.33,16985542
1781703000,186.155,190.19,182.58,183.53,16616626
1781789400,183.01,187.99,177.7,184.29,31386081
1782135000,182.31,184.58,174.4,175.07,22935420
1782221400,170.23,174.33,164.61,165.16,33327886
1782307800,162.475,165.75,155.35,157.53,38305028
1782394200,157.35,157.62,150.36,152.46,36914335
1782480600,150.26,153.54,148,148.53,36532142
1782739800,153.94,154.5,145.2,147.76,34310313
1782826200,147.25,149.93,144.48,146.55,35926860
1782912600,144.49,147.55,142.5,142.5,45963999
1782999000,143.3,147.06,138.8272,140.27,44273642
1783344600,144.3,145.6222,141.16,143.76,36682951
1783431000,143.72,145.56,137.55,141.6,47199976
1783517400,139.055,141.84,137.545,140.49,34607304
1783603800,141.42,149.07,140.94,144.22,35221882
1783690200,145.65,145.68,139.26,140.64,29843309
1783949400,139.03,139.65,131.35,131.54,56690274
1784035800,132,132.76,127.6,127.94,52670410
1784122200,130.56,133.9,128.84,132.49,48520434
1784208600,131.475,131.78,123.66,124.21,54780940
1784295000,121.7,128.435,121.5,126.41,39917140
1784554200,124.27,125.4897,120.03,121.38,36793230
1784640600,122.81,127.42,122.21,127.05,27748087
1784727000,126.18,128.84,124.7,125.84,21096693
1784813400,123.96,124.7,119.44,120.04,30900642
1784899800,122.47,123.08,114.75,114.99,46405702
1785159000,118,121.99,116.8,119.9,36916623
1785245400,118.18,122.33,114.5,119.96,32665418
1785331800,119.42,121.92,116.2,117.74,28081771
1785418200,122.87,128.34,121.58,127.56,41338393
1785504600,130.07,132.4,125.7,129.87,34438662
1785763800,131.92,143.07,130.21,141.85,49696896
1785850200,141.01,148.7,141.01,145.74,43723491
1785936600,145,146.3899,142.5,144.39,23524074
1786023000,139.25,146.58,138.72,143.47,23073334
1786109400,145.32,147.16,142.34,147.02,22874018
1786368600,148.26,151.99,146.62,151.05,24265023
1786455000,151.2,151.99,144.24,145.48,28761753
1786541400,152.81,154.89,147.89,153.28,43559358
1786627800,151.98,159.26,151.91,156.22,25739974
1786714200,155.84,156.39,148.8001,150.52,21905468
1786973400,148.45,150.4,145.5,146.65,20667953
1787059800,143.25,146,142.35,142.79,19152301
1787146200,142.695,146.08,137.43,143.81,26552896
1787232600,144.3,145.92,141.02,142.07,15184406
1787319000,143.715,148.35,142.6,146.47,19635031
1787578200,145.12,145.12,141.25,142.45,14158571
1787664600,143.3,146.335,142.51,144.76,13329370
1787751000,147,151.63,146.825,148.87,18426066
1787837400,152.106,153.83,147.52,151.94,30251433
1787923800,153.6,153.99,149.71,150.85,17799963
1788183000,149.31,151.26,147.75,149.12,16118904
1788269400,146.75,146.79,139.95,141.32,25443267
1788355800,140.26,146.69,139.72,145.75,21906714
1788442200,147.27,156.77,146.92,154.04,25101731
1788528600,159.455,159.7,156.71,158.78,26511284
1788874200,167.6,170.7,161.16,162.52,37662791
1788960600,163.54,165.15,160.36,161.63,27464575
1789047000,158.375,159.24,152.52,152.94,56824749
1789133400,164.43,166,149.84,150.28,80438562
