t,o,h,l,c,v
1412688600,97.485,97.7799,96.56,96.57,45153968
1412775000,96.66,98.76,96.06,98.45,64931636
1412861400,98.33,98.57,96.71,96.86,62497086
1412947800,96.29,96.83,94.42,94.44,77579425
1413207000,94.29,94.99,92.88,92.96,80835922
1413293400,93.6,94.1699,92.71,92.97,71814456
1413379800,91.55,92.76,90.24,92.37,108847755
1413466200,90.43,92.58,90.39,91.79,93165782
1413552600,92.99,93.89,92.46,93,69546720
1413811800,92.96,94.47,92.8,94.39,41479253
1413898200,95.54,96.87,95.32,96.87,53609758
1413984600,97.16,97.3,96.305,96.37,39178048
1414071000,97.32,98.36,97.17,97.82,48123778
1414157400,97.965,98.69,97.64,98.62,43161724
1414416600,98.4,98.87,98.02,98.69,29545673
1414503000,99.1,100.2,99.08,100.18,34495077
1414589400,99.84,100.12,99.1,99.81,40552803
1414675800,99.37,100.26,99.14,100.02,35935794
1414762200,101.67,101.75,101.07,101.4,54254141
1415025000,101.53,101.9701,101.43,101.7,33480951
1415111400,101.36,101.6244,100.67,101.36,22773298
1415197800,102.01,102.03,101.015,101.37,25818604
1415284200,101.32,101.72,100.921,101.69,24671900
1415370600,101.87,101.91,101.07,101.6,20931734
1415629800,101.65,102.09,101.38,101.96,20360007
1415716200,101.98,102.28,101.7,102.28,15454012
1415802600,101.87,102.57,101.87,102.46,22050317
1415889000,102.65,103.28,102.42,102.9,28027776
1415975400,102.87,103.22,102.53,103.22,19251346
1416234600,102.98,103.21,102.42,102.91,23361634
1416321000,103,103.82,102.991,103.68,26336812
1416407400,103.57,103.57,102.73,103.21,23760243
1416493800,102.77,103.76,102.69,103.67,22874018
1416580200,104.59,104.69,103.54,103.87,34049128
1416839400,104.15,104.73,104.06,104.68,17928289
1416925800,104.84,105.15,104.57,104.84,17525991
1417012200,104.94,105.58,104.834,105.52,18973804
1417185000,105.795,106.245,105.73,106.01,17360420
1417444200,105.72,105.9199,104.42,104.81,35969494
1417530600,104.92,105.4168,104.7,105.23,26031291
1417617000,105.39,105.565,104.7626,105.42,32974322
1417703400,105.32,105.78,104.93,105.37,31008791
1417789800,105.54,105.7,105.145,105.38,25622236
1418049000,105.11,105.57,104.075,104.63,32685756
1418135400,103.41,105.04,103.0401,104.96,46035139
1418221800,104.77,105.03,103.12,103.31,39330116
1418308200,103.61,105.04,103.59,103.8,47576022
1418394600,102.81,103.99,102.66,102.67,46889391
1418653800,103.2,103.58,101.315,101.61,52968448
1418740200,100.97,102.47,99.96,99.98,65348626
1418826600,100.05,102.09,99.92,101.8,79715318
1418913000,103.26,104.26,102.98,104.25,49840942
1418999400,103.97,104.74,103.71,104.32,51419912
1419258600,104.15,104.61,104.0999,104.58,33869167
1419345000,104.96,104.97,104.09,104.21,30156929
1419431400,104.34,104.7,104.2699,104.3,14291333
1419604200,104.6,105.26,104.57,105.04,13924332
1419863400,104.94,105.25,104.875,105.02,17073772
1419949800,104.72,104.96,104.175,104.32,18603989
1420036200,104.5,104.91,103.1,103.25,24367121
1420209000,103.76,104.2,102.44,102.94,31314599
1420468200,102.49,102.61,101.14,101.43,36521270
1420554600,101.58,101.75,99.62,100.07,66205451
1420641000,100.73,101.6,100.485,101.36,37577361
1420727400,102.22,103.5,102.111,103.3,40212640
1420813800,103.62,103.65,102.02,102.62,41410071
1421073000,102.82,102.93,101.285,101.55,34129751
1421159400,102.54,103.62,100.7,101.52,56162334
1421245800,100.5,101.4829,100.07,100.96,51354217
1421332200,101.43,101.59,99.525,99.65,51005416
1421418600,99.52,100.95,99.36,100.82,35362210
1421764200,101.43,101.88,100.29,101.62,30964056
1421850600,101.32,102.619,100.9648,102.14,40128772
1421937000,102.54,104.14,101.64,104.03,40887168
1422023400,104.02,104.58,103.72,104.26,34782992
1422282600,104.14,104.33,103.61,104.14,19960870
1422369000,102.5,102.56,101.1,101.44,45253205
1422455400,103.07,103.18,100.9,100.92,43591675
1422541800,100.84,102.0779,99.96,101.89,46539734
1422628200,101.8,102.58,100.96,101.1,42927638
1422887400,101.33,102.07,99.75,101.98,43624654
1422973800,102.35,103.03,101.68,102.96,30750360
1423060200,102.54,103.55,102.31,102.87,34073211
1423146600,103.13,103.83,102.87,103.76,23605516
1423233000,103.92,104.17,102.76,103.13,34169256
1423492200,102.73,103.285,102.55,102.8,22604655
1423578600,103.37,104.54,103.21,104.4,23686531
1423665000,104.52,105.02,104.32,104.78,20303617
1423751400,105.46,106.04,105.3,106,22520295
1423837800,106.3,106.93,106.101,106.91,29030249
1424183400,106.91,107.08,106.6432,107.01,17675344
1424269800,106.88,107.2199,106.74,107.16,15149619
1424356200,107.09,107.76,107.06,107.69,19828113
1424442600,107.62,108.47,107.28,108.41,28336710
1424701800,108.35,108.55,108.11,108.52,17867968
1424788200,108.38,108.73,108.05,108.6,19745011
1424874600,108.44,108.86,108.09,108.33,19472341
1424961000,108.44,108.94,108.135,108.88,22255476
1425047400,108.84,108.91,108.23,108.4,27757584
1425306600,108.61,109.42,108.59,109.38,22988645
1425393000,109.05,109.16,108.18,108.87,20788924
1425479400,108.51,108.67,107.86,108.45,21007420
1425565800,108.73,108.965,108.19,108.64,15381039
1425652200,108.5,108.71,107.14,107.41,30990366
1425907800,107.63,107.9857,107.19,107.72,26237101
1425994200,106.95,106.98,105.72,105.72,34234496
1426080600,105.875,106.01,105.07,105.11,25459733
1426167000,105.03,105.92,104.96,105.8,21473171
1426253400,105.7,106.12,104.68,105.34,42021103
1426512600,105.73,106.74,105.62,106.7,25674085
1426599000,106.405,107.04,106.16,106.87,19603813
1426685400,106.58,108.41,106.03,107.92,40622188
1426771800,108.03,108.38,107.87,108.08,31314035
1426858200,108.72,109.07,108.51,108.53,31761404
1427117400,108.47,108.77,108.28,108.32,17268507
1427203800,108.31,108.81,107.91,107.93,22445280
1427290200,108.1,108.2,105.42,105.46,41581435
1427376600,104.59,105.7,104.24,105.1,47846276
1427463000,105.08,105.77,104.92,105.52,33878385
1427722200,106.16,106.82,106.16,106.73,30570196
1427808600,106.43,106.65,105.57,105.6,30488101
1427895000,105.6,105.62,104.37,105.05,32970452
1427981400,105.15,105.46,104.78,105.12,19164241
1428327000,104.5,106.27,104.34,105.98,24451142
1428413400,105.92,106.7,105.8,105.8,19379381
1428499800,105.84,106.79,105.83,106.64,25866907
1428586200,106.59,107.35,106.23,107.31,23114727
1428672600,107.27,107.76,107.03,107.75,17164343
1428931800,107.83,108.38,107.36,107.48,17783465
1429018200,107.37,107.68,106.56,107.17,23755747
1429104600,107.45,108.07,107.321,107.84,21128576
1429191000,107.55,107.88,107.4,107.69,16195279
1429277400,106.66,106.95,105.55,106.01,46513964
1429536600,106.54,107.79,106.5,107.6,28945909
1429623000,108.22,108.41,107.93,108.06,22759772
1429709400,108.34,108.83,107.64,108.65,21429190
1429795800,108.28,109.55,108.26,109.06,29473221
1429882200,110.21,110.69,110.03,110.54,32508127
1430141400,110.95,111.16,110.02,110.26,31121321
1430227800,110.34,110.55,109.11,110.04,36849221
1430314200,109.43,110.07,108.75,109.35,34043905
1430400600,108.73,109.17,107.06,107.63,44080546
1430487000,108.05,109.12,108.03,109.05,32874307
1430746200,109.4,109.91,109.17,109.23,23507259
1430832600,108.8,109,107.4,107.45,47843265
1430919000,107.64,107.95,105.995,106.71,42687150
1431005400,106.68,107.65,106.6,107.35,29335806
1431091800,108.46,108.92,108.3,108.69,33023337
1431351000,108.76,108.98,108.19,108.27,19679255
1431437400,107.63,108.33,106.8,107.78,33665017
1431523800,108.25,108.81,107.84,108,20738434
1431610200,108.88,109.67,108.48,109.58,23904233
1431696600,109.86,110.01,109.31,109.58,23937442
1431955800,109.4,110.28,109.32,110.06,17631135
1432042200,110.18,110.35,109.76,109.94,14212896
1432128600,110.02,110.67,109.425,110.01,21131892
1432215000,109.82,110.73,109.66,110.58,16771801
1432301400,110.45,110.87,110.38,110.47,13543774
1432647000,110.23,110.38,108.76,109.2,25488437
1432733400,109.53,111.08,109.29,110.96,30572695
1432819800,110.75,111.01,110.37,110.71,17302408
1432906200,110.64,110.79,109.79,110.05,30382987
1433165400,110.64,110.72,109.52,110.42,24570186
1433251800,110.01,110.61,109.47,110.07,19449634
1433338200,110.57,110.81,110.13,110.4,20507208
1433424600,109.78,110.48,109.21,109.56,31374588
1433511000,109.43,109.69,108.63,109.3,22641732
1433770200,109.25,109.33,107.97,108.19,24549204
1433856600,107.93,108.4,107.2,108.01,27554599
1433943000,108.38,109.81,108.26,109.49,30297862
1434029400,109.86,110.15,109.46,109.65,17593463
1434115800,109.07,109.3,108.6,108.75,27201768
1434375000,107.94,108.38,107.31,108.21,31238798
1434461400,108.1,108.9799,108.05,108.8,16456867
1434547800,108.98,109.45,108.43,109.1,23296738
1434634200,109.5,110.88,109.44,110.69,43032384
1434720600,110.49,110.575,109.81,109.89,27877574
1434979800,110.7,111.03,110.45,110.7,19120898
1435066200,110.82,110.89,110.33,110.79,18127916
1435152600,110.66,111.13,110.19,110.22,15815914
1435239000,110.65,110.76,109.815,110,18326654
1435325400,109.98,110.23,108.86,109.27,32311679
1435584600,108.06,108.66,106.64,106.69,50874901
1435671000,107.49,107.72,106.74,107.07,34809920
1435757400,108.13,108.3464,107.42,107.92,21292958
1435843800,108.23,108.32,107.62,107.95,20499447
1436189400,107.27,108.32,107.04,107.7,24311020
1436275800,107.82,108.07,105.83,107.97,44230772
1436362200,107.2,107.33,105.8942,106.09,39691475
1436448600,107.5,107.5955,106.02,106.03,28381041
1436535000,107.44,108.05,107.05,107.65,26415825
1436794200,108.58,109.63,108.57,109.54,25780733
1436880600,109.69,110.56,109.63,110.26,21977167
1436967000,110.47,110.81,110.07,110.38,28631537
1437053400,111.29,111.96,111.07,111.94,29838948
1437139800,112.84,113.59,112.65,113.59,35926804
1437399000,113.83,114.39,113.48,113.98,26539045
1437485400,114.02,114.2,113.58,113.91,35468865
1437571800,112.17,113.169,112.165,112.62,35574962
1437658200,112.73,113.1,111.91,112.2,25698255
1437744600,112.8,113.003,110.93,111.1,30844714
1438003800,110.47,110.946,109.94,110.18,35994837
1438090200,110.67,111.35,109.785,111.13,33553494
1438176600,111.37,111.79,110.94,111.55,26714068
1438263000,111.29,112.2663,110.621,112.08,25438057
1438349400,112.43,112.49,111.72,111.95,22081731
1438608600,111.97,112.28,110.861,111.6,25001780
1438695000,111.55,111.745,110.93,111.39,22132319
1438781400,112.01,113,111.88,112.25,28989897
1438867800,112.35,112.5,109.95,110.45,42125401
1438954200,110.18,110.57,109.4,110.31,30006846
1439213400,111.01,111.81,111,111.57,21500780
1439299800,110.98,111.4101,109.53,110.14,36123270
1439386200,109.38,110.735,108.22,110.52,41888960
1439472600,110.63,111.16,110.1,110.34,22510520
1439559000,110.08,110.67,109.86,110.51,17924931
1439818200,110.24,111.46,109.96,111.43,21224913
1439904600,111.275,111.37,110.71,110.86,13984363
1439991000,110.52,111.105,109.49,110.13,42511384
1440077400,109.11,109.46,107.07,107.08,57747349
1440163800,105.57,106.47,102.4,102.4,97763445
1440423000,94.23,102.53,84.74,98.46,150829863
1440509400,102.07,102.74,98.01,98.09,75088278
1440595800,100.96,103.23,98.93,103.03,104103817
1440682200,104.52,105.71,103.2799,105.64,69377690
1440768600,105.08,106,104.85,105.62,49919628
1441027800,105.03,105.61,104.05,104.31,39549380
1441114200,101.71,103.29,100.63,101.05,73155538
1441200600,102.88,103.92,101.7,103.9,43963563
1441287000,104.31,105.02,103.1,103.39,45131794
1441373400,101.97,102.845,101.59,102.16,49379643
1441719000,104.12,105.165,103.69,105.04,37343527
1441805400,106.28,106.31,103.59,103.86,47146743
1441891800,103.74,105.68,103.62,104.99,47686714
1441978200,104.51,105.57,104.21,105.57,29106088
1442237400,105.96,105.98,104.85,105.25,19718804
1442323800,105.5,106.82,105.11,106.49,30020216
1442410200,106.51,107.19,106.14,107.09,31329146
1442496600,106.98,108.725,106.64,107.13,56139806
1442583000,105.23,106.6,105.17,105.35,48383995
1442842200,105.93,106.55,104.73,105.68,35772624
1442928600,104.06,104.4225,103.13,104.1,47359654
1443015000,104.38,104.66,103.64,104.18,21775134
1443101400,103.17,104.19,102.27,103.8,38284331
1443187800,104.91,105.01,102.28,102.92,44700006
1443447000,102.48,102.55,99.69,99.99,44077490
1443533400,100.24,101.26,98.75,99.47,49315527
1443619800,100.89,101.87,100.5,101.76,41411432
1443706200,101.94,102.23,100.59,102.22,39339134
1443792600,100.8,104.01,100.48,104.01,59370859
1444051800,104.78,105.78,104.55,105.5,32853533
1444138200,105.25,105.6,104.18,105,33051534
1444224600,105.66,105.86,104.29,105.63,37389334
1444311000,105.23,106.23,104.21,106.05,50188873
1444397400,106.1,106.73,105.81,106.53,23916227
1444656600,106.73,106.9899,106.35,106.79,16161955
1444743000,106.18,107.26,106,106.1,26999613
1444829400,106.1,106.63,105.49,105.93,30902637
1444915800,106.32,107.675,106.18,107.67,38393838
1445002200,107.9,108.18,107.3794,108.12,27091100
1445261400,107.98,108.81,107.74,108.74,23776270
1445347800,108.545,108.78,107.81,108.18,23404691
1445434200,108.73,108.84,107.48,107.52,30195241
1445520600,108.48,109.8,108.171,109.71,42778702
1445607000,112.66,113.24,112.07,112.78,53170910
1445866200,112.7,113.07,112.27,112.85,25918004
1445952600,112.55,113.24,112.52,113.08,31390511
1446039000,113.25,114.02,112.34,114.02,42221867
1446125400,113.5,114.03,113.38,113.84,24913340
1446211800,113.89,114.08,113.3,113.33,27199231
1446474600,113.63,114.745,113.39,114.61,22176916
1446561000,114.38,115.42,114.21,115.01,20418387
1446647400,115.39,115.47,114.54,115.02,28633048
1446733800,115.12,115.395,114.11,114.71,25004080
1446820200,114.49,114.92,113.76,114.79,29924901
1447079400,114.36,114.51,112.865,113.57,33479755
1447165800,112.97,113.39,112.63,113.28,35452127
1447252200,113.59,114.14,112.95,113.14,22748808
1447338600,112.65,113.23,111.96,112.04,31196876
1447425000,111.57,111.69,109.78,109.84,52836036
1447684200,109.74,111.44,109.48,111.42,33980633
1447770600,111.61,112.29,111.2099,111.49,30579457
1447857000,111.94,113.74,111.83,113.63,32966463
1447943400,113.68,114.23,113.49,113.71,26188119
1448029800,114.24,114.57,114.14,114.48,22727591
1448289000,114.53,114.94,113.66,114.15,20696175
1448375400,113.42,114.32,112.8377,114.05,26374412
1448461800,114.19,114.36,113.91,114.15,14159935
1448634600,114.395,114.541,113.92,114.31,8827991
1448893800,114.6,114.65,113.65,114.02,25041649
1448980200,114.475,115.16,114.34,115.16,28639445
1449066600,115.23,115.75,114.28,114.45,22395483
1449153000,114.76,114.96,111.8432,112.51,42754345
1449239400,112.84,115.33,112.62,115.14,40037322
1449498600,115.22,115.29,114.07,114.62,25892101
1449585000,113.44,114.995,113.38,114.63,30792648
1449671400,114.11,114.76,112.2,112.89,48509199
1449757800,113.15,114.16,112.811,113.4,30154621
1449844200,112.09,112.39,110.72,110.79,56022221
1450103400,110.98,111.68,109.38,111.63,53098514
1450189800,112.6,113.28,112.17,112.31,48428014
1450276200,113.07,114.17,111.89,113.98,44944106
1450362600,114.46,114.48,112.3,112.32,45668795
1450449000,111.58,111.88,109.83,109.83,53746061
1450708200,110.87,111.07,110.05,111.05,26432807
1450794600,111.65,111.94,111.05,111.78,26540310
1450881000,112.34,112.69,112.16,112.61,25656928
1450967400,112.57,112.9,112.54,112.59,11480244
1451313000,112.32,112.55,111.51,112.53,19183637
1451399400,113.215,114.545,113.13,114.3,27725673
1451485800,114.16,114.24,113.25,113.27,19520081
1451572200,112.87,113.08,111.84,111.86,29886849
1451917800,109.43,109.6,108.12,109.5,50807643
1452004200,110.04,110.18,108.8,109.31,38795182
1452090600,107.43,108.89,107.41,108.26,41891091
1452177000,105.96,107.29,104.81,104.87,61386300
1452263400,105.67,106.29,103.9,104.01,69344012
1452522600,104.79,105.06,102.73,104.33,50024094
1452609000,105.31,106.08,104.08,105.54,46734241
1452695400,106,106.23,101.74,101.9,69870673
1452781800,102.3,104.98,100.67,104.07,78445735
1452868200,100.57,101.94,99.51,100.84,91443918
1453213800,102.2,102.37,99.88,101.06,56563845
1453300200,99.48,101.83,97.25,100.75,86674981
1453386600,101.19,102.349,99.82,100.85,61660101
1453473000,102.84,103.81,102.5305,103.77,42229803
1453732200,103.46,103.99,102.14,102.23,38881485
1453818600,102.65,103.59,101.76,103.15,36143916
1453905000,102.55,102.99,100.15,100.58,54524736
1453991400,102.19,102.29,100.26,102,47641532
1454077800,102,104.17,101.94,104.13,54245067
1454337000,103.62,104.8,103.23,104.41,32750348
1454423400,103.97,103.97,101.84,102.15,44928088
1454509800,102.8,102.83,99.88,101.66,61572882
1454596200,101.35,102.455,100.44,101.65,49321638
1454682600,101.29,101.33,97.72,98.12,70749932
1454941800,96.33,97.05,94.84,96.62,91673063
1455028200,95.36,97.78,95.18,96.32,73778426
1455114600,97.5,98.69,96.62,96.69,59421699
1455201000,95.45,97.32,95.19,96.55,76839183
1455287400,97.68,98.12,96.73,98.02,49186494
1455633000,99.44,100.23,98.85,100.23,40565911
1455719400,101.01,102.64,100.7,102.5,41766451
1455805800,102.81,102.84,101.2,101.33,38991469
1455892200,100.91,101.94,100.615,101.63,28257915
1456151400,102.54,103.38,102.48,103.28,23979113
1456237800,102.67,102.96,101.51,101.58,29869660
1456324200,100.44,102.68,99.77,102.55,40739103
1456410600,102.76,103.56,101.84,103.56,29389315
1456497000,104.28,104.3659,103.1835,103.43,30925045
1456756200,103.31,104.1,102.5,102.5,27553937
1456842600,103.45,105.79,103.16,105.79,37699779
1456929000,105.63,105.85,105.01,105.83,29209756
1457015400,105.71,105.75,104.87,105.63,25474625
1457101800,105.76,106.35,104.97,105.67,31655424
1457361000,105.12,105.74,104.27,105.02,25861160
1457447400,104.3,105.2138,103.97,104.15,28898525
1457533800,104.57,104.84,103.96,104.82,31047351
1457620200,105.31,105.86,103.31,104.66,44997649
1457706600,105.8,106.49,105.46,106.49,31453958
1457962200,106.08,106.92,106.06,106.67,25374912
1458048600,106.27,106.75,105.95,106.63,26524632
1458135000,106.37,107.86,106.34,107.58,31693050
1458221400,107.26,107.77,106.87,107.52,29623740
1458307800,107.46,107.635,106.8,107.37,37682293
1458567000,107.16,107.89,107.12,107.79,17288559
1458653400,107.18,108.37,107.16,108.12,18840278
1458739800,107.91,107.99,106.99,107.23,20912873
1458826200,106.67,107.29,106.53,107.26,19017258
1459171800,107.56,107.58,106.92,107.11,13892303
1459258200,106.93,108.9,106.73,108.83,29963923
1459344600,109.48,110.04,109.13,109.36,23807235
1459431000,109.3,109.69,109.03,109.2,21447236
1459517400,108.58,110.4,108.39,110.36,26389045
1459776600,110.31,110.435,109.68,109.94,17162988
1459863000,109.08,109.5,108.74,108.88,20107915
1459949400,109,110.71,108.99,110.67,25056031
1460035800,110.04,110.225,108.61,109.08,28567202
1460122200,109.77,110.02,108.615,109,22897951
1460381400,109.48,110.02,108.585,108.6,25772058
1460467800,108.66,109.72,108.015,109.51,28564087
1460554200,110.32,111.08,110.21,110.91,25356728
1460640600,110,111.33,110,110.92,17199671
1460727000,110.83,111.055,110.36,110.64,21353343
1460986200,110.33,111.265,110.25,111.23,17126086
1461072600,111.44,111.44,109.88,110.55,42481435
1461159000,110.54,111.15,110.17,110.64,18078307
1461245400,110.58,111.05,110.15,110.65,20215983
1461331800,109.21,109.72,108.12,108.98,39073996
1461591000,108.62,108.99,108.45,108.98,14351890
1461677400,109.2,109.39,108.12,108.45,19118334
1461763800,107.34,107.83,106.69,107.58,33059790
1461850200,107.69,108.3335,106.0705,106.28,29818155
1461936600,106.22,106.495,104.88,105.72,67502786
1462195800,105.97,106.87,105.5525,106.72,24813813
1462282200,105.96,106.4399,105.45,105.73,38569433
1462368600,105.12,105.4811,104.7902,105.05,27474504
1462455000,105.43,105.66,104.81,105.02,20788119
1462541400,104.51,105.6,104.4,105.58,30758516
1462800600,105.61,106.37,105.54,105.88,19289615
1462887000,106.26,107.38,106.07,107.33,21178851
1462973400,107.16,107.49,106.33,106.36,20966257
1463059800,106.68,106.735,105.14,105.89,29196323
1463146200,105.85,106.449,105.29,105.5,21059255
1463405400,105.67,107.21,105.56,106.82,18311860
1463491800,106.74,107.04,105.2,105.48,29932711
1463578200,105.29,106.43,105.04,105.86,28177911
1463664600,105.45,105.705,104.54,105.31,27334610
1463751000,105.74,106.9,105.67,106.47,29549578
1464010200,106.55,106.97,106.23,106.33,15729764
1464096600,106.92,108.59,106.885,108.46,29931309
1464183000,108.86,109.57,108.684,109.24,38464750
1464269400,109.35,109.7,109.09,109.56,21885871
1464355800,109.65,110.14,109.61,110.13,19870010
1464701400,110.28,110.51,109.7837,110.34,24366106
1464787800,110,110.6,109.91,110.35,19571528
1464874200,110.13,110.59,109.53,110.58,15696618
1464960600,110.37,110.42,109.34,110.06,20269923
1465219800,110.25,110.75,110.07,110.46,12502365
1465306200,110.53,110.63,110.13,110.18,12184296
1465392600,110.37,110.6,109.96,110.37,14568699
1465479000,109.93,110.31,109.71,110.19,17571631
1465565400,109.2,109.4,108.56,108.94,32965003
1465824600,108.34,108.93,107.89,108.03,25412177
1465911000,107.78,108.415,107.24,108.03,24588506
1465997400,108.32,108.44,107.54,107.72,24605701
1466083800,107.17,108.14,106.5,108.04,32079929
1466170200,107.53,107.6819,106.24,106.49,29208832
1466429400,107.73,108.24,107.08,107.16,20562769
1466515800,107.33,107.715,107.1,107.5,22804112
1466602200,107.58,108.19,107.15,107.24,22724174
1466688600,108.09,108.79,107.62,108.77,18714227
1466775000,104.81,106.5,104.06,104.29,68012733
1467034200,103.6,103.6,101.75,102.22,50044303
1467120600,103.33,104.51,103.3,104.46,28260604
1467207000,105.26,106.53,105.231,106.31,31356723
1467293400,106.52,107.61,106.13,107.54,36300819
1467379800,107.49,108.48,107.45,108.08,19902803
1467725400,107.58,107.66,106.84,107.42,21167903
1467811800,106.92,108.35,106.57,108.3,24579270
1467898200,108.39,108.86,108.11,108.62,19161748
1467984600,109.17,110.36,109.02,110.3,29457871
1468243800,110.68,111.335,110.66,110.93,20218504
1468330200,111.59,111.79,111.34,111.49,21906145
1468416600,111.79,111.82,111.21,111.22,21107762
1468503000,111.96,112.19,111.7,111.98,20870986
1468589400,112.22,112.3,111.55,111.8,17999312
1468848600,111.86,112.74,111.85,112.54,20713924
1468935000,112.17,112.48,111.93,112.13,18936702
1469021400,112.75,113.65,112.6,113.44,24997929
1469107800,113.52,113.74,112.87,113.18,18885367
1469194200,113.28,113.78,112.911,113.65,20003363
1469453400,113.56,113.69,113.28,113.66,12968085
1469539800,113.63,114.2,113.22,113.79,21223845
1469626200,114.76,114.88,114.1,114.58,27646113
1469712600,114.76,115.11,114.4,114.98,16939662
1469799000,115.24,115.54,114.87,115.23,22385320
1470058200,115.31,116.13,115.17,115.84,13990077
1470144600,115.68,115.77,114.22,114.96,21278383
1470231000,114.88,115.35,114.8005,115.34,15011273
1470317400,115.32,115.78,115.03,115.67,12835296
1470403800,116.28,117.04,116.13,116.78,23196570
1470663000,116.82,116.87,116.28,116.65,12358181
1470749400,116.73,117.29,116.67,116.92,13276458
1470835800,116.96,117.02,116.31,116.62,14688405
1470922200,117.01,117.37,116.78,117.12,12969799
1471008600,116.91,117.21,116.79,117.2,19379036
1471267800,117.33,117.97,117.31,117.7,11777762
1471354200,117.47,117.49,117.03,117.05,14161446
1471440600,117.08,117.3,116.43,117.26,15980334
1471527000,117.15,117.46,116.945,117.29,10036285
1471613400,117.1,117.52,116.76,117.26,18742961
1471872600,117.09,117.55,116.87,117.35,14500622
1471959000,117.79,118.0095,117.51,117.56,11997927
1472045400,117.49,117.64,116.41,116.8,17728656
1472131800,116.48,116.97,116.36,116.61,24266264
1472218200,116.66,117.54,116.08,116.78,23895963
1472477400,116.81,117.251,116.79,116.94,11184872
1472563800,116.73,117.09,116.16,116.56,19843301
1472650200,116.38,116.56,115.95,116.44,16169794
1472736600,116.48,116.88,115.91,116.74,20944727
1472823000,117.32,117.56,116.68,117.12,18088215
1473168600,117.29,117.85,117.06,117.85,18525231
1473255000,117.95,118.12,117.47,117.92,17546872
1473341400,117.57,117.6,116.92,117.23,20125319
1473427800,116.23,116.51,114.26,114.28,50813287
1473687000,113.64,116.49,113.63,116.33,39645960
1473773400,115.73,116.09,114.73,115.29,45863935
1473859800,115.43,116.47,115.38,115.84,28221762
1473946200,115.89,117.815,115.86,117.64,39466531
1474032600,117.22,117.412,116.71,117.29,27596527
1474291800,117.57,117.95,116.55,116.78,16222870
1474378200,117.19,117.48,116.8,117,18078584
1474464600,117.48,118.32,116.81,118.15,31546776
1474551000,118.85,119.22,118.7177,119.09,22614422
1474637400,118.92,119,118.16,118.33,22213394
1474896600,117.66,117.8,117.17,117.34,16403881
1474983000,117.31,118.5552,117.15,118.5,20238432
1475069400,118.62,118.77,118.09,118.7,14794330
1475155800,118.51,118.72,117.3338,117.84,27207499
1475242200,118.145,119.07,118.03,118.72,25543200
1475501400,118.53,118.7,118.09,118.55,19216438
1475587800,118.86,119.16,117.92,118.37,21239742
1475674200,118.7,119.17,118.67,118.79,14481285
1475760600,118.63,118.981,118.15,118.73,11987056
1475847000,118.86,119.01,117.89,118.47,19984158
1476106200,119.06,119.48,119.03,119.22,19687341
1476192600,119.1,119.14,117,117.52,27774426
1476279000,117.575,117.82,117.06,117.42,14267824
1476365400,116.635,117.32,115.94,117,22821011
1476451800,117.58,118.05,117.07,117.14,21313321
1476711000,117.1,117.3,116.672,116.82,14182694
1476797400,118.18,118.41,117.8,117.86,19276656
1476883800,117.77,118.02,117.64,117.85,13702918
1476970200,117.68,117.97,117.03,117.71,18132245
1477056600,117.8,118.22,117.41,118.15,15707804
1477315800,118.93,119.65,118.8918,119.57,19142985
1477402200,119.62,119.66,119.01,119.19,20341835
1477488600,118.41,119.03,118.03,118.38,20463696
1477575000,118.9,118.99,117.67,117.84,19099790
1477661400,117.47,118.11,116.74,117.1,35369254
1477920600,117.53,117.53,116.93,116.99,18749357
1478007000,117.19,117.21,115.1047,116.11,23498712
1478093400,116.05,116.3,114.89,115.18,26960093
1478179800,115.02,115.37,113.92,114.05,36205193
1478266200,113.72,114.54,113.45,113.65,26997454
1478529000,115.45,116.47,115.3,116.35,26591245
1478615400,116.21,117.64,115.96,117.11,20777919
1478701800,115.71,117.84,115.6,117.65,70234393
1478788200,118.14,118.38,114.195,115.75,72825446
1478874600,115.21,116.05,114.84,115.8,41115166
1479133800,115.84,115.94,114.03,114.63,35905979
1479220200,115.47,116.62,115.33,116.22,31796602
1479306600,115.7,116.9932,115.67,116.91,16538132
1479393000,116.86,117.78,116.61,117.76,20598553
1479479400,117.83,118.1,117.21,117.32,16428659
1479738600,117.6,118.65,117.57,118.54,20268547
1479825000,118.97,119.19,118.61,118.9,18850641
1479911400,118.51,118.64,117.9,118.42,22925954
1480084200,118.56,118.85,118.42,118.8,7162785
1480343400,118.64,119.08,118.4101,118.53,13479045
1480429800,118.63,119.51,118.3,118.94,18552957
1480516200,119.06,119.1335,117.46,117.5,30405342
1480602600,117.46,117.47,115.29,115.47,39796590
1480689000,115.57,116.16,115.22,115.7,32876845
1480948200,116.32,117.06,115.77,116.6,21419667
1481034600,116.88,117.08,116.39,116.88,27293348
1481121000,116.64,118.51,116.2919,118.36,26622442
1481207400,118.4,118.87,118.18,118.57,18578433
1481293800,119.03,119.5402,119,119.5,21863133
1481553000,118.95,119.21,118.47,118.96,23259310
1481639400,119.35,121.11,119.32,120.46,54477889
1481725800,120.56,121,119.86,120.21,28745991
1481812200,120.37,121.11,120.08,120.4,22762305
1481898600,120.28,120.5817,119.36,119.6,26283907
1482157800,119.74,120.83,119.55,120.09,21138658
1482244200,120.43,120.77,120.33,120.55,11461799
1482330600,120.57,120.68,120.19,120.46,7079300
1482417000,120.46,120.5,119.65,120.12,16644996
1482503400,119.96,120.25,119.81,120.2,9007470
1482849000,120.44,121.52,120.41,120.82,16110554
1482935400,121.06,121.19,119.795,119.88,17975235
1483021800,119.86,120.13,119.33,119.71,13267519
1483108200,119.93,119.95,118.14,118.48,41749028
1483453800,119.31,119.99,118.89,119.54,22307608
1483540200,119.67,120.41,119.6561,120.19,19749074
1483626600,120.16,120.95,120.1,120.87,20644254
1483713000,120.99,122.25,120.685,121.93,24074305
1483972200,122.03,122.55,121.95,122.33,18909234
1484058600,122.37,122.97,122.1,122.6,16176631
1484145000,122.63,122.93,122.02,122.93,20685983
1484231400,122.49,122.819,121.6,122.74,19622511
1484317800,122.81,123.37,122.8,123.16,16930803
1484663400,122.79,123.03,122.4342,122.79,14538484
1484749800,122.96,123.16,122.66,123.04,12499663
1484836200,123.19,123.65,122.72,122.98,12710659
1484922600,123.51,123.83,122.92,123.25,22091039
1485181800,123.16,123.53,122.57,123.35,17434167
1485268200,123.59,124.37,123.3847,124.18,17640869
1485354600,124.94,125.46,124.85,125.43,15036221
1485441000,125.59,125.82,125.3438,125.56,16052150
1485527400,125.8,125.9211,125.39,125.8,15052983
1485786600,125.37,125.38,124.13,124.82,25006715
1485873000,124.4,124.6,123.85,124.57,19091133
1485959400,125.42,125.68,124.86,125.43,22861876
1486045800,125.21,125.7,124.86,125.32,15101363
1486132200,125.49,125.81,125.33,125.68,16957154
1486391400,125.42,125.85,125.35,125.83,11630139
1486477800,126.06,126.55,125.97,126.29,17541101
1486564200,126.12,126.68,125.88,126.5,12569147
1486650600,126.63,127.24,126.56,126.96,17542726
1486737000,127.2,127.56,127.02,127.38,13915697
1486996200,127.76,128.26,127.7199,128.1,19120150
1487082600,128.15,128.535,127.74,128.53,16333480
1487169000,128.44,129.35,128.37,129.29,17891355
1487255400,129.36,129.63,128.92,129.25,15098286
1487341800,129.09,129.82,129.04,129.81,15563730
1487687400,130.03,130.53,129.99,130.45,18479628
1487773800,130.32,130.59,130.111,130.5,12110876
1487860200,130.7,130.7,129.49,130.01,17489023
1487946600,129.47,130.26,129.38,130.26,18624489
1488205800,130.02,130.43,129.8,130.42,12008672
1488292200,130.39,130.45,129.66,130.02,16598581
1488378600,130.81,131.68,130.6,131.44,25813827
1488465000,131.43,131.43,130.62,130.78,19951386
1488551400,130.65,131.06,130.341,131.02,13722749
1488810600,130.56,130.95,130.21,130.73,12026151
1488897000,130.45,131.08,130.28,130.51,15500945
1488983400,130.57,131.15,130.46,130.74,15776027
1489069800,130.71,131.02,130.14,130.84,20855253
1489156200,131.42,131.6,130.82,131.39,21922601
1489411800,131.34,131.64,131.27,131.61,10731575
1489498200,131.31,131.36,130.76,131.29,14019689
1489584600,131.58,132.405,131.14,132.1,22709139
1489671000,132.33,132.35,131.71,132.01,18457291
1489757400,131.86,132.04,131.62,131.69,21234529
1490016600,131.65,132.11,131.4601,131.81,10105210
1490103000,132.31,132.43,129.73,129.81,35841897
1490189400,129.89,130.82,129.68,130.69,29177883
1490275800,130.52,130.88,130.14,130.36,20311655
1490362200,130.78,131.29,130.13,130.63,22967566
1490621400,129.73,131.07,129.4,130.84,18472445
1490707800,130.81,132.03,130.55,131.64,23721947
1490794200,131.73,132.3,131.59,132.25,13168901
1490880600,132.22,132.61,132.08,132.47,16092374
1490967000,132.27,132.74,132.125,132.38,19841411
1491226200,132.48,132.81,131.56,132.3,23700310
1491312600,131.9,132.53,131.87,132.51,13400022
1491399000,132.68,133.48,131.72,131.97,32011155
1491485400,132.12,132.39,131.7,132.04,18832193
1491571800,131.99,132.37,131.5,131.97,16743064
1491831000,132.11,132.565,131.6564,132.02,15619276
1491917400,131.86,132.095,130.5,131.45,33778359
1492003800,131.45,131.54,130.78,130.92,15955195
1492090200,130.75,131.51,130.38,130.4,23683020
1492435800,130.8,131.5,130.72,131.48,13325508
1492522200,131.01,131.66,130.95,131.28,12841087
1492608600,131.85,132.29,131.31,131.49,17764817
1492695000,132.04,132.88,131.82,132.59,21977910
1492781400,132.7,132.76,132.22,132.56,22454948
1493040600,134.02,134.285,133.8042,134.16,22469948
1493127000,134.58,135.3664,134.48,135.13,19339384
1493213400,135.17,135.51,134.86,134.94,25398542
1493299800,135.28,135.75,135.19,135.75,16136538
1493386200,136.28,136.34,135.77,135.99,22771946
1493645400,136.46,137.38,136.38,137.2,24815525
1493731800,137.38,137.49,137.02,137.43,18345071
1493818200,137.14,137.17,136.615,136.99,23827550
1493904600,137.01,137.43,136.56,137.04,14630063
1493991000,137.39,137.54,136.88,137.54,19330652
1494250200,137.61,137.84,137.33,137.84,13279931
1494336600,138.05,138.628,137.93,138.32,28426109
1494423000,138.4,138.45,137.91,138.4,20499363
1494509400,138.03,138.33,137.38,138.29,27232074
1494595800,138.37,138.63,138.23,138.6,19738629
1494855000,138.63,139.12,138.53,139.04,20481327
1494941400,139.36,139.64,138.99,139.62,21785994
1495027800,138.55,138.77,136.05,136.07,55642178
1495114200,136.06,137.72,135.87,137.26,41319882
1495200600,137.71,138.42,137.66,137.84,36730112
1495459800,138.14,139.075,138.0967,139,19509659
1495546200,139.42,139.42,138.7801,139.14,19687534
1495632600,139.56,139.85,139.17,139.78,18323864
1495719000,140.315,141.33,140.01,140.97,23928591
1495805400,141,141.28,140.81,141.22,13851582
1496151000,141.13,141.505,141.06,141.34,20306409
1496237400,141.8,141.84,140.57,141.29,33229404
1496323800,141.57,141.9,140.98,141.84,20120741
1496410200,142.34,143.49,142.11,143.46,37222881
1496669400,143.44,143.68,143.23,143.43,15727526
1496755800,143.28,143.73,142.65,142.86,22393024
1496842200,143.23,143.54,142.6,143.42,18842408
1496928600,143.74,143.8,142.79,143.57,25417408
1497015000,143.73,143.9,138.11,139.98,109783737
1497274200,138.84,139.48,137.47,139.23,104453977
1497360600,140.01,140.56,139.28,140.36,51193010
1497447000,140.92,140.93,138.62,139.75,60093764
1497533400,138.35,139.28,137.49,139.13,55145160
1497619800,138.72,138.777,137.638,138.15,48087413
1497879000,139.45,140.59,139.28,140.46,39626533
1497965400,140.31,140.5,139.31,139.36,40935078
1498051800,139.66,140.81,139.59,140.74,35743366
1498138200,140.94,141.22,140.34,140.7,24099115
1498224600,140.53,141.42,140.15,141.24,21654314
1498483800,142,142.29,140.27,140.58,34411094
1498570200,140.07,140.22,138.02,138.03,65957819
1498656600,138.54,140.14,137.74,140.02,57427180
1498743000,139.4,139.44,136.25,137.59,88769351
1498829400,138,138.6687,137.19,137.64,68898255
1499088600,138.25,138.43,136.1,136.19,32797005
1499261400,136.57,137.9,136.16,137.53,42116584
1499347800,136.47,137.06,135.8,136.29,48430476
1499434200,136.74,138.13,136.74,137.76,36970402
1499693400,137.84,138.985,137.5,138.66,24853545
1499779800,138.44,139.22,137.94,139.05,31517660
1499866200,140.21,140.86,139.955,140.7,36045799
1499952600,140.85,141.35,140.6,141.01,31073595
1500039000,141.57,142.3,141.19,142.12,34544847
1500298200,142.25,142.69,141.92,142.19,25343155
1500384600,142.06,143.17,141.64,143.14,25748527
1500471000,143.53,144.19,143.5,143.98,33752309
1500557400,144.31,144.44,143.52,144.17,36139449
1500643800,143.62,144.11,143.35,144.11,39697094
1500903000,144.07,144.87,143.92,144.77,26712732
1500989400,144.29,144.74,144.01,144.4,28120884
1501075800,144.74,144.95,144.53,144.87,18610634
1501162200,145.86,145.96,142.3,143.96,80665866
1501248600,143.14,144.0752,142.87,143.84,38013176
1501507800,144.22,144.43,142.92,143.23,33848645
1501594200,143.7,143.76,143.12,143.56,20149421
1501680600,144.45,144.52,142.61,143.95,41769667
1501767000,144.17,144.17,143.13,143.39,27112799
1501853400,143.65,143.97,143.06,143.65,29472909
1502112600,143.89,144.56,143.71,144.56,17933942
1502199000,144.27,145.47,143.9,144.31,30810364
1502285400,143.14,144.19,142.795,144.12,36169473
1502371800,143.33,143.4,140.89,141.03,63331663
1502458200,141.24,142.41,140.9,142.1,45862488
1502717400,143.23,144.15,143.19,143.93,34161024
1502803800,144.22,144.302,143.64,144.03,25509181
1502890200,144.37,144.96,143.8007,144.28,31913002
1502976600,143.73,143.94,141.33,141.33,70190975
1503063000,141.43,142.2,140.65,141.23,60751940
1503322200,141.23,141.53,140.18,141.05,37111487
1503408600,141.8,143.35,141.76,143.2,36294232
1503495000,142.5,143.01,142.38,142.69,25702324
1503581400,143.03,143.17,141.47,142.27,38160803
1503667800,142.8,143.18,141.78,141.97,26380436
1503927000,142.41,142.74,141.9501,142.41,15362141
1504013400,141.18,143.21,141.06,142.97,24498333
1504099800,143.11,144.89,143,144.65,33642716
1504186200,145.03,146.21,144.98,146.2,38480747
1504272600,146.36,146.585,145.61,146,22293553
1504618200,145.55,145.88,143.6,144.69,45480562
1504704600,145.06,145.46,144.08,145.13,30722723
1504791000,145.4,145.84,144.94,145.47,22721131
1504877400,145.28,145.35,144.06,144.21,27890115
1505136600,145.3,146.12,145.3,145.87,27126332
1505223000,146.25,146.41,145.53,146.22,30256661
1505309400,145.95,146.44,145.73,146.42,28450864
1505395800,145.85,146.2869,145.47,145.56,35296413
1505482200,145.56,146.59,145.29,146.06,46422402
1505741400,145.88,146.37,145.11,145.55,24858157
1505827800,145.81,146.01,145.31,145.8,20871237
1505914200,145.75,145.91,144.23,145.35,34236155
1506000600,145.25,145.26,143.95,144.46,28841835
1506087000,144,144.53,143.855,144.32,21702401
1506346200,143.75,143.8299,142.1,142.8,54947712
1506432600,143.51,143.8,142.67,143.17,29628806
1506519000,143.93,145,143.57,144.46,33249403
1506605400,144.14,144.5566,143.78,144.41,24149422
1506691800,144.7,145.555,144.32,145.45,43102366
1506951000,145.67,146.17,144.93,145.58,27351260
1507037400,145.74,146.06,145.45,145.89,19715152
1507123800,145.6,146.34,145.47,146.03,26381099
1507210200,146.54,147.54,146.4063,147.46,31562353
1507296600,146.97,147.66,146.96,147.66,23561069
1507555800,147.86,148.0093,147.3,147.49,13704835
1507642200,147.98,148.14,146.95,147.6,19223092
1507728600,147.53,148.07,147.34,148.04,12439051
1507815000,147.84,148.355,147.615,147.77,14513477
1507901400,148.4,148.51,147.7772,148.34,18409888
1508160600,148.7,148.89,148.3928,148.85,21809410
1508247000,148.79,149.06,148.57,149.04,13138157
1508333400,149.21,149.21,148.64,148.86,17218243
1508419800,148.02,148.33,147.27,148.31,27680285
1508506200,148.91,149.04,148.53,148.71,30173268
1508765400,149.01,149.03,147.53,147.74,29297126
1508851800,148,148.3,147.44,147.99,20289467
1508938200,147.7,148.18,146.33,147.43,36179124
1509024600,147.36,147.705,146.92,146.96,28230199
1509111000,149.33,151.52,149.2,151.24,60165127
1509370200,151.08,152.19,150.9899,151.58,31733386
1509456600,152.04,152.37,151.63,152.15,26319327
1509543000,152.75,152.83,151.5,152.1,29481569
1509629400,151.92,151.99,150.77,151.81,31017426
1509715800,152.39,153.29,151.84,153.27,26199249
1509978600,153.13,153.85,153.1,153.79,28693919
1510065000,153.67,154.0823,153.34,153.88,21333062
1510151400,153.81,154.54,153.62,154.5,17373517
1510237800,153.26,153.77,152.11,153.69,40594482
1510324200,153.36,153.8,153.06,153.68,20150762
1510583400,153.12,154.0693,153.1,153.87,12522399
1510669800,153.31,153.5,152.57,153.31,25173763
1510756200,152.61,153,151.78,152.59,24808004
1510842600,153.38,154.89,153.33,154.54,34790570
1510929000,154.58,154.69,153.8,153.95,28725800
1511188200,154.08,154.2,153.61,153.83,21143944
1511274600,154.56,155.57,154.485,155.5,20147763
1511361000,155.63,155.84,155.341,155.69,17299040
1511533800,155.86,156.31,155.76,156.26,8209832
1511793000,156.2,156.56,155.83,156.19,22653389
1511879400,156.52,156.69,155.7,156.59,25227320
1511965800,156.45,156.45,153.12,153.86,71986338
1512052200,154.46,155.45,154.145,155.15,56595465
1512138600,154.19,155.24,152.26,154.49,59015828
1512397800,155.47,155.625,152.56,152.71,51319146
1512484200,152.64,154.55,152.1,152.81,40604211
1512570600,152.26,153.735,152.06,153.5,28647769
1512657000,153.49,154.46,153.33,154.02,32666207
1512743400,155.1,155.53,154.46,154.7,28081666
1513002600,154.76,155.95,154.76,155.9,20821528
1513089000,155.81,156.15,155.36,155.69,20310252
1513175400,156.28,156.49,155.76,155.99,24418479
1513261800,156.28,156.66,155.71,155.88,24594682
1513348200,156.49,157.82,156.23,157.65,49816151
1513607400,158.29,158.77,158.07,158.64,26844519
1513693800,158.34,158.5,157.26,157.7,31414968
1513780200,158.25,158.28,156.91,157.53,38972602
1513866600,157.73,158.25,157.37,157.55,18638679
1513953000,157.31,157.432,156.95,157.37,23330440
1514298600,156.53,156.72,155.95,156.52,21918720
1514385000,156.52,156.96,156.39,156.54,22388186
1514471400,157.05,157.0653,156.54,156.73,25393825
1514557800,156.9,156.9,155.7,155.76,33185962
1514903400,156.5,158.525,156.17,158.49,32573272
1514989800,158.61,160.17,158.61,160.03,29383557
1515076200,160.59,160.79,160.0825,160.31,24776125
1515162600,161.04,162.03,160.77,161.92,26992340
1515421800,161.9,162.63,161.86,162.55,23159061
1515508200,162.85,163.04,162.07,162.56,24782448
1515594600,161.8,162.21,161.12,162.18,34004028
1515681000,162.48,163.3,162.21,163.29,20473518
1515767400,163.03,164.66,162.94,164.49,37762708
1516113000,165.55,166.415,163.53,164.02,41231849
1516199400,164.77,166.04,163.9982,165.79,33849879
1516285800,165.55,166.1999,165.135,165.82,26432166
1516372200,166.32,166.61,165.535,166.34,38937588
1516631400,166.27,168.12,166.09,168.12,26081388
1516717800,168.64,169.66,168.555,169.51,37989650
1516804200,169.81,170.24,167.44,168.41,54287377
1516890600,169.55,169.63,167.81,168.35,28924956
1516977000,169.27,170.952,168.96,170.93,32038184
1517236200,170.52,170.91,169.74,170.1,37277849
1517322600,168.55,169.42,167.82,168.7,44987688
1517409000,169.67,169.9899,168.34,169.4,42449199
1517495400,168.12,169.73,167.42,167.96,38037875
1517581800,167.34,167.7,164.47,164.61,68478082
1517841000,163.13,165.75,158,158.12,105372224
1517927400,155.96,162.51,155.1,162.31,118537891
1518013800,161.79,163.55,160.2,160.21,91028328
1518100200,160.69,160.8,153.45,153.45,94184831
1518186600,155.66,157.24,150.125,156.1,113836554
1518445800,157.67,159.95,156.46,158.87,63050637
1518532200,157.98,160.01,157.7197,159.69,31785595
1518618600,158.79,162.93,158,162.68,52107431
1518705000,164.14,165.7,162.44,165.7,51633887
1518791400,165.18,166.755,164.6799,164.96,62256291
1519137000,164.39,166.68,164.31,165.29,36785626
1519223400,166.06,167.72,164.72,164.82,41161779
1519309800,165.54,166.42,164.3769,164.8,37074413
1519396200,166.06,168.17,165.45,168.17,50096916
1519655400,168.93,170.4,168.82,170.4,39266658
1519741800,170.42,170.73,168.21,168.29,42209873
1519828200,169.25,169.8,167.1,167.21,42936334
1519914600,167.29,168.07,163.001,164.48,76809904
1520001000,162.59,166.28,161.96,165.99,57445063
1520260200,165.26,168.26,164.59,167.83,38540207
1520346600,168.61,169.11,167.48,168.54,29480927
1520433000,167.26,169.07,166.96,168.93,34609407
1520519400,169.54,169.98,168.95,169.86,25828371
1520605800,171.1,173.16,170.82,173.16,38310546
1520861400,173.65,174.48,173.28,174.08,37634971
1520947800,174.8,175.21,171.2666,171.71,55638925
1521034200,172.58,172.74,170.93,171.68,40536383
1521120600,171.83,172.53,170.9,171.53,28810366
1521207000,171.78,172.2,170.935,171.02,31176742
1521466200,169.16,169.22,165.6393,167.1,71395061
1521552600,167.1,168.04,166.61,167.65,34075664
1521639000,167.23,168.76,166.19,166.92,43863543
1521725400,164.7,165.77,162.59,162.8,66607288
1521811800,162.6,163.3,158.43,158.51,80110392
1522071000,161.68,164.6,159.16,164.4,57481503
1522157400,165.6,165.62,157.68,159.08,78889105
1522243800,158.25,159.78,156.04,157.25,89369655
1522330200,158.13,161.71,156.6338,160.13,68692566
1522675800,159,159.74,153.88,155.51,85549443
1522762200,156.92,157.92,154.44,157.26,64090049
1522848600,154.27,160.23,154.04,159.74,65768692
1522935000,161.33,161.58,159.48,160.65,43054868
1523021400,158.94,160.4601,155.88,156.63,59870865
1523280600,158.01,160.88,157.46,157.73,41810380
1523367000,160.13,161.73,159.07,161.21,48601323
1523453400,160.2,162,160.1,160.28,41622139
1523539800,161.3,162.77,161.16,162.21,30467889
1523626200,163.01,163.26,160.67,161.37,44604892
1523885400,162.45,163.19,161.48,162.6,28180780
1523971800,164.19,166.4592,163.91,166.1,35536087
1524058200,166.12,167,165.31,166.44,29573880
1524144600,165.65,165.99,164.34,164.91,34705692
1524231000,164.49,164.61,161.73,162.3,49197140
1524490200,163.08,163.73,161.02,161.89,33040646
1524576600,162.62,162.905,157.39,158.46,70256751
1524663000,158.8,159.31,156.47,158.65,52089323
1524749400,160.72,162.53,160.18,161.99,43005532
1524835800,164.35,164.41,161.17,162.09,51043406
1525095000,162.48,163.48,160.54,160.94,35615273
1525181400,160.52,162.8,160.14,162.78,36513529
1525267800,163.1,163.57,161.63,161.82,38646842
1525354200,161.08,162.4,159.22,161.8,60337134
1525440600,161.11,165.25,160.98,164.87,41543243
1525699800,165.64,166.78,165.51,166.24,32500152
1525786200,165.83,166.43,164.86,166.07,26040170
1525872600,166.4,168,165.78,167.88,29122718
1525959000,168.43,169.74,168.29,169.62,27067597
1526045400,169.35,169.86,168.72,169.46,24688847
1526304600,169.8398,170.82,169.47,169.75,21821749
1526391000,168.4,168.5,166.98,167.87,49361638
1526477400,168.1,169.37,168.01,168.98,22941159
1526563800,168.4,169.61,167.51,168.33,27480164
1526650200,167.71,168.26,167.21,167.46,26217939
1526909400,168.73,169.5,167.68,168.4,22954565
1526995800,169.15,169.45,167.88,168.18,19477721
1527082200,166.9,169.62,166.88,169.6,26557835
1527168600,169.56,169.85,167.84,169.55,27696539
1527255000,169.54,170.33,169.21,169.72,27460536
1527600600,168.91,169.92,167.96,168.97,41220468
1527687000,169.63,170.48,169.22,170.18,22665836
1527773400,170.13,171.2,169.63,170.07,35670946
1527859800,170.88,172.84,170.87,172.74,45543331
1528119000,173.16,174.34,173.07,174.3,20459634
1528205400,174.69,175.13,174.065,174.84,24779284
1528291800,175.0248,175.89,174.14,175.86,25036647
1528378200,175.91,175.93,173.55,174.43,39600316
1528464600,173.57,174.8803,173.18,174.44,31780348
1528723800,174.3,175.34,174.28,174.91,22319709
1528810200,175.15,176,174.96,175.83,22511832
1528896600,176.09,177.14,175.43,175.82,37858584
1528983000,176.62,177.89,176.5,177.6,35915978
1529069400,176.98,177.325,176.11,176.98,49615730
1529328600,175.53,176.65,174.94,176.5,31633192
1529415000,174.26,176.04,173.71,176,38235994
1529501400,176.79,177.98,176.65,177.25,33038042
1529587800,177.69,177.88,175.37,175.71,43469439
1529674200,176.31,176.369,174.69,175.32,30073187
1529933400,173.76,173.99,169.81,171.37,77799725
1530019800,171.99,173.0585,171.37,172.07,39008146
1530106200,172.77,173.58,169.61,169.73,52843497
1530192600,169.52,171.77,169.17,171.19,46407708
1530279000,172,172.92,171.395,171.65,36408464
1530538200,170.04,172.85,169.67,172.8,31770026
1530624600,173.41,173.45,170.63,170.8,25512707
1530797400,171.91,173.06,171.03,172.92,31626198
1530883800,173.31,175.74,173,175.61,37005574
1531143000,176.49,177.23,175.82,177.19,27362061
1531229400,177.41,177.72,176.71,177.32,23902488
1531315800,175.96,177.07,175.8,176.42,30280553
1531402200,177.21,179.46,177.08,179.46,27930119
1531488600,179.42,179.9,178.95,179.61,28067961
1531747800,179.64,179.95,178.88,179.18,21405310
1531834200,177.3,180.65,177.28,180.27,31034075
1531920600,180.28,180.44,179.38,179.93,23220839
1532007000,179.34,179.88,178.82,179.03,31094145
1532093400,179.57,180.17,178.79,178.99,35907619
1532352600,178.45,179.64,177.74,179.56,22184720
1532439000,181.39,182.05,179.56,180.3,36900281
1532525400,180.36,182.93,180.29,182.82,36022078
1532611800,180.35,180.92,179.81,180.05,40873485
1532698200,181.26,181.31,176.6,177.62,59456093
1532957400,177.66,177.73,174.27,175.11,60192990
1533043800,175.75,177.13,174.82,176.45,47285135
1533130200,176.87,177.65,176.0967,177.12,37101925
1533216600,175.87,179.74,175.79,179.53,47178229
1533303000,179.8,180.09,179.08,180.08,28934445
1533562200,179.97,181.19,179.74,181.14,24808763
1533648600,181.63,182.14,181.26,181.8,29895664
1533735000,181.55,182.35,181.06,182.02,22680749
1533821400,181.94,182.63,181.64,181.91,18852898
1533907800,180.68,181.22,179.84,180.52,33818464
1534167000,180.85,182.01,180.241,180.32,26089195
1534253400,181.01,181.66,180.04,181.45,20913021
1534339800,180.09,180.58,178.12,179.23,58528016
1534426200,180.57,180.99,179.47,179.82,27711761
1534512600,179.36,180.31,178.2679,179.86,36092641
1534771800,180.28,180.3251,179,179.7,24938956
1534858200,180.26,181.44,180.13,180.36,26258657
1534944600,179.96,181.27,179.75,181.06,18042380
1535031000,180.77,182.045,180.5,180.8,25776166
1535117400,181.4,182.63,181.36,182.48,23136113
1535376600,183.43,184.34,183.11,184.34,29343552
1535463000,184.8,185.02,184.22,184.61,20277036
1535549400,184.91,186.84,184.86,186.74,29175591
1535635800,186.41,187.5199,185.79,186.41,29315453
1535722200,186.18,187.18,185.98,186.65,28653248
1536067800,186.1,186.4,184.85,185.85,29063537
1536154200,185.55,185.55,182.82,183.45,42623326
1536240600,183.54,183.75,180.58,181.81,46091403
1536327000,180.53,182.67,180.44,181.11,46629495
1536586200,182.12,182.25,180.725,181.72,26131977
1536672600,180.97,183.42,180.52,183.12,30116460
1536759000,182.87,182.98,181.01,182.58,36203973
1536845400,183.67,184.88,183.6401,184.53,31133188
1536931800,184.66,184.945,183.26,183.99,31224132
1537191000,183.66,183.81,181.17,181.34,33071197
1537277400,181.52,183.73,181.4,182.84,31877347
1537363800,182.86,183.3,181.51,182.7,31843377
1537450200,183.95,184.97,183.5199,184.72,33295820
1537536600,185.27,185.48,183.48,183.71,38605353
1537795800,182.05,183.96,181.3,183.89,34945602
1537882200,183.78,184.28,183.18,184.14,25277520
1537968600,184.25,185.99,183.905,184.27,36210571
1538055000,185.04,186.49,184.92,185.83,33113269
1538141400,185.25,186.28,184.97,185.79,28076843
1538400600,186.82,187.53,185.7,186.17,27371297
1538487000,185.95,187.175,185.32,185.75,25618608
1538573400,186.52,186.97,185.66,185.95,29128683
1538659800,185.22,185.32,181.06,182.38,80557283
1538746200,182.39,182.97,178.43,180.15,83325630
1539005400,179.37,180.6427,176.93,179.05,66864481
1539091800,179.2,181.02,178.75,179.63,49097949
1539178200,178.53,178.62,171.5,171.73,114471052
1539264600,171.04,173.4,167.81,169.6,143084463
1539351000,173.99,174.86,170.9328,174.32,102078388
1539610200,173.69,174.04,171.56,172.21,64885255
1539696600,174.02,177.65,173.7,177.22,71979688
1539783000,178.14,178.2585,175.47,177.29,66987639
1539869400,176.6,176.68,172.44,173.18,82486208
1539955800,174.39,176.07,172.39,173.02,82923733
1540215000,174.06,175.2485,172.59,173.91,52909281
1540301400,170.79,174.13,168.82,173.27,77566972
1540387800,173.12,173.36,165.04,165.34,102997449
1540474200,167.99,172.08,167.16,171.06,83481070
1540560600,165.24,169.96,164.23,166.66,130970908
1540819800,169.16,169.86,160.09,163.23,111871933
1540906200,162.8,166.035,162.015,165.92,92583965
1540992600,168.55,171.25,168.54,169.82,73828635
1541079000,170.08,172.24,168.78,172.06,52706823
1541165400,171.53,172.55,168.22,169.38,75966781
1541428200,169.61,169.66,167.08,168.96,39573533
1541514600,168.93,171.19,168.72,170.24,34410390
1541601000,172.25,175.58,171.87,175.58,51169614
1541687400,174.76,175.302,173.63,174.46,40296538
1541773800,172.83,173.25,170.16,171.52,50602710
1542033000,170.33,170.64,166.18,166.33,62578371
1542119400,167.15,169.48,166,166.47,64128079
1542205800,168.09,168.7,164.25,165.2,75270714
1542292200,164.84,168.54,163.46,168.09,73254349
1542378600,166.49,168.31,165.78,167.5,65390675
1542637800,166.74,166.9,161.54,162.06,67280478
1542724200,158.37,161.38,157.13,159.16,102652794
1542810600,161.29,161.97,159.2323,160.37,42965839
1542983400,159.09,160.84,159.09,159.21,23503729
1543242600,161.44,162.97,160.76,162.89,42012633
1543329000,162,163.85,161.18,163.44,36608063
1543415400,164.62,168.7,163.4719,168.7,70140986
1543501800,168,169.26,166.82,168.15,44885711
1543588200,168.38,169.47,167.54,169.37,36722760
1543847400,173.1,173.31,169.5101,172.33,50771695
1543933800,171.38,171.91,165.52,165.72,70594743
1544106600,162.46,166.91,161.77,166.89,71715526
1544193000,166.13,167.12,160.86,161.38,80432176
1544452200,161.11,163.78,159.41,163.07,73960758
1544538600,165.66,165.77,162.23,163.61,59058296
1544625000,166.06,167.6,164.96,165.05,53779992
1544711400,166.06,166.82,164.03,165.1,46377864
1544797800,163.19,163.81,160.7,161.08,56547419
1545057000,160.41,161.67,156.17,157.43,74834076
1545143400,158.67,159.95,157.04,158.42,63642120
1545229800,158.24,160.72,153.34,154.53,81856456
1545316200,154.16,155.87,150.39,152.29,99002139
1545402600,153.06,154.09,146.72,147.57,141129408
1545661800,146.14,147.98,143.46,143.5,56163290
1545834600,145.12,152.54,144.09,152.46,98982064
1545921000,150.57,153.18,147.08,153.05,85824343
1546007400,154.01,155.59,151.72,152.97,77856625
1546266600,154.47,154.98,152.71,154.26,53015313
1546439400,150.99,155.75,150.88,154.88,58576672
1546525800,152.6,153.26,149.49,149.82,74820225
1546612200,152.18,157,151.74,156.23,74709320
1546871400,156.54,158.86,156.11,158.09,52059331
1546957800,159.56,160.11,157.2,159.52,49388694
1547044200,160.15,161.5229,159.47,160.82,46491747
1547130600,159.59,161.37,158.7,161.28,38943414
1547217000,160.32,160.86,159.79,160.69,30176643
1547476200,159.32,159.96,158.59,159.27,30710234
1547562600,159.97,162.6,159.9096,162.38,40874224
1547649000,162.63,163.78,162.29,162.35,33812190
1547735400,161.84,164.36,161.57,163.63,39328959
1547821800,164.84,166.02,163.82,165.25,57183243
1548167400,164.05,164.14,160.76,161.94,56711694
1548253800,162.77,163.51,160.32,162.15,38106062
1548340200,162.66,163.44,162.0626,163.2,32413351
1548426600,164.48,165.65,163.95,165.15,36466069
1548685800,163.03,163.12,161.75,163.11,33491216
1548772200,163.2,163.24,160.99,161.57,30784175
1548858600,163.39,166.28,162.89,165.68,41346533
1548945000,166.65,168.99,166.4701,168.16,37258361
1549031400,167.37,168.6,166.99,167.45,32143672
1549290600,167.51,169.53,167.33,169.53,26718781
1549377000,169.75,171.23,169.69,171.03,28156368
1549463400,171.06,171.37,169.75,170.52,27970006
1549549800,169.03,169.4499,166.95,168.23,42036193
1549636200,166.73,168.59,166.57,168.56,29020747
1549895400,169.14,169.58,167.98,168.4,21434088
1549981800,169.59,171.14,169.33,170.89,29722073
1550068200,171.62,172.16,170.82,171.01,26094136
1550154600,170.38,171.83,169.83,171.22,30326830
1550241000,172.51,172.5623,171.1392,171.94,32521685
1550586600,171.39,172.8,171.38,172.28,19487679
1550673000,172.43,173.08,171.32,172.25,32592995
1550759400,171.77,172.26,170.71,171.62,25207401
1550845800,171.98,173.01,171.9,172.89,27735358
1551105000,174.2,174.66,173.4,173.52,32608754
1551191400,173.04,174.25,172.81,173.7,21939717
1551277800,172.92,173.8,171.76,173.59,25162014
1551364200,173.04,173.81,172.7,173.19,25085470
1551450600,174.41,174.65,173.18,174.39,31431156
1551709800,175.37,175.79,172.47,174.42,38063458
1551796200,174.52,175.085,173.685,174.55,22319863
1551882600,174.68,174.75,173.28,173.56,27194581
1551969000,173.09,173.18,170.79,171.43,39407443
1552055400,169.51,171.26,169.3375,171.17,39303225
1552311000,171.86,174.85,171.85,174.73,30518408
1552397400,175.17,176.14,174.7715,175.69,33953500
1552483800,176.6,177.93,176.35,177.01,42426135
1552570200,177.115,177.34,176.66,176.71,23751477
1552656600,177.43,178.88,177.28,178.35,38191958
1552915800,177.95,178.99,177.5915,178.45,32935125
1553002200,179.16,180,178.29,179.05,36893341
1553088600,179.06,180.86,178.24,179.76,50104996
1553175000,179.24,182.83,179.2,182.57,42428481
1553261400,181.76,182.27,178.37,178.56,70794543
1553520600,177.92,178.84,176.93,178.22,46336524
1553607000,179.58,180.69,178.14,179.05,33248121
1553693400,179.27,179.72,176.6,177.9,37096697
1553779800,178.36,178.98,177.24,178.31,30368235
1553866200,179.63,179.83,178.59,179.66,35205511
1554125400,181.42,182.26,180.77,182.04,30969472
1554211800,182.23,182.905,181.78,182.73,22645151
1554298200,183.74,184.92,183.2089,183.78,31633476
1554384600,183.81,184.5,182.65,183.71,28530828
1554471000,184.3,184.77,184.0183,184.66,25674660
1554730200,184.37,185.28,183.63,185.13,22697543
1554816600,184.5,185.11,184.09,184.48,25631886
1554903000,184.75,185.53,184.52,185.47,24562958
1554989400,185.77,185.78,184.6899,185.03,20654094
1555075800,185.86,185.95,185.0601,185.83,24989136
1555335000,185.81,186.07,184.62,185.86,21073046
1555421400,186.51,186.91,185.93,186.5,27195709
1555507800,187.75,187.93,186.6,187.15,29651575
1555594200,187.48,187.7905,186.29,187.39,28580864
1555939800,186.54,187.99,186.43,187.92,17936033
1556026200,188.37,190.54,188.13,190.31,33665561
1556112600,190.44,190.71,189.65,189.71,24977108
1556199000,191.15,191.22,189.45,190.48,29517497
1556285400,190.2,190.69,188.59,190.65,26359537
1556544600,190.62,191.32,190.34,191.02,21716242
1556631000,189.48,189.85,188.21,189.54,31495277
1556717400,190.76,191.32,188.795,188.93,34797109
1556803800,188.88,189.85,186.87,188.11,44110122
1556890200,189.69,191.25,189.33,191.11,30386180
1557149400,187.1,190.2,186.76,189.94,38371777
1557235800,187.86,188.67,184.51,186.24,58818134
1557322200,185.68,187.17,184.96,185.77,37165319
1557408600,183.76,185.4121,182.09,184.77,55351668
1557495000,184.06,185.89,181.0302,185,58526402
1557754200,180.3,181.26,178.06,178.58,67185766
1557840600,179.51,181.63,178.86,180.54,43360636
1557927000,179.39,183.55,179.31,183.09,40944547
1558013400,183.11,186.07,182.95,184.93,39281157
1558099800,183.1,185.5813,182.88,183.04,44702276
1558359000,180.51,181.1799,179.34,179.95,38608294
1558445400,181.5,182.33,180.92,181.83,31613790
1558531800,180.81,182.07,180.75,181.02,24332550
1558618200,179,179.023,177.14,178.25,45351309
1558704600,179.3,179.85,177.94,178.16,25903267
1559050200,178.67,179.66,177.47,177.49,24763823
1559136600,176.45,177,175.09,176.03,42178772
1559223000,176.54,177.27,175.77,176.77,30354790
1559309400,174.71,175.29,173.87,173.95,45446206
1559568600,173.52,173.95,169.27,170.12,75842290
1559655000,171.98,174.97,171.37,174.91,47797848
1559741400,176.6,176.61,174.38,176.21,34412697
1559827800,176.52,178.04,175.73,177.61,29913205
1559914200,178.5,181.7666,178.33,181.04,45888345
1560173400,182.23,184.85,182.21,183.15,41385280
1560259800,185.07,185.4,182.78,183.4,41260320
1560346200,182.88,183.28,182,182.34,27758120
1560432600,183.12,183.87,182.74,183.42,23715829
1560519000,182.44,183.11,181.94,182.64,22844089
1560778200,183.01,184.25,182.835,183.74,20379476
1560864600,185.88,187.72,185.4291,186.41,48177301
1560951000,186.73,187.53,185.57,187.11,31672855
1561037400,189.72,189.76,187.1585,188.85,40921964
1561123800,188.57,189.77,188.1736,188.57,39980418
1561383000,188.52,188.72,188.06,188.16,19375205
1561469400,188.06,188.14,184.65,184.93,33921112
1561555800,186.13,187.33,185.49,185.79,22595721
1561642200,186.47,186.94,185.99,186.5,19709228
1561728600,186.95,187.15,186.07,186.74,21179248
1561987800,190.3,190.5699,188.38,189.26,31193393
1562074200,189.19,190.03,188.66,190.01,18035768
1562160600,190.45,191.44,190.29,191.44,15792067
1562333400,190.15,191.4,189.39,191.05,21415620
1562592600,189.86,189.87,188.93,189.71,17598826
1562679000,188.79,190.9,188.65,190.66,19193497
1562765400,191.79,193.09,191.47,192.56,28374513
1562851800,192.88,193.34,191.81,192.42,23736122
1562938200,192.63,193.54,192.45,193.53,20211883
1563197400,193.97,194.19,193.44,194.15,15606074
1563283800,193.86,194.09,192.56,193.15,20190891
1563370200,193.2,193.49,192.18,192.2,16765069
1563456600,191.3,192.79,190.69,192.42,29066336
1563543000,193.82,193.83,190.81,191.01,29387945
1563802200,191.5,192.94,191.44,192.53,18953596
1563888600,193.58,193.81,192.29,193.79,23786726
1563975000,193.07,195.16,193.03,195.15,20422872
1564061400,194.48,194.52,192.93,193.3,23434744
1564147800,194.52,195.55,194.43,195.29,20431243
1564407000,195.18,195.18,193.39,194.62,20451652
1564493400,193.16,194.54,192.99,193.78,18705006
1564579800,194.31,194.43,189.32,191.1,41627473
1564666200,191.51,194.98,189.23,190.15,63251648
1564752600,188.82,188.99,186.21,187.35,55214006
1565011800,183.51,183.51,179.2,180.73,75039971
1565098200,182.38,183.8,181.07,183.26,41897249
1565184600,181.32,184.51,179.89,184.25,49990586
1565271000,185.15,188.32,184.57,188.26,38418084
1565357400,187.32,188,185.03,186.49,33608926
1565616600,185.34,185.9,183.5,184.35,24642870
1565703000,184.27,189.68,184.02,188.39,40473043
1565789400,185.31,185.95,182.42,182.76,51000548
1565875800,183.11,183.59,181.16,182.55,36848178
1565962200,184.11,185.95,184.1,185.48,34785006
1566221400,188.03,188.83,187.5,188.43,22568634
1566307800,188,188.635,186.92,186.97,19939552
1566394200,188.66,189.23,187.96,188.63,20745478
1566480600,188.98,189.46,186.54,188.02,24270520
1566567000,186.76,188.45,181.56,182.07,55442893
1566826200,184.19,184.87,183.08,184.82,27689838
1566912600,186.08,186.42,183.71,184.43,28080093
1566999000,183.84,185.4,182.91,185.09,21848789
1567085400,187.37,188.4562,186.675,187.92,25427207
1567171800,188.94,188.97,186.41,187.47,26332749
1567517400,186.26,187.18,185.03,185.65,28026617
1567603800,187.43,188.49,186.9,188.33,21676335
1567690200,190.39,192.325,190.34,191.78,34060994
1567776600,192.03,192.17,191.17,191.59,19487821
1568035800,192.18,192.27,190.215,191.19,24407580
1568122200,190.19,190.74,188.91,190.64,23744687
1568208600,190.98,192.53,190.56,192.43,25063617
1568295000,193.64,194.71,192.97,193.23,28689878
1568381400,192.95,193.4,192.29,192.54,27669795
1568640600,191.3,192.08,191.11,191.68,20318987
1568727000,191.7,192.6,191.29,192.6,21113675
1568813400,192.2,192.6,190.11,192.52,31173056
1568899800,192.86,194.035,192.47,192.84,26214873
1568986200,193.11,193.31,190.16,190.8,30131528
1569245400,190.36,191.07,189.72,190.5,22917563
1569331800,191.37,191.79,187.151,187.97,41096614
1569418200,187.79,190.58,186.21,190.08,36499191
1569504600,189.87,190,187.98,189.38,27030029
1569591000,189.7,189.83,185.75,187.03,40804222
1569850200,187.75,189.11,187.4,188.81,26559841
1569936600,189.54,190.5898,186.955,187.27,32665025
1570023000,186.01,187.204,183.02,184.05,48931982
1570109400,184.07,186.2065,181.82,186.07,39612315
1570195800,186.99,189.08,186.88,188.81,32752668
1570455000,188.23,189.74,187.91,188.24,21404580
1570541400,187.01,187.8562,185.27,185.42,33201939
1570627800,186.96,188.08,186.43,187.23,20829012
1570714200,187.25,189.43,187.12,188.68,26693780
1570800600,190.8,192.63,190.72,191.11,41428907
1571059800,190.82,191.7,190.645,191.09,15372774
1571146200,191.65,193.97,191.56,193.52,23735826
1571232600,192.88,193.53,192.43,193.04,20689207
1571319000,194.18,194.5,192.81,193.55,19161821
1571405400,193.26,193.67,190.705,191.69,27719069
1571664600,192.65,193.52,192.14,193.39,15868946
1571751000,194.06,194.42,191.79,191.85,22988988
1571837400,191.43,192.2582,191.15,192.22,15198327
1571923800,193.62,194.21,192.74,194.09,19264220
1572010200,193.09,195.74,193.05,195.64,21507115
1572269400,196.57,197.83,196.55,197.57,18842303
1572355800,197.24,197.535,196.01,196.04,18569675
1572442200,196.42,197.32,195.29,196.99,21764311
1572528600,197.56,197.65,195.94,197.08,26801803
1572615000,197.93,198.88,197.63,198.87,22131875
1572877800,200.19,200.5251,198.8658,200.1,19015855
1572964200,200.35,200.55,199.55,200.21,15048864
1573050600,199.98,200,198.785,199.76,19725486
1573137000,200.76,201.72,199.85,200.43,17832355
1573223400,200.02,201.25,199.54,201.23,15272516
1573482600,200.23,201.0363,199.94,200.96,10187222
1573569000,201.13,202.21,200.82,201.54,14778283
1573655400,200.84,201.775,200.71,201.59,16110341
1573741800,200.83,201.56,200.22,201.43,17055686
1573828200,202.61,202.91,202,202.91,18434519
1574087400,202.61,203.39,201.77,203.07,18408797
1574173800,203.84,203.84,202.59,203.37,16997568
1574260200,202.85,203.45,200.62,202.15,36706275
1574346600,201.94,202.07,201.07,201.7,17934353
1574433000,202.17,202.32,200.74,201.83,17197019
1574692200,202.67,204.26,202.67,204.22,17794718
1574778600,204.32,204.87,204.05,204.61,14812921
1574865000,205.13,206.05,204.89,206.04,17060233
1575037800,205.59,205.83,205,205.1,9854553
1575297000,205.11,205.18,201.78,203,28121020
1575383400,200.32,201.49,199.23,201.41,31425404
1575469800,202.49,202.91,202.14,202.43,15336754
1575556200,203.15,203.15,201.84,202.83,15038785
1575642600,204.25,205.145,204.1501,205,16562247
1575901800,204.63,205.5937,203.98,204.07,14032175
1575988200,204.17,204.88,203.44,203.9,21849714
1576074600,204.37,205.19,204.04,204.98,18897759
1576161000,204.77,207.32,204.491,206.51,32704625
1576247400,206.36,207.91,205.96,207.19,32534393
1576506600,208.5,209.53,208.48,209.27,21366177
1576593000,209.5,209.71,209.04,209.39,16034647
1576679400,209.6,210.13,209.33,209.55,15490828
1576765800,209.64,210.93,209.62,210.86,17892062
1576852200,211.81,212.5186,211.27,211.71,27690934
1577111400,212.03,212.15,211.63,211.81,23798671
1577197800,211.97,212.09,211.44,211.92,7089020
1577370600,212.26,213.81,212.23,213.79,17159310
1577457000,214.55,214.56,213.04,213.61,18142239
1577716200,213.51,213.63,211.16,212.21,21829913
1577802600,211.62,212.76,211.2,212.61,18201585
1577975400,214.4,216.16,213.98,216.16,31014904
1578061800,213.29,215.47,213.28,214.18,27532657
1578321000,212.49,215.59,212.24,215.56,21726989
1578407400,215.64,216.14,214.85,215.53,23120994
1578493800,215.47,218.14,215.16,217.15,26464212
1578580200,218.91,219.41,217.7125,218.99,23641291
1578666600,219.76,219.87,218.04,218.43,21914631
1578925800,219.31,220.98,218.98,220.95,22846102
1579012200,220.75,221.21,219.74,220.08,24573340
1579098600,220.18,221.2,219.45,220.17,25742084
1579185000,221.24,222.32,220.8,222.28,18804959
1579271400,223.24,223.56,222.1221,223.38,24325167
1579617000,222.73,223.84,222.66,223.28,21146264
1579703400,224.38,225.15,223.59,223.87,20736403
1579789800,223.71,224.69,222.7,224.59,26496113
1579876200,225.62,225.88,221.6701,222.7,37436483
1580135400,217.72,219.2845,217.18,218.1,42264418
1580221800,219.6,221.96,219.06,221.45,26731876
1580308200,222.66,222.93,220.83,221.81,29063128
1580394600,220.37,222.7,219.6891,222.6,39568093
1580481000,223.5,223.56,218.285,219.07,52015832
1580740200,220.14,222.885,219.99,222.38,25468307
1580826600,225.39,227.86,224.6523,227.47,30691211
1580913000,230.22,230.25,226.85,228.22,38534817
1580999400,228.77,230.25,227.98,230.19,22467077
1581085800,229.16,230.44,228.54,229.2,25884933
1581345000,228.43,231.98,228.38,231.97,21478925
1581431400,233.21,234.02,231.3999,232.01,30197983
1581517800,233.34,234.38,232.8,234.27,24471275
1581604200,232.62,234.93,232.36,233.97,22773159
1581690600,234.28,234.86,233.5501,234.64,23438530
1582036200,233.47,235.17,233.25,234.73,24521242
1582122600,236.07,237.47,235.85,236.98,22230464
1582209000,236.46,236.95,231.88,234.78,42604016
1582295400,233.64,234.01,229.3211,230.27,66058611
1582554600,221.84,224.25,220.26,221.39,84522551
1582641000,223.19,223.9879,214.74,215.37,97742982
1582727400,216.67,220.28,214.9,216.48,80400053
1582813800,211.05,216.4235,205.5,205.64,121822562
1582900200,198.92,207.17,198.17,205.8,149247073
1583159400,208.88,216.57,205.94,216.42,112933945
1583245800,217.11,219.61,207.62,209.48,131953546
1583332200,213.32,218.33,211.37,218.22,73086209
1583418600,212.69,216.36,210.1,211.59,78705458
1583505000,204.67,209.15,202.91,208.02,89828392
1583760600,193.48,201.16,192.11,193.57,116423986
1583847000,201.11,204.3,193.6802,204.11,100599233
1583933400,199.35,200.75,192.73,195.22,89168783
1584019800,182.09,190.78,176.94,177.32,137820698
1584106200,187.07,194.48,178.13,192.34,134881981
1584365400,174.15,184.68,169.16,169.3,92054386
1584451800,175.47,184.39,169.78,182.14,121257108
1584538200,171.605,179.22,166.8,176.6,114156320
1584624600,175.69,183.49,171.63,177.66,120896481
1584711000,181.74,182.87,170.1,170.7,118983891
1584970200,170.92,174.21,164.93,170.46,124639782
1585056600,179.91,183.83,177.95,183.66,94881785
1585143000,184.42,189.51,179.98,182.3,88754909
1585229400,183.87,192.72,183.61,191.9,79887564
1585315800,186.93,190.5149,184.66,185.3,58844975
1585575000,187.1,192.49,186.3406,192.04,49356936
1585661400,191.53,195.25,189.2,190.4,62659265
1585747800,184.81,187.66,180.86,182.31,53715375
1585834200,181.59,190.1,180.97,186.01,56465348
1585920600,185.5,187.0716,181.29,183.37,47487621
1586179800,190.38,197.65,189.19,196.48,64763518
1586266200,202.14,202.66,196,196.4,69904478
1586352600,198.0835,201.17,196.1733,200.57,45940439
1586439000,202.27,203.22,199.0281,200.86,68323929
1586784600,199.92,203.42,198.75,203.03,42853948
1586871000,207.17,212.5,206.42,211.86,63959563
1586957400,208.48,211.8338,207.12,209.43,47035953
1587043800,211.78,214.369,209.69,213.25,64657362
1587130200,215.96,216.51,212.0801,215.29,62863223
1587389400,213.27,215.88,212.57,212.74,38249128
1587475800,210.63,211.16,203.63,204.89,72932771
1587562200,209.14,212.35,208.33,210.97,40188772
1587648600,211.8,214.435,210.095,210.52,43278542
1587735000,210.94,214.3,209.5,213.84,34303365
1587994200,216.18,216.63,214.5,215.56,36451698
1588080600,217.27,217.32,211.21,211.5,46862816
1588167000,216.21,219.97,215.14,219,48716406
1588253400,220.01,220.04,217.35,218.91,43359476
1588339800,214.54,216.67,211.68,212.74,48794968
1588599000,211.61,215.45,211.12,215.22,32841020
1588685400,217.4,220.14,216.85,217.66,37783075
1588771800,219.37,221.04,218.11,219,36455218
1588858200,221.75,222.73,220.42,221.82,38624836
1588944600,223.55,225,222.48,224.86,31964416
1589203800,223.5,227.93,223.25,226.87,35714128
1589290200,227.48,228.095,222.09,222.12,41054123
1589376600,222.65,224.61,216.71,219.34,65521208
1589463000,218.12,221.87,215.99,221.83,51549345
1589549400,218.77,223.33,218.33,223.27,55747208
1589808600,226.28,228.68,225.47,227.43,42597551
1589895000,227.66,229.85,226.71,226.86,36237303
1589981400,229.48,231.76,229.48,231.39,37417000
1590067800,231.49,232.135,228.34,228.87,43642908
1590154200,228.46,229.87,227.5,229.66,28762389
1590499800,233.44,233.57,228.79,229.04,33055346
1590586200,228.51,230.41,223.94,230.29,55665565
1590672600,229.05,233.47,229.05,229.99,43008478
1590759000,230.43,233.6,228.76,233.36,50878596
1591018200,232.4,234.45,232,234.06,26140125
1591104600,234.42,235.69,232.01,235.63,33383415
1591191000,236.23,237.47,235.35,236.69,37228701
1591277400,236.32,237.79,233.68,235.03,38716097
1591363800,236.06,240.297,235.63,239.69,47365569
1591623000,239.54,241.68,237.91,241.55,32937305
1591709400,240.66,244.18,240.47,243.3,35046254
1591795800,245,247.815,244.51,246.22,58084410
1591882200,242.29,243.59,233.96,234.02,72919442
1591968600,239.09,240.4,231.74,235.88,72034787
1592227800,232.44,239.45,231.47,238.75,45307371
1592314200,243.78,244.39,239.1,242.85,48890095
1592400600,244.4,245.5,242.73,243.62,34749268
1592487000,243.29,244.53,242.49,244.28,30578648
1592573400,246.74,247,242.45,244.24,49422112
1592832600,243.77,246.87,243.38,246.74,24068676
1592919000,248.39,251.15,247.82,248.84,32767370
1593005400,247.99,249.325,242.16,243.71,46032376
1593091800,243.91,246.34,241.14,246.03,36940811
1593178200,245.75,245.96,239.68,240.22,52824554
1593437400,239.98,242.85,237.35,242.84,34377800
1593523800,242.77,248.16,242.58,247.6,38909219
1593610200,247.66,251.52,247.0802,250.49,34689213
1593696600,252.97,254.27,251.71,252.19,31956497
1594042200,255.46,258.928,255.43,258.39,34589049
1594128600,258.1,260.88,256.3,256.61,36578191
1594215000,258,260.02,256.5,259.99,30426273
1594301400,261.89,262.87,257.63,262.18,40312906
1594387800,262,264.23,259.26,263.97,32885298
1594647000,266.87,269.79,257.69,258.54,64108090
1594733400,256.07,260.79,252.76,260.37,72230512
1594819800,261.68,262.69,257.49,260.9,54523869
1594906200,257.97,259.78,255.62,259.12,47594111
1594992600,259.71,260.31,257.17,259.42,35137871
1595251800,260.12,267.43,258.79,266.78,40610128
1595338200,268.41,268.41,263.125,264,43442967
1595424600,264.46,265.89,262.55,264.93,29865519
1595511000,264.55,265.24,256.55,258.01,51363538
1595597400,254.12,256.93,251.32,255.56,54054536
1595856600,257.36,260.52,256.445,260.12,36445741
1595943000,259.33,259.85,256.51,256.81,31302390
1596029400,258.33,260.66,257.91,259.77,27556884
1596115800,257.78,261.71,256.55,261.13,41774456
1596202200,265.83,265.95,260.85,265.79,53756159
1596461400,268.05,270.15,267.87,269.38,32081566
1596547800,268.74,270.48,268.09,270.38,24911286
1596634200,270.83,271.52,269.96,271.05,21685921
1596720600,270.78,274.98,270.19,274.64,28048224
1596807000,274.04,274.8818,269.245,271.47,44969356
1597066200,271.74,271.98,266.67,270.31,35088373
1597152600,269.1,270.44,264.63,265.19,43104323
1597239000,267.37,272.84,267.37,271.86,38894272
1597325400,272.64,274.83,271.51,272.48,31895717
1597411800,273.01,273.4,270.72,272.16,30799494
1597671000,273.91,275.84,272.1978,275.32,24802966
1597757400,276.41,278.465,274.91,277.97,23529498
1597843800,277.93,279.02,275.57,276.1,31999359
1597930200,275.3,280.43,274.86,279.93,27723379
1598016600,280.07,282.34,279.461,281.87,34748934
1598275800,285.06,286,281.27,283.63,36418533
1598362200,282.78,286.06,282.37,285.86,34866586
1598448600,287.11,292.22,285.829,291.96,42216690
1598535000,293.08,293.851,288.705,291.05,49482715
1598621400,292.27,293.18,290.93,292.53,28021022
1598880600,293.16,296.745,292.62,294.88,36321027
1598967000,297.6,300.04,295.79,299.92,36395774
1599053400,303.26,303.5,296.89,302.76,50836767
1599139800,298.2,298.62,284.41,287.41,110083282
1599226200,285.76,288.93,271.8,283.58,123958978
1599571800,272.27,278.22,269.66,269.95,99568645
1599658200,275.54,280.045,273,277.88,64837872
1599744600,280.97,282.195,270.56,272.34,69667462
1599831000,274.33,275.22,266.9,270.45,71809014
1600090200,274.28,277.22,272.96,275.16,38525194
1600176600,278.9,280.45,275.1332,279.06,41849926
1600263000,279.77,280.36,274.25,274.61,42435626
1600349400,267.52,274.3955,266.68,270.32,81570844
1600435800,271.62,272.09,262.63,266.87,86251117
1600695000,262.52,267.65,260.11,267.51,57168570
1600781400,270.05,273.08,266.54,272.48,41128886
1600867800,272.15,272.34,263.2502,264.16,48837270
1600954200,261.58,268.7,261.22,265.39,70631704
1601040600,265.82,272.395,264.2999,271.56,55242376
1601299800,276.615,277.2,271.674,277.2,58438286
1601386200,276.72,277.71,275.3719,275.95,27178921
1601472600,276.09,281.09,275.8717,277.84,49380802
1601559000,281.79,282.8794,279.84,282.25,50020223
1601645400,276.01,282.2412,273.44,274.31,75497391
1601904600,276.34,280.49,276.23,280.16,28184581
1601991000,279.29,281.19,274.25,275.16,49704236
1602077400,277.83,280.74,277.28,279.92,27539663
1602163800,282.32,282.47,280.31,281.41,25443287
1602250200,283.09,285.79,282.71,285.71,30201144
1602509400,290.6,297.46,289.47,294.53,79370657
1602595800,296.34,297.0496,293.11,294.52,64240031
1602682200,295.32,296.35,290.26,292.06,37181227
1602768600,287.25,290.71,286.54,290.1,42514177
1602855000,291.8,293.269,288.15,288.51,40570702
1603114200,290.49,291.48,282.79,283.8,36756754
1603200600,284.56,287.62,282.95,284.41,32195361
1603287000,284.67,287.32,283.69,284.19,29306137
1603373400,285.05,285.98,280.82,284.18,32196162
1603459800,284.79,284.91,281.7818,284.74,24658542
1603719000,282.32,285.3,276.76,280.47,38421094
1603805400,281.42,283.505,280.2,282.66,30559123
1603891800,278.13,278.6401,271.38,271.64,53413523
1603978200,273.04,279.49,272.52,276.39,43246302
1604064600,274.375,275.24,267.07,269.38,65935893
1604327400,271.73,273.52,266.97,269.98,39987409
1604413800,271.86,276.82,270.84,274.65,43604145
1604500200,283.56,288.77,281.87,286.91,75728206
1604586600,293.41,295.39,292,294.39,52054186
1604673000,293.58,295.36,289.83,294.61,40959764
1604932200,297.31,299.14,288.12,288.59,86537071
1605018600,285.26,286.6599,280.62,283.42,69024878
1605105000,285.92,290.25,283.38,289.76,36102931
1605191400,290.72,292.074,287.25,288.4,34516826
1605277800,290.01,291.57,287.8701,290.93,24880582
1605537000,290.68,293.51,289.99,293.2,30168361
1605623400,293.4,293.74,291.61,292.27,21843463
1605709800,291.7,293.37,290.02,290.11,28069619
1605796200,289.48,292.7,288.85,292.38,22718422
1605882600,292.3,293.065,290.29,290.38,25907308
1606141800,291.41,292.75,288.07,290.39,26875588
1606228200,291.49,294.98,289.63,294.47,24516791
1606314600,295.44,296.94,294.59,296.28,23326826
1606487400,298.29,300.17,297.9,299.01,17163115
1606746600,299.3,299.97,294.78,299.62,27836232
1606833000,301.87,305.14,300.83,303.46,27642640
1606919400,302.22,304.195,300.35,303.85,23620003
1607005800,304.07,305.88,303.531,304.28,22828727
1607092200,304.33,305.67,303.63,305.52,19332081
1607351400,305.71,307.63,305.52,307.25,20850969
1607437800,306.76,308.6,304.95,308.29,18341464
1607524200,308.07,308.36,300.21,301.31,48839306
1607610600,299.21,303.68,298.09,302.52,27519544
1607697000,300.81,301.98,298.47,301.85,26760416
1607956200,303.08,306.05,303.01,304.04,28804832
1608042600,306.37,307.29,304.11,307.29,25790455
1608129000,307.7,309.785,306.621,308.98,25461890
1608215400,310.63,311.24,309.39,311,23730524
1608301800,311.66,311.98,307.61,310.06,41173392
1608561000,306.46,309.47,303.6,308.92,37095480
1608647400,309.85,310.7105,306.845,309.76,26378343
1608733800,309.81,310.18,308.035,308.2,21201280
1608820200,308.47,310.02,308.39,309.56,16784997
1609165800,312.25,313.17,310.36,312.68,22497745
1609252200,314.05,314.685,312.03,312.96,25871925
1609338600,314.16,314.49,312.33,312.97,18138071
1609425000,312.87,314.24,311.76,313.74,21611412
1609770600,315.11,315.29,305.18,309.31,45305898
1609857000,308.29,312.14,308.29,311.86,29323409
1609943400,307,311.88,305.98,307.54,52809622
1610029800,310.28,315.84,310.25,314.98,30394826
1610116200,317.34,319.39,315.0814,319.03,33955847
1610375400,315.98,317.19,313.75,314.42,32869095
1610461800,314.46,315.58,311.2,313.92,29266762
1610548200,314.19,316.86,313.57,316.04,22898417
1610634600,316.5,317.53,313.8616,314.35,23500129
1610721000,314.13,315.12,310.58,311.86,35118718
1611066600,314.25,316.93,313.12,316.41,24537049
1611153000,320.14,324.74,316.509,323.77,30728096
1611239400,325.15,327.13,323.73,326.36,25316935
1611325800,325.29,326.46,324.71,325.42,21609444
1611585000,328.91,330.32,321.41,328.11,39080644
1611671400,328.85,329.76,327.22,328.59,25498112
1611757800,326.26,326.27,317.36,319.43,55263985
1611844200,320.67,326.42,320.03,321.32,42836324
1611930600,319.58,320.7193,312.76,314.56,55259018
1612189800,318.11,323.54,316.02,322.42,35646008
1612276200,325.48,328.87,325.31,327.68,33930844
1612362600,329.82,330.195,326.32,326.38,24824518
1612449000,327.82,330.33,326.46,330.24,22350947
1612535400,331.22,332.4025,329.53,331.36,22731960
1612794600,333.1,333.74,331.41,333.58,20462812
1612881000,332.62,334.81,332.61,333.51,17597478
1612967400,334.99,335.46,329.5,332.75,28068700
1613053800,334.33,335,332.12,334.58,22046071
1613140200,333.71,336.62,332.63,336.45,20346819
1613485800,337.27,338.19,334.34,335.54,27080777
1613572200,332.47,335.657,330.17,333.93,31467456
1613658600,330.23,333.8661,328.36,332.47,32236240
1613745000,333.86,333.99,329.97,331.02,39157677
1614004200,326.5,327.8,322.23,322.44,47256944
1614090600,317,323.2,311,321.48,97241936
1614177000,318.74,324.45,315.96,324.13,58206272
1614263400,321.39,324.03,311.24,312.83,110182582
1614349800,315.85,319.11,310.88,314.14,104739841
1614609000,319.27,323.94,317.935,323.59,49164518
1614695400,324.25,324.33,318.14,318.4,48370034
1614781800,317.27,318.24,309.1,309.16,86301073
1614868200,308.78,312.04,300.11,304.1,139131582
1614954600,306.795,309.609,297.45,308.68,121523726
1615213800,308.12,310.06,299.51,299.94,88409781
1615300200,307.47,313.73,306.92,311.77,80391114
1615386600,316.16,316.47,310.17,310.88,76798065
1615473000,315.77,319.86,314.85,318.04,53484804
1615559400,313.86,318.2302,311.391,315.46,69315601
1615815000,315.79,319,314.095,318.83,43123176
1615901400,321.09,324.2,319.1,320.58,54925896
1615987800,317.45,323.85,315.68,321.9,78258729
1616074200,316.87,317.8801,311.57,312.04,82942269
1616160600,311.87,314.73,309.6601,313.14,78446204
1616419800,315.21,320.74,315.21,318.61,56194755
1616506200,319.73,321.09,316.375,317.22,53455411
1616592600,318.63,318.67,311.72,311.87,64803729
1616679000,309.968,312.885,307.3899,311.33,78729008
1616765400,311.11,316.33,309.67,316,63519634
1617024600,315.45,316.99,312.47,315.91,54607963
1617111000,313.89,314.91,311.54,314.32,44635676
1617197400,316.16,320.74,315.81,319.13,55032535
1617283800,323.07,324.71,322.81,324.57,55685602
1617629400,327.13,331.84,324.6375,331.05,42172475
1617715800,330.73,332.83,330.02,330.82,33537210
1617802200,330.33,332.48,329.37,331.62,32046381
1617888600,334.56,335.27,333.7399,335.08,29940799
1617975000,333.68,337.32,332.92,337.11,36664892
1618234200,336.04,337.1,334.73,336.67,25833013
1618320600,338.24,341.08,338.02,340.6,30374033
1618407000,340.85,340.98,335.67,336.51,42564337
1618493400,339.47,342.01,336.2153,341.61,36342821
1618579800,342.15,342.23,340.08,342.01,40860099
1618839000,340.39,341.58,336.9016,338.88,34533129
1618925400,338.2,339.52,334.3816,336.41,38081818
1619011800,335.09,339.48,333.97,339.29,36598082
1619098200,338.89,339.9,334.01,335.2,45936143
1619184600,335.85,340.767,335.85,339.42,36414916
1619443800,339.67,341.92,338.9,341.63,30811968
1619530200,341.93,342.15,339.17,340.15,33187183
1619616600,339.81,340.85,338.3301,339,33615696
1619703000,342.37,342.8,336.9001,340.22,37708884
1619789400,337.7,340.26,337.05,337.99,38263421
1620048600,339.23,340,335.73,336.19,29729730
1620135000,333.56,333.89,326.21,330.14,65146972
1620221400,332.25,333.14,328.23,329.03,46219307
1620307800,328.76,331.67,326.45,331.51,46814283
1620394200,334.37,336.65,331.6914,334.2,53324460
1620653400,332.78,332.96,325.55,325.76,60700462
1620739800,319.7,326.1299,319.02,325.31,71963612
1620826200,320.23,322.62,316,316.89,91164855
1620912600,319.92,322.4,316.9,319.34,69877765
1620999000,322.6,327.33,322.08,326.39,44370015
1621258200,324.63,326.3721,321.45,324.41,39394997
1621344600,325.39,326.65,321.94,322.22,36528454
1621431000,316.66,322.9,316.3,322.59,66319108
1621517400,324.12,329.71,323.89,328.83,46466135
1621603800,330.43,330.86,326.64,327.01,50330449
1621863000,329.37,333.67,326.9032,332.51,32475771
1621949400,334.07,334.81,331.755,332.97,31280314
1622035800,333.66,334.61,332.95,334.13,25444932
1622122200,333.67,334.54,332.67,332.88,27931747
1622208600,334.12,335.5699,333.6,333.93,29927449
1622554200,335.3,335.785,331.43,332.82,31145424
1622640600,333.25,334.34,331.695,333.47,22047940
1622727000,330.55,331.86,328.28,330,37057825
1622813400,331.85,336.0582,331.78,335.6,38736545
1623072600,335.05,336.66,334.34,336.6,32611852
1623159000,338.395,339.29,335.03,336.76,27282819
1623245400,338.17,338.97,336.651,336.84,21485319
1623331800,337.19,340.46,336.73,340.35,33702067
1623418200,340.36,341.25,339.69,341.24,21222830
1623677400,341.68,344.52,340.46,344.51,27827716
1623763800,344.15,344.47,341.52,342.26,35963780
1623850200,342.74,343.84,337.45,341.01,55399538
1623936600,339.97,346.38,339.92,345.34,59722700
1624023000,343.63,344.8082,341.86,342.63,55414862
1624282200,342.43,344.69,340.15,344.36,32992649
1624368600,344.15,348.03,343.84,347.57,28941626
1624455000,347.51,348.92,346.88,347.74,27188454
1624541400,349.73,351.46,349.17,349.89,32581605
1624627800,350.47,350.72,348.84,349.46,28682801
1624887000,350.78,353.85,350.72,353.71,39130305
1624973400,353.53,355.0199,352.67,354.99,29426039
1625059800,354.83,355.23,353.83,354.43,32723964
1625146200,354.07,355.09,352.68,354.57,29289978
1625232600,356.52,358.97,356.28,358.64,32727244
1625578200,359.26,360.48,356.49,360.19,38842397
1625664600,362.45,362.76,358.94,360.95,35265242
1625751000,355.74,359.65,354.42,358.77,50890021
1625837400,358.17,361.5,357.57,361.01,35184534
1626096600,362.45,362.89,360.83,362.42,25717677
1626183000,362.03,365.465,361.54,362.42,39723015
1626269400,364.83,365.49,362.22,363.07,35336350
1626355800,362.98,363.19,358.46,360.52,53391557
1626442200,361.4,362.41,357.24,357.6,47261961
1626701400,354.05,355.18,352.04,354.67,64404625
1626787800,355.63,360.28,353.8,358.79,42183702
1626874200,358.35,361.56,358.12,361.56,30259860
1626960600,361.77,363.96,361.77,363.95,30252240
1627047000,365.31,368.485,363.9157,368.2,31960799
1627306200,367.49,368.89,366.601,368.49,28438126
1627392600,368.22,368.22,360.16,364.43,57933148
1627479000,365.6,367.45,363.24,365.83,42066195
1627565400,365.25,367.6794,365.25,366.48,25672533
1627651800,362.44,365.17,362.41,364.57,36484649
1627911000,366.28,366.88,363.87,364.6,27334097
1627997400,365.28,366.93,362,366.81,35558511
1628083800,366.77,368.32,365.63,367.34,29602236
1628170200,368.18,369.91,367.45,369.67,21443925
1628256600,368.37,369.37,366.905,368.05,33332107
1628515800,368.52,369.27,367.39,368.73,25960245
1628602200,369.26,369.56,365.62,366.84,35130796
1628688600,368.14,368.65,364.84,366.21,34249812
1628775000,365.69,367.9,364.295,367.53,26003877
1628861400,367.89,369.16,367.38,368.82,19336190
1629120600,367.67,369.02,363.7,368.98,35044107
1629207000,366.15,367.15,363.23,365.73,44793902
1629293400,365.18,366.62,361.865,362.21,38541940
1629379800,360.22,365.68,359.96,363.96,48499368
1629466200,365.06,368.14,364.74,367.73,39486034
1629725400,368.8,373.935,368.79,373.23,34034744
1629811800,373.84,374.99,373.36,374.37,21732913
1629898200,374.63,375.39,373.855,374.8,20441880
1629984600,373.92,374.62,371.97,372.42,29133325
1630071000,373.07,376.56,372.57,376.04,27104749
1630330200,376.85,380.76,376.83,380.26,27295665
1630416600,380.51,380.579,378.36,379.95,29628175
1630503000,381.04,382.71,380.37,380.58,28138311
1630589400,381.97,382.31,379.15,380.4,25503535
1630675800,379.22,381.98,379.2003,381.57,24624937
1631021400,381.68,382.778,380.4882,382.11,23970203
1631107800,381.93,381.93,378.45,380.78,32949159
1631194200,381.01,382.15,379.22,379.47,29398978
1631280600,381.23,381.97,376.245,376.59,40249405
1631539800,378.99,379.43,374.22,376.33,48741781
1631626200,377.86,378.61,374.28,375.26,41826624
1631712600,375.73,378.41,373.37,378.05,34097865
1631799000,376.68,378.9,374.695,378.31,35193083
1631885400,377.82,377.87,372.76,373.83,60912267
1632144600,367.46,369.25,360.93,365.7,76203202
1632231000,367.58,368.81,364.99,366.15,41927483
1632317400,367.09,371.07,365.9584,369.57,46972920
1632403800,370.76,374.04,370.099,372.98,44652002
1632490200,370.65,373.76,370.27,373.33,36056800
1632749400,370.2,371.2516,367.73,370.35,43338079
1632835800,365.67,370.302,359.35,359.87,97701632
1632922200,361.17,363.37,358.635,359.28,58076621
1633008600,360.97,362.68,357.1,357.96,61384577
1633095000,358.6,361.25,354.38,360.18,56375488
1633354200,358.52,358.86,350.32,352.62,76766005
1633440600,353.71,359.69,353.48,357.38,47232904
1633527000,354.08,359.95,353.15,359.67,56806536
1633613400,362.8,365.69,362.25,362.97,39411172
1633699800,364.08,364.3166,360.61,361.16,41822309
1633959000,359.58,363.2,358.3,358.39,34847182
1634045400,359.88,360.33,356.48,357.14,43905101
1634131800,359.51,360.69,357.43,360,40120795
1634218200,363.69,366.85,363.01,366.63,43433867
1634304600,367.88,369.06,366.82,368.94,40419878
1634563800,367.61,372.87,366.99,372.65,34513514
1634650200,373.75,375.52,372.6974,375.47,29090963
1634736600,375.94,376.565,373.46,374.98,31390338
1634823000,374.16,377.47,373.85,377.27,25469277
1634909400,375.98,376.97,372.385,374.1,36275822
1635168600,375.56,378.87,373.56,377.93,32597804
1635255000,380.23,382.71,377.905,379.12,47191279
1635341400,379.58,383.15,379.31,380,45760496
1635427800,381.95,384.48,381.155,384.22,38007005
1635514200,381.06,386.28,380.7,386.11,37310116
1635773400,386.56,387.56,384.42,387.43,30765303
1635859800,386.8,389.54,386.75,389.05,25135292
1635946200,389.55,393.61,388.48,393.18,33748901
1636032600,394.48,399.2,393.92,398.22,40265313
1636119000,400.04,400.99,397.16,398.6,43383802
1636381800,398.57,399.62,397.4,398.06,29256270
1636468200,399.16,399.57,393.92,395.32,50490720
1636554600,392.47,395.36,387.53,389.51,54937385
1636641000,392.57,392.75,390.24,390.59,32242983
1636727400,391.77,395.25,390.13,394.7,34730564
1636986600,395.91,396.24,392.095,394.61,33716861
1637073000,393.86,397.93,393.66,397.42,27872940
1637159400,397.75,399.7196,396.64,397.63,28703263
1637245800,399.73,402.27,397.45,401.75,45721515
1637332200,403.43,405.3,402.58,403.99,45191721
1637591400,405.57,408.71,399.19,399.3,61715370
1637677800,398.11,400.23,392.92,397.48,70098736
1637764200,394.93,399.05,392.54,398.76,46954382
1637937000,396.11,397.54,389.77,391.2,51533314
1638196200,395.89,400.73,395.14,399.69,54447106
1638282600,398.78,401.19,391.75,393.82,81332693
1638369000,398.28,400.48,386.64,387.12,78379245
1638455400,385.8,391.74,384.34,389.91,84416623
1638541800,391.31,392.34,378.9,383.13,105349104
1638801000,383.63,387.6,379.3,386.2,67588801
1638887400,393.03,398.46,392.99,397.83,56005264
1638973800,398.17,399.82,396.22,399.61,39204041
1639060200,398.35,400.2,393.5299,393.73,49973714
1639146600,396.62,398.28,393.36,398.01,52545767
1639405800,398,398.325,391.88,392.26,50166410
1639492200,387.3,390.09,383.63,388.2,75199181
1639578600,387.94,397.4198,383.88,397.05,73858028
1639665000,398.04,398.475,385.21,386.84,82591368
1639751400,383.33,389.19,381.77,384.91,81642848
1640010600,379.565,381.5,377.47,380.69,65336827
1640097000,384.05,389.53,380.201,389.21,48899477
1640183400,388.91,394.16,388.23,393.95,37042200
1640269800,394.31,398.425,394.14,396.92,29595536
1640615400,398.25,403.48,398.2194,403.48,32820705
1640701800,404.4,404.58,400.71,401.61,33113728
1640788200,401.75,403.05,399.11,401.55,32248484
1640874600,401.33,403.5699,399.75,400.35,23850065
1640961000,399.66,401.0589,397.34,397.85,34752884
1641220200,399.05,401.94,396.88,401.68,40575854
1641306600,402.24,402.28,393.288,396.47,58027206
1641393000,394.74,395.89,384.03,384.29,75739847
1641479400,382.42,387.35,380.13,384.02,70814324
1641565800,384.03,385.76,378.04,379.86,72652304
1641825000,374.82,380.64,369.31,380.11,91770497
1641911400,379.355,385.9899,377.2182,385.82,68295698
1641997800,388.46,390.2,385.01,387.35,54576366
1642084200,388.77,389.47,376.7,377.66,77993962
1642170600,375.07,380.35,374.86,380.01,80121210
1642516200,374.04,376.22,369.7704,370.55,75812296
1642602600,372.15,374.69,366.21,366.48,81791482
1642689000,369.79,373.87,361.17,361.72,88610680
1642775400,359.47,362.18,351.4,351.69,143388920
1643034600,345.905,353.98,334.15,353.3,199448109
1643121000,346.67,351.0295,341.68,345.11,124398394
1643207400,352.91,356.88,340.78,344.57,146559524
1643293800,349.4,351.27,340.05,341.1,95255656
1643380200,343.03,352.02,337.95,351.8,108167897
1643639400,353.2,363.65,351.52,363.05,94326389
1643725800,364.43,366.19,359.14,365.52,74433023
1643812200,369.76,370.1,364.285,368.49,78777135
1643898600,358.53,361.93,352.46,353.55,95384771
1643985000,354.08,361.4,351.97,358.01,86318301
1644244200,358.62,361.05,353.84,355.13,58198087
1644330600,353.96,360.24,352.8,359.12,64720897
1644417000,363.76,366.81,362.12,366.73,55766422
1644503400,359.52,366.4885,356.54,358.43,112468483
1644589800,358.43,360.07,345.8,347.06,101569102
1644849000,346.49,350.98,343.89,347.49,80254439
1644935400,352.91,356.37,351.82,356.13,55390805
1645021800,353.82,357.0896,350.71,356.04,58947086
1645108200,352.74,353.46,345.02,345.45,61801353
1645194600,346.41,346.81,339.14,341.51,80001513
1645540200,338.49,344.04,334.35,338.08,85967095
1645626600,341.32,342.183,329.1,329.42,86215371
1645713000,318.84,341.04,318.26,340.49,130614053
1645799400,341.31,345.98,337.39,345.77,78842088
1646058600,342.51,348.54,341.32,346.8,77515544
1646145000,345.75,348.078,338.9,341.49,67407000
1646231400,343.08,348.59,340.24,347.22,70609015
1646317800,349.93,350.04,340.35,342.26,71089385
1646404200,339.84,341.31,334.92,337.3,77009763
1646663400,337.29,338.48,324.65,324.86,89933794
1646749800,324.05,333.21,319.94,323.35,116153921
1646836200,331.75,336.38,329.09,334.99,64723366
1646922600,330.82,332.51,326.71,331.27,69362714
1647009000,334.32,334.64,323.9,324.4,66228432
1647264600,323.13,326.59,317.45,318.17,79802606
1647351000,320.88,328.95,319.23,328.15,76470991
1647437400,332.17,340.44,328.401,340.32,105242954
1647523800,338.37,344.5,337.0406,344.44,67809951
1647610200,342.74,351.79,341.55,351.49,85446347
1647869400,350.2,352.48,345.575,350.08,73799072
1647955800,350.59,357.85,350.2,356.96,63345928
1648042200,354.01,357.66,351.77,351.83,70615457
1648128600,353.8,359.7,351.5939,359.65,53555251
1648215000,359.59,360.67,354.9438,359.35,57584158
1648474200,359.34,365.01,358.07,364.91,56833866
1648560600,368.9,371.83,366.06,371.19,68072955
1648647000,369.275,370.98,365.57,367.09,68757710
1648733400,367.24,367.6,361.68,362.54,67011405
1648819800,362.81,363.61,358.59,361.85,54527761
1649079000,362.71,369.31,362.44,369.3,45950171
1649165400,367.81,368.54,359.93,361.1,62738661
1649251800,355.65,356.78,350.56,353.26,90077072
1649338200,352.24,356.35,348.69,354.1,63777373
1649424600,352.32,353.09,348.5,349.15,61956094
1649683800,344.81,345.75,340.535,340.89,66107401
1649770200,345.76,347.69,338.035,339.45,72790215
1649856600,339.8,347.43,339.06,346.35,61367755
1649943000,346.44,346.97,338.21,338.43,73519367
1650288600,337.35,341.04,335.791,338.69,58560555
1650375000,338.03,346.85,336.98,346.26,56515684
1650461400,347.09,347.56,339.96,341.21,65500022
1650547800,345.19,347.87,333.2,334.15,75801008
1650634200,334.31,335.56,324.96,325.4,82562145
1650893400,323.73,329.9,322.43,329.58,101755856
1650979800,327.47,327.66,316.855,317.14,105819629
1651066200,317.24,322.88,315,316.76,111204164
1651152600,321.85,329.89,317.52,328.01,99449957
1651239000,323.7,327.225,312.6,313.25,91977859
1651498200,312.83,318.72,309.645,318.48,115511770
1651584600,318.5,321.17,315.98,318.82,78185527
1651671000,319.31,330.29,313.891,329.6,116083395
1651757400,325.17,325.25,309.62,313,154607447
1651843800,310.95,315.09,305.105,309.25,139572805
1652103000,303.48,309.3487,295.72,297.15,113387342
1652189400,304.51,305.76,296.57,300.76,124124550
1652275800,298.44,304.09,290.95,291.84,140326148
1652362200,287.45,295.75,284.94,291.15,120910850
1652448600,295.72,302.999,294.0825,301.94,83684931
1652707800,300.15,302.26,297.13,298.44,59190432
1652794200,304.45,306.56,300.55,306.17,62715293
1652880600,301.54,302.25,289.85,291.14,79477109
1652967000,289.29,294.39,287.58,289.58,79920709
1653053400,293.13,293.8,280.21,288.68,91764174
1653312600,289.75,293.87,287.29,293.48,63648400
1653399000,288.125,288.86,282.25,287.24,73491124
1653485400,285.71,293.39,285.5,291.26,67144548
1653571800,290.44,300.92,290.15,299.33,59462231
1653658200,302.54,309.25,302.42,309.1,66985596
1654003800,309.07,311.33,304.33,308.28,60968330
1654090200,310.47,312.65,303.73,306,65341653
1654176600,304.85,314.56,303.4001,314.38,59291333
1654263000,309.03,310.47,304.92,306.2,60914684
1654522200,310.75,312.35,305.62,307.22,51785013
1654608600,303.81,310.67,302.6886,309.87,44900292
1654695000,309.05,311.72,306.77,307.64,38342062
1654781400,305.91,309.05,299.23,299.4,55900475
1654867800,293.65,294.87,288.384,288.84,85963456
1655127000,279.75,282.34,274.53,275.41,94442009
1655213400,277.66,278.66,273.3375,275.91,64697521
1655299800,279.415,286.83,276.61,282.8,86051428
1655386200,275.59,276.06,269.28,271.39,81910297
1655472600,272.18,277.19,270.5119,274.69,82703402
1655818200,278.75,283.45,278.64,281.08,51633741
1655904600,278.52,285.18,277.91,280.67,67472924
1655991000,283.21,285.72,280.31,284.85,57457796
1656077400,287.74,295.04,287.5001,294.61,58422262
1656336600,296,296.5799,291.29,292.45,54151452
1656423000,293,295.65,283.35,283.54,61867060
1656509400,283.4,285.34,280.84,283.8,57302726
1656595800,280.75,283.9441,275.78,280.28,79313580
1656682200,278.95,282.53,277.03,282.13,56675107
1657027800,278.31,287.08,276.7501,286.96,61829272
1657114200,287.35,290.95,285.59,288.8,63194715
1657200600,289.63,295.7,289.63,294.98,56620114
1657287000,292.08,296.75,291.12,295.35,59895478
1657546200,292.88,293.11,288.14,289.04,55273920
1657632600,290.32,292.28,284.61,286.24,55797088
1657719000,280.6,288.05,280.02,285.65,73939418
1657805400,282.99,287.56,279.8,286.67,63741837
1657891800,289.73,291.98,288.08,291.87,63818149
1658151000,294.72,296.16,288.2,289.4,59519581
1658237400,293.11,298.6,291.47,298.3,55172640
1658323800,298.73,304.24,297.9329,303.03,67769430
1658410200,303.5,307.435,300.78,307.38,55049363
1658496600,306.43,308.55,300.115,301.99,57127715
1658755800,302.02,302.5,298.22,300.27,40582381
1658842200,298.53,298.79,293.54,294.37,50074122
1658928600,299.04,308.54,298.46,306.81,69304364
1659015000,306.59,310.3965,302.745,309.81,55139941
1659101400,311.385,316.39,309.931,315.46,57501043
1659360600,313.65,318.81,312.53,315.27,46358833
1659447000,312.92,318.545,311.8401,314.33,48676501
1659533400,316.05,323.7291,315.99,322.89,53735729
1659619800,322.97,324.72,320.77,324.4,38973659
1659706200,319.19,323.83,318.39,321.75,53893972
1659965400,322.69,326.47,319.21,320.71,44066297
1660051800,318.77,319.03,315.42,317.08,39764220
1660138200,324.59,326.23,322.0601,325.93,51459564
1660224600,328.305,330.36,323.36,324.08,45897650
1660311000,326.175,330.585,325.1001,330.39,40928379
1660570200,329.42,333.5652,329.4,333.06,38266614
1660656600,332.055,334.4209,329.16,332.28,41186864
1660743000,329.07,331.43,326.36,328.49,47842155
1660829400,328.44,330.49,326.79,329.28,41937172
1660915800,326.17,326.84,322.08,322.86,51770570
1661175000,318.5,318.74,313.53,314.36,51098890
1661261400,314.12,317,313.33,314.1,39497074
1661347800,313.61,316.87,312.99,315.01,38057059
1661434200,316.83,320.6,315.7577,320.58,38098255
1661520600,320.28,321.51,307.35,307.44,69047740
1661779800,304.62,307.22,303.28,304.41,48321851
1661866200,306.1,306.73,298.44,301.02,51184500
1661952600,303.99,304.91,299.16,299.27,50044041
1662039000,296.72,299.78,292.95,299.4,57990745
1662125400,302.34,303.75,293.52,295.17,64666839
1662471000,295.66,296.6,290.87,293.05,57005444
1662557400,293.54,299.99,293.27,298.97,49260381
1662643800,296.85,301.87,295.45,300.52,55649821
1662730200,302.83,307.6,300.5209,307.09,56125215
1662989400,308.5,311.08,308.18,310.74,45905737
1663075800,301.8,303.02,292.785,293.7,79562172
1663162200,294.865,296.93,293.06,296.03,54907198
1663248600,294.07,296.53,289.46,291.1,65299411
1663335000,287.72,289.72,285.62,289.32,79920391
1663594200,286.1,291.21,286.04,291.05,52613831
1663680600,288.49,291.07,286.38,288.73,51271117
1663767000,289.59,293.95,283.42,283.56,82930963
1663853400,282,283.03,278.815,280.07,62757073
1663939800,277.55,277.85,272.02,275.51,74815189
1664199000,275.03,279.49,273.56,274.37,71176694
1664285400,277.81,280.21,272.11,274.48,69780115
1664371800,274.46,281.25,272.945,279.94,79652140
1664458200,275.86,276.25,268.84,271.87,81215957
1664544600,271.03,275.19,267.1,267.26,78482378
1664803800,269.07,275.16,267.53,273.53,61267449
1664890200,278.99,282.85,278.99,282.13,66696931
1664976600,278.28,283.81,275.42,281.98,55766318
1665063000,280.96,284.18,279.43,279.76,53489411
1665149400,275.02,275.15,267.74,269.1,71354674
1665408600,269.3,269.7,263.64,266.41,60392990
1665495000,264.7,267.63,261.03,262.75,66522509
1665581400,263.4,265.36,261.95,262.66,50580179
1665667800,255.16,270.17,254.26,268.82,112894068
1665754200,271.2,271.81,260.14,260.74,77244302
1666013400,266.84,270.24,266.74,269.35,64576452
1666099800,276.53,277.21,268.74,271.48,69780995
1666186200,269.93,273.68,268.07,270.49,53115405
1666272600,269.58,274.84,267.92,269.11,60605496
1666359000,267.98,275.969,266.8236,275.42,77897694
1666618200,275.69,279.4,271.97,278.45,63963569
1666704600,279.41,284.6,277.9,284.21,59014494
1666791000,278.46,283.98,277.43,277.93,63898246
1666877400,276.79,278.2795,272.34,272.87,57760302
1666963800,272.23,281.698,272.06,281.22,62651312
1667223000,278.92,279.76,275.99,277.95,47741952
1667309400,281.495,282.07,274.74,275.11,45895897
1667395800,275.08,278.21,265.61,265.68,79803142
1667482200,263.01,264.5,260.1,260.49,70038903
1667568600,265.53,266.61,259.08,264.68,78313213
1667831400,265.75,268.14,263.57,267.59,47333828
1667917800,269.14,272.85,265.52,269.54,63213785
1668004200,267.76,268.56,263.03,263.32,64862129
1668090600,276.01,283.05,273.85,282.75,99256693
1668177000,282.56,288.64,281.19,287.96,66961751
1668436200,285.86,289.215,284.44,285.44,55080048
1668522600,292.21,293.26,285.97,289.39,73985372
1668609000,287.39,289.4838,284.6,285.44,48859804
1668695400,280.88,286.3189,280.72,284.81,55462076
1668781800,287.89,287.99,282.3211,284.82,53588631
1669041000,283.4,284.58,281.04,281.89,40083527
1669127400,282.64,286.11,280.46,285.95,41873444
1669213800,285.97,289.46,285.79,288.82,46389967
1669386600,287.19,287.91,286.42,286.92,15498797
1669645800,284.9,286.96,281.76,282.71,38877045
1669732200,282.94,283.35,279.17,280.57,35618878
1669818600,280.84,293.47,279.97,293.36,74718088
1669905000,293.69,295.75,290.88,293.72,51547332
1669991400,288.54,293.45,288.36,292.55,53583172
1670250600,290.38,291.68,286.15,287.64,41482121
1670337000,287.48,287.62,280.255,281.68,53937605
1670423400,280.47,282.57,278.7801,280.53,45614254
1670509800,281.91,284.84,279.79,283.85,42594913
1670596200,282.81,285.64,281.59,282.04,47860487
1670855400,282.22,285.64,281.16,285.58,35732518
1670941800,296.65,296.875,285.91,288.65,80667675
1671028200,288.05,291.41,283.19,286.51,64984432
1671114600,282.33,283.01,275.67,276.89,60554119
1671201000,276.2,277.77,272.61,274.25,68300351
1671460200,273.87,273.96,268.49,269.75,44167920
1671546600,268.56,271.32,266.95,269.54,51064199
1671633000,270.6,274.78,269.74,273.45,46394694
1671719400,270.38,270.5149,262.455,266.76,60278377
1671805800,265.47,268.04,263.53,267.36,39373584
1672151400,266.74,266.85,263.03,263.58,38009005
1672237800,263.17,265.47,259.73,260.1,47139043
1672324200,262.96,267.405,262.25,266.44,45893567
1672410600,263.62,266.41,262.29,266.28,37858277
1672756200,268.65,270.155,262.13,264.48,42335325
1672842600,266.64,267.45,262.53,265.74,47754861
1672929000,264.04,264.21,261.26,261.58,45396744
1673015400,263.35,269.94,260.34,268.8,54659739
1673274600,270.83,275.29,269.92,270.54,45568676
1673361000,269.49,272.94,268.97,272.83,35247763
1673447400,273.92,277.66,273.12,277.55,44077036
1673533800,278.12,280.1,273.74,279.05,60599953
1673620200,276.5,281.219,276.16,280.97,44802936
1673965800,280.77,282.85,279.581,281.54,36269738
1674052200,283.11,284.69,277.67,277.88,47754549
1674138600,276.22,277.375,273.89,275.15,44150436
1674225000,276.79,283.02,275.71,282.68,60613606
1674484200,283.54,290.21,282.73,288.96,52799905
1674570600,287.31,289.55,286.78,288.37,44875146
1674657000,283.77,288.36,281.18,287.73,50872022
1674743400,291.22,293.52,288.519,293.34,51596335
1674829800,292,298.26,291.88,296.26,56441939
1675089000,292.93,294.38,289.89,290.27,49405833
1675175400,290.31,294.72,290.2,294.62,46705106
1675261800,294.41,303.43,292.3,300.92,67562173
1675348200,307.57,313.68,306.73,311.72,83070628
1675434600,304.94,312.39,304.54,306.18,76170804
1675693800,303.51,305.91,302.22,303.59,40802348
1675780200,303.46,311.03,302.32,309.88,67583981
1675866600,308.54,309.5,303.67,304.37,56720860
1675953000,308.84,308.99,300.2,301.68,49137818
1676039400,299.48,301.57,297.25,299.7,50050104
1676298600,301.13,305.1,299.93,304.5,39636720
1676385000,302.89,307.72,300.91,306.75,64079057
1676471400,304.9,309.27,304.2,309.1,43427298
1676557800,304.38,308.43,303.15,303.3,59498630
1676644200,301.07,301.93,298.1,301.16,58230729
1676989800,297.26,298.73,293.89,294.03,46526708
1677076200,294.62,296.3599,292.56,294.25,51389237
1677162600,297.97,298.13,292.55,296.82,69294443
1677249000,291.76,292.97,290.05,291.85,74331958
1677508200,295.07,296.49,293.34,293.94,48995009
1677594600,293.3,296.124,292.96,293.56,48243141
1677681000,293.26,293.93,290.2,291.2,58286972
1677767400,288.66,294.43,288.37,293.61,53738557
1677853800,295.39,299.92,294.87,299.68,60511540
1678113000,300.94,304,299.82,300.02,56736294
1678199400,300.07,301.01,295.72,296.34,65955756
1678285800,296.77,298.43,294.88,297.82,50876265
1678372200,298.33,300.98,291.8299,292.66,71456691
1678458600,292.83,294.35,287.38,288.55,98593561
1678714200,286.73,294.47,285.19,290.69,97123603
1678800600,294.31,297.93,293.45,297.37,73602545
1678887000,294.71,299.27,293.24,298.93,83631535
1678973400,298,307.18,297.19,306.81,98556824
1679059800,306.72,309.15,303.37,305.36,89923732
1679319000,304.26,306.3,302.01,305.97,56359491
1679405400,307.94,310.8,306.395,310.34,49757048
1679491800,310.27,315.25,305.95,306.12,75791914
1679578200,309.92,314.15,307.01,309.75,74575981
1679664600,309.32,310.99,306.95,310.89,57245803
1679923800,311.6,312.7,307.89,308.76,50287407
1680010200,308.17,308.2,304.774,307.12,48585917
1680096600,310.88,313.35,310.05,312.72,53274266
1680183000,315.24,316.32,312.8088,315.68,58354808
1680269400,315.91,321.17,315.6,320.93,62138097
1680528600,318.77,320.42,317.4201,320.15,47126839
1680615000,320.6,321.63,317.8251,319.07,45875384
1680701400,318.1,319.06,314.07,315.92,62795706
1680787800,314.24,318.55,312.82,318.05,46916496
1681133400,315.07,317.92,313.25,317.87,45134736
1681219800,317.83,317.89,315.31,315.83,40113594
1681306200,317.82,318.42,312.565,313.04,62813305
1681392600,314.83,319.65,313.63,319.17,54613792
1681479000,317.59,320.36,315.61,318.57,56278284
1681738200,318.15,319.1999,316.04,318.84,43007023
1681824600,320.99,321.42,317.64,318.86,46746940
1681911000,316.41,319.79,316.28,318.71,38960127
1681997400,315.69,319.27,314.97,316.28,62462142
1682083800,315.91,317.4,314.1,316.61,59002285
1682343000,316.38,317.7391,313.74,315.95,44043063
1682429400,314.29,314.97,309.89,309.99,57121644
1682515800,313.44,314.935,311.34,311.87,55400496
1682602200,315.7,320.86,315.05,320.35,65430392
1682688600,320.11,322.65,318.96,322.56,59712635
1682947800,322.09,323.63,321.09,322.19,41013386
1683034200,322.12,322.45,317.61,319.38,56519407
1683120600,319.75,322.47,317.18,317.29,59882070
1683207000,317.06,318.23,315.115,316.17,50224520
1683293400,318.47,323.76,316.2116,322.89,51806098
1683552600,322.42,324.04,321.315,323.69,36465796
1683639000,322,322.88,321.32,321.64,31768800
1683725400,324.12,326.01,321.6,325.14,60446623
1683811800,325.7,326.75,324.12,326.2,44278548
1683898200,326.74,327.17,322.94,325.03,48432836
1684157400,325.51,327.03,323.96,326.79,33375559
1684243800,326.06,328.9025,326.02,327.16,40019151
1684330200,328.24,331.71,327.04,331.12,47486124
1684416600,331.52,337.49,331.5,337.27,64213466
1684503000,337.49,338.205,335.43,336.51,61554926
1684762200,336.25,338.67,336.24,337.64,43015948
1684848600,335.89,337.06,333,333.36,48216663
1684935000,331.37,332.905,329.56,331.65,62891169
1685021400,339.14,341.01,336.665,339.72,66862773
1685107800,340.76,349.245,340.66,348.4,63006952
1685453400,352.71,353.93,348.53,349.98,72652156
1685539800,348.37,350.6,346.51,347.99,65105378
1685626200,347.73,353.36,346.66,352.01,50488601
1685712600,353.8,355.83,352.01,354.65,53372113
1685971800,354.43,357.495,353.85,354.9,47266228
1686058200,354.28,355.82,352.93,354.84,41390400
1686144600,355.13,357.12,348.18,348.82,69225936
1686231000,349.12,353.62,348.89,353.15,47153922
1686317400,354.63,357.66,353.03,354.5,53196927
1686576600,356.19,360.59,355.2,360.49,44817646
1686663000,363.29,364.11,360.03,363.26,57097804
1686749400,363.27,366.19,360.42,365.9,69525642
1686835800,364.61,371.77,363.98,370.26,71138823
1686922200,372.72,372.85,367.48,367.93,80931971
1687267800,365.95,368.32,363.8899,366.9,49204722
1687354200,365.74,366.18,360.96,361.9,53378256
1687440600,360.63,366.33,360.22,366.17,47603043
1687527000,362.21,364.88,360.8227,362.54,48922911
1687786200,362,364.84,357.59,357.68,52685478
1687872600,359.25,364.57,358.51,363.83,49428091
1687959000,361.98,366.52,361.9038,364.54,46498031
1688045400,364.24,364.89,362.14,363.81,46150967
1688131800,367.55,370.49,367.23,369.42,58712501
1688391000,370.07,370.93,368.97,370.29,19432862
1688563800,368.695,372.01,368.66,370.28,34460883
1688650200,366.51,367.91,364.52,367.46,49374728
1688736600,367.23,370.48,366.01,366.24,47133749
1688995800,365.96,367.05,363.41,366.36,48498800
1689082200,366.79,368.632,364.62,368.17,38214146
1689168600,372.34,374.19,370.3,372.82,61703696
1689255000,376.05,379.99,375.46,379.15,46960012
1689341400,379.585,382.86,378.18,379.07,55148500
1689600600,379.8,383.5,379.31,382.61,40868915
1689687000,381.96,387.13,380,385.74,55343438
1689773400,386.82,387.98,384.3,385.65,54092958
1689859800,382.61,384.095,375.72,376.76,71941674
1689946200,379.18,379.92,375.191,375.63,60499643
1690205400,376.62,377.58,374.34,376.23,40380056
1690291800,376.95,380.47,376.93,378.78,38894384
1690378200,377.72,379.24,375.18,377.52,47075710
1690464600,383.07,384.71,375.31,376.62,63940225
1690551000,380.74,384.52,380.22,383.48,56902926
1690810200,383.79,384.88,382.34,383.68,44019905
1690896600,382.31,383.56,380.69,382.79,41308457
1690983000,379.26,379.26,373.13,374.39,72687107
1691069400,371.94,375.95,371.77,373.79,47855381
1691155800,375.75,378.1,371.53,372.04,61702759
1691415000,373.88,375.29,371.51,375.19,37230444
1691501400,372.64,372.66,368.82,372,44726453
1691587800,372.29,372.45,367.14,367.91,51150900
1691674200,370.97,374.36,367.035,368.59,72035265
1691760600,365.99,368,364.69,366.24,48707187
1692019800,365.43,370.47,364.7,370.35,42130802
1692106200,369.36,370.169,365.74,366.42,45539891
1692192600,365.87,367.43,362.44,362.54,53190525
1692279000,363.96,364.31,358.16,358.58,62604338
1692365400,355.26,359.41,354.71,358.13,61191389
1692624600,359.62,364.59,359.15,363.9,50696518
1692711000,366.55,366.56,362.68,363.38,44613509
1692797400,364.58,370.22,364.36,369.11,51770603
1692883800,372.64,372.74,361.01,361.22,66842491
1692970200,362.07,365.74,358.58,364.02,69960465
1693229400,366.99,367.71,364.25,366.76,40910019
1693315800,366.56,375.13,366.231,374.77,58492371
1693402200,374.88,377.4467,373.86,376.86,41731511
1693488600,376.94,379.719,376.87,377.99,35730701
1693575000,380.4,380.83,376.0801,377.59,39801177
1693920600,376.77,379.3093,375.83,378.07,32344222
1694007000,377.28,377.63,372.7,374.74,42998735
1694093400,370.21,372.85,369.15,372.06,52060716
1694179800,372.01,374.85,371.6,372.58,35847359
1694439000,375.66,377.49,373.66,376.97,39936634
1694525400,375.27,376.9517,372.5,372.79,41391024
1694611800,373.03,375.84,371.88,374.21,46300677
1694698200,375.99,378.27,373.89,377.27,48039388
1694784600,375.91,376.32,369.86,370.81,69811206
1695043800,369.32,371.79,369.03,370.66,36903545
1695130200,369.32,370.6826,366.8,369.87,37621734
1695216600,370.95,371.31,364.46,364.54,45514189
1695303000,360.8,361.6,357.69,357.86,69734845
1695389400,359.63,361.8,357.59,357.91,51589689
1695648600,356.93,359.7,355.93,359.61,39167985
1695735000,356.99,357.54,353.2101,354.21,53657748
1695821400,355.38,356.98,351.36,355.04,56065972
1695907800,354.11,360.17,353.24,358.01,56453312
1695994200,361.54,362.95,357.02,358.27,64829616
1696253400,358.54,362.68,357.92,361.26,51625054
1696339800,358.78,361.01,353.275,354.92,60478489
1696426200,355.77,360.61,355.3,359.75,54786686
1696512600,359.74,360.15,355.14,358.69,45897390
1696599000,355.65,365.91,354.85,364.7,75049119
1696858200,362.3,367.11,360.78,366.56,45304766
1696944600,366.9,371.28,366.39,368.59,46968806
1697031000,369.94,371.412,368.19,371.22,38215088
1697117400,371.73,373.74,367.5,369.93,49587942
1697203800,370.57,371.16,363.86,365.28,52519876
1697463000,366.62,370.48,366.47,369.41,44201059
1697549400,365.81,369.92,363.66,368.2,50999102
1697635800,365.67,367.91,362.02,363.37,54280490
1697722200,364.81,366.02,359.16,359.97,72274238
1697808600,359.46,360.04,354.37,354.6,72559723
1698067800,353.26,359.26,351.1199,355.67,60665185
1698154200,357.51,359.91,355.79,359.13,47082078
1698240600,356.7,356.88,349.75,350.34,71190536
1698327000,349.12,350.07,342.35,343.66,78621425
1698413400,346.43,348.84,344.08,345.31,63476707
1698672600,347.83,350.54,346.45,349.2,55298536
1698759000,349.23,351.25,346.62,350.87,47671906
1698845400,351.72,357.5298,351.62,356.96,58992666
1698931800,361.54,363.68,360.3,363.44,58162442
1699018200,364.75,369.02,364.52,367.71,53280457
1699281000,368.49,369.78,366.91,369.21,38848743
1699367400,370.27,373.58,369.045,372.7,50777398
1699453800,373.08,373.79,370.62,372.94,35663373
1699540200,373.64,374.8,369.57,370.07,53859421
1699626600,371.82,378.54,371.28,378.39,58368439
1699885800,376.79,378.28,375.24,377.21,40733505
1699972200,383.71,386.26,383.18,385.33,67792634
1700058600,387.25,387.75,384.235,385.62,54141385
1700145000,384.84,386.19,383.56,385.95,45343544
1700231400,385.21,387.07,384.29,386.04,46622745
1700490600,386.05,391.41,386.05,390.74,44536669
1700577000,389.01,389.23,386.7,388.47,43336989
1700663400,390.57,393.07,389.04,390.06,44178572
1700836200,389.65,390.25,388.5,389.51,15718832
1701095400,389.01,391.1499,388.28,389.17,34139656
1701181800,388.41,390.78,388.05,390.19,35491123
1701268200,392.69,394.14,389.46,389.81,38811745
1701354600,390.08,390.55,385.82,388.83,52834381
1701441000,387.75,390.54,386.0726,389.94,40490068
1701700200,386.09,386.595,382.66,386.32,51186944
1701786600,384.39,388.5,384.21,387.29,42932956
1701873000,390.27,390.37,384.7,385.05,41994072
1701959400,388.07,391.27,386.96,390.43,49593545
1702045800,388.67,392.62,388.4801,392.17,46687525
1702305000,391.74,395.79,391.53,395.52,41198021
1702391400,395.56,398.79,394.41,398.67,39221152
1702477800,399.62,404.36,398.8399,403.74,55408129
1702564200,404.98,406.3,400.34,403.39,55447808
1702650600,404.18,406.5399,403.57,405.34,62896645
1702909800,404.93,407.99,404.6,407.08,46609985
1702996200,407.54,409.28,407.345,409.16,35711855
1703082600,408.35,410.4699,402.9,403.08,54042443
1703169000,407.06,408.14,404.47,407.77,45568914
1703255400,409,409.97,406.4787,408.38,34314003
1703601000,409.25,411.56,409.15,410.88,22722545
1703687400,410.95,411.7875,410.08,411.5,31980481
1703773800,412.67,412.92,410.94,411.3,27029152
1703860200,411.28,411.64,407.58,409.52,42662120
1704205800,405.84,406.09,400.24,402.59,58026946
1704292200,399.93,401,397.89,398.33,47002803
1704378600,396.44,399.59,396.06,396.28,39432797
1704465000,396.45,399.56,395.34,396.75,44922810
1704724200,397.99,405.24,397.8399,404.95,42473796
1704810600,401.91,406.69,401.71,405.75,39132860
1704897000,406.07,409.515,405.17,408.5,33962774
1704983400,409.79,411.2004,404.242,409.35,54536198
1705069800,410.4,411.25,408.15,409.56,39594952
1705415400,408.31,411.12,406.83,409.52,43903027
1705501800,406.17,407.585,402.92,407.21,54385974
1705588200,410.52,413.575,409.1601,412.99,59562505
1705674600,415.22,421.34,414.625,421.18,70325123
1705933800,423.41,424.7275,421.12,421.73,44880639
1706020200,422.43,423.7,420.57,423.48,33003806
1706106600,427.44,429.85,425.33,425.83,46948016
1706193000,428.36,429.04,423.98,426.35,44367205
1706279400,424.44,426.21,423.15,423.81,37137028
1706538600,424.27,428.35,423.61,428.15,38694724
1706625000,427.1,427.68,424.38,425.3,36738956
1706711400,420.85,422.8699,416.79,416.97,64010649
1706797800,418.79,422.375,417.81,421.88,51008622
1706884200,423.8,430.24,422.79,429.01,59602435
1707143400,429.07,429.61,425,428.45,39889209
1707229800,429.61,430.22,425.22,427.59,35846134
1707316200,430.41,432.83,429.09,431.99,37712661
1707402600,432.11,433.56,431.42,432.79,29889892
1707489000,433.94,437.845,433.1401,437.05,36943905
1707748200,436.94,439.14,434.65,435.34,33203305
1707834600,427.28,431.27,425.3305,428.55,64491669
1707921000,431.26,433.65,428.8799,433.22,45092722
1708007400,433.92,434.98,431.33,434.51,38796137
1708093800,434.89,434.99,429.85,430.57,53716475
1708439400,428.55,430.08,423.5,427.32,53999452
1708525800,424.55,425.7,421.63,425.61,50179697
1708612200,434.49,439.12,433.71,438.07,53887751
1708698600,439.65,440.59,435.79,436.78,39853861
1708957800,437.6,438.6,436.355,436.55,33043238
1709044200,437.67,437.99,435.025,437.6,33713220
1709130600,435.43,436.67,434.3,435.27,32938821
1709217000,438.23,440.09,435.02,439,42495152
1709303400,439.9,446.58,439.84,445.61,43853029
1709562600,445.61,446.04,443.77,444.02,34325687
1709649000,440.94,440.95,433.65,436.05,57917135
1709735400,440.32,441.99,436.89,438.79,46234460
1709821800,442.42,446.72,440.86,445.45,44526666
1709908200,445.81,448.64,438.34,439.02,72095957
1710163800,437.51,438.66,435.44,437.39,45859992
1710250200,439.73,444.02,436.46,443.66,55300909
1710336600,442.65,442.67,439.12,440.25,37928691
1710423000,441.5,442.03,436.39,439.14,52195208
1710509400,436.07,438.8733,432.7417,433.92,73069824
1710768600,438.73,441.04,437.24,437.48,47323802
1710855000,435.45,438.98,433.33,438.57,43004105
1710941400,439.78,444.11,438.06,443.77,43653490
1711027800,448.88,449.34,445.67,445.87,39345652
1711114200,445.35,447.49,444.49,446.38,28253899
1711373400,443.55,446.26,442.54,444.76,27789154
1711459800,446.3,447.225,443.09,443.32,34142043
1711546200,446.44,446.54,441.93,444.83,41359240
1711632600,444.78,445.64,443.65,444.01,36839641
1711978200,444.97,447.53,443.02,444.95,38728951
1712064600,440.08,441.43,438.03,441.11,44259665
1712151000,438.96,444,438.95,442.1,39949750
1712237400,446.33,446.95,435.11,435.34,57267660
1712323800,436.78,443.17,435.96,440.47,54744634
1712583000,441.41,442.5,439.2,440.6,28144944
1712669400,442.96,443.24,437.44,442.23,39521568
1712755800,437,439.24,436.28,438.37,61502191
1712842200,440.26,446.33,437.96,445.37,45474550
1712928600,441.1,442.24,436.88,438.27,53664995
1713187800,442.06,442.15,430.21,431.06,63453622
1713274200,430.9,433.76,429.7,431.1,47618961
1713360600,433.1,433.12,424.9,425.84,56880536
1713447000,426.49,428.24,422.83,423.41,46549363
1713533400,422.22,422.75,413.07,414.65,75230990
1713792600,417.31,421.18,413.94,418.82,47807663
1713879000,420.77,426.28,418.8715,425.07,44384741
1713965400,428.2,429.73,424.2,426.51,48440305
1714051800,419.24,425.32,418.14,424.45,57392169
1714138200,427.62,432.55,426.92,431,41874907
1714397400,433.13,433.76,429.98,432.75,30022161
1714483800,431.15,432.56,424.51,424.59,43665934
1714570200,423.15,430.14,420.66,421.52,52251707
1714656600,425.3,427.81,420.63,426.9,36559007
1714743000,434.44,436.48,432.62,435.48,48515252
1715002200,437.3,440.34,436.52,440.25,30227200
1715088600,440.7,441.97,439.58,440.32,30996094
1715175000,437.67,441.48,437.55,440.06,24896723
1715261400,440.33,441.6,438.46,441.02,24580121
1715347800,442.54,444.31,440.499,442.06,27116566
1715607000,443.99,444.09,441.65,443.08,22994192
1715693400,442.65,446.465,442.46,445.93,34478321
1715779800,448.43,453.15,446.9,452.9,41464651
1715866200,452.71,454.69,451.81,451.98,34780412
1715952600,452.11,452.72,449.5399,451.76,35803719
1716211800,451.98,455.58,451.785,454.91,24474226
1716298200,453.04,455.99,452.84,455.8,23167720
1716384600,456.06,456.82,453.08,455.71,25120040
1716471000,460.55,460.58,451.8503,453.66,40899230
1716557400,455.29,459.23,453.5674,457.95,29669461
1716903000,459.18,459.74,456.69,459.68,26216815
1716989400,455.48,458.24,455.34,456.44,29739238
1717075800,455.5,455.64,450.21,451.55,30714121
1717162200,451.78,452.48,443.055,450.71,55941301
1717421400,454.57,455.58,447.9,453.13,32997467
1717507800,452.87,455.575,451.1311,454.37,23767436
1717594200,457.98,463.61,454.408,463.53,33817409
1717680600,464.22,464.54,462.19,463.37,21966820
1717767000,463,465.74,461.84,462.96,25829720
1718026200,461.82,465.19,461.53,464.83,20719771
1718112600,463.54,468.14,462.03,468.02,22053281
1718199000,471.99,476.5,471.29,474.15,34532585
1718285400,477.72,478.39,474.42,476.72,25859014
1718371800,476.52,479.26,476.05,479.19,23372620
1718631000,479.46,486.86,478.14,485.06,37054504
1718717400,485.01,485.9,483.43,485.21,24438565
1718890200,486.42,486.8387,479.62,481.47,33918683
1718976600,481.19,482.535,478.67,480.18,39432913
1719235800,478.18,479.93,473.82,473.96,37750969
1719322200,476.07,479.68,475.12,479.38,29250209
1719408600,478.55,480.92,478.13,480.37,22737105
1719495000,480.12,483.1,479.3,481.61,26222135
1719581400,482.41,487.2,478.46,479.11,34881581
1719840600,480.04,482.49,476.255,481.92,24898336
1719927000,480.41,487.04,480.28,486.98,26723559
1720013400,486.22,491.17,486.22,491.04,18064880
1720186200,491.89,496.6,491.59,496.16,28495936
1720445400,496.53,497.895,495.5,497.34,22109420
1720531800,498.87,500,496.24,497.77,25701253
1720618200,499.71,503.52,498.39,502.96,28046901
1720704600,503.07,503.28,490.725,491.93,49966590
1720791000,492.51,499.62,492.04,494.82,37109399
1721050200,496.61,501.01,494.09,496.15,31151386
1721136600,497.62,498.44,493.15,496.34,25950622
1721223000,488.28,488.7984,481.7,481.77,56268768
1721309400,485.53,485.71,476.27,479.49,49347361
1721395800,479.15,481.69,473.94,475.24,42042856
1721655000,481.16,483.35,477.7068,482.32,40299999
1721741400,481.41,484.43,480.14,480.62,23282454
1721827800,473.82,474.19,462.51,463.38,58818629
1721914200,463.72,467.94,455.63,458.27,59256759
1722000600,462.65,465.93,459.77,462.97,39992132
1722259800,465.71,467.91,461.615,463.9,28218476
1722346200,465.85,466.561,454.15,457.53,41317210
1722432600,467.87,472.79,466.41,471.07,44552134
1722519000,471.76,475.55,455.98,459.66,56653900
1722605400,450.89,453.57,444.47,448.75,66323244
1722864600,424.71,442.29,423.45,435.37,87483452
1722951000,437.23,447.07,434.56,439.53,63164429
1723037400,446.49,449,434.37,434.77,54929163
1723123800,441.06,448.99,437.15,448.07,47890071
1723210200,446.74,452.06,445.61,450.41,33573976
1723469400,451.39,454.37,448.5546,451.38,27795006
1723555800,455.82,462.85,455.68,462.58,40084457
1723642200,463.51,465.1093,458.4,462.73,34733746
1723728600,468.76,474.82,468.38,474.42,38280565
1723815000,472.62,476.41,471.65,475.03,38383623
1724074200,475.17,481.31,473.37,481.27,23737674
1724160600,480.35,482.94,478.55,480.26,29209340
1724247000,481.05,484.37,479.32,482.5,25658787
1724333400,484.84,485.54,473.81,474.85,37739576
1724419800,479.24,482.74,475.28,480,36061508
1724679000,479.45,480.38,473.24,475.34,27452641
1724765400,473.69,477.84,471.71,476.76,27510003
1724851800,476.29,477.02,467.89,471.35,37372436
1724938200,473.28,477.93,469.372,470.66,41081465
1725024600,475.04,476.9,470.51,476.27,33466473
1725370200,473.2,473.33,459.4101,461.81,44985219
1725456600,458.67,464.45,457.73,460.61,32505102
1725543000,458.97,465.36,457.939,461.04,34452385
1725629400,460.33,461.22,448.19,448.69,50624385
1725888600,453.06,455.46,449.823428,454.46,32981169
1725975000,456.24,459.17,452.23,458.66,29680319
1726061400,459.91,469.37,451.28,468.62,57842992
1726147800,468.65,474.04,466.8491,473.22,40175456
1726234200,472.48,476.53,472.25,475.34,29111849
1726493400,473.19,473.8599,469.89,473.24,22585596
1726579800,476.29,477.6,470.97,473.49,30084438
1726666200,474.7,478.83,470.83,471.44,39909215
1726752600,482.61,486.23,480.49,483.36,52782523
1726839000,482.49,483.69,478.3,482.44,34577663
1727098200,482.95,484.14,481.6,483.04,24842972
1727184600,484.46,486.33,480.17,485.37,25952637
1727271000,484.74,487.79,484.56,485.82,26549866
1727357400,493.37,493.7,485.8,489.47,32020206
1727443800,490.5,490.64,485.56,486.75,22851120
1727703000,485.78,488.41,482.92,488.07,30330605
1727789400,487.7,488,477.4,481.27,42735424
1727875800,480.36,483.88,477.72,481.95,23744049
1727962200,479.74,484.545,478.99,481.59,25337220
1728048600,487.45,487.88,482.385,487.32,30744909
1728307800,485.39,486.57,480.87,482.1,24975119
1728394200,484.66,489.99,483.845,489.3,28272017
1728480600,489,493.73,487.95,493.15,24994950
1728567000,490.85,494.47,489.53,492.59,25750446
1728653400,490.74,494.39,490.17,493.36,20644497
1728912600,495.77,498.83,495.26,497.5,26060145
1728999000,497.83,498.5,488.68,490.85,34784506
1729085400,491.18,491.69,487.57,490.91,22996776
1729171800,496.44,496.49,491.1901,491.25,27210658
1729258200,494.06,495.57,493.3,494.47,25335030
1729517400,493.25,496.23,491.31,495.42,30336549
1729603800,492.73,497.445,491.97,495.96,26685841
1729690200,493.59,494.25,485.05,488.36,39346565
1729776600,492.11,493,489.44,492.32,22024930
1729863000,495.14,500.28,494.43,495.32,38762143
1730122200,498.46,498.52,495.1,495.4,20477778
1730208600,495.72,501.35,493.85,500.16,28014059
1730295000,499.39,500.35,495.89,496.38,29755960
1730381400,492.38,492.43,483.75,483.85,41245248
1730467800,485.5,490.7507,485.2,487.43,33655757
1730730600,486.82,489.38,484.2545,486.01,23291580
1730817000,487.61,492.88,487.52,492.21,24353615
1730903400,500.56,506.41,499.6,505.58,43082198
1730989800,508.4,514.33,508.34,513.54,32853120
1731076200,513.035,514.9175,512.41,514.14,22924483
1731335400,515.37,515.58,510.92,513.84,24167479
1731421800,513.77,514.66,509.83,512.91,25835288
1731508200,512.4,514.98,509.95,512.25,24567416
1731594600,511.91,512.79,507.77,508.69,28679519
1731681000,502.94,503.33,494.49,496.57,51461054
1731940200,498.13,502.14,496.73,500.02,27192662
1732026600,497.42,503.9536,497.08,503.46,24523020
1732113000,503.16,503.48,496.555,503.17,29565491
1732199400,506.24,506.96,497.56,504.98,34526738
1732285800,504.42,506.53,502.78,505.79,23826644
1732545000,509.9,511.4525,504.2625,506.59,26375166
1732631400,508.08,510.14,507.23,509.31,26557061
1732717800,508.17,508.24,501.93,505.3,24957441
1732890600,505.93,510.34,505.31,509.74,15333968
1733149800,511.01,516.26,510.62,515.29,25147165
1733236200,513.95,517.15,513.37,516.87,18597900
1733322600,520.32,523.52,519.6,523.26,26086222
1733409000,523.31,524.0399,521.42,521.81,18169632
1733495400,522.48,526.72,522.35,526.48,23762611
1733754600,525.55,526.35,521.22,522.38,20674405
1733841000,523.62,525.38,519.16,520.6,24350040
1733927400,525,530.61,524.59,529.92,32168579
1734013800,527.68,528.96,526.02,526.5,23577504
1734100200,530.46,533.1661,527.3001,530.53,28780405
1734359400,533.08,539.15,533,538.17,31979863
1734445800,536.36,537.48,534.13,535.8,28579070
1734532200,535.15,536.8799,515.01,516.47,54703155
1734618600,521.19,521.7599,513.83,514.17,46441754
1734705000,510.44,524.82,509.29,518.66,60529961
1734964200,519.55,523.25,516.13,522.87,29672800
1735050600,524.83,530.05,524.19,529.96,17558215
1735223400,528.32,531.24,526.31,529.6,19141494
1735309800,526.01,526.45,517.86,522.56,33839555
1735569000,515.51,519.36,511.83,515.61,34584028
1735655400,516.9,517.66,510.26,511.23,29117028
1735828200,514.3,516.64,505.71,510.23,36389783
1735914600,513.35,519.6454,512.53,518.58,29059520
1736173800,524.02,527.92,522.03,524.54,36109734
1736260200,525.59,525.99,513.28,515.18,36690272
1736346600,515.08,516.9199,510.57,515.27,30777777
1736519400,511.48,511.58,503.92,507.19,40532495
1736778600,501.2,506.02,499.7,505.56,31694210
1736865000,508.74,510.155,501.59,505.08,33737237
1736951400,513.03,517.85,511.46,516.7,34957554
1737037800,518.98,519.0599,512.95,513.08,28229037
1737124200,522.85,524.0733,513.1086,521.74,51837941
1737469800,524.48,525.97,520.06,524.8,23627971
1737556200,529.57,533.82,529.26,531.51,33592988
1737642600,529.04,532.76,528.45,532.64,23096588
1737729000,533.02,533.79,528.15,529.63,19878251
1737988200,511,517.99,510.15,514.21,60771695
1738074600,515.22,523,511.78,521.81,33194214
1738161000,522.46,522.59,516.8988,520.83,26649011
1738247400,523.71,526.095,518.21,523.05,27431302
1738333800,526.92,531.5178,521.19,522.29,38845467
1738593000,513.47,520.8496,511.05,518.11,40580835
1738679400,518.63,525.11,518.23,524.47,26046753
1738765800,521.82,527.01,520.62,526.85,21134070
1738852200,527.36,529.81,525.7413,529.6,19434454
1738938600,530.14,532.1,522.19,522.92,29605470
1739197800,527.22,530.3571,526.75,529.25,20852784
1739284200,525.96,529.92,525.83,527.99,19325500
1739370600,522.3,529.19,521.95,528.3,25009362
1739457000,529.98,536.22,529.19,535.9,28714799
1739543400,536.005,538.84,535.67,538.15,17862572
1739889000,539.73,540,536.04,539.37,20565028
1739975400,538.57,540.81,536.46,539.52,19666861
1740061800,538.73,539.1,532.46,537.23,26550753
1740148200,538.38,538.4,525.71,526.08,47093750
1740407400,527.88,529.069,519.53,519.87,39268392
1740493800,519.24,519.32,509.44,513.32,48940025
1740580200,515.53,519.66,511.37,514.56,34457618
1740666600,518.13,519.0699,500.05,500.27,52447966
1740753000,500.13,508.78,496.93,508.17,47654043
1741012200,511.52,513.04,493.58,497.05,44587204
1741098600,494.18,503.74,487.735,495.55,67875402
1741185000,496.2,503.63,491.26,502.01,46323725
1741271400,493.69,498.58,486.2,488.2,57574332
1741357800,487.16,493.28,480.53,491.79,54714726
1741613400,483.45,483.97,468.66,472.73,76668029
1741699800,472.35,478.805,467.01,471.6,68760771
1741786200,479.16,481.06,471.79,476.92,46971082
1741872600,476.25,476.2801,466.43,468.34,46563349
1741959000,473.73,480.56,473.12,479.66,43563010
1742218200,479.61,485.84,477.8,482.77,41744354
1742304600,479.41,479.61,472.41,474.54,39072265
1742391000,476.81,485.33,474.87,480.89,40430334
1742477400,476.88,484.55,476.18,479.26,36780549
1742563800,474.08,481.61,472.905,480.84,42234874
1742823000,487.74,491.51,484.4,490.66,34567186
1742909400,491.39,493.62,490.42,493.46,26035241
1742995800,492.3,493.16,482.82,484.38,35043357
1743082200,482.41,486.5799,480.25,481.62,33469817
1743168600,479.81,480.52,468.05,468.94,46363797
1743427800,461.92,469.86,457.33,468.92,53000303
1743514200,467.3,473.63,464.42,472.7,41156226
1743600600,466.12,479.56,465.86,476.15,49894489
1743687000,456.44,460.07,450.14,450.66,70456338
1743773400,438.14,440.37,422.67,422.67,117088441
1744032600,408.66,443.14,402.39,423.69,161556970
1744119000,438.16,443.1384,409.79,416.06,101248060
1744205400,415.57,467.83,415.43,466,142876878
1744291800,453.56,455.59,432.63,446.18,108384092
1744378200,444.65,455.79,441.33,454.4,52483779
1744637400,464.46,465.05,452.63,457.48,43941179
1744723800,458.54,462.38,456.15,457.99,35404210
1744810200,449.03,452.62,437.76,444.18,48980552
1744896600,447.17,447.75,441.36,444.1,44837047
1745242200,438.23,439.08,427.93,433.11,44149313
1745328600,438.82,447.58,437.62,444.48,52304388
1745415000,458.17,463.38,452.88,454.56,55801136
1745501400,456.48,467.66,455.83,467.35,45956136
1745587800,466.97,473.09,465.39,472.56,38697063
1745847000,473.03,474.808,466.03,472.41,33550778
1745933400,470.17,476.4243,469.59,475.53,30613120
1746019800,467.13,477.2,462.43,475.47,46810610
1746106200,483.41,487.18,480.74,481.68,43316539
1746192600,486.54,490.91,484.83,488.83,39218082
1746451800,484.6,489.03,484.1,485.93,28309490
1746538200,479.56,485.05,478.19,481.41,32786310
1746624600,482.08,485.8,476.782,483.3,38109864
1746711000,488.53,492.7,484.17,488.29,39577592
1746797400,490.21,491.54,486.195,487.97,27767416
1747056600,506.99,507.89,501.48,507.85,45090616
1747143000,509.16,517.39,508.42,515.59,53269573
1747229400,516.77,519.2279,515.75,518.68,47014516
1747315800,516.52,521.93,515.17,519.25,50153275
1747402200,520.66,521.7,517.1,521.51,48394603
1747661400,514.24,522.53,514.24,522.01,52536154
1747747800,519.47,520.93,516.66,520.27,42517561
1747834200,516.27,523,511.24,513.04,71292831
1747920600,513.66,517.71,512.3,514,55607169
1748007000,506.18,511.84,505.58,509.24,58368075
1748352600,516.15,521.71,514.59,521.22,47226323
1748439000,522.18,523.68,518.39,518.91,46637175
1748525400,526.33,526.48,517.32,519.93,58724069
1748611800,519.44,520.68,511.93,519.11,67662836
1748871000,517.24,523.45,515.97,523.21,44762817
1748957400,523.56,528.74,522.69,527.3,44070330
1749043800,528.01,529.84,525.9694,528.77,41359322
1749130200,530.18,533.05,522.66,524.79,61286623
1749216600,530,531.8,528.21,529.92,42467021
1749475800,530.14,532.35,529.01,530.7,33688671
1749562200,531.17,534.9,528.89,534.21,40664795
1749648600,535.62,536.78,530.11,532.41,53701033
1749735000,531.09,534.6438,530.84,533.66,34104887
1749821400,527.68,531.87,525.73,526.96,55814443
1750080600,530.5,535.37,530.45,534.29,37622051
1750167000,531.71,533.325,527.91,529.08,42180866
1750253400,530.1,532.55,527.4,528.99,43983522
1750426200,532.26,533.56,524.88,526.83,61643519
1750685400,526.81,532.17,523.65,531.65,50666146
1750771800,536.89,540.7,536.27,539.78,45441982
1750858200,542.06,543.31,539.38,541.16,44804168
1750944600,543.35,546.67,541.52,546.22,43811432
1751031000,547.26,549.99,544.545,548.09,57577147
1751290200,551.26,552.8,549.01,551.64,45548742
1751376600,549.73,550.71,544.66,546.99,56166736
1751463000,546.16,551,546.12,550.8,36538281
1751549400,553.18,557.2,553.18,556.22,26443524
1751895000,553.52,554.34,549.58,552.03,45349323
1751981400,553.38,554.01,551.1,552.34,36153258
1752067800,554.48,557.63,553.1,556.25,43045534
1752154200,556.89,557.3,552.75,555.45,34710913
1752240600,553.3,555.79,552.05,554.2,39618635
1752499800,553.99,556.945,551.63,556.21,36453314
1752586200,560.25,560.8,556.66,556.72,43277661
1752672600,557.28,560.21,551.56,557.29,52314711
1752759000,558.02,562.31,557.21,561.8,40423778
1752845400,563.12,564.7262,559.98,561.26,50484704
1753104600,562.09,566.06,562.06,564.17,39595214
1753191000,564.3,564.35,558.61,561.25,43270647
1753277400,562.34,563.85,559.58,563.81,40215259
1753363800,565.13,566.24,563.295,565.01,42275541
1753450200,564.93,567.695,564.27,566.37,30630813
1753709400,567.74,569.04,566.87,568.14,31498739
1753795800,570.76,572.11,566.53,567.26,45463317
1753882200,568.18,570.62,565.05,568.02,43433777
1753968600,574.54,574.63,563.87,565.01,64613590
1754055000,558.83,559.02,551.68,553.88,69400789
1754314200,559.05,564.315,558.95,564.1,47669751
1754400600,565.39,566.5607,559.73,560.27,48666640
1754487000,561.11,567.76,560.63,567.32,41823677
1754573400,571.67,573.32,565.11,569.24,44462972
1754659800,570.45,574.77,570.15,574.55,35255472
1754919000,574.69,576.8,571.57,572.85,33112917
1755005400,575.16,580.35,572.485,580.05,42271441
1755091800,582.76,583.3199,578.94,580.34,41209294
1755178200,578.28,581.88,577.91,579.89,45425043
1755264600,579.8,579.84,575.5743,577.34,49480161
1755523800,576.44,577.765,575.2412,577.11,29830957
1755610200,576.39,576.56,568.25,569.28,53752635
1755696600,568.33,568.45,558.84,565.9,76781087
1755783000,564.35,566.49,560.98,563.28,46436899
1755869400,564.67,573.99,563.27,571.97,51502129
1756128600,570.4,573.2871,569.16,570.32,34044749
1756215000,569.83,572.92,568.8,572.61,34103014
1756301400,571.59,574.405,570.37,573.49,36927144
1756387800,574.11,578,572.46,577.08,46787857
1756474200,574.655,575.03,568.54,570.4,56030409
1756819800,561.31,565.965,559.535,565.62,65876765
1756906200,569.23,571.695,566.725,570.07,54230213
1756992600,570.74,575.6,569.025,575.23,47526280
1757079000,580.49,581.12,571.53,576.06,68342532
1757338200,578.37,580.84,577.77,578.87,46371354
1757424600,579.67,580.94,577.04,580.51,44007592
1757511000,583.74,583.77,578.55,580.7,49307959
1757597400,583.24,584.88,581.62,584.08,44745766
1757683800,585.04,587.86,584.1,586.66,50745886
1757943000,588.44,591.79,588.295,591.68,44360315
1758029400,592.61,592.86,590.49,591.18,36942130
1758115800,591.1,591.75,584.365,590,69384820
1758202200,594.91,598.14,592.96,595.32,61069294
1758288600,597.33,600.05,595.85,599.35,58196109
1758547800,597.74,602.87,597.72,602.2,57154769
1758634200,602.37,602.57,596.98,598.2,64635486
1758720600,599.58,599.9,593.36,596.1,49850301
1758807000,592.2,595.115,588.5,593.53,70920209
1758893400,594.35,596.3,591.06,595.97,54337416
1759152600,599.11,602.05,597.41,598.73,48332934
1759239000,598.43,600.71,596.1,600.37,46533814
1759325400,597.17,603.79,596.34,603.25,46899612
1759411800,607.06,607.16,602.93,605.73,43765410
1759498200,606.51,607.3255,601.385,603.18,46482098
1759757400,608.45,609.36,605.97,607.71,41962115
1759843800,609.02,609.71,603.03,604.51,58209463
1759930200,605.41,611.75,605.26,611.44,50629754
1760016600,611.48,611.61,607.48,610.7,45550958
1760103000,611.4,613.18,589.05,589.5,97614783
1760362200,599.68,602.95,597.23,602.01,65872584
1760448600,595.31,602.69,590.13,598,69203187
1760535000,604.01,606.7,595.93,602.22,62805456
1760621400,605.11,608.31,595.5,599.99,70981963
1760707800,597.95,605.51,596.37,603.93,72024872
1760967000,607.14,612.8,607.065,611.54,45761697
1761053400,611.64,612.7213,609.32,611.38,44538161
1761139800,610.82,611.41,599.74,605.49,61478802
1761226200,604.91,611.37,604.52,610.58,42844298
1761312600,615.99,618.42,615.13,617.1,47632473
1761571800,624.52,628.55,624.03,628.09,54098611
1761658200,630.36,634.68,629.25,632.92,61195733
1761744600,635.59,637.01,630.25,635.77,67422806
1761831000,632.17,633.5,625.94,626.05,61628621
1761917400,634.17,634.2,626.69,629.07,66305147
1762180200,635.11,635.82,629.85,632.08,37154307
1762266600,623.28,626.95,618.455,619.25,63830768
1762353000,618.49,626.6,617.21,623.28,48688484
1762439400,621.79,622.04,610.3,611.67,72115128
1762525800,608.31,609.95,598.67,609.74,81835388
1762785000,618.92,624.31,616.89,623.23,55919931
1762871400,620.57,622.72,617.52,621.57,44868841
1762957800,624.84,624.86,617.81,621.08,47444384
1763044200,617.54,618.12,606.08,608.4,71333634
1763130600,599.55,613.35,597.17,608.86,80087291
1763389800,606.3,612.48,599.87,603.66,63850367
1763476200,599.62,602.31,591.34,596.31,83327279
1763562600,597.07,606.16,594.59,599.87,73111487
1763649000,611.62,614.03,584.75,585.67,117743195
1763735400,587.47,596.98,580.74,590.07,103344155
1763994600,595.28,606.68,595.16,605.16,60168149
1764081000,603.51,610.2601,597.32,608.89,57560867
1764167400,612.51,616.19,610.39,614.27,42393598
1764340200,616.11,619.32,615.4174,619.25,23034394
1764599400,613.63,619.4401,612.52,617.17,40957588
1764685800,619.46,623.75,617.59,622,54541834
1764772200,619.62,624.22,618.03,623.52,47841627
1764858600,624.93,624.94,619.54,622.94,47067751
1764945000,624.38,628.92,623.71,625.48,53614169
1765204200,627.21,628.84,621.69,624.28,43462406
1765290600,623.01,625.87,621,625.05,37155999
1765377000,623.85,629.21,620.99,627.61,55031384
1765463400,623.82,625.78,617.72,625.58,58272844
1765549800,622.08,623.54,611.36,613.62,75158726
1765809000,618.37,618.42,609.32,610.54,49538197
1765895400,608.26,613.51,606.9101,611.75,55152819
1765981800,613.06,613.65,600.28,600.41,70654327
1766068200,609.8,612.93,606.92,609.11,78875824
1766154600,611.95,617.62,611.87,617.05,60369829
1766413800,621.35,621.65,617.77,619.21,43703101
1766500200,618.2,622.41,617.78,622.11,41120445
1766586600,621.99,624.28,621.72,623.93,18468707
1766759400,624.66,625.515,623.14,623.89,28959778
1767018600,620.1,622.78,618.73,620.87,32458308
1767105000,619.84,622.18,619.215,619.43,31226754
1767191400,619.65,619.96,614.05,614.31,40746527
1767364200,620.06,622.85,610.15,613.12,61859163
1767623400,619.32,620.81,616.72,617.99,46828359
1767709800,619.23,624.0213,618.54,623.42,43137520
1767796200,623.04,627.94,622.56,624.02,44880339
1767882600,623.03,623.42,617.8,620.47,50435941
1767969000,621.41,627.89,619.06,626.65,49688734
1768228200,622.31,628.845,622.26,627.17,37388651
1768314600,627.27,629.47,623.695,626.24,44481380
1768401000,622.24,623.45,614.56,619.55,72598700
1768487400,626.6,630,620.75,621.78,53934892
1768573800,625.5,626.08,618.88,621.26,61058094
1768919400,610.53,615.055,607.05,608.06,81988898
1769005800,609.47,620.42,607.8635,616.28,79837881
1769092200,622.35,622.46,617.78,620.76,42254757
1769178600,619.73,625.3999,618.65,622.72,43645825
1769437800,623.21,627.61,622.12,625.46,35983008
1769524200,628.91,632.0427,627.34,631.13,38997212
1769610600,635.46,636.6,631.81,633.22,50691691
1769697000,632.65,633.67,618.27,629.43,79944047
1769783400,625.71,628.256,619.2975,621.87,65650714
1770042600,618.7,628.49,618.66,626.14,49020292
1770129000,628.3,629.98,610.96,616.52,81233969
1770215400,615.02,615.1,600.47,605.75,81850748
1770301800,600.21,604.81,594.76,597.03,89354492
1770388200,600.19,611.41,598.77,609.65,78019338
1770647400,607.54,616.46,605.07,614.32,56797557
1770733800,615.305,617.02,611.01,611.47,53938859
1770820200,616.38,617.52,607.69,613.11,58575101
1770906600,614.71,615.81,599.5699,600.64,81378903
1770993000,600.43,606.48,596.42,601.92,69237547
1771338600,598.375,603.95,593.34,601.3,69013763
1771425000,602.11,609.771,600.72,605.79,64250668
1771511400,602.81,605.815,600.75,603.47,60960839
1771597800,600.12,610.35,599.23,608.81,74127323
1771857000,606.605,608.01,599.05,601.41,63859111
1771943400,602.4,608.99,599.73,607.87,55023732
1772029800,611.07,616.83,611,616.68,55710653
1772116200,615.59,615.59,603.98,609.24,96178870
1772202600,602.98,608.32,602.19,607.29,68125197
1772461800,598.86,609.92,597.99,608.09,75264644
1772548200,596.33,603.96,591.87,601.58,97015532
1772634600,604.16,612.88,603.43,610.75,70943888
1772721000,607.4,612.76,602.26,608.91,89602407
1772807400,600.31,606,598.33,599.75,86302307
1773063000,594.225,609.27,591.33,607.76,93068170
1773149400,607.78,613.29,605.42,607.77,64078867
1773235800,608.95,612.43,605.03,607.69,60114800
1773322200,602.76,604.14,597.05,597.26,71836629
1773408600,599.73,603.5999,592.57,593.72,63145490
1773667800,600.04,603.86,599.11,600.38,49077155
1773754200,603.14,605.9,601.87,603.31,47106607
1773840600,601.49,603.16,594.56,594.9,56127962
1773927000,589.51,595.8,587.08,593.02,75597578
1774013400,591.06,591.17,578.54,582.06,91964677
1774272600,590.52,595.08,585.96,588,89936118
1774359000,584.81,587.93,581.93,583.98,57750895
1774445400,589.14,591.37,585.69,587.82,60475491
1774531800,582.6,584.63,573.43,573.79,81492124
1774618200,570.81,571.02,561.57,562.58,82702240
1774877400,567.38,568.05,555.6,558.28,70602622
1774963800,564.29,578.64,564.21,577.18,95877997
1775050200,581.48,587.739,580.42,584.31,79435132
1775136600,573.97,586.05,571.92,584.98,50941709
1775482200,586.23,590.61,584.69,588.5,35108496
1775568600,585.64,588.98,578.4001,588.59,49948195
1775655000,608.71,609.9,602.12,606.09,63085996
1775741400,605.93,610.5,603.03,610.19,37837538
1775827800,611.84,613.67,609.58,611.07,34038533
1776087000,609.48,626.74,608.11,617.39,32972110
1776173400,620.22,628.6,620.1,628.6,49921081
1776259800,629.08,637.83,628.2,637.4,50102386
1776346200,639.21,642.18,635.255,640.47,42320581
1776432600,645.59,650,644.07,648.85,53488871
1776691800,648.04,648.76,642.52,646.79,37138511
1776778200,648.41,650.2,642.21,644.33,39580523
1776864600,650.15,655.33,648.52,655.11,37368402
1776951000,653.55,656.92,645.52,651.42,40099827
1777037400,658.51,664.51,656.5301,663.88,45563050
1777296600,663.4,664.43,660.69,664.23,32717030
1777383000,657.41,659.64,653.81,657.55,34147916
1777469400,658.63,661.72,656.5899,661.57,31724860
1777555800,665.35,668.9,657.56,667.74,40622226
1777642200,669.16,675.97,668.8,674.15,39172607
1777901400,674.66,676.73,668.9,672.88,34541990
1777987800,677.96,682.7734,677.51,681.61,37101063
1778074200,687.78,695.93,686.48,695.77,38778492
1778160600,696.58,701.24,691.77,694.94,43779087
1778247000,699.92,711.23,699.5,711.23,44320421
1778506200,710.36,714.59,708.91,713.29,36019146
1778592600,708.22,710.18,696.64,707.24,45873009
1778679000,709.96,716.65,704.83,714.71,40012526
1778765400,714.62,722.03,714.22,719.79,33327545
1778851800,710.14,715.13,705.55,708.93,51792656
1779111000,711.54,712.07,698.85,705.88,49834549
1779197400,699.81,706.49,695.25,701.53,46827529
1779283800,705.29,713.15,703.79,713.15,36779222
1779370200,708.99,717.12,706.77,714.51,36415360
1779456600,718.07,722.12,715.95,717.54,33118575
1779802200,725.96,731.17,724.16,730.28,34254692
1779888600,732.96,733.32,725.44,729.45,35148674
1779975000,729.73,736.6,726.41,735.6,32839952
1780061400,737.84,741.63,735.25,738.31,37541668
1780320600,737.04,745.65,735.99,742.74,33890559
1780407000,742.4,746.44,739.23,746.16,30085237
1780493400,747.31,748.65,741.01,744.21,40270198
1780579800,735.48,743.4988,732.62,740.61,40782580
1780666200,730.06,731.69,704.32,705.06,99606572
1780925400,717.81,723.03,713.07,716.07,47401451
1781011800,722.98,725.66,686.37,707.83,91932171
1781098200,701.66,711.28,692.93,693.69,65334283
1781184600,699.29,718.3721,695,717.12,71798857
1781271000,717.61,724.01,711.28,721.34,51236021
1781530200,738.1,744.7599,737.38,744,46710216
1781616600,742.25,744.22,729.64,729.86,45348675
1781703000,735.19,735.68,720.85,722.51,51669322
1781789400,737.2,741.82,732.51,740.62,50154595
1782135000,742.02,745.45,734.39,737.95,43518595
1782221400,715.74,723.61,712.1101,713.65,53354151
1782307800,715.37,719.93,704.45,710.62,52480437
1782394200,725.9,726.83,705.3,716.38,50144089
1782480600,707.13,715.555,702.81,706.52,47081821
1782739800,713.99,724.58,705.172,724.08,44939090
1782826200,724.18,737.62,723.91,736.4,42121829
1782912600,729.19,731.92,724.6,725.17,40803791
1782999000,725.58,730.83,707.56,712.6,51086080
1783344600,719.93,726.08,718.45,722.82,30220428
1783431000,714.17,716.35,704.9,709.43,42483079
1783517400,704.95,712.2599,700.91,711.44,35603179
1783603800,718.33,724.23,715.125,723.28,33654712
1783690200,720.7,726.39,717,725.51,26415898
1783949400,717.72,718.74,710.08,711.74,36552362
1784035800,720.22,722.29,714.34,719.69,29448117
1784122200,723.85,724.36,710.23,717.74,32627583
1784208600,712.01,713.599,702.61,705.94,39402024
1784295000,691.65,702.3,686.76,695.33,54109267
1784554200,702.16,705.8,695.51,696.06,29687558
1784640600,706.57,710.05,702.8,708.97,33728341
1784727000,703.62,709.65,703.62,705.35,23692181
1784813400,694.67,698.66,687.79,691.96,44028575
1784899800,690.41,692.63,682.48,684.23,42876658
1785159000,691.68,692.3,675.945,682.12,42681473
1785245400,676.23,679.4,667.88,675.49,51398741
1785331800,675.505,680.05,661.14,661.73,57233269
1785418200,674.76,685.12,673.3,683.55,66753681
1785504600,692.11,695.77,680.0512,687.99,50540483
1785763800,688.3,701.59,685.82,700.07,44965071
1785850200,708.16,725.66,707.53,723.85,59778624
1785936600,726.25,728.54,716.92,717.3,33540176
1786023000,710.82,719.32,708.5,714.65,33035860
1786109400,720.15,723.63,716.51,723.03,31070371
1786368600,722.39,724.67,720.33,720.87,26243183
1786455000,723.29,723.35,715.5,718.45,29286144
1786541400,727.08,727.25,722.92,723.7,29065976
1786627800,725.15,733.96,724.03,732.07,31599737
1786714200,733.41,734.39,728.32,731.07,23790607
1786973400,732.95,734.58,729.27,729.87,26452580
1787059800,720.21,722.13,715.92,717.51,48997172
1787146200,720.39,721.4999,712.61,716.08,35801712
1787232600,712.09,714.94,708.52,710.93,33396416
1787319000,715.23,715.6738,709.2,713.44,33399407
1787578200,709.66,709.79,702.7,706.32,37443142
1787664600,711.22,714.04,707.45,710.72,23869646
1787751000,708.41,713.02,707.97,711.37,20392390
1787837400,716.93,721.35,714.525,721.11,28723451
1787923800,719.74,724.125,715.085,716.43,34105374
1788183000,715.17,717.58,713.16,716.76,32237181
1788269400,707.39,712.3,704.66,707.64,35236116
1788355800,707.1,709.7988,705.1,709.24,23476207
1788442200,710.85,718.915,709.69,717.67,29449781
1788528600,719.345,721.86,716.56,718.96,32871076
1788874200,720.909,721.886,715.57,718.36,28341416
1788960600,716.4,719.7,714.02,716.31,26763377
1789047000,707.55,712.06,706.855,708.69,31414409
1789133400,715.68,717.63,713.63,714.88,26649142
