t,o,h,l,c,v
1412688600,24.835,24.905,24.465,24.465,7972564
1412775000,24.475,25.02,24.25,24.985,15607090
1412861400,24.95,24.98,24.3875,24.4,7618362
1412947800,23.715,23.78,22.63,22.785,33935144
1413207000,22.92,23.175,22.46,22.46,12968202
1413293400,22.83,23.335,22.72,22.94,19158680
1413379800,22.295,23.095,22.215,22.935,9758472
1413466200,22.545,23.45,22.54005,23.21,8794520
1413552600,23.545,23.74,23.375,23.455,7656940
1413811800,23.33,23.725,23.235,23.68,7087822
1413898200,23.83,24.43,23.74,24.41,8816304
1413984600,24.535,24.685,24.11,24.12,9969166
1414071000,24.42,24.56,24.33,24.43,7180632
1414157400,24.465,24.705,24.365,24.635,4837256
1414416600,24.47,25.05,24.385,25.05,4476044
1414503000,24.82,25.12,24.805,25.115,5966362
1414589400,25.07,25.2,24.875,25.13,6005822
1414675800,24.97,25.03,24.48,24.725,16088950
1414762200,25.515,25.7725,25.485,25.71,10294556
1415025000,25.725,25.955,25.675,25.855,4579734
1415111400,25.84,25.975,25.655,25.845,2231650
1415197800,25.94,26.07495,25.75,26.02,5689110
1415284200,26.035,26.13,25.83,25.99,5161616
1415370600,26,26.03,25.575,25.79,6357042
1415629800,25.835,26.035,25.78,25.985,3241378
1415716200,26.125,26.125,25.83375,25.91,1553504
1415802600,25.8,25.885,25.72,25.855,1404470
1415889000,25.945,26.145,25.835,25.925,3285586
1415975400,25.925,26.16,25.76,26.15,3680184
1416234600,26.065,26.115,25.82,26.02,3198894
1416321000,26.07,26.445,26.005,26.355,4960570
1416407400,26.425,26.4995,26.195,26.31,2541202
1416493800,26.2,26.725,26.115,26.705,3801544
1416580200,26.995,27.015,26.685,26.86,4203522
1416839400,26.93,27.11,26.835,27.065,3577912
1416925800,27.11,27.18,27.0214,27.045,4766014
1417012200,27.075,27.605,27.075,27.59,3226742
1417185000,27.685,27.875,27.575,27.775,3432054
1417444200,27.74,27.8095,27.365,27.455,6546908
1417530600,27.4,27.53,27.29,27.52,3597112
1417617000,27.68,28.085,27.615,27.99,6918174
1417703400,28.105,28.125,27.865,28.03,6425232
1417789800,28.065,28.27,28.045,28.265,3575738
1418049000,28.22,28.32,27.705,27.88,5439810
1418135400,27.565,27.93,27.45,27.83,10729842
1418221800,27.79,27.845,27.34,27.4,6291144
1418308200,27.56,27.83,27.44,27.515,3525588
1418394600,27.28,27.4775,27.08,27.105,7613512
1418653800,27.26,27.51,26.8,26.87,9540478
1418740200,26.79,27.215,26.635,26.645,12206068
1418826600,26.715,27.215,26.465,27.175,9739850
1418913000,27.635,27.66,27.4,27.65,9203210
1418999400,27.7,27.835,27.43,27.55,5270964
1419258600,27.415,27.735,27.35,27.685,4902490
1419345000,27.78,27.8775,27.6175,27.625,2968654
1419431400,27.705,27.795,27.6,27.695,1261856
1419604200,27.96,27.96,27.645,27.67,1292872
1419863400,27.715,27.715,27.52,27.595,2120400
1419949800,27.55,27.55,27.415,27.42,4968694
1420036200,27.49,27.69,27.275,27.31,6521016
1420209000,27.33,27.5795,27.035,27.245,3612048
1420468200,27.155,27.18,26.745,26.76,5594610
1420554600,26.72,26.72,26.03745,26.13,12135734
1420641000,26.255,26.575,26.1875,26.47,8044578
1420727400,26.805,27.21,26.69,27.13,6162054
1420813800,27.2,27.235,26.735,27.05,3346632
1421073000,27.01,27.06,26.54,26.705,6240846
1421159400,26.755,27.245,26.415,26.555,7038822
1421245800,26.35,26.665,26.19055,26.455,7464250
1421332200,26.8,27.015,26.53,26.6,7772886
1421418600,26.435,26.85,26.275,26.815,7306080
1421764200,26.895,27.16,26.745,27.08,5092088
1421850600,27.045,27.49495,26.96,27.43,5385060
1421937000,27.39,27.675,26.965,27.675,6108008
1422023400,27.565,27.7675,27.495,27.555,3742900
1422282600,27.51,27.595,27.28925,27.56,3602322
1422369000,27.17,27.27,26.815,27.01,10021880
1422455400,27.35,27.47,26.775,26.78,7021098
1422541800,26.86,27.06,26.45,26.93,6044558
1422628200,26.73,26.935,26.325,26.365,7182540
1422887400,26.37,26.49,25.92,26.415,13757366
1422973800,26.62,26.825,26.445,26.79,6067630
1423060200,26.78,27.16,26.78,26.98,7655776
1423146600,27.155,27.25,26.925,27.25,5047232
1423233000,27.25,27.42,26.9,26.96,5105770
1423492200,26.865,26.865,26.465,26.605,5815310
1423578600,27.08,27.4875,26.915,27.48,7357612
1423665000,27.495,27.72665,27.4,27.64,5740410
1423751400,27.75,28.03,27.74,28.03,5937394
1423837800,28.065,28.25,27.93,28.195,5912286
1424183400,28.145,28.325,28.07,28.315,3562540
1424269800,28.295,28.31,28.11,28.22,5212750
1424356200,28.145,28.31,28.085,28.235,4733922
1424442600,28.25,28.385,28.07,28.365,4190728
1424701800,28.315,28.345,28.08,28.16,2701492
1424788200,28.18,28.745,28.075,28.74,5209632
1424874600,28.665,28.715,28.48,28.545,3616632
1424961000,28.57,28.755,28.52,28.65,4028898
1425047400,28.64,28.69,28.465,28.485,7038910
1425306600,28.725,29.235,28.725,29.235,9773704
1425393000,29.075,29.135,28.7,28.755,9878050
1425479400,28.755,28.755,28.42,28.71,4061880
1425565800,28.86,28.88,28.5775,28.7,2515628
1425652200,28.555,28.63,28.275,28.34,3590584
1425907800,28.305,28.37,28.125,28.24,3771216
1425994200,28.01,28.06,27.66,27.665,9557714
1426080600,27.855,28.15,27.8525,27.87,7273172
1426167000,27.395,27.795,27.395,27.715,9198580
1426253400,27.685,27.955,27.585,27.945,6343002
1426512600,28.01,28.345,28.01,28.315,5881970
1426599000,28.095,28.165,27.945,28.125,2674118
1426685400,28.075,28.53015,27.77,28.385,10024170
1426771800,28.355,28.48,28.3275,28.42,4733284
1426858200,28.575,28.94,28.575,28.87,6201398
1427117400,28.805,28.915,28.615,28.615,5507108
1427203800,28.58,28.66,28.355,28.355,5225882
1427290200,28.365,28.365,26.985,27.03,20870628
1427376600,26.48,27.06,26.31,26.835,23673314
1427463000,26.795,27.865,26.755,27.695,15603472
1427722200,27.775,28.065,27.615,27.93,10097474
1427808600,27.805,27.975,27.635,27.65,5471650
1427895000,27.675,27.675,27.28,27.38,6369736
1427981400,27.515,27.705,27.425,27.455,5736918
1428327000,27.12,27.59,27.05,27.525,6550306
1428413400,27.51,27.78,27.49015,27.54,3759046
1428499800,27.445,27.75,27.435,27.675,3848896
1428586200,27.44,27.975,27.44,27.95,5220796
1428672600,27.915,28.115,27.915,28.115,3024394
1428931800,28.125,28.225,27.8975,27.92,6005106
1429018200,27.935,27.96,27.545,27.665,5845218
1429104600,27.84,28.28,27.84,28.18,6375138
1429191000,27.865,28.13,27.865,28.055,10816830
1429277400,27.795,27.835,27.56,27.695,5640826
1429536600,27.845,28.045,27.845,27.925,3556326
1429623000,28.2,28.32,27.995,28.105,4024838
1429709400,28.305,28.615,28.135,28.615,4985898
1429795800,28.095,28.44,28.085,28.32,5246366
1429882200,28.395,28.485,27.92,28.02,8055566
1430141400,28.06,28.525,28.015,28.245,27557722
1430227800,28.215,28.24,27.8275,28.225,6500872
1430314200,28.025,28.12,27.765,28.02,8033278
1430400600,27.925,28.035,27.59,27.73,6352296
1430487000,27.98,28.53,27.975,28.52,8295960
1430746200,28.55,28.59,28.315,28.365,5460314
1430832600,28.21,28.275,27.8075,27.825,12282130
1430919000,27.965,28.065,27.63,27.82,8962220
1431005400,27.89,28.115,27.87,28.02,6930134
1431091800,28.22,28.4025,28.2,28.285,8114418
1431351000,28.265,28.365,28.17,28.275,6724470
1431437400,28.18,28.205,27.91,28.06,6319452
1431523800,28.13,28.405,28.12,28.2,4333194
1431610200,28.36,28.61,28.275,28.49,8296318
1431696600,28.59,28.65,28.395,28.53,6632008
1431955800,28.6,28.79,28.465,28.78,3563416
1432042200,28.9,28.9775,28.615,28.73,4022464
1432128600,28.715,29,28.66,28.815,3047400
1432215000,28.795,28.9175,28.5925,28.87,2819408
1432301400,28.845,28.995,28.845,28.895,1732392
1432647000,28.85,28.85,28.545,28.665,4396794
1432733400,28.81,29.8225,28.735,29.735,15446318
1432819800,29.71,29.885,29.565,29.775,13910584
1432906200,29.815,29.995,29.745,29.905,11821432
1433165400,29.985,30.065,29.64,29.8,7304078
1433251800,29.655,29.765,29.365,29.375,5703386
1433338200,29.565,29.57,29.145,29.17,3508476
1433424600,29.075,29.15,28.74,28.825,6571232
1433511000,28.76,28.855,28.555,28.74,3332606
1433770200,28.745,28.75,28.165,28.225,8659580
1433856600,28.25,28.36,28.025,28.255,7530228
1433943000,28.415,28.79,28.4,28.685,5838120
1434029400,28.84,28.895,28.6875,28.72,3451354
1434115800,28.585,28.655,28.44,28.475,3000700
1434375000,28.195,28.43,28.07,28.395,5048544
1434461400,28.29,28.5875,28.23,28.52,3259556
1434547800,28.52,28.68,28.44,28.545,2815202
1434634200,28.64,29.055,28.635,28.95,4358032
1434720600,29.025,29.045,28.71,28.845,5700174
1434979800,29.06,29.125,28.93,29.095,4815008
1435066200,29.145,29.205,28.865,28.955,3083482
1435152600,28.96,29.01,28.71,28.73,4513832
1435239000,28.94,28.995,28.7275,28.795,2351454
1435325400,28.51,28.51,27.775,27.955,20158650
1435584600,27.59,27.75,27.12,27.155,14581740
1435671000,27.425,27.51,27.15,27.285,9920592
1435757400,27.555,27.74,27.30625,27.39,7093554
1435843800,27.495,27.66,27.365,27.56,7262596
1436189400,27.285,27.515,26.995,27.115,9861596
1436275800,26.95,27.045,26.22,26.98,15372182
1436362200,26.715,26.715,26.195,26.275,19992672
1436448600,26.79,26.815,25.9325,25.98,13330610
1436535000,26.235,26.535,26.235,26.45,12053582
1436794200,26.61,26.7375,26.24,26.68,8819018
1436880600,26.805,26.9575,26.7625,26.895,10953576
1436967000,26.945,26.9825,26.64,26.76,8059840
1437053400,26.91,26.91,26.45,26.745,12379664
1437139800,26.74,26.765,26.47,26.73,7441888
1437399000,26.755,26.815,26.505,26.515,4809792
1437485400,26.51,26.73,26.455,26.495,5674100
1437571800,25.76,26.235,25.61,25.85,17806104
1437658200,26.02,26.51,26,26.21,10110682
1437744600,26.275,26.3,25.59,25.605,7354474
1438003800,25.44,25.67,25.215,25.505,9295420
1438090200,25.595,26.2,25.4425,26.035,14212648
1438176600,26.085,26.2,25.855,26.14,7921988
1438263000,26.15,26.455,26.07,26.38,7605286
1438349400,26.365,26.375,26.0125,26.075,4326038
1438608600,26.03,26.05,25.805,25.95,5694868
1438695000,25.885,25.935,25.5075,25.675,7697138
1438781400,26.115,26.175,25.695,25.985,6238208
1438867800,26,26,25.45,25.685,8453756
1438954200,25.595,25.78,25.505,25.75,5166228
1439213400,25.9,26.475,25.885,26.4,9107558
1439299800,26,26.085,25.695,25.8,5672346
1439386200,25.47,25.965,25.245,25.865,6471982
1439472600,25.79,25.875,25.505,25.51,3232348
1439559000,25.395,25.46,25.165,25.325,4578784
1439818200,25.205,25.535,25.02,25.52,6324088
1439904600,25.47,25.505,25.025,25.07,10867518
1439991000,25.11,25.13,24.655,24.815,15532022
1440077400,24.61,24.62,24,24.005,10792684
1440163800,23.72,24.06,23.345,23.395,21142270
1440423000,21.765,23.985,21.765,23.025,19834052
1440509400,23.485,24.025,22.83,22.83,12624240
1440595800,23.285,23.91,23.075,23.875,9502602
1440682200,24.19,24.725,24.19,24.67,11120574
1440768600,24.64,24.945,24.565,24.88,9824610
1441027800,24.77,25.06,24.57,24.775,5967860
1441114200,24.28,24.51,23.845,24.005,13666940
1441200600,24.485,24.615,24.22,24.6,8109606
1441287000,24.815,25.13,24.75,24.845,5681362
1441373400,24.58,24.685,24.3225,24.455,6818432
1441719000,25.045,25.415,24.99,25.385,10223208
1441805400,25.615,25.875,24.93,25,13549188
1441891800,24.945,25.325,24.685,25.08,10696214
1441978200,24.855,25.16,24.8,25.125,7115660
1442237400,25.27,25.325,25.075,25.185,2958258
1442323800,25.405,25.66,25.32,25.555,7775658
1442410200,25.625,25.695,25.4,25.67,2446148
1442496600,25.67,25.94,25.475,25.505,5659576
1442583000,25.075,25.41,24.98,25.075,8767902
1442842200,25.25,25.285,24.91,25.06,5692162
1442928600,24.56,24.73,24.435,24.54,10660626
1443015000,24.57,24.6575,24.335,24.365,3530408
1443101400,24.11,24.4775,23.77,24.355,7770132
1443187800,24.71,24.82,24.295,24.485,4268492
1443447000,24.405,24.515,23.94,23.965,6083462
1443533400,23.96,24.295,23.84,24.13,8143524
1443619800,24.6,25.01,24.525,24.94,6315186
1443706200,25.015,25.015,24.38,24.775,5670078
1443792600,24.47,25.18,24.445,25.165,7659548
1444051800,25.425,25.765,25.305,25.61,7922328
1444138200,25.59,25.805,25.335,25.715,11149096
1444224600,25.99,26.25,25.705,26.1,9412146
1444311000,26.12,26.435,25.91,26.435,5992306
1444397400,26.305,26.39,26.01,26.13,4006180
1444656600,26.255,26.255,26.075,26.17,2566678
1444743000,25.965,26.1175,25.84,25.85,6764316
1444829400,25.83,26.84,25.745,26.625,23660236
1444915800,26.805,26.97,26.615,26.805,9743310
1445002200,26.84,26.93995,26.685,26.915,4762460
1445261400,26.93,27.06,26.76995,26.935,5340892
1445347800,26.9,27.005,26.775,26.88,6586796
1445434200,27.19,27.36,26.925,26.93,6060644
1445520600,27.325,27.8325,27.325,27.75,9127450
1445607000,28.01,28.18,27.78,28.065,10415044
1445866200,28.04,28.04,27.445,27.53,4208994
1445952600,27.335,27.555,27.285,27.36,7204920
1446039000,27.5,27.71,27.325,27.635,9956904
1446125400,27.03,27.16,26.8825,26.92,8654298
1446211800,27.035,27.2325,27.015,27.105,3365616
1446474600,27.17,27.405,27.11055,27.36,3818708
1446561000,27.275,27.72,27.235,27.595,3427688
1446647400,27.73,27.815,27.565,27.775,4004934
1446733800,27.555,27.595,26.985,27.055,5219458
1446820200,27.22,27.625,27.15,27.595,6432970
1447079400,27.555,27.555,27.21,27.375,3274362
1447165800,27,27.085,26.83,26.94,4874786
1447252200,26.95,27.215,26.93,26.95,2070786
1447338600,26.85,26.96495,26.6,26.605,4982526
1447425000,26.545,26.63,26.215,26.33,6644772
1447684200,26.33,26.67,26.325,26.67,3844180
1447770600,26.64,27.08,26.64,26.94,5432888
1447857000,26.935,27.11,26.695,27.08,5680482
1447943400,27.26,27.53,27.045,27.29,7587472
1448029800,27.365,27.56,27.305,27.395,2667778
1448289000,27.395,27.395,27.04,27.085,2455908
1448375400,26.935,27.4,26.935,27.37,8014310
1448461800,27.34,27.535,27.29,27.41,2012950
1448634600,27.435,27.605,27.425,27.545,1344542
1448893800,27.65,27.9,27.55,27.9,4766730
1448980200,27.94,28.23,27.94,28.23,3111344
1449066600,28.31,28.445,28.08,28.12,3616160
1449153000,28.475,28.487,27.7675,27.93,6402544
1449239400,27.985,28.4575,27.85,28.4,3891512
1449498600,28.495,28.495,28.1225,28.165,4817744
1449585000,27.83,28.025,27.7,27.91,3872026
1449671400,27.84,27.98,27.46,27.615,6798732
1449757800,27.61,27.925,27.6,27.715,3527738
1449844200,27.35,27.51,27.125,27.18,7769592
1450103400,27.2,27.245,26.685,26.975,8035006
1450189800,27.09,27.535,27.09,27.4,6334624
1450276200,27.6,27.65995,27.18,27.615,3467740
1450362600,27.705,27.805,27.215,27.245,7532818
1450449000,27.035,27.1725,26.87,26.87,8333296
1450708200,26.565,26.76,26.4775,26.76,5164344
1450794600,26.81,26.9,26.66,26.875,2295030
1450881000,26.925,27.0525,26.87,27.02,1595560
1450967400,26.965,27.2,26.94,27.095,927038
1451313000,26.995,27.06,26.76,27.03,3046020
1451399400,27.14,27.425,27.115,27.33,2377202
1451485800,27.39,27.39,27.04,27.065,4888746
1451572200,26.96,26.96,26.64,26.64,3245918
1451917800,26.17,26.36,25.995,26.36,5739272
1452004200,26.36,26.43,26.07,26.115,6894740
1452090600,25.645,25.695,25.215,25.44,6245224
1452177000,24.85,25.2075,24.62375,24.655,9856144
1452263400,24.73,24.9,24.265,24.265,6364508
1452522600,24.57,24.68,24.14,24.485,6564354
1452609000,24.825,24.89,24.345,24.695,9613942
1452695400,24.58,24.885,23.94,23.97,10653360
1452781800,24.065,24.725,23.8525,24.605,9039828
1452868200,23.395,23.68,23.07,23.35,10587074
1453213800,23.705,23.885,23.305,23.505,15148540
1453300200,23.215,23.795,23.005,23.565,10765074
1453386600,23.83,24.165,23.495,23.89,8607116
1453473000,24.36,24.485,24.18,24.345,8001222
1453732200,24.3,24.38,24.03,24.07,4509646
1453818600,24.19,24.44,24.075,24.275,7913568
1453905000,24.205,24.43,23.9,24.005,7428622
1453991400,24.115,24.18,23.765,23.88,6482248
1454077800,24.29,24.9,24.11,24.86,11275276
1454337000,24.65,25.115,24.65,24.97,4788114
1454423400,24.695,24.81,24.185,24.285,9225738
1454509800,24.485,24.55,23.84,24.32,16535962
1454596200,24.39,24.9,24.315,24.79,5473180
1454682600,24.645,24.675,23.835,23.925,10674032
1454941800,23.51,23.57,23.035,23.415,11077994
1455028200,23.05,23.645,23.04,23.315,6885084
1455114600,23.43,23.57,22.96,22.98,4779630
1455201000,22.635,22.93,22.515,22.815,8038984
1455287400,23.3,23.3,22.725,23.265,4430882
1455633000,24.305,24.305,23.565,24.055,8423874
1455719400,24.21,24.655,24.13005,24.63,4024322
1455805800,24.82,24.825,24.525,24.53,2861152
1455892200,24.61,24.775,24.47,24.575,5254638
1456151400,24.835,25.08,24.825,24.975,5169392
1456237800,24.775,24.895,24.5075,24.555,3320442
1456324200,24.23,24.915,24.135,24.87,6106056
1456410600,24.98,25.16,24.675,25.16,2591646
1456497000,25.31,25.41445,25.2,25.3,4801382
1456756200,25.31,25.615,25.205,25.215,4661302
1456842600,25.555,25.99,25.475,25.99,3944668
1456929000,25.925,26.125,25.865,26.125,2565790
1457015400,26.205,26.25,26.015,26.185,3599644
1457101800,26.285,26.575,26.09,26.355,6209890
1457361000,26.19,26.555,26.09,26.455,6492934
1457447400,26.25,26.355,25.915,25.955,7157544
1457533800,26.085,26.22,25.97,26.14,3137066
1457620200,26.305,26.525,25.895,26.28,5355870
1457706600,26.575,26.81,26.55,26.81,4448078
1457962200,26.695,26.79,26.585,26.69,4298576
1458048600,26.55,26.615,26.395,26.6,2575280
1458135000,26.515,26.935,26.5,26.91,6804820
1458221400,26.83,27.135,26.81,27.095,6516490
1458307800,27.125,27.45,27.125,27.44,2838406
1458567000,27.295,27.445,27.2,27.44,4020246
1458653400,27.285,27.51,27.215,27.425,1640692
1458739800,27.435,27.435,27.09,27.1,3672186
1458826200,26.905,27.065,26.8,27.055,3466190
1459171800,27.1,27.11,26.925,27.045,2957676
1459258200,26.945,27.46,26.855,27.42,5163634
1459344600,27.585,27.825,27.525,27.695,5981548
1459431000,27.59,27.6575,27.515,27.54,2999918
1459517400,27.325,27.68,27.255,27.67,3118466
1459776600,27.685,27.7,27.4025,27.455,5429082
1459863000,27.255,27.405,27.205,27.25,3150632
1459949400,27.12,27.53,27.02,27.505,2722292
1460035800,27.335,27.4,27.04,27.14,3979486
1460122200,27.425,27.52,27.175,27.27,2350848
1460381400,27.445,27.685,27.28,27.3,5079098
1460467800,27.355,27.395,26.945,27.255,3492582
1460554200,27.48,27.83,27.415,27.81,3935486
1460640600,27.505,27.5475,27.27,27.51,4771676
1460727000,27.545,27.545,27.295,27.305,5842222
1460986200,27.2,27.405,27.14,27.34,3473540
1461072600,27.4,27.44,26.995,27.11,5667878
1461159000,26.975,27.37,26.955,27.24,5986096
1461245400,27.21,27.275,26.97,27.09,4348030
1461331800,27.11,27.31375,26.89,27.105,3210056
1461591000,27.16,27.1725,26.895,26.97,2096808
1461677400,27.15,27.485,27.15,27.26,4500926
1461763800,27.07,27.62,27.045,27.58,6979264
1461850200,27.26,27.565,26.845,26.895,6869046
1461936600,26.805,26.805,26.0625,26.23,18970392
1462195800,26.28,26.46,26.15,26.405,6567726
1462282200,26.165,26.27,25.99,26.13,8778656
1462368600,25.91,26.1075,25.77,25.85,6205180
1462455000,25.97,26.1575,25.835,25.945,7554690
1462541400,25.775,25.98,25.65,25.95,6249618
1462800600,26,26.135,25.85,25.925,4660264
1462887000,25.99,26.22,25.875,26.215,4536862
1462973400,26.09,26.305,26.09,26.095,1805078
1463059800,26.19,26.21,25.44,25.63,13003424
1463146200,25.795,25.945,25.67,25.705,4632686
1463405400,25.72,26.36,25.72,26.22,3655714
1463491800,26.135,26.28,25.93,25.975,4212226
1463578200,25.96,26.6275,25.96,26.435,6193140
1463664600,26.225,26.45,26.025,26.205,3431268
1463751000,26.55,27.075,26.55,27.075,8714394
1464010200,27.33,27.495,27.22,27.25,7665684
1464096600,27.385,27.915,27.385,27.91,6043196
1464183000,28.06,28.125,27.865,28.065,6215472
1464269400,28.105,28.21,28.03,28.16,5013956
1464355800,28.165,28.38,28.165,28.345,2803810
1464701400,28.47,28.47,28.255,28.45,7379916
1464787800,28.34,28.61,28.305,28.565,3819590
1464874200,28.44,28.56,28.385,28.56,4484602
1464960600,28.715,28.775,28.435,28.615,5198912
1465219800,28.625,28.76,28.47,28.545,5915522
1465306200,28.655,28.88,28.625,28.845,7954852
1465392600,28.84,28.905,28.75,28.85,4424518
1465479000,28.6,28.88,28.53,28.85,6188300
1465565400,28.485,28.565,28.27,28.35,5753944
1465824600,28.195,28.545,28.185,28.23,3335526
1465911000,28.175,28.28,27.935,28.195,7676590
1465997400,28.38,28.38,28.125,28.165,2736758
1466083800,27.86,28.225,27.7,28.18,7024520
1466170200,28.21,28.21,27.805,27.99,10150394
1466429400,28.39,28.745,28.39,28.46,5203680
1466515800,28.585,28.645,28.45,28.595,6131028
1466602200,28.6,28.87,28.53,28.56,7197850
1466688600,28.87,29.275,28.83,29.275,6354630
1466775000,27.975,28.46,27.565,27.565,15770098
1467034200,27.295,27.325,26.545,26.715,15623588
1467120600,27.11,27.445,27,27.445,10835950
1467207000,27.78,28.07,27.665,28.005,10907324
1467293400,28.105,28.73,27.995,28.505,7017212
1467379800,28.325,28.39,28.255,28.295,3211368
1467725400,28.055,28.08,27.71,27.845,5103200
1467811800,27.635,27.925,27.41,27.885,6892606
1467898200,27.945,28.405,27.845,28.2,3192368
1467984600,28.48,28.97,28.38,28.97,5685774
1468243800,29.14,29.425,29.11,29.36,2958302
1468330200,29.575,29.705,29.475,29.68,2907802
1468416600,29.71,29.825,29.62,29.685,1979024
1468503000,29.945,29.99,29.685,29.935,3159574
1468589400,29.915,29.915,29.75,29.85,4029482
1468848600,30.6,30.74,30.555,30.72,5257734
1468935000,30.61,30.655,30.505,30.6,1668122
1469021400,30.725,31.1225,30.675,31.07,4552898
1469107800,31.025,31.04,30.6625,30.805,7103116
1469194200,30.715,30.99,30.585,30.99,4302638
1469453400,31.005,31.16,31.0025,31.135,2636290
1469539800,31.41,32.15,31.295,32.035,17223158
1469626200,32.26,32.26,31.765,31.92,5555520
1469712600,31.895,32.045,31.7525,31.88,3439714
1469799000,31.88,31.945,31.61,31.75,3932082
1470058200,31.83,31.95,31.75,31.84,2496636
1470144600,31.775,31.9045,31.245,31.42,11175930
1470231000,31.34,31.5,31.29,31.5,2550610
1470317400,31.505,31.74,31.485,31.725,3049906
1470403800,31.89,32.1375,31.805,32.095,1860772
1470663000,32.21,32.25,32.0425,32.095,1544668
1470749400,32.255,32.39,32.255,32.31,3950088
1470835800,32.38,32.38,31.995,32.095,1284602
1470922200,32.195,32.2675,32.055,32.225,1214592
1471008600,32.25,32.43,32.245,32.36,2661418
1471267800,32.465,32.8,32.465,32.725,3495194
1471354200,32.685,32.69,32.5,32.535,1530676
1471440600,32.54,32.54,32.29,32.465,4162170
1471527000,32.49,32.715,32.49,32.715,2669734
1471613400,32.76,32.945,32.65,32.885,1981272
1471872600,32.825,32.96,32.745,32.895,1880568
1471959000,33.095,33.225,33.03005,33.055,3424914
1472045400,33.065,33.1,32.71,32.795,3948282
1472131800,32.83,33.045,32.805,32.905,3200894
1472218200,32.995,33.305,32.845,33.045,4488134
1472477400,33.15,33.27,33.1,33.16,2169052
1472563800,33.17,33.32505,33.015,33.105,2923298
1472650200,33.165,33.185,32.945,33.105,2065012
1472736600,33.135,33.41,33.01,33.41,3622406
1472823000,33.54,33.54,33.25385,33.38,4418760
1473168600,33.475,33.54,33.195,33.375,4397080
1473255000,33.515,33.57,33.12,33.155,7942084
1473341400,33.045,33.17,32.88,33.09,7479970
1473427800,32.8,32.805,31.845,31.89,21847662
1473687000,31.71,32.56,31.53,32.545,13353812
1473773400,32.435,32.625,32.05,32.19,7442616
1473859800,32.23,32.555,32.085,32.46,5247278
1473946200,32.54,33.325,32.375,33.265,10300526
1474032600,33.725,33.725,33.035,33.28,5363690
1474291800,33.625,33.84,33.32,33.395,4351828
1474378200,33.59,33.63,33.1975,33.27,2850304
1474464600,33.54,33.7875,33.32,33.73,7751768
1474551000,34.07,34.19445,33.775,33.89,6243206
1474637400,33.875,33.89,33.465,33.495,4215430
1474896600,33.3,33.375,33.0785,33.185,3491268
1474983000,33.125,33.745,33.075,33.73,8105662
1475069400,33.815,33.925,33.54,33.775,3194402
1475155800,33.72,34.395,33.415,34.19,13498916
1475242200,34.415,34.875,34.4072,34.735,6644728
1475501400,34.675,34.905,34.425,34.465,4400012
1475587800,34.61,34.74,34.27,34.32,7234478
1475674200,34.495,34.86,34.44,34.585,8052970
1475760600,34.675,34.85,34.39,34.785,4965798
1475847000,34.88,34.88,34.505,34.81,4202986
1476106200,35.015,35.105,34.68,34.7,3550238
1476192600,34.56,34.64,33.7075,33.985,8279310
1476279000,33.935,34.035,33.635,33.985,8534848
1476365400,33.665,33.735,33.03,33.595,13193798
1476451800,33.825,34.185,33.7675,33.81,4692124
1476711000,33.745,33.95,33.64,33.67,1802994
1476797400,34.055,34.23,33.955,34.05,5397788
1476883800,33.685,33.825,33.53,33.7,13399618
1476970200,33.655,34.105,33.515,33.995,7140862
1477056600,33.88,33.99,33.63,33.95,4053448
1477315800,34.165,34.385,34.105,34.385,2598216
1477402200,34.305,34.425,34.235,34.29,2845168
1477488600,33.805,34.405,33.805,34.19,2260064
1477575000,34.495,34.615,34.06,34.09,5114732
1477661400,34.18,34.36,33.885,33.895,4301536
1477920600,34.08,34.26,34.065,34.135,3145482
1478007000,34.18,34.33,33.48,33.82,5390474
1478093400,33.795,33.99,33.525,33.61,3659728
1478179800,33.65,33.825,33.43,33.47,5384426
1478266200,33.25,33.63,33.13,33.295,6104088
1478529000,33.84,34.3,33.79,34.295,4196010
1478615400,34.19,34.5275,34.075,34.355,1879008
1478701800,33.515,34.1825,33.395,34.08,10449348
1478788200,34.355,34.36,33.065,33.445,11724180
1478874600,33.525,34.28,33.525,34.28,13168034
1479133800,34.24,34.265,33.82,33.91,5860432
1479220200,34.035,34.555,34.015,34.475,5905530
1479306600,34.41,34.7925,34.355,34.745,3667794
1479393000,34.84,35.105,34.665,34.965,3043220
1479479400,34.98,35.21,34.89,35.165,10706152
1479738600,35.5,35.5,35.15,35.395,7345368
1479825000,35.67,35.8625,35.63,35.805,6829650
1479911400,35.775,35.885,35.645,35.75,3642270
1480084200,35.83,35.87,35.6975,35.855,886930
1480343400,35.78,35.915,35.685,35.765,6545032
1480429800,35.605,35.83,35.48,35.63,5898034
1480516200,35.64,35.72,35.51,35.53,3534642
1480602600,35.475,35.475,33.745,33.84,22106630
1480689000,33.815,34.42,33.8,34.385,7592946
1480948200,34.62,34.83,34.445,34.73,5308194
1481034600,34.855,35.11,34.77,35.11,5366210
1481121000,35,35.835,34.895,35.81,6926960
1481207400,35.815,36.1575,35.78,36.025,5061904
1481293800,36.295,36.35,35.69,35.84,6822356
1481553000,35.705,35.805,35.3775,35.69,7697024
1481639400,35.76,36.35,35.76,36.325,7620220
1481725800,36.11,36.225,35.85,35.935,6313378
1481812200,36.04,36.6,36.035,36.51,11967334
1481898600,36.58,36.635,35.895,36.04,6983046
1482157800,35.845,36.195,35.82,36.195,3446762
1482244200,36.24,36.39,36.135,36.25,2349220
1482330600,36.495,36.495,36.17,36.215,4060152
1482417000,36.555,36.555,36.21,36.4,1515240
1482503400,36.295,36.57,36.295,36.57,1045098
1482849000,36.665,36.985,36.665,36.88,2561390
1482935400,37.025,37.17,36.27,36.27,3869870
1483021800,36.125,36.33,36,36.28,2533806
1483108200,36.46,36.6,35.75815,35.82,3038542
1483453800,36.42,36.42,35.66,35.88,5741480
1483540200,36.04,36.15,35.89,35.995,3870450
1483626600,36.08,36.21,35.785,35.785,3016670
1483713000,35.835,36.11,35.695,35.97,5187988
1483972200,36.02,36.485,36.02,36.385,4708798
1484058600,36.36,36.605,36.36,36.525,3542084
1484145000,36.425,36.69,36.38,36.68,4425802
1484231400,36.44,36.44,35.895,36.07,7835908
1484317800,36.425,36.675,36.365,36.605,2261346
1484663400,36.5,36.535,36.0867,36.175,3131304
1484749800,36.365,36.815,36.3,36.815,4002102
1484836200,36.565,36.82,36.465,36.535,2134296
1484922600,36.88,37.125,36.83,36.885,5441970
1485181800,36.78,36.84,36.38,36.56,3328674
1485268200,36.72,37.275,36.72,37.275,8233408
1485354600,37.63,37.76,37.435,37.735,5480420
1485441000,37.775,37.775,37.31,37.445,5233112
1485527400,37.625,37.925,37.625,37.925,3379732
1485786600,37.81,37.81,37.325,37.745,3569342
1485873000,37.545,37.68,37.0775,37.22,4365690
1485959400,37.655,37.76,37.355,37.6,3413292
1486045800,37.375,37.72,37.25,37.64,2290232
1486132200,37.825,37.9,37.72,37.805,3290574
1486391400,37.825,37.905,37.63005,37.76,1919872
1486477800,37.95,38.01945,37.75,37.92,2852802
1486564200,37.915,38.075,37.785,37.96,2678640
1486650600,38.01,38.03,37.6275,37.63,3577750
1486737000,37.97,37.97,37.375,37.67,4023084
1486996200,37.95,38.165,37.86,38.165,3427064
1487082600,37.96,37.96,37.67,37.87,3845450
1487169000,37.985,38.26,37.825,38.26,3246056
1487255400,38.295,38.405,38.16,38.405,3859982
1487341800,38.21,38.545,38.12,38.545,3377014
1487687400,38.74,38.91,38.62,38.91,2242114
1487773800,38.78,38.87,38.63,38.74,2620112
1487860200,38.725,38.735,38.17,38.31,5455440
1487946600,37.89,38.3775,37.75,38.365,2751718
1488205800,38.34,38.55,38.255,38.55,3777458
1488292200,38.47,38.49,38.1,38.195,4833390
1488378600,38.505,38.695,38.205,38.64,3665124
1488465000,38.6,38.68,38.285,38.3,3834316
1488551400,38.405,38.435,38.17,38.435,2670976
1488810600,38.26,38.495,38.11,38.45,5124924
1488897000,38.36,38.71,38.31,38.545,3065882
1488983400,38.54,38.845,38.4925,38.585,3000998
1489069800,38.465,38.665,38.35,38.6,2138146
1489156200,38.84,39.065,38.765,38.965,3582200
1489411800,39.09,39.155,38.905,39.155,5468152
1489498200,39.025,39.04,38.7575,39.015,2539798
1489584600,39.03,39.4,38.915,39.37,4813828
1489671000,39.43,39.53,39.305,39.4,3208348
1489757400,39.535,39.61205,39.4,39.505,4099086
1490016600,39.67,39.915,39.51,39.7478,2270408
1490103000,39.89,39.99,38.9,38.995,10765000
1490189400,39.03,39.41,38.93,39.375,6625776
1490275800,39.305,39.445,39.1575,39.255,2660554
1490362200,39.86,39.995,39.44,39.565,3248326
1490621400,39.395,39.765,39.165,39.745,2495860
1490707800,39.705,39.955,39.575,39.82,4663830
1490794200,39.75,39.765,39.575,39.66,2358112
1490880600,39.655,39.95,39.65,39.86,1176144
1490967000,39.815,40.025,39.7226,39.855,1731314
1491226200,39.9,39.975,39.47,39.76,2521024
1491312600,39.55,39.785,39.495,39.62,2975400
1491399000,39.675,39.965,39.3475,39.385,2891420
1491485400,39.31,39.505,39.09,39.405,2020258
1491571800,39.37,39.655,39.335,39.56,1723162
1491831000,39.54,39.545,39.125,39.21,3922558
1491917400,39.08,39.08,38.405,38.915,13529852
1492003800,38.925,38.945,38.285,38.41,15788230
1492090200,38.215,38.7,38.125,38.125,5420314
1492435800,38.305,38.56,38.295,38.54,4378502
1492522200,38.385,38.7075,38.315,38.695,4251352
1492608600,39.02,39.205,38.81,38.905,7181300
1492695000,39.16,39.505,38.99,39.465,4511246
1492781400,39.305,39.39,39.0424,39.305,5447994
1493040600,39.905,40,39.74,39.875,4373786
1493127000,40.065,40.3,39.925,40.275,3961658
1493213400,40.245,40.27,39.8725,39.97,3992986
1493299800,40.185,40.5425,40.185,40.505,5043808
1493386200,40.265,40.335,39.7405,39.85,8783342
1493645400,39.97,40.265,39.785,40.265,4598646
1493731800,40.205,40.205,39.83,40.05,6497340
1493818200,39.97,40.3,39.94,40.28,5324768
1493904600,40.285,40.35,40.085,40.24,1905894
1493991000,40.28,40.4,40.055,40.4,2058912
1494250200,40.45,40.465,40.25,40.3,1854988
1494336600,40.365,40.7825,40.365,40.705,3260580
1494423000,41.115,41.335,40.96,41.22,3330358
1494509400,41.145,41.45,40.885,41.31,3388112
1494595800,41.345,41.455,41.185,41.425,1947584
1494855000,41.475,41.885,41.425,41.885,3541628
1494941400,41.96,42.385,41.815,42.385,3641656
1495027800,41.79,41.985,40.765,40.79,12639364
1495114200,40.935,41.575,40.72,41.395,6609820
1495200600,41.835,41.985,41.765,41.875,6180476
1495459800,42.03,42.29,41.98,42.275,4292142
1495546200,42.37,42.37,41.87,42.185,5040114
1495632600,42.455,42.485,42.21,42.37,1998024
1495719000,42.61,42.7425,42.335,42.66,6936352
1495805400,42.595,42.7485,42.33,42.74,1588588
1496151000,42.805,43.09,42.72005,43.045,3494396
1496237400,43.275,43.29,42.755,42.995,3466542
1496323800,43.11,43.11,42.81,43.075,5250854
1496410200,43.305,43.455,42.995,43.41,2599858
1496669400,43.445,43.73,43.415,43.525,4386542
1496755800,43.475,43.89285,43.315,43.625,3496880
1496842200,43.845,44.085,43.71,43.95,5305802
1496928600,44.15,44.57,43.92,44.53,6589324
1497015000,44.785,44.85995,42.045,42.845,17852460
1497274200,42.325,42.735,41.565,42.585,16678560
1497360600,43.01,43.2,42.405,42.86,6954810
1497447000,42.96,43,42.075,42.49,6346296
1497533400,41.78,42.25,41.78,42.1,8397978
1497619800,42.28,42.49,41.965,42.075,7413402
1497879000,42.52,42.865,42.52,42.82,5378906
1497965400,42.88,43.055,42.285,42.285,5285922
1498051800,42.485,42.785,42.32,42.77,6411950
1498138200,42.765,42.875,42.52,42.66,4491810
1498224600,42.68,43.01,42.58,42.835,4133734
1498483800,43.24,43.34,42.39,42.67,10756408
1498570200,42.345,42.35,41.45,41.45,15194338
1498656600,41.755,42.135,41.29195,42.05,7873290
1498743000,41.775,41.855,40.5884,41.105,15391278
1498829400,41.29,41.43,40.77995,40.93,10454982
1499088600,41.19,41.31,40.46,40.46,6499748
1499261400,40.62,41.29,40.62,41.23,12905620
1499347800,40.965,41.325,40.685,41.055,5441568
1499434200,41.325,41.785,41.245,41.605,6830956
1499693400,41.69,42.135,41.515,42.035,6785494
1499779800,42.1,42.445,41.94,42.37,5848506
1499866200,42.87,43.055,42.62,42.98,6303094
1499952600,43,43.27,42.755,42.88,6004934
1500039000,43.1,43.4725,43.035,43.41,4687104
1500298200,43.505,43.52,43.11,43.29,3430920
1500384600,43.14,43.455,42.955,43.455,7818290
1500471000,43.7,43.885,43.62,43.885,6027748
1500557400,44.015,44.015,43.545,43.98,5455720
1500643800,43.66,43.735,43.425,43.735,6281448
1500903000,43.66,43.69,43.47,43.595,5348180
1500989400,43.445,43.58,43.1273,43.475,6416952
1501075800,43.82,44.045,43.6825,43.935,4032280
1501162200,44.075,44.175,42.935,43.38,12734542
1501248600,43.17,43.3725,43.005,43.175,7256760
1501507800,43.295,43.46,42.775,42.92,7057898
1501594200,43.065,43.11,42.84,43.105,4376202
1501680600,43.585,43.585,42.61,42.87,7962298
1501767000,42.87,42.975,42.55,42.72,5946508
1501853400,42.895,43.11,42.68,42.845,6791560
1502112600,42.98,43.615,42.98,43.6,6041938
1502199000,43.6,43.935,43.345,43.47,10179430
1502285400,43.015,43.39,42.97,43.385,7066986
1502371800,43.01,43.135,42.185,42.195,11112746
1502458200,42.115,42.63,42.04,42.585,6642492
1502717400,42.915,43.475,42.915,43.425,6643066
1502803800,43.48,43.615,43.285,43.585,8062650
1502890200,43.655,43.78,43.45,43.675,6273550
1502976600,43.43,43.5525,42.63,42.64,11995668
1503063000,42.82,43.06,42.5325,42.735,17463414
1503322200,42.825,42.825,42.24,42.575,6845052
1503408600,42.815,43.255,42.79,43.145,5273046
1503495000,42.88,43.345,42.7805,43.235,4235120
1503581400,43.44,43.455,42.99,43.23,2259858
1503667800,43.465,43.465,43.005,43.095,4024438
1503927000,43.22,43.25,42.99,43.22,4206228
1504013400,42.785,43.445,42.775,43.34,5013248
1504099800,43.52,44.02,43.385,43.945,4659004
1504186200,44.045,44.3525,43.975,44.29,4803846
1504272600,44.4,44.685,44.4,44.5,2998174
1504618200,44.29,44.42,43.585,43.935,8848030
1504704600,44.09,44.27,43.87,44.09,3224986
1504791000,44.265,44.355,44.02,44.26,2636254
1504877400,44.185,44.2825,43.67,43.78,4944584
1505136600,44.19,44.66,44.065,44.575,5448768
1505223000,44.7,44.8575,44.5,44.745,4886684
1505309400,44.65,44.87,44.475,44.755,5872738
1505395800,44.635,45.17,44.595,44.95,8595522
1505482200,45.19,45.61,45,45.545,9237676
1505741400,45.88,46.36,45.825,46.18,7474958
1505827800,46.315,46.45,46.025,46.3,4539108
1505914200,46.36,46.42,45.105,45.685,9208828
1506000600,45.625,45.715,45.195,45.6,19256708
1506087000,45.395,45.84,45.255,45.785,2660424
1506346200,45.565,45.61,44.745,44.865,7540856
1506432600,45.295,45.3225,44.73,44.92,4284034
1506519000,45.45,46.075,45.315,45.935,7999690
1506605400,45.84,46.245,45.72,46.23,5945028
1506691800,46.35,46.695,46.1971,46.66,7555286
1506951000,46.915,47.15495,46.6525,46.97,6376094
1507037400,47.105,47.245,46.935,47.125,4141174
1507123800,47.055,47.215,46.8075,47.195,3352484
1507210200,47.39,47.395,47,47.245,3692120
1507296600,47.17,47.45,47.075,47.435,2669638
1507555800,47.59,47.805,47.55,47.78,2407206
1507642200,48.23,48.235,47.5425,48.025,5315084
1507728600,47.95,48.405,47.925,48.365,3258416
1507815000,48.415,48.57,48.235,48.265,5801048
1507901400,48.56,48.76,48.39,48.595,3370366
1508160600,48.79,48.855,48.515,48.855,3273916
1508247000,48.83,48.875,48.585,48.845,5849386
1508333400,49.025,49.095,48.38,49.025,6093642
1508419800,48.64,48.925,48.205,48.925,4864380
1508506200,49.33,49.355,49.105,49.19,10134622
1508765400,49.425,49.635,49.21,49.375,5250324
1508851800,49.5,49.72,49.285,49.675,6298018
1508938200,49.31,49.53,48.595,49.045,8612708
1509024600,49.15,49.4425,49.105,49.31,6899196
1509111000,49.71,50.355,49.475,50.3,6465800
1509370200,50.34,50.565,50.125,50.32,4894926
1509456600,50.52,50.97,50.415,50.805,5721450
1509543000,51.16,51.22,50.2575,50.67,9836726
1509629400,50.655,50.96,50.355,50.91,7863692
1509715800,51.185,51.47,50.695,51.47,10232644
1509978600,52.02,52.135,51.55,52.135,7235366
1510065000,52,52.175,51.73,52.03,5460732
1510151400,52.01,52.2,51.775,52.15,4088156
1510237800,52.15,52.175,50.56,51.135,15496416
1510324200,51.26,51.46,51.11,51.43,5616264
1510583400,51.235,51.6775,51.155,51.645,3447992
1510669800,51.53,51.69,51.23,51.645,3108388
1510756200,51.245,51.4,50.805,51.165,5601258
1510842600,51.385,52.435,51.385,52.435,7401424
1510929000,52.215,52.25,51.555,51.625,8951298
1511188200,51.87,52.325,51.8,52.25,3694342
1511274600,52.52,52.835,52.455,52.785,4289204
1511361000,52.91,52.9146,52.375,52.44,3058770
1511533800,52.555,52.915,52.555,52.885,1206434
1511793000,52.335,52.38,52.005,52.065,5964548
1511879400,52.22,52.24,51.8475,52.02,7976584
1511965800,51.97,52.02,49.405,49.815,34478788
1512052200,50.35,50.605,49.845,50.125,13382048
1512138600,49.75,49.97,48.555,49.69,19874982
1512397800,50.115,50.17,48.35,48.635,20150776
1512484200,48.44,49.49,48.055,48.635,12997736
1512570600,48.205,48.835,47.96,48.745,10485972
1512657000,49.16,49.34,48.88875,49.225,10849868
1512743400,49.695,49.82,48.965,49,9719820
1513002600,49.12,49.465,48.99,49.3,6617288
1513089000,49.145,49.1725,48.755,48.815,10415594
1513175400,49.06,49.23,48.815,48.845,7922330
1513261800,48.935,49.13,48.7,48.825,8270080
1513348200,48.965,49.625,48.775,49.625,43080358
1513607400,49.305,49.81,49.125,49.79,10766422
1513693800,49.715,49.865,49.47,49.765,6065924
1513780200,50.275,50.385,49.69,50.09,11095698
1513866600,50.09,50.155,49.505,49.56,6029266
1513953000,49.47,49.6,49.215,49.58,4899978
1514298600,49.005,49.075,48.665,49.02,4413580
1514385000,49,49.38,48.995,49.18,5499906
1514471400,49.455,49.48,49.265,49.36,5424292
1514557800,49.36,49.47,48.885,48.905,3376690
1514903400,49.25,50.195,49.14,50.185,8908522
1514989800,50.39,50.935,50.305,50.895,7617038
1515076200,51.19,51.305,50.735,51.155,6700356
1515162600,51.345,51.69,51.14,51.485,3584764
1515421800,51.485,51.98,51.33875,51.84,2768354
1515508200,51.885,51.93,51.265,51.355,7800618
1515594600,50.905,50.925,50.29,50.675,7958878
1515681000,50.865,50.9469,50.61,50.915,5162510
1515767400,50.905,51.2675,50.795,51.175,3809288
1516113000,51.67,51.99,51.13,51.41,7623556
1516199400,52,53.03,51.905,52.945,12286408
1516285800,52.965,53.5775,52.905,53.335,7106652
1516372200,53.645,53.685,53.075,53.385,6568412
1516631400,53.565,53.91,53.33,53.91,4790528
1516717800,54.065,54.28,53.92,54.26,7356408
1516804200,53.72,53.9375,52.84,53.16,14236198
1516890600,53.79,53.95,52.28895,52.3,13986854
1516977000,53.1,53.98,53.075,53.965,7895854
1517236200,53.84,54.22,53.25,53.865,8147378
1517322600,52.94,53.39,52.7325,52.81,10836570
1517409000,53.41,53.58,52.975,53.255,7529960
1517495400,52.795,53.71,52.745,52.93,8369022
1517581800,52.45,52.535,51.455,51.455,26071486
1517841000,50.9,51.9,49.135,49.135,22948046
1517927400,48.705,50.945,48.525,50.945,26244852
1518013800,50.39,50.84,49.59,49.6,20566686
1518100200,49.845,49.92,47.605,47.625,29822160
1518186600,48.58,49.215,46.94,48.87,34208378
1518445800,49.15,50.215,49.15,49.905,19013912
1518532200,49.625,49.875,49.31,49.805,7415042
1518618600,49.44,50.97,49.33,50.865,10839756
1518705000,51.26,51.505,50.32,51.505,9639322
1518791400,51.305,52.03,51.255,51.395,12480418
1519137000,51.42,52.845,51.405,52.415,29405860
1519223400,52.62,52.765,51.8238,51.845,8997876
1519309800,52,52.175,51.53,51.67,8878308
1519396200,52.23,52.845,52.125,52.83,6304898
1519655400,53.1,53.895,53.1,53.895,9254246
1519741800,53.81,54.57,53.695,53.695,7976606
1519828200,53.97,54.145,53.205,53.27,6339668
1519914600,53.29,53.45,51.83,52.42,10790564
1520001000,51.885,53.3175,51.755,53.24,10659688
1520260200,53.02,54.105,52.87,53.855,9524750
1520346600,54.345,54.835,54.115,54.645,8957382
1520433000,54.14,54.9625,54.1,54.88,7681940
1520519400,55.205,55.265,54.59,54.905,6517966
1520605800,55.29,55.965,55.18505,55.965,8815254
1520861400,56.335,56.82,56.175,56.535,8825600
1520947800,56.83,57.275,55.515,55.745,18245762
1521034200,55.98,56.04,55.2805,55.775,12020944
1521120600,55.92,56.12,55.485,55.725,3826260
1521207000,55.84,56.0375,55.64,55.705,5936992
1521466200,55.29,55.415,54.055,54.8,14245350
1521552600,54.83,55.325,54.8,55.17,6683958
1521639000,55.1,55.905,54.995,55.285,6437194
1521725400,54.475,54.97,53.775,53.795,8698806
1521811800,53.725,53.845,52.045,52.05,16819460
1522071000,53.18,54.125,52.59,54.12,11172390
1522157400,54.54,54.565,51.88,52.255,17266244
1522243800,51.94,52.365,50.895,51.095,21806592
1522330200,51.54,52.585,51.14,52.14,13203168
1522675800,51.705,52.095,49.79,50.23,18441438
1522762200,50.895,51.28,50.36,51.155,10773862
1522848600,49.895,51.9,49.755,51.78,11654018
1522935000,52.12,52.2,50.895,51.21,12227974
1523021400,50.46,51.11,49.55,49.73,13935584
1523280600,50.24,51.45,50.04,50.07,13015328
1523367000,51.28,51.88,50.815,51.6,15535716
1523453400,51.33,52.03,51.205,51.575,8595630
1523539800,51.915,52.565,51.85,52.43,9236826
1523626200,52.85,52.925,51.78,51.94,9073984
1523885400,52.15,52.31,51.64,52.045,5265214
1523971800,52.375,53.07,52.3125,52.995,8727544
1524058200,52.525,52.675,51.915,52.395,8457968
1524144600,51.2,51.405,49.88,50.06,32931390
1524231000,50,50.36,49.265,49.485,26132720
1524490200,49.645,49.77,48.74,48.845,17681082
1524576600,49.37,49.82,48.1675,48.595,30902094
1524663000,48.745,48.78,47.735,48.35,18606326
1524749400,49.2,49.47,48.945,49.365,13144702
1524835800,50.05,50.05,48.82,49.045,11083172
1525095000,49,49.32,48.365,48.58,15927814
1525181400,48.46,49.405,48.41,49.36,13111200
1525267800,49.26,49.45,48.85,49.005,9036380
1525354200,48.45,49.285,48.03,49.125,19701852
1525440600,48.76,50.4,48.64,50.4,21447806
1525699800,50.55,50.89,50.475,50.67,13800194
1525786200,50.565,51.025,50.4176,51.025,7606040
1525872600,51.145,51.75,51.035,51.75,8065310
1525959000,51.95,52.61,51.95,52.61,9350072
1526045400,52.345,52.675,52.1125,52.205,8866082
1526304600,53.145,53.685,53.005,53.115,13298158
1526391000,52.89,53.035,52.195,52.52,9570666
1526477400,52.665,53.305,52.65,53.265,6934914
1526563800,53.065,53.4,52.53,52.915,7238570
1526650200,52.375,52.605,51.99,52.275,20494492
1526909400,53.04,53.44,52.5125,53.025,7672364
1526995800,53.495,53.74,53.195,53.405,8696098
1527082200,52.86,53.475,52.695,53.465,8442640
1527168600,53.455,53.765,52.97,53.62,13344742
1527255000,53.635,54.2,53.575,54.155,8586512
1527600600,53.9,54.245,53.43,53.72,9106142
1527687000,54.13,54.405,53.735,54.045,10787882
1527773400,53.82,54.11,53.46,53.595,8662784
1527859800,54.02,54.82,53.93,54.765,9739422
1528119000,54.85,55.1825,54.65,55.14,7768128
1528205400,55.31,55.505,55.005,55.45,7509960
1528291800,55.505,55.805,55.185,55.805,5478594
1528378200,55.905,56,55.02,55.36,18663690
1528464600,54.75,55.14105,54.45,54.985,9494016
1528723800,54.865,55.145,54.695,54.925,6086154
1528810200,54.99,55.105,54.6334,55.09,5087762
1528896600,55.015,55.53,54.875,54.975,14153434
1528983000,55.2,55.415,54.84,55.06,6599522
1529069400,54.975,55.15,54.65,55.15,12902102
1529328600,54.46,54.545,53.955,54.485,10525650
1529415000,53.53,53.87,53.07,53.835,22231902
1529501400,54.305,54.375,53.86,54.17,11111216
1529587800,54.675,54.75,53.485,53.495,14488274
1529674200,53.88,53.92,53.09,53.295,8472194
1529933400,52.55,52.62,50.98,51.37,23357900
1530019800,51.86,52.03,51.485,51.845,16500614
1530106200,52.09,52.16,50.575,50.575,16876048
1530192600,50.46,51.185,50.455,51.085,13538386
1530279000,51.525,51.84,51.25,51.335,10350096
1530538200,50.68,51.545,50.45,51.355,9164672
1530624600,51.61,51.6885,50.455,50.455,8588820
1530797400,51.07,51.835,51.055,51.815,10402852
1530883800,51.705,52.56,51.575,52.475,14636578
1531143000,52.885,52.92,52.22,52.87,8466532
1531229400,52.94,53.5,52.885,53.44,12548840
1531315800,52.575,52.7525,51.97,51.97,15928990
1531402200,51.985,52.65,51.895,52.6,11962888
1531488600,52.675,52.73,52.35,52.49,5693150
1531747800,52.5,52.695,52.295,52.33,5518018
1531834200,51.95,53.025,51.855,53.02,16616284
1531920600,53.4,53.595,53.15,53.56,9589542
1532007000,53.315,53.61,53.035,53.385,8347268
1532093400,53.32,53.49,52.885,53.33,7077894
1532352600,53.015,53.37,52.295,53.295,10663898
1532439000,53.8,53.885,52.585,52.63,20837340
1532525400,52.66,52.955,52.035,52.895,22300158
1532611800,53.1,53.705,53.095,53.675,32806470
1532698200,53.81,54.17,53.05,53.41,16984686
1532957400,53.57,53.61,52.715,53.045,18956980
1533043800,53.435,53.935,52.945,52.945,8763482
1533130200,53.235,53.74,53,53.175,7098214
1533216600,52.75,53.79,52.575,53.71,8160650
1533303000,53.765,53.875,53.49,53.795,6058186
1533562200,53.775,54.08,53.39,54.08,6070522
1533648600,54.235,54.445,54.035,54.445,6405942
1533735000,54.375,54.6775,54.24,54.615,7377740
1533821400,54.3,54.415,54.03,54.085,7200054
1533907800,52.925,53.24,52.58,52.815,17227394
1534167000,52.85,53.335,52.81,52.875,7944488
1534253400,53.13,53.27,52.685,52.75,8242056
1534339800,52.23,52.425,51.365,51.875,18816782
1534426200,52.22,52.255,51.68,51.795,10082308
1534512600,51.235,51.56,50.69,51.415,20096076
1534771800,51.405,51.7,50.815,51.345,10569698
1534858200,51.6,52.555,51.55,52.405,9644884
1534944600,52.185,52.6475,51.9425,52.6,8272812
1535031000,52.605,52.995,52.52,52.665,7418120
1535117400,52.97,53.47,52.8725,53.47,8278802
1535376600,53.81,54.685,53.75,54.305,12418986
1535463000,54.65,54.755,54.02,54.51,8673540
1535549400,54.575,54.925,54.38,54.82,6822860
1535635800,54.66,54.86,54.16,54.235,14144166
1535722200,54.145,54.515,54.135,54.47,4678780
1536067800,54.24,54.865,54.055,54.865,9693562
1536154200,54.84,54.935,54.105,54.565,10499096
1536240600,54.28,54.33,53.075,53.15,18097098
1536327000,52.95,53.645,52.765,52.915,14306986
1536586200,53.295,53.45,52.965,53.43,6366834
1536672600,53,53.13,52.505,52.76,10409990
1536759000,52.04,52.17,51.08,52.155,18507952
1536845400,52.84,53.38,52.53,52.795,13460294
1536931800,53.09,53.545,52.925,53.34,10378336
1537191000,52.98,53.31,52.565,52.62,10812156
1537277400,52.755,53.35,52.755,53.02,5753898
1537363800,53.025,53.37,52.865,53.14,6845944
1537450200,53.625,54.03,53.555,53.825,12428226
1537536600,53.755,54.02,53.48,53.555,9988736
1537795800,53.31,53.945,53.165,53.935,7850180
1537882200,53.535,53.78,52.975,53.075,8013090
1537968600,52.835,53.255,52.595,52.605,9635248
1538055000,52.815,53.105,52.655,52.935,4722506
1538141400,52.795,53.415,52.625,53.225,7933306
1538400600,53.38,53.775,53.245,53.365,7759786
1538487000,53.135,54.085,53.115,53.325,10232638
1538573400,53.68,53.82,53.035,53.53,9491640
1538659800,53.075,53.095,51.88,52.325,19323184
1538746200,52.125,52.33,50.655,51.135,19171394
1539005400,50.645,51.115,50.05,50.535,17802496
1539091800,50.395,50.75,50.12,50.44,16424156
1539178200,49.565,49.66,48.15,48.15,42715848
1539264600,48.155,49.22,47.335,47.725,41795954
1539351000,49.12,49.395,47.91,48.67,18408258
1539610200,48.45,48.685,48.015,48.14,12922850
1539696600,48.655,49.82,48.62,49.77,14243828
1539783000,50.25,50.3,49.215,49.525,10419572
1539869400,49.215,49.265,48.065,48.235,16548392
1539955800,48.5,48.845,47.34,47.54,18841952
1540215000,47.88,48.155,47.375,47.795,12339728
1540301400,46.54,47.865,46.145,47.605,26109670
1540387800,46.685,46.78,44.365,44.41,28576364
1540474200,44.815,46.005,44.76,45.665,18808352
1540560600,44.625,45.6425,44.085,44.84,14122420
1540819800,45.5,45.965,43.475,44.325,22337146
1540906200,44.495,46.225,44.375,46.21,23647710
1540992600,47.065,47.17,46.44,46.73,16491762
1541079000,47.165,49.065,47.11,48.985,23242882
1541165400,48.885,49.04,47.64,48.205,19188800
1541428200,48.045,48.045,47,47.76,12826392
1541514600,47.775,48.42,47.66,48.255,7407092
1541601000,48.85,48.955,48.255,48.85,8895486
1541687400,48.32,48.985,48.255,48.625,7740530
1541773800,47.955,48.11,47.33,47.745,14250038
1542033000,46.91,47.035,45.515,45.655,20625008
1542119400,46.025,47.24,46.025,46.245,25109826
1542205800,46.99,47.235,46.03,46.485,16072674
1542292200,46.275,48.12,46.245,47.955,18331488
1542378600,46.055,47.4,46.055,47.14,23973858
1542637800,46.89,47.03,45.325,45.37,20829218
1542724200,44.095,45.98,44,45.33,17264184
1542810600,45.995,46.28,45.53,45.53,13253430
1542983400,45.135,45.855,45.11,45.465,3050168
1543242600,46.24,46.3975,45.72,46.37,10932216
1543329000,45.965,46.76,45.825,46.44,14835792
1543415400,46.9,47.68,46.15,47.67,10969380
1543501800,47.385,47.67495,47.13,47.22,9176570
1543588200,47.16,48.375,46.71,48.375,16499592
1543847400,49.43,49.565,48.71,49.225,14294576
1543933800,48.755,48.9,46.745,46.805,17418718
1544106600,45.44,46.53,45.245,46.53,16050258
1544193000,46.355,46.455,44.535,44.765,18385278
1544452200,44.69,45.475,44.45,45.285,15605912
1544538600,46.11,46.605,45.2501,45.51,17575638
1544625000,46.23,46.8625,45.895,46.2,13725858
1544711400,46.495,46.705,45.875,46.045,9888240
1544797800,45.32,46.22,45.32,45.33,13262362
1545057000,45.22,46.015,44.51,44.9,15526324
1545143400,45.255,46.13,45.195,45.44,17468472
1545229800,45.08,45.645,43.25,43.47,19939960
1545316200,42.855,43.33,41.785,42.31,28514668
1545402600,42.53,43.085,41.46,41.58,21644720
1545661800,41.225,41.76,40.44,40.48,9548674
1545834600,40.895,42.805,40.355,42.755,16473252
1545921000,42.045,43.13,41.65,43.13,17674068
1546007400,43.37,44.2,43.07,43.425,13458856
1546266600,43.84,44.07,43.245,43.64,10460246
1546439400,42.745,44.275,42.625,43.96,14302824
1546525800,42.805,43.13,41.275,41.32,18546014
1546612200,42.035,43.40815,41.945,43.245,18149332
1546871400,43.46,44.43,43.22,44.08,11165536
1546957800,44.45,44.495,43.245,43.825,13272018
1547044200,44.305,45.18,44.305,44.945,17856076
1547130600,44.63,45.45,44.48,45.41,11440032
1547217000,45.125,46.165,45.025,45.785,13337976
1547476200,45.205,45.315,44.825,45,9963592
1547562600,45.305,45.665,44.91,45.12,11484330
1547649000,45.22,45.48,44.74,44.765,11013464
1547735400,44.455,45.56,44.2,45.32,15829978
1547821800,45.73,46.66,45.525,46.44,16661906
1548167400,46.01,46.02,44.77,45.095,14365334
1548253800,45.41,45.59,44.49,44.915,11732142
1548340200,46.065,47.74,46.065,47.56,25283970
1548426600,47.725,48.6225,47.385,48.445,18173862
1548685800,46.58,47.865,46.58,47.54,16266346
1548772200,47.605,47.74,46.835,46.91,10930098
1548858600,47.685,48.495,47.22,48.33,12258846
1548945000,48.135,48.65,47.76,48.295,11274232
1549031400,48.42,49.12,48.335,48.91,11545936
1549290600,48.88,49.155,48.495,49.15,9251376
1549377000,49.135,49.61,49.005,49.425,14672334
1549463400,50.09,50.985,50.015,50.65,16603020
1549549800,49.945,50.225,49.13505,49.56,18179090
1549636200,48.735,49.52,48.56,49.425,11795516
1549895400,49.565,49.765,49.24,49.64,6917162
1549981800,50.285,50.8775,50.22,50.745,11511826
1550068200,50.925,51.245,50.715,50.865,7987156
1550154600,50.65,51.355,50.64,51.015,8804908
1550241000,51.38,51.48,50.925,51.275,9890610
1550586600,51.085,51.54005,51.075,51.215,6991682
1550673000,51.465,52.015,51.465,51.68,8892470
1550759400,51.625,51.79,51.205,51.36,9303604
1550845800,51.805,52.155,51.705,52.09,9265912
1551105000,52.835,53.135,52.505,52.565,9845652
1551191400,52.37,52.57,52.0655,52.225,6963226
1551277800,51.985,51.985,51.11,51.69,11668664
1551364200,51.405,51.805,51.28,51.665,8978062
1551450600,52.13,52.4,51.615,52.14,8854862
1551709800,52.49,52.65,51.495,52.165,9056356
1551796200,52.005,52.22,51.645,51.92,8297722
1551882600,51.85,51.85,51.015,51.045,9314350
1551969000,50.75,50.85,50.21,50.49,12776448
1552055400,49.715,50.52,49.52,50.475,10174290
1552311000,50.74,51.795,50.665,51.55,11949290
1552397400,51.71,52.0525,51.345,51.805,8638836
1552483800,52.09,52.405,51.93,52.015,8911460
1552570200,51.95,52.245,51.7025,51.725,8708496
1552656600,52.37,53.56,52.35,53.11,16864276
1552915800,53.155,53.445,52.65,52.965,9495480
1553002200,53.365,53.745,53.21,53.575,13650428
1553088600,53.635,53.84,52.805,53.115,11618654
1553175000,53.315,55.2984,53.315,54.945,18619396
1553261400,54.63,54.755,53.33,53.375,18135364
1553520600,53.04,53.475,52.29,52.7,11660468
1553607000,53.285,53.61,52.8175,53.19,9677740
1553693400,53.245,53.4,52.06,52.415,15877780
1553779800,52.5,52.905,51.995,52.315,14142066
1553866200,52.935,53.275,52.83,53.165,11183798
1554125400,53.97,54.525,53.74,54.475,11874656
1554211800,54.495,54.65,54.195,54.52,6885500
1554298200,55.4,56.25,55.28,55.79,18119606
1554384600,55.545,56.195,55.48,55.85,13235148
1554471000,56.175,56.335,55.85,56.27,9291580
1554730200,55.98,56.4475,55.8975,56.385,7829540
1554816600,56.075,56.075,55.5375,55.77,10522244
1554903000,55.65,56.385,55.62,56.22,12468068
1554989400,56.225,56.515,56,56.165,8534306
1555075800,56.72,56.955,56.4775,56.955,7784860
1555335000,56.94,56.98,56.21,56.545,9355746
1555421400,56.945,57.935,56.91505,57.925,13847952
1555507800,59.07,59.415,58.4425,58.78,17039246
1555594200,58.915,59.01,58.55,58.865,11584456
1555939800,58.535,58.9425,58.4,58.82,10271236
1556026200,59.06,59.4425,58.9,59.295,9897806
1556112600,59.24,60.355,59.235,59.8,13841446
1556199000,59.455,59.605,58.22,58.62,19979426
1556285400,57.35,57.92,56.745,57.905,22088114
1556544600,57.775,57.9,57.4125,57.6,7428912
1556631000,57.68,58.255,57.605,58.125,10399312
1556717400,58.6,58.94,57.635,57.68,14377136
1556803800,57.685,58.77,57.58005,58.225,13587568
1556890200,58.585,58.785,58.2,58.745,12327200
1557149400,56.82,57.855,56.595,57.805,13573024
1557235800,57.12,57.255,55.88,56.485,23139432
1557322200,56.115,56.935,56,56.08,17838032
1557408600,55.125,55.5525,54.0725,55.29,36848996
1557495000,54.9,55.615,53.99,55.23,26992368
1557754200,53.375,53.76,52.46505,52.67,35276830
1557840600,53.44,54.27,53.18,54.02,21698616
1557927000,53.385,54.875,53.33175,54.52,25708110
1558013400,53.735,54.315,53.415,53.75,23369406
1558099800,52.935,54.025,52.55,52.715,38983206
1558359000,51.05,51.41,50.29,50.62,37746318
1558445400,51.715,53.35,51.285,51.775,19799180
1558531800,50.965,51.365,50.745,50.865,21798612
1558618200,49.95,50.18,49.25,50.02,24398714
1558704600,50.43,50.665,49.715,49.715,19091990
1559050200,50,50.16,49.2275,49.275,12133782
1559136600,48.865,49.645,48.805,49.44,26900422
1559223000,49.6,50.26,49.485,49.82,15246690
1559309400,49.295,49.96,48.965,49.115,27918396
1559568600,49.655,50.035,48.825,49.06,13463482
1559655000,49.84,51.095,49.53,51.07,13923258
1559741400,51.515,51.64,50.12,50.68,21119006
1559827800,50.765,51.555,50.58,51.38,10042260
1559914200,51.665,52.18,51.485,52.045,11348216
1560173400,52.695,53.925,52.6,53.345,17218408
1560259800,54.18,54.4,53.21,53.54,16207746
1560346200,53.03,53.11895,52.33,52.38,8059132
1560432600,52.73,52.855,52.29,52.64,7157276
1560519000,51.295,51.525,50.99,51.33,11866870
1560778200,51.305,51.465,50.89,51.015,12354216
1560864600,51.465,53.455,51.465,53.09,27726824
1560951000,53.375,53.62,52.97,53.215,9436254
1561037400,54.385,54.6,53.55,53.83,11151880
1561123800,53.565,54.005,53.42,53.575,10478374
1561383000,53.705,53.895,53.475,53.675,12248846
1561469400,53.66,53.84,52.71,52.745,12315002
1561555800,53.9,54.67,53.895,54.305,14639588
1561642200,54.665,55.305,54.665,55.035,10445112
1561728600,55.75,55.795,55.055,55.09,11854974
1561987800,57.55,57.98,56.27,56.645,18243372
1562074200,56.49,56.495,55.73,55.98,8506574
1562160600,55.91,55.965,55.4,55.775,4022146
1562333400,55.125,55.485,54.8,55.365,7976760
1562592600,54.84,55.115,54.61,55.005,7715480
1562679000,54.635,55.47,54.545,55.39,8020308
1562765400,55.985,56.685,55.84,55.94,9222650
1562851800,56.255,56.305,55.805,56.095,7685020
1562938200,56.31,57.155,56.31,57.125,7099534
1563197400,57.455,57.795,57.255,57.585,5291648
1563283800,57.275,57.31,56.74,56.99,7412984
1563370200,57.39,57.52,57.025,57.195,5378938
1563456600,57.325,58.365,57.305,58.225,10471524
1563543000,58.44,58.76,58.195,58.23,8773134
1563802200,58.625,59.485,58.605,59.395,10077710
1563888600,59.8,60.06,59.415,60.055,8288590
1563975000,60.455,61.78,60.35,61.655,13770822
1564061400,61.285,61.35,60.4275,60.54,11179170
1564147800,61,61.05,60.385,60.415,7876316
1564407000,60.315,60.715,59.8,60.62,8749542
1564493400,59.97,60.525,59.835,60.35,5625766
1564579800,60.08,60.11,57.89,58.545,10838782
1564666200,58.385,59.955,56.89,57.365,26134940
1564752600,56.9,57.23,56.105,56.585,16233710
1565011800,55.05,55.135,53.705,54.145,17974586
1565098200,55.165,55.61,54.415,55.005,18445226
1565184600,54.325,55.425,54.2,55.305,14577762
1565271000,55.775,56.77,55.525,56.72,10679876
1565357400,56.2,56.34,55.345,55.74,16228504
1565616600,55.22,55.705,54.78,55.08,7379558
1565703000,54.93,57.095,54.6425,56.66,19614314
1565789400,55.25,55.715,54.51,54.835,16065144
1565875800,55.175,55.25,54.3,54.775,9593682
1565962200,55.375,56.26,55.005,56.115,11205576
1566221400,57.33,57.585,56.775,57.04,9343836
1566307800,56.95,57.11,56.485,56.715,11220474
1566394200,57.29,57.57,57.03,57.295,5137748
1566480600,57.375,57.545,56.635,57.22,7954232
1566567000,56.45,57.0225,54.65,54.85,25409284
1566826200,55.685,55.79,55.216,55.415,7238058
1566912600,55.85,56.04,54.96,55.285,8074536
1566999000,55.035,55.73,54.635,55.64,7750940
1567085400,56.59,57.22,56.55,56.845,11236176
1567171800,57.42,57.69,56.955,57.21,7725856
1567517400,56.655,56.785,55.995,56.305,8735682
1567603800,57.235,57.9775,57.225,57.965,10079856
1567690200,59.225,60.39,59.155,59.725,14293044
1567776600,59.82,59.995,59.445,59.775,5642940
1568035800,60.02,60.46,59.76,60.005,6718674
1568122200,59.68,60.13,59.295,60.125,7900922
1568208600,60.365,60.925,60.055,60.89,6788926
1568295000,61.335,61.565,60.585,60.985,8984316
1568381400,60.9,61.24,60.67,60.955,7083084
1568640600,60.445,60.775,60.025,60.545,4699348
1568727000,60.3,60.84,60.14,60.79,6589600
1568813400,60.775,60.885,60.04005,60.855,4472482
1568899800,61.025,61.18,60.545,60.61,6383414
1568986200,60.75,60.76,59.27,59.475,10214498
1569245400,59.41,60.3,59.41,59.985,9459690
1569331800,60.43,60.545,58.825,59.095,11125228
1569418200,58.805,60.26,58.335,60.105,10437394
1569504600,60.15,60.49,59.675,60.315,9785564
1569591000,59.845,60.11,58.43,58.885,13748344
1569850200,59.295,59.63,58.975,59.565,5209122
1569936600,59.98,60.66,58.93,59.16,9569784
1570023000,58.61,58.77,57.86,58.195,9971608
1570109400,58.19,59.16,57.54,59.09,11173942
1570195800,59.46,60.16,59.26,60.13,7198488
1570455000,60.05,60.395,59.81,59.83,11482032
1570541400,59.195,59.375,58.16,58.26,12248348
1570627800,59.09,59.675,58.95,59.285,6484726
1570714200,59.445,60.415,59.385,59.85,9388308
1570800600,61.05,61.94,60.905,61.215,17169166
1571059800,61.215,61.435,61.025,61.305,4415718
1571146200,61.585,62.68995,61.585,62.525,7660804
1571232600,62.125,62.4601,61.4975,61.615,6960778
1571319000,62.3,62.555,61.28,61.655,6693114
1571405400,61.555,61.745,60.505,61.05,7199112
1571664600,61.5,62.22,61.42,62.195,10253996
1571751000,62.41,62.495,61.71,61.725,7195062
1571837400,60.64,61.105,60.31,60.65,11621462
1571923800,61.555,62.28,61.45,62.255,9637960
1572010200,62.53,63.57,62.53,63.515,9143180
1572269400,64.05,64.56,63.91,64.48,9707296
1572355800,64.59,65.08135,63.97,64.04,7143052
1572442200,64.38,64.38,63.605,64.11,6770590
1572528600,63.93,64,63.066,63.745,7842344
1572615000,64.25,65.07,64.115,65.06,8745382
1572877800,66.12,66.54,65.91005,66.445,7755036
1572964200,66.585,67.01,66.3,66.48,5403508
1573050600,66.265,66.335,65.485,66.075,8512030
1573137000,66.925,67.14,66.165,66.465,7853520
1573223400,66.16,66.605,65.7125,66.605,6743136
1573482600,66.04,66.46,65.8,66.335,5145210
1573569000,66.625,66.98,66.225,66.475,4710096
1573655400,66.09,66.76,65.9,66.59,5728700
1573741800,66.435,66.53,65.99,66.47,5225336
1573828200,67.375,67.63,66.86,67.145,8184402
1574087400,67.115,67.6,66.805,67.185,3931806
1574173800,67.53,67.625,66.666,66.955,6636272
1574260200,66.62,66.99645,65.78,66.3,9885840
1574346600,66,66.155,65.3,65.575,8167680
1574433000,65.835,66.09,65.33,65.46,6401614
1574692200,66.03,66.98,66.03,66.97,6603282
1574778600,66.82,66.926,66.43,66.755,7095044
1574865000,67.025,67.205,66.88,67.205,4593308
1575037800,66.835,66.87,66.415,66.455,3278366
1575297000,66.595,66.67,65.475,65.59,9098506
1575383400,64.325,64.715,63.96,64.67,13669046
1575469800,65.5,65.86,65.435,65.62,6475660
1575556200,65.93,66.195,65.735,66.015,4879686
1575642600,66.665,67.14,66.665,66.995,6752576
1575901800,67.03,67.2,66.535,66.545,3986256
1575988200,66.795,67.225,66.62,66.81,5077446
1576074600,67.295,68.27,67.035,68.24,9614550
1576161000,68.335,70.235,68.265,70.2,12057132
1576247400,70.195,70.965,69.705,69.93,10017418
1576506600,70.79,71.05,70.465,70.5,7100784
1576593000,71,71.045,70.49,70.9,5579496
1576679400,71.1,71.1,70.545,70.655,4843014
1576765800,70.965,71.12,70.575,71.065,4704264
1576852200,71.45,71.985,71.21,71.75,6537454
1577111400,71.565,71.71,70.81,71.04,5452562
1577197800,71.215,71.215,70.715,71.185,2355114
1577370600,71.26,71.49,71.035,71.375,3149748
1577457000,71.635,71.7,70.98,71.13,3688516
1577716200,71.25,71.25,70.125,70.615,5910098
1577802600,70.375,70.84,70.205,70.705,5706602
1577975400,71.895,72.47,71.655,72.34,5200298
1578061800,71.275,71.7153,70.94,71.155,9963630
1578321000,70.255,70.565,69.885,70.395,6514862
1578407400,71.12,71.825,70.7,71.57,6547824
1578493800,71.565,72.055,71.26,71.69,6113614
1578580200,72.605,72.605,71.42,72.1,6405040
1578666600,72.51,72.51,71.37,71.5,4503876
1578925800,72.1,72.5275,71.84,72.5,7212806
1579012200,72.59,73.135,72.21,72.65,6054004
1579098600,72.355,72.46,71.37,71.575,7380484
1579185000,72.24,72.73,72.155,72.73,6238632
1579271400,73.045,73.05,72.51,73.03,5896456
1579617000,72.74,73.415,72.67505,73.09,6054580
1579703400,73.62,74.305,73.48,73.695,7073678
1579789800,73.9,74.15,73.28675,74.15,8739926
1579876200,75.155,75.37,73.275,73.825,9999234
1580135400,71.43,71.75,70.62505,70.85,13582646
1580221800,71.625,72.79,71.205,72.625,7419468
1580308200,72.33,72.57,71.405,71.52,5877814
1580394600,70.795,71.47,69.985,71.355,10334250
1580481000,70.72,70.7825,68.48,68.785,12204780
1580740200,69.085,69.8175,68.995,69.725,7687356
1580826600,71.6,72.035,71.235,71.97,10815558
1580913000,73.25,73.555,72.43,73.4,10792958
1580999400,73.5,73.52,72.595,73.45,5421890
1581085800,72.725,72.78495,71.73,71.77,10472384
1581345000,71.29,72.915,71.25,72.9,8198426
1581431400,73.56,74.7475,73.56,74.44,10834218
1581517800,74.995,75.58,74.995,75.49,7438322
1581604200,74.975,76.165,74.87,75.67,7965630
1581690600,76,76.31,74.895,75.345,7469736
1582036200,73.835,74.33,73.555,74.215,11819286
1582122600,75.37,76.26,75.25,76.125,8133942
1582209000,75.8,75.9,73.77,74.925,7755982
1582295400,74.43,74.475,72.48,72.725,14165040
1582554600,69.385,70.365,68.77,69.43,19728176
1582641000,70.25,70.47,67.105,67.43,25658582
1582727400,68.01,69.125,67.295,67.835,19093738
1582813800,66,67.025,64.55,64.71,25962430
1582900200,62.3,66.34,62.155,65.985,19299140
1583159400,66.84,68.28,65.005,68.27,14083044
1583245800,68.525,69.455,65.555,66.03,14800954
1583332200,67.34,69.415,66.62315,69.415,10803060
1583418600,67.505,68.89,66.645,67.235,11345974
1583505000,65.255,66.365,64.325,65.94,14819274
1583760600,60.33,63.5,60.24,60.455,14174330
1583847000,62.765,64.18,60.615,64.18,12554730
1583933400,62.065,63.5,60.095,60.715,14562868
1584019800,56.47,58.815,54.295,54.305,13776036
1584106200,57.66,60.08,54.55,59.57,11600028
1584365400,52.6,56.22,50.64,50.985,13095850
1584451800,51.885,55.71,50.25,55.115,19195714
1584538200,51,53.185,48,50.535,14520406
1584624600,50.145,53.075,48.52,51.43,10292634
1584711000,53.575,54.61,50.4,50.53,13732978
1584970200,51.225,53.15,49.962,52.405,13153686
1585056600,55.75,58.04,55.7,57.815,15628578
1585143000,58.37,60.195,56.355,57.38,9801666
1585229400,58.4,61,58.1,60.86,9212772
1585315800,58.765,59.535,57.475,57.495,12571404
1585575000,58.56,59.955,57.92,59.75,9145510
1585661400,59.87,60.67,58.18,58.57,10226512
1585747800,56.72,58.095,55.09,55.665,12936274
1585834200,55.17,57.35,55.12,57.165,9846112
1585920600,57,57.73,55.405,56.02,7177598
1586179800,58.615,61.905,58.61,61.59,17370950
1586266200,63.85,63.94,61.4,61.4,11802856
1586352600,62.495,63.745,61.69,63.435,9511570
1586439000,64.095,64.82,61.445,61.935,20815010
1586784600,61.665,62.845,61.375,62.745,10961670
1586871000,64.31,65.55,64.09,65.49,15346446
1586957400,64.025,64.065,62.995,63.725,12026728
1587043800,64.825,65.715,64.2,65.415,9309966
1587130200,66.68,66.97465,65.43,66.055,10195166
1587389400,65.005,66.06,64.635,64.655,6241222
1587475800,63.555,63.91005,61.39,61.76,12767292
1587562200,63.575,65.62,63.525,65.25,12030526
1587648600,65.23,65.96,64.5,64.65,8544478
1587735000,64.645,66.115,64.159,65.955,7987978
1587994200,66.61,67.335,66.255,66.77,8903624
1588080600,67.895,68.23,66.25,66.325,9113566
1588167000,67.52,69.68,67.265,69.44,9770988
1588253400,69.05,69.05,66.75,66.865,13736398
1588339800,65.43,65.55,63.465,63.715,12031126
1588599000,63.45,64.5,63.055,64.42,7615792
1588685400,65.335,66.415,64.89,65.26,9668896
1588771800,66.055,67.0182,65.87,66.025,6652898
1588858200,67.25,67.45835,66.3566,66.625,6246778
1588944600,67.36,68.405,67.09,68.325,6033270
1589203800,67.665,68.85,67.62,68.36,5441712
1589290200,68.8,68.955,66.4575,66.48,7153254
1589376600,66.965,67.195,64.385,65.3,13728498
1589463000,64.805,67.195,63.705,67.13,11389616
1589549400,64.875,65.925,64.43,65.6,14959036
1589808600,67.28,68.785,67.215,68.425,8480874
1589895000,68.395,69.635,68.065,68.17,7989994
1589981400,69.68,71.00545,69.66,70.64,9048698
1590067800,70.47,70.645,68.75,68.85,8866372
1590154200,68.885,69.075,68.045,68.995,4968938
1590499800,70.635,71.07,69.485,69.59,9327184
1590586200,69.615,70.65,67.825,70.64,13018704
1590672600,70.25,71.005,68.775,69.13,10385744
1590759000,69.385,70.945,69.14,70.515,12026206
1591018200,70.45,70.7775,69.89,70.41,6335062
1591104600,70.745,71.86,70.335,71.795,7555808
1591191000,72.885,74.07,72.88,73.775,8987508
1591277400,73.445,75.09,73.35,74.59,6281538
1591363800,76.165,77.385,76.075,76.35,9793530
1591623000,76.695,76.71915,74.73,76.12,5562422
1591709400,75.285,76.5425,75.035,76.26,5725996
1591795800,76.725,77.365,76.33,76.65,7013284
1591882200,74.735,75.05,71.895,71.945,9342858
1591968600,74,74.375,71.425,72.96,9391828
1592227800,71.36,74.01,71.165,73.905,8523544
1592314200,75.905,76.31,73.89,75.06,7783666
1592400600,75.765,76.505,75.36,75.855,9421924
1592487000,75.71,76.175,75.3625,75.75,5770018
1592573400,76.55,76.975,75.205,75.395,6698106
1592832600,75.41,76.15,74.76,76.085,5636014
1592919000,76.6,77.05,76.175,76.335,4749284
1593005400,75.925,76.35,74.165,74.735,8941852
1593091800,74.84,75.39,73.55,75.245,4635484
1593178200,75.245,75.41,73.6775,73.835,7897858
1593437400,74.07,74.585,72.925,74.585,6789718
1593523800,75.045,76.679,74.935,76.4,8866664
1593610200,76.45,76.48,75.52,75.525,6057518
1593696600,76.565,77.255,76.31,76.68,6947370
1594042200,78.0867,79.05,77.925,78.795,6926344
1594128600,78.575,79.035,77.66,77.815,5952530
1594215000,78.52,79.005,77.875,78.93,5181802
1594301400,79.25,80.62,78.4425,80.3,11834058
1594387800,80.285,80.515,79.195,79.985,4752362
1594647000,81.2,82.02695,78.68,78.835,9496672
1594733400,78.3155,80.35,77.405,80.16,7806648
1594819800,80.655,80.685,78.645,79.795,6357278
1594906200,79.045,79.975,78.55,79.735,6811230
1594992600,80.26,80.39,79.71,80.105,4978830
1595251800,80.225,81.92,79.66,81.705,4485574
1595338200,82.54,82.585,81.07,81.295,6096294
1595424600,81.56,82.47,81.24,81.89,4728946
1595511000,81.91,82.525,79.835,80.54,7435996
1595597400,79.275,80.94,78.615,79.73,6040894
1595856600,81.54,83.005,81.4205,82.945,5584730
1595943000,81.805,81.91,80.665,80.79,5693362
1596029400,81.51,83.135,81.365,82.825,6411962
1596115800,82.105,83.7,81.93,83.605,6549890
1596202200,83.77,83.77,81.915,83.11,10354982
1596461400,83.6625,84.725,83.575,84.59,4027858
1596547800,84.63,85.9,84.56,85.82,5996992
1596634200,85.82,86.545,85.42,85.895,4377218
1596720600,85.86,85.875,84.87,85.745,4439020
1596807000,85.615,86.01615,83.87,84.76,5515216
1597066200,85.035,85.22,83.57,84.82,4575270
1597152600,84.835,85.255,83.37,83.62,6514676
1597239000,84.36,86.5,84.015,86.25,5740314
1597325400,86.205,86.3,85.04,85.43,4550142
1597411800,85.675,86.43,85.14,85.34,3263100
1597671000,86.33,87.055,86.12,86.585,2801762
1597757400,86.945,87.165,85.82,86.05,3021820
1597843800,86.215,86.295,85.32,85.525,4716762
1597930200,84.59,85.1075,84.115,84.84,5814798
1598016600,84.81,85.475,84.51,85.455,4163094
1598275800,86.41,86.695,85.605,86.215,2595322
1598362200,86.415,87.23,86.3975,87.19,2598880
1598448600,87.41,87.965,87.175,87.675,2835924
1598535000,87.975,88.195,85.92,86.445,6243256
1598621400,86.7,87.9,86.425,87.82,2711602
1598880600,87.55,88.32,86.95,87.685,3468914
1598967000,88.35,89.45,87.94,89.405,3668178
1599053400,90.9,92.305,89.69,91.775,7924922
1599139800,90.41,90.41,86.185,86.9,13800318
1599226200,86.195,87.36,82.74755,85.705,9851354
1599571800,82.4,84.31,81.7875,81.905,7993394
1599658200,83.915,84.88725,82.995,84.25,4672290
1599744600,85.24045,85.655,82.7,83.19,5838008
1599831000,83.9,84.685,82.235,83.03,4779832
1600090200,84.975,85.505,84.265,84.9,4549686
1600176600,86.09,87.24,85.88695,86.685,7696242
1600263000,87.24,87.37,85.485,85.62,3870646
1600349400,83.26,85.56205,83.105,85.425,4373960
1600435800,85.92,86.09,83.12065,84.135,5509248
1600695000,82.715,84.18,82.015,84.175,8011734
1600781400,84.675,85.015,83.18,84.865,3214242
1600867800,84.95,85.325,82.625,82.925,4852162
1600954200,82.15,84.805,82.05,83.65,6386164
1601040600,83.43,84.88,82.46,84.62,5076726
1601299800,85.9286,86.84,85.23,86.77,3918684
1601386200,86.565,87.785,86.565,87.23,6431392
1601472600,87.065,88.095,86.7231,87.1,5782210
1601559000,88.765,89.54,88.32365,89.25,4724854
1601645400,87.265,88.475,86.54,86.575,6279372
1601904600,87.395,89.525,87.325,89.525,3832234
1601991000,89.31,90.805,88.39,88.74,10500200
1602077400,90.08,90.885,90.06,90.64,3467612
1602163800,91.62,91.87,91.18,91.75,3773226
1602250200,93.135,93.55,92.7,93.325,5310136
1602509400,94.62,95.36,94.055,94.97,4606586
1602595800,95.035,95.475,94.29,94.685,3183154
1602682200,95.09,95.27,93.6,94.185,4294234
1602768600,92.455,93.95,92.2,93.82,2656244
1602855000,94.51,94.51,93.16,93.235,3466998
1603114200,93.925,94.545,92.41,92.775,4638618
1603200600,93.425,93.585,92.545,92.85,4994578
1603287000,93,93.355,92.16,92.255,4890666
1603373400,92.295,92.645,91.165,92.22,3147160
1603459800,92.115,92.115,91.125,92,3332080
1603719000,91.285,91.625,88.935,90.03,6465254
1603805400,90.76,90.97,89.35,89.72,3752108
1603891800,88.18,88.295,86.635,86.825,9156348
1603978200,86.935,89.755,86.68,88.97,4594222
1604064600,87.895,88.5,86.53,87.475,4847440
1604327400,88.255,88.93,87.305,88.155,3878526
1604413800,88.915,90.6325,88.855,89.99,5890174
1604500200,91.95,93.62,90.80815,93.29,7822518
1604586600,95.70215,97.135,95.505,96.995,6045494
1604673000,96.845,98.7925,96.3,98.5,6303608
1604932200,100.91,101.445,97.325,97.425,10781236
1605018600,96.85,96.875,94.185,94.41,6903188
1605105000,96,97.975,95.915,97.73,5375384
1605191400,97.845,98.34,96.235,96.675,6405544
1605277800,97.92,98.865,97.44,98.1,4875048
1605537000,98.87,101.155,98.71,100.86,4773406
1605623400,100.625,100.625,99.2455,99.7,3430226
1605709800,100.23,100.68,99.16,99.205,7665230
1605796200,98.685,100.595,98.335,100.5,4394818
1605882600,100.705,101.315,99.88,99.99,3579314
1606141800,100.755,101.975,100.395,101.53,5039904
1606228200,102.195,102.24,100.385,101.85,3909890
1606314600,101.95,102.5,101.425,101.845,3595642
1606487400,102.55,103.785,102.55,103.21,3684552
1606746600,103.38,105.275,101.99,104.305,8532526
1606833000,105.315,107,104.875,106.2,6738106
1606919400,106.16,106.975,105.7,106.625,5308988
1607005800,107.31,107.83,106.46,106.585,4605118
1607092200,107.23,109.695,107.035,109.695,5366978
1607351400,110.41,110.45,109.345,110.32,4150660
1607437800,110.265,110.895,109.565,110.465,3726026
1607524200,109.895,110.315,106.335,107.045,7175164
1607610600,106.085,107.845,105.68,107.125,4239406
1607697000,106.41,107.095,105.20685,106.255,4151642
1607956200,107.2,107.9675,106.77,107.34,4346512
1608042600,108.695,109.31,108.2,109.025,5029394
1608129000,109.48,109.48,108.13,108.98,2536298
1608215400,109.665,109.7,108.54,108.955,2250840
1608301800,109.095,109.275,107.8875,108.58,6821120
1608561000,106.18,107.345,105.4,107.285,4260758
1608647400,107.455,107.46,106.175,107.095,3693908
1608733800,107.25,107.615,106.235,106.295,2660068
1608820200,106.6,107.455,106.6,107.435,1142898
1609165800,108.6409,108.745,107.12,107.22,2445734
1609252200,107.84,107.895,105.961,106.95,4497940
1609338600,107.575,109.05,107.575,108.925,2108846
1609425000,108.98,109.27,108.135,109.21,2863096
1609770600,110.275,112.5,108.28,109.43,9300588
1609857000,109.225,111.45,109.225,111.345,4639014
1609943400,110.415,113.105,109.97,111.005,7689260
1610029800,112.9,115.83,112.9,115.585,5244660
1610116200,117.56,117.9625,113.93,115.17,6728068
1610375400,114.72,117.675,114.4896,116.895,6266994
1610461800,117.91,118.375,116.27,117.44,6375140
1610548200,118.25,118.315,116.25,116.805,4428042
1610634600,118.53,121.435,118.39,119.71,6605696
1610721000,119.4,119.595,116.355,117.38,7656894
1611066600,119.625,121.5,118.985,121.41,6144486
1611153000,123.04,123.395,120.645,120.905,6309846
1611239400,122.465,123.07,120.94,122.775,7217856
1611325800,121.5,122.14,120.395,120.465,5508702
1611585000,121.585,121.845,118.485,120.94,7048468
1611671400,120.73,120.8,118.82,118.85,5392994
1611757800,116.44,116.44,112.465,113.045,11583590
1611844200,115.57955,117.185,114.39,115.41,7953618
1611930600,115.5,115.91,112.785,113.305,8083676
1612189800,115.07,117.92005,114.745,117.745,5437840
1612276200,119.5854,119.5854,117.90175,119.355,8677388
1612362600,119.91,119.91,117.005,117.11,6479774
1612449000,116.845,118.465,116.17,118.465,5895736
1612535400,119.22,119.245,117.44,117.605,4920582
1612794600,118.76,121.5475,118.595,121.535,8969132
1612881000,121.025,122.115,120.615,121.175,3216156
1612967400,122.25,122.945,119.995,121.485,7481162
1613053800,122.845,125.9975,122.775,125.985,10339946
1613140200,125.535,127.51995,124.775,127.28,6800792
1613485800,128.99,129.295,127.33,128.06,6947738
1613572200,126.735,127.24,124.01,125.58,7337990
1613658600,124.12,124.8,122.65,124.245,6065342
1613745000,126.14825,127.905,125.6,126.93,8658840
1614004200,125.265,125.93,121.835,122.29,6752942
1614090600,119.975,121.94,116.44,121.115,9492350
1614177000,119.985,125.025,119.22,125.01,9290986
1614263400,123.52,124.145,117.615,118.04,12311890
1614349800,120.065,121.445,117.46,120.475,10312696
1614609000,122.345,124.125,121.18,124.1,7118900
1614695400,124.34,124.34,120.18,120.285,7697296
1614781800,120.43,120.775,116.375,116.495,9035078
1614868200,115.885,116.695,109.18,110.84,18054788
1614954600,113.695,114.625,108.455,114.395,14766656
1615213800,113.77,114.28,108.07,108.11,15614524
1615300200,112.1027,115.26,111.65,114.515,14207142
1615386600,116.27,116.27,112.105,112.19,12627410
1615473000,115.63075,117.465,115.035,116.905,8957336
1615559400,114.75,115.7,113.875,115.445,7449184
1615815000,116.11,117.935,115.165,117.935,6876340
1615901400,119.115,120.91,118.355,119.225,9247120
1615987800,117.355,121.29,116.515,120.345,10292348
1616074200,118.6,118.78,115.415,115.525,8934818
1616160600,115.695,117.86,114.4,116.84,14151120
1616419800,118.415,120.91,118.075,119.625,9827338
1616506200,119.765,119.765,116.1121,116.63,9038676
1616592600,118.42,118.66,114.5675,114.63,8924972
1616679000,113.11,115.41,112.205,115.05,13527970
1616765400,115.385,120.8505,115.075,120.82,15262396
1617024600,119.68385,119.95,117.455,118.885,12544272
1617111000,118.33,118.855,117.265,118.375,6676398
1617197400,119.385,122.44,119.385,121.775,10132204
1617283800,124.02,126.475,124.015,126.47,11310214
1617629400,128.525,128.77,126.69,128.575,9784696
1617715800,127.725,128.245,125.58,126.815,11804912
1617802200,126.84,127.30495,125.7475,126.525,7925928
1617888600,128.21,128.34,127.21,128.34,6799390
1617975000,127.494,128.04,126.865,128.04,5391220
1618234200,127.42,127.42,125.445,126.555,6823334
1618320600,127.57205,127.79,125.37,126.305,7384086
1618407000,126.375,127.15,124.51,125.095,7224572
1618493400,126.47,126.935,125.11,126.7,8138786
1618579800,126.775,126.96,125.855,126.205,7214972
1618839000,125.255,125.715,121.895,123.08,10237522
1618925400,122.65,123.105,120.725,121.355,9636616
1619011800,121.62,124.64,121.05,124.555,9880218
1619098200,124.5,124.675,121.035,121.8,8253280
1619184600,122.385,124.82,122.275,124.6,6415088
1619443800,124.735,126.765,124.605,126.73,5541598
1619530200,127.05,127.205,125.44,125.99,6919586
1619616600,125.595,125.595,123.82,123.975,6782448
1619703000,125.6,125.68,123.09,125.12,7921592
1619789400,123.03,123.73,121.195,121.5,9111606
1620048600,122.29,122.4,119.71,120.09,9077930
1620135000,118.755,118.96,116.4,118.6,14625390
1620221400,119.89125,120.645,118.475,119.125,9871592
1620307800,118.875,120.315,117.76,120.105,12851168
1620394200,121.785,122.75,120.685,121.8,10771582
1620653400,120.55,120.55,116.19,116.4,10633992
1620739800,112.985,116.895,112.635,116.625,13493064
1620826200,114.06175,114.55,111.41,111.815,15262730
1620912600,113.69,115,112.005,113.085,17899906
1620999000,114.83,117.45,113.7,116.67,8363548
1621258200,114.955,115.41,113.42,115.37,10105374
1621344600,116.46,116.85,114.59,114.735,7617598
1621431000,112.14,116.91,111.97,116.79,16199930
1621517400,117.75,120.185,117.565,119.69,11437616
1621603800,120.395,120.48495,118.75,119.085,10890962
1621863000,120.15,122.515,119.94,121.7,7521912
1621949400,122.76,123.24,121.66,122.5,8098154
1622035800,122.5,123.2,121.665,122.625,6491998
1622122200,122.39,123.705,122.1,123.215,5487834
1622208600,123.585,125.035,123.365,124.595,6944074
1622554200,125.485,126.565,123.66,124.41,7920014
1622640600,124.25,125.535,123.835,125.14,6451484
1622727000,123.845,124.28,122.4,123,7640996
1622813400,124.18,126.185,124.165,125.74,7182292
1623072600,125.435,125.455,124.27,125.1,5799874
1623159000,125.96,125.965,123.135,124.07,6159338
1623245400,124.57,124.795,123.605,123.685,5712108
1623331800,123.72,125.555,123.675,125.3,6569954
1623418200,125.745,125.745,124.795,125.74,4843178
1623677400,126,127.44,125.42,127.44,6280370
1623763800,127.05,127.945,126.01,126.34,6987388
1623850200,126.735,127.16,124.22,125.275,9597608
1623936600,124.81,127.695,124.81,126.69,7849402
1624023000,125.605,125.935,123.065,123.465,10137534
1624282200,123.46,123.99,122.48,123.79,7902218
1624368600,123.89,124.65,123.135,124.6,6094738
1624455000,124.965,125.905,124.86,125.23,4196120
1624541400,126.465,127.555,126.33,127.275,4043112
1624627800,127.535,127.865,126.455,126.775,5170698
1624887000,127.765,130.27,127.765,129.85,6955436
1624973400,129.85,130.98,129.19,130.98,5117560
1625059800,130.795,131.245,130.055,131.12,5429566
1625146200,130.78545,130.815,128.74,129.185,4886328
1625232600,130.225,130.225,129.105,129.9,3515836
1625578200,130.48,131.0499,128.235,129.86,5563454
1625664600,130.615,130.825,127.555,128.06,5018786
1625751000,125.5,126.97,124.445,126.345,6860580
1625837400,127.03,128.73,126.05,128.5,5521760
1626096600,129.105,130.29,128.645,130.185,4457560
1626183000,129.81,130.62,129.11,129.905,4907290
1626269400,131.325,131.93,129.2,129.62,6704250
1626355800,128.755,128.755,125.18,126.065,12503126
1626442200,126.83,127.185,123.11,123.425,8994208
1626701400,121.595,123.52,121.045,123.4,12381218
1626787800,123.855,125.65,122.205,124.91,7590240
1626874200,125.5,128.535,125.32,128.5,6350082
1626960600,127.705,128.475,126.855,127.725,6214474
1627047000,128.31,128.685,127.045,128.655,4456412
1627306200,128.05,128.75,127.6,128.51,2543896
1627392600,127.655,127.935,123.715,126.24,6707000
1627479000,126.64925,128.805,126.005,128.495,6731574
1627565400,128.62,131.075,128.58,130.905,6820500
1627651800,129.565,131.98,129.56,131.57,6459688
1627911000,132.695,133.97,132.14,132.5,8518844
1627997400,132.765,133.71,131.425,133.7,6436922
1628083800,134.1,135.66,133.885,135.16,7093106
1628170200,135.59,135.895,134.265,135.01,5626798
1628256600,134.005,135.01,133.955,134.285,4119498
1628515800,134.54,134.9,133.365,133.88,3998144
1628602200,134.305,134.355,131.355,132.165,6655530
1628688600,132.71,132.79,130.31,131.815,4258270
1628775000,131.135,131.145,129.34,130.375,9068392
1628861400,130.465,131.275,129.95,131.225,5656780
1629120600,130.69,131.24,129.67,130.66,4517644
1629207000,129.445,129.475,127.095,128.185,10177072
1629293400,128.075,128.9875,126.43,126.53,5631928
1629379800,125.52,128.36,124.675,127.64,8966670
1629466200,127.94,128.625,126.855,128.19,6447694
1629725400,129.665,132.02,129.65,131.875,9150558
1629811800,132.19,132.71,131.67,131.965,4813012
1629898200,132.42,134.43,132.42,133.4,10723960
1629984600,133.315,134.13,132.515,133.605,5221638
1630071000,133.755,136.28,133.66,136.02,6363552
1630330200,136.85,137.6,135.997,136.45,4993822
1630416600,136.795,136.795,134.365,135.415,5864464
1630503000,136.065,136.245,135.035,135.205,5119670
1630589400,135.44,136.845,135.01,135.535,3220106
1630675800,135.405,137.12,135.155,136.645,3617704
1631021400,136.845,136.9,135.555,136.365,3927362
1631107800,135.655,135.86,133.515,134.565,4984748
1631194200,134.645,135.845,134.485,135.12,4631686
1631280600,136.255,138.02,136.04,136.14,7345300
1631539800,137.25,137.495,135.415,137.16,5600966
1631626200,137.625,138.23,136.56,137.25,5451676
1631712600,137.15,137.74,136.06,137.73,4266840
1631799000,136.635,138.345,136.065,137.93,5166128
1631885400,137.5,137.5,134.98,135.5,7483640
1632144600,132.605,133.1,130.215,132.2,7809202
1632231000,133.05,133.405,131.43,132.48,4624356
1632317400,133.185,135.21,132.735,134.87,4947624
1632403800,135.74,136.955,135.035,136.565,4484190
1632490200,135.495,136.42,135.205,136.195,2781914
1632749400,134.86,136.19,133.855,135.71,4060578
1632835800,132.825,133.775,130.08,130.245,11220544
1632922200,130.33,130.85,127.885,128.28,9581768
1633008600,129.1,130.27,128.11,128.135,6558582
1633095000,128.7404,128.835,126.175,128.245,7362658
1633354200,127.28,127.48,124.39,124.905,9562046
1633440600,125.905,127.56,125.31,126.66,6784640
1633527000,125.195,127.19,124.835,127.045,7441852
1633613400,128.84,130.13,128.505,128.625,4943434
1633699800,129.2,129.25,127.17,127.375,4999524
1633959000,126.725,128.645,126.58,126.615,4422040
1634045400,127.36,127.64,124.805,125.335,8049402
1634131800,126.455,127.0175,125.825,126.405,5695528
1634218200,129.255,130.28,128.515,130.2,7074262
1634304600,131.25,131.41,130.49,131.29,5309512
1634563800,130.285,132.385,129.8125,132.325,4043304
1634650200,132.505,133.84,132.02,133.84,4631744
1634736600,133.49,133.955,132.775,133.25,4456900
1634823000,132.355,134.8325,132.235,134.77,3889550
1634909400,134.6,135.785,133.35,133.58,5938984
1635168600,134.185,135.045,133.685,134.255,3739036
1635255000,135.77,136.365,134.53,135.02,4962318
1635341400,134.24,135.48,133.65,133.88,7880914
1635427800,135.565,136.47,135.015,136.43,5989344
1635514200,135.37,136.865,135.205,136.82,4406214
1635773400,136.945,138.465,136.4218,138.39,4430806
1635859800,138.375,140,138.3,139.915,4611892
1635946200,140.08,141.385,139.535,141.3,6096722
1636032600,142.645,148.05,142.16,147.15,15122328
1636119000,148.34,149.87,146.985,148.3,9548544
1636381800,149.265,151.93,148.5825,150.97,8629994
1636468200,152.505,152.975,149.645,151.17,11542860
1636554600,148.19,150.16,145.775,146.4,10610902
1636641000,148.75,149.45,147.72,149.035,5640278
1636727400,149.52,151.155,148.615,150.55,5272182
1636986600,151.5525,151.5525,148.835,150.35,5636916
1637073000,149.945,152.53,149.39,152.3,4880342
1637159400,152.35,152.73,150.825,151.395,5819198
1637245800,154.91,155.82,153.565,155.12,7604440
1637332200,154.815,157.035,154.4388,156.1,6666182
1637591400,156.795,159.41,153.64,153.745,10941090
1637677800,152.935,154.32,149.985,152.63,10522354
1637764200,151.17,154.25,149.735,154.17,7165204
1637937000,151.315,152.715,148.945,149.7,6732680
1638196200,152.255,155.87,151.535,155.71,9032744
1638282600,155.065,156.385,151.3025,152.45,13931408
1638369000,155.325,157.785,151.78,151.91,14237264
1638455400,150.251,153.585,149.57,152.305,12560070
1638541800,153.375,154.72,148.77,150.575,13547548
1638801000,149.785,150.695,145.255,150,10211928
1638887400,153.5,157.7075,153.5,157.275,11288902
1638973800,156.415,156.915,155,156.595,7148452
1639060200,155.55,157.105,152.6675,152.805,6494388
1639146600,155.56,155.875,152.195,153.775,7072730
1639405800,154.315,154.47,149.545,149.785,7499666
1639492200,147.865,149.74,146.815,148.92,8492168
1639578600,149.08,155.19,147.8,155.08,10836802
1639665000,155.84,156.175,147.56,148.34,14412322
1639751400,147.03,150.025,146.66,147.645,11279234
1640010600,144.95,146.745,144.07,145.755,11102030
1640097000,148.855,151.16,146.815,151.02,9070928
1640183400,150.025,152.82,149.715,152.815,5102960
1640269800,153.235,155.19,153.065,154.13,4795644
1640615400,154.655,158.3375,154.54,158.28,6443456
1640701800,158.915,158.96,155.945,156.72,5077778
1640788200,156.545,157.775,155.74,156.695,6252326
1640874600,156.53,157.005,154.635,154.915,5910694
1640961000,155.01,156.02,154.355,154.395,2929872
1641220200,155.65,157.85,155.22,157.8,7155196
1641306600,158.5,159.345,153.59,156.98,11485510
1641393000,155.755,156.94,151.505,151.595,16288398
1641479400,151.47,153.7575,149.885,153.1,13102394
1641565800,152.81,153.306,148.095,148.445,13858846
1641825000,146.5,148.875,143.865,148.635,14787890
1641911400,148.235,151.79,147.085,151.635,9940172
1641997800,152.915,154.195,151.32,152.93,11784508
1642084200,156,157.41,149.845,150.27,16958554
1642170600,149.24,153.695,148.94,153.455,11727272
1642516200,150.855,150.9,146.3,146.59,12516500
1642602600,147.95,148.845,142.445,142.54,17538948
1642689000,143.715,144.785,138.165,138.175,16708752
1642775400,137.5,141,135.755,135.875,26521866
1643034600,133.1,137.695,128.62,137.615,25145510
1643121000,133.72,135.37,131.43,132.165,16935304
1643207400,136.225,139.445,131.95,134.07,20527300
1643293800,135.415,135.695,127.97,128.345,22095942
1643380200,128.205,131.035,124.68,130.845,21911400
1643639400,131.73,137.7,130.97,137.7,14468818
1643725800,138.645,138.75,135.105,138.29,11685468
1643812200,141.33,142.02,139,141.82,11819470
1643898600,138.32,140.275,135,135.53,16690676
1643985000,134.97,137.43,133.24,136.265,9879192
1644244200,136.885,138.465,135.835,136.48,10319748
1644330600,135.59,139.695,135.27,139.275,10124730
1644417000,141.395,144.15275,139.605,144.125,20297298
1644503400,140.9321,145.1764,139.15,139.81,16619528
1644589800,140,141.0075,131.79,132.625,23369824
1644849000,133.07,135.33,130.88,132.535,15577514
1644935400,135.505,139.905,135.085,139.7425,12811954
1645021800,137.985,140.09,136.615,139.715,10021054
1645108200,137.98,138.155,134,134.115,15832920
1645194600,134.565,134.805,130.85,132.625,17236446
1645540200,131.145,134.845,129.77,131.715,17874714
1645626600,133.875,134.89,128.6,128.955,15235758
1645713000,123.965,133.4,123.38,133.38,21510110
1645799400,133.265,135.285,131.41,135.24,17730994
1646058600,133.23,135.43,131.49,134.075,17840222
1646145000,133.615,134.53,128.56,129.845,16570968
1646231400,130.815,134.81,130.48805,134.095,16573532
1646317800,134.515,134.565,130.395,131.205,16515254
1646404200,129.775,130.78,126.15,127.675,16157950
1646663400,127.855,128.775,121.255,121.32,17728520
1646749800,121.51,127.59,119.825,123.15,25880766
1646836200,127.44,129.35,125.825,128.5,13344784
1646922600,126.115,126.3,123.35,125.72,14997820
1647009000,127.595,127.84,122.78,122.895,14765150
1647264600,122.775,123.42,118.66,119.345,23371360
1647351000,120.46,124.68,119.565,124.345,20833752
1647437400,126.59,130.93,125.43,130.93,23147480
1647523800,129.635,131.75,128.56,131.75,13429258
1647610200,130.635,135.015,130.14,134.595,16140452
1647869400,134.21,135.285,131.915,134.28,13897106
1647955800,134.295,136.695,133.965,135.205,11647258
1648042200,133.9,135.58,131.745,131.825,15410946
1648128600,133.405,138.26,132.6,138.24,16911530
1648215000,138.05,138.25,135.445,137.665,11025950
1648474200,136.66,138.73,135.035,138.665,13225150
1648560600,141.215,142.21,139.16,141.8,14346016
1648647000,140.98,141.33,136.905,137.685,14507870
1648733400,137.375,138.375,134.57,134.895,15526604
1648819800,135.395,135.885,130.795,132.71,15469994
1649079000,133.04,135.085,132.615,134.9,11604484
1649165400,133.965,134.045,128.71,129.08,22220320
1649251800,126.38,128.45,124.975,126.41,22542744
1649338200,125.855,127.615,124.055,126.43,15147020
1649424600,125.72,125.72,123.21,123.425,13650922
1649683800,121.63,122.345,120.47,120.65,15627808
1649770200,123.065,124.055,119.605,120,21096810
1649856600,121.15,123.855,120.39,122.85,16482890
1649943000,123.485,123.61,119.075,119.11,15282074
1650288600,118.61,122.17,118.545,121.15,14242974
1650375000,120.465,123.885,119.96,123.73,13227872
1650461400,125.785,126.635,123.08,123.505,13034518
1650547800,125.02,126.375,119.59,120.12,18008966
1650634200,119.98,120.715,117.27,117.365,14250910
1650893400,116.58,119.4,116.2,119.395,19083130
1650979800,118.16,118.295,114.305,114.305,18289042
1651066200,112.98,116.48325,112.9,113.755,14756400
1651152600,116.205,121.335,114.835,120.25,19096916
1651239000,117.965,120.595,114.715,114.925,14487858
1651498200,114.945,118.355,113.865,118.27,16399270
1651584600,117.86,120.005,117.055,119.24,10625340
1651671000,119.995,123.595,116.225,123.33,20898448
1651757400,121.27,121.395,115.8775,117.54,15564104
1651843800,116.545,118.915,114.21,116.335,19808446
1652103000,113.815,115.09,109.95,110.445,18250888
1652189400,113.81,115.13,110.735,113.3,19597750
1652275800,112.2,114.85,109.635,109.825,18200422
1652362200,108.63,111.44,107.6125,110.345,15976848
1652448600,112.605,116.85,111.89,116.13,13530916
1652707800,115.02,116.015,113.76,114.255,10146156
1652794200,117.375,119.98,116.825,119.72,10557080
1652880600,117.75,119.18,113.475,114,10887638
1652967000,113.235,116.76,112.935,114.03,13706536
1653053400,116.02,116.26,109.38,114.085,18009754
1653312600,113.65,115.295,112.82,115,8604182
1653399000,113.11,113.5,110.915,111.965,12751574
1653485400,111.485,115.115,111.325,114.295,10999462
1653571800,113.19,118.565,112.735,118.115,8707526
1653658200,120.05,122.9975,119.9722,122.8,9288342
1654003800,122.56,123.295,120.365,122.29,10122268
1654090200,122.855,123.48,118.805,120.28,9778766
1654176600,120.155,124.56,119.715,124.53,8733280
1654263000,121.815,122.385,120.19,120.86,7802130
1654522200,122.86,123.725,120.265,120.96,8430788
1654608600,119.44,122.185,118.58,121.925,5774390
1654695000,121.365,121.85,118.63,119.385,8183892
1654781400,118.58,120.36,116.135,116.21,9877162
1654867800,114.045,115.025,111.71,111.91,11145342
1655127000,107.87,109.085,105.33,105.69,13311062
1655213400,106.905,107.365,105.1575,106.465,9095368
1655299800,107.76,110.22,105.93,108.415,11026606
1655386200,105.08,105.29495,100.99,101.99,16871542
1655472600,102.5,103.6,100.53,102.825,14288910
1655818200,104.88,107.155,104.865,105.74,10006156
1655904600,103.7,106,103.535,104.25,7195554
1655991000,104.77,104.885,102.21,103.71,8493258
1656077400,105.43,108.13,105.025,108.08,12663212
1656336600,109.09,109.25,106.965,107.72,5422520
1656423000,108.19,109.405,104.99,105.005,8944684
1656509400,104.065,104.325,102.02,103.155,7706786
1656595800,101.54,103.6,100.11,101.865,9802102
1656682200,100.1,100.415,96.81,97.995,12926302
1657027800,95.5,98.525,94.97,98.51,14544902
1657114200,98.485,100.245,97.54,99.18,6654768
1657200600,101.5325,104.1995,101.51,103.76,9013424
1657287000,102.22,104.95,102,104.32,5470002
1657546200,102.72,103.2,101.24,101.82,5457748
1657632600,102.83,103.43,101.205,101.78,5470604
1657719000,99.845,103.375,99.695,102.585,7035654
1657805400,102.28,105.18,100.775,104.75,6802552
1657891800,106.255,107.42865,104.84,107.395,7738206
1658151000,108.955,109.495,106.06,106.6,8425028
1658237400,108.405,111.86,108.19,111.47,9005174
1658323800,111.105,114.48995,110.4475,114.095,10183416
1658410200,114.58,116.07,113.14,116.01,8359634
1658496600,115.62,115.8,112.55,113.385,11208960
1658755800,112.67,112.95,111.135,112.685,6005284
1658842200,112.355,112.72,110.65,110.985,4261266
1658928600,112.75,116.935,112.71,116.18,9976694
1659015000,116.42,117.785,114.005,117.6,6426434
1659101400,116.37,118.9235,115.765,118.58,6415846
1659360600,117.5,119.9075,116.825,118.82,6570186
1659447000,117.47,120.355,116.99,118.575,6815694
1659533400,118.455,121.77995,118.21,121.41,7424422
1659619800,121.29,122.87,120.92,122.645,5658702
1659706200,120.7,122.77,120.055,121.81,5279892
1659965400,120.275,121.325,118.03,119.705,8430518
1660051800,117.13,117.2053,113.365,114.695,13725920
1660138200,117.73,119.405,116.25,119.34,8435180
1660224600,120.175,122.495,119.06,119.315,8788904
1660311000,119.995,122.8575,119.6,122.685,5824954
1660570200,121.945,123.53,121.395,123.24,4506188
1660656600,122.6,122.955,120.53,121.85,4302216
1660743000,120.145,120.265,117.7,119.235,6676082
1660829400,119.115,121.7,118.70005,120.9,5241644
1660915800,119.36,119.785,117.1,117.495,6864340
1661175000,115.2,115.625,112.98,113.4,6987538
1661261400,113.4,115.54,113.365,114.135,4517204
1661347800,113.91,114.515,112.85505,114.06,4493408
1661434200,114.27,117.9,114.245,117.89,5456772
1661520600,117.635,117.795,111.315,111.335,9142564
1661779800,110.45,111.46,109.16,109.27,9062348
1661866200,110.38,110.52,106.875,108.02,8744918
1661952600,108.68,108.88,106.37,107.285,7843276
1662039000,104.52,105.095,102.08,104.94,13796414
1662125400,106.27,107.285,103.465,103.91,6884594
1662471000,103.92,104.51475,102.09,102.75,7472206
1662557400,102.98,105.18,102.245,104.39,7927362
1662643800,103.39,106.215,102.65,105.805,7830374
1662730200,107.335,108.74,107.14,108.43,8128292
1662989400,108.875,109.415,107.66,108.7,7184862
1663075800,104.91,105.765,101.945,102.23,9622090
1663162200,103.13,104.007,101.985,103.34,10439102
1663248600,102.745,103.66,100.785,101.5,9906240
1663335000,100.5,102.0625,99.705,101.955,8689942
1663594200,100.65,102.91,100.56,102.625,6698194
1663680600,101.6,102.125,100.58,101.205,5462776
1663767000,101.465,104.685,100.335,100.36,11149350
1663853400,99.845,100.05,97.245,97.58,11633348
1663939800,96.485,96.84,94.735,96.185,8751968
1664199000,96.2,97.445,94.9,95.065,5982778
1664285400,96.55,97.355,94.445,95.785,8243828
1664371800,94.86,97.435,94.505,97.005,9941320
1664458200,95.19,95.435,92.7,93.95,10499980
1664544600,92.83,95.31,92.555,92.56,6782542
1664803800,93.635,96.83,93.055,95.88,8538904
1664890200,98.82,100.305,98.5,99.98,10874206
1664976600,98.52,101.725,97.655,100.97,6730948
1665063000,100.67,102.355,99.98,100.28,8594750
1665149400,97.33,97.605,93.905,94.3,12253506
1665408600,94.135,94.195,90.05,91.15,13134618
1665495000,89.445,90.035,87.0925,88.275,16052568
1665581400,88.285,88.79,87.35,87.745,7606072
1665667800,84.37,92.095,83.485,90.43,21406366
1665754200,91.295,91.515,86.395,86.575,9984966
1666013400,88.845,89.74,87.91,88.625,8269638
1666099800,91.235,91.835,87.275,88.645,9798466
1666186200,88.19,90.17,87.775,89.36,8535872
1666272600,90.095,92.7,89.525,90.07,10876984
1666359000,89.67,93.315,89.275,93.175,12884058
1666618200,92.9,93.85,91.115,93.47,9834686
1666704600,93.58,95.625,93.535,94.95,13488890
1666791000,93.375,96.18,92.78,94.02,9898272
1666877400,95.205,95.985,92.725,92.845,10174652
1666963800,93.07,96.5325,92.905,96.39,9214950
1667223000,95.6,95.835,94.095,94.61,5975842
1667309400,96.65,96.875,94.845,95.265,4670036
1667395800,95.995,97.71,92.49,92.535,11903846
1667482200,91.13,93.05,90.195,91.45,11461258
1667568600,94.86,95.78,93.385,95.7,8471092
1667831400,96.26,97.855,95.2025,97.59,10213838
1667917800,99.395,100.835,97.8,99.695,12147000
1668004200,98.37,98.695,96.83,96.985,8639930
1668090600,102.635,107.085,101.7175,106.895,17078044
1668177000,107.255,110.91,106.45,110.4,12646464
1668436200,109.925,111.3,109.155,109.355,12231920
1668522600,114.26,114.639,111.375,112.8,11456548
1668609000,110.38,110.64,108.106,108.74,10710958
1668695400,106.605,110.075,106.38,109.56,9019762
1668781800,111.345,111.35,108.425,109.76,8025470
1669041000,108.35,108.67,107.38,107.84,5071636
1669127400,108.735,110.975,107.81,110.975,8283702
1669213800,110.955,113.04,110.79,111.94,5779932
1669386600,111.325,111.76,110.625,110.625,2207350
1669645800,109.245,110.58,107.415,108.015,7853686
1669732200,108.425,108.915,106.96,107.72,4908890
1669818600,108.065,113.87,107.215,113.865,12688248
1669905000,114.59,114.925,111.89,113.5,8752324
1669991400,110.7,112.325,110.125,111.94,8204276
1670250600,111.455,112.165,109.61,110.605,7068978
1670337000,110.51,110.605,107.275,108.18,6089920
1670423400,107.225,108.77,107.13,108.155,5651762
1670509800,108.57,111.165,107.94,110.91,7260014
1670596200,110.595,112.02,109.73,110.02,4938368
1670855400,109.385,112.045,109.06005,111.98,6827672
1670941800,117.02,117.29495,112.42,113.845,9469980
1671028200,113.525,114.855,110.78,111.885,7518964
1671114600,109.98,110.29,107.295,107.625,8841994
1671201000,107.15,108.095,105.84,106.79,8276248
1671460200,105.585,105.77,103.44,104.34,7226902
1671546600,103.175,104.67,103,103.83,4510092
1671633000,104.48,106.46,104.21,106.15,5675506
1671719400,103.9925,103.9925,99.725,101.75,9552326
1671805800,101.035,101.855,99.965,101.74,3876262
1672151400,101.035,101.17,99.66,99.92,4636158
1672237800,99.475,100.555,98.2675,98.65,5064044
1672324200,100.215,102.2,99.87,101.87,8302008
1672410600,100.35,101.605,99.572,101.47,4410996
1672756200,103.29,103.385,100.05,100.69,4472474
1672842600,102.55,103.8,101.335,103.25,10039868
1672929000,102.005,102.865,101.3375,101.4,5936418
1673015400,103.075,106.45495,101.43,105.835,7005844
1673274600,107.79,110.36,107.225,108.14,11422664
1673361000,107.76,109.55,107.365,109.545,5463946
1673447400,109.4225,110.83,108.6,110.83,5737052
1673533800,111.74,113.23,109.4475,112.49,7704844
1673620200,111.285,112.955,110.91,112.895,4264468
1673965800,112.615,114.325,112.45,113.565,5059216
1674052200,114.58,115.525,112.7975,112.855,9374614
1674138600,111.79,112.135,109.86,110.095,9283094
1674225000,111.125,113.685,110.385,113.675,5709700
1674484200,114.5,119.35,114.345,119.035,12789906
1674570600,117.45,119.125,117.45,118.19,7328630
1674657000,116.16,118.57,115.14,118.31,6854082
1674743400,119.85,120.52,117.955,120.43,7196364
1674829800,118.445,120.595,117.955,119.64,7254526
1675089000,117.89,118.87,116.675,116.775,8049958
1675175400,116.45,118.5575,116.095,118.55,5484094
1675261800,119.175,125.31,118.875,124.14,15518598
1675348200,125.535,127.82,124.805,126.7925,12985842
1675434600,124.125,127.15,123.73,124.465,7489646
1675693800,122.475,124.1,121.88,122.395,7811358
1675780200,122.775,126.635,122.5,126.07,10309114
1675866600,125.505,126.345,123.305,123.6,7844728
1675953000,125.84,127.2975,123.175,124.09,8767106
1676039400,122.685,123.125,120.775,122.005,7529836
1676298600,122.53,124.165,121.635,123.84,4030360
1676385000,123,126.885,122.29,126.505,9481956
1676471400,124.84,126.57,123.775,126.5,7125120
1676557800,123.89,125.03,122.9,123.065,5418086
1676644200,122.2,122.58,120.3,121.385,7574898
1676989800,119.505,120.775,117.565,117.695,7695880
1677076200,117.915,118.855,116.545,117.12,6987618
1677162600,121.13,121.855,119.155,121.27,11583204
1677249000,118.85,119.69,118.215,119.105,6208188
1677508200,120.995,121.165,119.555,119.64,5851976
1677594600,119.3,121.295,119.095,119.7,4770542
1677681000,120.22,121.275,119.325,119.78,4725784
1677767400,118.18,121.365,117.345,120.84,6530442
1677853800,120.85,122.59,119.92,122.48,5385168
1678113000,122.82,123.915,121.14,121.39,6485374
1678199400,121.445,122,119.53,120.035,6616626
1678285800,120.66,123.27,120.41,123.175,8112884
1678372200,122.96,124.78,120.57,120.815,8222930
1678458600,121.235,121.925,118.26,118.86,13168186
1678714200,117.36,120.25,116.39,118.78,9831434
1678800600,120.7,122.995,120.485,122.335,11314508
1678887000,120.5,121.25,118.535,120.96,12602294
1678973400,120.27,125.985,119.89,125.8,14746404
1679059800,125.945,127.09,124.625,125.16,9868572
1679319000,125.5,126.79,124.35,126.42,6521364
1679405400,127.44,128.685,124.8,126.82,11118200
1679491800,127.01,130.44,126.005,126.005,8938034
1679578200,128.415,130.96,127.31,129.355,10950910
1679664600,128.595,128.81,126.005,127.31,11042914
1679923800,127.64,128,125.4375,125.825,7025660
1680010200,125.33,125.5625,123.216,124.95,7771404
1680096600,126.82,129.565,126.82,128.84,9979202
1680183000,130.165,131.52,129.791,130.685,7807068
1680269400,129.69,131.785,129.43,131.595,7281628
1680528600,130.925,131.415,129.305,130.845,8036492
1680615000,131.11,131.265,128.205,128.835,8057632
1680701400,127.515,127.72105,125.215,126.58,10065976
1680787800,125.32,127.02,124.64,126.2,7448080
1681133400,125.0475,128.18,124.845,128.11,5991296
1681219800,128.575,128.76,127.24,127.43,6288960
1681306200,128.53,128.76,125.065,125.165,7748904
1681392600,125.5,126.89,124.59,126.175,5760774
1681479000,126.105,127.48,124.6614,126.04,4901284
1681738200,124.9,125.99,124.325,125.95,5297078
1681824600,127.095,127.91,125.56,126.515,5703642
1681911000,124.78,125.53,124.50005,125.315,5013022
1681997400,124.5,127.275,124.405,125.455,5879700
1682083800,124.59,125.32,123.285,124.17,5202358
1682343000,123.9,124.68,122.715,123.505,4489098
1682429400,122.53,122.545,119.535,119.59,10464576
1682515800,120.805,121.615,119.845,120.425,7695312
1682602200,120.56,121.76,118.57,121.59,6814222
1682688600,122.25,123.625,121.78,123.625,7553466
1682947800,123.985,124.96,123.665,124.57,5202088
1683034200,124.53,125.18,122.5,123.49,6717686
1683120600,122.85,124.3,122.075,122.215,8223032
1683207000,121.645,122.8175,120.935,121.805,5889236
1683293400,122.16,124.97,121.59,124.38,5553204
1683552600,123.98,125.15,123.37,125.07,3918938
1683639000,123.59,123.77,122.74,123.14,4951653
1683725400,124.44,125.04,122.97,124.14,5474872
1683811800,123.79,124.03,121.89,123.04,5339534
1683898200,123.47,123.8878,121.81,122.9,3364892
1684157400,123.08,126.12,122.845,126.12,6192761
1684243800,125.71,127.42,125.71,126.09,5126398
1684330200,127.29,129.94,126.8,129.5,6322773
1684416600,130.1,134.31,130.1,134.04,9632610
1684503000,133.77,133.93,132.58,133.3,5312965
1684762200,132.15,133.61,131.97,133.19,4235142
1684848600,132.41,133.04,131.08,131.27,4853834
1684935000,128.73,129.645,127.95,129.34,7897087
1685021400,137.93,141.14,136.28,140.46,16072916
1685107800,141.79,148.33,141.78,147.36,12978761
1685453400,150.65,151.71,147.5,148.07,13295426
1685539800,145.74,147.34,144.08,144.33,10728721
1685626200,144.86,147.79,143.8,146.5,7272666
1685712600,147.89,148.1801,145.29,146.14,6765033
1685971800,145.28,145.75,143.595,144.31,6727936
1686058200,143.5,146.1701,142.98,145.33,5815057
1686144600,146.44,148.17,144.16,144.5,8687507
1686231000,144.64,146.575,144.33,146.17,5377204
1686317400,147.93,149.14,146.14,146.84,5960253
1686576600,148.51,151.45,148.4,151.18,7634040
1686663000,153.73,154.35,151.4,153.27,8274603
1686749400,152.81,155.74,152.03,155.6,7123411
1686835800,154.03,155.75,153.32,154.48,7587956
1686922200,155.8,155.94,153.17,153.38,6583153
1687267800,152.75,153.94,151.13,152.84,4597998
1687354200,152.04,152.47,148.73,149.34,5911651
1687440600,148.15,150.67,147.95,150.08,5959109
1687527000,147.75,148.45,146.96,147.53,5963465
1687786200,148.28,150.36,146.83,146.85,7403860
1687872600,147.43,151.8,146.96,151.51,6459360
1687959000,148.915,151.535,148.795,150.14,6800173
1688045400,150.82,150.96,148.91,149.92,4225874
1688131800,151.75,152.96,151.02,152.25,5309236
1688391000,153.17,154.07,152.25,153.6,2826855
1688563800,152.25,153.16,150.66,150.7,5187452
1688650200,148.34,149.08,147.155,148.91,4775622
1688736600,149.03,151.24,148.65,149.05,4351861
1688995800,149.58,151.41,149.35,151.16,6415512
1689082200,152.18,152.19,149.42,151.32,5153489
1689168600,153.53,154.68,152.9,154.5,6484145
1689255000,156.39,158.47,155.85,158.21,6395932
1689341400,158.69,160.7,156.2,156.9,7565581
1689600600,157.23,160.445,155.7,159.82,7316071
1689687000,159.12,160.79,157.62,160.26,6272862
1689773400,160.43,160.51,158.06,158.58,9333684
1689859800,155.64,156.41,152.29,152.97,14823249
1689946200,154.49,155.27,153.01,153.79,8246283
1690205400,153.99,154.54,152.9,153.92,4362531
1690291800,154.46,157.35,154.46,156.39,5773695
1690378200,155.02,155.88,152.95,154.68,6110042
1690464600,158.65,160.92,156.67,157.46,10244017
1690551000,160.16,161.04,158.83,160.5,7321149
1690810200,160.7,161.17,159.67,160.62,3934305
1690896600,159.67,160.89,158.95,160.53,4596966
1690983000,158.77,158.79,153.46,154.64,10039844
1691069400,152.48,155.19,152.16,154.19,6695690
1691155800,154.22,156.54,152.75,154.25,6804363
1691415000,155.5,156.14,154.37,155.91,5701417
1691501400,153.9,153.9,151.53,153.34,8446539
1691587800,153.17,153.32,149.73,150.3,8827135
1691674200,151.14,153.1589,148.9,149.97,8639308
1691760600,148.01,148.12,146.04,146.21,11182270
1692019800,145.45,150.73,145.02,150.66,8154245
1692106200,150.55,151.09,148.645,148.85,7596608
1692192600,148.97,149.14,146.41,146.5,7232226
1692279000,147.77,147.8,145.03,145.51,7397207
1692365400,143.79,146.66,143.35,146.13,8817884
1692624600,147.18,151.235,146.96,151.04,8109155
1692711000,153.05,153.24,148.89,149.53,10829385
1692797400,149.35,153.22,148.86,152.77,8347747
1692883800,156.46,156.59,148.58,148.82,13494374
1692970200,148.61,150.75,146.27,149.09,11769072
1693229400,150.36,151.09,148.9,150.93,6822854
1693315800,150.36,155.3,149.93,154.8,8770007
1693402200,154.73,156.22,153.67,155.59,6526073
1693488600,154.85,157.155,154.85,156.22,5965377
1693575000,157.43,157.63,155.26,156.21,4495608
1693920600,155.63,157.62,155.08,156.58,5472909
1694007000,156.01,156.8,153.26,154.76,6104023
1694093400,151.23,151.73,149.45,151.33,7813267
1694179800,150.94,152.17,149.75,150.38,5305601
1694439000,152.19,152.19,148.5,150.49,5824090
1694525400,149.41,151.65,149.16,149.36,6174909
1694611800,149.31,151.83,149.04,150.57,6192028
1694698200,152.09,152.16,150.17,151.39,6951519
1694784600,150.23,150.54,146.17,146.81,10179601
1695043800,145.43,147.82,144.97,147.3,6786028
1695130200,146.75,146.99,145.07,146.03,5574192
1695216600,146.65,147.24,143.55,143.63,6978687
1695303000,141.575,142.57,140.69,140.76,9908709
1695389400,142.13,143.4,141.55,141.96,7332573
1695648600,141.31,143.11,140.66,142.96,7861256
1695735000,141.64,142.39,140.105,140.7,6702163
1695821400,141.85,142.92,139.76,141.99,8814511
1695907800,141.73,145.65,141.08,144.29,10791684
1695994200,146.53,146.93,144.46,144.98,7985312
1696253400,145.27,147.27,144.59,146.23,8600185
1696339800,145.29,146.86,142.16,142.98,9456637
1696426200,143.85,145.48,142.96,145.21,11083025
1696512600,145.29,145.9,143.67,145.21,6094048
1696599000,144.64,148.945,143.53,148.35,9946009
1696858200,146.79,148.455,145.64,147.97,6840462
1696944600,148.5,150.975,147.83,149.8,6790629
1697031000,150.64,151.44,149.49,151.42,8921736
1697117400,151.84,154.06,150.72,152.19,8554914
1697203800,152.42,152.6325,148.05,148.38,9134436
1697463000,148.55,150.685,148.42,150.09,9461813
1697549400,146.59,149.47,144.47,148.32,12857937
1697635800,145.43,146.71,144.63,145.35,12530917
1697722200,147.25,147.67,143.88,144.36,15718224
1697808600,144.22,145.39,141.93,142.1,8128776
1698067800,141.14,144.535,139.96,142.6,9910711
1698154200,143,144.495,142.53,144.27,7822682
1698240600,142.8,143.15,138.03,138.68,12447801
1698327000,139.1,140.65,136.63,137.46,15094817
1698413400,139.04,139.73,137.67,138.31,11346308
1698672600,138.41,139.64,136.51,137.96,8836000
1698759000,137.96,139.275,136.1,138.95,7900348
1698845400,139.2,142.58,139.06,142.41,11750467
1698931800,145.62,147.035,144.29,146.1,11736175
1699018200,147.59,150.535,147.18,149.51,8177192
1699281000,149.75,150.44,148.29,149.95,5423580
1699367400,149.66,151.52,149.31,150.89,4600401
1699453800,151.37,152.11,150.44,151.43,6164967
1699540200,152.96,154.51,151,151.16,10529741
1699626600,153.25,157.67,152.69,157.28,11430671
1699885800,156.3,157.02,155.19,156.32,7058860
1699972200,159.89,161.54,159.5201,161.09,9744907
1700058600,162.23,162.23,160.09,161.21,9002896
1700145000,160.64,162.17,160.24,161.81,7281056
1700231400,161.18,162.96,160.88,162.57,5168196
1700490600,162.79,165.44,162.52,164.9,7136063
1700577000,163.69,163.975,161.7,162.47,9001094
1700663400,163.26,164.93,161.33,162.12,9141768
1700836200,162.24,162.45,161.34,161.76,2943544
1701095400,161.215,162.89,160.73,161.66,6034522
1701181800,160.86,161.5,159.62,160.73,6165198
1701268200,162.8,164.33,162.005,162.21,7642803
1701354600,162.84,162.84,159.25,160.48,9300945
1701441000,160,161.72,158.86,161.13,6115385
1701700200,159.2507,159.5,156.56,158.78,8136978
1701786600,157.52,158.95,157.065,158.78,4845947
1701873000,160.67,160.97,157.29,157.5,6457403
1701959400,158.87,161.44,158.22,161.1,8790734
1702045800,160.84,162.94,160.66,162.48,5683682
1702305000,163.53,166.99,163.29,166.38,9671558
1702391400,165.58,168.2,165.33,168.14,6985375
1702477800,168.31,171.1,167.76,170.12,8037599
1702564200,171.62,173.86,171.42,173.26,9446785
1702650600,173.89,175.8599,173.7,174.08,6902023
1702909800,173.56,173.87,171.97,173.34,5157326
1702996200,173.2,174.05,172.91,173.92,5030981
1703082600,172.85,173.69,169.01,169.08,8557352
1703169000,172.35,173.545,171.52,173.26,8184454
1703255400,174.1,174.41,172.41,173.28,4089165
1703601000,173.78,176.31,173.78,175.67,4829214
1703687400,176.35,176.75,175.195,175.86,5113420
1703773800,176.62,176.73,175.71,175.82,4033519
1703860200,176.02,176.38,173.67,174.87,5391625
1704205800,172.35,172.35,167.61,168.97,8988980
1704292200,166.35,167.48,165.37,165.97,9303597
1704378600,164.28,166.65,163.97,164.99,7095771
1704465000,165.48,167.57,165.1,166.08,6869797
1704724200,167.4,172.08,167.28,171.96,10514819
1704810600,170.53,173.73,169.93,172.42,6974268
1704897000,173.05,173.1,170.63,172.58,6329968
1704983400,173.27,174.53,170.19,173.56,7993737
1705069800,173.75,174.17,172.0617,172.95,4560988
1705415400,173.29,176.855,172.74,175.7,7678031
1705501800,174.48,174.93,171.49,174.64,6751357
1705588200,179.67,180.545,177.405,180.31,11983783
1705674600,182.39,187.31,181.42,187.18,12742362
1705933800,188.81,189.98,186.47,188.05,8308947
1706020200,188.02,189.17,186.09,189.01,6031187
1706106600,191.21,195.3,190.02,192.37,14706600
1706193000,195.8,195.9,191.25,192.37,11109397
1706279400,189.16,190.468,187.7,188.27,9921891
1706538600,188.72,190.51,187.82,190.48,8035540
1706625000,190.11,190.9,187.68,188.59,6340052
1706711400,185.73,188.71,184.15,185.87,10827142
1706797800,186.73,188.1,185.05,187.57,6322515
1706884200,188.22,191.725,187.86,191.22,7865373
1707143400,193.54,195.72,191.44,194.95,8600545
1707229800,195.85,195.89,190.12,192.74,8505107
1707316200,193.7,196.79,192.405,196.63,7138780
1707402600,197.57,200.86,196.82,199.43,8963823
1707489000,201.15,204.1999,199.77,203.85,7642219
1707748200,204.2,207.12,201.97,203.06,9718898
1707834600,197.17,201.56,196.29,199.3,11269582
1707921000,202,203.905,200.41,203.3,7932497
1708007400,204.6,204.74,202.01,202.62,7103363
1708093800,204.33,206.08,201.21,201.75,6273103
1708439400,200.27,200.76,194.65,197.78,11318447
1708525800,195.64,196.54,193.72,196.51,8648132
1708612200,207.18,210.6999,206.33,209.93,12445661
1708698600,212.03,213.36,206.97,208.62,8526178
1708957800,210.6,211.615,208.83,210.35,7552229
1709044200,211.01,211.76,208.84,209.74,4969724
1709130600,207.61,208.7499,206.43,207.41,4505810
1709217000,209.8,212.555,208.79,211.95,6450597
1709303400,214.12,221.32,213.98,220.54,10273258
1709562600,224,227.13,222.67,224.09,10905082
1709649000,222.36,223.23,218.29,220.66,10421010
1709735400,225.13,228.76,223.6758,226.35,11245445
1709821800,229.73,234.91,229.46,234.17,13047986
1709908200,236.93,239.1416,224.44,224.99,22519154
1710163800,222.14,223.88,219.02,220.98,12843835
1710250200,224.55,228.02,220.56,227.97,10410265
1710336600,225.87,225.87,221.15,223.46,9835835
1710423000,222.78,223.9893,217.4109,219.46,11440058
1710509400,216.94,220.3,215.93,217.84,11402014
1710768600,222.17,223.16,217.82,218.28,8671721
1710855000,215.72,218.85,212.82,217.8,10606869
1710941400,218.85,221.62,216.83,221.29,9158063
1711027800,228.58,230.05,225.81,226.31,11728038
1711114200,225.6,229.2547,225.22,227.64,5350234
1711373400,225.22,229.24,224.862,227.08,4938942
1711459800,228.8,229.46,224.76,224.97,6402507
1711546200,226.59,226.84,221.49,224.89,7614662
1711632600,224.31,225.94,223.74,224.99,3763264
1711978200,225.5,230.95,225.5,227.94,7896809
1712064600,224.25,225.43,222.38,225.01,5995047
1712151000,222.73,227.52,222.68,225.91,5914890
1712237400,229.1,229.81,219.64,219.89,9294036
1712323800,221.22,224.07,219.61,222.64,8103963
1712583000,224.89,225.28,222.17,223.06,4215259
1712669400,225.36,225.95,220.04,224.1,5376028
1712755800,221,224.3769,220.5,222.15,8164904
1712842200,223.48,227.57,221.68,227.31,7200625
1712928600,223.5,223.8199,219.97,220.68,8741486
1713187800,223.75,224.98,216.61,217.36,6750355
1713274200,217.33,220.36,216.4702,219.16,6754863
1713360600,219.51,220.12,212.07,212.4,11726419
1713447000,210.97,212.25,207.36,208.63,10350628
1713533400,206.72,208,198.44,199.21,13584568
1713792600,200.97,204.38,199.15,203.02,9801705
1713879000,204.49,208.58,203.93,207.8,7300632
1713965400,212.64,213.14,206.95,208.04,6564870
1714051800,207.09,213.68,205.75,212.2,8682207
1714138200,212.53,218.6803,211.94,217.64,6365428
1714397400,217.48,218.61,214.9,218.38,4817964
1714483800,217.34,219.62,214.09,214.09,4944785
1714570200,211.14,214.54,206.1075,207.85,12945808
1714656600,211.37,212.74,207.31,212.03,6382549
1714743000,215.92,218.36,215.15,217.73,6379116
1715002200,219.37,222.68,218.22,222.67,5343124
1715088600,222.55,223.18,220.64,220.73,5067007
1715175000,218.95,221.86,218.7,221.4,5404255
1715261400,221.49,221.77,218.89,219.98,4023276
1715347800,222.96,225.44,222.43,223.3,6126631
1715607000,224,224.545,222.32,223.26,3972377
1715693400,222.94,227.325,222.24,227.08,5050504
1715779800,229.27,234,228.53,233.9,8212767
1715866200,233.85,235.11,232.09,232.2,6209568
1715952600,233.59,233.82,228.62,230.25,5241271
1716211800,231.47,236.04,230.885,235,4986447
1716298200,232.96,234.92,231.87,234.67,4396157
1716384600,236.91,237.215,233.99,236.59,8112705
1716471000,244.15,244.56,237.79,239.82,12401014
1716557400,241.53,244.44,240.29,244.26,4644652
1716903000,247.69,250.85,245.46,249.83,7702965
1716989400,246.1,246.98,244.07,245.65,7581261
1717075800,245.49,246.13,241.08,242.27,7093060
1717162200,243.37,244.02,234.26,240.48,12722755
1717421400,245.1,245.44,239.02,243.48,6312764
1717507800,243.3,243.7,240.1,242.6,5796989
1717594200,247.53,254.53,246.71,254.41,10950352
1717680600,255.52,255.9162,250.245,252.41,9828172
1717767000,252.24,254.06,250.49,252.21,5470342
1718026200,251.1,256.72,250.0478,255.86,6430878
1718112600,255,255.89,251.85,255.48,6117786
1718199000,260.57,264.55,259.76,263.09,8051492
1718285400,266.79,268.1399,263.96,267.21,7647184
1718371800,265.4,268.589,264.62,267.89,6257022
1718631000,270.71,273.21,266.9186,272.48,7501958
1718717400,273.52,278.27,273.02,276.76,8241579
1718890200,279.22,279.57,267.08,268.92,14053815
1718976600,265.57,268.93,262.015,264.89,11809908
1719235800,261.5,263.085,255.73,255.78,10154101
1719322200,258.52,261.91,255.81,261.77,6743540
1719408600,261.61,263.07,257.75,260.91,5950295
1719495000,260.4,262.43,257.64,258.86,5738731
1719581400,260.475,266.4,258.98,260.7,7743251
1719840600,261,261.349,255.662,261.01,6185982
1719927000,258.99,263.66,258.71,263.63,4117110
1720013400,264.09,270.4,263.28,269.62,4633045
1720186200,271.22,272.05,268.05,269.72,6415237
1720445400,272.84,275.7047,272.55,274.21,5832663
1720531800,276.29,277.61,272.16,274.81,5915764
1720618200,278.13,281.73,276.29,281.27,6180973
1720704600,283,283.07,269.9999,271.02,12287006
1720791000,271.8,278.94,271.06,274.45,8392846
1721050200,276.41,277.4689,272.02,273.83,7814828
1721136600,275.31,275.63,270.5407,273.71,5638589
1721223000,263.79,264,253.85,254.22,15181903
1721309400,259.13,260,250.01,255.54,12807627
1721395800,254.86,255.21,247.79,248.14,8589500
1721655000,253,257.9,251.61,257.72,10757923
1721741400,254.98,257.37,254.335,254.86,5869857
1721827800,250.59,251.32,240.34,240.98,11295018
1721914200,239,243.64,230.82,236.56,18765116
1722000600,242.22,242.32,238.18,240.31,7325633
1722259800,242.44,245.23,237.77,238.6,6745307
1722346200,240.22,240.71,228.33,229.47,12932120
1722432600,242.5,247.69,240.51,246.99,18412093
1722519000,244.04,246.8,227.9004,231.01,17111645
1722605400,219.92,222.34,214.18,218.43,20261333
1722864600,200.98,218.5,200.49,213.31,18420837
1722951000,216.54,222.8,212.64,217.46,15388764
1723037400,224.69,226.1,211.01,211.47,13066499
1723123800,217.6,225.27,212.7,224.91,11407866
1723210200,224.7,226.49,221.39,224.85,7241675
1723469400,225.19,229.55,224.05,226.96,6751158
1723555800,230.545,236.3,228.87,236.19,7647449
1723642200,238.71,239.18,232.16,236.39,7187132
1723728600,240.8,247.34,239.53,246.37,8376779
1723815000,244.21,247.4,243,246.71,5194621
1724074200,245.79,251.4,243.29,251.34,5564348
1724160600,250.15,251.53,245.87,248.06,6578580
1724247000,248.6,251.87,247.865,250.63,4813708
1724333400,252.52,253.32,241.54,242.42,8007438
1724419800,245.85,250.33,244.7,248.39,6933374
1724679000,247.49,248.55,241.13,242.57,6925237
1724765400,240.67,245.75,238.57,245.01,5534390
1724851800,244.5,245.68,237.82,240.89,8114008
1724938200,240.47,244.51,236.78,237.91,9256468
1725024600,242.45,244.6,239.38,243.46,8623765
1725370200,238.87,238.87,223.81,225.19,14466252
1725456600,221.83,228.58,221.46,224.65,8646295
1725543000,222.06,227.77,221.73,224.26,6535443
1725629400,223.35,223.67,213.57,215,12019320
1725888600,218.46,220.31,215.79,219.86,7933427
1725975000,220.62,222.14,216.46,221.94,7651577
1726061400,223.79,233.7,219.4,233.4,11148303
1726147800,232.92,235.955,229.962,233.9,8212412
1726234200,235,237.55,234.22,236.91,6405793
1726493400,233.39,235,230.8678,233.8,5505227
1726579800,236.61,237.13,231.84,233.72,4722843
1726666200,234.89,237.84,230.79,231.06,7299791
1726752600,239.97,243.8525,238.31,241.09,11254192
1726839000,238.8,239.65,234.96,237.9,8183279
1727098200,238.81,239.8199,237.12,238.95,3781433
1727184600,241.08,244.38,238.2838,243.4,5435856
1727271000,243.23,247.0795,242.8,245.54,4978310
1727357400,255.5,255.99,247.37,252.62,10082089
1727443800,253.19,253.21,246.12,247.74,7128566
1727703000,244.15,247.01,241.87,245.45,6256911
1727789400,245.63,246.58,237,238.88,7751838
1727875800,239.17,244.45,237.59,242.32,5842606
1727962200,241.55,247.15,241.34,244.55,5926885
1728048600,249.21,249.21,244.33,247.82,5776498
1728307800,246.53,250.6,246.31,248.22,4958756
1728394200,249.16,253.17,247.88,252.52,4435348
1728480600,252.99,255.41,250.21,255.15,4063391
1728567000,252.51,255.87,250.995,254.65,4044564
1728653400,253.61,257.295,253.6,256.69,4202875
1728912600,258.52,262.26,258.42,261.28,4608583
1728999000,261,262.105,245.5786,247.16,14128878
1729085400,249.83,249.83,245.5,247.32,5692277
1729171800,255.175,256.17,251.5,251.58,6744992
1729258200,253.5,253.52,250.86,251.51,3720736
1729517400,251,253.05,249.49,252.84,3923395
1729603800,251.33,252.49,249.67,251.69,3629141
1729690200,250.45,251.67,245.84,249.01,4971630
1729776600,250.87,251.2,248.2,250.06,2595528
1729863000,252.49,256.55,252.3,252.96,6835930
1730122200,252.77,253.05,251,251.21,3557268
1730208600,251.9,258.33,250.86,256.92,5392840
1730295000,251.74,253,249.45,250.68,5348394
1730381400,248.27,248.27,240.28,241.68,9464712
1730467800,244.19,247.29,243.35,244.75,5520983
1730730600,245.31,247.51,243.41,244.27,5199206
1730817000,245.25,249.04,245.08,248.31,4344210
1730903400,252.29,255.69,250.21,254.81,7284403
1730989800,258.39,261.15,258.14,261.02,5370187
1731076200,260.76,261.88,257.92,259.34,3915598
1731335400,257.92,258.05,250.99,253.53,7667252
1731421800,253.1,253.57,248.86,251.86,6574034
1731508200,250.65,251.18,247.22,247.63,5537892
1731594600,249.56,250.96,247.38,248.18,4607584
1731681000,244.17,244.57,238.8001,239.95,9499673
1731940200,239.025,242.17,237.39,241.54,7707042
1732026600,241.1,244.27,240.6,244.18,4505181
1732113000,243.33,243.75,238.65,242.54,7585585
1732199400,245.52,248.1899,239.6,246.1,8825388
1732285800,245.97,246.64,243.31,244.62,4746337
1732545000,246.35,246.35,242.2765,243.66,4562667
1732631400,245.82,246.12,239.89,241.42,4996487
1732717800,239.66,239.8,234.17,238.25,6911612
1732890600,240,244.49,239.59,242.13,5607353
1733149800,243.35,249.15,243.35,247.87,8070277
1733236200,246.93,248.68,245.93,248.42,3227262
1733322600,252.23,253.065,249.32,252.63,5457365
1733409000,251.89,252.16,247.58,248.3,3872077
1733495400,247.88,249.4216,247.21,248.61,3885289
1733754600,246.22,248.96,244.93,246.07,4532551
1733841000,246.43,247.15,238.37,239.88,6402370
1733927400,243.645,247.04,241.73,245.75,5588413
1734013800,244.01,244.64,241.93,243.37,3979280
1734100200,249.52,251.63,246.05,249.49,8628587
1734359400,250.5,254.355,248.92,253.25,4892952
1734445800,250.48,251.17,248.03,249.96,4027848
1734532200,252.16,254.47,240.4527,241.99,8125847
1734618600,243,243.25,238.35,238.87,6895880
1734705000,237.4,245.2599,236.54,242.71,6909310
1734964200,243.53,249.585,243.53,249.22,6650078
1735050600,250.44,251.37,249.38,251.37,2097390
1735223400,250.42,252.39,248.88,250.93,2171444
1735309800,249.28,250.07,245.16,248.4,3812328
1735569000,244.62,247.35,242.73,244.66,3532095
1735655400,245.51,246.05,241.4,242.17,3071840
1735828200,244.52,247.75,242.25,244.79,4464000
1735914600,247,252.33,246.68,251.88,4997025
1736173800,258.67,263.29,258.5,260.23,10533193
1736260200,263.42,263.58,253.05,254.04,7661073
1736346600,253.56,254.33,249.5108,252.23,5189522
1736519400,249.41,249.59,244.92,247.18,6901514
1736778600,241.065,244.93,240.62,244.64,6007459
1736865000,247.73,248.3828,242.39,245.44,3791539
1736951400,249.245,252.07,247.7,251.21,5316796
1737037800,257.11,257.2,252.15,252.29,5696146
1737124200,257.98,258.68,255.61,258.25,5387323
1737469800,260.8,264.32,258.4506,262.39,4922970
1737556200,266,269.66,265.14,267.17,6616460
1737642600,263.02,266.86,261.9,266.85,4704876
1737729000,267.4,267.43,260.62,261.53,5119857
1737988200,242.48,245.08,232.24,235.81,21944880
1738074600,237.89,241.031,232.26,240.45,11707323
1738161000,242.41,242.4537,236.635,239.53,8366035
1738247400,243.42,245.8499,240.67,245.17,7676288
1738333800,246.17,251.455,242.92,243.62,8021088
1738593000,235.97,241.64,235.12,238.78,7479648
1738679400,238.81,242.62,238.58,241.47,4579021
1738765800,242.12,247.5,240.4,247.14,4811115
1738852200,247.18,248.43,245.61,248.35,4877200
1738938600,249.56,250.65,243.48,245,7258908
1739197800,247,250.29,247,249.62,4231308
1739284200,247.7,251.04,247.41,249.87,3134879
1739370600,245.7,248.74,244.54,248.51,4212803
1739457000,248,252.09,247.79,251.92,4486146
1739543400,252,253.22,250.63,252.58,4279519
1739889000,254.715,257.2,253.34,256.22,6361446
1739975400,255.98,258.3799,253.88,257.34,3025373
1740061800,258.07,259.63,254.92,257.8,4401707
1740148200,258.35,258.7,249.19,249.99,7578486
1740407400,251.3,252.06,243.28,243.42,7518002
1740493800,242.71,243.78,237.34,238.25,7658557
1740580200,241.6,246.12,240.9,243.82,6675886
1740666600,246.072,246.38,228.7,228.79,10520634
1740753000,228.37,233.78,225.63,232.77,8654651
1741012200,235.365,235.37,220.95,223.01,10001218
1741098600,222.464,230.8,218.05,225.23,12563101
1741185000,227.82,230.21,223.47,229.4,6799419
1741271400,221.98,226.16,219.07,219.78,9155207
1741357800,220.6,225.75,217.07,225.09,9426838
1741613400,219.57,221.29,211.51,214.53,9616473
1741699800,215.21,219.02,210.46,214.22,7381274
1741786200,220.32,222.95,218.18,220.52,8710844
1741872600,220.78,223.88,217.81,219.55,5126791
1741959000,223.35,226.964,223.28,226.57,5100693
1742218200,226.23,231.04,226.02,228.96,5192188
1742304600,226.63,227.77,223.88,225.42,5196659
1742391000,225.42,231.015,223.775,227.41,4932530
1742477400,225.14,229.01,224.892,227.05,3654700
1742563800,222.77,225.61,221.41,224.77,6319285
1742823000,229.2,232.418,229.1,230.63,6503200
1742909400,230.45,230.66,228.85,229.65,3451806
1742995800,228.4,228.795,220.05,222.01,9685704
1743082200,219.05,220.7,216.565,217.75,9072487
1743168600,216.8,218.04,211.05,212.17,8722097
1743427800,207.33,211.69,204.51,211.47,9477213
1743514200,210.96,212.54,207.26,212.49,6151300
1743600600,208.96,216.61,208.47,214.09,7096159
1743687000,202.69,204.49,195.34,195.57,14298993
1743773400,188.7,190.29,178.231,180.8,22160097
1744032600,173.49,194.83,170.11,184.9,25600318
1744119000,192.99,195.72,176.05,179.95,19097648
1744205400,181.76,212.81,180.27,210.83,22178514
1744291800,201.38,202.5,189.04,196.21,18282536
1744378200,195.7,201.94,193.7,201.31,10156256
1744637400,206.615,206.78,198.77,201.61,9843315
1744723800,202.67,205.14,201.94,202.92,5097847
1744810200,193.16,196.76,188.53,194.35,13067200
1744896600,195.82,196,191,192.53,7067351
1745242200,188.898,189.3884,184.4,187.83,9572732
1745328600,190.35,193.3,188.96,191.9,7242693
1745415000,201.58,203.08,198.075,198.91,11495848
1745501400,203.22,209.28,202.1845,208.97,9696207
1745587800,207.18,213.29,206.5,211.97,7487437
1745847000,210.89,212.207,206.4,210.65,5804925
1745933400,209.33,212.25,208.52,210.29,4506180
1746019800,205.02,211.74,203.89,211.28,5974393
1746106200,214.93,216.5259,212.11,212.3,6878154
1746192600,217.99,220.92,217.235,219.03,6522174
1746451800,217.03,219.6,216.9,217.61,4536036
1746538200,213.65,217.44,212.8352,215.59,5019386
1746624600,215.72,220.92,214.19,220.02,9074353
1746711000,222.845,224.84,220.1,221.95,5919181
1746797400,224.525,225.3625,221.99,223.4,3495475
1747056600,236.72,238.67,234.05,237.41,9246912
1747143000,239.05,246.69,238.6,245.56,8665579
1747229400,247.65,249.44,245.6,247.99,7439569
1747315800,245.75,249,244.075,247.13,6446329
1747402200,247.54,247.61,244.12,246.42,3800074
1747661400,241.4,246.5,241.29,246.01,4196067
1747747800,243.87,245.61,242.88,245.54,3115165
1747834200,243.33,248.58,240.02,241.47,6392549
1747920600,241.03,243.61,240.32,240.81,5185483
1748007000,235.231,238.86,234.585,237.44,6577211
1748352600,242.49,245.69,240.6594,244.97,8858899
1748439000,245.29,246.21,241.905,242.36,10739453
1748525400,249,249.21,242.7001,244.08,9135620
1748611800,243.23,243.23,235.37,239.75,11064652
1748871000,239.175,244.03,238.96,243.3,4719859
1748957400,243.48,249.17,242.35,248.79,7518683
1749043800,250.57,252.61,248.36,251.75,7258713
1749130200,253.74,256.06,249.76,251.3,8057739
1749216600,253.535,255.59,252.64,252.73,5589747
1749475800,255,259.87,255,256.96,10841427
1749562200,258.36,262.68,257.46,262.07,9762982
1749648600,263.6,264.91,259.69,261.88,12285963
1749735000,260.06,264,260.06,263.15,6781903
1749821400,257.55,260.6,256.05,256.99,11950239
1750080600,259.965,265.05,259.78,263.38,7497747
1750167000,262.44,265.53,261.36,261.59,7284711
1750253400,262.78,264.9114,260.99,262.59,7367364
1750426200,264.85,265.025,257.22,260.27,11439904
1750685400,259.85,262.66,257.12,261.92,10420123
1750771800,265.93,271.62,265.74,271.54,9035532
1750858200,273.22,275.27,272.45,275.2,8480014
1750944600,277.08,277.95,274.95,277.2,6789034
1751031000,278.18,280.5,275.6444,278.42,8170862
1751290200,279.7,279.96,277.095,278.88,6375790
1751376600,276.8,278.055,272.16,275.84,8931315
1751463000,274.82,281.92,274.66,281.25,8713833
1751549400,282.82,285.19,282.31,283.62,4442978
1751895000,281.76,282.64,278.55,279.76,8616432
1751981400,281.61,284.73,280.7,283.48,8186459
1752067800,284.73,287.84,283.57,285.42,6810712
1752154200,287.885,288.19,284.56,287.52,5636246
1752240600,286.47,288.94,285.55,287.49,5676952
1752499800,286.3,286.52,281.74,285.32,7455764
1752586200,291.67,293.2,290.08,290.8,9892534
1752672600,288.5,289.57,283.13,289.28,10065893
1752759000,290.045,292.56,287.98,291.71,6998322
1752845400,292.91,293.325,289.33,290.31,5522542
1753104600,290.67,293.53,290.4,290.51,5910943
1753191000,289.735,289.84,282.12,285.37,11537512
1753277400,285.3,286.67,282.99,286.61,8194570
1753363800,287.185,288.27,284.92,287.8,5902611
1753450200,286.23,288.04,285.06,287.49,4014949
1753709400,289.78,291.57,289.29,291.41,5671906
1753795800,293.56,296.7292,291.48,292.9,6968672
1753882200,294.76,297.38,293.59,296.26,7930267
1753968600,294.7,294.92,286.05,288.78,9928055
1754055000,282.91,286.9366,279.19,283.95,14032196
1754314200,286.29,290.31,285.21,290.19,5323179
1754400600,290.74,291.33,284.21,287.1,6918330
1754487000,284.83,287.23,282.77,286.62,6124256
1754573400,292.83,294.71,288.62,291.12,8069437
1754659800,291.93,293.92,290.65,293.53,5121579
1754919000,294.51,297.09,292.73,293.4,5799738
1755005400,295.29,300.24,293.15,300.1,7598549
1755091800,301.84,302.98,298.57,301.28,8959735
1755178200,298,302.8,297.28,301.92,5826969
1755264600,299.36,299.36,293.94,295.65,9026333
1755523800,294.915,297.19,294.78,296.86,5577455
1755610200,296.86,297.12,290.63,290.87,8191866
1755696600,290,290,281.15,288.96,10091017
1755783000,287.78,289.87,285.88,287.46,6067701
1755869400,287.63,296.36,286.54,293.64,5810384
1756128600,293.75,295.79,292.115,293.92,4964984
1756215000,294.82,297.24,294.67,296.75,4967051
1756301400,295.85,298.1,294.38,297.66,5646172
1756387800,298.1,300.78,295.98,298.88,7193988
1756474200,295.56,295.56,289.1,290.29,13420941
1756819800,283.09,286.67,281.74,286.48,11543672
1756906200,287.36,287.93,283.78,286.43,7249632
1756992600,285.24,290.21,284.3,289.86,8079271
1757079000,295.07,295.15,289.25,293.28,9809634
1757338200,295.135,297.82,294.8,296.52,7223203
1757424600,297.22,297.99,295.11,297.81,6796992
1757511000,300.59,302.38,298.775,300.83,10221377
1757597400,303.54,305.56,303.17,303.93,7312385
1757683800,305.06,305.59,303.1,304.32,5231908
1757943000,303.815,307.23,303.01,307.17,5390242
1758029400,308.425,308.67,305.57,307.21,4227633
1758115800,306.5,307.1494,301.37,305.25,9647743
1758202200,313.55,318.62,312.6,316.97,16335567
1758288600,316.4,316.51,313.43,315.71,8381595
1758547800,316.27,323.14,316,322.17,11618134
1758634200,323.16,325.36,320.02,321.7,9158952
1758720600,321.395,321.96,317.47,321.11,8632214
1758807000,316.29,322.03,313.6,321.06,9592888
1758893400,321.64,322.42,318.14,321.82,6886102
1759152600,324.655,326.83,322.47,322.66,5833585
1759239000,322.75,326.72,322.43,326.36,7459901
1759325400,324.28,334.11,324.11,333.69,9911833
1759411800,339.66,340,336.56,338.24,8092564
1759498200,339.41,340.78,335.18,336.68,7769988
1759757400,345.46,348.53,343.38,343.38,10263178
1759843800,346.29,346.67,336.56,337.05,9365713
1759930200,336.73,346.46,336.42,346.07,7841482
1760016600,346.04,347.1,342.4,345.21,5565527
1760103000,345.97,346.4887,324.83,325.34,18804465
1760362200,337.48,341.09,335,339.75,11760190
1760448600,333.06,339.06,330.25,333.5,7296663
1760535000,342.1,343.08,335.51,341.78,8283819
1760621400,346.17,347.085,339.805,343.3,9047529
1760707800,341.22,344.93,338.14,342.83,8396255
1760967000,346,350.05,345.66,347.22,6436924
1761053400,347.06,347.1,343.16,345.3,4391848
1761139800,342.86,344.86,332.4,338.6,8014246
1761226200,337.05,345.905,336.725,344.8,6422550
1761312600,350.58,352.94,349.82,351.14,5649324
1761571800,357.67,360.6,356.21,359.94,6663417
1761658200,359.61,364.67,358.46,363.11,5086004
1761744600,369.075,372.7816,365.82,368.61,8102599
1761831000,367.43,369.86,363.55,363.73,6932721
1761917400,366.88,368.43,360.5,363.02,4917864
1762180200,367.69,369.47,364.69,366.1,4470471
1762266600,357.98,361.7925,351.795,352.76,8268996
1762353000,353.095,364.28,352.72,359.5,8605366
1762439400,359.59,360.15,348.71,351.09,9600467
1762525800,346.54,348.18,336.68,348.12,14723174
1762785000,357.55,360,353.95,358.79,9180650
1762871400,355.25,356.0431,349.74,351.05,7661156
1762957800,356.2,357.4799,352.94,355.53,5870743
1763044200,351.625,352.88,341.25,344.82,10654836
1763130600,335.24,348.91,333.75,344.98,12271174
1763389800,341.94,348.3435,337.05,340.3,6921299
1763476200,335.75,337.79,329.12,333.29,12933067
1763562600,334.81,343.06,333.46,339.44,9842253
1763649000,348.86,349.7799,323.69,325.1,14686653
1763735400,325,331.62,315.05,326.13,17298698
1763994600,329,340.57,328.83,339.12,10650899
1764081000,334.73,340.72,327.35,340.01,12052681
1764167400,344.25,350.3,343.43,347.71,5533284
1764340200,349.17,352.57,347.71,352.28,3352740
1764599400,348.845,355.01,348.06,352.96,3901980
1764685800,355.85,360.79,354.15,359.43,6657912
1764772200,359.7,364.575,356.23,364.37,4642684
1764858600,363.26,364.37,359.6,361.6,3971848
1764945000,364.46,368.578,363.54,364.42,3619211
1765204200,368.1,370.72,365.74,368.55,4334313
1765290600,367.035,369.5572,365.35,369,3173307
1765377000,368.91,375.59,366.93,374.1,5653318
1765463400,369.775,371.22,361.68,370.89,7499886
1765549800,366.99,367.56,352.88,354.12,12705929
1765809000,358.13,359.2,352.19,352.9,5605782
1765895400,351.57,354.39,348.31,351.94,5849243
1765981800,352.89,352.89,338.062,339.24,10780364
1766068200,350.84,352.09,345.83,347.25,8260179
1766154600,350.31,358.53,350.31,356.23,8838677
1766413800,362.41,362.48,357.77,359.7,4799521
1766500200,358.6,363.3,358.06,363.16,3542056
1766586600,362.7,364.54,362.15,364.17,1640529
1766759400,366.065,367.35,364.49,365.86,2921277
1767018600,362.655,365.82,360.82,364.21,4874419
1767105000,365.16,366.24,363.07,363.31,2926998
1767191400,364.83,365.5684,360.07,360.13,2687316
1767364200,368.95,376.335,368.835,373.3,8972358
1767623400,381.715,383.99,376.94,377.59,9071296
1767709800,382.395,389.365,382.14,387.62,10201168
1767796200,385.2,387.81,383.59,385.02,6058880
1767882600,384.56,384.74,375.86,378.98,5724015
1767969000,382.275,390.88,380.08,389.22,6490839
1768228200,385.665,391.98,385.665,390.66,5532026
1768314600,392.27,396.1,390.3832,391.53,5281595
1768401000,388.96,389.3406,383.81,388.35,6696503
1768487400,401.07,403.62,396.12,396.41,9948083
1768573800,402.85,405.31,398.42,400.39,5485939
1768919400,393.16,397.155,389.43,390.39,7158534
1769005800,394.75,405.88,393.37,401.93,8754595
1769092200,408.175,408.73,401.57,402.82,5462581
1769178600,400.5,403.0887,397.53,400.09,5869514
1769437800,398.4,400.74,396.22,398.82,4326866
1769524200,403.9,409.39,402.205,407.25,6145564
1769610600,415.34,418.49,413.1322,416.63,7641913
1769697000,417.44,420.6,403.17,417.52,9352480
1769783400,411.28,416.64,400.5754,403.46,9029033
1770042600,398.86,412.04,398.43,407.97,5946327
1770129000,411.03,412.58,390.52,397.68,12188626
1770215400,394.67,396.7106,374.24,382.02,16908468
1770301800,379.14,388.08,375.5609,381.07,12007770
1770388200,389.2,403.08,387.19,401.65,13460264
1770647400,398.91,409.69,397,406.65,5915243
1770733800,408.18,408.8,401.83,404.76,5645261
1770820200,413.835,418.08,406.36,414.78,6211177
1770906600,418.33,420.0392,405.28,406.11,7379088
1770993000,408.15,412.07,402.49,407.72,6481565
1771338600,402.705,410.87,397.77,407.51,7312702
1771425000,411.44,417.04,408.715,412.55,5839869
1771511400,408.71,411,405.56,410.2,4056441
1771597800,407.655,416.83,407.18,415.03,5715805
1771857000,413.57,417.6999,409.275,412.88,5842756
1771943400,417.215,421.67,411.67,419.16,7828860
1772029800,424.345,427.94,423.68,426.16,7714452
1772116200,423.72,423.72,405.56,412.01,14811315
1772202600,403.26,409.24,401.88,406.37,9049053
1772461800,397.25,407.36,396.92,406.39,11490174
1772548200,391.36,394.54,385.93,391.06,13768923
1772634600,396.25,401.23,393.1,399.1,8767199
1772721000,396.06,401.11,386.75,395.35,11793743
1772807400,384.97,392.67,378.53,380.56,12423222
1773063000,375.76,395.36,374.1601,394.37,16338100
1773149400,394,403.88,394,397.33,13687716
1773235800,400.01,404.39,398.69,401.03,6024928
1773322200,395.46,396.06,386.74,388.13,9845227
1773408600,392.32,396.33,386.07,387.33,7636079
1773667800,395.14,399.48,392.64,393.92,10317560
1773754200,397.155,397.61,393.22,396.88,6646252
1773840600,396.96,399.69,393.47,393.67,8372417
1773927000,384,397.53,381.44,394.92,12674826
1774013400,394.11,395.73,380.87,384.74,12846845
1774272600,393.36,399.28,389.44,391.36,12742293
1774359000,388.03,396.88,387.62,394.59,6177166
1774445400,398.355,402.5,395.74,399.02,7388665
1774531800,391.92,392.68,380.3,380.84,14806234
1774618200,377.79,381.309,373.01,374.25,11811407
1774877400,377.615,379.24,359.862,362.53,12198183
1774963800,368.735,383.5,368.1,383.4,13834949
1775050200,388.255,396.63,386.38,391.97,10805350
1775136600,378.07,393.5,378.0009,392.32,8505833
1775482200,393.745,397.1,391.9,395.98,4186120
1775568600,394.71,400.09,389.64,399.9,6672538
1775655000,423.16,424.99,414.99,422.92,10184264
1775741400,423.17,430.65,422.63,430.31,6018201
1775827800,434.45,441.54,434.45,436.88,11224186
1776087000,434.745,443.64,433.6,443.34,6549794
1776173400,448,452.095,444.24,452,6932448
1776259800,450.7,453.33,435.15,453,9155668
1776346200,450.725,457.09,447.7702,454.8,6450664
1776432600,462.8,464.58,459.5,464.16,7184643
1776691800,464.64,465.74,458.65,463.96,3935098
1776778200,466.285,468.4262,462.24,464.66,5598577
1776864600,471.05,477.42,467.17,476.83,7835173
1776951000,480.395,488.08,475.1901,481.85,10619719
1777037400,499.505,509.59,495.46,506.44,12614318
1777296600,509.19,510.1,497.745,506.26,9040153
1777383000,488.185,496.66,483.29,491.21,12664811
1777469400,496.345,499.58,492.34,499.58,6007909
1777555800,504.705,507.7899,495.02,506.72,8401642
1777642200,504.205,511.99,502.25,509.82,5308292
1777901400,512.47,513.15,501.15,506.79,6867462
1777987800,515.38,526.2,514.12,522.69,8624608
1778074200,537.77,549.88,532.35,549.76,15262913
1778160600,545.765,549.7032,535.92,540.1,10905154
1778247000,551.58,566.79,549,566.54,8553714
1778506200,570.26,578.0598,566.8,576.31,12680940
1778592600,565.005,570.4,542.67,561.25,17720787
1778679000,571.795,576.2,560.12,572.46,9586693
1778765400,570.84,581.1699,567.75,578.34,8458691
1778851800,560.305,565.88,552.9101,556.34,13009610
1779111000,565.475,567.21,536.87,546.16,12317457
1779197400,534.94,553.339,527.87,543.96,11905827
1779283800,552.75,564.72,551.65,564.66,8892210
1779370200,561.02,570.6,557.62,567.88,8293803
1779456600,574.27,582.5,572.86,576.32,7535020
1779802200,591.58,603.97,589.1,602.14,10008514
1779888600,611.94,612.3,584.93,595.5,11208990
1779975000,595.81,604.74,587.31,599.83,7624970
1780061400,606.03,611.7886,597.12,598.93,7603183
1780320600,596.095,613.4299,593.09,607.81,8648978
1780407000,619.6,632.57,614.465,632.21,8083502
1780493400,640.8,642.77,623.91,637.9,10179872
1780579800,613,634.78,604.61,627.53,10462936
1780666200,605.09,607,569.69,569.69,22038001
1780925400,597.21,606.2,588.54,598.16,13823901
1781011800,609.475,613.69,554.66,591.01,20329715
1781098200,580.755,598.73,568.29,570.91,12711368
1781184600,582.605,611.62,581.61,609.45,12196801
1781271000,607.95,624.62,602.21,619.96,8986716
1781530200,643.5,649.24,639.25,647.1,9613891
1781616600,643.52,648.31,616,616,10949632
1781703000,633.46,643.5,623.13,623.97,10658832
1781789400,648.545,663.7999,648.15,659.88,11229715
1782135000,670.345,671.83,660.0201,668.91,8042965
1782221400,625.93,636.88,617.27,622.05,19125963
1782307800,622.28,625.23,606.23,618.92,11901988
1782394200,649.37,650.03,613.93,636.88,14909351
1782480600,616.79,621.71,609,611.61,12728345
1782739800,615.03,633.26,596.17,631.98,10473943
1782826200,636.065,659.74,634.6,655.89,9406890
1782912600,634.35,639.89,618.62,620.46,13424666
1782999000,622.58,627.7,582.6,592.29,21334058
1783344600,607.05,618.21,604.05,604.3,9820715
1783431000,580.02,585.97,566.83,581.45,14619227
1783517400,575.33,595,575.04,593,9521328
1783603800,615.48,618.1656,604.7,607.73,9045101
1783690200,600.87,615.05,595.84,611.03,6608365
1783949400,598.005,599.36,583.09,585.62,8736478
1784035800,608.895,608.895,590.38,600.31,7581088
1784122200,606.88,606.88,573.72,590.77,11020779
1784208600,575.75,581.84,564.45,568.92,12353271
1784295000,547.935,567.41,536.81,556.53,22083883
1784554200,568.78,572.77,557.24,558.83,6962563
1784640600,580.96,586,572.05,584.08,7129768
1784727000,571.352,592.01,571.352,586.91,5249661
1784813400,577.2,586.89,573.9994,580.17,7963219
1784899800,574.43,578.52,556.49,561.19,19156403
1785159000,565.94,567.62,535.31,548.55,38682157
1785245400,531.65,535.94,518.25,529.6,18429041
1785331800,525.99,532.17,503.63,504.22,19440901
1785418200,529.858,544.64,524.56,538.9,14175001
1785504600,557.5,561.44,535.24,540.53,14673890
1785763800,530.43,548.49,524.77,545.46,7283763
1785850200,564.292,578.63,562.28,575.71,9566210
1785936600,574.41,585,568.38,569.7,6209431
1786023000,565.475,580.43,559.56,571.48,6231651
1786109400,583.58,586.09,572.32,582.7,6505032
1786368600,585.99,586.24,569.2,569.41,6476713
1786455000,578.57,578.6,569.17,572.93,5028983
1786541400,590.55,590.57,583.79,584.83,7414056
1786627800,586.38,597.95,585.01,589.12,6785984
1786714200,587.51,590.33,581.87,587.82,5524295
1786973400,593.715,600.3699,591.5,594.07,7700538
1787059800,574.355,577.76,562.63,569.77,11364389
1787146200,575.06,576.835,556.315,560.92,8713301
1787232600,559.375,566,557.26,562.65,6240638
1787319000,569.44,569.44,556.1,560.42,9619330
1787578200,554.175,554.175,540.75,546.8,7743315
1787664600,555.375,560.38,550.66,555.82,6046222
1787751000,554.47,557.78,550.54,555.77,3864963
1787837400,569.365,573.21,562.54,573,6566933
1787923800,568.72,570.12,552.3,553.11,6468427
1788183000,554.38,558.43,552.79,556.63,4325053
1788269400,546.48,549.88,540.85,545.22,6195102
1788355800,545.225,553.19,541.72,550.48,5129884
1788442200,546.77,553.74,540.07,552.6,5623455
1788528600,560.5,569.4,557.72,567.01,9456112
1788874200,578.7,580.57,571.995,573.73,8300280
1788960600,569.9,577.57,569.9,574.29,3467084
1789047000,561.54,565.15,557.09,560.28,6620974
1789133400,568.828,572.8,564,568.53,5204920
