t,o,h,l,c,v
1412688600,51.323282,51.666615,50.366116,50.423283,2174678
1412775000,50.263283,51.636615,49.289951,51.559948,2159834
1412861400,51.406615,51.556615,49.69995,50.006617,2144972
1412947800,49.726617,50.999949,48.749951,48.796618,2762849
1413207000,48.959951,49.846617,47.283286,48.479952,3461679
1413293400,49.126618,50.11995,47.706619,49.023284,2044985
1413379800,48.256618,50.966616,48.009952,50.739949,2402846
1413466200,49.99995,52.751614,49.52995,52.196614,2635553
1413552600,53.496613,53.61328,51.723282,52.026615,1812520
1413811800,52.156615,53.41628,51.899948,52.979947,852105
1413898200,53.729946,53.729946,52.93328,53.549946,1060030
1413984600,53.666613,53.999946,52.93628,53.089947,789282
1414071000,53.80328,55.406611,53.556613,55.103278,1754899
1414157400,55.106612,55.833277,54.866612,55.743278,1552126
1414416600,55.373278,55.783278,54.363312,55.736611,1735870
1414503000,55.963277,57.410276,55.961944,57.169943,1773379
1414589400,57.249943,57.256609,56.016611,56.539943,1254976
1414675800,56.209944,58.068275,56.209944,57.789942,913119
1414762200,58.573275,59.159274,56.999943,57.129943,2010782
1415025000,57.376609,57.899942,56.813277,57.176609,937797
1415111400,56.663277,57.246609,56.269944,56.693277,923346
1415197800,57.409943,57.409943,54.939945,55.209945,1288729
1415284200,55.433278,56.369944,55.079945,56.333277,2548496
1415370600,56.183277,56.549943,54.930778,55.906611,1086547
1415629800,56.156611,57.416609,55.846611,57.383276,1062742
1415716200,57.363276,58.046609,56.889943,57.433276,1521031
1415802600,57.166609,57.989942,56.753277,57.893275,464343
1415889000,57.956609,58.583275,56.869943,57.113276,845043
1415975400,57.346609,57.346609,55.629944,55.973277,1201915
1416234600,56.106611,57.033276,55.919944,56.126611,547488
1416321000,56.419944,57.659942,56.279944,57.12661,843156
1416407400,57.10661,57.536609,56.503277,56.653277,722337
1416493800,56.613277,57.529942,56.39661,57.523276,564639
1416580200,58.333275,58.583275,57.669942,58.013275,962472
1416839400,58.329942,59.409941,58.329942,59.403274,1020331
1416925800,59.666607,59.821807,58.636608,59.233274,852744
1417012200,59.246607,60.216606,59.149941,60.16994,649623
1417185000,60.30994,61.386605,59.74994,59.936607,751335
1417444200,59.996607,59.996607,58.086609,58.233275,1339477
1417530600,59.166608,59.983273,58.449975,59.76994,1257037
1417617000,59.833274,59.993273,58.999941,59.826607,845610
1417703400,60.09994,60.09994,59.186607,59.369941,1034254
1417789800,59.593274,60.446606,59.55994,60.426606,833403
1418049000,60.999939,61.973271,60.663306,60.786606,2731412
1418135400,60.446606,62.709937,59.793274,62.543271,1653193
1418221800,62.419938,62.676604,61.083272,61.199939,1788505
1418308200,61.619938,62.734604,61.049939,61.346605,1376317
1418394600,60.866606,62.136605,60.333273,61.243272,1311085
1418653800,61.856605,61.993271,58.526608,58.629941,3408630
1418740200,58.333275,60.226306,57.536609,58.289942,3179442
1418826600,58.609941,61.129939,58.349942,61.069939,2666516
1418913000,62.233271,63.07027,61.759938,63.026604,2005790
1418999400,62.723271,63.906603,62.063271,63.446603,2239298
1419258600,62.569937,63.736603,62.053271,62.97327,2209340
1419345000,63.48327,63.48327,59.239941,59.726607,3491943
1419431400,59.633274,61.403272,59.633274,60.873272,1284166
1419604200,61.403272,62.343271,61.047772,62.276604,667185
1419863400,62.386604,63.069937,61.973271,62.503271,826128
1419949800,62.403271,62.692937,61.783272,61.846605,867402
1420036200,62.019938,63.246603,62.019938,62.153271,966477
1420209000,62.649937,63.316603,61.686605,62.803271,1122937
1420468200,62.566604,64.159936,62.213304,62.999937,1666984
1420554600,63.326603,63.746603,60.666606,61.433272,2195486
1420641000,62.333271,63.943269,62.318604,63.889936,1780171
1420727400,64.999935,65.366568,64.309936,65.306601,1859899
1420813800,65.666601,65.876601,64.366269,65.356601,2271224
1421073000,66.763267,67.1599,65.409935,65.976601,2964032
1421159400,66.8366,67.236566,64.506602,65.489935,3024192
1421245800,64.943268,66.633267,64.606602,66.5066,1759936
1421332200,66.699933,66.776567,63.933269,64.036603,3539187
1421418600,64.099936,66.079934,63.76677,65.983267,2229824
1421764200,66.4666,66.893266,64.503269,66.713267,2372792
1421850600,66.149934,66.625933,64.533269,64.793269,1976614
1421937000,65.429935,65.523268,62.986604,65.493268,2531561
1422023400,65.559934,66.4166,65.313268,66.1966,1658275
1422282600,66.233267,68.069932,65.773268,68.069932,1733272
1422369000,67.113266,68.906598,66.736267,68.223265,1905871
1422455400,68.673265,68.883264,66.099934,66.3966,2707088
1422541800,66.593267,67.336599,65.253268,67.336599,1229932
1422628200,67.389933,68.379932,66.489934,66.549933,1694659
1422887400,66.9466,67.186599,64.654102,65.499934,4084069
1422973800,65.833267,66.089934,63.286603,65.306601,3184317
1423060200,63.736603,64.373269,62.483271,63.979936,3386154
1423146600,64.296602,66.033267,64.213269,65.839934,2512274
1423233000,65.833267,66.7366,64.623269,64.996602,2000882
1423492200,64.686602,65.883267,64.439936,64.669935,1661938
1423578600,65.319935,66.3566,64.853268,66.136601,931473
1423665000,65.929934,67.539899,65.333268,65.939934,1807585
1423751400,66.273267,67.346599,65.793268,67.346599,2126546
1423837800,67.406599,67.806599,66.499934,67.799932,1305355
1424183400,67.846599,69.346597,67.846599,69.076598,2356244
1424269800,69.403264,70.00993,68.479932,69.966597,1467406
1424356200,69.826597,70.849929,69.67993,70.566596,1795042
1424442600,70.45993,71.369929,70.33663,71.119929,1656124
1424701800,71.223262,73.036594,71.066596,71.713262,2325020
1424788200,71.936595,72.219928,69.416631,70.326596,2718539
1424874600,70.306596,72.413261,69.703264,72.123261,3244029
1424961000,72.106595,72.676594,70.526596,72.629927,3132843
1425047400,72.296594,72.542261,70.966596,71.543262,2748377
1425306600,71.609928,72.659927,71.363262,72.496594,1012249
1425393000,72.666594,72.826594,71.299929,72.599927,2218856
1425479400,72.493261,74.519892,71.713262,74.019926,3034137
1425565800,75.259925,76.393257,75.000958,75.856591,3111882
1425652200,75.833257,75.833257,74.136393,74.906592,2928845
1425907800,75.299925,75.316591,73.543626,74.863258,1538236
1425994200,73.933259,76.229924,73.27326,75.133258,2208047
1426080600,75.379925,75.867591,74.263259,75.503258,1113706
1426167000,75.799924,75.996591,74.616592,75.569924,1155820
1426253400,75.659924,76.84659,75.169925,76.143257,1860736
1426512600,76.61659,77.503256,76.333257,77.276589,1701271
1426599000,77.469923,77.833256,76.644923,77.709922,1675600
1426685400,77.649922,77.903255,76.259957,77.206589,2926331
1426771800,77.796589,79.749887,77.483256,79.326587,2775620
1426858200,81.346585,81.659918,77.569922,77.953255,5638940
1427117400,76.783257,77.656589,75.566591,76.39659,2940293
1427203800,76.76659,77.996589,75.733258,75.826591,3532905
1427290200,76.029924,76.66659,71.456595,71.743262,6060447
1427376600,70.669929,72.829927,69.249931,71.453262,6812283
1427463000,71.889928,73.489927,71.836595,73.136594,2381762
1427722200,74.666592,75.166592,73.50336,74.789925,2713118
1427808600,74.549925,77.999922,73.39326,75.166592,2984816
1427895000,73.946593,74.079926,71.579928,73.596593,4550404
1427981400,73.466593,73.999926,72.603261,73.40326,1572094
1428327000,72.676594,74.004926,72.626594,73.19326,1908007
1428413400,73.24326,75.093225,73.24326,73.549926,2274959
1428499800,74.029926,76.013591,73.711593,75.676591,2041388
1428586200,75.913257,76.759923,74.173259,75.399925,2312108
1428672600,75.619924,76.879923,75.499091,76.459924,1463407
1428931800,76.73659,78.156589,76.66659,77.363256,2419931
1429018200,77.479923,77.999922,76.563257,77.299923,1499698
1429104600,77.953255,78.220055,76.823257,77.703256,2164967
1429191000,77.716589,78.746588,77.576589,78.273255,1469191
1429277400,77.533256,78.019922,76.091591,76.92659,2465132
1429536600,77.619922,77.839922,75.959924,77.083256,2143433
1429623000,77.849922,78.224922,77.249923,77.649922,2144759
1429709400,78.173255,78.509921,76.835856,77.543256,2022728
1429795800,77.766589,79.056588,77.12659,78.906588,1691536
1429882200,78.766588,79.199921,77.946589,77.953255,1713199
1430141400,78.333255,78.659921,73.336593,73.646593,6715386
1430227800,74.069926,74.826592,70.453263,72.386594,8532323
1430314200,71.819928,73.496593,70.933262,71.919928,5104271
1430400600,71.253262,72.129928,67.866599,68.776598,9881676
1430487000,70.04993,71.346595,69.496597,71.056596,5328647
1430746200,71.406595,73.44326,71.333262,72.016595,3967671
1430832600,72.063261,72.139928,69.566597,69.976597,3707463
1430919000,71.796595,72.166594,70.579929,71.626595,5539121
1431005400,71.673262,72.666594,70.699929,72.466594,3346863
1431091800,73.79326,75.103258,73.28326,74.613259,3321663
1431351000,74.666592,75.836591,74.486592,75.163258,2326874
1431437400,74.333259,75.756591,73.496593,75.323258,3285003
1431523800,75.796591,75.899924,74.246592,74.813259,3144774
1431610200,75.229925,75.873257,73.33326,75.406591,2967821
1431696600,75.409925,75.619891,74.561659,75.433258,1752262
1431955800,75.333258,77.223256,74.979392,76.91659,2409422
1432042200,76.73659,77.433256,76.333257,77.033256,2039198
1432128600,77.273256,78.873254,76.363257,78.246588,2813066
1432215000,78.896588,78.896588,77.123256,77.813256,2577728
1432301400,77.463256,78.316588,77.119923,78.033255,1672132
1432647000,77.869922,78.056589,76.79659,77.669922,2482844
1432733400,77.776589,78.966588,77.386589,78.959921,2337881
1432819800,78.416588,78.976588,77.359923,78.833255,2197094
1432906200,78.503255,80.12992,78.486588,79.389921,4107580
1433165400,80.183253,80.666586,78.454922,79.67992,4824502
1433251800,79.076588,80.23992,78.443288,79.573254,1702438
1433338200,80.166587,80.759919,79.236587,80.46992,2520179
1433424600,80.063253,80.869919,78.839954,79.893253,2823059
1433511000,79.726587,81.423252,78.979921,81.253252,2314445
1433770200,81.293252,81.966585,80.666586,81.323252,3065916
1433856600,81.063252,81.333252,79.146588,80.113253,3196683
1433943000,79.663254,80.821586,79.256587,80.706586,2056667
1434029400,80.806586,81.303252,80.236586,81.303252,2580260
1434115800,80.896586,80.969919,79.736587,80.003253,2806403
1434375000,79.256587,80.376586,78.573255,80.29992,2300216
1434461400,80.003253,81.083252,79.86992,80.486586,2007410
1434547800,80.999919,81.899918,80.819919,81.463252,3002832
1434634200,81.903251,84.266582,81.821918,83.766583,6821511
1434720600,83.709916,84.299916,83.049917,84.156583,4454698
1434979800,84.999915,86.619913,84.626582,86.569913,5310851
1435066200,86.91658,87.199913,85.419915,86.449914,2920697
1435152600,86.319914,86.489914,84.189916,84.576582,3716427
1435239000,85.023248,85.356581,82.899917,83.863249,4126483
1435325400,84.113249,84.536582,81.973251,83.326583,4632541
1435584600,82.099918,83.266583,80.433253,80.543253,4475302
1435671000,82.329918,84.359916,81.676585,84.079916,7275874
1435757400,85.313248,85.573248,82.243251,83.07325,4040212
1435843800,83.706583,83.706583,81.819918,82.313251,1897261
1436189400,81.716585,84.263249,81.099919,83.439917,3362484
1436275800,83.666583,83.79325,81.279952,83.716583,4005082
1436362200,82.369918,83.016584,80.373253,80.629919,5975507
1436448600,82.096585,82.703251,81.633252,82.316584,3031551
1436535000,83.496583,84.273249,82.499918,84.189916,3123126
1436794200,85.239915,86.699913,84.999915,86.389914,3381345
1436880600,86.649913,88.499745,86.106581,88.229912,3768930
1436967000,89.333244,90.116577,87.699912,88.303245,4665844
1437053400,89.209911,89.953243,88.349912,89.75991,3189543
1437139800,90.07991,90.376576,88.763245,90.356576,3754689
1437399000,90.999909,91.109909,89.369911,90.30991,4473046
1437485400,89.91991,90.123243,87.519912,88.783245,4190308
1437571800,86.953246,89.409911,86.699913,89.179911,2101139
1437658200,89.279911,90.143243,88.146579,88.339912,2484080
1437744600,87.226579,88.653245,84.589915,85.126582,5264087
1438003800,84.639915,84.639915,82.593251,83.926583,5343677
1438090200,84.829915,86.579913,83.329917,86.313247,3554853
1438176600,87.153246,87.153246,83.439917,84.413249,3736668
1438263000,84.199916,84.616582,81.966585,84.153249,2779895
1438349400,84.306582,86.273247,83.766583,85.146582,2888774
1438608600,85.329915,86.35658,84.209916,84.919915,2337224
1438695000,85.413248,85.999914,84.713249,85.029915,2028659
1438781400,85.733248,86.623247,85.126582,85.426581,2139428
1438867800,85.613248,85.613248,80.533253,81.093252,7750087
1438954200,80.949919,80.979919,77.16659,79.063254,9928842
1439213400,80.513253,81.179919,79.433254,79.843253,3305757
1439299800,78.503255,80.729919,77.073256,78.133255,5459942
1439386200,77.169923,79.266587,75.166592,78.709921,10242199
1439472600,78.836588,79.726587,77.206589,77.406589,2506829
1439559000,77.276589,77.743256,74.853258,76.259924,4277815
1439818200,75.616591,79.523254,75.480258,79.409921,4499305
1439904600,79.023254,79.366587,77.346589,77.459923,3197658
1439991000,76.97659,77.484889,75.286591,76.37659,4635349
1440077400,75.339925,76.333257,72.186594,72.246594,8011763
1440163800,70.803263,74.583259,70.166597,72.409928,10778617
1440423000,63.33327,72.701594,59.853273,68.549931,11430527
1440509400,72.816594,72.886594,69.233264,69.403264,7882456
1440595800,71.516595,72.996594,68.433265,72.996594,6701277
1440682200,74.523259,75.266591,73.082194,74.853258,7937410
1440768600,74.723259,76.409924,74.099926,76.34659,3279072
1441027800,75.966591,77.196589,73.666593,74.029926,5967836
1441114200,71.709928,73.776593,71.573262,71.836595,6449940
1441200600,73.266593,75.033258,71.783262,74.929925,5374847
1441287000,75.426591,75.960891,72.549927,72.713261,4782526
1441373400,71.666595,74.009926,71.341595,72.889927,4903027
1441719000,74.973258,76.349924,73.749926,76.26659,3542469
1441805400,76.999923,77.309923,74.036593,74.246592,4826251
1441891800,73.913259,76.433257,73.887259,76.223257,4103767
1441978200,76.09,77.51,75.31,77.5,2861022
1442237400,77.64,77.83,76.04,77.25,1513652
1442323800,77.46,78.4,76.86,78.02,1910035
1442410200,78.5,78.87,76.26,77.27,2953269
1442496600,77.47,80.64,76.7,79.76,5115562
1442583000,78.37,79.82,78.11,79.44,4462304
1442842200,80.29,80.3399,74.22,75.16,8845964
1442928600,73.95,74.74,72.05,73.44,6446663
1443015000,73.69,74.85,72.17,73.36,3191228
1443101400,72.74,72.98,70.15,72.46,4298234
1443187800,73.71,73.92,65.98,67.5,12671560
1443447000,66.9,67.06,61.28,62.65,14613319
1443533400,62.7,64.56,59.16,60.02,10659292
1443619800,61.8,63.1499,60.23,62.25,9742008
1443706200,62,62.6,60.27,62.43,6982333
1443792600,60.9,65.75,60.45,65.48,9091959
1444051800,66.79,68.02,64.36,66,6515315
1444138200,65.39,65.83,60.59,63.22,10207918
1444224600,63.25,65.46,61.49,64.3,6363728
1444311000,64.01,64.25,61.38,63.65,6393057
1444397400,63.61,65.5,62.7,64.76,4746539
1444656600,64.98,65.5642,63.63,63.98,2426714
1444743000,63.34,65.2,61.16,61.16,4997288
1444829400,62.21,63.42,60.69,61.82,6144907
1444915800,61.29,66.33,61.18,66.31,7339777
1445002200,66.36,67.54,64.92,66.05,6974885
1445261400,65.83,68.41,64.27,66.56,7920726
1445347800,66.79,66.79,63.96,64.31,5178426
1445434200,65.31,65.665,62.21,64.33,10347832
1445520600,64.56,65.4,62.58,64.19,8076698
1445607000,65.12,66.06,64.44,65.67,4823854
1445866200,65.5,67.2994,64.68,65.89,4077624
1445952600,66.31,67.35,65.7,67.33,4614638
1446039000,67.02,69.06,65.59,69.06,5574889
1446125400,69.23,70.12,67.07,67.31,4889030
1446211800,67.46,67.68,66.02,66.63,2688899
1446474600,67.27,71.11,66.63,70.98,5361623
1446561000,70.7,72.53,69.54,71.62,3882055
1446647400,72.14,72.45,70.57,72.03,3342024
1446733800,71.56,71.6899,69.82,70.74,3056707
1446820200,70.76,71.17,68.59,70.7,4137017
1447079400,70.51,71.76,70.11,71.33,2448083
1447165800,70.93,71.2099,69.65,71.08,2566909
1447252200,71.22,71.41,69.81,69.82,3140259
1447338600,69.16,70,68.15,68.32,3331114
1447425000,67.99,69.83,67.3798,68.27,3285064
1447684200,67.7,68.8,66.445,68.15,4393619
1447770600,68.32,69.82,67.25,68.65,2935488
1447857000,68.95,70.81,68.47,70.68,2815135
1447943400,70.76,71.17,69.01,69.41,3180075
1448029800,69.71,70.29,69.25,69.58,2996762
1448289000,69.57,71.29,69.56,70.72,2879966
1448375400,70.5,71.105,69.87,71,1707963
1448461800,71.17,72.695,71,72.45,2179803
1448634600,72.47,73.47,72.33,72.62,1540976
1448893800,73.41,73.8,71.347,72.29,3331798
1448980200,72.86,72.86,70.89,72.11,2944905
1449066600,72,73.385,71.56,71.7,2775388
1449153000,72.2,72.23,68.39,68.91,5450659
1449239400,69.18,70.31,68.1501,70.29,3025793
1449498600,69.93,69.9758,67.43,67.61,4106941
1449585000,66.81,69.25,66.557,69.06,3936791
1449671400,68.5,68.82,66.76,67.43,4617146
1449757800,67.39,68.5,67.04,68.15,2273492
1449844200,67.37,67.86,65.52,65.73,3824371
1450103400,65.52,66.57,63.95,64.95,4675788
1450189800,65.7,67.25,65.64,66.81,2602051
1450276200,67.63,69.82,67.32,69.74,5306291
1450362600,70.22,70.4,68.21,68.97,2772453
1450449000,68.51,70.19,68.28,69.2,4201087
1450708200,69.66,70,68.5,70,1745045
1450794600,70.3,70.5,68.8,69.6,2575047
1450881000,70.04,70.86,69.84,70.73,2352234
1450967400,70.76,71.12,70.5601,70.88,748447
1451313000,69.86,70.38,69.2202,69.72,2537425
1451399400,70.38,71.56,70.27,71.54,2113130
1451485800,71.17,71.87,70.63,70.86,1469633
1451572200,70.46,70.96,69.99,70.2,1302627
1451917800,68.54,69.11,67.22,67.83,6030885
1452004200,67.87,68.5,66.765,67.22,4635165
1452090600,65.84,66.11,63.54,64.35,9160423
1452177000,62.53,63.35,61.33,61.82,11642319
1452263400,62.96,63.39,60.33,60.51,8929207
1452522600,60.83,61.24,55.51,57.14,14617933
1452609000,58.05,60.27,56.12,58.82,9577557
1452695400,59.54,59.6,54.56,54.74,10365487
1452781800,55.12,57.62,52.23,56.86,10932291
1452868200,53.87,55.16,52.75,55.1,10503428
1453213800,55.95,56.33,51.82,52.86,8268594
1453300200,51.28,56.06,50.4,55.14,12702485
1453386600,55.3,56.57,53.67,53.73,10694590
1453473000,55.35,55.92,54.12,55.31,4818379
1453732200,54.69,56.65,54.44,54.49,4845098
1453818600,54.83,55.01,52.43,54.11,8927980
1453905000,54.5,54.72,51.225,51.65,9045707
1453991400,52.13,52.34,48.9,49.71,12529567
1454077800,49.64,51.13,48.78,50.55,10837412
1454337000,50.05,51.46,49.1,50.96,11004572
1454423400,50.1,50.42,48.65,49.135,8765822
1454509800,49.3,49.93,46.86,49.37,11905033
1454596200,48.94,51.99,48.68,50.38,10081160
1454682600,50.19,50.56,47.825,48.49,8678593
1454941800,47.18,47.34,45.08,45.81,8296609
1455028200,44.39,47.54,44.16,45.88,7856865
1455114600,46.54,48.14,45.88,46.05,7641530
1455201000,45.14,46.18,44.37,45.73,7192288
1455287400,46.36,47.19,44.88,47.05,6210711
1455633000,48.09,49.05,48.03,48.97,5844700
1455719400,49.8,51.16,49.12,50.95,7738461
1455805800,51.46,51.5,49.06,49.17,6891627
1455892200,48.86,50.14,48.21,50.12,5451418
1456151400,50.9,51.48,50.27,50.66,4467843
1456237800,50.02,50.36,48.24,48.24,4775103
1456324200,47.75,48.98,46.49,48.76,6820495
1456410600,48.96,49.73,47.95,48.55,6902042
1456497000,48.95,49.82,48.38,49.4,3944325
1456756200,49.43,49.79,47.9,47.9,4259546
1456842600,48.62,50.34,47.78,50.21,4833483
1456929000,50.25,52.41,50,52.3,8346920
1457015400,52.37,52.65,51.29,51.72,5167753
1457101800,51.84,53.4,51.21,51.94,8595332
1457361000,51.6,54.71,51.1775,53.8,10621533
1457447400,53.93,53.93,50.75,50.99,6588993
1457533800,51.45,51.7378,49.43,50.52,7364340
1457620200,50.91,51.795,48.86,49.65,7901617
1457706600,50.31,51.38,49.76,51.31,4076205
1457962200,51.36,52.42,51.13,51.9,5493775
1458048600,51,51.22,48.7,48.9,7225897
1458135000,48.8,49.62,47.27,48.31,7827384
1458221400,48.2,49.12,46.66,48.46,9059865
1458307800,48.64,50.235,47.71,49.65,9232078
1458567000,49.54,51.45,49.39,50.83,5902327
1458653400,50.46,52.91,50.46,52.5,7514412
1458739800,52.47,53.08,49.74,49.87,6002964
1458826200,49,51.1,48.29,50.05,6416620
1459171800,50.48,50.705,49.14,49.4,4347866
1459258200,49.09,50.66,47.88,50.58,8301360
1459344600,51.25,52.24,49.79,50.17,7390582
1459431000,50.36,52.5,50.24,51.66,9537781
1459517400,51.37,53.347,50.81,53.16,9868628
1459776600,53.55,55.09,53.29,53.87,9239553
1459863000,53.34,54.85,53,53.81,9147050
1459949400,54.17,57.66,54.12,57.59,14072525
1460035800,57.12,58.38,56.01,56.81,14045782
1460122200,57.66,57.75,55.1,55.84,7601735
1460381400,56.21,56.34,54.21,54.46,6677240
1460467800,54.45,55.25,53.42,54.99,8842614
1460554200,55.57,56.46,54.89,56.32,7923663
1460640600,56.6,57.04,55.83,56.6592,6592511
1460727000,56.53,56.8,55.77,56.58,5086201
1460986200,56.28,57.77,56.03,57.37,6682634
1461072600,57.5,57.61,55.85,56.27,7946377
1461159000,56.65,57,55.74,56.32,6742410
1461245400,56.03,57.53,55.8,57.4,8121194
1461331800,57.4,57.88,56.28,57.86,6967665
1461591000,57.72,58.31,57.34,57.6,5891267
1461677400,57.23,57.3599,55.2,56.05,6505321
1461763800,55.68,55.99,54.76,55.44,3857991
1461850200,55.22,56.78,54.64,55.16,8225448
1461936600,54.99,55.35,53.59,53.93,9612144
1462195800,54.08,55.05,53.19,55,4682267
1462282200,54.36,54.59,52.87,52.9425,8075113
1462368600,52.49,52.67,50.66,50.74,9234121
1462455000,51.05,51.24,49.86,50.46,6760309
1462541400,49.97,51.03,49.425,50.36,6195162
1462800600,50.41,52.76,50.41,52.22,5456778
1462887000,52.65,52.696,51.26,52.42,4770773
1462973400,52.22,52.58,50.52,50.61,4411650
1463059800,51.05,51.17,48.98,49.55,6313565
1463146200,49.34,50.98,49.34,50.44,5016069
1463405400,51.07,52.73,50.98,52.71,7317754
1463491800,52.33,53.25,51.94,52.3,5176252
1463578200,51.93,53.64,51.9,53.24,6244121
1463664600,53.17,54,52.0945,52.68,6780120
1463751000,53.05,54.12,52.83,54.08,6033163
1464010200,54.12,55.43,54.08,54.81,7059031
1464096600,55.46,56.04,55.12,55.88,7289919
1464183000,56.49,57.09,56.16,56.79,7573293
1464269400,56.79,56.85,55.95,56.22,4777038
1464355800,56.26,56.87,55.71,56.84,4238218
1464701400,57.37,58.49,57.31,58.05,6916403
1464787800,57.84,58.59,57.49,58.17,8330099
1464874200,58.11,59.87,58.11,59.84,10383000
1464960600,59.64,59.8,57.49,58.1,9717107
1465219800,58.27,59.75,56.97,59.67,8953418
1465306200,58.9,59.285,58.24,58.62,7600714
1465392600,58.78,58.94,58.01,58.69,5678910
1465479000,58.12,58.88,56.92,56.97,7372962
1465565400,55.95,56.34,55.26,55.67,8070961
1465824600,55.12,56.18,54.59,54.74,7350922
1465911000,54.64,55.32,53.61,54.5,8217746
1465997400,54.97,55.44,54.59,54.74,6963747
1466083800,54.3,54.87,53.75,54.86,8054105
1466170200,55.07,55.07,53.21,53.37,8443547
1466429400,54.27,54.77,53.67,54.16,8322984
1466515800,54.38,54.38,52.6,53.19,9994304
1466602200,53.19,54.59,52.55,53.3,10889287
1466688600,53.89,54.64,53.31,54.52,5481820
1466775000,52.38,53.39,51.85,51.85,11673631
1467034200,51.32,52.04,49.51,49.68,14175625
1467120600,50.79,52.14,50.6,52,6876698
1467207000,53.23,54.26,52.83,54.06,7892165
1467293400,53.89,54.48,53.02,54.08,7521395
1467379800,53.83,55.88,53.8,55.81,9345940
1467725400,55.27,55.59,54.68,55.11,6118621
1467811800,54.75,56.64,54.52,56.58,8432884
1467898200,57,57.4,56.26,57.07,6225168
1467984600,57.06,57.97,56.6301,57.59,6056293
1468243800,58.03,58.23,57.35,57.37,5682195
1468330200,58.15,58.48,57.76,57.93,6605070
1468416600,58.4,58.51,56.13,56.23,7649171
1468503000,56.72,56.78,55.87,56.17,4876452
1468589400,56.22,57.26,55.9,57.13,4916219
1468848600,57.22,57.67,56.82,57.51,3605675
1468935000,57.4,57.79,56.2108,56.43,3254781
1469021400,56.58,58.4,56.58,58.33,8377996
1469107800,59.04,59.68,58.24,58.9,8958878
1469194200,59.13,59.68,58.6,59.3,4262362
1469453400,59.54,59.66,58.65,59.5,4972097
1469539800,59.24,60.07,58.9644,59.88,8028807
1469626200,60.12,61.8,60.06,61.62,8942590
1469712600,61.65,62.05,60.6,61.32,8982296
1469799000,60.92,62.135,60.72,62.07,7543669
1470058200,62.59,64.43,62.48,63.57,10303093
1470144600,63.58,64.03,61.68,63,13027041
1470231000,62.71,64.39,62.62,64.38,7802191
1470317400,64.59,64.95,63.39,63.4997,6416477
1470403800,63.52,64.4,63.33,64.19,5892537
1470663000,64.33,64.48,62.65,62.98,6531031
1470749400,63.22,63.22,62.39,62.92,5465149
1470835800,62.72,62.77,60.85,60.96,6959068
1470922200,61.28,62.179,60.63,61.96,4891444
1471008600,61.67,62.65,61.49,62.52,5050991
1471267800,62.85,63.76,62.72,63.35,5211722
1471354200,63.16,63.24,62.21,62.29,4996656
1471440600,62.12,62.4,61.48,61.96,5999555
1471527000,61.86,62.519,61.44,62.21,3469672
1471613400,61.85,62.19,61.44,61.85,4512120
1471872600,62.39,63.57,62.03,63.5,6648487
1471959000,64.03,64.17,63.43,63.78,4446643
1472045400,63.7,64.89,60.73,61.04,14715895
1472131800,61.21,61.97,59.13,60.39,12677048
1472218200,60.53,61.76,60.17,61.1,10098289
1472477400,61.45,61.53,60.43,61.04,5092831
1472563800,61.01,61.72,60.52,60.86,4394947
1472650200,60.73,60.94,59.79,60.09,5649927
1472736600,60.12,60.59,59.55,60.34,3715840
1472823000,60.42,60.85,59.79,60.15,3535999
1473168600,60.74,62.02,60.68,61.73,3469482
1473255000,61.83,63.01,61.83,62.71,5093633
1473341400,62.81,63.7,62.15,63.54,3345859
1473427800,62.45,63.21,61.2,61.25,6013122
1473687000,60.85,63.46,60.81,63.46,5038350
1473773400,62.75,63.02,61.44,62.37,4345619
1473859800,62.89,64.54,62.65,63.9,5087456
1473946200,64.19,65.1,63.4,64.93,5469848
1474032600,64.25,64.845,63.7,64.71,5198028
1474291800,65.37,67.48,64.529,65.89,7956515
1474378200,66.65,67.89,66.65,67.51,6733754
1474464600,67.93,68.51,66.19,68.28,10710585
1474551000,68.87,69.03,67.82,68.83,4947610
1474637400,68.61,69.21,68.11,68.14,4662679
1474896600,67.81,68.19,67.49,67.77,4063962
1474983000,67.75,68.94,67.58,68.75,4998993
1475069400,68.98,69.08,67.12,67.8,6329318
1475155800,67.55,67.8,65.26,65.52,8225132
1475242200,65.67,66.63,64.71,66.29,5667450
1475501400,65.81,66.19,65.07,66.18,4470931
1475587800,66.16,66.749,65.33,65.66,4377823
1475674200,65.9,67.3,65.71,66.72,4982144
1475760600,65.7,65.9,64.48,64.66,6177656
1475847000,64.65,64.89,63.46,64.15,5312718
1476106200,64.9,65.78,64.8,65.52,5639092
1476192600,64.87,65.5671,62.85,63.44,6294435
1476279000,63.36,63.76,61.2,61.27,7624944
1476365400,60.55,61.97,60.5,61.34,6953908
1476451800,61.95,62.13,59.47,59.56,7623717
1476711000,59.62,59.8398,58.4,59.07,7685298
1476797400,59.99,60.53,59.67,59.89,4194945
1476883800,59.97,60.14,58.76,58.82,6122456
1476970200,58.74,60.125,58.69,59.89,5927613
1477056600,59.75,60.49,59.31,59.73,4468863
1477315800,60.08,60.18,59.08,59.15,4052006
1477402200,59.11,59.56,58.41,58.67,4495349
1477488600,58.66,59.14,57.605,57.99,6392301
1477575000,58.63,58.99,57.07,57.13,6246491
1477661400,56.84,57.73,55.8,56.84,10289339
1477920600,56.91,57.05,56.05,56.15,5399823
1478007000,56.23,56.96,55.41,56.84,6603261
1478093400,56.55,56.65,55.41,55.42,5815850
1478179800,55.62,55.96,53.15,53.31,13385724
1478266200,53.46,55.31,53.45,54.87,9173667
1478529000,56.29,57.54,55.85,57.34,8215045
1478615400,56.8,58.56,56.61,57.79,7256120
1478701800,62.35,64.52,61.28,63.78,28441539
1478788200,65.68,66.91,63.96,65.79,15286841
1478874600,65.04,66.45,64.53,66.21,9867229
1479133800,66.5,68.16,65.38,68.13,11557119
1479220200,67.66,67.9325,66.5,67.71,6843269
1479306600,67.14,67.79,65.4,65.51,7137837
1479393000,65.68,66.75,64.89,66.48,7737819
1479479400,66.7,67.0499,65.37,65.98,5125678
1479738600,66.06,66.46,65.55,66.36,3405693
1479825000,66.59,66.66,64.31,64.63,7439026
1479911400,62.38,65.84,62.31,65.74,9309789
1480084200,66.01,66.48,64.95,66.4,2860565
1480343400,66.04,66.2,64.24,64.35,7314859
1480429800,64.31,65.275,63.68,64.57,4018344
1480516200,64.88,64.94,62.64,62.67,4796679
1480602600,63.1,63.3497,61.06,61.14,7384986
1480689000,61.11,62.67,60.6,61.81,8985993
1480948200,62.45,63.74,61.94,63.21,6662419
1481034600,63.44,64.47,62.68,64.38,4635736
1481121000,62.85,63.38,60.66,61.79,13167462
1481207400,61.38,62.19,60.41,62.1,7818523
1481293800,62.75,63.77,61.83,61.9,6275590
1481553000,61.17,61.4099,60.44,60.98,5082566
1481639400,61.28,61.62,60.79,60.91,3838808
1481725800,60.68,61.45,60.13,60.9,6347989
1481812200,61.24,61.96,60.75,61.94,4662562
1481898600,61.89,62.7,61.69,61.95,5398523
1482157800,61.83,62.65,60.895,61.01,5211551
1482244200,61.46,61.97,61.28,61.73,2838979
1482330600,61.69,61.88,60.43,60.46,3347772
1482417000,60.64,60.65,59.05,59.47,4866931
1482503400,59.5,61.7,59.21,61.53,4692221
1482849000,61.75,62.35,60.92,60.95,3812998
1482935400,61.04,61.129,60.03,60.13,3728062
1483021800,60.18,60.4804,59.34,59.66,3772965
1483108200,59.71,60.01,58.87,59.19,4429942
1483453800,59.93,60.34,58.66,59.59,7084568
1483540200,59.66,62.5099,59.65,62.34,10308572
1483626600,62.55,62.97,61.65,62.47,4448506
1483713000,62.69,63.88,62.69,63.35,7476416
1483972200,65.13,65.68,64.11,65.36,8760027
1484058600,65.81,65.87,63.96,65.75,7156458
1484145000,65.49,65.95,62.77,63.49,15706574
1484231400,62.64,64.89,62.505,64.48,6506671
1484317800,64.36,65.79,64.36,65,6715501
1484663400,64.48,64.49,63.16,63.43,5812392
1484749800,63.67,64.315,63.43,64.24,3734284
1484836200,64.13,64.33,63.28,63.62,2330529
1484922600,63.7,64.01,62.98,63.15,4227975
1485181800,63.08,63.43,61.97,62.36,3978072
1485268200,62.46,62.69,61.14,62.44,4865203
1485354600,62.93,63.181,62.27,62.78,3874945
1485441000,62.9,63.52,62.23,62.63,4307726
1485527400,62.72,63.46,62.56,63.42,2816971
1485786600,62.92,63.05,61.68,62.32,4074753
1485873000,61.79,64.99,61.44,64.9,11590739
1485959400,65.18,65.27,64.34,64.96,5150199
1486045800,64.74,65.33,64.3,65.11,4447894
1486132200,65.49,66.0273,64.711,65.98,5932952
1486391400,65.87,66.13,65.34,65.87,2197090
1486477800,65.99,66.13,64.97,65.32,4370810
1486564200,64.89,66.15,64.565,65.89,5193343
1486650600,65.88,67.19,65.85,67.07,5173162
1486737000,67.19,67.38,66.6203,66.75,3014119
1486996200,67.14,67.51,66.73,66.98,3346362
1487082600,66.9,68.08,66.64,67.99,5346520
1487169000,67.91,69.21,67.729,69.11,4628769
1487255400,69.17,69.85,67.8,68.69,5559866
1487341800,68.31,69.51,68.09,69.45,3790177
1487687400,69.8,69.92,68.83,69.01,3554598
1487773800,68.61,69.1094,67.71,67.79,2553872
1487860200,67.96,67.96,66.26,67.14,3894837
1487946600,66.43,67.42,66.3,67.24,4834592
1488205800,67.27,70.61,67.13,70.48,7748442
1488292200,70.26,71.34,69.505,70.21,8570644
1488378600,71.2,71.81,70.34,71.47,6849011
1488465000,71.15,72.43,70.5,70.6,5820970
1488551400,70.62,71.48,70.56,71.35,3583155
1488810600,71.02,71.14,70.09,70.73,2477675
1488897000,69.81,70.49,69.19,69.59,3888318
1488983400,69.87,71.52,69.7,70.61,4427722
1489069800,70.79,71.56,70.12,70.96,4146904
1489156200,71.59,71.59,70.24,71.5,4174196
1489411800,71.54,71.76,70.76,71.63,3128767
1489498200,71.34,71.41,70.45,70.84,3288754
1489584600,70.95,72.58,70.81,72.32,3775703
1489671000,72.24,72.35,71.19,71.46,3820104
1489757400,70.84,71.59,70.55,71.02,5318979
1490016600,70.83,71.36,70.4701,71.2337,3434078
1490103000,71.45,71.5295,67.62,67.76,10267131
1490189400,67.75,68.69,67.41,68.42,6780126
1490275800,68.46,69.2,67.93,68.16,5993061
1490362200,68.39,69.05,68.105,68.72,2658296
1490621400,67.97,70,67.74,69.75,3880902
1490707800,69.79,70.4,68.97,69.31,3490895
1490794200,69.58,70.52,69.42,69.73,3825165
1490880600,69.74,69.83,68.64,69.25,4088313
1490967000,69.26,69.64,68.81,69.34,3113052
1491226200,69.49,70,68.29,68.31,5563150
1491312600,68.21,68.949,68.04,68.34,2107568
1491399000,68.59,69.0153,66.57,66.93,7901962
1491485400,67.08,67.2,66,66.84,4814268
1491571800,66.66,67.44,66.4,67.32,3591058
1491831000,67.46,68.255,67.22,67.31,2621046
1491917400,67.16,67.6,66.27,67.12,4038728
1492003800,67.35,67.93,67.12,67.44,3012082
1492090200,67.35,68.89,67.29,68.47,3057799
1492435800,68.5,69,68.02,68.81,2649174
1492522200,68.63,68.6799,67.46,67.85,2893473
1492608600,68.06,68.91,67.7175,68.09,3416437
1492695000,68.33,68.81,67.94,68.6,4105845
1492781400,68.56,68.75,67.69,67.98,3736553
1493040600,68.7,69.36,68.39,69.16,2942695
1493127000,69.75,71.04,69.58,70.58,6572091
1493213400,70.76,70.98,70.2857,70.55,5046420
1493299800,70.87,71.64,70.52,71.19,3017978
1493386200,71.27,71.73,70.83,71.44,2924795
1493645400,71.65,72.2,71.47,72.13,2139248
1493731800,72.3,72.38,70.35,70.9,3200212
1493818200,70.69,70.96,70.07,70.48,2366041
1493904600,70.74,71.02,70.01,70.72,2466813
1493991000,70.65,70.65,69.4,70.15,2585013
1494250200,69.8,69.955,68.01,68.25,4996134
1494336600,68.45,69.46,68.3,69.35,6185119
1494423000,69.18,69.46,68.41,69.19,2747050
1494509400,69.02,69.42,68.18,69.09,3615174
1494595800,69.03,70.26,68.77,70.03,2879114
1494855000,70.34,70.67,70.01,70.23,2362739
1494941400,70.33,70.78,69.99,70.68,2265820
1495027800,69.79,69.92,68.45,68.57,4692724
1495114200,68.56,70.27,68.43,70,3605882
1495200600,70.24,70.78,68.94,69.14,4174562
1495459800,69.41,70.03,68.7732,69.61,3089474
1495546200,69.75,69.91,69.07,69.65,2587023
1495632600,69.62,70.49,68.99,70.1,5861075
1495719000,70.56,70.56,69.57,69.76,7165431
1495805400,69.53,69.83,68.55,68.72,3614442
1496151000,68.59,68.81,67.24,67.46,4628734
1496237400,67.82,67.98,66.6597,67.71,4938940
1496323800,67.96,69.84,67.85,69.58,5014344
1496410200,69.84,71.3,69.62,71.1,4411658
1496669400,71.66,71.75,70.05,70.66,4241979
1496755800,70.6,71.44,70.25,70.66,2983550
1496842200,70.85,71.23,70.33,70.83,2530151
1496928600,70.9,71.74,70.74,71.62,2409852
1497015000,71.6,72.75,70.71,71.35,4931109
1497274200,71.2,71.55,69.88,71.26,3852265
1497360600,71.49,72.08,71.09,72.07,2897786
1497447000,72.1,73.08,71.85,72.54,4681667
1497533400,72.01,72.425,70.89,71.55,5293544
1497619800,71.29,71.67,70.71,71.6,2637673
1497879000,72.3,74.55,72.27,74.16,4489169
1497965400,74.33,76.6,74.09,74.98,7399118
1498051800,75.87,78.55,75.49,78.51,8974192
1498138200,79.16,80.25,78.23,79.2,9662757
1498224600,78.86,80.48,78.11,80.31,7132986
1498483800,80.73,80.89,79.18,80.1,4361118
1498570200,79.85,80.21,77.2,77.27,5598290
1498656600,77.99,79.53,76.97,79.24,6997882
1498743000,79.3,79.37,77.3,78.22,4975548
1498829400,78.09,78.1,76.87,77.18,3724634
1499088600,77.4,78.32,77.15,77.91,2106625
1499261400,77.96,79.62,77.795,79.4,6625814
1499347800,78.92,79.27,77.5503,77.96,4197925
1499434200,78.46,78.66,77.87,78.26,2260579
1499693400,78.25,78.43,76.87,77.09,2633138
1499779800,77.39,78.18,77.19,77.84,2566517
1499866200,78.51,78.74,77.87,78.58,5345499
1499952600,78.82,79.77,77.16,79.18,8983520
1500039000,79.2,79.82,78.86,79.07,3198944
1500298200,79.15,79.76,78.26,78.31,2911224
1500384600,78.32,78.56,77.68,78.22,2119672
1500471000,79.3,79.96,78.68,79.11,2886274
1500557400,79.46,80.88,79.31,80.14,7049900
1500643800,80.11,81.08,80.0001,80.77,3230207
1500903000,80.76,81.79,80.28,81.75,3319387
1500989400,82.34,82.38,80.15,80.61,6371297
1501075800,80.76,81.3632,80.55,80.79,3013871
1501162200,81.4,81.4125,78.04,78.74,5363853
1501248600,78.27,79.9399,78.15,79.74,2540113
1501507800,79.64,79.8075,78.08,78.17,2606880
1501594200,78.38,78.68,76.4,77.09,5328500
1501680600,77.11,77.67,75.7,77.18,4471549
1501767000,77.18,77.38,76.3,76.83,2937853
1501853400,77.15,78.26,76.83,78.23,2709519
1502112600,78.25,78.6004,77.67,78.55,3641221
1502199000,78.55,79.06,77.36,77.67,2187509
1502285400,77.08,78.23,76.98,77.26,2692549
1502371800,76.71,76.8,74.25,74.47,5846821
1502458200,74.54,75.82,74.35,75.77,5417227
1502717400,76.18,76.85,76.04,76.44,2930532
1502803800,76.75,76.95,76.08,76.47,2241616
1502890200,76.68,77.26,76.32,76.49,2430598
1502976600,76.3,76.965,74.95,75.03,4775973
1503063000,74.79,75.58,74.3701,74.95,4771566
1503322200,74.91,75.52,74.44,75.37,2185469
1503408600,75.7,77.32,75.69,77.17,2591633
1503495000,76.68,77.71,76.44,76.97,2131956
1503581400,77.25,78.75,76.83,78.55,5499568
1503667800,78.94,78.97,77.56,77.81,2399585
1503927000,79.1,80.3,79.02,80.23,5818249
1504013400,79.27,81.02,79.09,80.59,3037277
1504099800,80.73,82.1,80.44,81.56,3617457
1504186200,81.97,84.21,81.81,83.83,7138733
1504272600,84.08,84.9,83.31,84.62,4941375
1504618200,84.68,84.75,82.78,83.98,3397743
1504704600,84.55,84.78,83.2701,84.22,3633009
1504791000,84.3,84.5541,83.35,84.35,2464277
1504877400,84.23,84.65,83.63,83.82,2460707
1505136600,84.57,84.57,83.25,83.88,2477571
1505223000,83.68,83.9,82.85,83.52,2733416
1505309400,83.5,83.97,83.28,83.53,1428535
1505395800,83.38,83.91,82.71,83.19,2984028
1505482200,83.32,83.91,82.8,83.66,2599615
1505741400,83.87,84.71,83.67,84.03,2984230
1505827800,84.31,84.31,83.3,83.69,2262958
1505914200,84.03,85.23,83.86,85.17,4086933
1506000600,85.23,85.68,84.485,84.59,3080745
1506087000,84.1,84.1801,83.55,83.91,2778789
1506346200,83.77,84.92,83.34,84.25,5373746
1506432600,84.35,84.54,82.96,83.25,3257042
1506519000,83.59,84.79,83.45,84.47,2868793
1506605400,84.57,86.35,84.21,85.88,4882672
1506691800,86,86.689,85.58,86.57,3392583
1506951000,86.98,88.13,86.71,87.97,4749295
1507037400,88.46,88.46,87,87.78,2941353
1507123800,87.74,88.48,87.2,88.24,2996443
1507210200,88.56,88.7687,87.86,88.51,2702679
1507296600,88.22,88.98,87.89,88.32,2343489
1507555800,88.5,88.6,87.511,87.73,1367375
1507642200,88.12,88.13,86.93,87.63,1830195
1507728600,87.65,87.78,87.14,87.37,1763785
1507815000,87.37,87.525,86.86,87.29,2224599
1507901400,87.36,87.45,86.58,86.66,2867323
1508160600,87.07,88.55,86.34,86.92,5096849
1508247000,86.89,87.45,86.57,86.74,2113311
1508333400,87.2,87.515,86.025,86.23,3460011
1508419800,85.79,86.14,84.8182,85.71,3499013
1508506200,85.66,85.94,84.72,85.62,5151715
1508765400,85.73,85.78,84.32,84.46,3883708
1508851800,84.62,84.81,83.16,83.58,4068868
1508938200,83.7,84,82.18,82.87,4888212
1509024600,82.04,82.91,81.3,81.81,5573886
1509111000,82.03,84.0232,81.86,83.8,5225432
1509370200,83.75,85.13,83.18,84.01,4783467
1509456600,84.27,85.25,83.42,83.64,2887557
1509543000,84.42,84.75,82.04,82.47,4277581
1509629400,82.76,84.22,82.19,83.9,3834817
1509715800,83.99,85.81,83.71,85.6,6058363
1509978600,85.81,86.06,84.93,85.03,2803989
1510065000,84.91,85.07,83.7501,84.14,2701280
1510151400,84.04,84.41,82.891,83.21,3320132
1510237800,82.99,83.31,81.87,82.92,3253025
1510324200,82.66,83.04,81.9,82.77,4296698
1510583400,82.48,82.55,81.35,81.68,3542594
1510669800,81.38,81.55,78.59,80.06,8123700
1510756200,79.1,80.73,78.46,80.05,4987844
1510842600,80.48,81.93,80.45,81.43,3854708
1510929000,81.34,81.69,80.67,81.43,3457443
1511188200,81.42,81.59,80.47,80.87,4345425
1511274600,81.17,81.64,81,81.28,3584962
1511361000,81.39,81.88,81.04,81.71,2376588
1511533800,81.99,82.36,81.61,81.96,1374851
1511793000,82.25,82.54,81.12,81.22,4144179
1511879400,81.5,81.6,80.18,81.39,3633438
1511965800,81.62,82.37,80.345,81,3862090
1512052200,81.34,83.39,81.3,83.19,6180045
1512138600,83.29,84.14,80.77,83.42,5693347
1512397800,84.18,85.11,81.2982,81.43,5107447
1512484200,81.4,82.68,80.14,80.35,3512623
1512570600,80.21,80.61,78.685,79.95,5205763
1512657000,80.45,82.47,80.16,82.28,4808459
1512743400,83.03,84.44,82.77,83.93,6452732
1513002600,84.99,84.99,82.93,83.07,5385757
1513089000,83.27,83.32,81.33,81.69,4911950
1513175400,81.63,83.44,81.47,82.92,3717841
1513261800,83.17,83.3,80.965,81.32,3845815
1513348200,81.11,81.87,80.79,81.82,3440974
1513607400,82.29,82.47,81.57,81.82,2402494
1513693800,81.75,82.5399,81.14,81.56,2884080
1513780200,81.92,82.35,81.55,82.14,2765349
1513866600,82.19,83.39,82.05,83.08,2512224
1513953000,83.56,84.75,83.34,84.59,5851705
1514298600,84.59,85.42,84.3,85.17,2894300
1514385000,85.34,86.03,84.93,85.88,3536726
1514471400,86.12,86.31,85.42,86.2,2640480
1514557800,86.51,86.77,84.84,84.87,3222470
1514903400,85.27,87.24,84.3,87.21,6037066
1514989800,87.42,88.8245,87.05,88.37,5644360
1515076200,88.72,88.8,86.72,87.35,4280880
1515162600,87.75,87.75,86.4598,87.04,3366816
1515421800,87.06,87.1999,84.45,85.31,5894860
1515508200,85.63,87.73,85.62,87.49,7066941
1515594600,87,88.74,86,88.59,6202614
1515681000,88.75,89.35,87.97,89.14,3320851
1515767400,89.15,89.95,88.82,89.62,6230708
1516113000,90,90.33,86.6,86.84,6937156
1516199400,88,88.33,87.05,88.02,6473695
1516285800,87.69,88.47,86.91,87.89,4906769
1516372200,88.12,89.02,87.7329,88.92,2645725
1516631400,90.71,94.01,90.54,93.89,8730078
1516717800,94.01,96.2309,93.9501,95.82,5499615
1516804200,95.97,96.07,93.04,94.34,7287475
1516890600,95.18,95.7,93.94,95.41,4096760
1516977000,95.8,96.85,95.44,96.19,3468128
1517236200,96.03,97.98,96,97.03,5281360
1517322600,95.65,96.28,94.16,95.03,5803927
1517409000,95.56,95.93,92.88,93.37,4011210
1517495400,93.21,94.45,92.55,93.61,4821670
1517581800,92.75,93.44,91.635,91.89,5817563
1517841000,90.74,93.04,88.23,88.34,7776021
1517927400,86.9,91.21,86.32,91.05,8289208
1518013800,90.75,92.29,90.62,91.42,4956908
1518100200,91.5,92,86.8,86.82,8369683
1518186600,87.66,88.06,82.38,87.02,12003997
1518445800,87.72,89.83,86.73,88.79,5511069
1518532200,88.44,89.595,87.64,89.31,2286828
1518618600,88.35,92.08,88.18,91.65,5176277
1518705000,92.56,92.95,90.93,92.73,3558864
1518791400,92.49,93.56,91.97,92.47,3870994
1519137000,91.43,93.12,90.48,90.83,3403737
1519223400,90.71,93.37,90.71,91.05,3288789
1519309800,91.92,93.11,90.98,91.17,3792340
1519396200,91.78,92.58,90.13,92.54,4628893
1519655400,93,93.56,92.075,93.19,2050935
1519741800,93.05,93.62,92.045,92.09,2010748
1519828200,92.05,92.55,90.33,90.36,4413950
1519914600,90.17,90.57,88.2,89.52,5720320
1520001000,88.54,92.13,88.19,91.96,5819518
1520260200,91.83,93.7801,91.72,93.38,3416910
1520346600,93.83,94,92.261,93.65,2861876
1520433000,92.93,94.97,92.65,94.83,3678933
1520519400,95.16,95.62,94.01,94.99,3700061
1520605800,95.57,96.86,95.04,96.45,4399161
1520861400,96.87,97.29,95.8,96.98,2753713
1520947800,97.22,97.87,95.55,95.94,4507947
1521034200,96.24,96.46,94.9,95.52,3006318
1521120600,95.85,95.89,93.58,94.03,3954642
1521207000,94.04,94.4,93.4507,93.57,3463842
1521466200,93.34,93.89,90.71,91.89,5936179
1521552600,92.15,92.9099,91.46,92.11,3608935
1521639000,92.18,93.51,91.85,93.04,3083590
1521725400,91.93,93.08,90.25,90.26,4631110
1521811800,90.53,91.23,88.48,88.6,4709825
1522071000,90.22,91.2223,88.17,91.05,7589233
1522157400,91.49,91.72,86.87,87.16,5824094
1522243800,87.25,87.75,84.95,87.01,6650814
1522330200,87.71,89.08,86.45,87.73,5243944
1522675800,87.34,87.43,83.19,83.85,7398351
1522762200,84.5,85.25,82.76,84.35,5277073
1522848600,83.05,87.6,82.8,87.22,5207456
1522935000,87.84,87.84,85.12,85.47,4631868
1523021400,84.37,85.18,82.36,82.9,6428770
1523280600,84.8,86.57,84.67,85.11,8271518
1523367000,86.55,88.88,85.96,88.47,7135285
1523453400,87.97,90.18,87.74,89.15,4054030
1523539800,89.63,91.08,89.39,90.45,4145769
1523626200,90.85,90.98,88.87,89.58,6260580
1523885400,90.24,90.425,88.42,88.9,3542390
1523971800,89.58,91.49,89.33,91.12,4657171
1524058200,91.45,91.9,90.56,90.74,3858328
1524144600,90.51,91.12,88.93,89.21,5723831
1524231000,89.15,89.68,88.4676,88.93,6748371
1524490200,88.77,89.06,87.21,88.06,5387585
1524576600,88.3,88.57,85.84,86.45,4776377
1524663000,86.74,87.23,85.07,86.35,4587569
1524749400,86.68,88.25,86.44,87.84,3501568
1524835800,88.17,89,87.71,88.42,2967889
1525095000,88.88,89.16,86.92,86.98,3756999
1525181400,87.11,88.01,86.39,87.91,2447765
1525267800,87.32,88.647,87.04,87.45,3583236
1525354200,86.97,88.08,85.31,85.92,5124084
1525440600,85.94,88.08,85.89,87.37,4023890
1525699800,87.78,89,87.645,88.5,2981279
1525786200,88.23,88.28,87.53,88.07,2378006
1525872600,88.32,90.34,87.8,89.8,3107760
1525959000,90,91.03,88.92,89.04,4017353
1526045400,88.9,91.74,88.9,91.65,7209405
1526304600,92.03,93.11,91.61,92.82,5546615
1526391000,92.38,92.52,91.64,92.28,2491852
1526477400,92.53,93.86,92.22,93.46,3300723
1526563800,93.56,94.08,92.9,93.78,2669684
1526650200,94,94.32,92.78,93.57,6227506
1526909400,94.17,94.42,91.35,91.78,3772539
1526995800,92.09,92.98,91.28,92.21,3542522
1527082200,91.71,93.23,91.7,92.44,4240479
1527168600,92.55,93.06,92,92.73,1502133
1527255000,92.86,93.41,92.361,93,2728662
1527600600,92.55,93.3836,91.23,92.47,4433219
1527687000,92.96,94.46,92.8,94.16,4181019
1527773400,94.52,96.04,94.38,94.67,7147842
1527859800,96.09,97.01,95.79,96.65,5011081
1528119000,97.35,97.63,94.66,96.44,6083996
1528205400,96.41,97.49,96.32,97.17,4409949
1528291800,97.53,98.222,97.12,97.77,3934167
1528378200,97.76,97.7999,95.47,96.55,5644260
1528464600,95.95,96.77,95.77,96.3,2225556
1528723800,96.49,96.69,95.39,95.92,6946375
1528810200,96.08,97.43,95.95,96.93,2940379
1528896600,97.06,97.99,96.56,97.18,6890644
1528983000,97.43,97.81,96.98,97.59,5051116
1529069400,97.11,97.719,96.74,97.18,3384593
1529328600,96.79,97.71,96.2,97.45,5335340
1529415000,97,99.08,96.97,98.85,7591453
1529501400,99.53,101.18,99.35,101.15,6074734
1529587800,101.29,101.55,98.87,99.06,4374467
1529674200,99.37,99.54,98.1,99.08,3781118
1529933400,98.57,98.68,95.86,96.4,4359777
1530019800,96.81,97.35,95.18,96.73,5765581
1530106200,96.79,97.0899,93.5,93.62,6646985
1530192600,93.86,94.46,91.9077,94.17,6308305
1530279000,94.63,96.4524,94.6,95.19,3454377
1530538200,94.42,96.33,94.01,96.29,2503414
1530624600,96.63,97.6,95.9,97.01,2118253
1530797400,97.6,98.08,96.55,97.49,2953705
1530883800,98.12,100.33,97.77,100.25,4877296
1531143000,100.76,101.17,99.12,100.09,4764346
1531229400,100.34,100.63,99.13,99.64,5253591
1531315800,98.94,100.1,98.7335,99.73,2716683
1531402200,100.29,100.96,99.76,100.84,7197914
1531488600,100.83,101.05,100.18,100.56,1883649
1531747800,100.46,100.64,98.46,98.92,2530488
1531834200,98.71,100.435,98.51,100.35,2425559
1531920600,100.12,100.25,99.04,100.13,2771151
1532007000,99.82,100.725,99.07,100.4,2515129
1532093400,100.36,101.06,100.06,100.13,3244555
1532352600,100,100.45,99.42,99.81,2767558
1532439000,100.43,100.84,97.32,97.75,4716244
1532525400,97.5,98.88,97.19,97.72,4488758
1532611800,97.39,98.56,96.55,97.64,4092430
1532698200,97.7,97.82,93.99,94.97,8537014
1532957400,94.8,95.06,92.82,93.42,6209373
1533043800,93.71,95.65,93.4201,95.29,4575595
1533130200,95.13,96.26,94.665,95.37,4198643
1533216600,94.75,96.14,94.67,95.98,2407674
1533303000,96.25,96.32,94.32,94.71,3200335
1533562200,94.5,95.3799,93.88,94.89,3179899
1533648600,95.31,96.06,94.96,95.95,3239853
1533735000,95.9,96.4,94.92,95.41,3350376
1533821400,95.27,97.02,95.05,95.25,2709872
1533907800,95.1,96.24,94.79,94.95,4737593
1534167000,94.97,95.25,93.64,94.5,11851968
1534253400,94.76,95.66,94.48,94.89,2342831
1534339800,94.37,94.61,92.51,93.08,5781676
1534426200,93.55,94.3,92.58,93.92,3040638
1534512600,93.75,94.17,92.92,93.99,2566934
1534771800,94.05,94.34,93.13,93.3,2967973
1534858200,93.43,95.4,93.41,95.13,3459225
1534944600,95.08,96.9,95.08,96.7,5059567
1535031000,96.75,97.07,95.345,96.03,2473067
1535117400,96.3,96.96,95.62,96.4,1919148
1535376600,96.75,98.41,96.65,98,6811276
1535463000,98.03,98.69,97.66,98.66,4673170
1535549400,98.85,99.82,98.38,99.55,3046874
1535635800,99.37,100.7,99.37,99.93,5944948
1535722200,99.83,100.57,99.38,100.14,3288112
1536067800,100.14,100.31,98.6,100.01,2767542
1536154200,99.83,99.84,98.32,99.24,1904556
1536240600,99.2,99.62,96.43,96.69,3579882
1536327000,96.25,97.77,95.18,96.41,3892743
1536586200,96.88,97.17,95.96,96.56,1526668
1536672600,96.46,96.92,95.65,96.54,2232273
1536759000,96.58,96.96,95.025,96.23,2124047
1536845400,96.65,96.87,95.53,95.9,2250750
1536931800,96.15,96.92,95.51,95.83,2969456
1537191000,95.51,96.1169,94.05,94.3,4198574
1537277400,94.62,95.67,94.2,95.45,2930867
1537363800,95.3,96.37,95.2,95.57,2227991
1537450200,96.19,97.18,95.89,97.16,3405942
1537536600,97.21,97.41,95.31,95.54,3926880
1537795800,95.54,96.8,95.15,96.62,2307814
1537882200,97.01,97.4,96.52,96.9,2649104
1537968600,97.38,97.6,96.05,96.12,2092451
1538055000,96,96.5,95.35,95.99,2645955
1538141400,95.6,96.54,95.49,95.87,1536394
1538400600,96.37,96.5,94.35,94.59,2450953
1538487000,94.69,94.87,92.62,93.2,5691062
1538573400,93.62,95.34,92.67,94.9,3111900
1538659800,94.68,94.7,91.39,91.84,6006856
1538746200,91.73,92.87,88.57,90.45,9487233
1539005400,90,91.09,88,89.5,6874852
1539091800,88.93,90.38,88.17,88.41,6451967
1539178200,88.16,88.71,85.27,85.44,6614677
1539264600,85.27,86.6823,83.97,84.41,8544178
1539351000,86.2,86.72,84.55,86.1,4628036
1539610200,85.63,86.14,84.22,84.94,4272161
1539696600,85.8,89.74,85.47,89.45,6328873
1539783000,89.09,89.38,87.43,89.3,3669389
1539869400,88.96,89.3,86.62,87.54,5300589
1539955800,87.65,88.91,85.06,85.42,5546652
1540215000,85.44,85.65,82.13,83.49,9374792
1540301400,81.82,85.07,80.41,83.42,10172806
1540387800,83.59,83.89,77.08,77.28,17081624
1540474200,78.05,81.75,77.69,80.44,16150631
1540560600,79.75,81.48,78.05,80.42,11181358
1540819800,81.74,82.13,76.37,77.92,7574867
1540906200,77.67,79.55,76.8,78.36,8318411
1540992600,79.6,80.61,78.79,79.11,6747730
1541079000,79.73,83.98,79.71,83.74,6425862
1541165400,84.5,85.99,82.55,83.96,5460943
1541428200,84.03,84.38,81.63,83.51,3539555
1541514600,83.2,84.57,82.69,83.24,4899936
1541601000,83.98,85.69,83.74,85.34,7022021
1541687400,85,85.87,84.05,84.21,4228715
1541773800,83.3,83.45,80.31,80.78,5992062
1542033000,80.52,80.78,77.35,77.66,7900244
1542119400,78.19,79.54,77.2,77.28,4882686
1542205800,78.14,78.52,73.97,74.93,12084175
1542292200,74.77,78.05,74.59,77.55,6471882
1542378600,76.97,80.07,76.691,79.52,8365573
1542637800,79.15,79.44,76.03,76.91,6339440
1542724200,75.23,77.54,74.52,76.45,7103102
1542810600,77.28,78.29,76.3,77.87,4793308
1542983400,77.13,79.63,77.02,78.09,3714416
1543242600,79.25,80.335,78.76,79.89,7466516
1543329000,79.42,79.43,77.66,77.97,5665119
1543415400,78.82,81.09,77.73,80.93,6559835
1543501800,80.56,81.62,79.84,80.45,3416306
1543588200,80.34,81.65,79.98,81.65,3839308
1543847400,84.69,84.96,83.51,84.63,6837385
1543933800,84.23,85.33,80.18,80.46,9105505
1544106600,79.15,80.92,78.29,80.7,6703878
1544193000,80.49,81.43,77.69,78.19,5388738
1544452200,78.04,79.5,76.61,79.13,4498891
1544538600,79.61,80.45,78.06,78.87,6645275
1544625000,79.72,80.96,79.54,80.08,4439061
1544711400,80.27,80.61,77.7,77.87,6048079
1544797800,77.16,78.14,76.44,76.79,4533277
1545057000,76.28,77.92,74.59,75.05,6768940
1545143400,75.91,75.95,72.42,73.65,10155222
1545229800,73.56,75.26,70.13,71.16,10753370
1545316200,70.64,71.16,67.7,68.66,12858793
1545402600,68.98,69.04,65.4,65.74,12854274
1545661800,64.99,66.87,64.38,65.42,5566509
1545834600,66.23,70.39,66.06,70.26,10301154
1545921000,69,70.08,66.865,69.58,6835879
1546007400,69.71,71.62,68.98,70.09,7207550
1546266600,71.04,71.99,70.35,71.75,8428927
1546439400,70.48,72.92,70.2,72.86,5881072
1546525800,73.34,73.55,71.07,71.21,8779745
1546612200,72.42,75.24,72.15,75.02,8019590
1546871400,76.86,79.87,76.84,79.5,8551904
1546957800,80.57,80.98,78.14,80.48,6091556
1547044200,80.89,81.59,80.31,80.82,4813265
1547130600,80.14,82.27,79.08,82.16,5995325
1547217000,81.72,82.37,81.22,82,5933889
1547476200,81.2,81.65,80.05,80.12,4252124
1547562600,80.4,82.2,80.18,82.2,3801218
1547649000,82.2,83.97,81.66,81.91,4700785
1547735400,81.36,83.15,81.36,82.4,2201065
1547821800,82.96,83.42,81.58,83.38,5026140
1548167400,82.57,82.79,80.3,80.86,6900087
1548253800,81.34,81.77,78.6,79.78,6002756
1548340200,79.78,80.59,79.41,80.55,5135960
1548426600,81.09,82.47,80.32,82.37,3517260
1548685800,81.07,81.31,79.83,80.03,4597282
1548772200,80.32,80.45,79.34,80.07,4255561
1548858600,80.6,82.36,79.78,82.29,3056955
1548945000,81.97,83.75,81.93,83.6,4788601
1549031400,83.55,84.31,82.81,83.99,3175733
1549290600,84.07,84.42,83.29,84.34,1980248
1549377000,84.44,85.73,83.28,83.8,5170379
1549463400,84.1,84.82,82.98,84.28,2774420
1549549800,83.63,84.09,81.4,81.99,4456919
1549636200,81.4,82.87,81.31,82.68,2909066
1549895400,83.09,83.33,82.24,83.08,2415984
1549981800,83.8,84.53,83.58,84.42,3271418
1550068200,84.87,85.3,84.32,84.43,2727136
1550154600,84.05,85.02,83.81,84.78,2955208
1550241000,85.1,86.595,84.82,86.59,3959158
1550586600,86.9,87.34,85.54,85.64,3705387
1550673000,85.7,86.26,83.96,85.3,5983453
1550759400,85.13,85.271,83.53,84.09,4110396
1550845800,84.5,85.88,83.99,85.74,3407893
1551105000,88.5,89.78,88.41,89.53,7556856
1551191400,88.92,89.71,88.52,88.83,3578983
1551277800,88.61,90.585,88.61,90.28,4268748
1551364200,90.21,90.42,88.48,89.14,3105405
1551450600,90.09,91.84,89.56,91.81,4802536
1551709800,92.99,92.99,89.22,90.9,5625545
1551796200,90.83,92.05,90.0601,90.22,8034190
1551882600,90.16,90.22,86.43,86.53,10444143
1551969000,86.5,87.4898,85.18,86.56,6693462
1552055400,85.26,86.81,85.05,86.46,5440858
1552311000,86.92,89.1,86.44,89.04,3369566
1552397400,89.06,90.75,88.89,89.97,4503287
1552483800,90.36,91.71,89.92,91.69,3317212
1552570200,91.52,92.1,90.43,90.57,3565291
1552656600,90.99,91.62,90.85,91.27,3493844
1552915800,91.45,92.91,90.74,91.56,5606565
1553002200,91.87,91.92,90.82,91.24,3218922
1553088600,91.18,91.6,89.42,90.33,6753078
1553175000,89.47,92.06,89.28,91.92,6216073
1553261400,91.3,91.58,87.78,87.86,5391677
1553520600,87.7,88.48,86.37,87.99,6190259
1553607000,88.91,89.79,88.63,89.72,3594836
1553693400,89.64,89.78,86.83,87.76,4817713
1553779800,87.86,88.97,87.66,88.89,3729582
1553866200,89.57,90.8,89.4,90.54,5220512
1554125400,91.44,91.75,90.19,90.43,4788209
1554211800,90.59,91.99,90.48,91.73,4695988
1554298200,92.43,92.98,91.73,92.68,4664921
1554384600,92.65,92.89,90.95,91.91,3632003
1554471000,92.23,93.87,92.2,93.8,5512928
1554730200,93.53,93.68,92.16,93.17,3534375
1554816600,92.67,93.16,91.25,91.45,3883436
1554903000,91.91,93,91.77,92.8,3226790
1554989400,93.06,93.14,90.66,90.85,5245747
1555075800,91.66,91.95,89.46,89.9,5593343
1555335000,90.01,90.41,88.04,89.1,3829568
1555421400,89.8,90,88.6,88.99,2751290
1555507800,89.4,89.47,84.17,84.83,13211404
1555594200,84.92,85.64,82.43,84.63,9949338
1555939800,84.2,85.39,83.69,84.52,6499965
1556026200,84.68,87.43,84.37,86.92,6694773
1556112600,87.11,87.25,85.32,85.86,4931643
1556199000,85.49,86.5,84.75,86.25,5109471
1556285400,86.18,87.34,85.66,87.24,3279827
1556544600,87.4,87.71,86.45,86.68,4066792
1556631000,86.55,86.86,84.16,85.2,6897108
1556717400,85.34,85.45,83.5,83.64,5444406
1556803800,83.43,84.75,82.8,84.58,4643487
1556890200,84.68,86.32,84.39,86.21,4601786
1557149400,84.2,87.87,84.02,87.66,5935074
1557235800,87,87.57,83.97,84.77,5891231
1557322200,84.1,85.58,83.35,84.49,4488670
1557408600,83.6,85.1202,82.2964,84.32,6381130
1557495000,83.61,84.31,82.19,83.92,5986985
1557754200,82.15,82.56,80.1731,80.41,7233403
1557840600,80.91,82.5,80.38,81.77,6825191
1557927000,80.97,82.6,80.83,82.46,4681009
1558013400,83.02,84.84,82.88,83.49,7874070
1558099800,82.83,83.89,82.22,82.56,5338723
1558359000,81.88,82.04,80.71,80.77,4388951
1558445400,81.34,83.38,81.17,83.27,4212905
1558531800,82.89,83.37,81.78,82.68,4334726
1558618200,81.73,82.08,80.72,81.85,5599442
1558704600,82.38,83.42,82.25,82.91,4199247
1559050200,83.26,83.77,82.03,82.03,4996629
1559136600,81.3,82.06,80.58,81.27,5351948
1559223000,81.73,82.02,80.37,80.83,3829592
1559309400,79.91,80.59,79.31,79.44,5181543
1559568600,79.79,81.32,79.73,80.36,4923007
1559655000,81.47,82.73,80.7,82.54,4815130
1559741400,82.96,83.18,81.9732,82.62,3710561
1559827800,82.6,82.92,80.99,81.36,3429768
1559914200,81.63,83.17,80.92,82.84,3959970
1560173400,83.65,83.87,82.02,82.09,3049425
1560259800,82.82,83.01,80.81,81.18,3867683
1560346200,81.1,81.94,80.65,81.72,2063748
1560432600,82.37,83.1,81.54,83.02,2427706
1560519000,83.11,83.11,81.45,81.49,3080529
1560778200,83.04,85.49,82.87,85.35,7742482
1560864600,86.32,87.46,85.9804,86.96,7604175
1560951000,86.93,87.37,86.49,86.99,3092461
1561037400,88.05,88.77,86.7,86.97,4497616
1561123800,86.51,87.26,85.35,87.26,3211570
1561383000,87.13,87.22,84.62,84.73,3888375
1561469400,85.46,85.88,84.205,84.41,4530484
1561555800,84.88,85.1,83.33,83.8,3687521
1561642200,83.98,86.12,83.98,85.95,4157248
1561728600,86.13,87.94,86.13,87.71,4825619
1561987800,89.28,89.3,87.78,88.25,3669015
1562074200,88.28,88.29,86.98,87.62,3271673
1562160600,88,88.91,87.45,88.89,1478832
1562333400,88.34,88.86,87,87.21,3979843
1562592600,86.92,86.92,84.97,85.76,4084182
1562679000,85.23,87.08,85,86.98,2718443
1562765400,87.57,88.07,85.77,87.14,6341799
1562851800,87.32,87.32,85.11,85.94,4442879
1562938200,86,86.33,85.06,85.82,3681963
1563197400,86.07,86.51,85.47,86.18,2240573
1563283800,86.3,86.3,85.18,85.46,2369841
1563370200,85.41,86.07,84.66,85.54,3434774
1563456600,85.32,86.92,85.3,86.79,3147724
1563543000,86.98,87.15,85.42,85.61,4497687
1563802200,85.58,86.49,85.36,85.9,2988864
1563888600,85.95,86.19,85,85.31,4081646
1563975000,85.17,86.13,84.33,86.08,3492469
1564061400,85.94,85.945,84.03,84.13,3993370
1564147800,84.34,85.725,84.34,85.65,2903451
1564407000,85.64,85.95,84.07,85.46,6812384
1564493400,85,86.79,84.62,86.75,3030852
1564579800,86.77,87.7,85.08,85.68,3955317
1564666200,86.02,87.6,85.32,85.91,4601302
1564752600,85.9,85.9,83.33,84.02,4278295
1565011800,82.38,82.58,80.45,81.29,5651289
1565098200,82.2,83.24,80.91,83.08,4534129
1565184600,82.2,83.8,81.51,83.33,3551367
1565271000,83.6,85.01,83.4,84.8,3453844
1565357400,84.4,85.05,83.13,84.03,3004102
1565616600,83.29,83.84,82.1,82.47,3665368
1565703000,82.19,84.63,82.11,83.61,3150779
1565789400,82.15,82.63,81.15,81.25,10764838
1565875800,81.6,81.72,80.17,80.33,4607216
1565962200,81.05,82.55,80.8,82.46,3482265
1566221400,83.45,83.74,82.65,83.39,3447973
1566307800,83.06,83.54,82.195,82.47,4792611
1566394200,83,83.59,82.61,83.26,2618990
1566480600,83.34,83.35,81.08,81.62,3593345
1566567000,81.3,82.44,79.05,79.44,6031605
1566826200,80.14,80.51,79.39,80.2,3984446
1566912600,80.74,81.231,78.305,78.92,5088353
1566999000,78.57,80.76,78.37,80.06,4141431
1567085400,80.93,81.38,80.19,81.11,2868842
1567171800,81.47,81.52,79.8,80.37,2328459
1567517400,79.88,80.85,78.27,78.66,4965456
1567603800,79.26,79.43,77.87,79.17,3804340
1567690200,79.93,80.86,79.13,80.34,4686592
1567776600,80.48,80.88,79.35,79.47,3127120
1568035800,80.3,80.32,78.767,79.32,3870541
1568122200,78.88,81.79,78.42,81.73,5507665
1568208600,81.7,83.56,81.59,83.38,5035205
1568295000,83.6,83.67,81.88,82.63,3463448
1568381400,82.74,83.57,82.21,82.42,3601467
1568640600,82.15,84.12,81.81,83.86,2791940
1568727000,83.53,83.94,82.51,83.57,2817000
1568813400,83.4,83.55,81.73,82.79,4415527
1568899800,82.78,83.72,82.4638,82.65,4187924
1568986200,82.73,83.34,81.9,82.71,3542166
1569245400,82.4,83.24,81.64,81.71,2853629
1569331800,81.9,82.08,79.13,79.78,8906185
1569418200,79.65,80.34,78.92,79.28,6892298
1569504600,79.29,79.4,76.835,77.04,7239433
1569591000,77.32,78.62,75.9,76.45,9179633
1569850200,76.5,77.13,75.62,76.25,7453993
1569936600,76.43,77.64,74.35,74.65,7478466
1570023000,74.28,75.74,72.9747,75.16,9053267
1570109400,75.35,76.82,74.32,76.66,6169656
1570195800,76.89,77.77,75.44,76.82,6050422
1570455000,76.59,77.52,76.39,76.63,4467793
1570541400,75.75,76.32,74.65,75.05,6411693
1570627800,75.61,75.9,74.55,74.72,3635061
1570714200,75.29,76.24,75.16,76.05,6139522
1570800600,76.7,77.81,76.67,77.12,6541210
1571059800,77.06,78.05,76.41,76.94,4111020
1571146200,77.32,79.075,77.17,78.86,5521422
1571232600,78.8,79.12,78.43,78.73,5177841
1571319000,79.06,79.86,78.92,79.61,5183330
1571405400,79.53,79.93,77.79,78.65,7183558
1571664600,79.48,80.35,78.58,80.09,4489949
1571751000,81.61,81.93,80.44,80.74,5448922
1571837400,80.66,81.55,80.29,80.43,3465077
1571923800,80.72,80.72,79.71,80.15,3374627
1572010200,79.94,81.67,79.78,81.35,3356118
1572269400,81.6,82.74,81.34,82.48,3536257
1572355800,82.8,82.8,81.96,82.22,2687762
1572442200,82.33,82.35,81.27,81.8,2715469
1572528600,81.49,81.96,80.68,81.63,2960650
1572615000,82.08,83.68,81.63,83.66,4754921
1572877800,84.39,84.55,83.05,83.14,3201568
1572964200,82.9,83.53,82.37,83.14,2470774
1573050600,83.01,83.09,81.51,81.72,4734620
1573137000,82.19,82.89,81.78,81.93,3449165
1573223400,81.54,84.14,81,83.96,5247200
1573482600,83.75,83.95,83.1,83.69,2571163
1573569000,83.8,84.565,83.32,83.97,2761215
1573655400,83.51,84.925,83.02,84.24,4087309
1573741800,84.04,84.38,83.1,83.67,2906750
1573828200,84.04,84.81,83.73,84.79,3675695
1574087400,84.79,85.21,84.13,85.03,3552525
1574173800,85.63,87.67,85.63,87.21,7527928
1574260200,86.77,88.025,86.142,87.49,6323252
1574346600,87.76,87.76,86.68,87.63,5574088
1574433000,87.96,88.31,86.98,88.14,4416828
1574692200,89.49,92.05,89.4,91.89,9155845
1574778600,92.28,92.51,91.43,92.03,6178640
1574865000,92.4,93.65,92.1,93.42,7736974
1575037800,93.4,93.98,93.08,93.65,3555728
1575297000,93.77,94.12,91.68,92.32,10413532
1575383400,92.3,93.87,91.95,93.68,6644304
1575469800,93.99,94.95,92.98,94.84,4748983
1575556200,94.46,94.52,92.79,93.28,6371155
1575642600,93.95,94.55,93.59,94.43,3399146
1575901800,95.92,96.43,94.47,94.53,7094945
1575988200,94.48,95.71,94.09,95.53,4309788
1576074600,95.49,96.15,94.08,94.27,8039294
1576161000,94.27,95.75,94.115,94.82,4753514
1576247400,95.3,96.61,94.75,95.36,4165390
1576506600,96.16,96.9,95.51,96.55,3456633
1576593000,96.95,97,95.92,96.49,4590437
1576679400,96.66,96.76,95.01,95.93,5585018
1576765800,96.12,96.5395,95.51,96.43,3132965
1576852200,96.6,96.75,95.9392,96.7,3692316
1577111400,96.83,97.82,96.02,97.71,4060461
1577197800,97.74,98.77,97.33,98.46,1153016
1577370600,98.79,98.79,97.48,97.61,2767366
1577457000,97.98,98.08,95.86,96.24,4973189
1577716200,96.05,96.46,94.2299,94.76,3369725
1577802600,94.56,95.53,94.07,95.11,3164706
1577975400,95.82,96.03,93.73,94.68,3594557
1578061800,93.21,94.18,92.7,93.36,5110641
1578321000,92.76,94.21,91.83,94.17,3365604
1578407400,94.49,94.73,92.98,94.32,3970044
1578493800,94.23,95.99,93.89,95.61,3093529
1578580200,96.28,96.72,95.42,95.82,6522828
1578666600,96.04,96.8,94.79,94.83,11781628
1578925800,94.15,94.56,92.08,92.92,10421396
1579012200,92.63,95.89,92.14,95.65,7719051
1579098600,95.69,97.27,95.54,96.35,6558123
1579185000,97.21,97.53,96.28,97.08,3768025
1579271400,97.64,97.64,95.835,96.27,5673159
1579617000,96.07,96.32,94.5001,94.71,6122878
1579703400,95.15,95.62,94.31,94.49,3554110
1579789800,94.08,94.22,92.35,93.26,6133659
1579876200,93.73,93.77,90.08,90.75,7624593
1580135400,89.13,90.84,88.57,90.11,3689662
1580221800,91.19,92.14,90.75,91.78,3850669
1580308200,91.86,92.25,91.49,91.57,2936709
1580394600,91,91.46,89.47,90.39,4160857
1580481000,90.28,90.28,88.05,89.12,5762896
1580740200,89.91,91.25,89.7,91.12,4089984
1580826600,92.55,94,92.39,93.72,5239614
1580913000,94.93,97.045,94.75,96.05,6868777
1580999400,96.6,96.665,95.27,96.15,3795782
1581085800,95.75,96.14,94.92,95.32,2958504
1581345000,95.46,96.91,95.03,96.88,2494674
1581431400,97.4,97.855,96.5,96.76,2399871
1581517800,97.2,98.03,96.69,98.01,4269695
1581604200,97.33,97.9,96.84,96.92,3666175
1581690600,97.12,97.54,95.99,97.09,2051837
1582036200,96.84,97.63,96.23,97.61,2754468
1582122600,97.88,98.76,97.665,98.35,2440764
1582209000,98,98.35,95.93,97.81,3690670
1582295400,97.68,97.825,96.56,97.26,4402606
1582554600,94.33,94.69,92.64,93.92,8813666
1582641000,94.46,94.68,90.5,91.07,7990129
1582727400,91.76,93.13,90.455,91.53,6474337
1582813800,90.05,91.65,87.5,87.57,10562870
1582900200,84.75,89.54,84.748,89.18,10765460
1583159400,90.01,92.81,88.28,92.7,8288245
1583245800,92.25,94.039,88.81,90.07,8460819
1583332200,92.5,94.44,91.02,94.3,10440031
1583418600,92.11,94.69,91.73,92.6,5802015
1583505000,90.35,91.82,88.44,90.1,9473463
1583760600,83.36,87.31,82.63,82.84,11665839
1583847000,85.65,85.72,79.82,85.1,9086547
1583933400,82.51,84.47,78.64,79.24,10928634
1584019800,73.13,75.74,70.61,70.78,20729303
1584106200,74.94,75.56,67.45,75.24,16599818
1584365400,68.09,71.51,65.19,65.95,13169664
1584451800,67.07,70.215,63.65,68.33,18449055
1584538200,64.41,69.57,62.94,66.32,16231900
1584624600,65.73,71.08,65.24,70.14,13377864
1584711000,71.46,73.6,68.97,69.12,12810217
1584970200,69.3,70.35,66.075,68.57,10676064
1585056600,72.19,74.44,70.9,74.23,5766044
1585143000,74.84,77.4,73.43,75.24,12100634
1585229400,76.23,79.26,75.7,78.23,9423137
1585315800,76.37,78.36,75.555,75.96,4772737
1585575000,77.05,78.11,75.22,78.03,4056257
1585661400,78.62,78.89,75.9601,77.44,5375702
1585747800,74.7,76.55,72.97,73.26,7690106
1585834200,72.69,76.08,72.38,75.93,8651327
1585920600,75.69,76.63,74,74.86,7802475
1586179800,78,80.5,77.79,80.4,7359503
1586266200,82.24,83.155,78.79,78.79,8867171
1586352600,80.22,81.96,79.19,81.89,6088650
1586439000,83,84.19,81.98,83.43,7880304
1586784600,83.34,83.59,81.87,83.3,7342538
1586871000,84.85,86.94,84.8,86.63,6761914
1586957400,84.51,85.8,83.78,84.49,5906311
1587043800,84.88,86.82,84.47,86.77,5719662
1587130200,89.81,91.6,89.06,91.55,8943047
1587389400,90.9,96.83,90.78,94.96,11300746
1587475800,93.7,94.67,90.89,92.07,6690139
1587562200,93.57,94.5,92.14,93.83,5418563
1587648600,94.85,96.63,93.43,93.78,5753179
1587735000,94.58,97.27,93.78,97.01,4685775
1587994200,98.87,99.4,97.3,98.31,5642824
1588080600,99.63,99.7868,95.01,95.27,7041797
1588167000,97.38,97.38,94.85,95.8,10012085
1588253400,94.83,95.71,93.36,93.39,6361936
1588339800,91.5,92.4,89.45,90.83,6057643
1588599000,90.64,95.49,90.5,95.43,8885856
1588685400,97.15,98.84,96.81,97.5,6932044
1588771800,97.8,99.49,97.22,97.99,4843008
1588858200,99.38,99.57,97.61,98.14,5837390
1588944600,99.13,100.277,98.04,99.57,6718233
1589203800,99.13,104.75,99,104.32,6847691
1589290200,105.67,107.06,102.06,102.07,9060127
1589376600,102.7,103.87,97.21,100.04,10773538
1589463000,98.63,100.06,97.18,99.12,7412166
1589549400,98.85,102.86,98.05,102.67,7314728
1589808600,106.62,107.29,105.07,105.66,8334276
1589895000,105.28,106.16,102.51,102.65,5407011
1589981400,104.16,105.62,103.24,105.62,4285725
1590067800,105.6,105.74,103.17,104.79,6872385
1590154200,104.65,106.18,103.93,106.05,4501593
1590499800,108.01,108.05,103.33,103.55,9348879
1590586200,103,103.67,98.87,103.58,8723635
1590672600,103.3,105.01,102.265,102.54,5720290
1590759000,102.63,103.8,100,103.56,10939893
1591018200,103.25,104.75,102.81,104.11,5973575
1591104600,103.88,105.72,102.37,105.55,5332302
1591191000,105.71,106.11,103.93,103.94,5343262
1591277400,103.58,104.93,101.57,102.08,7333400
1591363800,103.04,104.43,101.24,102.91,5778103
1591623000,103.47,104.99,102.27,104.81,4876681
1591709400,104.21,106.05,104.1,104.63,3990377
1591795800,105.25,106.08,104.11,104.76,5125007
1591882200,102.88,103.28,98.87,98.97,13420591
1591968600,101.15,101.99,97.15,100.23,9701063
1592227800,99.05,103.39,98.47,103.06,7261639
1592314200,105.27,105.45,102,104.65,9488150
1592400600,105.16,105.98,104.39,104.73,8146615
1592487000,104.16,106.54,104.07,105.85,3280699
1592573400,106.65,108.88,105.87,108.85,6571735
1592832600,109.34,112.18,107.7,112.03,12754687
1592919000,113.15,115.77,113.09,113.75,8875186
1593005400,113.07,115.27,109.85,111.42,7459730
1593091800,111.09,114.59,110.72,114.17,10177490
1593178200,113.75,114.15,109.91,110.42,8764216
1593437400,110.93,111.98,108.43,110.4,4978096
1593523800,110.03,112.21,109.32,111.95,7650695
1593610200,112.32,113.3565,111.12,112.47,6695894
1593696600,113.82,114.28,111.95,112.89,5050153
1594042200,114.53,114.53,112.78,112.92,3689359
1594128600,113.06,116.94,112.88,115.04,5239646
1594215000,115.85,116.91,114.62,116.77,4588153
1594301400,117.18,117.86,114.26,116.1,3510344
1594387800,116,116.93,114.4,114.92,3113115
1594647000,115.6,118.36,111.7,111.95,7351802
1594733400,112.16,114.83,109.79,114.8,6686207
1594819800,116.79,117.97,115.22,117.24,8256009
1594906200,116.53,116.76,114.56,116.3,5013385
1594992600,116.35,119.59,116.18,118.74,9420976
1595251800,119.96,120.965,118.26,120.36,5399637
1595338200,121,121.06,117.45,117.86,4847448
1595424600,117.69,118.03,116.28,117.29,4936977
1595511000,117.15,118.46,113.8,114.92,5053086
1595597400,113.75,113.9999,110.99,112.23,6956988
1595856600,112.93,115.42,112.44,115.14,4355236
1595943000,115.05,115.46,112.08,112.2,3047170
1596029400,112.75,113.26,110.07,110.38,6363072
1596115800,109.42,112.74,109.28,111.96,3750726
1596202200,112.35,112.4,107.69,109.33,5883497
1596461400,110,114.09,109.84,113.92,5695276
1596547800,113.6,114.06,111.91,113.57,3320480
1596634200,114.96,115.51,113.265,114.39,3761087
1596720600,114.69,115.48,112.93,113.81,2930737
1596807000,113.54,115.54,113.09,113.92,3643885
1597066200,114.65,114.65,112.94,113.91,2948345
1597152600,113.76,113.87,109.05,109.38,6042746
1597239000,109.71,110.22,108.19,109.73,5262288
1597325400,109.81,111.86,109.8,111.24,3046972
1597411800,111.42,111.62,109.6,110.2,2390612
1597671000,110.42,114.295,110.04,114.06,5189783
1597757400,114.38,114.59,111.71,113.06,3482288
1597843800,113.3,114.19,112.382,112.87,3664419
1597930200,112.19,113.06,111.8,112.85,4427733
1598016600,112.31,112.8718,110.5,111.46,3613649
1598275800,112.05,112.06,108.19,108.8,6701217
1598362200,108.56,110.58,107.03,110.11,4599422
1598448600,110,110.49,108.53,108.75,2921241
1598535000,108.89,109.15,106.77,107.87,4445831
1598621400,108.12,109.41,107.34,108.79,4078437
1598880600,110.12,112.35,109.65,111.81,5551116
1598967000,111.31,111.95,109.27,109.56,4829260
1599053400,109.79,110.78,108.05,110.63,3314358
1599139800,110.32,110.46,106.04,106.5,6603516
1599226200,106.18,106.85,100.64,105.29,8924353
1599571800,102.92,106.29,102.16,103.87,4916799
1599658200,104.57,106.73,104.56,106.17,3953102
1599744600,106.19,108.04,104.37,104.51,5426055
1599831000,105.01,106.44,103.2,104.44,5115898
1600090200,108.25,111.83,108.01,111.64,9279673
1600176600,112.75,113.76,112.15,112.69,6260275
1600263000,113.39,116.64,113.11,115.16,6758619
1600349400,113.69,115.81,113.29,114.98,3658348
1600435800,115.6,116.33,113.16,116.24,5984175
1600695000,114.56,114.57,110.94,112.03,7177309
1600781400,112.21,112.84,109.4,112.72,4779594
1600867800,112.72,113.05,108.97,109.15,6110458
1600954200,108.07,109.46,105.89,108.07,6436847
1601040600,108.04,111.02,107.72,110.81,4578895
1601299800,111.75,111.85,109.87,110.94,3085542
1601386200,110.77,112.34,110.1,111.69,2619933
1601472600,111.72,113.23,110.46,111.43,3153824
1601559000,111.96,112.94,111.1,112.83,3821908
1601645400,111.08,113.06,109.82,110.36,3798601
1601904600,111.91,116.02,111.91,115.81,4433211
1601991000,116.02,117.32,114.44,114.89,3270607
1602077400,116.05,119.1098,115.77,118.57,3759919
1602163800,119.95,119.95,118.17,119.15,2733769
1602250200,119.6,120.51,118.87,120.25,2551542
1602509400,121.31,121.41,119.8,120.55,1997410
1602595800,119.79,122.82,119.79,122.2,2131883
1602682200,122.45,122.78,119.75,119.94,2947453
1602768600,118.52,120.49,117.59,120.17,3480647
1602855000,120.73,122.32,120.16,120.62,5106922
1603114200,121.44,121.68,117.87,118.29,3700044
1603200600,119.06,119.21,116.22,116.72,4163939
1603287000,116.55,117.25,113.84,113.95,4274847
1603373400,114.3,117.32,114.3,117.04,4512433
1603459800,117.55,117.83,116.1,117.63,2831587
1603719000,116.34,117.865,114.22,116.05,3460730
1603805400,116.24,117.98,115.36,117.43,3019926
1603891800,115.43,115.59,113.45,114.2,4113759
1603978200,114.07,116.03,112.7,115.21,4365442
1604064600,114.29,115.22,111.54,112.77,5482542
1604327400,113.52,113.75,110.07,112.76,4524205
1604413800,113.46,116.8,112.92,115.82,7874792
1604500200,118.67,124.22,117.64,122.95,12303015
1604586600,123.97,126,121.04,122.84,6461935
1604673000,121.95,121.95,119.09,119.87,5012957
1604932200,124.07,124.48,119.99,120.37,5662529
1605018600,120.37,122.42,118.86,121.96,7954550
1605105000,122.92,123.66,121.56,123.66,3051729
1605191400,123.71,125.52,122.6,123.73,4938317
1605277800,124.42,125.67,124.03,125.04,3755983
1605537000,126.52,126.75,124.43,125.64,6735572
1605623400,125.38,126.74,123.48,126.74,3989769
1605709800,126.92,127.81,124.07,124.34,7321021
1605796200,124.83,125.88,124.25,125.07,3159688
1605882600,124.62,126.59,123.66,126.04,6206313
1606141800,127.34,127.3999,125.26,126.49,3775948
1606228200,126.95,127.68,125.64,126.06,2167999
1606314600,126.06,127.44,126.01,126.82,1934449
1606487400,127.73,131.54,127.48,131.46,2367347
1606746600,132.54,133.63,129.76,133.2,4532443
1606833000,134.88,136.04,132.74,132.94,6198548
1606919400,132.28,133.2,130.84,132.82,3763492
1607005800,133.13,134.43,132.5,133.72,5053875
1607092200,134.51,136.53,133.89,136.2,3602136
1607351400,137.59,139.76,136.71,137.47,4162032
1607437800,137.24,140.34,136.86,140.12,2086650
1607524200,141.02,142,135.28,137.28,5363652
1607610600,136.89,142.61,136.86,142.35,5252990
1607697000,141.87,143.99,140.535,142.27,2842282
1607956200,144.93,149.92,144.73,146.05,6209410
1608042600,148.1,148.22,143.52,146.32,3336481
1608129000,146.4,146.48,143.311,144.52,3572349
1608215400,145.01,146.8,144.2,146.65,2822353
1608301800,147.53,148.45,145.97,147.55,5224895
1608561000,145.58,150.28,145.2,149.85,6078651
1608647400,151.16,152.7,149.65,151.13,6022515
1608733800,152.09,152.09,148.26,151.14,4707064
1608820200,151.64,152.64,149.54,150.01,1881190
1609165800,151.1,151.56,146.37,146.46,4285262
1609252200,147,147.09,140.82,142.17,12806068
1609338600,142.71,145.64,142.71,144.08,5547384
1609425000,144.08,144.54,140.23,140.78,5538043
1609770600,141.64,142.52,138.91,140.95,7149336
1609857000,140.2,141.23,139.44,140.45,4499379
1609943400,139.84,145.25,139.45,143.32,6561480
1610029800,144.92,149.37,144.22,149.21,4321278
1610116200,149.15,152.12,146.51,149.54,4230720
1610375400,148.57,149.5,145.75,148.06,3264159
1610461800,148.69,150.28,147.66,149.35,3798111
1610548200,149.55,150.8399,148.3,148.57,2706808
1610634600,149.24,153.59,149.19,153.43,6157181
1610721000,153.03,155.83,150.62,151.73,4133614
1611066600,153.55,155.06,153.14,154.22,7030772
1611153000,155.1,156.67,153.72,154.13,4200431
1611239400,154.77,155.23,150.03,150.78,3795496
1611325800,149.96,153.3,148.81,152.56,5285915
1611585000,153.38,157.16,151.39,157.14,5189636
1611671400,158.2,158.85,153.705,154.38,5527361
1611757800,152.31,159.03,148.88,152.3,8656455
1611844200,153.39,155.7,150.6,151.64,5291356
1611930600,153.62,157.0426,150.27,152.88,5690797
1612189800,156.32,160.07,154.77,159.62,7303050
1612276200,161.73,163.5,158.15,163.24,8510996
1612362600,162.67,164.51,160.56,161.07,5313850
1612449000,161.99,163.88,160.59,162.77,2492427
1612535400,163.96,167.51,162.77,166.78,4879573
1612794600,168.6,174.06,167.31,173.99,5060244
1612881000,174.2,174.79,171.3273,171.86,3633140
1612967400,173.15,174.49,165.52,168.01,4936122
1613053800,169.61,169.61,164.04,165.83,4501077
1613140200,165.3,166.38,163.19,164.32,4419152
1613485800,165.43,165.4885,159.41,160.16,6552335
1613572200,159.4,161.03,156.5,160.72,6924293
1613658600,158.8,159.15,155.31,156.54,6694100
1613745000,157.75,161.5,157.42,159.07,5576963
1614004200,158.87,159.35,153.98,154.29,5990705
1614090600,151.55,152.97,144.59,150.83,12531947
1614177000,150.75,154.76,149.8287,153.1,6813560
1614263400,152.99,154.8,146.18,146.88,7834159
1614349800,147.69,150.44,143.51,148,6634937
1614609000,150.17,152.28,149.82,151.6,3969322
1614695400,151.27,151.36,146.51,146.85,3777561
1614781800,145.7,146.8299,139.85,139.94,9596965
1614868200,139.68,141.47,133.07,135.43,15444673
1614954600,137.31,138.85,128.44,138.77,13041343
1615213800,139.8,141.67,134.31,134.93,8519466
1615300200,137.22,142.88,137.18,141.2,8820258
1615386600,143.81,146.24,140.66,141.48,6405239
1615473000,144.49,147.22,143.81,146.95,7855840
1615559400,145.91,146.69,143.53,146.51,4345058
1615815000,146.89,148.52,145.58,148.22,3339270
1615901400,148.76,149.235,143.23,145.89,5395472
1615987800,143.76,148.51,142.45,147.53,6603440
1616074200,145.28,146.71,140.18,140.49,7480920
1616160600,141.06,145.205,141,145.07,10790499
1616419800,145.7,148.39,145.05,147.12,6175099
1616506200,145.79,145.98,137.71,138.54,9517221
1616592600,140.13,140.13,131.23,131.42,11067514
1616679000,129.57,135.4,128.675,135.21,12227628
1616765400,135.38,135.85,129.63,133.06,10116349
1617024600,132.63,133.07,128.96,129.36,7739351
1617111000,128.5,131.83,126.26,130.11,7355287
1617197400,131.55,136.51,131.18,135.65,10260167
1617283800,137.36,139.81,135.96,137.03,6998245
1617629400,138.9,139.36,136.91,138.63,5051458
1617715800,138.42,139.1,134.66,135,4215500
1617802200,135.26,135.42,131.47,131.75,4229009
1617888600,132.84,134.51,131.7,132.57,6434856
1617975000,132.93,132.93,129.19,129.63,7845652
1618234200,129.93,129.96,126.09,127.05,8414964
1618320600,127.96,129.02,126.1,128.91,6589917
1618407000,129.68,134.5499,129.21,132.32,7195397
1618493400,133.72,135.42,133.09,133.48,7921642
1618579800,134.55,134.56,130.02,131.55,7098844
1618839000,130.43,132.14,127.61,128.72,5700117
1618925400,128.5,130.1399,125.9,128.29,7161845
1619011800,128.19,132.91,127.06,132.77,5653695
1619098200,132.43,137.0675,130.81,134.54,12501875
1619184600,134.82,135.9,133.81,134.3,5158676
1619443800,134.3,139.46,134.21,138.96,9385044
1619530200,139.93,140.76,138.21,139.35,7631217
1619616600,138.75,140.88,137.26,139.69,6214024
1619703000,140.72,140.76,136.45,138.06,6163819
1619789400,136.8,139.28,136.22,136.62,5558999
1620048600,137.93,138.2,134.85,134.99,4938918
1620135000,134.21,134.24,129.15,129.81,10384120
1620221400,130.77,131.03,126.75,127.62,5414411
1620307800,126.94,127.05,122.885,125.69,14733939
1620394200,127.13,129.16,126.62,127.74,7463668
1620653400,127.32,127.34,122.9,123.09,7508287
1620739800,119.07,126.489,118.23,125.1,10469431
1620826200,123.54,127.465,123.03,124.12,9739530
1620912600,125.37,126.11,119.98,122.48,9109563
1620999000,123.4,128.88,122.84,126.92,8261872
1621258200,126.45,127.89,125.23,126.63,7835790
1621344600,127.27,130.32,126.435,127.18,6302550
1621431000,125,126.62,123.83,124.95,6247332
1621517400,125.77,128.48,124.64,127.57,4918612
1621603800,128.75,129.05,126.63,126.67,5244431
1621863000,127.54,127.98,125.09,125.84,4975130
1621949400,126.26,127.09,124.175,124.26,5403390
1622035800,124.64,127.1,124.38,126.96,4465203
1622122200,127.74,128.69,126.32,128.59,4102688
1622208600,128.98,131.3,127.7,128.1,6459787
1622554200,128.72,128.72,125.96,126.45,5178997
1622640600,127.22,127.95,125.49,127.24,5226134
1622727000,126.75,127.48,125.08,126.76,4885971
1622813400,127.11,128.16,126.42,126.76,4303780
1623072600,127.26,133.96,126.88,132.61,15591021
1623159000,133.68,134.72,129.82,133.46,7540643
1623245400,134,136.21,133.68,134.71,7129871
1623331800,134.55,136.4328,133.35,136.09,5077376
1623418200,136.36,136.45,134.34,135.83,4138962
1623677400,136.1,137.72,135.89,136.68,3745028
1623763800,136.78,136.78,132.6,133.43,4379528
1623850200,133.09,134.48,130.46,133.59,7164262
1623936600,133.02,135.34,132.34,134.38,4056421
1624023000,132.92,134.13,131.74,133.58,5837136
1624282200,133.9261,135.28,132.19,134.79,5111822
1624368600,134.63,134.89,131.89,133.68,4484981
1624455000,133.28,135.06,132.58,134.31,4142420
1624541400,135.21,137.43,135.12,137.29,5967938
1624627800,137.69,138.775,136.51,138.68,8477643
1624887000,140.68,141.5,137.52,137.85,6027312
1624973400,137.91,138.46,135.55,135.74,5204072
1625059800,135.47,137.24,133.5,135.4,5367686
1625146200,135.94,138.5,135,138.49,5590163
1625232600,138.44,138.6,135.7401,136.53,3533582
1625578200,136.64,137.17,133.34,133.59,6243833
1625664600,133.8,134.295,129.72,131.35,6551818
1625751000,128.46,132.6,128.24,131.91,6172574
1625837400,132.53,134.03,131.19,133.8,3781823
1626096600,133.9,134.64,131.65,131.83,3210292
1626183000,131.33,131.74,129.45,129.63,5558623
1626269400,130.07,130.17,125.82,125.95,8016191
1626355800,125.79,126.73,123.67,125.94,5935745
1626442200,126.5,127.8,124.98,125.94,4536382
1626701400,124.35,127.919,123.9401,126.14,4617957
1626787800,126.15,129.0799,125.54,129.06,4268581
1626874200,129.06,130.5,127.34,130.25,3950956
1626960600,129.53,130.24,127.74,127.97,4268579
1627047000,128.15,128.57,125.47,126.51,4194926
1627306200,126.37,127.465,124.15,124.22,5054289
1627392600,124,124.49,120.62,122.98,8602685
1627479000,123.3,127.84,123.3,127.28,6516578
1627565400,127.9,128.57,125.04,125.17,4917048
1627651800,124.21,125.8,123.06,123.41,4390579
1627911000,124.23,125.39,123.67,123.93,4167796
1627997400,124.56,124.82,122.4,124.82,3767890
1628083800,124.2,127.31,124.155,124.8,5945631
1628170200,125,129.66,124.39,129.54,5619159
1628256600,129.13,129.13,126.38,127.29,4674135
1628515800,127.1,128.93,126.54,127.53,4894392
1628602200,128.36,128.7,125.7,126.48,4159380
1628688600,126.35,126.63,124.29,125.66,4663896
1628775000,125.47,127.26,125.01,126.79,4012018
1628861400,126.91,127.42,124.58,124.62,3932807
1629120600,124.22,124.38,121.45,121.79,5181228
1629207000,120.83,123.82,119.83,123.7,5030315
1629293400,123.73,124.42,121.58,121.61,3637864
1629379800,120.58,121.54,118.49,118.69,5558576
1629466200,119.14,122.88,118.5,122.13,5939028
1629725400,123.87,127.85,123.65,127.74,8385727
1629811800,127.84,127.87,125.85,127.75,4274467
1629898200,127.36,129.89,126.45,129.16,5395697
1629984600,128.9,131.05,128,128.58,5666065
1630071000,129.03,132.99,128.47,132.03,6466570
1630330200,132.65,133.6,131.09,131.63,4893658
1630416600,131.5,133.59,131.5,132.84,3680134
1630503000,133.12,135.28,132.77,135.08,3888054
1630589400,135.33,136.61,134.91,136.53,3160517
1630675800,136,136,133.205,134.19,5092345
1631021400,134.24,135.82,132.54,133.47,4519928
1631107800,133.68,133.86,131,132.31,4325840
1631194200,131.88,134.75,131.56,132.82,5367775
1631280600,133.29,133.43,131.09,131.72,3750043
1631539800,132.01,133.27,129.21,131.08,4970237
1631626200,131.45,132.2899,128.77,128.99,3720777
1631712600,129.22,131.2,128.73,130.43,3543380
1631799000,130.43,131.19,128.7,131,2794704
1631885400,131.11,133.39,129.56,132.88,6551124
1632144600,130.35,131.74,127.13,128.76,7072722
1632231000,129.02,131.5,129,130.25,4340667
1632317400,130.89,131.84,129.46,130.62,2688539
1632403800,130.98,133.19,130.48,133.07,3149148
1632490200,131.93,132.5,130.16,130.37,4252873
1632749400,130.38,132.75,129.61,131.91,4715463
1632835800,130.71,130.89,127.65,127.74,4959426
1632922200,128.5,129.04,125.3,125.63,4540279
1633008600,126.18,127.44,125.65,125.71,4949367
1633095000,126.16,126.58,122.5,126.17,8160578
1633354200,125.21,125.44,122.8,123.22,4099253
1633440600,123.85,125.31,122.72,123.6,3987724
1633527000,122.56,123.62,121.76,122.29,4261133
1633613400,122.89,125.24,122.32,123.91,4035084
1633699800,124.59,125.07,122.765,123.44,2860178
1633959000,123.21,125.51,122.89,124.07,3349347
1634045400,124.34,125.73,124.28,124.61,3440619
1634131800,125,125.95,123.99,125.01,3204228
1634218200,126.36,128.06,125.83,127.1,4005460
1634304600,128.25,128.28,124.9,125.08,4530575
1634563800,124.12,124.49,122.24,122.47,6325309
1634650200,123.2,125.03,122.88,123.68,4899515
1634736600,123.86,125.01,122.96,123.26,2900587
1634823000,123.23,124.91,123.23,123.84,2678049
1634909400,123.67,124.26,121.96,124.18,6441712
1635168600,124.08,125.0679,123.2714,124.39,4376406
1635255000,125.14,126.25,123.88,124.01,4662202
1635341400,123.72,124.33,122.06,122.22,5205903
1635427800,122.63,126.23,122.22,126.17,8976783
1635514200,125.72,126.81,124.56,124.81,5094840
1635773400,125.19,129.65,124.962,129.59,7144504
1635859800,129.62,131.42,127.71,131.26,6563068
1635946200,131.06,134.43,130.21,134.15,7042881
1636032600,133.62,134.79,131.91,133.21,6299706
1636119000,132.24,133.33,129.8,131.32,8646754
1636381800,131.63,132.47,130.03,130.51,4292508
1636468200,130.12,130.4,128.01,128.63,6167462
1636554600,127.95,130.17,125.8,126.19,7136160
1636641000,126.6,127.62,125.89,126.31,3792855
1636727400,126.9,127.16,125.25,126.54,4247396
1636986600,126.94,127.14,123.57,123.89,6208456
1637073000,123.83,124.79,122.74,124.51,5473443
1637159400,124.33,124.75,122.78,122.93,5894375
1637245800,124.32,124.71,121.85,122.22,9027240
1637332200,122.03,123.21,121.39,121.92,6298024
1637591400,122.66,122.66,119.11,119.28,7001897
1637677800,119.06,119.6,115.4,119.38,12928789
1637764200,118.5,120.5,117.28,120.05,5775749
1637937000,119.3,120.53,115.01,116.78,7779418
1638196200,118.85,119.45,114.84,115.05,7826138
1638282600,114.42,116.67,112.605,116.27,12705690
1638369000,117.01,118.26,112.02,112.13,9976621
1638455400,112,114.95,111.15,114.57,8127417
1638541800,115.2,115.2,108.71,109.53,14164115
1638801000,109.19,110.52,106.92,109.58,10917469
1638887400,111.7,116.89,111.7,115.04,12772898
1638973800,115.5,117.14,113.73,116.69,9950112
1639060200,116.06,116.77,111.55,111.78,8398739
1639146600,112.44,113.32,109.51,109.91,7918025
1639405800,110.5,112.35,108.41,110.8,9148862
1639492200,109.27,110.63,107.58,108.77,11527634
1639578600,109.08,113.66,106.875,113.39,16049425
1639665000,114.21,114.48,109.47,110.34,16622787
1639751400,109.4,116.56,109.04,115.61,17298402
1640010600,114.52,117.11,112.15,115.79,17397381
1640097000,116.06,116.65,114.39,116.58,10794515
1640183400,115.44,117.16,113.94,116.52,11493144
1640269800,116.43,119.21,115.64,118.22,10137471
1640615400,117.38,117.57,114.95,115.17,7127473
1640701800,114.89,117.51,113.03,113.21,7312736
1640788200,112.81,113.52,111.605,112.74,8392540
1640874600,112.54,115.7799,112.15,113.24,10186623
1640961000,113.36,114.93,111.785,111.96,7066375
1641220200,112.6,115.56,110.35,115.44,8180609
1641306600,115.13,115.64,110.24,111.36,12518096
1641393000,111.15,112.2899,105.08,105.23,17299126
1641479400,105.46,107.1775,102.46,105.2,11808515
1641565800,105.18,107.4,102.7799,102.99,11708383
1641825000,102.03,103.2,100.05,103.14,19260530
1641911400,102.89,105.05,101.64,103.89,11792493
1641997800,104.39,104.7,100.47,100.6,11990247
1642084200,100.69,101.7,97.74,98.1,14518818
1642170600,96.91,100.69,95.77,100.49,18307257
1642516200,98.8,98.97,94.21,94.52,19942718
1642602600,95.03,96.98,93.37,93.5,16458381
1642689000,94.67,96.93,91.66,91.97,15863780
1642775400,91.19,93.26,89.87,90.03,21247040
1643034600,88,92.6,85.31,92.11,24135270
1643121000,90.7,93.11,88.89,91.38,18764544
1643207400,92.82,95.62,89.17,89.59,19190552
1643293800,90.89,91.67,85.4,85.51,15297184
1643380200,85.56,88.74,83.89,88.58,15047345
1643639400,88.84,93.61,88.68,93.43,12783576
1643725800,94.02,95.6,91.88,94.94,13146833
1643812200,94.91,94.99,91.37,91.85,11750282
1643898600,90.25,92.0896,89.17,89.44,13122235
1643985000,89.12,91.6484,88.43,90.79,11088076
1644244200,90.83,94.18,90.83,93.25,14329259
1644330600,92.98,93.44,90.865,92.94,11722275
1644417000,94.08,97.45,93.81,97.26,16571561
1644503400,94.89,99.16,93.11,94.36,21112994
1644589800,94.8,96.83,92.36,93.35,18381941
1644849000,93.35,94.09,91.46,91.81,12490902
1644935400,93.32,95.965,93.2,95.64,11226498
1645021800,94.63,95.31,93.02,94.65,12218934
1645108200,93.58,94.04,90.21,90.61,12282966
1645194600,90.14,91.67,88.62,89.39,11517777
1645540200,88.22,90.68,87.96,88.68,12711997
1645626600,88.86,89.3,85,85.1,13611611
1645713000,81.71,89.17,81.71,89,21651188
1645799400,89.06,89.8,86.97,89.8,13228356
1646058600,88.81,91.34,88.4,89.83,14049001
1646145000,89.76,91.36,88.35,89.09,13447193
1646231400,89.21,90.17,88.06,89.32,8616139
1646317800,89.72,89.97,85.78,86.65,13351363
1646404200,85.64,87.17,83.58,83.9,14857408
1646663400,83.86,85.49,83.4209,83.76,13242304
1646749800,83.5,87.05,81.935,84.32,14786757
1646836200,86,88.94,85.76,88.44,12568503
1646922600,87.31,88.1,86.22,87.98,9797173
1647009000,88.48,89.03,84.48,84.61,10773892
1647264600,84.67,85.29,80.34,81.07,17167229
1647351000,81.37,82.41,80.52,82.26,11277219
1647437400,83.58,86.29,82.37,86.19,11811380
1647523800,85.73,89.71,85.11,89.56,11201158
1647610200,89.32,92.78,89.06,92.16,14491303
1647869400,91.69,91.85,88.46,89.02,12897081
1647955800,89.2,92.48,88.87,92.21,10096620
1648042200,91.36,93.09,89.86,89.86,10564206
1648128600,90.51,91.935,89.01,91.77,9739080
1648215000,91.77,91.82,89.35,89.62,8678186
1648474200,89.53,91.23,87.78,89.71,10342822
1648560600,90.95,93.91,90.76,93.55,13391151
1648647000,93.4,94.56,90.34,90.68,12124075
1648733400,91.06,92.04,89.87,89.88,8287442
1648819800,90.38,93.46,90.2,93.26,10971000
1649079000,93.64,96.29,93.34,96.09,12653615
1649165400,96.06,97.19,92.95,93.25,15294576
1649251800,91.93,94.36,91.28,93.33,13644012
1649338200,93.02,94.19,91.02,92.43,10320289
1649424600,91.77,92.63,90.07,90.34,13225554
1649683800,89.14,89.68,86.96,87.32,12835157
1649770200,88.2,89.91,86.23,87.15,13785056
1649856600,87.47,90.92,87.39,90.41,17147310
1649943000,89.85,90.15,87.58,87.77,10950743
1650288600,87.37,87.46,83.25,83.59,17419887
1650375000,83.65,85.86,82.82,84.6,11875953
1650461400,84.95,85.62,83.09,84.79,9212945
1650547800,85.44,86.22,80.94,81.16,15371139
1650634200,80.75,82.04,79.66,79.84,13859262
1650893400,79.33,81.8,79.16,81.57,13657678
1650979800,80.67,81.47,76.57,76.69,19188077
1651066200,76.76,78.095,75.63,75.92,21570286
1651152600,77.06,77.25,72.58,76.19,20320850
1651239000,75.74,77.92,73.64,73.83,13947711
1651498200,73.54,76.95,73.48,76.78,15625942
1651584600,76.78,78.12,75.79,76.85,10767932
1651671000,77,78.95,73.51,78.58,19159307
1651757400,77.66,77.92,72.505,73.85,18579180
1651843800,72.91,73.14,69.63,70.13,22560492
1652103000,68.98,69.61,64.06,64.37,27086275
1652189400,67.55,69.19,65.1,67.7,28347863
1652275800,66.79,68,62.52,62.81,28143184
1652362200,62.06,66.1,61.78,64.91,25991005
1652448600,66.47,69.47,65.99,68.6,18755284
1652707800,68.27,70.51,67.35,68.46,14149924
1652794200,70,71.51,69.21,71.46,14807444
1652880600,69.56,70.41,67.22,67.87,15242491
1652967000,67.8,70.08,67.44,69.4,14974730
1653053400,70.35,70.89,66.96,70.33,13521935
1653312600,71.24,71.5742,69.63,70.14,11879696
1653399000,69.13,69.47,66.94,67.4,12688273
1653485400,67.25,68.46,66.072,67.73,12392756
1653571800,67.9,69.41,67.47,68.47,12254833
1653658200,68.18,71.11,67.105,71.09,15010867
1654003800,70.79,71.3799,67.76,68.78,10648255
1654090200,69.24,70.16,66.34,67.53,12979172
1654176600,67.3,69.06,66.41,68.77,9380417
1654263000,69.38,71.53,69.02,71.21,15058123
1654522200,72.18,72.76,68.715,69.18,12268640
1654608600,68.52,72.69,68.45,72.6,10797205
1654695000,72.02,74.67,72.02,73.21,11029260
1654781400,72.83,73.06,70.23,70.26,10305917
1654867800,69.02,69.24,66.55,67.03,12884558
1655127000,64.97,65.47,62.63,63.32,16753043
1655213400,63.78,64.12,62.13,63.42,13769359
1655299800,64.04,66.36,63.49,65.68,14007825
1655386200,63.63,64.26,62.16,63.97,10351454
1655472600,64.44,68.92,64.41,67.61,26512808
1655818200,68.66,71.765,68.66,70.03,16491235
1655904600,68.96,73.07,68.65,71.79,15564646
1655991000,72.21,76.34,71.97,76.23,16820566
1656077400,77.22,77.65,74.285,77.06,18564202
1656336600,77.02,77.66,75.2115,76.8,13735092
1656423000,76.87,77.28,73.42,74.06,13466934
1656509400,73.96,75.35,72.78,74.8,9562149
1656595800,73.58,75.26,72.545,74.27,11339089
1656682200,74.37,76.7,73.7,76.54,13420333
1657027800,75.71,81.04,75.19,80.99,15288184
1657114200,81.01,83.17,80.22,81.01,17502130
1657200600,81.35,84.3001,80.85,83.46,13858573
1657287000,82.6,84.63,82.09,84.43,12031887
1657546200,83.7,84.2501,80.49,80.69,9835902
1657632600,80.71,82.47,78.09,81.87,15157602
1657719000,79.96,84.04,79.68,83.24,13154052
1657805400,82.33,82.92,80.63,81.32,11131024
1657891800,82.37,82.6143,79.7358,82.37,9674526
1658151000,83.31,84.62,79.29,79.74,11163263
1658237400,81.02,83.46,80.0597,83.34,12016944
1658323800,83.45,86.41,82.96,84.52,14969106
1658410200,84.43,85.15,83.34,84.2,7802879
1658496600,84.67,84.9,80.55,80.68,10633344
1658755800,80.8,81.225,79.4101,80.94,8097495
1658842200,80.99,83,79.65,81.3,9194158
1658928600,81.89,83.68,80.73,83.4,10237753
1659015000,83.5,83.93,80.41,82.5,11298436
1659101400,82.12,82.3,80,81.13,9467740
1659360600,80.34,81.83,78.99,79.47,11546119
1659447000,78.92,81.88,78.72,80.98,9963534
1659533400,82.99,85.4971,82.8,84.06,14260730
1659619800,86.12,88.87,85.5,88.71,15934530
1659706200,87.295,92.31,86.13,92.3,19812453
1659965400,93.36,95.1,91.92,93.89,19246571
1660051800,92.05,93.3,89.14,90.75,14747823
1660138200,92.79,93.87,91.4,93.75,8989638
1660224600,93.79,95.175,90.14,90.78,12314822
1660311000,91.62,94.11,91.35,93.78,9744041
1660570200,93,95.14,92.62,94.9,7253198
1660656600,94.56,94.72,91.75,92.39,9355241
1660743000,90.9,92.04,89.1,89.57,10681085
1660829400,89.49,89.67,87.31,88.87,8030646
1660915800,87.69,88.6,86.74,87.27,7734557
1661175000,86.325,87.79,85.23,85.93,9359589
1661261400,86.46,88.54,85.45,87.78,9315766
1661347800,87.85,90.33,86.91,89.63,8727456
1661434200,90.5,91.05,88.41,89.37,6417586
1661520600,89.35,89.36,84.71,85.04,12074672
1661779800,83.73,85.85,83.48,83.96,13047241
1661866200,84.77,85.17,81.97,83.1,10608231
1661952600,84.05,84.85,83.17,83.7,9687611
1662039000,83.05,85.65,82.07,85.52,11499699
1662125400,86.77,86.77,83.25,83.73,11508759
1662471000,83.88,84.15,81.16,81.34,11303806
1662557400,81.24,84.96,81.09,84.79,11022145
1662643800,84.06,87.49,84.06,87.42,13108582
1662730200,87.86,88.83,87.2,88.01,9010600
1662989400,88.19,88.76,86.93,88.68,9544372
1663075800,86.16,86.86,83.64,84.14,14698715
1663162200,84.16,85.48,83.13,85.09,8738851
1663248600,84.68,86.98,84.39,86.2,9008152
1663335000,84.9,85.17,82.29,83.27,15649815
1663594200,82.38,82.81,80.35,82.23,15561766
1663680600,81.4,82.82,80.95,81.99,8090484
1663767000,82.43,82.79,79.01,79.13,12765062
1663853400,78.42,78.8,76.94,78.09,11197407
1663939800,77.25,77.52,75.06,76.65,11898937
1664199000,76.29,78.425,74.97,75.06,11763245
1664285400,76.44,78.01,76,77.22,14256105
1664371800,79.05,81.75,78.9,81.2,19367664
1664458200,80.32,80.62,77.54,78.86,10323968
1664544600,78.8,82.1521,78.65,79.32,13485512
1664803800,80.74,81.49,78.77,79.98,10681615
1664890200,81.47,83.06,81.31,83,11933075
1664976600,81.94,83.24,80.3,82.67,8983379
1665063000,82.19,83.51,81.66,82.67,8021722
1665149400,81.67,81.79,78.95,79.1,9281520
1665408600,78.95,79.06,77.08,77.65,10523284
1665495000,77.44,80.21,76.26,78.27,11871241
1665581400,78.5,79.1,76.83,78.7,7620235
1665667800,76.61,80.39,76.33,80.07,12423640
1665754200,81.05,81.96,77.72,77.82,9681444
1666013400,79.44,81.1,78.68,80.7,9481759
1666099800,82.53,82.96,80.35,81.08,11298521
1666186200,80.15,80.5,76.54,77.11,13573259
1666272600,77.05,78.96,76.41,76.72,9272291
1666359000,77.23,78.99,76.07,78.84,9275365
1666618200,79.23,79.48,76.66,78.48,7864226
1666704600,78.78,81.33,78.77,80.58,10364970
1666791000,80.87,84.24,80.6,81.92,12481956
1666877400,82.84,83.32,80.58,80.91,8451878
1666963800,81.34,83.92,80.47,83.76,10388577
1667223000,83.36,83.88,81.85,82.15,10764697
1667309400,83.001,84.16,82.465,82.82,9908484
1667395800,82.76,85.075,81.11,81.18,12942776
1667482200,80.14,82.33,79.46,80.63,10138659
1667568600,81.75,82,78.04,79.96,13883826
1667831400,80.09,80.61,78.8,79.12,9308096
1667917800,79.74,81.265,78.88,79.86,10745530
1668004200,79.35,79.71,77.115,77.2,11783555
1668090600,80.77,83.52,80.08,83.12,21049043
1668177000,83.049,85.665,82.49,84.76,14700308
1668436200,84.52,86.04,83.86,84.07,11365900
1668522600,85.92,86.5,82.77,83.85,13946756
1668609000,83.66,84.14,81.33,81.49,10411704
1668695400,80.37,81.185,79.42,80.54,10608451
1668781800,81.73,82.05,80.43,81.01,7246383
1669041000,80.73,80.9995,79.535,79.87,5159767
1669127400,80.52,81.1,78.66,80.97,7885455
1669213800,81,82.12,80.38,81,7289457
1669386600,80.99,81.38,80.03,81.06,2701186
1669645800,80.72,81.85,79.27,79.65,7277130
1669732200,79.85,80.81,79.36,79.98,6806724
1669818600,81.01,83.78,80.31,83.62,12840825
1669905000,83.54,84.07,82.35,83.09,9124782
1669991400,82,85.835,81.92,85.66,10969073
1670250600,85.39,85.5,81.99,82.88,9022587
1670337000,82.08,82.38,80.18,80.59,9204477
1670423400,81.05,81.78,80.39,81.09,7224444
1670509800,81.77,82.31,80.19,81.58,6416665
1670596200,81.13,81.36,79.525,79.53,7940777
1670855400,79.36,81.655,78.85,81.53,7911793
1670941800,83.62,84,81.23,82.82,9379423
1671028200,82.78,84.18,81.96,83.09,9443938
1671114600,82.03,82.55,80.43,80.69,7663911
1671201000,80.13,81.3,79.32,80.96,9165048
1671460200,82.03,82.25,78.81,79.3,9267218
1671546600,78.92,81.13,78.7601,80.78,6843599
1671633000,81.23,83.4,80.4,82.58,10908253
1671719400,81.82,82.86,80.79,82.82,6886341
1671805800,82.7,83.02,80.28,80.88,6954724
1672151400,80.64,80.98,78.45,78.54,8818804
1672237800,78.61,79.86,78.11,78.83,10239865
1672324200,79.38,83.21,78.97,82.27,12613882
1672410600,81.56,83.13,80.88,83,10351540
1672756200,83.93,84.09,81.015,81.53,9332341
1672842600,82.18,83.58,81.845,83.24,9338010
1672929000,82.85,83,81.76,82.52,6577460
1673015400,82.76,83.99,81.15,83.16,9968022
1673274600,83.72,83.81,81.1105,81.27,12849232
1673361000,81.15,83.58,81.1,83.58,8036898
1673447400,84.06,84.53,82.23,84.38,8987742
1673533800,84.72,87.97,83.34,87.92,13978935
1673620200,87.01,89.63,86.3437,87.88,18809413
1673965800,87.79,87.93,86.29,86.86,12748056
1674052200,87.48,88.9,85.69,85.78,14982702
1674138600,85.47,85.83,84.16,84.89,8904032
1674225000,85.77,87.15,84.99,86.99,9741860
1674484200,87.02,87.95,86.19,87.16,9306233
1674570600,87.14,89.3,86.26,88.82,10480160
1674657000,88.05,88.91,86.98,88.9,7401596
1674743400,89.6,90,87.68,88.59,6976021
1674829800,88.56,90.01,88.39,89.39,7826496
1675089000,88.71,89,86.535,87.1,7238969
1675175400,87.4,89.11,87.4,88.9,6684747
1675261800,88.92,90.67,87.62,89.74,10961488
1675348200,90.53,92.6,89.96,91.97,13400068
1675434600,90.68,91.98,89.94,90.39,7437077
1675693800,89.79,90.78,89.03,89.7,6568428
1675780200,89.68,90.49,88.16,90.32,7517605
1675866600,90.12,90.17,87.095,87.19,9722323
1675953000,87.86,88.41,85.77,86.09,8771193
1676039400,85.63,86.18,84.64,85.62,7801723
1676298600,85.38,86.34,84.23,85.56,6890927
1676385000,85.2,86.79,84.44,85.88,8631752
1676471400,85.27,86.12,84.77,86.06,5765812
1676557800,85.51,86.055,84.53,84.77,10302390
1676644200,84.78,87.02,84.22,86.8,8704278
1676989800,85.83,86.09,82.75,82.77,9187974
1677076200,82.89,83.97,82.72,83.63,6949730
1677162600,84.16,84.33,82.28,83.47,8283109
1677249000,82.41,82.61,81.375,81.47,8666487
1677508200,82.6,83.09,81.86,82.13,8233561
1677594600,82.01,83.31,81.92,82.85,7071497
1677681000,82.82,83.75,82.47,83.1,7193663
1677767400,82.28,82.83,81.75,82.42,6503116
1677853800,82.7,84.29,82.07,83.59,6070781
1678113000,84.01,84.07,81.57,82.17,7358586
1678199400,82.1,83.19,81.71,82.07,6256689
1678285800,81.94,82.07,80.61,81.23,7125531
1678372200,81.54,81.79,78.165,78.73,11851620
1678458600,78.43,78.585,73.87,75.66,24423533
1678714200,74.99,78.71,74.99,77.86,20813593
1678800600,79.36,79.93,77.9,79.03,9655238
1678887000,77.86,78.7,77.04,78.05,9601257
1678973400,77.61,78.98,76.02,78.23,9460156
1679059800,77.16,77.54,75.74,76.5,11341710
1679319000,76.9,77.1,75.7,76.78,7987851
1679405400,77.32,77.39,75.84,76.02,7662131
1679491800,76.03,76.12,73.06,73.13,10854350
1679578200,74.04,74.98,72.615,73.72,12002608
1679664600,73.43,74.51,72.44,74.19,8180391
1679923800,74.69,75.6,74.22,74.95,6279703
1680010200,75.01,75.56,74.38,74.45,5125785
1680096600,75.22,76.37,74.53,76.32,6896881
1680183000,76.64,76.72,74.1,74.67,8545645
1680269400,75.2,76.53,74.9,76.21,7645189
1680528600,76.11,77.55,76.03,77.06,7563942
1680615000,77.18,77.35,74.745,75.57,8889460
1680701400,75.15,76.24,74.89,75.38,8013105
1680787800,75.27,77.03,74.91,76.87,8640327
1681133400,76.74,76.74,75.56,76.15,7567041
1681219800,76.27,77.35,76.25,76.88,7462703
1681306200,77.73,77.89,75.905,76.05,7329184
1681392600,76.32,79.995,76.1,79.43,14018647
1681479000,79.42,79.44,77.32,78.19,7304117
1681738200,79.45,82.13,79.15,81.83,12172983
1681824600,82.38,82.5,80.56,81.33,11116282
1681911000,80.66,82.8,80.56,82.35,6871662
1681997400,81.56,81.6283,80.39,80.62,7835396
1682083800,80.67,82.46,80.58,82.27,8059215
1682343000,82.19,82.3,80.34,81.22,5920108
1682429400,81.27,82,79.51,80.01,5793851
1682515800,79.75,80.44,78.6,79.35,6016488
1682602200,79.38,79.5,78.2,78.8,6321882
1682688600,78.72,80.925,77.97,80.2,6369813
1682947800,80.3,82.67,79.93,82.07,9141713
1683034200,81.66,82.07,79.47,79.73,10490071
1683120600,81.08,84.45,80.9,83.21,14800689
1683207000,83.13,84.45,82.05,83.98,8751706
1683293400,84.92,86.065,84.555,85.38,8658127
1683552600,85.6,85.6,84.13,85,6058411
1683639000,84.37,86.61,83.94,85.91,7112062
1683725400,87.58,87.97,86.36,87.28,9594969
1683811800,87,87.42,85.621,86.01,7088593
1683898200,86.375,86.51,84.69,85.43,5848867
1684157400,85.72,88.525,85.57,87.55,8743190
1684243800,85.76,85.9,84.365,85.03,13491992
1684330200,85.23,85.78,83.67,85.74,7569623
1684416600,85.41,85.48,83.2,84.73,11373126
1684503000,85.38,86.17,84.96,85.37,7618296
1684762200,85.89,87.9,85.85,87.47,6478587
1684848600,87.56,89.825,87.365,87.49,9984091
1684935000,86.75,86.9,85.05,85.79,7244708
1685021400,85.61,85.67,82.61,83.55,9143152
1685107800,83.68,84.47,83.07,84.31,4570196
1685453400,84.61,85.59,82.65,83.14,6058735
1685539800,83.19,85.5,82.94,83.92,6271524
1685626200,84.3,85.5,83.12,85.08,7106306
1685712600,85.87,86.43,84.725,86.43,5284363
1685971800,86,87.28,85.65,86.71,6216593
1686058200,86.98,88.28,86.28,88.12,5971167
1686144600,88.15,88.89,87.01,88.21,6099689
1686231000,88.11,88.67,87.29,88.12,4841248
1686317400,88.64,88.83,87.21,87.66,7334307
1686576600,88.44,90.18,87.74,88.61,7392657
1686663000,88.97,90.905,88.92,90.23,8260648
1686749400,90.51,90.845,87.83,88.89,7813056
1686835800,88.37,89.54,87.91,89.19,6896042
1686922200,89.85,90.09,87.5,87.67,7856701
1687267800,87.34,88.165,86.38,87.64,7364811
1687354200,87.25,87.8,85.88,87.16,6781832
1687440600,87.02,87.49,86.29,86.59,4725984
1687527000,86.01,86.07,84.96,85.12,7666625
1687786200,84.69,84.88,82.98,83.17,7183489
1687872600,83.22,83.37,82.03,82.92,7836720
1687959000,82.92,83.99,82.36,83.98,5504317
1688045400,83.69,83.95,82.475,82.62,6458076
1688131800,83.23,83.93,82.69,83.2,5054051
1688391000,83.15,83.52,82.5,82.94,3696422
1688563800,82.88,83.49,82.36,83.01,4866859
1688650200,82.26,82.43,80.825,81.72,6326359
1688736600,81.87,82.85,81.55,81.78,4560620
1688995800,81.75,84.405,81.53,84.23,7450569
1689082200,83.91,84.14,83.155,83.83,6084737
1689168600,85.19,85.29,84.12,84.78,5869658
1689255000,85,85.41,84.53,84.68,4414613
1689341400,85.07,85.07,83.33,84.42,5012046
1689600600,85.16,86.83,84.79,85.76,8753786
1689687000,85.81,86.7,85.44,85.58,5447508
1689773400,86.01,86.78,85.64,85.76,5443917
1689859800,85.44,85.71,84.12,84.33,6492537
1689946200,84.9,85.68,84.16,84.97,5811297
1690205400,85.08,85.35,83.04,83.42,6626288
1690291800,83.38,83.94,83.015,83.16,4973648
1690378200,83.05,83.34,82.62,83.05,4680886
1690464600,83.56,83.56,81.405,81.77,7208500
1690551000,82.5,84.045,82.35,83.81,8988694
1690810200,83.96,84.44,83.52,84.29,4839071
1690896600,83.64,83.73,82.65,83.3,6817958
1690983000,82.64,83.1,81.55,82.06,5615339
1691069400,81.67,82.38,81.23,81.27,5239868
1691155800,81.76,82.29,81.13,81.22,5883797
1691415000,81,81.1,78.54,78.69,9728806
1691501400,78.69,79.62,78.3,79.33,8215571
1691587800,79.66,80.26,78.745,79.26,6415447
1691674200,79.39,80.965,79.23,79.94,7304105
1691760600,79.7,80.52,79.4,79.87,4316312
1692019800,79.23,80.25,78.28,80.03,6561512
1692106200,79.94,80.29,79.06,79.82,5217583
1692192600,79.45,79.72,77.83,78.08,7103599
1692279000,78.27,78.27,76.91,76.95,6465291
1692365400,76.17,78.04,75.91,77.53,6872611
1692624600,77.47,78.97,76.835,78.39,5762607
1692711000,78.61,79.075,77.69,78.37,5176316
1692797400,78.96,79.85,78.77,78.86,4803719
1692883800,78.84,78.94,77.57,77.82,5394685
1692970200,78.06,79.18,77.29,78.69,6600774
1693229400,79.17,79.81,78.455,78.93,4429262
1693315800,78.86,79.7,78.33,79.29,5864063
1693402200,79.34,79.86,79.01,79.68,5459830
1693488600,79.86,80.15,79.14,79.2,5015889
1693575000,79.74,81.215,79.74,81.13,7991880
1693920600,80.85,81.29,79.51,79.65,6794874
1694007000,79.76,80.24,78.88,79.89,5194820
1694093400,79.22,79.44,78.3675,78.76,5004814
1694179800,78.74,79.23,78.22,78.65,4977821
1694439000,79,79.21,78.42,78.83,5223034
1694525400,78.76,79.86,78.61,79.13,6200131
1694611800,79.31,80.32,78.24,78.29,6953389
1694698200,78.59,78.81,77.76,78.21,5145592
1694784600,78.12,78.32,76.73,77.11,8027904
1695043800,76.99,77.44,75.59,75.95,7252757
1695130200,76.03,76.21,75.5,75.99,7411363
1695216600,76.2,76.22,74.28,74.34,9385312
1695303000,73.61,74.01,72.8184,73.7,10707604
1695389400,73.95,74.22,72.81,72.96,10312999
1695648600,72.5,72.55,71.59,71.88,7223168
1695735000,72.63,74.5,72.57,73.21,12772518
1695821400,73.8,74.76,73.11,73.99,9762599
1695907800,74.01,74.01,72.59,73.77,10428843
1695994200,74.4,74.68,72.805,73.02,10415682
1696253400,72.98,72.98,70.35,70.65,11773911
1696339800,70.31,70.86,69.69,70.55,11448751
1696426200,70.4,70.6,69.09,69.88,12868537
1696512600,69.63,72.38,69.54,72.15,13608943
1696599000,71.59,72.675,71.19,72.23,9678008
1696858200,71.62,71.85,70.45,71.66,9387384
1696944600,71.14,72.49,70.96,72.1,9503372
1697031000,72.25,72.957,70.67,71.32,9061104
1697117400,71.22,71.33,68.48,68.72,12702472
1697203800,68.95,69.75,68.31,69.6,12894254
1697463000,69.61,70.88,68.71,70.21,9651247
1697549400,69.7,71.47,69.59,70.3,9660067
1697635800,69.94,69.97,68.24,68.49,9369266
1697722200,68.53,68.65,66.91,67.09,12490838
1697808600,67.14,67.895,66.58,66.92,9210230
1698067800,66.22,66.54,65.38,65.46,10621819
1698154200,66.05,67.325,66.05,67.09,8836620
1698240600,66.3,66.57,65.46,65.5,7727826
1698327000,65.59,66.64,65.205,66.18,10562684
1698413400,66.4,66.4,64.05,64.12,14361331
1698672600,64.73,65.75,64.6,65.19,9575563
1698759000,64.45,66.38,63.8,66.23,16209677
1698845400,66.47,67.65,66.11,67.6,13408452
1698931800,68.37,68.76,67.93,68.26,12267852
1699018200,69.46,72.08,69.35,71.46,21082635
1699281000,71.77,71.98,69.71,69.88,11110583
1699367400,70.12,71.62,69.61,71.52,12723246
1699453800,71.48,71.68,69.14,69.43,11677806
1699540200,70.04,70.08,66.385,66.59,12529249
1699626600,66.99,67.175,65.5,66.95,10572616
1699885800,66.36,67.28,64.99,67.28,11836658
1699972200,69.69,70.97,69.63,70.91,18577935
1700058600,70.86,73.315,70.61,71.1,15130199
1700145000,71.31,71.49,69.32,70.13,11620955
1700231400,70.75,72.875,70.46,72.66,13857540
1700490600,72.8,74.51,72.44,73.49,10977518
1700577000,72.84,73.43,71.98,72,9993936
1700663400,72.91,73.4,72.06,72.8,7312578
1700836200,72.78,74.53,72.78,73.66,4722969
1701095400,73.42,73.5,71.99,73.23,7398706
1701181800,72.95,73.17,72.1,73.03,8702580
1701268200,73.64,75.38,73.45,73.85,10526724
1701354600,75.62,77.19,75.1997,75.52,13445618
1701441000,75.54,77.84,74.2,77.83,12766937
1701700200,77.64,79.38,77.21,79.19,12906951
1701786600,78.41,79.44,77.9,78.8,10916003
1701873000,79.33,80.653,78.59,79.54,11062920
1701959400,79.97,80.8,79.56,80.52,10164855
1702045800,80.21,81.13,79.22,79.32,9324833
1702305000,79.19,79.25,77.505,78.86,9709008
1702391400,78.91,80.24,77.78,80.08,8504825
1702477800,80.1,84.03,79.98,83.95,15700944
1702564200,85.27,85.82,84.07,85.48,17649959
1702650600,85.86,86.79,84.673,85.72,10971382
1702909800,85.31,85.68,83.92,84.36,8192619
1702996200,85.17,86.71,85.01,86.5,9867435
1703082600,86.1,86.3,82.58,82.66,12235322
1703169000,84.11,85.17,83.75,84.67,9554837
1703255400,86.2,88.2257,86,87.62,13208558
1703601000,88.8,89.88,88.14,89.46,10117547
1703687400,90.36,91,89.56,90.83,10041644
1703773800,91,92.02,90.025,90.86,10621263
1703860200,90.72,90.74,89.26,89.29,9038389
1704205800,88.43,91.725,87.92,90.23,11785627
1704292200,89.57,89.77,87.61,88.2,11249895
1704378600,88.57,90.1,88.12,89.45,9405404
1704465000,88.48,89.53,86.96,89.3,11413476
1704724200,88.45,93.5,87.52,93.42,21270548
1704810600,92.48,94.32,92,93.6,12928454
1704897000,93.74,94.28,91.535,92.53,13334525
1704983400,91.5,91.68,89.2886,90.47,16280103
1705069800,91.13,92.63,90.19,90.42,10300828
1705415400,89.59,89.64,88.24,89.06,10901013
1705501800,88.01,88.48,87.12,88.34,9086977
1705588200,88.78,88.78,86.11,87.06,11942191
1705674600,87.31,87.57,86.0013,87.05,13253035
1705933800,87.69,89.21,87.3302,89.01,10794705
1706020200,89.9,90.35,87.75,89.23,9311312
1706106600,90.26,90.41,87.675,87.72,11295932
1706193000,88.64,89.53,88.06,88.5,10104664
1706279400,88.94,89.73,87.955,88.24,8264797
1706538600,88.17,90.94,87.27,90.8,11008987
1706625000,90.38,90.4,88.19,88.77,10848552
1706711400,88.58,90.19,87.43,87.43,15669582
1706797800,88.08,89.64,87.24,88.97,11745724
1706884200,88.11,88.38,86.73,87.97,15486628
1707143400,87.18,88.77,86.385,88.41,11164636
1707229800,87.91,89.88,87.29,89.76,9819284
1707316200,89.55,89.65,88,88.07,10885754
1707402600,88.33,89.75,88.01,89.22,8545620
1707489000,89.96,91.32,89.4,91.04,8491994
1707748200,91.18,93.22,90.71,93.1,9732454
1707834600,90.15,90.41,87.89,88.72,17368586
1707921000,90.09,91.44,89.39,91.14,9983906
1708007400,92.08,93.68,91.66,93.27,10686006
1708093800,92.54,94.19,92.08,93.15,11007321
1708439400,92.75,93.84,91.64,92.38,8947485
1708525800,91.96,92.885,91.31,92.47,6707294
1708612200,92.77,94.98,92.21,94.15,10809598
1708698600,94.42,95.495,94,94.75,8854743
1708957800,94.65,97.525,94.46,97.34,12172214
1709044200,99.84,103.22,98.88,102.89,23103325
1709130600,102.255,103.52,101.13,101.53,16741360
1709217000,102.69,103.16,98.37,98.42,20721704
1709303400,99.44,102.82,99.11,101.53,16319203
1709562600,103.45,103.46,100.01,100.73,13935240
1709649000,100.2,101.5,98.72,99.46,13539444
1709735400,100.62,100.94,99.3303,100.12,9390269
1709821800,100.3,100.555,98.75,98.79,7479758
1709908200,100.07,101.47,97.92,98.95,11121034
1710163800,98.69,99.64,96.475,96.83,9126407
1710250200,96.65,96.925,95.41,96.2,10485559
1710336600,96.26,97.49,95.88,97.1,6543866
1710423000,96.55,97.01,92.95,94.45,16208183
1710509400,94,95.78,93.78,94.71,12508224
1710768600,94.57,95.25,92.84,92.95,11472194
1710855000,92.64,94.62,92.15,93.85,10926826
1710941400,93.5,95.595,92.52,95.16,13234510
1711027800,96.5,97.49,95.16,95.2,9801954
1711114200,95.22,95.38,93.5,93.56,10423057
1711373400,93.37,94.47,92.495,92.67,8751017
1711459800,93.88,94.46,92.66,92.69,10801359
1711546200,93.55,94.92,92.45,94.91,12279369
1711632600,95.2,95.885,94.06,94.89,10295326
1711978200,94.34,94.54,92.405,93.85,11690593
1712064600,92.1,92.18,90.37,90.68,14841780
1712151000,90.11,91.41,89.62,91.04,9102308
1712237400,91.77,92.5,89.285,89.49,10070287
1712323800,88.96,91.13,87.93,90.18,10380308
1712583000,90.47,90.61,89.55,90.4,7237036
1712669400,90.67,91.765,90.355,91.64,8597958
1712755800,88.98,90.05,88.61,89.95,17369890
1712842200,91.14,91.61,89.875,91.28,9971733
1712928600,91.03,91.03,87.315,88.15,14306219
1713187800,88.19,88.475,85.71,86.35,12332193
1713274200,85.68,86.49,85.13,85.61,11287936
1713360600,86.19,86.3,84.55,84.65,11923590
1713447000,84.4,84.94,83.38,83.48,11417253
1713533400,83.04,84.38,81.26,82.83,13784262
1713792600,83.5,84.78,82.475,83.75,10695395
1713879000,84.38,86.31,84.21,84.69,12939314
1713965400,85.27,85.42,83.7,83.94,8788870
1714051800,82.45,82.7401,81.14,82.22,14389577
1714138200,82.58,83.87,81.63,83.49,10452779
1714397400,84.46,86.4,84.35,85.52,10494591
1714483800,84.71,85.79,84.22,84.62,7508616
1714570200,84.82,89.59,84.7,87.33,17126853
1714656600,88.43,88.98,86.91,88.34,10230225
1714743000,90.98,91.7,89.78,89.98,11242696
1715002200,90.59,91,89.62,90.58,8622227
1715088600,91,91.01,89.545,90.43,7631929
1715175000,89.66,89.9,88.32,89.11,12044901
1715261400,89.18,89.6,88.28,88.98,7548549
1715347800,90.12,90.49,87.68,88.14,8808427
1715607000,89.06,90.76,89,89.88,11000323
1715693400,90.88,92.285,90.24,90.78,10806608
1715779800,92.71,93.85,92.28,92.61,12054011
1715866200,92.62,92.8,91.41,92.59,7735862
1715952600,92.52,93.0501,90.85,91.18,7394287
1716211800,91.38,92.44,90.9,92.27,5595884
1716298200,91.86,92.69,90.88,91.57,6266190
1716384600,91.42,93.16,91.3,92.17,7861674
1716471000,92.19,92.4,88.66,89.32,9692188
1716557400,89.47,90.17,88.66,88.83,6722960
1716903000,90.68,90.94,88.195,89.13,9057906
1716989400,87.76,87.945,86.98,87.48,9561908
1717075800,88.01,89.14,87.605,88.96,9141726
1717162200,89.26,90.46,88.5,89.13,9719013
1717421400,89.89,92.975,89.25,91.42,13040232
1717507800,91.44,92.3,90.6,91.17,7963325
1717594200,91.5,94.33,90.82,94.12,10287801
1717680600,94.59,94.59,92.74,92.82,7032820
1717767000,91.49,92.49,90.92,91.39,8582705
1718026200,90.41,92.05,89.38,91.99,8427306
1718112600,91.21,92.8,90.825,92.46,5864302
1718199000,95,95.4,93.19,93.82,11437913
1718285400,93.63,94.6,93.08,93.82,5595240
1718371800,92.65,93.13,91.25,91.75,9218504
1718631000,91.24,91.51,90.08,90.59,6697900
1718717400,90.63,90.75,89.28,89.7,6722893
1718890200,89.39,90.62,88.69,89.89,6797293
1718976600,90.88,92.6476,90.63,92.38,12966158
1719235800,93.3,94.56,93.04,93.74,9090229
1719322200,93.7,94.16,93,93.08,5537513
1719408600,92.92,92.92,91.66,92.19,7102124
1719495000,92.39,93.08,91.4,92.86,6570931
1719581400,93.34,93.34,91.815,92.71,7872582
1719840600,92.64,94.44,92.44,93.04,7437245
1719927000,92.42,92.7,91.04,91.36,6498560
1720013400,91.65,92.18,90.54,90.87,4682011
1720186200,90.86,91.92,90.28,91.71,5557968
1720445400,92.86,93.675,92.4401,93.23,9007569
1720531800,93.39,94.54,92.85,94.37,7653317
1720618200,94.77,95.48,94.27,95.48,5002791
1720704600,96.83,98.78,96.65,97.96,14613230
1720791000,98.88,99.99,98.3,98.96,9005856
1721050200,99.1,100.405,98.66,99.9,9186428
1721136600,100.69,102.38,100.51,101.85,8839957
1721223000,100.47,102.0099,99.025,99.8,9853165
1721309400,99.72,100.84,97.01,97.54,12775866
1721395800,97.72,98.12,97.06,97.51,5348440
1721655000,98.21,99.02,97.2701,98.89,5848305
1721741400,98.56,100.25,98.26,99.76,6722157
1721827800,98.98,100.17,98.78,99.04,6088118
1721914200,99.71,102.545,99.32,100.98,12543142
1722000600,102,103.08,100.96,101.54,8299128
1722259800,101.5,101.9,99.54,100.27,7364448
1722346200,100.5,101.07,98.31,98.99,6956002
1722432600,99.37,101.23,98.18,99.06,9550355
1722519000,99.53,100.37,98.21,98.67,8222798
1722605400,96.08,96.86,94.62,96.47,15611166
1722864600,91,94.6,91,93.43,15788206
1722951000,94.21,96.1601,92.96,94.44,9591590
1723037400,96.07,96.07,92.12,92.36,10704252
1723123800,92.96,95.115,92.47,95,7419005
1723210200,95.39,96.06,94.8,95.54,4384373
1723469400,95.64,96.37,94.51,95.81,4766590
1723555800,96.13,97.19,95.85,96.95,7230581
1723642200,97.2,97.21,95.61,96.09,4798800
1723728600,97.32,98.24,96.71,97.71,6346832
1723815000,97.7,98.1,96.76,97.77,4717905
1724074200,97.68,100.88,97.46,100.85,6426284
1724160600,100.61,101.105,99.64,100.83,5546082
1724247000,101.1,102.36,100.785,101.82,6482422
1724333400,102.08,102.12,99.94,100.14,7016524
1724419800,100.63,102.01,100.1,101.51,7626555
1724679000,102.04,102.24,101.28,101.7,5653018
1724765400,101.41,101.89,99.87,101.07,5293605
1724851800,100.62,101.23,99.99,100.54,5093012
1724938200,101,102.4,100.55,100.91,5732666
1725024600,101.27,101.86,99.85,101.26,5282148
1725370200,101.1,102.74,98.48,98.66,9086699
1725456600,98.29,99.58,97.65,98.52,6944711
1725543000,98.68,98.89,97.44,98.08,5735483
1725629400,98.37,98.91,95.43,96.52,8019337
1725888600,97.03,98.64,96.82,97.89,5876780
1725975000,97.88,98.25,96.67,98.1,4636000
1726061400,97.87,99.13,96.96,98.9,5267440
1726147800,98.88,99.7,97.96,99.06,5703028
1726234200,99.4,101.4,99.27,101.21,6389099
1726493400,101.56,101.95,100.51,101.28,7126942
1726579800,101.42,102.445,100.38,100.95,9199336
1726666200,101.01,102.97,100.33,100.81,11433202
1726752600,102.69,103.52,101.85,102.43,13107187
1726839000,102.21,102.36,100.992,101.61,7655323
1727098200,101.75,102.13,99.065,99.19,9997178
1727184600,99.28,99.452,97.77,98.71,7906793
1727271000,98.9,99.2,97.66,97.75,8469462
1727357400,98.62,99.11,97.42,98.19,6764936
1727443800,98.8,99.35,98.25,98.43,6116151
1727703000,98.1,99.65,97.77,98.8,6829617
1727789400,98.61,98.79,96.6516,97.97,11106896
1727875800,97.36,98.26,96.53,98.09,8488097
1727962200,97.52,98.09,96.52,96.64,5961143
1728048600,97.61,98.03,96.67,97.51,5972827
1728307800,97.87,97.93,95.92,96.33,5678751
1728394200,96.7,97.76,96.1,97.1,5414723
1728480600,97.06,97.15,95.975,96.31,6049368
1728567000,95.52,96.2301,95.08,96.22,6752894
1728653400,96.22,98.79,95.82,98.68,7486082
1728912600,98.28,99.215,98,99.07,5537859
1728999000,99.03,99.95,98.27,99.31,7379397
1729085400,99.45,100.56,99.05,100.25,6478823
1729171800,100.23,100.54,99.27,99.3,8155253
1729258200,99.52,100.17,99.14,99.83,4477163
1729517400,99.42,99.71,97.65,98.15,6895268
1729603800,97.69,98.4,97.46,98.27,5222181
1729690200,97.87,98.27,96.105,96.67,8293618
1729776600,97.14,98.235,96.88,97.25,4408256
1729863000,97.63,98.85,97.12,97.15,6256079
1730122200,98.08,99.51,97.87,98.49,6178187
1730208600,98.4,98.71,97.64,98.56,6183664
1730295000,98.25,99.46,97.98,98.42,4733144
1730381400,97.93,98.12,96.84,97.03,8177752
1730467800,97.59,99.3,97.35,99.27,6877483
1730730600,98.84,100.07,97.89,99.22,6426686
1730817000,98.71,100.63,98.2,100.62,7170643
1730903400,103.28,103.31,100.75,102.44,17003363
1730989800,103,103.89,102.54,103.01,8157100
1731076200,102.88,104.225,102.56,104.18,9431058
1731335400,104.79,105.47,103.35,103.53,10158928
1731421800,102.44,103.17,100.39,100.51,9782654
1731508200,101.47,102.43,100,100.01,8092416
1731594600,99.77,100.17,96.87,96.96,15029386
1731681000,96.91,96.91,91.64,91.83,30310242
1731940200,92.14,92.74,91.08,91.96,12512121
1732026600,91.235,93.21,90.67,93.17,12751913
1732113000,93.38,94.1701,92.4,94.01,10534696
1732199400,94.11,95.44,92.74,94.3,11716988
1732285800,94.78,96.61,94.16,96.24,9684699
1732545000,97.63,99.03,97.53,97.63,13456016
1732631400,97.8,98.92,96.94,98.85,8258493
1732717800,99.08,100.2,98.7,100,7695319
1732890600,99.78,100.24,99.24,99.62,4062380
1733149800,99.29,99.64,98.54,99.31,13563171
1733236200,99.04,99.33,97.57,97.69,6549994
1733322600,97.69,99.59,97.31,98.79,7246472
1733409000,98.08,98.71,97,97.33,8467560
1733495400,97.82,99.73,97.63,99.14,6493029
1733754600,99.22,99.905,98.04,98.24,6341080
1733841000,98.41,98.61,97.1,97.42,5465670
1733927400,97.67,97.97,96.41,96.97,5788527
1734013800,96.18,96.71,94.15,94.2,9518248
1734100200,93.97,94.47,92.635,93.4,12305779
1734359400,93.4,95.515,92.94,94.76,8476165
1734445800,93.98,95.3,93.95,94.59,5638802
1734532200,94.54,94.7,89.005,89.93,16072650
1734618600,90.03,90.46,88.63,89.81,11753615
1734705000,89.37,91.97,89.34,91.28,10337952
1734964200,91.28,91.95,90.36,91.89,7620173
1735050600,91.94,92.1,90.895,91.98,3540607
1735223400,91.31,92.845,91.02,92.65,5606077
1735309800,91.95,92.85,90.56,91.35,8742092
1735569000,90.43,90.61,89.38,89.89,6641314
1735655400,90.39,91.07,89.37,90.06,6817120
1735828200,90.95,92.5,90.6,91.53,8208686
1735914600,91.69,92.81,91.64,92.41,5857248
1736173800,92.6,93.225,92.01,92.21,5169324
1736260200,92.55,94.4,92.42,92.87,9850184
1736346600,93,93.15,91.58,92.31,7529872
1736519400,90.42,90.59,88.84,89.44,12953320
1736778600,88.5,89.185,86.71,89.13,13193269
1736865000,89.92,89.92,86.4,86.66,13113476
1736951400,88.7,89.605,87.59,88.55,13214752
1737037800,88.73,88.8399,87.33,87.89,6917050
1737124200,88.65,88.86,87.845,87.97,7383860
1737469800,88.68,90.65,88.68,90.51,8509659
1737556200,90.52,91.6,90.28,91.21,8844914
1737642600,90.87,93.225,89.92,92.98,9747094
1737729000,92.85,93.59,91.75,92.46,9262813
1737988200,92.03,94.43,92.01,92.61,10946643
1738074600,92.76,93.62,92.05,93.18,9152694
1738161000,92.69,93.8,91.88,92.58,9893910
1738247400,93.18,94.35,92.57,93.54,8348040
1738333800,93.87,94.79,92.36,92.67,7842737
1738593000,90.58,92.54,90.46,91.42,9024533
1738679400,91.2,93.19,91.07,92.57,8870592
1738765800,92.95,94.9,92.88,94.7,8222905
1738852200,94.59,94.68,93.28,93.37,6611331
1738938600,92.93,93.6,90.955,91.24,11884842
1739197800,91.84,91.84,90.11,90.34,8979604
1739284200,89.43,89.66,88.55,89.05,8781378
1739370600,88.055,90.02,87.9,89.97,10824567
1739457000,90.29,90.9,89.19,90.77,7275289
1739543400,91.24,92.62,90.67,91.41,10421476
1739889000,91.84,93.12,90.97,91.33,9041461
1739975400,91.1,92.72,91.03,92.53,8159886
1740061800,92.514,92.89,91.48,92.72,6885779
1740148200,93.5,93.8552,91.54,91.7,8783415
1740407400,91.44,91.64,89.74,90.11,8647847
1740493800,89.98,90.14,87.68,88.69,10912683
1740580200,88.94,89.83,87.84,88.25,7271482
1740666600,88.31,89.74,87.04,87.1,8172738
1740753000,86.5,88.91,86.22,88.71,7942748
1741012200,88.74,89.37,85.13,85.6,9620861
1741098600,84.78,87,84.07,86.13,14203013
1741185000,86.35,87.89,85.82,87.82,10911871
1741271400,86.46,88.27,86.27,87.06,9152972
1741357800,86.78,88.44,86.055,87.3,9490967
1741613400,86.23,87.5,85.49,86.24,10803114
1741699800,85.82,86.96,84.19,86.17,10649875
1741786200,86.78,87.73,86.35,87.15,7704870
1741872600,87.05,88.21,85.44,85.97,6373027
1741959000,86.69,87.62,86.49,87.13,6390120
1742218200,86.77,88.86,86.39,88.29,6338866
1742304600,87.27,87.31,85.76,86.17,7291655
1742391000,85.99,87.75,85.89,87.46,5806298
1742477400,86.65,88.13,86.54,86.59,6743253
1742563800,86.19,87.51,85.75,87.12,6513904
1742823000,87.78,88.97,87.67,88.82,5032265
1742909400,88.83,88.92,86.34,87.08,7039975
1742995800,86.98,87.08,84.75,85.08,8252472
1743082200,85.34,86.18,85.09,85.53,6493598
1743168600,85.4,85.51,83.97,84.4,7003134
1743427800,81.51,81.66,79.325,81.1,16660864
1743514200,80.86,81.04,77.87,78.16,17353244
1743600600,77.71,80.87,77.34,80.59,14091035
1743687000,78.2,79.3,77.52,78.14,10860230
1743773400,76.43,77.11,73.25,73.66,23865809
1744032600,71,75.86,69.24,72.99,23621810
1744119000,75.15,75.47,68.88,69.8,21546106
1744205400,68.05,75.96,66.66,74.88,36123845
1744291800,72.77,73.25,68.64,71.61,23889316
1744378200,71.59,74.38,71.07,74.33,16114000
1744637400,76,76.935,74.36,76.54,13241523
1744723800,76.41,77.56,75.59,76.54,8744297
1744810200,76.09,76.24,73.935,75.13,9355030
1744896600,74.89,76.16,74.57,75.93,10436548
1745242200,75.18,77.32,74.67,75.51,11913719
1745328600,76.51,77.82,76.385,77.64,14041832
1745415000,79.69,81.17,79.02,79.1,14631339
1745501400,79.395,80.93,78.65,80.89,11296508
1745587800,80.12,80.71,79.27,80.25,8244714
1745847000,80.725,82.11,80.34,81.37,6974330
1745933400,80.99,82.36,80.41,81.88,9301535
1746019800,81.1,83.25,80.88,82.95,9587246
1746106200,82.95,83.5,80.93,82.5,9292265
1746192600,83.5,84.24,83.245,83.5,9684565
1746451800,83.19,83.38,82.05,82.65,6374268
1746538200,81.85,81.93,77.075,77.17,32491324
1746624600,77.6,77.89,76.56,77.35,12976100
1746711000,77.06,79.28,75.68,78.04,16479296
1746797400,78.15,79.55,76.3,76.39,11445298
1747056600,78.05,80.07,77.865,79.45,19550425
1747143000,79.28,79.435,77.2,77.55,15781956
1747229400,77.62,78.46,75.9,76.37,13920514
1747315800,76.36,77.66,75.71,77.58,11089465
1747402200,77.87,79.18,77.3292,79.02,10102952
1747661400,78.16,79.87,78.15,79.72,7045488
1747747800,79.67,81.7,79.33,81.4,13967417
1747834200,80.49,81.36,78.8,79.33,13135850
1747920600,78.98,79.77,78.455,79.25,7778877
1748007000,78.05,79.28,78,79.04,6078231
1748352600,79.96,80.25,79.04,79.3,15176368
1748439000,79.55,79.98,78.7,78.77,8407937
1748525400,79.3,80.58,78.28,80.46,8964521
1748611800,79.63,79.79,78.0599,79.19,15780510
1748871000,80.2,81.73,79.49,81.24,13023116
1748957400,81.47,82.825,80.5,82.34,12771401
1749043800,82.4,83.42,82.22,82.48,8291001
1749130200,82.34,83.33,81.42,82.56,8086644
1749216600,83.22,84.445,83.22,84.26,10003459
1749475800,85.04,85.37,83.41,84.27,11540808
1749562200,84.685,85.96,84.34,85.28,12066862
1749648600,85.79,85.935,84.305,84.37,12058282
1749735000,83.91,84.755,83.49,84.36,8451129
1749821400,82.92,84.2,82.78,83.6,11206789
1750080600,83.71,83.92,82.39,83.37,9199042
1750167000,82.83,83.55,82.01,82.1,11632760
1750253400,82.31,83.42,81.52,82.66,9008138
1750426200,83.11,83.29,81.69,82.38,8489238
1750685400,82.5,82.84,80.9,82.27,11661339
1750771800,82.98,84.17,82.36,83.82,9675718
1750858200,83.79,83.85,82.48,83.27,7246445
1750944600,83.46,83.915,82.81,83.68,9316828
1751031000,83.6,84.13,82.53,83.01,11032654
1751290200,83.26,83.75,82.685,82.93,8503430
1751376600,82.46,84.87,82.04,83.08,11537634
1751463000,83,85.265,82.71,84.79,10887370
1751549400,85.01,85.46,84.42,85.24,4956017
1751895000,84.865,85.13,83.02,83.58,8494262
1751981400,83.7,85.355,83.45,84.71,9617260
1752067800,85.64,87.905,85.54,87.87,14875417
1752154200,87.87,88.61,87.04,88.38,9911705
1752240600,87.58,87.91,86.7,87.02,7716840
1752499800,86.83,88.55,86.74,88.27,6410893
1752586200,88.7,88.73,85.69,85.91,12109812
1752672600,86.47,87.89,86.44,87.82,13045451
1752759000,87.92,88.74,87.7,88.12,8904076
1752845400,88.27,89.06,86.08,86.27,14199816
1753104600,86.48,87.54,85.66,85.87,9134913
1753191000,85.68,86.84,85.5,86.73,8446507
1753277400,87.615,88.71,86.84,88.22,12211731
1753363800,88.27,88.56,87.255,87.49,10815718
1753450200,87.57,87.87,86.73,87.61,9111667
1753709400,87.69,88.175,86.07,86.57,12818511
1753795800,86.65,86.82,85.44,85.84,11511461
1753882200,86.89,87.81,85.71,86.24,11644036
1753968600,86.1,87.47,85.33,85.66,11802121
1754055000,84.83,86.04,84.39,85.93,9334084
1754314200,85.91,86.955,84.97,86.82,7662075
1754400600,86.53,87.415,85.66,86.85,8944059
1754487000,86.18,86.38,84.98,86.13,11584991
1754573400,85.73,85.89,84.52,85.32,9802743
1754659800,85.42,85.96,85.04,85.43,6667349
1754919000,85.01,85.97,84.81,85.16,6215988
1755005400,85.48,87.04,85.37,86.92,9693914
1755091800,87.48,89.795,87.27,89.52,14986128
1755178200,88.49,89.895,88.47,89.57,11579809
1755264600,89.77,90.735,89.5,90.68,10672390
1755523800,90.6,91.34,90.12,90.21,6353153
1755610200,89.67,89.755,88.6,88.8,8271786
1755696600,88.55,89.365,88.181,89.22,7956351
1755783000,88.61,90.03,88.23,89.92,8439127
1755869400,90.29,91.98,89.96,90.92,9891293
1756128600,90.88,91.175,88.6,88.79,8513190
1756215000,89.065,89.945,88.71,89.9,6180649
1756301400,89.79,90.475,89.64,90.29,5737095
1756387800,90.38,91.13,90.03,90.29,4462918
1756474200,90.24,90.68,89.33,89.85,5049755
1756819800,91.29,93.51,91.1,92.88,14515248
1756906200,93.065,94.855,92.6107,93.65,9128591
1756992600,93.59,93.965,92.49,93.47,7801172
1757079000,93.72,95.65,93.7,95.47,13163094
1757338200,94.98,95.075,93.8,94.43,10459298
1757424600,94.4,94.99,93.6616,94.98,6725131
1757511000,95.17,95.285,93.5,93.9,10477317
1757597400,93.99,95.74,93.81,95.7,7953853
1757683800,95.42,95.65,94.09,94.12,9365986
1757943000,94.08,94.45,92.64,93.43,9160376
1758029400,93.53,94.13,93.26,93.74,6439795
1758115800,94.06,95.81,93.49,93.77,15125281
1758202200,94.79,96.725,94.71,96.68,9284885
1758288600,96.99,97.04,95.365,95.6,7144242
1758547800,95.99,97.655,95.34,97.3,11373916
1758634200,97.09,97.75,96.62,96.77,7122564
1758720600,97.26,98.07,96.975,97.44,9202554
1758807000,96.75,96.98,95.74,95.86,9148325
1758893400,96.28,97.995,95.86,97.95,12363331
1759152600,98.33,99.485,98.01,99.4,9957284
1759239000,99.42,100.53,98.87,100.2,12913925
1759325400,100.11,102.15,100.11,101.39,9736173
1759411800,101.64,102.6,101.01,102.59,8601223
1759498200,102.99,104.1,102.785,103.6,12886463
1759757400,104.12,104.51,103.45,103.64,7956089
1759843800,103.86,104.05,102.55,103.68,6746360
1759930200,104.3,106.53,103.74,105.44,11849987
1760016600,105.855,107.26,105.77,106.52,12143477
1760103000,107.005,107.0799,104.13,104.99,16973132
1760362200,105.12,105.86,104.45,105.27,10190531
1760448600,104.13,106.01,103.43,105.12,7819803
1760535000,105.51,108.615,105.37,108.37,11955897
1760621400,109.69,110.96,106.99,107.91,17515119
1760707800,107.5,108.84,106.495,107.8,9981145
1760967000,108.83,110.535,108.34,110.17,8697755
1761053400,110.125,110.535,109.08,109.56,6792812
1761139800,108.87,109.56,106.56,107.32,10679213
1761226200,107.38,107.885,106.5,107.56,6341371
1761312600,108.75,108.94,108.06,108.39,5692679
1761571800,110.01,111.84,109.89,111.59,13303748
1761658200,111.45,112.43,110.82,112,9438145
1761744600,111.92,112.605,110.22,110.96,8714908
1761831000,110.59,113.21,110.23,111.91,9328804
1761917400,111.86,113.01,110.84,112.71,11962423
1762180200,110.98,111.93,107.89,109.86,15230253
1762266600,108.33,110.19,108,108.04,13665428
1762353000,107.59,109.845,107.32,109.21,9127721
1762439400,109.27,110.08,108.67,109.29,11352602
1762525800,108.34,108.97,106.3,108.96,15136277
1762785000,110.28,111.04,109.28,110.09,11453436
1762871400,109.88,114.15,109.53,114.01,13743160
1762957800,113.71,114.96,113.38,114.11,12302645
1763044200,113.23,114.36,111.87,111.91,14770435
1763130600,111.18,115.36,111.11,114.01,14433928
1763389800,113.51,116.18,113.06,114.83,12401808
1763476200,113.93,115.9,113.25,115.18,9910716
1763562600,114.81,115.52,113.47,114.5,10309560
1763649000,116.15,117.9,113.735,113.83,13951567
1763735400,113.815,117.63,113.57,116.65,11618729
1763994600,117.21,119.79,117.1052,119.58,9908849
1764081000,119.84,121.41,119.56,121.37,10532377
1764167400,121.55,123.47,120.955,122.85,8946559
1764340200,123.03,123.28,122.49,123.16,4255536
1764599400,121.85,121.97,119.74,119.85,10987468
1764685800,119.8,120.26,117.72,118.46,22047170
1764772200,118.76,121.955,118.74,121.83,10791984
1764858600,121.22,123.61,120.78,123.25,10978107
1764945000,123.77,124.18,122.69,123.41,7524683
1765204200,125.15,125.87,123.4102,123.66,9670298
1765290600,123.08,124,121.13,121.19,9640455
1765377000,121.23,122.64,120.6594,122.05,9219223
1765463400,122.01,123.7543,121.8,123.02,7018120
1765549800,123.01,123.61,121.9,123.13,7792699
1765809000,123.405,124.525,122.215,122.84,7533043
1765895400,122.2,122.82,120.98,122.01,7972029
1765981800,122.19,122.99,120.81,120.94,7928001
1766068200,121.11,122.03,119.59,120.01,7083758
1766154600,120.74,124.025,120.74,123.43,13016121
1766413800,123.32,126.5,122.92,125.91,10518295
1766500200,125.46,126.355,124.68,124.89,6775119
1766586600,125.44,126.43,125.08,126.3,3303132
1766759400,125.89,126,124.18,124.98,5653905
1767018600,124.03,124.42,123.085,123.39,7372392
1767105000,123.14,123.37,121.342,121.67,7879400
1767191400,121.51,122.8,120.95,121.93,7328046
1767364200,122.27,122.55,120.24,121.52,8840768
1767623400,121.33,121.74,118.28,120.15,11833053
1767709800,119.99,122.19,119.76,122.09,8364810
1767796200,122.95,129.12,122.745,126.43,19350084
1767882600,124.87,125.48,122.36,123.71,14907762
1767969000,125.2,126.01,124.15,124.5,9956789
1768228200,123.98,124.17,121.555,123.93,10174982
1768314600,123.36,124.29,121.87,123.85,8421730
1768401000,123.78,126.89,123.46,126.82,10927701
1768487400,126.5,127.22,124.18,124.35,10400526
1768573800,124.6,125.6775,123.64,124.18,9758225
1768919400,122.42,125.405,121.27,125.29,10780000
1769005800,125.22,128.29,124.89,128.18,8406017
1769092200,128.28,132.09,128.19,131.57,9726168
1769178600,130.93,131.67,127.86,128.04,11376630
1769437800,126.81,128.49,125.9089,127.86,6799303
1769524200,127.87,129.93,127.53,128.53,6965811
1769610600,128.61,128.705,125.795,125.94,8477549
1769697000,125.93,127.345,125.41,126.74,6083380
1769783400,126.17,127.135,123.7907,124.75,10206264
1770042600,124.05,127.55,124.03,127.35,5748434
1770129000,127.29,129.7,125.98,127.65,8920157
1770215400,127.87,128.315,123.4078,125.29,12029006
1770301800,124.23,126.62,120.28,120.72,14456729
1770388200,122.85,125.87,122.79,125.51,9603085
1770647400,125.2,126.34,123.83,126.11,5285709
1770733800,125.8,127.045,125.18,125.34,5884216
1770820200,125.275,125.57,121.69,124.65,7805351
1770906600,125.16,125.61,122.23,123.18,6850024
1770993000,123.6,126.1,122.5,122.86,8804964
1771338600,122.7,125.455,122.1,124.63,7777705
1771425000,124.11,126.37,123.91,125.6,6237939
1771511400,124.75,126.79,123.43,126.74,9191408
1771597800,124.82,125.6,122.94,124.78,13356275
1771857000,125.44,128.29,125.14,126.97,10951970
1771943400,127.36,129.64,127.11,129.16,9477960
1772029800,129.25,131.18,128.09,128.28,9733879
1772116200,127.5,127.83,125.0045,127.67,9223846
1772202600,126.07,127.5,125.76,127.37,5937549
1772461800,124.63,127.31,124.15,126.55,9334581
1772548200,123.56,125.3,121.98,123.5,13501468
1772634600,124.45,127.085,123.29,126.42,8470006
1772721000,124.77,125.58,122.72,123.9,10134715
1772807400,121.77,124.15,120.8512,124,11373282
1773063000,124.2,127.52,123.6,127.12,12194320
1773149400,126.69,129.11,126.69,127.43,10041986
1773235800,126.67,127.66,125.415,126.38,7379438
1773322200,124.75,124.85,121.805,122.62,11524759
1773408600,123.43,124.91,120.97,121.83,10405317
1773667800,123.3,124.53,123.1001,123.91,7354212
1773754200,123.82,125.185,123.67,124.19,5898941
1773840600,123.2,123.35,121.06,121.11,9336090
1773927000,120.29,123.36,119.69,122.33,11717293
1774013400,121.7,123.52,119.53,120.31,12186741
1774272600,121.85,123.28,120.95,121.7,8367138
1774359000,120.26,120.63,118.1901,119.54,10280004
1774445400,121.24,125,121.1,123.92,11469135
1774531800,122.52,125.64,122.52,123.9,11477104
1774618200,123.24,123.69,119.51,119.59,10706301
1774877400,119.73,120.61,118.28,118.78,9306190
1774963800,122.88,127.95,122.74,127.73,18482495
1775050200,128.79,131.45,128.03,128.55,20031495
1775136600,125.66,129.9462,125.57,128.96,9896063
1775482200,129.15,130.54,128.66,128.8,6290412
1775568600,127.97,129.22,126.37,128.85,9788754
1775655000,132.42,133.27,129.79,130.65,7511842
1775741400,129.7,132.15,129.55,131.82,5596626
1775827800,132.09,132.27,128.7637,129.44,10034324
1776087000,130.3,133.6,130.19,132.05,7851912
1776173400,133.2,136.4,133.03,135.72,11046870
1776259800,136.37,137.5,134.45,136.45,8563777
1776346200,136.14,136.63,134.71,135.46,6839886
1776432600,137.77,139.19,137.21,138.67,10212680
1776691800,137.99,138.63,137,137.79,6033977
1776778200,137.98,138.25,135.79,136.39,6756471
1776864600,137.94,138.68,136.48,137.31,4641276
1776951000,136.82,138.12,133.59,134.49,7785032
1777037400,134.53,134.89,131.97,133.28,6790731
1777296600,133.44,135.86,132.625,133.04,6658710
1777383000,132.23,134.44,131.07,131.16,7649663
1777469400,130.05,130.61,127.76,128.9,9033497
1777555800,129.79,131.84,129.32,131.33,7917873
1777642200,130.62,131.46,128.988,130.42,8261125
1777901400,129.99,133.77,129.8,133.5,8114241
1777987800,135.15,136.37,131.96,133.79,8702570
1778074200,134.91,137.945,134.25,137.68,8468608
1778160600,136.8,137.17,131.96,133.66,10692792
1778247000,133.87,135.88,133.265,134.71,11783757
1778506200,135.24,138.1,134.15,134.75,9991766
1778592600,134.42,135.49,133.26,134.91,5994071
1778679000,134.62,136.37,133.69,135.85,7037208
1778765400,136.26,136.91,133.54,134.85,5197121
1778851800,133.21,133.67,130.3005,130.69,9438178
1779111000,130.9,131.5,126.7,127.67,8076627
1779197400,127.28,128.13,125.07,126.79,12026994
1779283800,127.81,132.07,127.81,131.71,10734438
1779370200,130.64,133.43,129.67,132.78,6852686
1779456600,132.49,134.29,131.47,131.66,6468357
1779802200,132.47,133.675,131.39,133.35,5928826
1779888600,133.62,136.03,133.295,134.45,7578757
1779975000,134.23,136.555,133.13,135.99,6868241
1780061400,136.48,137.35,135.61,136.69,6743038
1780320600,135.62,135.66,132.24,133.62,7929262
1780407000,131.54,131.97,127.57,127.76,14202381
1780493400,127.57,129.99,127.12,129.83,8097271
1780579800,130.44,134.48,130.44,133.42,7324182
1780666200,132.77,133.315,128.18,128.67,8408423
1780925400,130.21,131.06,127.85,128.43,6472324
1781011800,131.13,132.39,127.56,131.38,11868495
1781098200,130.44,133.62,128.79,128.85,8127348
1781184600,129.14,133.42,128.45,132.74,10176702
1781271000,132.98,135.54,132.96,133.79,7822950
1781530200,135.75,136.77,134.55,136.4,5269867
1781616600,136.43,137.36,134.17,135.34,6925451
1781703000,136.52,141.8199,136.36,139.39,17203357
1781789400,142,143.46,138.7,140.72,9569943
1782135000,143.53,146.77,143.25,145.86,16738694
1782221400,144.11,148.76,144.11,147.03,10609990
1782307800,147.32,151.78,147.32,149.71,13715972
1782394200,149.89,154.7,149.89,151.59,12293761
1782480600,151.23,155.93,151.2,155.38,11014426
1782739800,155.5,158.33,154.37,158.31,12227932
1782826200,158.81,160.01,157.52,158.25,9017677
1782912600,157.93,159,156.19,156.55,7575187
1782999000,157.51,160.82,156.48,160.46,9697493
1783344600,160.23,161.56,158.67,160.81,7470556
1783431000,162.04,164.35,159.35,163.87,9548199
1783517400,162.23,164.14,159.46,162.97,10792467
1783603800,162.8,165.71,162.8,164.28,7531972
1783690200,163.89,164.23,156.27,159.03,12259955
1783949400,157.23,157.29,153.87,155.34,11350475
1784035800,155.72,156.32,153.75,155.45,8187644
1784122200,154.253,156.33,152.9,156.22,5608902
1784208600,155.02,155.65,150.93,152,9850628
1784295000,149.57,155.47,149.15,154.26,11572834
1784554200,154.64,156.54,150.89,150.94,7797481
1784640600,151.02,154.72,150.77,154.5,7759193
1784727000,153.64,154.75,151.98,152.11,6301228
1784813400,149.99,153.385,149.33,152.23,6647024
1784899800,152.78,153.28,149.91,150.48,7387093
1785159000,151.76,154.21,150.54,150.59,9325934
1785245400,150.5,150.89,147.15,149.78,8918955
1785331800,149.23,151.11,146.67,147.91,9051876
1785418200,148,151.84,146.72,151.46,6729020
1785504600,151.2,151.77,146,147.01,8044030
1785763800,146.98,148.145,143.775,147.31,6719045
1785850200,148.77,152.21,147.94,151.88,7841311
1785936600,153.13,155.12,151.49,153.01,8973751
1786023000,153.95,156.89,153.14,154.5,8778726
1786109400,156.87,157.85,154.96,157.37,8397115
1786368600,155.98,158.55,155,158.03,7454660
1786455000,158.5,159.18,156.79,158.07,6203690
1786541400,158.14,160.09,157.19,159.39,6047250
1786627800,160.25,160.67,156.55,156.86,7535064
1786714200,156.54,157.77,154.1506,157.41,6322595
1786973400,156.83,159.86,155.86,159.53,6362115
1787059800,158.34,160.6,157.88,160.11,6522029
1787146200,165.7,169.68,164.5,169.55,14090517
1787232600,166.66,167.53,162.53,163.38,15030953
1787319000,164.6,167.9112,163.74,165.73,10016423
1787578200,164.99,165.55,161.49,164.17,8527777
1787664600,166.18,169.89,165.79,169.1,9899684
1787751000,168.08,169.045,166.5,168.39,8946973
1787837400,167.76,169.27,166.88,168.23,4514651
1787923800,166.72,167.12,162.16,162.38,9794803
1788183000,161,163.22,159.6206,162.5,7356083
1788269400,161.75,163.45,161.16,163.4,8445364
1788355800,164.445,168.06,162.27,165.37,8653695
1788442200,165.22,165.96,162.85,164.38,5401012
1788528600,162.74,164.35,162.51,163.81,3811699
1788874200,160.765,163.43,158.795,161.93,8522652
1788960600,160.5,162.97,159.35,159.38,5480743
1789047000,157.59,158.72,155.82,156.82,9708772
1789133400,158.27,159.6607,156.13,156.2,8413893
