t,o,h,l,c,v
1412688600,24.145,24.145,23.785,23.79,12121432
1412775000,23.79,24.135,23.525,24.1,21046786
1412861400,24.1,24.11,23.435,23.51,29256384
1412947800,23.515,23.6,23.145,23.15,30357404
1413207000,23.125,23.32,22.52,22.555,33150518
1413293400,22.705,22.95,22.475,22.625,22002510
1413379800,22.215,22.875,22.045,22.78,37910812
1413466200,22.38,23.135,22.34,23.005,40440998
1413552600,23.25,23.485,23.2,23.31,22297366
1413811800,23.26,23.68,23.165,23.665,34382670
1413898200,23.805,24.21,23.8,24.175,14263614
1413984600,24.35,24.4,23.965,23.98,18426302
1414071000,24.155,24.225,23.895,23.96,59893618
1414157400,24.005,24.165,23.785,24.14,13413606
1414416600,23.925,23.975,23.54,23.635,70286784
1414503000,23.785,23.89,23.69,23.87,15199208
1414589400,23.865,23.9,23.415,23.575,47813802
1414675800,23.485,23.88,23.485,23.755,13382800
1414762200,23.955,24.21,23.87,24.2,16805272
1415025000,24.21,24.3,23.945,24.03,41656484
1415111400,23.965,24.02,23.67,23.78,26076264
1415197800,23.83,24.055,23.815,24.01,12231752
1415284200,23.93,24.2525,23.93,24.205,7653056
1415370600,24.23,24.36,24.215,24.32,10205038
1415629800,24.31,24.4,24.25,24.385,7285928
1415716200,24.375,24.5225,24.345,24.505,7220438
1415802600,24.485,24.625,24.45,24.565,7708040
1415889000,24.59,24.765,24.435,24.57,8238508
1415975400,24.6,24.695,24.54,24.645,6337484
1416234600,24.625,24.6675,24.55,24.64,5254104
1416321000,24.645,24.955,24.645,24.935,10036236
1416407400,24.915,24.98,24.8125,24.9,9681818
1416493800,24.775,25.03,24.7,25.03,7716996
1416580200,25.35,25.505,25.24,25.335,19118334
1416839400,25.375,25.375,25.18,25.22,4283722
1416925800,25.225,25.3,25.11,25.13,4812842
1417012200,25.055,25.165,24.9575,25.15,3762038
1417185000,24.905,24.93,24.525,24.58,9735456
1417444200,24.505,24.615,24.195,24.325,24024618
1417530600,24.325,24.525,24.27,24.47,11860958
1417617000,24.525,24.865,24.4625,24.83,14694304
1417703400,24.765,24.965,24.745,24.905,11708054
1417789800,24.9,25.0525,24.8375,24.885,6722154
1418049000,24.855,24.86,24.4525,24.49,11003702
1418135400,24.36,24.57,24.26,24.555,12046776
1418221800,24.455,24.48,23.99,24.05,15161156
1418308200,24.125,24.33,24.02,24.07,7843512
1418394600,23.825,23.96,23.385,23.4,17337720
1418653800,23.485,23.555,23.18,23.275,17989928
1418740200,23.19,23.67,23.0875,23.095,19044072
1418826600,23.18,23.79,23.18,23.725,21216062
1418913000,24.095,24.28,23.88,24.265,14030298
1418999400,24.325,24.495,24.22,24.41,10772510
1419258600,24.485,24.485,24.285,24.425,6613322
1419345000,24.525,24.685,24.4725,24.615,14191268
1419431400,24.525,24.62,24.4895,24.53,3757660
1419604200,24.68,24.695,24.58,24.615,2593938
1419863400,24.555,24.68495,24.555,24.615,4346454
1419949800,24.56,24.64,24.52,24.53,4335150
1420036200,24.585,24.585,24.285,24.29,5968870
1420209000,24.29,24.435,24.1775,24.325,10469594
1420468200,24.14,24.21,23.60175,23.705,10877686
1420554600,23.775,23.85,23.37,23.495,10108938
1420641000,23.67,23.83,23.58,23.76,7120626
1420727400,24,24.39,23.94,24.325,15281080
1420813800,24.435,24.489,24.09,24.2,13701542
1421073000,24.085,24.245,23.875,24.145,9316234
1421159400,24.28,24.35,23.685,23.875,11710070
1421245800,23.455,23.6275,23.22,23.595,13568510
1421332200,23.7,23.915,23.55,23.55,11710750
1421418600,23.585,23.9625,23.515,23.925,10920384
1421764200,24.09,24.12,23.735,23.965,8123288
1421850600,23.915,24.225,23.855,24.2,9423160
1421937000,24.32,24.545,24.155,24.505,11556626
1422023400,24.455,24.455,24.1075,24.125,10073340
1422282600,24.11,24.2575,24.005,24.23,6202114
1422369000,23.895,24.2375,23.79,24.065,9032812
1422455400,24.1,24.145,23.59,23.63,11556910
1422541800,23.66,23.98,23.505,23.94,11916730
1422628200,23.74,24.13,23.675,23.845,15617346
1422887400,23.87,24.125,23.7075,24.06,13250912
1422973800,24.225,24.605,24.1875,24.59,12252222
1423060200,24.44,24.6125,24.375,24.43,11367216
1423146600,24.51,25.045,24.51,25.02,11728946
1423233000,25.03,25.07,24.89,24.96,11220276
1423492200,24.825,25.075,24.825,24.93,7411122
1423578600,25.09,25.14,24.855,25.115,6490920
1423665000,25.05,25.165,24.93195,25.075,6447864
1423751400,25.225,25.58,25.225,25.505,9801194
1423837800,25.575,25.765,25.525,25.72,5802710
1424183400,25.605,25.85,25.56,25.75,6542412
1424269800,25.675,25.82,25.57,25.82,5948492
1424356200,25.755,25.9475,25.64,25.89,6011438
1424442600,25.84,26.005,25.635,25.965,7145892
1424701800,25.88,25.985,25.765,25.935,5530120
1424788200,26.005,26.08,25.9,26.045,4613644
1424874600,26.03,26.11,25.925,25.97,3915230
1424961000,25.965,26.02,25.73,25.805,5456026
1425047400,25.775,25.88,25.735,25.745,6721258
1425306600,25.755,25.9225,25.635,25.915,6564578
1425393000,25.82,25.9075,25.69,25.775,6416510
1425479400,25.63,25.745,25.5075,25.685,6586288
1425565800,25.75,25.75,25.485,25.575,3874876
1425652200,25.46,25.465,25.18,25.23,8789972
1425907800,25.25,25.34255,25.21,25.265,5047372
1425994200,25.065,25.065,24.845,24.88,10305228
1426080600,24.925,24.96995,24.81,24.85,5070468
1426167000,24.875,25.1775,24.875,25.16,6201196
1426253400,25.05,25.07,24.76,24.92,8384434
1426512600,25.03,25.03,24.7705,24.88,8025284
1426599000,24.705,24.765,24.5,24.605,15765970
1426685400,24.485,25.13,24.355,24.98,12978352
1426771800,24.855,24.89,24.525,24.55,7913598
1426858200,24.52,24.7725,24.44,24.615,9535026
1427117400,24.585,24.715,24.5505,24.615,6741258
1427203800,24.565,24.65,24.45,24.535,4460128
1427290200,24.58,24.675,24.26,24.26,7364246
1427376600,24.225,24.405,24.195,24.315,8144736
1427463000,24.37,24.45,24.27,24.305,7369102
1427722200,24.455,24.715,24.455,24.635,5590206
1427808600,24.52,24.575,24.39,24.39,6928032
1427895000,24.44,24.5,24.24,24.46,8415902
1427981400,24.35,24.555,24.35,24.485,4940748
1428327000,24.455,24.75,24.295,24.68,5381732
1428413400,24.6,24.845,24.6,24.64,3673544
1428499800,24.755,24.805,24.585,24.71,4251272
1428586200,24.675,24.84,24.65,24.78,3810566
1428672600,24.805,24.855,24.7327,24.85,3340080
1428931800,24.76,24.8715,24.7375,24.75,3009172
1429018200,24.7,24.895,24.6875,24.855,4350636
1429104600,24.91,25.19,24.91,25.095,6234390
1429191000,25.1,25.174,24.96,25.04,4334912
1429277400,24.9,24.98,24.72,24.81,7655744
1429536600,24.85,25.025,24.85,24.99,4301444
1429623000,25.055,25.055,24.71,24.805,7943816
1429709400,24.865,24.88,24.655,24.855,5424760
1429795800,24.885,25.02505,24.795,24.92,9665646
1429882200,25.045,25.14,24.9975,25.13,6189158
1430141400,25.205,25.46,25.195,25.35,7235892
1430227800,25.345,25.42,25.205,25.385,6368978
1430314200,25.25,25.4575,25.175,25.37,6888516
1430400600,25.28,25.4,25.115,25.21,8893330
1430487000,25.365,25.69,25.32,25.625,13499804
1430746200,25.7,25.745,25.545,25.555,8300418
1430832600,25.5,25.695,25.205,25.265,7522662
1430919000,25.41,25.46,25.1775,25.27,10031116
1431005400,25.13,25.405,25.06,25.38,12460890
1431091800,25.675,25.89,25.67,25.785,9261934
1431351000,25.77,25.8075,25.625,25.665,8234452
1431437400,25.57,25.57,25.38,25.395,7549680
1431523800,25.325,25.4725,25.27,25.365,7628010
1431610200,25.49,25.65,25.49,25.63,6318950
1431696600,25.605,25.755,25.545,25.755,6259780
1431955800,25.645,25.725,25.585,25.64,5381020
1432042200,25.605,25.65,25.44,25.515,5428932
1432128600,25.56,25.585,25.435,25.5,4407476
1432215000,25.51,25.6425,25.43505,25.59,3818806
1432301400,25.575,25.61,25.515,25.56,3509068
1432647000,25.43,25.435,25.145,25.24,7575166
1432733400,25.24,25.445,25.21,25.405,5585900
1432819800,25.365,25.485,25.315,25.47,3484126
1432906200,25.46,25.465,25.24,25.305,6502306
1433165400,25.365,25.385,25.14,25.315,8735896
1433251800,25.28,25.51,25.225,25.395,7311690
1433338200,25.48,25.575,25.375,25.42,5260480
1433424600,25.27,25.27,25,25.12,7545326
1433511000,25.035,25.125,24.9,25.005,5924410
1433770200,25.005,25.055,24.91,24.915,7849002
1433856600,24.9,25.065,24.9,24.93,5217566
1433943000,25.08,25.2785,25.065,25.19,5454436
1434029400,25.215,25.3,25.18,25.25,3716476
1434115800,25.21,25.22,25.05005,25.1,4746960
1434375000,24.91,25.0375,24.815,24.945,6711804
1434461400,24.895,25.09,24.88,25.075,4290394
1434547800,25.125,25.235,24.94,25.18,7079166
1434634200,25.27,25.455,25.255,25.39,7331224
1434720600,25.235,25.32,25.105,25.105,7395074
1434979800,25.24,25.24,25.125,25.2,3962564
1435066200,25.21,25.24,25.08,25.13,4503156
1435152600,25.075,25.09,24.805,24.81,6282642
1435239000,24.82,24.91,24.715,24.79,4896102
1435325400,24.84,24.885,24.66,24.695,5812040
1435584600,24.505,24.585,24.095,24.12,12405326
1435671000,24.33,24.4,24.1375,24.195,12598398
1435757400,24.435,24.4445,24.265,24.33,10832572
1435843800,24.365,24.42,24.165,24.255,10276654
1436189400,24.055,24.285,23.92,24.055,12870674
1436275800,24,24.05495,23.565,23.975,13718294
1436362200,23.775,23.845,23.4275,23.45,14981632
1436448600,23.795,23.825,23.515,23.52,9807620
1436535000,23.785,23.8975,23.725,23.85,7608320
1436794200,24,24.135,23.96,24.11,5799864
1436880600,24.04,24.295,24.04,24.245,4889054
1436967000,24.25,24.26,23.995,24.055,6131876
1437053400,23.995,24.0675,23.915,23.995,9163436
1437139800,23.92,23.985,23.705,23.83,14496962
1437399000,23.835,23.835,23.585,23.63,8895442
1437485400,23.61,23.8,23.415,23.485,6918684
1437571800,23.435,23.505,23.33,23.385,11785088
1437658200,23.44,23.5,22.985,23.045,9715142
1437744600,23.04,23.05,22.3925,22.54,14524456
1438003800,22.305,22.56,22.235,22.29,18553858
1438090200,22.325,22.815,22.215,22.755,28776472
1438176600,22.79,22.99,22.68,22.92,19170828
1438263000,22.925,23.07,22.9,23.035,11191626
1438349400,23.195,23.195,22.9275,22.975,9396080
1438608600,22.955,23.06,22.6725,22.795,11408334
1438695000,22.81,23.025,22.805,22.895,13195688
1438781400,23.06,23.255,22.935,23.01,11673474
1438867800,23.005,23.09,22.895,22.93,12226736
1438954200,22.78,22.9225,22.535,22.61,11702986
1439213400,22.825,23.18,22.685,23.165,10623084
1439299800,22.8,22.915,22.64,22.735,11703854
1439386200,22.55,22.85,22.485,22.82,13284500
1439472600,22.75,22.855,22.6725,22.755,6056070
1439559000,22.78,22.88,22.72,22.86,4275528
1439818200,22.805,23,22.705,22.99,5095764
1439904600,22.945,22.985,22.8125,22.84,5707916
1439991000,22.725,22.7344,22.465,22.56,8573208
1440077400,22.42,22.485,22.135,22.135,11617346
1440163800,22.005,22.045,21.595,21.595,25100320
1440423000,20.32,21.43,19.675,20.69,55362196
1440509400,21.02,21.47,20.33,20.365,26679022
1440595800,20.79,20.96,20.445,20.915,48975782
1440682200,21.25,21.78,21.2225,21.675,23275306
1440768600,21.62,21.88,21.55,21.8,12740522
1441027800,21.72,21.84,21.44,21.68,17998730
1441114200,21.11,21.38,20.89,21.02,17978426
1441200600,21.275,21.345,20.995,21.32,14753004
1441287000,21.375,21.69,21.355,21.45,9718900
1441373400,21.115,21.22,20.99,21.025,14536048
1441719000,21.405,21.57,21.28805,21.55,13149604
1441805400,21.68,21.865,21.35005,21.385,13668754
1441891800,21.265,21.58,21.265,21.435,10947344
1441978200,21.245,21.415,21.215,21.405,5799004
1442237400,21.375,21.38,21.1,21.15,6685828
1442323800,21.19,21.365,21.1375,21.305,7124008
1442410200,21.325,21.63,21.3,21.61,8727080
1442496600,21.57,21.87,21.465,21.51,18276028
1442583000,21.045,21.175,20.87,20.94,20257220
1442842200,21.09,21.175,20.935,21.01,12034684
1442928600,20.695,20.715,20.44,20.62,13189582
1443015000,20.65,20.66,20.15,20.18,13856158
1443101400,20.005,20.19,19.73,20.125,18589026
1443187800,20.315,20.315,19.98,20.1,14634100
1443447000,20.01,20.015,19.425,19.475,24683520
1443533400,19.57,19.725,19.415,19.55,26944210
1443619800,19.79,19.9995,19.7,19.96,15304466
1443706200,20.04,20.185,19.78,20.185,19226194
1443792600,19.845,20.68,19.845,20.68,46276056
1444051800,20.9,21.225,20.72,21.22,27823954
1444138200,21.35,21.66,21.325,21.495,28153296
1444224600,21.555,21.845,21.4425,21.78,31866064
1444311000,21.69,22.15,21.69,22.085,27989772
1444397400,22.265,22.28,21.995,22.075,18153144
1444656600,22.12,22.12,21.7775,21.885,14825628
1444743000,21.735,21.96,21.635,21.8,17327092
1444829400,21.805,22.09,21.76,21.975,13385994
1444915800,21.995,22.146,21.75245,22.035,9153038
1445002200,22.14,22.195,21.89,22.045,14481062
1445261400,21.895,21.98,21.78,21.89,7809934
1445347800,21.865,22.115,21.825,21.925,7618404
1445434200,21.925,21.995,21.69,21.73,11033010
1445520600,21.99,22.345,21.93415,22.325,14517994
1445607000,22.535,22.6,22.3875,22.51,13013084
1445866200,22.475,22.5416,22.3175,22.325,7989102
1445952600,22.195,22.335,22.0425,22.23,12333442
1446039000,22.195,22.61,22.195,22.565,15291036
1446125400,22.455,22.66,22.44,22.61,10736248
1446211800,22.6,22.8275,22.575,22.64,12850134
1446474600,22.675,22.89,22.62,22.78,22701490
1446561000,22.72,23.0425,22.705,22.87,15207872
1446647400,22.83,22.99,22.71,22.72,13682358
1446733800,22.69,22.69,22.425,22.605,20569906
1446820200,22.42,22.7,22.385,22.665,9202806
1447079400,22.56,22.66,22.31,22.51,10764180
1447165800,22.43,22.5,22.2075,22.345,9809192
1447252200,22.395,22.44,22.2325,22.37,12558826
1447338600,22.14,22.17,21.92,21.92,18044452
1447425000,21.905,22.315,21.87,22.2,14164762
1447684200,22.245,22.5,22.165,22.485,15462990
1447770600,22.525,22.685,22.4,22.46,25502248
1447857000,22.54,22.8775,22.48075,22.86,15760512
1447943400,22.805,22.965,22.795,22.835,10586106
1448029800,22.89,22.995,22.71,22.765,7459470
1448289000,22.8,22.97,22.7575,22.795,7656258
1448375400,22.615,23.045,22.615,22.985,12506734
1448461800,22.985,23.025,22.81,22.84,8317976
1448634600,22.81,22.855,22.705,22.81,2541542
1448893800,22.87,22.97,22.785,22.865,13122632
1448980200,22.88,23.03,22.8,23.025,15434072
1449066600,22.955,23.01,22.64,22.715,16011774
1449153000,22.825,22.865,22.3975,22.515,11657560
1449239400,22.565,22.97,22.495,22.91,11215492
1449498600,22.785,22.895,22.355,22.5,12326128
1449585000,22.265,22.455,22.045,22.075,14852386
1449671400,22.645,23.03,22.505,22.74,25922882
1449757800,22.6,22.785,22.42,22.57,10571598
1449844200,21.985,22.235,21.94,21.97,19088450
1450103400,21.855,21.93,21.485,21.68,17774336
1450189800,21.9,22.02995,21.7525,21.8,10094006
1450276200,21.915,22.045,21.615,22.025,16132828
1450362600,22.06,22.06,21.585,21.585,18393008
1450449000,21.38,21.525,21.135,21.135,28498498
1450708200,21.28,21.385,21.145,21.325,11774190
1450794600,21.435,21.695,21.365,21.595,10536402
1450881000,21.75,22.14,21.75,22.105,11639226
1450967400,22.055,22.145,22.01,22.055,7434024
1451313000,21.96,21.96,21.77,21.9,8323122
1451399400,22.025,22.1825,22.015,22.105,7770764
1451485800,22.035,22.105,21.87,21.9,6678144
1451572200,21.85,21.965,21.71,21.71,9359028
1451917800,21.36,21.43,21.1275,21.37,28860380
1452004200,21.46,21.46,21.2,21.36,18997916
1452090600,21.07,21.09,20.6825,20.8,18614764
1452177000,20.42,20.6225,20.125,20.235,25159348
1452263400,20.43,20.45,19.975,20.03,17400352
1452522600,20.135,20.14,19.535,19.69,20131306
1452609000,19.98,19.98,19.475,19.72,14540518
1452695400,19.865,19.905,19.24,19.265,21619168
1452781800,19.34,19.6675,19.105,19.525,20745186
1452868200,19.125,19.255,18.875,19.125,18717792
1453213800,19.3,19.365,18.645,18.89,19731146
1453300200,18.47,18.91,18.1463,18.75,25650774
1453386600,18.84,19.055,18.5875,18.915,23401304
1453473000,19.27,19.54,19.075,19.255,19075210
1453732200,19.07,19.11,18.61,18.64,22283462
1453818600,18.84,19.01,18.6425,18.96,15175614
1453905000,18.925,19.25,18.76,18.81,15628692
1453991400,18.98,19.01,18.67175,18.84,13311004
1454077800,18.995,19.4,18.85,19.385,16002018
1454337000,19.275,19.515,19.04,19.465,27190800
1454423400,19.39,19.435,19.11,19.335,23018776
1454509800,19.565,19.985,19.315,19.985,28828450
1454596200,20.065,20.675,20.05,20.54,29180814
1454682600,20.385,20.59375,20.235,20.305,22863734
1454941800,20,20.16,19.4825,19.77,23207440
1455028200,19.58,20.115,19.58,20.015,20513592
1455114600,20.1,20.305,19.775,19.825,22744718
1455201000,19.42,19.67505,19.235,19.395,27070090
1455287400,19.67,19.97,19.45,19.97,17192782
1455633000,20.17,20.3,19.915,20.275,13573648
1455719400,20.44,20.79,20.435,20.675,14988440
1455805800,20.7,20.705,20.465,20.615,10820316
1455892200,20.505,20.52,20.29,20.375,11860946
1456151400,20.605,20.835,20.575,20.765,10720940
1456237800,20.6,20.61,20.22,20.255,13067472
1456324200,20.05,20.49,19.955,20.465,20284886
1456410600,20.515,20.745,20.3325,20.73,10271320
1456497000,20.9,21.145,20.9,21.03,13506160
1456756200,21.07,21.28,20.89,20.9,13677984
1456842600,21.15,21.49,21.0156,21.435,24185084
1456929000,21.195,21.395,21.13125,21.35,19728698
1457015400,21.305,21.535,21.265,21.48,17211376
1457101800,21.505,21.87,21.4325,21.73,19815508
1457361000,21.74,22.03,21.735,21.98,15768786
1457447400,21.8,21.805,21.425,21.55,12577700
1457533800,21.665,21.79,21.535,21.685,11225616
1457620200,21.74,21.93,21.55,21.8,15158158
1457706600,22.015,22.26,22.015,22.2,10039918
1457962200,22.06,22.17,21.965,22.05,10943934
1458048600,21.85,22.1,21.72,22.1,9968654
1458135000,21.75,22.285,21.75,22.285,14579466
1458221400,22.245,22.765,22.245,22.695,15562238
1458307800,22.755,22.87,22.585,22.71,15260388
1458567000,22.66,22.815,22.38,22.815,10149492
1458653400,22.375,22.64,22.34,22.555,8192250
1458739800,22.365,22.435,22.235,22.275,11327224
1458826200,22.09,22.285,21.995,22.275,7524144
1459171800,22.25,22.45,22.23,22.37,7898676
1459258200,22.215,22.5,22.14,22.495,8191110
1459344600,22.595,22.6911,22.5,22.595,8072658
1459431000,22.62,22.65,22.3305,22.405,11115528
1459517400,22.245,22.62,22.08,22.62,17181092
1459776600,22.475,22.605,22.285,22.325,11321110
1459863000,22.16,22.295,22.13,22.185,10966322
1459949400,22.13,22.44,21.985,22.44,11345476
1460035800,22.27,22.305,22.02,22.115,10134162
1460122200,22.235,22.51,22.235,22.26,8811534
1460381400,22.46,22.595,22.36,22.36,7691376
1460467800,22.495,22.71,22.37,22.67,9409768
1460554200,22.815,22.97,22.795,22.895,9651806
1460640600,22.995,23.035,22.86,22.91,7076610
1460727000,22.97,23.03,22.82335,23.015,6874854
1460986200,22.9,23.1225,22.815,23.12,8931374
1461072600,23.21,23.63,23.175,23.615,12652160
1461159000,23.645,23.66,23.48495,23.545,13013350
1461245400,23.615,23.705,23.435,23.44,12141278
1461331800,23.515,23.67825,23.47505,23.605,10859522
1461591000,23.58,23.58,23.345,23.525,9203784
1461677400,23.545,23.745,23.525,23.715,10080042
1461763800,23.775,23.94,23.66835,23.915,11411574
1461850200,23.735,23.955,23.59,23.69,11328200
1461936600,23.61,23.77,23.39,23.55,12743830
1462195800,23.645,23.65005,23.405,23.635,12408002
1462282200,23.415,23.43,23.145,23.245,18644428
1462368600,23.04,23.185,22.86,23.01,16141276
1462455000,23.155,23.19,22.855,22.895,13941986
1462541400,22.845,23.1,22.77,23.08,13554530
1462800600,22.905,22.93945,22.77,22.8,13138172
1462887000,22.915,23.2,22.87,23.18,13576320
1462973400,23.22,23.3,23.085,23.1,11365012
1463059800,23.52,23.595,23.12,23.2,19875250
1463146200,23.19,23.31,22.89,22.975,11247898
1463405400,23.025,23.395,23.015,23.37,11674286
1463491800,23.255,23.485,23.2,23.25,12844898
1463578200,23.12,23.29,22.79,22.895,19189512
1463664600,22.85,23.005,22.70925,22.975,12529768
1463751000,23.07,23.235,23.055,23.14,9825244
1464010200,23.25,23.515,23.24,23.41,8569452
1464096600,23.485,23.62,23.445,23.565,9029342
1464183000,24.01,24.01,23.7,23.855,11248078
1464269400,23.93,24.09,23.585,23.6,6667262
1464355800,23.5,23.675,23.5,23.59,8625610
1464701400,23.7,23.7,23.4325,23.47,8903772
1464787800,23.425,23.545,23.185,23.5,9823626
1464874200,23.475,23.645,23.37,23.63,6764094
1464960600,23.735,23.885,23.585,23.83,9948354
1465219800,23.935,24.1,23.895,24.075,13869474
1465306200,24.095,24.165,23.98,24.085,7281344
1465392600,24.24,24.3,24.14,24.225,7884446
1465479000,24.1,24.108,23.94,24.05,7931146
1465565400,23.9,24.01,23.81,23.87,9617766
1465824600,23.88,23.96495,23.6,23.605,10637736
1465911000,23.535,23.61,23.2725,23.43,15125040
1465997400,23.52,23.7,23.48,23.535,8335786
1466083800,23.435,23.625,23.23,23.615,11745328
1466170200,23.45,23.65,23.395,23.6,11854178
1466429400,23.825,24.03,23.72,23.735,11931944
1466515800,23.755,23.79,23.5825,23.67,6126764
1466602200,23.69,23.78,23.655,23.695,6083480
1466688600,23.93,24.07,23.9,24.06,7116460
1466775000,23.24,23.535,22.95,23.01,24895014
1467034200,22.835,22.835,22.11,22.235,18118650
1467120600,22.415,22.56,22.19,22.425,20741122
1467207000,22.7,22.88,22.645,22.805,13310922
1467293400,22.87,23.18,22.745,23.17,11955566
1467379800,23.17,23.32825,23.105,23.18,9928238
1467725400,23.06,23.15,22.68,22.76,11140226
1467811800,22.68,22.88,22.5067,22.85,11675850
1467898200,22.77,23.095,22.77,22.91,8517248
1467984600,23.07,23.525,23.07,23.48,10482958
1468243800,23.56,23.66,23.5,23.595,9244508
1468330200,23.775,24.155,23.76,24.025,13508484
1468416600,24.065,24.125,23.94505,24.09,7860838
1468503000,24.185,24.34995,24.1582,24.305,9951054
1468589400,24.39,24.46,24.325,24.39,7262284
1468848600,24.39,24.575,24.235,24.55,5910986
1468935000,24.42,24.51,24.305,24.405,7029514
1469021400,24.345,24.48,24.235,24.415,8024450
1469107800,24.43,24.435,24.175,24.265,7250554
1469194200,24.29,24.385,24.225,24.33,7778774
1469453400,24.305,24.305,24.125,24.29,9678332
1469539800,24.285,24.49,24.265,24.475,8344250
1469626200,24.495,24.59,24.325,24.505,8514142
1469712600,24.45,24.55,24.3275,24.47,7331296
1469799000,24.4,24.42,24.175,24.345,8545624
1470058200,24.35,24.35,24.1118,24.21,7131674
1470144600,24.19,24.26175,23.985,24.145,12103198
1470231000,24.185,24.3,24.03,24.205,6950744
1470317400,24.205,24.37,24.155,24.305,7105026
1470403800,24.34,24.435,24.2975,24.385,6312016
1470663000,24.41,24.505,24.375,24.435,9463530
1470749400,24.445,24.53,24.31,24.36,7983760
1470835800,24.405,24.47275,24.33,24.365,4511488
1470922200,24.485,24.515,24.34,24.47,5391438
1471008600,24.47,24.495,24.16,24.21,6764376
1471267800,24.295,24.515,24.28,24.455,4634148
1471354200,24.495,24.59,24.315,24.325,6769286
1471440600,24.305,24.3575,24.1025,24.305,6152760
1471527000,24.315,24.46,24.30505,24.46,6755848
1471613400,24.4,24.53,24.255,24.495,9812206
1471872600,24.405,24.495,24.275,24.46,6099970
1471959000,24.675,24.785,24.615,24.67,8259448
1472045400,24.635,24.635,24.355,24.385,7807832
1472131800,24.36,24.535,24.355,24.505,6776304
1472218200,24.6,24.76,24.265,24.365,11969650
1472477400,24.33,24.63995,24.325,24.585,5967546
1472563800,24.575,24.705,24.48,24.525,7531690
1472650200,24.4,24.44,24.225,24.28,8380338
1472736600,24.355,24.41,24.2,24.38,9463696
1472823000,24.565,24.625,24.49,24.625,6608966
1473168600,24.65,24.715,24.465,24.57,6408586
1473255000,24.515,24.605,24.38,24.535,11484106
1473341400,24.49,24.545,24.355,24.43,5730246
1473427800,24.25,24.265,23.695,23.72,17347320
1473687000,23.58,24.01,23.535,23.945,13025540
1473773400,23.7,23.795,23.345,23.5,20947936
1473859800,23.5,23.59,23.375,23.445,15579506
1473946200,23.41,23.645,23.355,23.595,12250048
1474032600,23.315,23.42,23.275,23.38,17158004
1474291800,23.485,23.5675,23.375,23.415,7353042
1474378200,23.59,23.62,23.34,23.345,7998774
1474464600,23.475,23.73,23.43,23.7,11192468
1474551000,23.87,23.98,23.715,23.775,5991382
1474637400,23.695,23.81,23.65,23.655,8620414
1474896600,23.67,23.705,23.515,23.545,7515626
1474983000,23.465,23.635,23.425,23.615,6643504
1475069400,23.67,23.91,23.56,23.885,9133218
1475155800,23.79,23.95,23.625,23.7,9322702
1475242200,23.845,23.96,23.77,23.875,9390540
1475501400,23.89,23.955,23.815,23.845,16199472
1475587800,23.88,23.925,23.48005,23.52,11833584
1475674200,23.565,23.78495,23.565,23.68,13485574
1475760600,23.625,23.8875,23.59,23.875,10459550
1475847000,23.905,23.905,23.35,23.43,11781702
1476106200,23.57,23.74,23.52,23.57,6183884
1476192600,23.405,23.43,23.1,23.25,22701078
1476279000,23.27,23.29,23.0905,23.205,8116312
1476365400,22.955,23.14,22.78,23.085,9894102
1476451800,23.185,23.325,23.135,23.16,9537412
1476711000,23.17,23.265,23.135,23.18,6538158
1476797400,23.41,23.46,23.31,23.39,5839698
1476883800,23.445,23.6,23.355,23.56,5369586
1476970200,23.53,23.6175,23.3775,23.54,5456394
1477056600,23.35,23.545,23.3,23.53,7725792
1477315800,23.62,23.66,23.525,23.585,6041430
1477402200,23.48,23.575,23.3175,23.37,6744044
1477488600,23.34,23.375,23.2281,23.335,6690220
1477575000,23.395,23.435,23.2,23.305,9517124
1477661400,23.375,23.5575,23.24,23.365,10611496
1477920600,23.37,23.445,23.3275,23.375,14324200
1478007000,23.425,23.52,23.11,23.24,28453894
1478093400,23.275,23.32,23.115,23.115,11679670
1478179800,23.1,23.2375,23.06,23.12,8482738
1478266200,23.12,23.325,23.085,23.2,8831320
1478529000,23.47,23.555,23.395,23.555,14197092
1478615400,23.495,23.705,23.445,23.63,10583698
1478701800,23.615,24.185,23.425,24.13,29530294
1478788200,24.24,24.53,24.23,24.41,40670714
1478874600,24.375,24.4,23.925,24.075,13428078
1479133800,24.185,24.21,23.98,24.13,16677906
1479220200,24.115,24.235,23.945,24.23,13921380
1479306600,24.175,24.27,24.10345,24.185,7432976
1479393000,24.26,24.28,24.07,24.195,8271732
1479479400,24.19,24.19,24.0875,24.16,7788324
1479738600,24.195,24.455,24.195,24.445,7598218
1479825000,24.51,24.645,24.44,24.595,10270108
1479911400,24.55,24.72,24.48,24.705,6997646
1480084200,24.73,24.795,24.6875,24.78,3205178
1480343400,24.795,24.795,24.62505,24.68,9059382
1480429800,24.595,24.80495,24.5,24.705,6861388
1480516200,24.835,25.03,24.755,24.97,14855452
1480602600,25.055,25.165,24.905,24.98,16413434
1480689000,24.96,25.0675,24.845,24.99,12528264
1480948200,25.09,25.27,25.03,25.185,10625800
1481034600,25.185,25.22,25.025,25.215,13429622
1481121000,25.265,25.59,25.215,25.575,14901424
1481207400,25.605,25.845,25.59495,25.745,14014218
1481293800,25.81,25.81,25.62,25.75,8984836
1481553000,25.785,25.845,25.62,25.635,9474972
1481639400,25.73,25.745,25.4375,25.595,9274570
1481725800,25.59,25.63,25.24505,25.29,18738332
1481812200,25.2,25.52,25.155,25.455,12862078
1481898600,25.395,25.395,25.145,25.21,10354676
1482157800,25.135,25.23,25.065,25.16,6404530
1482244200,25.13,25.2,25.045,25.18,8852834
1482330600,25.275,25.293,25.15,25.19,6560270
1482417000,25.165,25.195,25.01,25.085,6630878
1482503400,25.155,25.155,24.985,25.135,4314796
1482849000,25.205,25.3005,25.105,25.27,7773054
1482935400,25.365,25.485,24.995,25.015,6155620
1483021800,25.005,25.12,24.97575,25.015,5727236
1483108200,25.05,25.09,24.75,24.85,9859816
1483453800,24.915,25.135,24.815,24.995,15474932
1483540200,25.095,25.405,25.095,25.36,9084690
1483626600,25.33,25.425,25.2,25.285,7806034
1483713000,25.285,25.33,25.1663,25.31,5894164
1483972200,25.29,25.545,25.265,25.305,14201192
1484058600,25.32,25.415,25.21035,25.32,5688322
1484145000,25.275,25.5375,25.275,25.525,13199806
1484231400,25.525,25.525,25.315,25.475,6312002
1484317800,25.48,25.505,25.37,25.435,4896898
1484663400,25.37,25.43,25.24,25.32,7363314
1484749800,25.39,25.505,25.305,25.48,6073380
1484836200,25.51,25.565,25.225,25.32,6606400
1484922600,25.41,25.5875,25.39,25.545,10013722
1485181800,25.545,25.635,25.4475,25.595,8322182
1485268200,25.69,26.315,25.69,26.255,15961950
1485354600,26.365,26.455,26.19995,26.43,16441878
1485441000,26.435,26.63,26.37,26.5,10641176
1485527400,26.435,26.485,26.35,26.405,9305138
1485786600,26.31,26.31,26.02375,26.135,12086132
1485873000,26.125,26.145,25.875,25.98,11053348
1485959400,25.97,26.16,25.8925,26.11,20149720
1486045800,26.1,26.1,25.905,25.995,10131418
1486132200,26.035,26.07795,25.955,26.04,11083692
1486391400,25.98,26.005,25.86,25.97,5445266
1486477800,25.9,25.94,25.72715,25.765,8401600
1486564200,25.75,25.835,25.665,25.825,9378386
1486650600,25.835,25.895,25.76,25.815,16234862
1486737000,25.93,26.09,25.915,26.05,6954962
1486996200,26.15,26.335,26.15,26.265,7428136
1487082600,26.22,26.2725,26.0875,26.26,7324564
1487169000,26.19,26.31,26.175,26.225,6209808
1487255400,26.25,26.37725,26.14,26.225,6408880
1487341800,26.175,26.21,26.055,26.15,7928274
1487687400,26.135,26.31,26.09,26.235,14751866
1487773800,26.13,26.45,26.115,26.305,10228866
1487860200,26.36,26.455,26.135,26.16,7070524
1487946600,26.05,26.235,26.01,26.215,9624660
1488205800,26.215,26.365,26.11,26.15,12595664
1488292200,26.13,26.25,26.085,26.125,7724490
1488378600,26.365,26.72,26.365,26.635,11802190
1488465000,26.615,26.6265,26.35,26.35,9149368
1488551400,26.35,26.435,26.26,26.33,5924256
1488810600,26.235,26.305,26.12,26.16,7113428
1488897000,26.175,26.2,26.0025,26.015,7676284
1488983400,26.035,26.285,25.975,26.015,10178268
1489069800,26.05,26.0825,25.81,25.935,9039680
1489156200,26.075,26.1375,25.935,26.055,9538182
1489411800,26.085,26.135,26.015,26.13,7070374
1489498200,26.025,26.045,25.875,25.905,11313020
1489584600,26.015,26.365,25.9925,26.32,11398090
1489671000,26.38,26.415,26.1,26.14,13080158
1489757400,26.18,26.265,26.145,26.17,10261176
1490016600,26.19,26.3275,26.09,26.31085,5510400
1490103000,26.335,26.39,25.835,25.875,14679362
1490189400,25.855,25.97,25.685,25.95,11302792
1490275800,25.91,26.14,25.85,26.06,9532754
1490362200,26.045,26.115,25.72,25.83,12040590
1490621400,25.585,25.935,25.52,25.885,8577770
1490707800,25.92,26.275,25.855,26.185,7867170
1490794200,26.145,26.275,26.115,26.205,6022724
1490880600,26.19,26.35,26.18,26.21,5983172
1490967000,26.23,26.35,26.18,26.205,7425392
1491226200,26.215,26.32125,25.895,26.105,9030934
1491312600,26.085,26.2075,26.015,26.2,6526668
1491399000,26.28,26.4933,26.155,26.18,10009762
1491485400,26.205,26.42,26.12,26.32,6163998
1491571800,26.245,26.385,26.215,26.295,5061812
1491831000,26.295,26.3725,26.2,26.3,6923014
1491917400,26.22,26.28,26.08,26.23,7831446
1492003800,26.195,26.23995,25.8875,25.905,7779618
1492090200,25.855,25.905,25.635,25.655,8386956
1492435800,25.725,25.85,25.675,25.84,7701942
1492522200,25.725,25.89,25.695,25.81,5073808
1492608600,25.9,25.975,25.79995,25.845,6260448
1492695000,25.96,26.235,25.94,26.13,8138784
1492781400,26.11,26.1675,26.0275,26.1,7183290
1493040600,26.385,26.47,26.34,26.4,11133592
1493127000,26.63,26.86,26.615,26.825,15764520
1493213400,26.785,26.91,26.72,26.82,6333890
1493299800,26.785,26.84,26.585,26.76,9209970
1493386200,26.705,26.785,26.535,26.535,8080004
1493645400,26.66,26.66,26.475,26.55,7949564
1493731800,26.56,26.635,26.475,26.595,6931638
1493818200,26.485,26.545,26.2575,26.335,13197718
1493904600,26.41,26.43,26.28,26.365,7487602
1493991000,26.415,26.76,26.415,26.74,11447440
1494250200,26.68,26.715,26.47,26.525,10216258
1494336600,26.5,26.55,26.29,26.325,9386460
1494423000,26.365,26.445,26.3,26.41,6388034
1494509400,26.34,26.43,26.13,26.37,6680580
1494595800,26.35,26.385,26.285,26.305,4718348
1494855000,26.385,26.615,26.385,26.535,6526156
1494941400,26.545,26.605,26.5025,26.54,6068816
1495027800,26.355,26.375,25.975,25.98,16264872
1495114200,25.88,26.06,25.675,25.995,13926696
1495200600,26.045,26.33,26.04,26.22,9978666
1495459800,26.31,26.375,26.1725,26.25,5743186
1495546200,26.305,26.3675,26.235,26.27,7095906
1495632600,26.325,26.505,26.32,26.445,6299806
1495719000,26.54,26.605,26.3525,26.415,9707534
1495805400,26.375,26.49,26.345,26.465,4240140
1496151000,26.425,26.5075,26.37,26.46,5597624
1496237400,26.495,26.545,26.285,26.54,12338910
1496323800,26.525,26.89,26.52,26.86,15808116
1496410200,26.85,26.9825,26.795,26.925,9810868
1496669400,26.9,26.955,26.8025,26.84,5658642
1496755800,26.765,26.93,26.7025,26.855,8257222
1496842200,26.94,26.985,26.805,26.89,8332028
1496928600,26.845,27.055,26.84,26.97,7152436
1497015000,27.03,27.345,27.03,27.315,14996596
1497274200,27.28,27.43,27.15,27.21,11520888
1497360600,27.195,27.56,27.195,27.55,6725002
1497447000,27.59,27.61,27.185,27.26,11182342
1497533400,27.07,27.17,26.905,27.02,9720248
1497619800,27.02,27.025,26.86,27.01,9150286
1497879000,27.145,27.26,27.11,27.225,5012828
1497965400,27.17,27.17,27.07,27.075,6916884
1498051800,27.11,27.135,26.755,26.79,9522600
1498138200,26.79,26.9183,26.77,26.82,6704224
1498224600,26.885,27.005,26.78,26.925,6690702
1498483800,27.015,27.05,26.895,27.005,8108124
1498570200,27.06,27.095,26.83,26.84,7226380
1498656600,27.035,27.15,26.985,27.085,6591982
1498743000,27.075,27.12,26.6875,26.76,8811632
1498829400,26.805,27.025,26.8,26.905,6258696
1499088600,26.97,27.2075,26.945,27.14,6216976
1499261400,27.17,27.18,26.96,27.05,11411472
1499347800,26.9,27.075,26.85,26.93,9858882
1499434200,26.975,27.1,26.87,27.07,5246782
1499693400,27.065,27.3475,26.95505,27.24,7711722
1499779800,27.24,27.27,27.035,27.2,4017206
1499866200,27.345,27.54,27.3,27.515,5802444
1499952600,27.54,27.5875,27.445,27.485,4266776
1500039000,27.585,27.68,27.51,27.625,6508812
1500298200,27.64,27.75,27.58,27.68,5979668
1500384600,27.605,27.61,27.46,27.565,4634544
1500471000,27.575,27.8475,27.575,27.83,6846100
1500557400,27.765,27.775,27.5375,27.625,9041090
1500643800,27.545,27.63495,27.505,27.63,5446926
1500903000,27.6,27.645,27.4875,27.605,5522148
1500989400,27.845,27.96,27.8075,27.9,9110434
1501075800,27.88,27.88,27.6875,27.73,7623930
1501162200,27.76,27.81,27.5,27.63,7578578
1501248600,27.655,27.74,27.425,27.53,9382378
1501507800,27.59,27.6225,27.3025,27.32,9019676
1501594200,27.435,27.435,27.205,27.34,21064306
1501680600,27.26,27.405,27.14,27.365,6438916
1501767000,27.455,27.455,27.13,27.16,7983570
1501853400,27.24,27.32,27.225,27.29,5272666
1502112600,27.33,27.4025,27.285,27.305,5056256
1502199000,27.25,27.275,27.0325,27.09,8324018
1502285400,27.07,27.1475,27.025,27.115,6909726
1502371800,27.015,27.06,26.78,26.805,12957644
1502458200,26.725,26.84,26.705,26.74,7829984
1502717400,26.88,27.0325,26.88,26.99,7159644
1502803800,27.01,27.045,26.915,26.995,3973020
1502890200,27.085,27.26,27.08,27.26,10653340
1502976600,27.17,27.215,26.84,26.845,8904092
1503063000,26.75,26.9725,26.735,26.855,7537320
1503322200,26.9,26.9525,26.815,26.88,5403196
1503408600,26.955,27.23,26.955,27.23,6240754
1503495000,27.11,27.2675,27.08,27.18,8219206
1503581400,27.175,27.225,27.095,27.13,5330332
1503667800,27.23,27.2725,27.1575,27.215,5828878
1503927000,27.315,27.315,27.14,27.255,4621618
1504013400,27.09,27.16,27.0175,27.125,6019616
1504099800,27.105,27.3525,27.0275,27.325,10283834
1504186200,27.45,27.59495,27.425,27.535,9280504
1504272600,27.63,27.74315,27.5625,27.715,10567394
1504618200,27.74,27.81,27.37,27.4,13655936
1504704600,27.425,27.5075,27.2675,27.47,12517022
1504791000,27.505,27.53,27.34,27.515,8885260
1504877400,27.495,27.535,27.3825,27.505,5438440
1505136600,27.655,27.9375,27.605,27.865,10144626
1505223000,27.99,28.195,27.985,28.1,13287374
1505309400,28.105,28.115,27.95,28.09,8780576
1505395800,28.09,28.2275,28.02445,28.185,8557516
1505482200,28.015,28.085,27.94,28.035,9401798
1505741400,28.09,28.22,28.04,28.19,8851380
1505827800,28.28,28.35,28.16,28.335,6063926
1505914200,28.425,28.4925,28.28,28.435,8864812
1506000600,28.38,28.4775,28.37,28.375,6344838
1506087000,28.325,28.365,28.23,28.275,5887122
1506346200,28.255,28.325,28.125,28.325,10978060
1506432600,28.35,28.385,28.19,28.2,5490642
1506519000,28.235,28.275,27.995,28.2,7937238
1506605400,28.175,28.405,28.1,28.4,8713406
1506691800,28.38,28.4375,28.265,28.4,8288866
1506951000,28.365,28.71,28.355,28.71,15031880
1507037400,28.75,28.8425,28.6675,28.83,7337692
1507123800,28.86,28.925,28.82,28.84,7681022
1507210200,28.9,29.015,28.86,29.015,7339968
1507296600,28.89,28.965,28.835,28.95,5262350
1507555800,28.98,28.9925,28.85,28.945,3339032
1507642200,29.055,29.055,28.865,28.965,5144498
1507728600,28.95,28.98,28.83,28.98,4033598
1507815000,28.92,29.075,28.91,29.035,6376214
1507901400,29.22,29.25,29.16,29.175,6715734
1508160600,29.305,29.32,29.07,29.155,6626206
1508247000,29.12,29.14,29.005,29.08,5482108
1508333400,29.09,29.11,28.985,29.01,8878578
1508419800,28.95,29.12,28.85,29.12,5450772
1508506200,29.23,29.37,29.22,29.37,9474738
1508765400,29.46,29.585,29.3,29.315,6293030
1508851800,29.39,29.5241,29.37,29.48,8450362
1508938200,29.48,29.515,29.19505,29.325,11317802
1509024600,29.575,29.80875,29.465,29.715,13985944
1509111000,29.69,29.69,29.39,29.56,10382216
1509370200,29.525,29.585,29.36,29.42,10491422
1509456600,29.455,29.575,29.445,29.5,8011890
1509543000,29.65,29.74,29.535,29.645,11202092
1509629400,29.685,29.685,29.365,29.43,25637656
1509715800,29.45,29.4524,29.2772,29.415,7582034
1509978600,29.375,29.4975,29.26,29.29,7396686
1510065000,29.335,29.38,29.23,29.32,7251928
1510151400,29.365,29.405,29.27,29.35,5133318
1510237800,29.2,29.2475,29.01,29.1,9454118
1510324200,29.005,29.1325,28.9925,29.055,5700006
1510583400,28.945,29.245,28.85,29.205,5408460
1510669800,29.03,29.06,28.865,28.94,7373448
1510756200,28.765,28.84,28.63,28.765,10961292
1510842600,28.865,29.15,28.84,29.115,7014708
1510929000,29.04,29.2475,29.015,29.155,5651810
1511188200,29.13,29.2776,29.09,29.195,8318166
1511274600,29.36,29.495,29.315,29.35,6200302
1511361000,29.38,29.39,29.27,29.27,4751672
1511533800,29.335,29.455,29.32,29.42,2446344
1511793000,29.435,29.435,29.24,29.245,7602388
1511879400,29.295,29.585,29.28,29.57,8801300
1511965800,29.605,29.635,29.51,29.615,7738152
1512052200,29.68,29.985,29.625,29.78,15017286
1512138600,29.835,29.875,29.3075,29.535,16367704
1512397800,29.745,30.0831,29.735,29.84,13046876
1512484200,29.85,29.9,29.68,29.69,16453046
1512570600,29.635,29.7,29.505,29.515,8077388
1512657000,29.485,29.72,29.425,29.715,7160596
1512743400,29.75,29.85,29.6475,29.715,10270380
1513002600,29.795,29.88,29.71,29.755,10457484
1513089000,29.815,29.855,29.73,29.76,12029050
1513175400,29.78,29.88,29.7675,29.84,8363650
1513261800,29.915,29.915,29.495,29.51,8369084
1513348200,29.48,29.625,29.435,29.54,10057984
1513607400,29.735,30,29.715,29.975,9742622
1513693800,29.995,30.045,29.915,29.94,6309652
1513780200,30.08,30.095,29.9475,29.95,9517052
1513866600,30.085,30.12,29.94,30.055,6423794
1513953000,30.105,30.195,30.045,30.17,6011140
1514298600,30.185,30.22,30.125,30.145,3319692
1514385000,30.2,30.2425,30.16,30.185,8373160
1514471400,30.22,30.325,30.1525,30.32,3130750
1514557800,30.435,30.435,30.235,30.265,4969640
1514903400,30.425,30.705,30.345,30.695,17958478
1514989800,30.775,30.945,30.705,30.91,9904548
1515076200,31.04,31.2436,31.025,31.18,8240184
1515162600,31.315,31.4625,31.245,31.43,9343996
1515421800,31.46,31.505,31.3222,31.475,9078230
1515508200,31.515,31.66,31.405,31.425,9510972
1515594600,31.365,31.37,31.17,31.235,8440834
1515681000,31.36,31.645,31.335,31.645,11642642
1515767400,31.765,31.785,31.585,31.695,9097508
1516113000,31.79,31.83,31.13,31.325,17025846
1516199400,31.55,31.61,31.34,31.47,21698878
1516285800,31.375,31.565,31.265,31.45,11787498
1516372200,31.595,31.65625,31.465,31.64,9866484
1516631400,31.595,31.595,31.395,31.565,11437934
1516717800,31.5,31.585,31.335,31.56,8042972
1516804200,31.64,31.855,31.56,31.695,11488374
1516890600,31.84,32.04,31.7774,31.905,15536584
1516977000,31.925,32.085,31.695,32.045,7762626
1517236200,32.02,32.06,31.66,31.68,10662636
1517322600,31.545,31.695,31.38,31.45,17635370
1517409000,31.55,31.58,31.265,31.475,19825534
1517495400,31.255,31.46,30.99,31.045,18972296
1517581800,30.875,30.92,30.2055,30.23,19349330
1517841000,30.105,30.437,29.075,29.075,37141422
1517927400,28.65,30.075,28.57,30.025,38680582
1518013800,29.89,30.3,29.755,29.755,33502088
1518100200,29.8,29.865,28.7,28.71,25599986
1518186600,29.025,29.405,28.31,29.21,52835036
1518445800,29.44,29.975,29.355,29.8,20940360
1518532200,29.68,29.86,29.61,29.725,13552630
1518618600,29.48,30.185,29.42,30.125,15999402
1518705000,30.34,30.37,29.98,30.35,12298152
1518791400,30.21,30.535,30.105,30.24,16916942
1519137000,30.11,30.33195,29.995,30.105,10487482
1519223400,30.13,30.535,29.995,30,9994612
1519309800,30.13,30.48,30.09,30.2,9058894
1519396200,30.375,30.655,30.22,30.645,7063978
1519655400,30.775,30.7975,30.473,30.78,6508914
1519741800,30.75,30.795,30.355,30.355,11837184
1519828200,30.44,30.47,29.81,29.815,11141388
1519914600,29.8,29.925,29.29,29.51,19925022
1520001000,29.335,29.56,29.1825,29.48,16019380
1520260200,29.345,29.955,29.305,29.87,13161286
1520346600,30.005,30.425,29.86,30.2,17614920
1520433000,29.88,30.17,29.83,30.09,16786684
1520519400,30.155,30.215,29.91,30.115,10334602
1520605800,30.305,30.675,30.19,30.66,11726348
1520861400,30.695,30.845,30.525,30.585,9550342
1520947800,30.75,30.8724,30.425,30.46,12138408
1521034200,30.595,30.6,30.025,30.085,10858860
1521120600,30.125,30.15,29.685,29.69,10470538
1521207000,29.52,29.735,29.465,29.575,11052930
1521466200,29.49,29.51,28.937,29.15,12682522
1521552600,29.255,29.35,29.06,29.12,7228836
1521639000,29.19,29.715,29.09,29.45,9707338
1521725400,29.215,29.3182,28.5525,28.57,15399420
1521811800,28.635,28.78,27.985,28.01,15817828
1522071000,28.34,28.61,28.075,28.585,11684258
1522157400,28.66,28.84,28.15,28.295,14581972
1522243800,28.345,28.45,27.845,27.935,23688360
1522330200,28.065,28.62,28.0375,28.47,12421312
1522675800,28.375,28.515,27.605,27.85,18658706
1522762200,27.915,28.325,27.74,28.245,13572880
1522848600,27.775,28.4525,27.6151,28.43,12873364
1522935000,28.565,29.06,28.52,28.96,15388626
1523021400,28.675,28.81,28.075,28.255,15822816
1523280600,28.41,28.75,28.21,28.41,12578414
1523367000,28.79,29.15575,28.7475,28.995,25667312
1523453400,28.785,28.8975,28.67,28.78,12914808
1523539800,28.91,29.205,28.835,29.085,7073528
1523626200,29.245,29.325,28.95,29.055,8643514
1523885400,29.27,29.4875,29.12,29.445,12664234
1523971800,29.635,29.865,29.505,29.78,9562302
1524058200,29.95,30.125,29.88,29.995,9472432
1524144600,30.03,30.03,29.55,29.66,11639296
1524231000,29.665,29.755,29.375,29.5,8702266
1524490200,29.44,29.535,29.335,29.415,6195474
1524576600,29.525,29.525,28.32,28.62,17448454
1524663000,28.67,28.865,28.41,28.775,15901386
1524749400,28.91,29.075,28.745,28.955,9875140
1524835800,28.96,29.035,28.6725,28.88,15796748
1525095000,28.925,29.025,28.475,28.505,9750396
1525181400,28.35,28.49,28.11,28.48,12562138
1525267800,28.525,28.635,28.36,28.415,12740538
1525354200,28.45,28.73,28.145,28.545,19521560
1525440600,28.36,29.0575,28.345,28.9,8906224
1525699800,28.93,29.07,28.79245,28.89,9891690
1525786200,28.82,28.95,28.675,28.83,7349224
1525872600,28.94,29.285,28.94,29.245,24065702
1525959000,29.27,29.625,29.25,29.455,9665994
1526045400,29.475,29.68275,29.405,29.445,7104948
1526304600,29.53,29.655,29.445,29.56,5571562
1526391000,29.41,29.52,29.23,29.47,14328230
1526477400,29.47,29.86,29.47,29.82,6724824
1526563800,29.75,30,29.75,29.89,20734648
1526650200,29.855,30.015,29.84,29.93,6550710
1526909400,30.09,30.16,29.985,30.09,10592068
1526995800,30.09,30.18,29.81,29.84,7704990
1527082200,29.645,29.78,29.505,29.77,7298810
1527168600,29.71,29.82,29.515,29.665,7098740
1527255000,29.54,29.595,29.3975,29.505,8115332
1527600600,29.255,29.43,28.9,28.995,11699812
1527687000,29.205,29.425,29.115,29.335,8706170
1527773400,29.37,29.415,29.07505,29.09,11556514
1527859800,29.305,29.6275,29.305,29.535,7605342
1528119000,29.65,29.765,29.63,29.705,9079780
1528205400,29.74,30.0325,29.7,29.93,6651452
1528291800,29.965,30.495,29.88,30.485,16384874
1528378200,30.5,30.525,30.195,30.33,10314516
1528464600,30.3,30.47,30.135,30.415,7571960
1528723800,30.375,30.535,30.32,30.46,5773572
1528810200,30.505,30.6025,30.385,30.5,8955788
1528896600,30.535,30.55,30.135,30.17,8118432
1528983000,30.295,30.365,30.095,30.215,5079414
1529069400,29.88,29.966,29.655,29.865,13096424
1529328600,29.635,29.845,29.6,29.79,17983062
1529415000,29.44,29.5,28.995,29.245,14423344
1529501400,29.365,29.365,29.0275,29.15,10670510
1529587800,29.08,29.11,28.79,28.84,14372954
1529674200,29.055,29.33,29.055,29.26,14228806
1529933400,29.115,29.115,28.56755,28.805,19581108
1530019800,28.855,29.00315,28.795,28.915,7416236
1530106200,29.07,29.375,28.815,28.825,11575506
1530192600,28.835,29.005,28.63,28.935,11778730
1530279000,28.995,29.385,28.995,29.035,10085732
1530538200,28.825,28.945,28.675,28.88,15365724
1530624600,29.065,29.245,28.765,28.83,6778860
1530797400,29.03,29.105,28.805,29.08,11118368
1530883800,29.03,29.31,28.895,29.225,9061840
1531143000,29.365,29.5,29.34,29.485,9075626
1531229400,29.475,29.75,29.475,29.735,11947274
1531315800,29.425,29.51,29.105,29.235,22691174
1531402200,29.415,29.44,29.185,29.305,13237936
1531488600,29.255,29.395,29.21,29.29,6924036
1531747800,29.305,29.365,28.99,29.055,8983150
1531834200,29.08,29.5325,28.97,29.435,15363964
1531920600,29.4,29.57,29.16,29.16,11774378
1532007000,29.265,29.3,29.06,29.265,12835018
1532093400,29.145,29.2484,29.01,29.145,14642028
1532352600,29.135,29.145,28.96,28.985,8298914
1532439000,29.19,29.5225,29.19,29.36,14233654
1532525400,29.375,29.63,29.1675,29.59,9467216
1532611800,29.585,29.815,29.49,29.76,12395354
1532698200,29.85,29.875,29.575,29.65,11042114
1532957400,29.68,29.865,29.545,29.595,6944336
1533043800,29.66,29.9424,29.6475,29.865,10475180
1533130200,29.8,29.865,29.505,29.56,12120714
1533216600,29.315,29.38,29.03,29.365,18536232
1533303000,29.465,29.6575,29.445,29.645,10659172
1533562200,29.415,29.75,29.32,29.635,9262154
1533648600,29.72,29.91,29.7025,29.735,9514844
1533735000,29.76,29.845,29.5925,29.61,13012498
1533821400,29.705,29.9327,29.705,29.77,8488132
1533907800,29.57,29.6245,29.305,29.34,12104572
1534167000,29.365,29.4825,28.9325,29.045,10872142
1534253400,29.165,29.4425,29.145,29.29,8272090
1534339800,29,29.01,28.5075,28.825,16978952
1534426200,28.935,29.16,28.935,29,12689328
1534512600,28.945,29.27,28.935,29.215,10517988
1534771800,29.27,29.475,29.27,29.42,9683068
1534858200,29.48,29.67,29.43,29.535,9916096
1534944600,29.52,29.5675,29.3475,29.385,10865358
1535031000,29.325,29.325,29.105,29.185,8884064
1535117400,29.34,29.6025,29.31,29.565,9903164
1535376600,29.625,30.065,29.625,29.97,11218176
1535463000,30.015,30.1475,29.76,29.855,7686238
1535549400,29.86,30.1325,29.73,30.08,8557008
1535635800,29.94,30.08,29.635,29.725,11678504
1535722200,29.68,29.87,29.57,29.635,8561474
1536067800,29.555,29.57,29.2775,29.43,11944434
1536154200,29.405,29.68,29.32,29.625,9280760
1536240600,29.66,29.86,29.48,29.685,12008178
1536327000,29.465,29.6,29.295,29.49,14598120
1536586200,29.57,29.685,29.51,29.525,9542992
1536672600,29.31,29.66,29.205,29.585,15497942
1536759000,29.58,29.735,29.465,29.6,12482594
1536845400,29.835,29.935,29.7,29.715,8205788
1536931800,29.78,29.835,29.63,29.705,9707424
1537191000,29.695,29.985,29.695,29.81,7766776
1537277400,29.895,30,29.735,29.84,8157052
1537363800,29.87,30.29,29.87,30.165,15854390
1537450200,30.375,30.58,30.36495,30.49,11195292
1537536600,30.47,30.525,30.2,30.28,16308600
1537795800,30.18,30.2175,29.805,29.855,9201330
1537882200,29.925,29.955,29.665,29.7,10123674
1537968600,29.555,29.685,29.345,29.405,17022552
1538055000,29.385,29.385,29.115,29.15,12559850
1538141400,29.065,29.11,28.91,28.965,10761894
1538400600,29.125,29.375,29.125,29.255,8772960
1538487000,29.275,29.4569,29.2296,29.38,7347514
1538573400,29.48,29.52,29.145,29.17,7870072
1538659800,29.16,29.16,28.805,29.035,11157794
1538746200,28.98,29.09,28.7,28.82,10704350
1539005400,28.705,28.855,28.585,28.805,12580682
1539091800,28.43,28.43,27.805,27.85,22714776
1539178200,27.865,27.88,27.11,27.12,26403366
1539264600,27.1,27.34,26.71,26.805,36573564
1539351000,27.235,27.315,26.685,26.88,21301048
1539610200,26.875,27.045,26.78,26.79,10256520
1539696600,26.875,27.28,26.78,27.22,11053086
1539783000,27.19,27.25,26.87,27.045,17069908
1539869400,26.92,27.18,26.595,26.74,15387906
1539955800,26.675,26.915,26.505,26.55,14211704
1540215000,26.665,26.76,26.25,26.34,26652914
1540301400,25.915,26.215,25.515,26.08,40403746
1540387800,25.985,26.115,25.1975,25.255,41268020
1540474200,25.405,25.775,25.37,25.58,28511696
1540560600,25.225,25.695,25.045,25.43,47958548
1540819800,25.755,25.94,25.11,25.37,34825310
1540906200,25.3,25.9975,25.275,25.95,46345178
1540992600,26.245,26.475,26.135,26.305,26335464
1541079000,26.785,27.1075,26.595,27.045,27448518
1541165400,27.23,27.305,26.625,26.98,26879650
1541428200,27,27.125,26.86,27.06,15713556
1541514600,27.14,27.53,27.065,27.505,13145210
1541601000,27.715,28.015,27.545,28,13562278
1541687400,27.845,28.0025,27.735,27.88,12894826
1541773800,27.715,27.715,27.285,27.49,18024884
1542033000,27.455,27.51,27.03,27.085,20119658
1542119400,27.145,27.435,26.965,27.005,19012348
1542205800,27.165,27.36,26.835,26.975,19452612
1542292200,26.885,27.4725,26.76,27.345,23983404
1542378600,27.26,27.69,27.185,27.62,17462088
1542637800,27.56,27.71,27.15,27.225,24568356
1542724200,26.965,27.02,26.61,26.73,22518662
1542810600,26.82,27.205,26.82,26.945,14026708
1542983400,26.695,26.835,26.575,26.655,6302218
1543242600,26.885,27.055,26.8,26.96,10714632
1543329000,26.755,26.905,26.45,26.63,11792900
1543415400,26.7,27.04,26.34,27.04,17062082
1543501800,27.035,27.39,26.975,27.235,14276392
1543588200,27.045,27.385,27.015,27.305,12116332
1543847400,27.87,28.07,27.49,27.785,17152154
1543933800,27.75,27.8025,26.915,26.96,18091616
1544106600,26.51,26.595,25.94,26.595,26450566
1544193000,26.57,27,25.87,25.955,28052614
1544452200,25.965,26.135,25.555,26.025,23329790
1544538600,26.485,26.635,25.835,25.94,20142202
1544625000,26.325,26.47,26.15,26.165,14901900
1544711400,26.245,26.33,25.765,25.86,29257188
1544797800,25.66,25.92,25.565,25.66,15958772
1545057000,25.695,25.8675,25.055,25.22,30503286
1545143400,25.41,25.67,25.205,25.36,23365826
1545229800,25.4,25.895,24.9,25.015,39400758
1545316200,24.945,25.185,24.43,24.68,46346246
1545402600,24.655,25.06,24.275,24.3,41112142
1545661800,24.14,24.33,23.655,23.67,22656484
1545834600,23.78,24.7395,23.525,24.73,34232136
1545921000,24.425,25.195,24.32,25.185,29847230
1546007400,25.32,25.4536,24.955,25.05,18906082
1546266600,25.135,25.305,24.98,25.26,15595992
1546439400,24.89,25.485,24.75,25.39,18247384
1546525800,25.255,25.255,24.62,24.67,19667934
1546612200,25.07,25.74,25.03,25.64,17901236
1546871400,25.65,26.0325,25.48,25.73,14948970
1546957800,25.855,26.04,25.71,26,20657230
1547044200,26.065,26.11,25.765,26.01,16250308
1547130600,25.825,26.255,25.8,26.24,16942742
1547217000,26.105,26.2,25.965,26.135,12372430
1547476200,25.905,26.075,25.775,25.935,23006476
1547562600,25.77,25.93,25.605,25.765,15094204
1547649000,25.77,26,25.73,25.865,27437346
1547735400,25.725,26.38,25.725,26.32,20411022
1547821800,26.54,26.88,26.465,26.755,17515250
1548167400,26.63,26.675,26.23,26.385,14866890
1548253800,26.425,26.495,25.955,26.205,11409960
1548340200,26.06,26.225,25.95,26.065,10499344
1548426600,26.465,26.705,26.355,26.56,9833952
1548685800,26.37,26.54,26.29,26.52,11943978
1548772200,26.585,26.86995,26.585,26.795,16445994
1548858600,26.905,27.295,26.79505,27.08,14150180
1548945000,26.5,26.79,26.215,26.675,24950526
1549031400,26.66,26.8175,26.54,26.755,11078938
1549290600,26.705,26.73375,26.52995,26.71,7115622
1549377000,26.77,26.97,26.755,26.905,8857730
1549463400,26.775,26.88,26.69575,26.745,9910066
1549549800,26.575,26.625,26.1575,26.375,12735910
1549636200,26.23,26.355,26.015,26.35,9042764
1549895400,26.445,26.48,26.265,26.39,8316648
1549981800,26.635,27.015,26.56,26.98,20139658
1550068200,27.13,27.21,27.005,27.015,14694248
1550154600,26.89,27.07,26.8,26.875,9769978
1550241000,27.17,27.31,27.04,27.24,15294316
1550586600,27.14,27.54,27.115,27.41,24528986
1550673000,27.46,28.05,27.42,27.88,22618566
1550759400,27.915,27.98,27.655,27.77,17103790
1550845800,27.91,27.975,27.79,27.89,9581528
1551105000,28.005,28.1475,27.945,28.07,12375854
1551191400,28.005,28.09,27.9,27.91,12384590
1551277800,27.85,27.95,27.685,27.865,9262396
1551364200,27.835,27.86,27.465,27.525,17525048
1551450600,27.725,27.87,27.395,27.49,19683060
1551709800,27.55,27.7275,27.195,27.615,15920750
1551796200,27.555,27.625,27.455,27.485,10463460
1551882600,27.565,27.74,27.505,27.545,9231068
1551969000,27.485,27.49,27.115,27.32,23923728
1552055400,27.175,27.385,27.03,27.365,14400788
1552311000,27.48,27.765,27.44,27.755,13715416
1552397400,27.795,28.02,27.795,27.86,14432286
1552483800,28.015,28.17,27.9375,27.995,11036776
1552570200,27.915,27.975,27.72,27.785,10079582
1552656600,27.78,27.915,27.595,27.7,14518044
1552915800,27.72,27.805,27.555,27.765,8690940
1553002200,27.9,28.075,27.605,27.73,10542554
1553088600,27.715,27.85,27.44,27.705,22469968
1553175000,27.61,28.1025,27.58,28,15919322
1553261400,27.755,27.76,27.115,27.165,18247488
1553520600,27.15,27.36,27.07,27.115,13125430
1553607000,27.295,27.365,27.085,27.28,11799544
1553693400,27.21,27.3425,27.05,27.245,19565170
1553779800,27.285,27.5225,27.275,27.51,9741822
1553866200,27.54,27.76,27.415,27.75,12654632
1554125400,27.945,28.205,27.9075,28.165,12908600
1554211800,28.235,28.38,28.12,28.26,14224614
1554298200,28.49,28.81,28.405,28.63,34728966
1554384600,28.65,28.93,28.635,28.92,12205692
1554471000,28.925,29.025,28.825,28.91,7337284
1554730200,28.89,28.9475,28.77,28.92,13149446
1554816600,28.8,28.84,28.625,28.71,12221534
1554903000,28.735,28.79,28.585,28.695,7594776
1554989400,28.685,28.785,28.6,28.68,6989142
1555075800,28.915,29.06,28.825,29.06,7217322
1555335000,29.06,29.0775,28.875,28.925,5410166
1555421400,28.895,29.06,28.76,29.055,7474956
1555507800,29.115,29.25,28.865,28.875,6740478
1555594200,28.9,28.985,28.76,28.91,7268834
1555939800,28.8,28.895,28.675,28.715,11976136
1556026200,28.67,28.935,28.6,28.845,15290320
1556112600,28.815,28.905,28.665,28.665,7616538
1556199000,28.535,28.5725,28.21,28.3,10360122
1556285400,28.3,28.61,28.245,28.535,9900184
1556544600,28.46,28.56,28.375,28.48,12113008
1556631000,28.555,28.76,28.41,28.725,6798454
1556717400,28.765,28.765,28.2,28.205,13101878
1556803800,28.07,28.22,27.8625,28.06,21946736
1556890200,28.115,28.35,28.09,28.335,12066758
1557149400,27.66,28.04,27.66,27.93,31202198
1557235800,27.665,27.715,27.295,27.44,19501932
1557322200,27.42,27.545,27.3,27.415,12319358
1557408600,27.105,27.305,26.88995,27.2,13428744
1557495000,27.15,27.67,27.035,27.57,12945720
1557754200,27.06,27.55145,26.745,26.95,14097554
1557840600,27.045,27.3849,26.975,27.18,12203714
1557927000,27,27.305,26.885,27.11,10524346
1558013400,27.315,27.58,27.315,27.49,9810658
1558099800,27.28,27.5175,27.205,27.325,12166644
1558359000,27.08,27.19,26.89,26.935,10033056
1558445400,27.13,27.39,27.09,27.35,8743428
1558531800,27.3,27.4,27.1575,27.16,10616994
1558618200,26.87,26.96,26.6225,26.745,9845346
1558704600,27.015,27.095,26.75,26.895,8180732
1559050200,26.89,26.975,26.605,26.625,9652112
1559136600,26.42,26.6675,26.35,26.63,17477570
1559223000,26.64,26.795,26.6025,26.675,8950164
1559309400,26.36,26.4875,26.26,26.375,11983528
1559568600,26.45,27.215,26.375,27.205,26310848
1559655000,27.5,28.025,27.34,27.97,35556442
1559741400,28.145,28.24,27.755,28.175,39408584
1559827800,28.315,28.605,28.215,28.51,39823438
1559914200,28.695,28.87,28.635,28.765,46422264
1560173400,28.945,28.985,28.79,28.815,28725246
1560259800,28.965,29.075,28.745,28.795,15737304
1560346200,28.81,28.93,28.7725,28.89,7100838
1560432600,28.995,29.09505,28.96,29.06,14784232
1560519000,29,29.03,28.835,28.935,7875426
1560778200,28.89,28.9075,28.63,28.67,15014098
1560864600,28.825,29.095,28.7925,28.895,13775728
1560951000,28.895,28.905,28.585,28.735,14332812
1561037400,29.1,29.18,28.85,29.1,13487562
1561123800,28.91,28.96,28.805,28.835,11652018
1561383000,28.845,29.005,28.72,28.945,9203770
1561469400,28.98,29.0725,28.865,28.96,11431816
1561555800,28.945,29.035,28.87,28.91,8369580
1561642200,28.955,29.055,28.935,29.005,6877982
1561728600,29.05,29.29,29.02,29.25,10017024
1561987800,29.465,29.48,29.23,29.475,11951938
1562074200,29.475,29.475,29.255,29.445,12640198
1562160600,29.425,29.595,29.37,29.595,4951548
1562333400,29.31,29.46,29.17,29.46,7620184
1562592600,29.34,29.405,29.07,29.12,19583648
1562679000,29.015,29.055,28.7675,28.835,10388218
1562765400,29.005,29.07,28.74,28.775,14628104
1562851800,28.75,28.9049,28.635,28.9,22182936
1562938200,28.98,29.195,28.965,29.185,8810080
1563197400,29.17,29.225,29.075,29.205,9076630
1563283800,29.225,29.53,29.195,29.275,9052008
1563370200,29.28,29.32,29.01,29.015,14334862
1563456600,28.915,29.165,28.88,29.14,7545582
1563543000,29.115,29.355,29.115,29.205,7622394
1563802200,29.27,29.31,29.085,29.13,5828634
1563888600,29.265,29.73,29.265,29.73,8403406
1563975000,29.64,29.7625,29.57,29.71,7529872
1564061400,29.61,29.61,29.19,29.495,12270998
1564147800,29.42,29.5375,29.225,29.53,15275330
1564407000,29.435,29.49,29.335,29.43,5783110
1564493400,29.21,29.645,29.165,29.625,8029554
1564579800,29.54,29.68,28.905,29.17,16205388
1564666200,29.135,29.58,28.8725,29.005,19565844
1564752600,28.85,28.885,28.465,28.665,14996042
1565011800,28.415,28.515,27.93,28.125,20582138
1565098200,28.245,28.25,27.82,28.16,22989120
1565184600,27.92,28.59,27.895,28.55,46538742
1565271000,28.695,29.105,28.695,29.095,11470232
1565357400,28.98,29.025,28.71,28.865,9249162
1565616600,28.825,28.855,28.36,28.415,45067302
1565703000,28.44,29.075,28.275,28.72,14148520
1565789400,28.3,28.42,27.785,27.81,18258614
1565875800,27.965,27.97,27.62,27.82,17837888
1565962200,27.94,28.375,27.905,28.31,11693440
1566221400,28.56,28.64,28.4875,28.535,6655968
1566307800,28.415,28.445,28.18,28.2,9478080
1566394200,28.39,28.455,28.1977,28.345,6404590
1566480600,28.4,28.53,28.0875,28.155,5214888
1566567000,28.03,28.15,27.34,27.475,18181254
1566826200,27.7,27.74,27.435,27.565,14902720
1566912600,27.67,27.8375,27.5125,27.585,11189892
1566999000,27.495,27.86,27.415,27.8,7544972
1567085400,28.145,28.28,28.1025,28.155,8186884
1567171800,28.38,28.49,28.2525,28.345,10142620
1567517400,28.125,28.185,27.93,28.12,11615722
1567603800,28.37,28.485,28.28,28.465,11884072
1567690200,28.67,28.775,28.485,28.51,11648180
1567776600,28.565,28.6925,28.445,28.62,7904502
1568035800,28.68,28.695,28.415,28.47,13703940
1568122200,28.445,28.755,28.395,28.75,9959084
1568208600,28.815,29.04,28.62,29.025,10816094
1568295000,29.225,29.3675,29.03,29.25,21448340
1568381400,29.435,29.66,29.405,29.57,10947944
1568640600,29.48,29.5889,29.055,29.085,9467524
1568727000,29.07,29.38,28.98,29.32,8170724
1568813400,29.33,29.38,29.07,29.335,8164610
1568899800,29.405,29.555,29.33,29.385,6532550
1568986200,29.345,29.4,29.04,29.17,10393958
1569245400,28.97,29.19,28.96645,29.1,6141758
1569331800,29.16,29.225,28.76,28.85,18080902
1569418200,28.85,29.055,28.725,29,9185792
1569504600,29.035,29.05,28.805,28.935,8078602
1569591000,28.98,29.105,28.74,28.855,12372132
1569850200,28.87,29.155,28.865,29.1,7760534
1569936600,29.145,29.245,28.41,28.415,14637120
1570023000,28.15,28.19,27.64,27.905,23381646
1570109400,27.835,28.01,27.55,28.005,16532576
1570195800,28.025,28.22,28,28.155,12590404
1570455000,28.08,28.345,27.97,28.055,17261074
1570541400,27.855,27.875,27.555,27.565,15629954
1570627800,27.835,27.975,27.68,27.875,18196004
1570714200,27.965,28.2625,27.89,28.13,13547354
1570800600,28.465,28.94,28.43,28.675,20618494
1571059800,28.575,28.65,28.455,28.47,9410110
1571146200,28.615,28.81,28.52,28.67,9830632
1571232600,28.675,28.9375,28.655,28.73,7691006
1571319000,28.87,29.025,28.755,28.805,6223706
1571405400,28.73,28.88,28.64,28.755,6164156
1571664600,28.885,28.975,28.6625,28.665,5852586
1571751000,28.645,28.74,28.42,28.545,8234472
1571837400,28.65,28.85,28.62,28.725,7997744
1571923800,28.835,28.995,28.66,28.815,9401388
1572010200,28.82,29.2,28.79,29.13,8075072
1572269400,29.245,29.36815,29.125,29.22,6808976
1572355800,29.09,29.535,29.0225,29.4,8291074
1572442200,29.31,29.4675,29.17,29.425,12694394
1572528600,29.39,29.45,28.935,29.095,14273352
1572615000,29.245,29.505,29.215,29.505,9332582
1572877800,29.725,29.795,29.5775,29.735,6180662
1572964200,29.725,29.95,29.6675,29.785,7481040
1573050600,29.76,29.845,29.655,29.765,7988634
1573137000,29.93,29.995,29.85,29.965,8387724
1573223400,29.9,30.09,29.875,30.085,5760282
1573482600,29.925,30.075,29.8714,30.04,8242718
1573569000,30.135,30.3,30.04,30.195,9920642
1573655400,30.07,30.18,29.9625,30.02,10686932
1573741800,29.95,30.23,29.935,30.205,7162368
1573828200,30.355,30.4025,30.1,30.18,6821728
1574087400,30.055,30.195,30.02,30.105,5833124
1574173800,30.235,30.235,29.94145,30.04,7262480
1574260200,29.925,29.98,29.63,29.665,11225946
1574346600,29.655,29.7,29.5375,29.615,6347276
1574433000,29.685,29.795,29.63,29.665,5749372
1574692200,29.765,29.87,29.725,29.86,6228698
1574778600,29.84,30.0425,29.77,30.01,7872370
1574865000,30.065,30.155,29.905,30.13,10082988
1575037800,30.025,30.115,29.92,30.02,7067206
1575297000,29.97,30.0225,29.72,29.72,13946526
1575383400,29.46,29.5625,29.31,29.53,17322002
1575469800,29.725,29.925,29.53,29.595,11218508
1575556200,29.645,29.765,29.495,29.745,10409290
1575642600,29.99,30.0975,29.915,30.05,13194360
1575901800,30.08,30.155,29.95,29.99,6062092
1575988200,29.94,29.985,29.755,29.81,7100722
1576074600,29.95,30.065,29.89,30.035,6985306
1576161000,30.07,30.4925,30,30.455,14450758
1576247400,30.495,30.62,30.21,30.22,10166892
1576506600,30.495,30.5225,30.32,30.35,17985998
1576593000,30.4,30.53,30.295,30.395,10051708
1576679400,30.425,30.425,30.125,30.355,7347352
1576765800,30.38,30.505,30.35,30.46,6191202
1576852200,30.305,30.4825,30.305,30.44,8514854
1577111400,30.425,30.55,30.35,30.525,6288038
1577197800,30.54,30.63,30.49,30.56,2901346
1577370600,30.625,30.695,30.52,30.695,5604708
1577457000,30.805,30.805,30.565,30.58,13605474
1577716200,30.645,30.65,30.45,30.485,6015482
1577802600,30.48,30.74,30.435,30.71,5390064
1577975400,30.915,30.97,30.3125,30.35,14714866
1578061800,30.04,30.22,29.85,29.86,24846832
1578321000,29.775,29.915,29.705,29.73,31528728
1578407400,29.68,29.9,29.6,29.695,40534108
1578493800,29.7,29.92,29.6,29.8,16159200
1578580200,29.895,29.9625,29.8125,29.91,7572318
1578666600,29.98,30.055,29.74,29.79,11274740
1578925800,29.815,30.185,29.785,30.175,8818614
1579012200,30.145,30.235,29.985,30.05,11010168
1579098600,30.045,30.39405,30.04,30.255,7797096
1579185000,30.36,30.485,30.26,30.435,18799862
1579271400,30.47,30.575,30.39,30.57,10894310
1579617000,30.36,30.415,30.195,30.24,7614806
1579703400,30.305,30.3275,30.105,30.12,5475266
1579789800,29.88,30.1125,29.665,30.085,6925274
1579876200,30.13,30.145,29.745,29.87,10493406
1580135400,29.34,29.435,29.225,29.225,13869166
1580221800,29.37,29.65,29.306,29.555,8982268
1580308200,29.655,29.815,29.635,29.65,7138432
1580394600,29.26,29.505,29.07,29.465,17398138
1580481000,29.195,29.215,28.72,28.815,22041692
1580740200,28.925,29.55,28.9,29.42,24321608
1580826600,29.78,30.1,29.66,29.94,27190140
1580913000,30.2,30.55,29.985,30.495,34300712
1580999400,30.645,30.645,30.37,30.48,24751752
1581085800,30.29,30.29,29.94125,30.045,15666524
1581345000,30,30.11,29.935,30.03,9051120
1581431400,30.19,30.47,30.175,30.195,8117116
1581517800,30.4,30.42,30.26,30.36,6486940
1581604200,30.32,30.44,30.17,30.25,8235500
1581690600,30.26,30.37,30.1725,30.255,7254954
1582036200,30.21,30.285,30.04,30.18,9416240
1582122600,30.25,30.3725,30.23,30.26,13654782
1582209000,30.15,30.515,30.09,30.31,10361146
1582295400,30.185,30.28,30.1,30.17,13040966
1582554600,29.405,29.53875,29.185,29.32,18589744
1582641000,29.325,29.35,27.98,28.055,40123972
1582727400,28.205,28.58,27.915,27.96,28607116
1582813800,27.5,27.82,26.65,26.65,41394426
1582900200,25.805,26.405,25.575,26.36,61484308
1583159400,26.61,27.495,26.3125,27.49,33634672
1583245800,27.58,28.07,26.885,27.25,56780340
1583332200,27.73,28.395,27.345,28.38,28160012
1583418600,27.56,27.87,27.31,27.48,28354630
1583505000,26.765,26.99,26.245,26.765,37882280
1583760600,24.84,25.765,24.18,24.26,28490068
1583847000,25.17,25.28,24.02,25.245,33436268
1583933400,24.525,24.595,23.71,24.045,29909576
1584019800,22.285,23.255,21.185,21.73,30731598
1584106200,23.135,23.27,21.6,23.255,24228134
1584365400,18.845,21.615,18.845,20.695,28854262
1584451800,21.015,22.2,20.415,21.975,22089924
1584538200,20.55,21.395,19.2075,20.57,19751768
1584624600,20.215,21.425,19.785,21.095,17973702
1584711000,21.275,21.305,20.0075,20.34,30497376
1584970200,20.08,20.22,19.08,19.175,37355048
1585056600,20.385,21.57,20.215,21.43,23758514
1585143000,21.35,22.815,21.13,21.93,27152820
1585229400,22.19,23.07,22.145,22.96,26768032
1585315800,22.105,22.605,21.935,22.13,28151184
1585575000,22.405,22.925,22.22,22.835,19508330
1585661400,22.765,23.085,22.43,22.52,17017398
1585747800,21.695,22.1175,21.445,21.505,20480804
1585834200,21.48,22.365,21.435,21.83,23569120
1585920600,21.68,22.125,21.21,21.305,18531614
1586179800,22.22,23.06,22.22,22.89,20933478
1586266200,23.735,24.315,23.385,23.5,22422604
1586352600,23.75,24.76,23.485,24.65,32927166
1586439000,24.92,25.85,24.895,25.71,61476716
1586784600,25.51,25.58,24.795,25.145,31714548
1586871000,25.67,25.835,25.21,25.47,16523976
1586957400,24.66,24.685,24.105,24.3,11401134
1587043800,24.345,24.395,23.76,24.16,9256114
1587130200,24.73,25.21,24.72495,25.13,12609196
1587389400,24.69,25.09,24.44,24.51,9686370
1587475800,23.885,24.175,23.795,23.905,11975394
1587562200,24.395,24.56,24.135,24.375,7665192
1587648600,24.515,25.045,24.515,24.545,12767198
1587735000,24.745,25,24.475,24.93,8291436
1587994200,25.005,25.69,24.97,25.595,9722162
1588080600,26.015,26.225,25.75,26.07,13503908
1588167000,26.61,26.87,26.5,26.735,11752640
1588253400,26.315,26.315,25.9,25.94,10813558
1588339800,25.49,25.6,25.16,25.395,10133956
1588599000,25.2,25.52,24.95,25.485,10140920
1588685400,25.71,25.895,25.495,25.55,9005610
1588771800,25.62,25.815,25.085,25.11,7506408
1588858200,25.36,25.855,25.325,25.625,8245826
1588944600,25.995,26.275,25.9147,26.24,7566900
1589203800,25.805,25.96,25.575,25.84,8857106
1589290200,25.925,26.0875,25.445,25.445,8400096
1589376600,25.32,25.425,24.68,24.91,10532180
1589463000,24.45,25.215,24.1575,25.215,10841900
1589549400,25.055,25.455,24.93,25.435,9761230
1589808600,26.31,26.805,26.245,26.595,8851448
1589895000,26.495,26.71,26.315,26.34,9785836
1589981400,26.69,27.05,26.685,26.76,7598732
1590067800,26.68,26.825,26.405,26.505,10491348
1590154200,26.475,26.515,26.26,26.465,7465142
1590499800,27.065,27.335,26.97,27.19,8228828
1590586200,27.5,27.645,27.115,27.465,13983416
1590672600,27.85,27.945,27.45,27.72,10969488
1590759000,27.725,27.82,27.395,27.725,14772654
1591018200,27.735,28.015,27.695,27.915,6466896
1591104600,28.005,28.46,27.9725,28.42,8654196
1591191000,28.775,29.275,28.74,29.065,9448214
1591277400,28.945,29.25,28.9,29.17,9007304
1591363800,29.935,30.145,29.82,29.915,11259946
1591623000,30.03,30.1225,29.69,29.955,10512930
1591709400,29.61,29.785,29.415,29.59,12017884
1591795800,29.715,29.715,29.135,29.255,10384720
1591882200,28.425,28.51,26.88,26.995,58196836
1591968600,27.93,28.045,27,27.52,27863744
1592227800,26.795,27.975,26.645,27.81,13771334
1592314200,28.77,28.895,27.955,28.39,19004878
1592400600,28.57,28.6,28.075,28.155,8050862
1592487000,28.05,28.335,28,28.175,7135222
1592573400,28.645,28.695,27.89,28.09,14836996
1592832600,27.93,28.155,27.685,28.04,6738904
1592919000,28.46,28.485,28.095,28.105,6231956
1593005400,27.805,27.835,27.205,27.285,11306196
1593091800,27.21,27.655,26.965,27.625,10509390
1593178200,27.52,27.57,27.08,27.245,16345800
1593437400,27.475,27.895,27.41,27.775,9878148
1593523800,27.68,28.34,27.6,28.175,7877766
1593610200,28.205,28.33,27.85,28.235,16292166
1593696600,28.63,29,28.57,28.765,16066208
1594042200,29.31,29.34,28.8,29.175,15728334
1594128600,28.965,29.2675,28.945,29.185,14897618
1594215000,29.235,29.39,28.445,28.77,18333620
1594301400,28.905,28.945,28.18,28.5,31458756
1594387800,28.565,29.03,28.545,28.995,9314450
1594647000,29.295,29.585,28.975,28.995,18069236
1594733400,28.935,29.765,28.9,29.725,18868528
1594819800,30.245,30.35,30.02,30.225,16457368
1594906200,30.285,30.555,30.1725,30.325,11128700
1594992600,30.54,30.66,30.42895,30.58,8155622
1595251800,30.565,30.645,30.265,30.315,7186328
1595338200,30.505,30.73,30.505,30.58,7554446
1595424600,30.53,30.9441,30.52,30.935,5898962
1595511000,30.91,31.1425,30.625,30.84,8828232
1595597400,30.73,30.895,30.56,30.735,11726926
1595856600,30.935,31.295,30.835,31.18,7281848
1595943000,31.085,31.085,30.465,30.495,9140274
1596029400,30.595,30.835,30.545,30.745,8223094
1596115800,30.285,30.375,29.9,30.15,14042264
1596202200,30.205,30.255,29.8,30.18,10541318
1596461400,30.335,30.345,30.005,30.01,11078046
1596547800,29.89,30.505,29.83,30.435,15834968
1596634200,30.72,31.205,30.635,30.88,11793972
1596720600,30.84,30.92,30.6304,30.75,13938962
1596807000,30.59,30.86,30.445,30.855,7971620
1597066200,30.885,31.155,30.84,31.155,6678294
1597152600,31.425,31.605,31.0375,31.1,8975446
1597239000,31.475,31.51,31.21,31.285,7929144
1597325400,31.135,31.4,31.0945,31.28,16852300
1597411800,31.14,31.44,31.1,31.315,5180156
1597671000,31.56,31.68,31.325,31.455,3719922
1597757400,31.555,31.615,31.295,31.325,4763932
1597843800,31.445,31.52,31.145,31.235,6209398
1597930200,31,31.145,30.915,31.125,4662372
1598016600,30.89,31,30.775,30.945,5512632
1598275800,31.34,31.495,31.235,31.49,7063148
1598362200,31.6,31.7025,31.23,31.365,5754858
1598448600,31.335,31.75,31.255,31.695,4762844
1598535000,31.805,31.87,31.515,31.61,7297612
1598621400,31.765,32.015,31.62,31.985,4845718
1598880600,31.93,32.005,31.495,31.495,6105060
1598967000,31.495,32.415,31.37,32.38,18465830
1599053400,32.515,33.165,32.305,33.115,22910440
1599139800,33.07,33.07,31.86,32.2,28890856
1599226200,32.39,32.56,31.735,32.22,27926100
1599571800,31.9,31.925,31.375,31.615,16465270
1599658200,32.005,32.6425,31.985,32.43,13236446
1599744600,32.59,32.71,32.065,32.125,14234656
1599831000,32.38,32.695,32.23,32.535,19444612
1600090200,32.805,33.1,32.675,33.005,11562866
1600176600,33.17,33.385,33.15,33.165,8611668
1600263000,33.24,33.5675,33.095,33.19,19140344
1600349400,32.84,33.505,32.665,33.435,23226596
1600435800,33.54,33.54,32.825,32.86,18910526
1600695000,32.045,32.075,31.24,31.605,16070756
1600781400,31.63,31.745,31.405,31.665,11727344
1600867800,31.605,31.635,30.71,30.735,14883704
1600954200,30.72,31.27,30.465,30.955,22009772
1601040600,30.665,31.33,30.5555,31.23,8869018
1601299800,31.675,31.995,31.545,31.735,8570940
1601386200,31.755,31.855,31.415,31.5,11333322
1601472600,31.64,32.08,31.57,31.82,12347274
1601559000,31.97,32.12,31.265,31.37,29154792
1601645400,31.015,31.895,30.9201,31.65,27852518
1601904600,31.905,32.47,31.895,32.255,18641058
1601991000,32.415,32.6825,31.79,31.85,31357650
1602077400,32.255,32.755,32.205,32.67,14277946
1602163800,32.92,33.125,32.83,33,12583142
1602250200,33.275,33.4,33.05,33.255,9546860
1602509400,33.445,33.485,33.1825,33.2,8131278
1602595800,32.965,33.15,32.78,32.905,10341226
1602682200,32.94,33.2146,32.895,33,8766998
1602768600,32.54,32.945,32.5,32.905,8749584
1602855000,33.1,33.2875,33.005,33.135,20164902
1603114200,33.245,33.3575,32.65,32.75,10827596
1603200600,32.945,33.1725,32.725,32.825,8399450
1603287000,32.82,33.205,32.7,32.7,7800220
1603373400,32.685,32.92,32.36,32.88,7066576
1603459800,33.115,33.24,32.8335,33,8233082
1603719000,32.585,32.59,31.925,32.175,14833820
1603805400,32.185,32.23,31.85,31.87,9313210
1603891800,31.09,31.395,30.85,30.97,15424426
1603978200,30.88,31.855,30.77,31.61,15086756
1604064600,31.48,31.72,31.09,31.59,14679880
1604327400,32.065,32.755,31.98,32.64,15867416
1604413800,33.03,33.3218,32.805,33.15,17784136
1604500200,32.995,33.205,32.285,32.585,22192552
1604586600,33.335,34.16995,33.31,33.915,17705862
1604673000,34.11,34.305,33.86,34,12151442
1604932200,35.63,36.205,34.715,34.765,32868824
1605018600,34.91,35.255,34.865,35.175,19650556
1605105000,35.2,35.2,34.4175,34.65,12835882
1605191400,34.495,34.52,33.7,33.92,11053684
1605277800,34.175,34.605,34.165,34.505,11077166
1605537000,35.06,35.2275,34.79,35.185,10964426
1605623400,34.965,35.135,34.61,35.055,13894364
1605709800,35.17,35.2725,34.75,34.765,9242994
1605796200,34.675,34.965,34.4,34.91,7465502
1605882600,34.9,35.04,34.725,34.88,8858548
1606141800,35.155,35.385,35.0075,35.17,8959172
1606228200,35.495,36.15,35.455,36.045,12271530
1606314600,35.98,35.995,35.605,35.67,7890558
1606487400,35.83,35.9875,35.685,35.855,4594666
1606746600,35.805,35.835,35.3075,35.495,9913680
1606833000,36.1,36.165,35.7175,35.885,10474270
1606919400,35.775,35.8995,35.36,35.425,10779576
1607005800,35.525,35.6425,35.1,35.18,11470232
1607092200,35.33,35.89405,35.32,35.89,11538676
1607351400,35.865,35.97125,35.53,35.655,8008734
1607437800,35.46,35.94,35.445,35.855,7046618
1607524200,35.995,36.065,35.535,35.875,13518186
1607610600,35.685,35.96,35.535,35.655,7156552
1607697000,35.415,35.615,35.185,35.45,6851812
1607956200,35.76,35.815,34.985,35,10226430
1608042600,35.335,35.725,35.245,35.635,8021638
1608129000,35.715,35.765,35.385,35.535,8139312
1608215400,35.87,35.974,35.735,35.945,7591468
1608301800,35.98,36.195,35.675,36.105,10906698
1608561000,35.29,35.825,35,35.735,10098522
1608647400,35.73,35.775,35.465,35.515,6654222
1608733800,35.71,35.9375,35.545,35.565,8219112
1608820200,35.595,35.7925,35.455,35.79,2732528
1609165800,36.125,36.17,35.635,35.65,5322614
1609252200,35.84,35.92,35.385,35.565,6852988
1609338600,35.685,36.13,35.665,36.055,5655068
1609425000,36.105,36.255,35.81,36.195,6500982
1609770600,36.515,36.6975,35.645,35.85,18266448
1609857000,35.79,36.755,35.79,36.655,26811970
1609943400,37.05,38.425,37.01,38.155,48520394
1610029800,38.385,38.695,38.3,38.44,18577758
1610116200,38.51,38.545,37.78,38.255,16988362
1610375400,37.69,38.41,37.55,38.255,12240272
1610461800,38.22,38.885,38.095,38.74,17844446
1610548200,38.7,38.79,38.185,38.345,9809118
1610634600,38.47,38.505,38.17,38.215,11074242
1610721000,37.86,37.93,37.275,37.67,19708982
1611066600,37.975,38.075,37.64,37.8,9912490
1611153000,37.985,38.04,37.765,37.925,10326672
1611239400,37.88,37.955,37.355,37.37,12647436
1611325800,36.95,37.3375,36.89,37.19,12132290
1611585000,37.04,37.145,36.345,36.995,24149886
1611671400,37.225,37.365,36.475,36.485,13555100
1611757800,35.925,35.925,35.005,35.41,24779446
1611844200,35.765,36.2425,35.67,36.02,14483452
1611930600,35.87,36.055,35.1375,35.32,17978622
1612189800,35.685,35.8,35.16,35.735,16011908
1612276200,36,36.385,35.8,36.205,15789580
1612362600,36.305,36.49,36.14,36.275,12846332
1612449000,36.17,36.34,35.835,36.145,12994216
1612535400,36.495,36.815,36.42,36.765,12575922
1612794600,37.08,37.2,36.975,37.07,12635616
1612881000,37.09,37.12,36.705,36.795,14513968
1612967400,37.035,37.0725,36.52,36.755,10917800
1613053800,36.865,37,36.475,36.79,13346046
1613140200,36.71,37.19,36.66,37.17,6575786
1613485800,37.31,37.435,37.045,37.1,12383728
1613572200,36.995,37.15,36.6,37.08,11821180
1613658600,36.985,37.025,36.68,36.85,12117544
1613745000,37.06,37.69,37.05,37.525,11359422
1614004200,37.48,37.8225,37.355,37.67,12198754
1614090600,37.65,37.9,36.98,37.8,22022346
1614177000,37.82,38.29,37.68,38.13,14763896
1614263400,38.055,38.12,37.1,37.25,20375940
1614349800,37.155,37.27,36.535,36.775,16280232
1614609000,37.26,37.905,37.26,37.705,15016218
1614695400,37.815,38.26,37.79,37.915,15127734
1614781800,37.775,38.045,37.535,37.54,17340898
1614868200,37.48,37.63,36.17,36.81,37034706
1614954600,37.19,37.78,36.41,37.655,23513650
1615213800,37.78,38.73,37.7125,38.16,29673008
1615300200,38.415,38.705,38.135,38.395,15732812
1615386600,38.585,39.335,38.56,39.03,14336518
1615473000,39.39,39.555,39.215,39.24,9525044
1615559400,39.235,39.37,39.13,39.345,9627818
1615815000,39.345,39.415,38.91595,39.39,9292914
1615901400,39.355,39.395,38.845,39.065,13154380
1615987800,39.03,39.5075,38.935,39.415,11091242
1616074200,39.32,39.77,39.12,39.195,13173574
1616160600,39.12,39.265,38.54,39,17836892
1616419800,38.775,39.02,38.545,38.86,12876698
1616506200,38.685,38.715,37.915,38.05,20470250
1616592600,38.22,38.8575,38.22,38.325,13471106
1616679000,38.17,38.95,37.95,38.88,15393452
1616765400,39.245,39.875,39.115,39.845,15219180
1617024600,39.7,40.085,39.485,39.71,12980064
1617111000,39.695,39.805,39.49,39.595,13141174
1617197400,39.67,39.79,39.3,39.4,14174790
1617283800,39.465,39.7725,39.225,39.745,14326250
1617629400,40.155,40.38,39.96,40.235,17460960
1617715800,40.165,40.4675,40.13,40.325,12551952
1617802200,40.26,40.3275,39.545,39.63,17575804
1617888600,39.72,39.7575,39.35,39.68,10828670
1617975000,39.775,40.035,39.6525,40.025,10617844
1618234200,40,40.21,39.99,40.165,8856456
1618320600,40.1,40.19,39.89,40.07,9312276
1618407000,40.1,40.5225,40.085,40.36,9953388
1618493400,40.56,40.91,40.4,40.835,10863052
1618579800,41.235,41.4375,41.15935,41.33,12928274
1618839000,41.33,41.405,40.91,41.14,12112900
1618925400,41.065,41.1425,40.595,40.745,10643176
1619011800,40.755,41.535,40.705,41.485,10809394
1619098200,41.435,41.435,40.7325,40.785,16101284
1619184600,40.965,41.5875,40.815,41.455,9370032
1619443800,41.62,41.94,41.535,41.7,8191954
1619530200,41.515,41.71105,41.335,41.59,8883308
1619616600,41.61,41.88,41.53,41.705,7794038
1619703000,41.96,41.985,41.5325,41.965,11571074
1619789400,41.785,41.98,41.425,41.52,10352554
1620048600,41.875,42.39,41.845,42.14,12405596
1620135000,41.865,42.6,41.8275,42.6,15622696
1620221400,42.77,43.21,42.77,43.14,9654352
1620307800,43.225,43.53,42.7975,43.505,14774698
1620394200,43.515,44.02,43.325,43.935,15089380
1620653400,44.445,44.606,43.736,43.74,18238288
1620739800,43.39,43.945,43.09,43.885,18997044
1620826200,43.72,43.82,42.73,42.78,18269138
1620912600,42.845,43.565,42.745,43.435,22130950
1620999000,43.63,44.07,43.5875,43.955,11112514
1621258200,43.98,44.42,43.7575,44.34,15624090
1621344600,44.415,44.44,43.82,43.85,13594728
1621431000,43.24,43.37,42.69,43.18,24960038
1621517400,43.255,43.395,43.035,43.205,11750202
1621603800,43.445,43.76,43.275,43.3,13533346
1621863000,43.555,43.8525,43.375,43.685,10218452
1621949400,43.77,43.87,43.265,43.315,9688864
1622035800,43.33,43.465,43.035,43.33,12616318
1622122200,43.685,43.89,43.56,43.675,11654872
1622208600,43.77,43.825,43.455,43.63,10690858
1622554200,44.135,44.31,43.94,44.24,13700732
1622640600,44.3,44.31,43.8125,43.87,11410598
1622727000,43.56,43.88,43.32595,43.86,12529160
1622813400,44.045,44.11,43.775,43.955,10291772
1623072600,43.975,43.975,43.225,43.42,12097648
1623159000,43.44,43.6775,43.1125,43.5,11582072
1623245400,43.415,43.54,43.15,43.16,19761134
1623331800,43.49,43.55,42.895,42.9,12269152
1623418200,43.205,43.365,42.83,43.06,8715974
1623677400,42.94,43.045,42.3,42.53,12375572
1623763800,42.595,42.62,42.1375,42.44,20967348
1623850200,42.44,42.46,41.8725,41.97,16649014
1623936600,41.85,41.855,40.535,41.035,30323134
1624023000,40.61,40.78,40.37,40.37,23531696
1624282200,40.665,41.09,40.65,41.03,18014326
1624368600,41.2,41.3725,40.905,41.195,11156870
1624455000,41.315,41.42,40.925,40.93,10336826
1624541400,41.235,41.3,40.925,41.06,10540562
1624627800,41.2825,41.45,41.03,41.065,20219088
1624887000,41.195,41.23,40.7425,41.065,10148214
1624973400,41.245,41.465,40.945,41.045,9840144
1625059800,40.93,41.215,40.925,41.155,9728522
1625146200,41.485,41.54,41.17,41.38,14184688
1625232600,41.435,41.49,41.16,41.44,12341862
1625578200,41.42,41.435,40.54,40.825,12216650
1625664600,40.835,41.285,40.7375,41.25,13178758
1625751000,40.575,40.91,40.335,40.69,15825576
1625837400,41.215,41.6,41.1325,41.49,14981580
1626096600,41.24,41.7475,41.085,41.625,20226262
1626183000,41.55,41.645,41.115,41.245,24709226
1626269400,41.295,41.6225,41.04,41.16,12376592
1626355800,40.95,41.4375,40.925,41.165,12688290
1626442200,41.24,41.27,40.47,40.545,19222166
1626701400,39.83,39.865,39.34,39.675,23013486
1626787800,39.57,40.415,39.445,40.125,21231538
1626874200,40.405,40.695,40.3525,40.565,13671234
1626960600,40.66,40.6975,40.245,40.58,9453402
1627047000,40.78,40.905,40.42,40.865,10392770
1627306200,40.965,41.25,40.875,41.21,11820636
1627392600,40.955,41.45,40.565,41.265,16864318
1627479000,41.28,41.5325,40.985,41.385,12214472
1627565400,41.675,41.9925,41.575,41.84,12574854
1627651800,41.76,42.27,41.76,42.01,11172374
1627911000,42.21,42.455,41.5,41.5,17009990
1627997400,41.54,41.935,41.185,41.93,13131910
1628083800,41.755,41.98,41.51,41.53,10539848
1628170200,41.73,42.01,41.43,41.47,13965498
1628256600,41.715,42.1225,41.675,42.07,14054290
1628515800,41.995,42.125,41.68,42.02,10743572
1628602200,42.005,42.82,42.005,42.655,16047420
1628688600,42.98,43.2895,42.785,43.255,16544770
1628775000,43.26,43.3,42.8,43.185,9612762
1628861400,43.245,43.315,43.145,43.225,7815974
1629120600,42.96,43.065,42.555,43.01,12274492
1629207000,42.775,42.825,42.02,42.515,14924010
1629293400,42.365,42.62,41.995,42.02,14712744
1629379800,41.545,41.83,41.42,41.645,15936708
1629466200,41.66,41.98,41.595,41.89,13973688
1629725400,42.125,42.3625,42.02,42.25,8095508
1629811800,42.45,42.645,42.385,42.515,11059586
1629898200,42.4,42.85,42.235,42.71,9824460
1629984600,42.695,42.75,42.395,42.415,11541754
1630071000,42.63,43.1,42.585,42.975,10357558
1630330200,43.15,43.23,42.93,42.93,9012718
1630416600,42.905,42.905,42.5975,42.805,10608930
1630503000,42.76,42.8645,42.325,42.695,14017820
1630589400,42.82,43.055,42.805,42.97,10631276
1630675800,42.925,43.05,42.675,42.685,22880662
1631021400,42.535,42.565,42.3425,42.405,13864682
1631107800,42.28,42.32,41.855,42,12419918
1631194200,41.88,42.3,41.88,42.015,9871412
1631280600,42.21,42.525,41.9775,42.005,17780364
1631539800,42.375,42.5,41.73,41.995,15220080
1631626200,42.14,42.17,41.445,41.535,12087302
1631712600,41.64,42.025,41.56,41.975,12651672
1631799000,41.815,41.855,41.22,41.52,11250730
1631885400,41.29,41.365,40.535,40.665,19931998
1632144600,39.54,39.895,39.18345,39.71,20155524
1632231000,39.955,40.025,39.445,39.615,15229416
1632317400,39.995,40.425,39.995,40.025,15312224
1632403800,40.325,40.87,40.285,40.595,9516654
1632490200,40.41,40.75,40.315,40.535,7251792
1632749400,40.64,41.08,40.635,40.85,10433026
1632835800,40.75,40.81,40.22,40.345,16570526
1632922200,40.34,40.43,40.1,40.18,13939522
1633008600,40.3,40.465,39.545,39.555,21458884
1633095000,39.745,40.4,39.445,40.185,18499982
1633354200,40.235,40.485,39.725,40.01,17111638
1633440600,40.12,40.59,39.85,40.365,13584116
1633527000,39.955,40.29,39.5275,40.29,15448504
1633613400,40.635,41.26,40.635,40.815,16938578
1633699800,40.915,41.015,40.515,40.59,12798074
1633959000,40.73,41.189,40.59,40.595,9673532
1634045400,40.62,40.84,40.5,40.65,15331480
1634131800,40.915,41.14,40.465,40.955,14431314
1634218200,41.355,42.0075,41.24,41.95,11374680
1634304600,42.17,42.2875,41.97,42.075,11705092
1634563800,41.715,42.125,41.64,42.045,12699794
1634650200,42.235,42.265,41.915,42.265,9591002
1634736600,42.3,42.655,42.2,42.605,9303906
1634823000,42.43,42.51,42.055,42.495,13392216
1634909400,42.575,42.86625,42.415,42.415,11568426
1635168600,42.685,43.02,42.425,42.84,10799304
1635255000,42.915,43.135,42.56,42.96,11553938
1635341400,42.795,42.87,42.315,42.345,11404186
1635427800,42.395,42.84325,42.385,42.765,8303370
1635514200,42.605,42.915,42.405,42.56,8699124
1635773400,42.63,42.9136,42.51,42.66,11040446
1635859800,42.77,43.23,42.69,43.145,13271182
1635946200,43.22,43.78,43.105,43.595,19187376
1636032600,43.66,43.75565,43.385,43.57,10073144
1636119000,43.68,44.03,43.635,43.91,11658808
1636381800,44.39,44.615,44.305,44.46,10690040
1636468200,44.475,44.665,44.295,44.665,15768522
1636554600,44.62,44.8235,44.27,44.36,12872464
1636641000,44.56,44.9,44.465,44.715,8158390
1636727400,44.835,45.0725,44.73,45.05,8774744
1636986600,45.065,45.085,44.685,44.845,8628062
1637073000,44.87,44.995,44.69,44.72,8776272
1637159400,44.65,44.765,44.3875,44.425,10559144
1637245800,44.46,44.545,44.145,44.235,10389182
1637332200,44.08,44.42,44.01,44.155,10426702
1637591400,44.175,44.6975,44.155,44.225,13380070
1637677800,44.24,44.585,44.045,44.27,15232676
1637764200,44.035,44.135,43.8575,43.955,10365240
1637937000,42.955,43.405,42.735,43.2,14215010
1638196200,43.53,43.62535,43.115,43.4,12280398
1638282600,43.18,43.29,42.245,42.325,24004602
1638369000,42.995,43.365,41.875,41.895,22485738
1638455400,42.035,42.925,41.955,42.75,17957346
1638541800,42.82,43.28,42.275,42.655,19977364
1638801000,43.085,43.62,42.93,43.28,16245972
1638887400,43.78,44.215,43.775,43.94,11306942
1638973800,44.09,44.2225,43.87,44.125,9216620
1639060200,43.795,44.09,43.7,43.88,6601546
1639146600,44.215,44.32,43.86,44.15,9585100
1639405800,44.125,44.225,43.74045,43.885,9406680
1639492200,43.85,44.21,43.71995,43.84,9073574
1639578600,43.655,43.9875,43.18,43.935,14623080
1639665000,44.235,44.67,44.2,44.385,13071268
1639751400,44.225,44.3545,43.8,43.83,15665466
1640010600,42.99,43.015,42.285,42.83,14155524
1640097000,43.14,43.54,43.105,43.37,9063526
1640183400,43.32,43.75,43.265,43.715,6190250
1640269800,43.785,44.2975,43.72,44.155,5746036
1640615400,44.295,44.825,44.23005,44.82,4919558
1640701800,44.8,45.1275,44.79,45.08,8538104
1640788200,45.04,45.345,45,45.265,5153978
1640874600,45.28,45.54,45.0675,45.105,6340012
1640961000,45.025,45.42,45.015,45.305,6457756
1641220200,45.36,45.4144,44.61,44.715,15088708
1641306600,44.845,45.435,44.825,45.265,19937738
1641393000,45.5,46.1525,45.245,45.26,21252752
1641479400,45.365,45.365,44.625,44.69,17868764
1641565800,44.745,44.82,44.455,44.65,16543660
1641825000,44.41,44.515,43.7725,44.195,16819140
1641911400,44.26,44.695,43.88,44.68,13614832
1641997800,45.055,45.225,44.68,45.13,10215696
1642084200,45.06,45.295,44.67,44.78,12006148
1642170600,44.285,44.485,43.87,44.4,14588762
1642516200,43.92,43.995,43.475,43.815,15581730
1642602600,44.14,44.25,43.6825,43.705,14832864
1642689000,43.815,44.1387,43.02,43.07,17147260
1642775400,42.815,42.975,41.88,42.02,32542498
1643034600,41.23,42.155,40.455,42.045,42458932
1643121000,41.415,42.02,40.6975,41.665,29311370
1643207400,42,42.35,40.8125,41.23,26921634
1643293800,41.685,42.235,40.98,41.37,23174582
1643380200,41.19,41.625,40.615,41.61,22016388
1643639400,41.39,42.2525,41.32,42.225,14549588
1643725800,42.44,42.975,42.21,42.875,18608500
1643812200,42.865,43.2,42.635,43.01,14159120
1643898600,42.635,42.9425,42.19,42.26,15542700
1643985000,41.69,42.025,41.315,41.56,23376144
1644244200,41.645,41.745,41.2125,41.355,25255488
1644330600,41.52,42.07,41.435,41.995,15501792
1644417000,42.41,42.975,42.395,42.91,21469242
1644503400,42.755,43.61,42.45,42.66,26621900
1644589800,42.445,42.835,41.8575,42,25266804
1644849000,42.03,42.07,41.3375,41.655,18896734
1644935400,41.945,42.485,41.9,42.42,13351010
1645021800,42.375,42.82,42.295,42.73,15678052
1645108200,42.29,42.42,41.855,42,13083828
1645194600,42.09,42.31,41.695,41.93,17929668
1645540200,41.73,41.91,40.995,41.335,21308828
1645626600,41.6,41.75,40.745,40.805,19162200
1645713000,39.885,40.8,39.69,40.685,31807394
1645799400,40.87,42.19,40.835,42.17,22258868
1646058600,41.52,41.975,41.285,41.69,22460460
1646145000,41.57,41.895,40.485,40.73,26263926
1646231400,40.98,41.855,40.885,41.625,19142894
1646317800,41.995,42.145,41.255,41.675,19472064
1646404200,41.165,41.5475,40.84,41.53,17329044
1646663400,41.415,41.445,40.085,40.09,21826458
1646749800,40.145,40.725,39.645,39.885,25990062
1646836200,40.545,41.365,40.325,41.12,20626524
1646922600,40.695,41.2825,40.64,41.23,15590040
1647009000,41.285,41.64,40.89,40.925,13862930
1647264600,41.19,41.455,40.66,40.865,15631152
1647351000,40.885,41.415,40.61,41.335,18169762
1647437400,41.8,42.38,41.14,41.985,23893180
1647523800,41.845,42.81,41.79,42.79,14102956
1647610200,42.58,43.1225,42.465,43.05,19242180
1647869400,43.065,43.435,42.96,43.245,17759374
1647955800,43.575,43.755,43.32,43.48,13931896
1648042200,43.375,43.575,43.225,43.28,11578790
1648128600,43.55,44.17,43.515,44.15,10905290
1648215000,44.25,44.67,44.17,44.645,10050036
1648474200,44.48,44.51,44.005,44.445,10706862
1648560600,44.485,44.82,44.15,44.82,15656120
1648647000,44.835,44.915,44.455,44.67,8967148
1648733400,44.485,44.82,44.07,44.075,10599360
1648819800,44.33,44.705,44.07,44.54,12484058
1649079000,44.615,44.615,44.155,44.55,11518066
1649165400,44.525,44.83,44.065,44.195,11457354
1649251800,43.91,43.925,43.305,43.685,16795584
1649338200,43.74,44.15,43.435,43.97,11529154
1649424600,44.225,44.53,43.995,44.24,10311046
1649683800,44.095,44.49,43.965,44.02,12266194
1649770200,44.235,44.605,43.85,44.03,14295614
1649856600,44.115,44.7,43.94,44.68,17061528
1649943000,44.73,45.06,44.505,44.53,12664048
1650288600,44.5,44.8325,44.42,44.57,12443016
1650375000,44.445,45.085,44.335,44.99,10121352
1650461400,45.06,45.45,44.975,45.275,17289390
1650547800,45.615,45.745,44.41,44.535,15328688
1650634200,44.165,44.17655,42.79,42.87,18824244
1650893400,42.415,42.86,41.57,42.75,26687798
1650979800,42.94,43.18,42.07,42.09,21081414
1651066200,42.47,43.195,42.3325,42.71,26049576
1651152600,42.92,43.535,42.195,43.385,20702978
1651239000,43.525,43.885,42.41,42.515,21265716
1651498200,42.57,42.75,41.565,42.385,32838176
1651584600,42.415,43.1,42.33,42.86,22845062
1651671000,43.14,44.28,42.745,44.25,29811176
1651757400,43.94,44.085,42.4125,42.88,24543634
1651843800,42.54,42.54,41.565,42.265,28715706
1652103000,41.495,41.87,40.815,40.93,27881744
1652189400,41.61,41.72,40.19,40.675,34030428
1652275800,40.79,41.785,40.605,40.695,33836416
1652362200,40.27,41.025,39.88,40.62,26458234
1652448600,40.945,41.6525,40.9425,41.245,17295338
1652707800,41.07,41.5,40.6925,41.17,16692562
1652794200,42.095,42.4,41.67,42.335,15136796
1652880600,41.93,42.025,40.845,41.02,13932494
1652967000,40.75,41.795,40.7,41.31,16195088
1653053400,41.715,41.875,40.31,41.21,16114366
1653312600,41.735,42.065,41.45,41.965,12760284
1653399000,41.825,41.87,41.01,41.725,14059614
1653485400,41.565,42.0875,41.42,41.91,11071612
1653571800,42.2,42.895,42.12,42.68,11073266
1653658200,43.04,43.695,42.97,43.68,13588750
1654003800,43.27,43.43,42.87,43.015,18490838
1654090200,43.085,43.2175,42.17,42.585,14350058
1654176600,43.04,43.76,42.9425,43.76,13050788
1654263000,43.37,43.68,43.18,43.335,10651350
1654522200,43.655,43.92,43.51,43.745,11184234
1654608600,43.375,44.1125,43.26,44.06,12411734
1654695000,43.605,43.975,43.0475,43.145,8475626
1654781400,42.815,42.96,42.11,42.125,10812862
1654867800,41.31,41.38,40.78,40.835,16668358
1655127000,39.79,39.88,39.01,39.24,20820480
1655213400,39.23,39.465,38.635,38.94,15700736
1655299800,39.435,39.485,38.22,38.93,20859426
1655386200,37.865,37.99,37.205,37.525,18569342
1655472600,37.47,37.73,36.80955,37.46,25019622
1655818200,37.785,37.94,37.475,37.765,11233180
1655904600,36.95,37.645,36.845,37.28,16064826
1655991000,37.13,37.34,36.385,36.77,18934792
1656077400,37.02,38.24,36.98,38.23,22495130
1656336600,38.2,38.33,37.8,37.915,13583722
1656423000,38.14,38.495,37.45,37.51,9846388
1656509400,37.58,37.645,36.855,37.24,10594820
1656595800,36.66,37.1375,36.29,36.8,13860324
1656682200,36.495,37.115,36.095,37.06,16434202
1657027800,36.085,36.32,35.555,36.315,19413620
1657114200,36.275,36.65,35.88,36.545,16601920
1657200600,36.995,37.25,36.765,36.87,9897322
1657287000,36.925,36.985,36.315,36.51,8182594
1657546200,36.14,36.575,36.075,36.41,8287580
1657632600,36.255,36.82,36.21,36.34,13606912
1657719000,35.745,36.34,35.565,36.13,19998760
1657805400,35.455,35.4925,34.99,35.465,15012334
1657891800,36.04,36.145,35.58,36.02,10334034
1658151000,36.49,36.66,35.97,36.105,7533400
1658237400,36.505,37.29,36.465,37.205,11284828
1658323800,37.155,37.435,36.995,37.27,9383416
1658410200,37.205,37.81,37.035,37.8,9401832
1658496600,38.03,38.225,37.36,37.53,10807486
1658755800,37.63,37.7325,37.38,37.685,7729838
1658842200,37.49,37.65,37.285,37.43,7703748
1658928600,37.165,38.03,36.985,37.88,11703224
1659015000,38.06,38.59,37.975,38.55,11831986
1659101400,38.825,39.17,38.675,39.065,9258278
1659360600,38.88,38.91,38.4675,38.75,10411690
1659447000,38.555,38.8925,38.14,38.355,11367378
1659533400,38.565,38.66,38.07,38.395,9597468
1659619800,38.455,38.75,38.225,38.42,6898892
1659706200,38.115,38.72025,38.06,38.555,5891962
1659965400,39.025,39.32,38.745,38.77,9414246
1660051800,38.835,38.85,38.4425,38.58,13987306
1660138200,39.33,39.9,39.32,39.675,8528296
1660224600,40.04,40.315,39.76,39.81,6129156
1660311000,39.935,40.57,39.86,40.56,7447274
1660570200,40.13,40.595,39.995,40.535,6380276
1660656600,40.42,40.935,40.415,40.76,5211552
1660743000,40.305,40.395,39.9875,40.2,8159836
1660829400,40.36,40.4225,40.065,40.325,4562740
1660915800,40.105,40.105,39.44,39.585,6634518
1661175000,38.97,39.17,38.815,38.955,7031924
1661261400,38.96,39.535,38.96,39.34,9840444
1661347800,39.29,39.5675,39.18,39.425,5778186
1661434200,39.695,40.3325,39.695,40.32,6130962
1661520600,40.41,40.445,39.0568,39.085,8666006
1661779800,38.655,39.13,38.56,38.81,7198996
1661866200,38.91,38.935,37.95,38.175,7402574
1661952600,38.24,38.24,37.69,37.705,10050746
1662039000,37.25,37.315,36.755,37.21,11796020
1662125400,37.76,38.0575,37.01,37.175,14134200
1662471000,37.39,37.525,36.895,37.06,12551202
1662557400,36.96,38.15,36.875,38.085,12192402
1662643800,37.705,38.4825,37.57,38.455,8796590
1662730200,38.84,39.1425,38.735,39.035,7296546
1662989400,39.435,39.58995,39.16,39.4,8099078
1663075800,38.395,38.83185,37.8975,37.995,9404020
1663162200,37.825,37.865,37.165,37.53,11562412
1663248600,37.385,37.7725,36.9675,37.035,10417430
1663335000,36.535,36.59025,36.055,36.45,16265358
1663594200,35.85,36.895,35.805,36.845,10323444
1663680600,36.345,36.345,35.8725,36.145,9549818
1663767000,36.405,36.48,35.34,35.355,17767114
1663853400,35.5,35.6,34.905,34.93,11752914
1663939800,34.33,34.375,33.705,34.215,14010280
1664199000,33.97,34.405,33.49,33.66,14978084
1664285400,34.09,34.285,33.425,33.735,14157846
1664371800,33.915,34.765,33.7825,34.605,13507868
1664458200,34.275,34.275,33.6,34.095,11454534
1664544600,34.07,34.635,33.9,34.005,10820796
1664803800,34.55,35.3675,34.355,35.11,19858332
1664890200,35.815,36.44,35.755,36.4,30250312
1664976600,35.89,36.285,35.585,35.99,18429712
1665063000,35.71,36.09,35.52,35.61,23953548
1665149400,35.315,35.39,34.505,34.73,10183842
1665408600,34.865,35.0075,34.5725,34.805,10391274
1665495000,34.515,35.1,34.2875,34.535,13918880
1665581400,34.545,34.5775,34.255,34.275,16029284
1665667800,33.605,35.44,33.43,35.28,19446358
1665754200,35.51,35.585,34.03,34.09,16595462
1666013400,34.78,35.175,34.735,34.94,11471470
1666099800,35.78,36,35.23,35.625,15958882
1666186200,35.365,35.66,34.99,35.205,8690410
1666272600,35.255,35.89,34.865,34.95,11416566
1666359000,34.885,36.21,34.85,36.16,16680936
1666618200,36.305,36.5,35.88,35.95,13474780
1666704600,35.975,36.865,35.92985,36.84,12002592
1666791000,37.05,37.485,36.7875,37.1,13530668
1666877400,37.155,37.445,36.93625,37.005,9953954
1666963800,36.89,37.4475,36.71,37.375,9254806
1667223000,37.17,37.475,36.985,37.04,9583460
1667309400,37.595,37.635,36.825,37.135,23318080
1667395800,37.285,37.605,36.155,36.17,31466622
1667482200,35.72,36.695,35.635,36.445,17458912
1667568600,37.375,37.99,37.065,37.71,19279680
1667831400,37.945,38.03,37.55,38.005,11153138
1667917800,38.225,39.04,38.12,38.66,12313586
1668004200,38.48,38.825,37.9475,38.035,13207824
1668090600,39.58,40.17,39.39,40.14,17436560
1668177000,40.59,41.09,40.505,40.625,12982334
1668436200,40.49,41.1275,40.45,40.57,12733852
1668522600,41.015,41.04,40.11,40.51,14455066
1668609000,40.355,40.485,40.035,40.115,12797796
1668695400,39.5,39.755,39.24,39.73,9358722
1668781800,40.135,40.135,39.625,39.995,7491134
1669041000,39.71,40.265,39.62,40.13,7238224
1669127400,40.43,41.05,40.3375,41.04,7214122
1669213800,41,41.24,40.895,41.2,8496400
1669386600,41.14,41.215,41.05,41.185,2456570
1669645800,40.885,40.9,40.185,40.265,6464098
1669732200,40.415,40.62,40.29,40.4,5673104
1669818600,40.415,41.39,40.04,41.375,14625048
1669905000,41.66,41.705,41.0625,41.425,8215892
1669991400,40.885,41.99,40.885,41.88,6825048
1670250600,41.565,41.7275,40.985,41.05,9452488
1670337000,41.075,41.325,40.3875,40.685,9495612
1670423400,40.62,40.995,40.495,40.595,8167208
1670509800,40.86,41.105,40.7625,40.895,5523788
1670596200,40.795,41.145,40.48,40.49,7872386
1670855400,40.515,40.85,40.37,40.84,6386110
1670941800,42.1,42.18,41.11,41.405,12576062
1671028200,41.235,41.5,40.64505,40.96,15635206
1671114600,40.265,40.305,39.61,39.71,10458590
1671201000,39.395,39.66,39.15,39.54,14570520
1671460200,39.21,39.435,38.59,38.775,6459916
1671546600,38.845,39.2575,38.83,39.03,5641886
1671633000,39.235,39.5325,39.14,39.37,5755490
1671719400,39.09,39.09,38.33,38.99,6631166
1671805800,38.99,39.27,38.775,39.26,6202348
1672151400,39.355,39.555,39.125,39.295,4868544
1672237800,39.285,39.435,38.665,38.695,5046450
1672324200,38.91,39.2775,38.91,39.115,6446122
1672410600,38.83,38.975,38.5125,38.84,5818862
1672756200,38.905,39.16,38.445,38.8,10684020
1672842600,38.995,39.5825,38.9725,39.475,9742300
1672929000,38.86,39.07,38.57,38.85,8212638
1673015400,39.21,40.275,39.21,40.185,8729182
1673274600,40.515,40.98,40.305,40.44,16791438
1673361000,40.455,40.8725,40.23,40.845,8048974
1673447400,41.275,41.505,41.03,41.485,9845730
1673533800,41.58,41.76,41.165,41.64,7787598
1673620200,41.4,41.9775,41.365,41.895,6965136
1673965800,41.965,42.045,41.4325,41.475,6943124
1674052200,41.855,41.915,40.87,40.89,9445096
1674138600,40.58,40.745,40.25625,40.575,8159780
1674225000,40.68,41.42,40.465,41.39,6897420
1674484200,41.335,41.7,41.135,41.525,12497500
1674570600,41.295,41.61,40.9475,41.55,9361110
1674657000,41.095,41.65,40.955,41.635,7204082
1674743400,41.285,41.8525,41.155,41.835,11506234
1674829800,41.55,41.995,41.51,41.7,6839558
1675089000,41.445,41.94,41.36,41.415,10421838
1675175400,41.445,42.34,41.445,42.325,7742740
1675261800,42.08,42.95,41.805,42.605,14447260
1675348200,42.42,42.5925,41.835,42.47,12327984
1675434600,42.005,42.34,41.645,41.705,11875752
1675693800,41.335,41.5,41.025,41.245,12524686
1675780200,41.19,41.905,41.17,41.8,15106044
1675866600,41.58,41.98,41.435,41.465,10531866
1675953000,41.785,41.875,40.68,40.865,16661174
1676039400,40.775,41.075,40.53,41.015,7015928
1676298600,41.085,41.3125,40.82,41.23,5498550
1676385000,41.055,41.4375,40.85,41.325,8214948
1676471400,41.05,41.5125,40.94,41.505,7956850
1676557800,40.93,41.515,40.83,41.035,8673800
1676644200,40.75,40.79,40.4275,40.65,7452448
1676989800,40.44,40.58,39.92,39.98,11800620
1677076200,40.16,40.48,39.955,40.28,11868772
1677162600,40.43,40.6,39.73,40.325,11192666
1677249000,39.645,40.65,39.435,40.595,18648168
1677508200,40.855,41.115,40.6875,40.73,12939548
1677594600,40.72,41.1806,40.645,40.915,17093514
1677681000,41.005,41.635,41,41.235,15481652
1677767400,41.02,41.805,40.9225,41.705,12670238
1677853800,41.98,42.3225,41.655,42.3,11994760
1678113000,42.135,42.135,41.545,41.615,10962846
1678199400,41.46,41.46,40.65,40.795,13520610
1678285800,40.815,41.095,40.675,40.995,11590378
1678372200,41.025,41.16,39.815,39.94,12851938
1678458600,39.955,39.965,38.88,39.09,26125100
1678714200,38.7,39.2175,38.4,38.69,40705080
1678800600,39.255,39.64,38.76,39.185,16477288
1678887000,38.175,38.26,37.385,37.915,28524436
1678973400,37.555,38.4,37.44,38.35,21612828
1679059800,38.215,38.225,37.69,37.755,18887086
1679319000,37.885,38.385,37.885,38.365,14787666
1679405400,38.815,38.995,38.57,38.83,9498032
1679491800,38.765,39.055,38.13,38.14,14655106
1679578200,38.31,38.8625,37.8,38.095,13439540
1679664600,37.805,38.495,37.53,38.405,13465240
1679923800,38.805,38.9625,38.41,38.69,10613926
1680010200,38.685,38.94,38.645,38.875,10248040
1680096600,39.375,39.44,39.24,39.415,8270264
1680183000,39.825,39.85,39.5425,39.685,8433766
1680269400,39.69,40.35,39.69,40.33,13526462
1680528600,40.41,40.69,40.285,40.585,16128530
1680615000,40.485,40.505,39.845,40,17497340
1680701400,39.7,39.965,39.55,39.91,18561016
1680787800,39.645,39.8525,39.5175,39.815,19031386
1681133400,39.66,40.075,39.62,40.005,9267134
1681219800,40.185,40.535,40.17,40.315,7715330
1681306200,40.595,40.685,40.2725,40.345,11888048
1681392600,40.37,40.895,40.285,40.76,18002998
1681479000,40.66,40.9425,40.2575,40.465,8826312
1681738200,40.485,40.71,40.375,40.7,7366186
1681824600,40.855,41.005,40.68,40.87,6766020
1681911000,40.595,40.7925,40.5,40.755,7309570
1681997400,40.465,40.84,40.455,40.71,8052024
1682083800,40.55,40.5925,40.125,40.35,10844138
1682343000,40.415,40.635,40.365,40.625,7731050
1682429400,40.2,40.24,39.725,39.745,11966194
1682515800,39.585,39.7175,39.1425,39.275,11910446
1682602200,39.39,39.825,39.1625,39.81,11826360
1682688600,39.795,40.345,39.685,40.275,10143224
1682947800,40.325,40.52,40.1825,40.255,8416496
1683034200,39.88,39.935,39.23,39.865,11680944
1683120600,39.925,40.12,39.41,39.425,12701398
1683207000,39.51,39.7629,39.0725,39.17,16655096
1683293400,39.6,39.97,39.565,39.83,10267302
1683552600,40.075,40.13,39.6375,39.7,7680010
1683639000,39.48,39.545,39.1775,39.34,15114412
1683725400,39.815,39.815,38.935,39.365,11730208
1683811800,38.99,39.11,38.7955,38.98,12849750
1683898200,39.155,39.225,38.715,39.05,8287230
1684157400,39.25,39.41,39.005,39.38,6487294
1684243800,39.17,39.21,38.715,38.73,8346402
1684330200,38.915,39.14,38.7325,38.985,10505662
1684416600,38.805,39.255,38.62,39.215,13352436
1684503000,39.5,39.515,39.1,39.315,9943166
1684762200,39.395,39.505,39.045,39.11,8288590
1684848600,38.825,38.93,38.425,38.505,10494160
1684935000,38.34,38.375,37.99,38.065,14128078
1685021400,38.11,38.115,37.72,37.93,11713076
1685107800,38.21,38.36,37.95,38.12,15882532
1685453400,38.09,38.16,37.625,37.915,12780658
1685539800,37.7,37.825,37.355,37.51,13816734
1685626200,37.7,38.12,37.5275,38.01,14559666
1685712600,38.76,39.375,38.7,39.285,17659046
1685971800,39.365,39.695,39.11,39.255,16183580
1686058200,39.095,39.605,39.07,39.505,15206796
1686144600,39.415,40.01,39.415,39.975,13330828
1686231000,39.995,40.11,39.555,39.83,11719324
1686317400,39.675,39.73705,39.35,39.5,11621424
1686576600,39.545,39.73,39.265,39.68,9691294
1686663000,39.98,40.625,39.895,40.6,16467164
1686749400,40.92,40.955,40.2125,40.43,13956572
1686835800,40.38,40.935,40.345,40.775,11778154
1686922200,40.84,40.8925,40.58,40.875,16966772
1687267800,40.265,40.35,39.9,40.125,11739620
1687354200,39.935,40.4225,39.815,40.255,13355334
1687440600,40.11,40.195,39.78,40.16,8650342
1687527000,39.74,39.91,39.535,39.835,11953578
1687786200,39.945,40.3025,39.85,40.25,8335842
1687872600,40.35,40.85,40.2225,40.82,13676376
1687959000,40.72,40.72,40.355,40.54,10987164
1688045400,40.43,41.07,40.34,41.05,10563948
1688131800,41.27,41.54,41.12,41.435,12966828
1688391000,41.415,41.77,41.345,41.59,7865678
1688563800,41.135,41.175,40.485,40.565,23658730
1688650200,40.045,40.295,39.655,40.27,17904184
1688736600,40.245,41.025,40.19,40.62,13663010
1688995800,40.33,40.855,40.295,40.61,11196120
1689082200,40.855,41.04,40.675,41.01,9412114
1689168600,41.51,41.675,41.205,41.55,23076766
1689255000,41.69,41.925,41.54,41.875,9609922
1689341400,41.895,41.895,41.4425,41.63,11252136
1689600600,41.49,41.7525,41.415,41.67,9072912
1689687000,41.515,42.12,41.515,41.995,11795646
1689773400,41.94,42.05,41.64,41.77,10383670
1689859800,41.905,41.9625,41.58,41.87,9853312
1689946200,41.75,41.94,41.54,41.875,9047944
1690205400,41.925,42.08,41.74,42.005,8705664
1690291800,42.24,42.92,42.175,42.76,17521066
1690378200,42.46,42.73,42.2775,42.615,12335244
1690464600,42.765,42.89,42.3,42.34,14101436
1690551000,42.8,42.805,42.4125,42.635,8129598
1690810200,42.735,42.93,42.615,42.86,11001674
1690896600,42.65,42.845,42.5,42.67,15073324
1690983000,42.28,42.525,42.085,42.14,20371614
1691069400,42.015,42.23,41.805,41.88,18758754
1691155800,42.09,42.3925,41.7475,41.785,16990030
1691415000,41.935,42.13,41.7525,42.06,10322194
1691501400,41.375,41.6925,41.17,41.615,12857556
1691587800,41.775,41.86,41.39,41.445,15928132
1691674200,41.65,41.8875,41.38,41.475,11145056
1691760600,41.365,41.5675,41.215,41.36,7974564
1692019800,41.26,41.455,41.035,41.45,7753430
1692106200,41.05,41.14,40.685,40.775,11392626
1692192600,40.71,40.915,40.48505,40.5,10564344
1692279000,40.78,41.035,40.3775,40.42,10530800
1692365400,40.185,40.5075,40.095,40.415,9817890
1692624600,40.515,40.575,40.125,40.42,9705318
1692711000,40.61,40.6795,40.2625,40.385,7218164
1692797400,40.38,40.5875,40.2775,40.45,7004544
1692883800,40.265,40.6275,40.225,40.28,8140456
1692970200,40.465,40.585,40.06,40.4,10757816
1693229400,40.51,40.89,40.49,40.695,10101864
1693315800,40.72,41.38995,40.58,41.37,11751082
1693402200,41.37,41.54,41.2975,41.465,7597356
1693488600,41.535,41.64,41.4,41.445,6559984
1693575000,41.84,42.02,41.7475,41.91,11825306
1693920600,41.845,41.88,41.135,41.135,12926410
1694007000,40.99,41.235,40.725,41.045,9306282
1694093400,40.88,41.025,40.5575,40.86,8874414
1694179800,40.78,41.075,40.775,40.9,6986306
1694439000,41.165,41.3625,40.995,41.075,8070524
1694525400,40.94,41.17,40.8875,40.98,8421332
1694611800,40.96,41.045,40.625,40.74,9170946
1694698200,41.165,41.3975,41.0125,41.315,8669032
1694784600,41.2,41.38005,40.7875,40.855,13975558
1695043800,40.61,40.7,40.365,40.49,7366566
1695130200,40.465,40.6425,40.105,40.455,8168170
1695216600,40.61,40.71,40.005,40.03,9299736
1695303000,39.76,39.775,39.21,39.225,13559518
1695389400,39.33,39.5225,39.115,39.185,12035152
1695648600,39.035,39.515,39.01,39.495,8245830
1695735000,39.255,39.465,38.815,38.925,10951928
1695821400,39.12,39.1725,38.69,38.92,11031198
1695907800,38.99,39.4775,38.99,39.34,9398254
1695994200,39.715,39.72,39.17,39.275,11714400
1696253400,39.12,39.175,38.49,38.755,22598718
1696339800,38.36,39.14,38.36,38.65,26358094
1696426200,39.05,39.17,38.58,39.105,17954026
1696512600,39.005,39.215,38.395,38.63,20474368
1696599000,38.53,39.265,38.39,38.995,16086218
1696858200,38.77,39.16,38.58,39.045,12974754
1696944600,39.265,39.785,39.2075,39.46,13710088
1697031000,39.62,39.7801,39.225,39.555,9858896
1697117400,39.725,39.725,38.665,38.965,12126584
1697203800,39.16,39.33,38.65,38.82,11269272
1697463000,39.11,39.46,38.98,39.2,12363806
1697549400,38.915,39.72,38.915,39.585,11636666
1697635800,39.325,39.325,38.5075,38.56,13017268
1697722200,38.42,38.74,38.06,38.11,18466326
1697808600,38.095,38.17,37.635,37.65,14322442
1698067800,37.285,37.62,37.165,37.23,18276102
1698154200,37.535,37.895,37.4725,37.67,14848358
1698240600,37.595,37.66,37.2,37.23,12539946
1698327000,37.5,37.8275,37.38,37.49,17553352
1698413400,37.505,37.7536,37.385,37.475,16473234
1698672600,37.855,38.01,37.5875,37.86,11954226
1698759000,37.795,38.1375,37.7,38.03,11162674
1698845400,37.975,38.135,37.6575,38.05,17560902
1698931800,38.3,38.8,38.275,38.785,13101282
1699018200,39.105,39.665,39.105,39.395,12129536
1699281000,39.405,39.43,39.115,39.2,9337552
1699367400,38.82,38.85005,38.39,38.44,15015940
1699453800,38.535,38.6675,38.31,38.56,10941664
1699540200,38.82,38.825,38.2025,38.23,13877916
1699626600,38.265,38.71,38.215,38.68,7248306
1699885800,38.455,38.785,38.405,38.625,8079410
1699972200,39.075,39.945,39.0675,39.765,10995862
1700058600,39.855,40.305,39.815,39.94,9819798
1700145000,39.93,40.105,39.825,40.06,7165526
1700231400,40.185,40.27,40.0125,40.135,6890294
1700490600,40.075,40.3275,39.86,40.205,9634512
1700577000,40.325,40.51,40.295,40.36,7363076
1700663400,40.36,40.445,40.18,40.385,7522920
1700836200,40.39,40.695,40.39,40.56,3689878
1701095400,40.41,40.555,40.235,40.51,6524604
1701181800,40.51,40.81,40.39,40.59,6996222
1701268200,40.745,40.985,40.705,40.8,6244364
1701354600,40.825,41.24,40.69,41.205,11482406
1701441000,41.265,41.8175,41.17,41.675,16782750
1701700200,41.33,41.63,41.17,41.19,21230196
1701786600,40.985,41.01,40.53,40.625,17533468
1701873000,40.805,40.94,40.5025,40.54,16910238
1701959400,40.695,40.86,40.575,40.815,8559598
1702045800,40.785,41.16,40.785,40.965,8246918
1702305000,40.89,41.26,40.815,41.255,9205830
1702391400,41.64,41.8,41.295,41.495,20435040
1702477800,41.045,42.02,40.941,42,16392544
1702564200,42.255,42.9275,42.255,42.695,12713342
1702650600,42.46,42.85,42.46,42.585,10811192
1702909800,42.61,42.7,42.325,42.355,8052884
1702996200,42.63,42.84495,42.5825,42.745,7285414
1703082600,42.63,42.735,42.08,42.09,9359022
1703169000,42.445,42.5425,42.25,42.535,7544706
1703255400,42.695,42.895,42.62,42.8,5386744
1703601000,42.855,43.125,42.8,43,6731476
1703687400,42.92,43.15,42.87,43.105,6819606
1703773800,43.03,43.1025,42.9025,42.94,7214070
1703860200,42.795,42.89,42.6825,42.77,6992284
1704205800,42.46,42.765,42.40065,42.695,19924880
1704292200,42.25,42.45,41.94,42.235,23358600
1704378600,42.165,42.3575,42.02,42.1,20424162
1704465000,41.985,42.405,41.935,42.17,14692808
1704724200,41.95,42.36,41.8,42.35,10366152
1704810600,42.08,42.08,41.73,41.865,12910496
1704897000,41.715,41.85,41.61,41.81,8202762
1704983400,41.86,41.86,41.38,41.685,8542120
1705069800,41.925,42.02,41.545,41.725,8267846
1705415400,41.47,41.545,41.145,41.245,10552748
1705501800,40.825,41.0875,40.765,40.945,9287520
1705588200,41.025,41.135,40.73,41.075,9320904
1705674600,41.115,41.19,40.72,41.115,11653556
1705933800,40.88,41.3075,40.88,41.235,10785166
1706020200,41.43,41.555,41.215,41.37,7891740
1706106600,41.395,41.5,40.78675,40.81,10317728
1706193000,41.005,41.26,40.885,41.24,9734396
1706279400,41.39,41.49,41.17,41.255,7799214
1706538600,41.225,41.475,41.035,41.46,7125884
1706625000,41.375,41.8425,41.295,41.65,10851316
1706711400,41.715,41.7675,41.065,41.105,13478354
1706797800,41.735,41.855,41.2325,41.79,19793786
1706884200,41.485,41.745,41.09,41.545,22920396
1707143400,40.65,40.745,40.3675,40.49,24886818
1707229800,40.82,41.295,40.82,41.205,19053182
1707316200,41.44,41.6475,41.42,41.535,10820482
1707402600,41.595,41.5975,41.185,41.48,6798576
1707489000,41.385,41.5875,41.265,41.57,7635560
1707748200,41.67,42.0925,41.635,41.9,6796460
1707834600,41.5,41.62,41.01,41.31,12864690
1707921000,41.52,41.655,41.31,41.575,8762024
1708007400,41.805,42.425,41.805,42.36,11984222
1708093800,42.54,42.8725,42.495,42.585,9313338
1708439400,42.56,42.63,42.37,42.495,9019092
1708525800,42.485,42.755,42.325,42.73,8122350
1708612200,42.81,43.225,42.755,43.16,9448666
1708698600,43.25,43.4775,43.1452,43.415,7079248
1708957800,43.275,43.335,43.105,43.155,6653586
1709044200,43.315,43.425,43.19,43.315,8254548
1709130600,43.19,43.61,43.075,43.45,8994002
1709217000,43.715,43.9,43.565,43.78,12247620
1709303400,43.78,44.09,43.745,43.98,10401620
1709562600,44.03,44.375,43.98,44.3,9349206
1709649000,44.15,44.435,43.915,44.065,8493854
1709735400,44.305,44.545,44.24,44.39,10224070
1709821800,44.74,45.145,44.735,44.935,7942264
1709908200,45.075,45.1,44.665,44.675,10311130
1710163800,44.885,45.37,44.725,45.18,23270932
1710250200,45.175,45.2325,44.9525,45.175,10149318
1710336600,45.315,45.8275,45.315,45.62,14529502
1710423000,45.495,45.5975,45.1775,45.38,19451934
1710509400,45.085,45.6,45.055,45.4,18702590
1710768600,45.38,45.68,45.3,45.32,15242376
1710855000,45.265,45.4025,45.13,45.325,10832950
1710941400,45.29,45.94505,45.2,45.78,13252366
1711027800,45.9,46.041,45.72,45.97,9384162
1711114200,45.87,45.98,45.6575,45.685,5874666
1711373400,45.66,45.885,45.62,45.7,5662720
1711459800,45.775,45.8595,45.635,45.665,5434702
1711546200,45.78,46.3325,45.74,46.32,8444492
1711632600,46.325,46.6025,46.235,46.445,9025282
1711978200,46.665,46.665,46.2507,46.335,7646916
1712064600,46.29,46.33,45.9625,46.165,9570762
1712151000,46.215,46.5,46.175,46.44,10022944
1712237400,46.695,46.8575,45.865,45.97,12659008
1712323800,45.965,46.445,45.9225,46.385,9804522
1712583000,46.535,46.585,46.295,46.42,6521950
1712669400,46.78,46.795,46.0525,46.53,11350692
1712755800,45.815,46.08,45.6375,45.805,14114268
1712842200,45.85,45.965,45.5325,45.77,9900578
1712928600,45.635,45.725,44.7575,44.96,12113178
1713187800,45.44,45.6075,44.59,44.745,11506542
1713274200,44.5,44.64,44.245,44.4,13555786
1713360600,44.7,44.9,44.3675,44.5,9156748
1713447000,44.86,44.8925,44.3075,44.515,7497844
1713533400,44.63,44.8175,44.315,44.48,10109026
1713792600,44.235,44.76,44.065,44.525,8284604
1713879000,43.97,44.35375,43.885,44.14,11470088
1713965400,43.96,44.2075,43.83,44.17,9553780
1714051800,44.17,44.585,43.775,44.485,9220114
1714138200,44.505,44.95,44.495,44.76,6274330
1714397400,44.96,45.19,44.915,45.135,5676742
1714483800,44.76,44.865,44.305,44.315,9871834
1714570200,44.48,45.26,44.37,44.545,15456200
1714656600,44.305,44.505,43.95,44.315,15567380
1714743000,44.685,44.885,44.525,44.765,8999484
1715002200,45.04,45.21,44.835,45.035,6615586
1715088600,45.205,45.645,45.2,45.57,8862194
1715175000,45.4,45.57,45.315,45.36,6522786
1715261400,45.48,45.9025,45.42375,45.865,7070008
1715347800,46.06,46.105,45.89,45.92,5472684
1715607000,46.005,46.165,45.85,45.89,5030672
1715693400,46.015,46.1,45.7825,45.935,7480336
1715779800,46.25,46.28,45.805,46.015,7922136
1715866200,46.03,46.065,45.6575,45.685,7245730
1715952600,45.855,46.075,45.785,46.075,7256338
1716211800,46.01,46.22,45.8875,46.14,4544588
1716298200,46.14,46.1475,45.935,46.14,5424940
1716384600,45.71,45.875,45.48,45.69,8703200
1716471000,45.755,45.8,45.195,45.285,5688234
1716557400,45.495,45.74,45.495,45.68,4597938
1716903000,45.69,45.75,45.3425,45.505,4223472
1716989400,45.075,45.19,44.82,44.855,8145024
1717075800,44.765,45.245,44.765,45.22,6599364
1717162200,45.265,45.7725,44.9425,45.765,8203216
1717421400,45.755,45.775,45.105,45.495,11900220
1717507800,45.13,45.215,44.73,44.99,6778924
1717594200,45,45.32,44.81,45.3,6820722
1717680600,45.3,45.36,45.1,45.35,4238830
1717767000,44.88,45.27,44.7,44.895,8358944
1718026200,44.775,44.8925,44.6725,44.85,5223546
1718112600,44.6,44.835,44.42,44.835,6457210
1718199000,45.375,45.51,44.805,44.92,8174136
1718285400,44.67,44.96,44.5025,44.905,7937112
1718371800,44.645,44.72,44.21,44.49,5694414
1718631000,44.33,44.895,44.2225,44.82,7631594
1718717400,44.83,44.995,44.5625,44.77,6872616
1718890200,44.745,45.035,44.71,44.815,6440990
1718976600,44.695,44.905,44.485,44.82,8209840
1719235800,44.795,45.08,44.67,44.895,8065146
1719322200,44.81,44.82,44.18,44.325,7292132
1719408600,44.105,44.335,43.975,44.295,6474572
1719495000,44.29,44.31,44.06,44.17,16279582
1719581400,44.175,44.48,44.02,44.155,7750608
1719840600,44.19,44.355,43.34,43.475,8647388
1719927000,43.37,43.675,43.2025,43.555,13117506
1720013400,43.7,43.99,43.6607,43.88,4591106
1720186200,43.855,44.0025,43.61,43.95,8846782
1720445400,44.08,44.2345,43.9225,44.08,10496898
1720531800,43.885,43.975,43.62,43.63,5951040
1720618200,43.85,44.24,43.78,44.215,7915322
1720704600,44.435,44.885,44.405,44.82,11914002
1720791000,45.075,45.4639,44.955,45.25,9795960
1721050200,45.255,45.44,45.03,45.135,6485370
1721136600,45.095,46.05,45.075,46.01,7466024
1721223000,45.985,46.19,45.895,45.915,8790442
1721309400,45.645,46.145,45.4025,45.46,8910188
1721395800,45.245,45.345,44.92,45.055,9365292
1721655000,45.17,45.26,44.83,45.205,7526182
1721741400,45.34,45.4625,45.065,45.385,6493450
1721827800,45.465,45.52,44.7575,44.805,8548996
1721914200,44.6,45.475,44.56,44.93,10052426
1722000600,45.225,45.84,45.12,45.665,7069764
1722259800,45.695,45.8675,45.495,45.745,7049682
1722346200,45.585,45.9275,45.5,45.595,8502202
1722432600,45.985,46.495,45.83515,46.07,10466752
1722519000,46.275,46.695,45.595,45.885,17134346
1722605400,45.37,45.475,44.425,45.02,20945244
1722864600,44.21,44.375,43.64,44.015,19483068
1722951000,43.955,44.805,43.88,44.24,11812226
1723037400,44.615,44.8,43.61,43.64,11097464
1723123800,43.865,44.41,43.835,44.315,10758970
1723210200,44.34,44.4225,43.8725,44.28,5722306
1723469400,44.33,44.39,43.9825,44.085,5561886
1723555800,44.24,44.62,44.135,44.525,6236124
1723642200,44.635,44.6575,44.2975,44.525,7241046
1723728600,44.95,45.3225,44.855,45.23,7728570
1723815000,45.15,45.3125,44.9475,45.285,5803124
1724074200,45.29,45.54,45.29,45.5,4586492
1724160600,45.525,45.6425,45.29,45.335,4834632
1724247000,45.485,45.895,45.465,45.855,4610944
1724333400,45.855,45.935,45.6,45.76,5684306
1724419800,45.95,46.48,45.9175,46.365,5798054
1724679000,46.57,46.915,46.495,46.57,7663084
1724765400,46.535,46.585,46.2725,46.575,8845350
1724851800,46.42,46.6225,46.205,46.375,6524164
1724938200,46.54,46.9175,46.245,46.63,6051232
1725024600,46.76,47.2075,46.5325,47.14,8647558
1725370200,46.455,46.68,45.925,46.07,9503490
1725456600,46.185,46.38,45.8275,45.88,6313362
1725543000,45.975,46.03,45.415,45.52,7587084
1725629400,45.455,45.725,44.85505,44.945,10616516
1725888600,45.205,45.6155,45.205,45.38,6412492
1725975000,45.36,45.41,45.035,45.4,6299724
1726061400,45.4,45.56,44.445,45.51,7392890
1726147800,45.655,45.94,45.395,45.93,5962710
1726234200,46.065,46.5932245,46.03,46.345,6459070
1726493400,46.55,46.86,46.415,46.775,5838670
1726579800,46.795,47.21,46.75,46.865,5881438
1726666200,46.965,47.215,46.55,46.665,11155408
1726752600,47.44,47.56,47.11,47.37,8351834
1726839000,47.315,47.315,46.85,47.035,9617336
1727098200,47.01,47.275,46.91,47.235,5159738
1727184600,47.66,47.96,47.565,47.88,7918750
1727271000,48.01,48.05,47.4475,47.56,5815590
1727357400,48.075,48.6125,48.075,48.545,10243416
1727443800,48.54,48.8901,48.36,48.46,8498562
1727703000,48.38,48.435,47.825,48.19,7373696
1727789400,48.24,48.27,47.85,48.07,11546890
1727875800,47.95,48.265,47.76,47.885,10571496
1727962200,47.6,47.6075,47.225,47.355,13542620
1728048600,47.65,47.785,47.2875,47.585,11380300
1728307800,47.37,47.56,47.18,47.445,7800524
1728394200,47.17,47.285,46.92,47.225,8933914
1728480600,47.19,47.66,47.115,47.525,8561972
1728567000,47.505,47.71,47.305,47.635,6764668
1728653400,47.73,48.08,47.66,47.945,6631238
1728912600,47.73,48.2475,47.6525,48.22,6217218
1728999000,48.11,48.565,48.11,48.17,7717530
1729085400,48.225,48.64,48.205,48.545,7465824
1729171800,48.65,48.7275,48.465,48.62,5043598
1729258200,48.765,48.935,48.5675,48.815,6035508
1729517400,48.76,48.835,48.275,48.44,4343216
1729603800,48.405,48.48,47.73,47.995,6954650
1729690200,47.87,48.13,47.64,47.865,6782636
1729776600,47.77,47.865,47.085,47.28,5092712
1729863000,47.26,47.45,46.955,46.98,7406936
1730122200,47.21,47.4325,47.1575,47.37,7701660
1730208600,47.135,47.345,47.01,47.065,7315692
1730295000,47.065,47.6325,47.065,47.32,10643616
1730381400,47,47.195,46.675,46.695,8106936
1730467800,46.73,46.8925,46.55,46.565,6928032
1730730600,46.82,47.0825,46.5575,46.77,15308624
1730817000,46.66,47.0275,46.51,46.84,7973094
1730903400,47.87,47.965,47.1325,47.485,12702802
1730989800,47.61,47.84,47.51,47.67,19949830
1731076200,47.495,47.54,47.1475,47.235,8805656
1731335400,47.185,47.3775,46.9775,47.03,7694020
1731421800,46.8,46.865,46.115,46.23,7078918
1731508200,46.265,46.435,46.115,46.34,6310108
1731594600,46.275,46.325,45.9075,45.96,5911420
1731681000,45.94,46.035,45.5625,45.64,6395584
1731940200,45.725,45.995,45.64,45.995,7875378
1732026600,45.65,45.919,45.41,45.845,6540558
1732113000,45.87,46.275,45.69,46.22,8345806
1732199400,46.23,46.79995,46.095,46.785,8402308
1732285800,46.745,47.1,46.7158,47.045,5857186
1732545000,47.235,47.6,47.18,47.53,7524890
1732631400,47.41,47.41,46.9925,47.175,6104562
1732717800,47.245,47.58,47.09,47.15,14047348
1732890600,47.155,47.43,47.085,47.39,4265182
1733149800,47.44,47.47,47.025,47.36,12785670
1733236200,47.55,47.59,47.12,47.21,11099356
1733322600,47.025,47.055,46.605,46.75,10865920
1733409000,46.5,46.57,45.92,46.135,12762898
1733495400,46.25,46.315,45.935,45.955,7130930
1733754600,46.32,46.575,45.935,45.945,9417626
1733841000,45.89,45.925,45.1925,45.475,7718626
1733927400,45.625,45.625,45.285,45.315,12288114
1734013800,45.155,45.28,44.98145,45,7294130
1734100200,44.84,44.905,44.465,44.615,8099230
1734359400,44.525,44.6775,44.1975,44.22,10486588
1734445800,44.025,44.345,43.96505,43.975,8289884
1734532200,43.95,44.0975,42.70585,42.725,14797408
1734618600,42.765,43.06,42.255,42.265,12496664
1734705000,42.19,43.04,42.165,42.79,14685068
1734964200,42.515,42.585,42.13,42.535,11339160
1735050600,42.545,42.8,42.34,42.765,5502364
1735223400,42.59,42.8581,42.485,42.7,6517798
1735309800,42.485,42.855,42.3025,42.47,8568174
1735569000,42.195,42.195,41.7,41.9,7528136
1735655400,42.04,42.21,41.8475,42.07,8883180
1735828200,42.27,42.41,41.545,41.605,20004272
1735914600,41.74,41.795,41.52,41.595,19348494
1736173800,42.005,42.275,41.8125,41.875,16602460
1736260200,41.9,42.325,41.6375,41.85,23068910
1736346600,41.88,42.085,41.58,42.08,15743212
1736519400,41.785,41.955,41.54,41.65,18553606
1736778600,41.61,42.6025,41.575,42.58,20014706
1736865000,42.82,43.1425,42.7075,43.11,13084640
1736951400,43.735,43.85,43.235,43.52,12564138
1737037800,43.555,43.885,43.435,43.88,11550918
1737124200,44.17,44.45,44,44.165,11589184
1737469800,44.58,44.855,44.52,44.73,10348002
1737556200,44.78,44.795,44.36,44.37,11894270
1737642600,44.37,44.615,44.135,44.615,8568746
1737729000,44.815,44.83,44.4525,44.5,6300210
1737988200,44.41,44.565,44.15505,44.525,12938906
1738074600,44.63,44.635,44.28,44.38,9287748
1738161000,44.21,44.51,44.19,44.3,9020452
1738247400,44.21,44.75,44.13005,44.72,12398308
1738333800,44.665,44.8,44.2125,44.395,13902718
1738593000,43.945,44.5675,43.465,44.44,21249764
1738679400,44.585,44.75295,44.445,44.57,19718388
1738765800,44.38,44.75,44.235,44.535,14194246
1738852200,44.565,44.805,44.34,44.69,15303172
1738938600,44.575,44.6425,44.1,44.145,13545868
1739197800,44.465,44.515,44.1325,44.37,8950956
1739284200,44.51,44.915,44.4425,44.63,9441836
1739370600,44.03,44.535,43.88,44.31,11027220
1739457000,44.555,45.1325,44.495,45.08,10430936
1739543400,45.21,45.435,44.915,44.925,9631512
1739889000,45.05,45.495,44.775,45.495,7115902
1739975400,44.945,45.1,44.8025,44.96,7608042
1740061800,44.84,45.015,44.5625,44.855,9868660
1740148200,44.945,44.95,43.985,44.035,9954288
1740407400,44.145,44.24,43.86,43.985,9454440
1740493800,44.015,44.465,43.975,44.325,9281264
1740580200,44.485,44.72,44.26,44.305,7965170
1740666600,44.325,44.605,43.975,44.005,7088952
1740753000,44.175,44.415,43.835,44.38,9316554
1741012200,44.795,44.955,43.38505,43.49,16883102
1741098600,43.59,43.59,42.8375,42.9,22518716
1741185000,43.3,44.135,43.235,44.02,17368682
1741271400,43.8,44.21,43.5525,43.79,18493772
1741357800,43.595,44.0925,43.39,43.91,15654592
1741613400,43.52,43.77,42.6925,42.995,16673180
1741699800,43.07,43.105,42.4225,42.665,15426116
1741786200,42.78,42.84,42.2725,42.465,12607118
1741872600,42.495,42.93,42.17,42.435,10283028
1741959000,42.785,43.0525,42.61,42.99,9507374
1742218200,42.9,43.665,42.9,43.53,8615230
1742304600,43.71,43.71,43.2825,43.455,10023992
1742391000,43.49,43.7625,43.1875,43.6,10253576
1742477400,43.47,43.695,43.265,43.325,7606144
1742563800,42.965,42.965,42.365,42.895,16808714
1742823000,43.125,43.355,42.97,43.27,9205144
1742909400,43.405,43.49375,43.075,43.26,7622250
1742995800,43.305,43.6,43.13,43.34,8161164
1743082200,43.215,43.47,42.915,43.32,6049238
1743168600,43.425,43.44,42.47,42.525,9147654
1743427800,42.375,43.195,42.0325,42.99,8881860
1743514200,42.88,43.17,42.495,43.15,12197622
1743600600,42.75,43.5625,42.75,43.505,11863838
1743687000,42.11,42.39,41.43,41.54,18958632
1743773400,40.545,40.64,38.845,38.94,29389798
1744032600,38.075,39.935,37.12,38.315,50243892
1744119000,39.21,39.33,36.56,37.135,27497354
1744205400,36.93,40.5825,36.875,40.38,40440230
1744291800,39.735,39.75,38.17,39.09,28167692
1744378200,39.175,40.545,38.98,40.25,17207040
1744637400,40.725,40.915,40.24,40.735,10426488
1744723800,40.565,40.945,40.3775,40.415,8028712
1744810200,40.45,40.725,39.825,40.1,10726666
1744896600,40.215,40.69,40.1675,40.375,9535896
1745242200,40.345,40.345,39.39,39.76,7885816
1745328600,40.165,40.8075,40.165,40.69,7294048
1745415000,41.145,41.735,40.61,40.74,13337090
1745501400,40.805,41.69505,40.655,41.62,9995502
1745587800,41.295,41.425,40.975,41.31,9400402
1745847000,41.365,41.675,40.98,41.385,7779554
1745933400,41.47,41.905,41.27,41.73,9526874
1746019800,41.24,42.0775,41.01755,41.945,9867614
1746106200,41.47,42.06805,41.4475,41.76,11208458
1746192600,42.26,42.6425,42.1075,42.465,8572372
1746451800,42.275,42.455,42.09,42.15,5679108
1746538200,42.01,42.2,41.7325,41.845,6111160
1746624600,41.89,41.98,41.455,41.615,8746470
1746711000,41.905,42.5825,41.8,42.17,8063154
1746797400,42.175,42.3375,42.04,42.28,6360032
1747056600,43.4325,43.74,43.04,43.26,8799002
1747143000,43.28,43.37,43.03,43.045,6839046
1747229400,42.8,42.8544,42.42,42.65,7891220
1747315800,42.535,43.1075,42.505,43.085,7114536
1747402200,43.09,43.53,42.84,43.525,6426700
1747661400,43.28,43.685,43.09,43.635,10166614
1747747800,43.57,43.64,43.3725,43.56,5128608
1747834200,43.215,43.4475,42.915,42.98,9613098
1747920600,42.925,43.1175,42.62,42.935,7651138
1748007000,42.61,43.005,42.53,42.85,7343188
1748352600,43.28,43.61,43.145,43.6,6898682
1748439000,43.55,43.555,42.965,43.005,10597068
1748525400,43.225,43.24,42.735,43.165,9869572
1748611800,43.05,43.23,42.61,43.17,12114286
1748871000,43.44,43.445,43.095,43.425,15811070
1748957400,43.26,43.88495,43.055,43.87,13218238
1749043800,43.925,44.155,43.85,44.035,13267946
1749130200,44.2025,44.225,43.675,43.775,14234980
1749216600,44.1,44.2225,43.79,43.89,9348472
1749475800,43.995,44.475,43.945,44.185,11666970
1749562200,44.18,44.495,44.18,44.46,7875194
1749648600,44.345,44.39,43.87,44.02,10307912
1749735000,43.86,44.235,43.66,44.205,8659906
1749821400,43.78,44.2475,43.57,43.69,14289474
1750080600,43.885,44.29,43.885,44.06,10504068
1750167000,43.94,43.99,43.565,43.63,9158450
1750253400,43.675,43.845,43.45,43.505,8554304
1750426200,43.755,43.8175,43.15,43.21,13409814
1750685400,42.995,43.5075,42.77,43.47,10120526
1750771800,43.565,43.895,43.505,43.83,8768174
1750858200,43.745,43.745,43.36,43.41,8744058
1750944600,43.625,44.03,43.625,43.89,10508710
1751031000,43.905,44.14,43.7,43.945,9375600
1751290200,43.99,44.01,43.685,43.905,8533848
1751376600,44.025,45.295,43.945,45.04,15844606
1751463000,45.255,45.73,45.1725,45.715,14644582
1751549400,45.68,45.845,45.6,45.685,6765906
1751895000,45.45,45.6075,45.005,45.245,11762216
1751981400,45.34,45.76,45.285,45.615,16347724
1752067800,45.735,45.94,45.4575,45.89,13435524
1752154200,46,46.43,45.905,46.135,12865714
1752240600,45.64,45.8375,45.405,45.76,11564096
1752499800,45.575,45.675,45.3375,45.505,12949492
1752586200,45.58,45.605,44.555,44.57,14653994
1752672600,44.625,44.7375,44.17,44.69,13616078
1752759000,44.595,45.04,44.53505,45.005,11840920
1752845400,45.08,45.145,44.84,45.11,13623798
1753104600,45.385,45.7375,45.2875,45.34,10631050
1753191000,45.295,46.005,45.27,45.965,13650948
1753277400,46.145,46.37,46.04,46.12,13494426
1753363800,45.7,46,45.51,45.645,17343872
1753450200,45.765,46.21,45.64,46.185,15752766
1753709400,45.92,45.985,45.385,45.515,15015044
1753795800,45.435,45.44,45.0725,45.34,14205896
1753882200,45.135,45.18,44.235,44.425,23629430
1753968600,43.9,44.41,43.815,43.865,23230678
1754055000,43.565,43.585,43.01,43.36,28581974
1754314200,43.61,43.98,43.595,43.935,15496940
1754400600,44.165,44.3325,43.835,44.245,16047284
1754487000,44.2,44.31,43.7525,43.765,13141032
1754573400,44.195,44.265,43.685,43.955,15272556
1754659800,44.115,44.3175,43.98,44.175,10402654
1754919000,44.21,44.4,43.8225,44.075,12035682
1755005400,44.15,44.69,44.105,44.65,12501266
1755091800,44.88,45.51,44.76,45.49,16882374
1755178200,45.075,45.09,44.67,45.015,16098774
1755264600,45.31,45.31,44.9125,45.015,16132252
1755523800,44.95,45.05,44.69505,44.755,9423074
1755610200,44.79,45.245,44.79,45.025,11980498
1755696600,45.035,45.3375,44.9,45.06,13435960
1755783000,44.885,45.2975,44.82505,45.195,13017570
1755869400,45.385,46.3175,45.325,46.09,11434318
1756128600,46.045,46.1,45.7575,45.835,12563886
1756215000,45.715,46,45.68,45.96,8414322
1756301400,45.76,46.13,45.715,46.075,8967804
1756387800,46.205,46.22,45.75,46.075,8557370
1756474200,46.085,46.3575,46.025,46.14,8288792
1756819800,45.75,45.845,45.52,45.795,13028718
1756906200,45.77,45.82,45.3675,45.485,10157644
1756992600,45.48,45.685,45.11,45.66,12530292
1757079000,45.83,46.35,45.655,45.98,15054454
1757338200,46.065,46.065,45.4825,46.02,13605794
1757424600,45.775,45.955,45.1425,45.27,12112442
1757511000,45.235,45.615,45.18,45.355,10671574
1757597400,45.315,46.35,45.285,46.305,11685270
1757683800,46.065,46.24,45.755,45.84,11069470
1757943000,45.895,45.915,45.3925,45.47,9791370
1758029400,45.58,45.67,45.215,45.33,9700478
1758115800,45.37,46.23,45.165,45.435,13319602
1758202200,45.295,45.575,45.08,45.435,15116004
1758288600,45.55,45.58,45.27,45.415,16468160
1758547800,45.185,45.3275,44.975,45.185,8882452
1758634200,45.29,45.63,44.9825,45.04,8228724
1758720600,44.86,45.0825,44.4325,44.49,10669776
1758807000,44.33,44.34,43.84,43.91,11077290
1758893400,44.02,44.495,43.9825,44.42,9945168
1759152600,44.705,44.735,44.34,44.59,9378892
1759239000,44.49,44.8425,44.405,44.81,9408464
1759325400,44.755,44.86,44.2325,44.34,13750058
1759411800,44.275,44.8775,44.275,44.855,10674248
1759498200,44.845,45.1675,44.8,44.93,9827858
1759757400,44.955,45.135,44.795,44.89,8938090
1759843800,44.96,45.14,44.55,44.71,11308902
1759930200,44.925,45.12,44.745,44.95,12184214
1760016600,45.125,45.215,44.2225,44.335,13232024
1760103000,44.42,44.52,43.42,43.425,22263040
1760362200,44.015,44.3975,43.89,44.115,11980150
1760448600,43.71,44.75,43.625,44.555,10797776
1760535000,44.74,45,44.115,44.355,10555874
1760621400,44.575,44.575,43.8,44.025,13389564
1760707800,43.995,44.19,43.705,43.94,12791100
1760967000,44.33,44.5,44.1875,44.465,8425392
1761053400,44.135,44.455,43.995,44.295,9335944
1761139800,44.14,44.4228,43.985,44.16,13133122
1761226200,44.48,44.8025,44.37,44.69,10682664
1761312600,44.625,44.7925,44.465,44.505,13450486
1761571800,44.485,44.6875,44.295,44.485,11936556
1761658200,44.455,44.77,44.38,44.545,13049868
1761744600,44.375,44.51,43.5875,43.67,20989974
1761831000,43.375,43.52,43.06,43.085,20798572
1761917400,42.855,43.05,42.52,42.835,17528880
1762180200,42.79,42.84,42.145,42.57,24127370
1762266600,42.265,42.54,42.035,42.36,22164866
1762353000,42.605,42.82,42.48,42.61,18828516
1762439400,42.715,42.925,42.37,42.4,22407482
1762525800,42.51,42.9925,42.355,42.91,17975832
1762785000,43.195,43.4075,42.8325,43.315,15233492
1762871400,43.495,43.8525,43.3972,43.765,11641446
1762957800,43.9,44.335,43.8575,44.075,13923834
1763044200,44.085,44.22,43.75,43.785,17940610
1763130600,43.475,43.7275,43.3175,43.385,12829958
1763389800,43.28,43.4,42.665,42.725,14150732
1763476200,42.77,43.0575,42.53,42.76,20615076
1763562600,43.02,43.05,42.6,42.87,15385802
1763649000,43.165,43.355,42.2125,42.23,22669144
1763735400,42.44,43.505,42.3525,43.175,20989598
1763994600,43.145,43.36,42.96,43.26,14549726
1764081000,43.485,44.005,43.455,43.905,12455888
1764167400,43.94,44.56,43.92,44.445,9895374
1764340200,44.565,44.875,44.455,44.7,4786832
1764599400,44.64,44.98,44.565,44.59,13367884
1764685800,44.68,44.68,43.925,44.185,12905918
1764772200,44.38,44.6225,44.3425,44.495,11841830
1764858600,44.38,44.505,44.1225,44.235,9913022
1764945000,44.34,44.635,44.09,44.09,7134027
1765204200,44.08,44.1,43.45,43.48,11389224
1765290600,43.42,43.82,43.37,43.39,8801114
1765377000,43.35,44.34,43.35,44.24,10919472
1765463400,44.29,45.215,44.29,45.12,11009172
1765549800,45.51,45.575,44.97,45.15,14078643
1765809000,45.42,45.44,44.85,45.12,9228843
1765895400,45.18,45.21,44.715,45,9742309
1765981800,45.01,45.365,44.94,45.19,10934998
1766068200,45.27,45.625,45.125,45.17,8978142
1766154600,45.2,45.535,45.09,45.37,10358053
1766413800,45.39,45.71,45.33,45.67,9862655
1766500200,45.78,45.8,45.535,45.75,8424796
1766586600,45.73,45.89,45.61,45.84,2767614
1766759400,45.95,46.14,45.86,46.11,5035787
1767018600,45.74,45.86,45.535,45.74,6370409
1767105000,45.81,45.85,45.63,45.73,4432075
1767191400,45.61,45.67,45.328,45.35,5704262
1767364200,45.52,46.175,45.27,46.12,18031002
1767623400,46.02,46.73,46,46.58,22033934
1767709800,46.73,47.63,46.69,47.5,18351568
1767796200,47.34,47.56,46.63,46.68,16963809
1767882600,46.41,47.63,46.27,47.5,14918890
1767969000,47.59,48.29,47.555,48.26,11769696
1768228200,48.37,48.61,48.2026,48.52,12673138
1768314600,48.6,48.76,48.39,48.73,10797859
1768401000,48.75,49.14,48.63,48.75,16030116
1768487400,48.77,49.11,48.61,48.96,17883630
1768573800,48.57,48.72,48.36,48.68,10769302
1768919400,48.35,48.52,48.02,48.19,17363825
1769005800,48.82,49.38,48.67,49.24,16940422
1769092200,49.37,49.825,49.345,49.52,14648291
1769178600,49.46,49.99,49.36,49.97,19550710
1769437800,50.42,50.475,50.015,50.03,13900941
1769524200,49.865,50.18,49.68,49.98,10123803
1769610600,50.12,50.21,49.54,49.95,13517233
1769697000,50.45,50.62,49.285,50,20503731
1769783400,49.215,49.65,48.81,49.27,28082600
1770042600,49.25,49.81,49.2,49.65,25155336
1770129000,50.18,51.22,50.06,50.7,34077441
1770215400,51.01,52.02,51.01,51.89,35878617
1770301800,51.38,51.52,50.3601,50.5,25667272
1770388200,50.86,51.615,50.86,51.51,14367401
1770647400,51.47,52.31,51.265,52.18,12325169
1770733800,52.15,52.985,52.12,52.91,18381378
1770820200,53.11,53.67,53.11,53.62,24891284
1770906600,53.67,54.14,52.74,52.83,30108108
1770993000,52.54,53.637,52.44,53.31,19918942
1771338600,52.7,52.965,52.08,52.7,20404661
1771425000,53,53.34,52.74,53.02,11992740
1771511400,52.65,53.17,52.43,52.83,18340238
1771597800,52.62,53.2535,52.32,52.96,17810549
1771857000,52.49,53.1,52.36,52.96,17354008
1771943400,52.96,53.5,52.91,53.36,13452185
1772029800,53.73,53.75,52.665,53.06,12379430
1772116200,52.89,53.12,52.345,53,15645084
1772202600,52.86,53.485,52.67,53.41,12122719
1772461800,53.07,53.385,52.51,53.25,19444582
1772548200,51.67,52.085,50.69,51.94,27307856
1772634600,52.32,52.38,51.675,51.92,17141841
1772721000,51.6,51.78,50.51,50.83,19902083
1772807400,50.31,50.36,49.44,49.86,23171127
1773063000,49.26,50.185,48.6,49.99,22461901
1773149400,49.99,50.42,49.63,49.88,19214972
1773235800,49.73,49.89,49.28,49.84,12570923
1773322200,49.79,50.23,49.63,49.68,19572873
1773408600,50.03,50.13,49.01,49.19,17240310
1773667800,49.46,49.765,49.09,49.4,15641254
1773754200,49.68,49.98,49.48,49.52,12770548
1773840600,49.18,49.275,48.48,48.48,16432435
1773927000,47.64,47.995,47.215,47.74,23546718
1774013400,47.85,47.96,46.73,46.98,19735086
1774272600,47.4,48.15,47.355,47.55,19208407
1774359000,47.275,48.79,47.24,48.45,15814659
1774445400,49,49.445,48.665,49.41,15047127
1774531800,48.97,49.73,48.965,49.09,12903755
1774618200,49.04,49.29,48.78,48.91,10746256
1774877400,49.51,49.74,48.9001,49.09,16612882
1774963800,49.515,50.23,49.285,49.97,20487775
1775050200,50.34,50.66,50.165,50.46,19966759
1775136600,50.08,50.92,49.91,50.41,13799934
1775482200,50.21,50.43,49.85,50.22,8885560
1775568600,50.12,50.32,49.68,50.08,9953373
1775655000,51.08,51.78,50.7725,51.75,14354153
1775741400,51.56,52.07,51.47,51.67,7658501
1775827800,51.93,52.22,51.88,51.96,6138465
1776087000,51.69,52.255,51.555,52.19,9890593
1776173400,52.26,52.26,51.65,52.01,8273876
1776259800,51.9,51.9,51.235,51.38,20300869
1776346200,51.52,51.97,51.49,51.75,12382795
1776432600,51.6,52.37,51.465,51.88,11796043
1776691800,51.84,52.4,51.67,52.23,8558092
1776778200,52.25,52.57,51.635,51.77,9558082
1776864600,52.24,52.42,51.695,51.83,8933113
1776951000,51.71,51.9,51.28,51.81,13728378
1777037400,51.75,52,51.325,51.92,7420283
1777296600,51.995,52.175,51.61,51.78,8025878
1777383000,51.875,51.98,51.01,51.4,9073055
1777469400,51.49,51.51,50.89,50.96,7053253
1777555800,50.92,51.71,50.8,51.47,15283080
1777642200,51.64,51.77,51.34,51.35,9358179
1777901400,51.155,51.26,50.5,50.65,10041575
1777987800,51.04,51.79,50.8941,51.53,10775122
1778074200,52.32,52.665,52.14,52.41,10500268
1778160600,52.6,52.77,51.375,51.4,13026632
1778247000,51.81,51.905,51.5,51.59,7599997
1778506200,51.86,52.405,51.83,52.26,8586863
1778592600,52,52.29,51.46,52.14,11594656
1778679000,52.13,52.515,52.02,52.06,8455420
1778765400,52.12,52.25,51.595,51.67,10703699
1778851800,51.01,51.19,50.245,50.3,11192913
1779111000,50.33,50.715,50.07,50.22,10543694
1779197400,49.78,49.86,48.89,49.04,11881549
1779283800,48.99,49.78,48.895,49.72,20467054
1779370200,49.54,50.25,49.135,50.02,10235945
1779456600,50.33,50.5,49.985,50.29,6955861
1779802200,50.68,51.165,50.65,50.99,8241784
1779888600,51.01,51.37,50.98,51.18,9010726
1779975000,51.07,51.47,50.61,51.36,10566987
1780061400,51.28,51.575,51.11,51.15,11728551
1780320600,50.65,51.05,50.125,50.92,24538184
1780407000,50.82,51.665,50.7225,51.52,19926831
1780493400,51.35,52.025,51.24,51.63,12438681
1780579800,51.83,52.1999,51.435,51.62,9689267
1780666200,51.41,51.65,50.495,50.63,12395723
1780925400,50.61,50.81,49.905,49.96,10994332
1781011800,50.59,50.82,49.84,50.77,13510484
1781098200,50.75,50.86,49.57,49.6,9676490
1781184600,50.07,51.33,50,51.22,12443086
1781271000,51.71,52.355,51.52,52.18,15194700
1781530200,52.87,53.195,52.47,52.5,14993336
1781616600,52.69,53.085,52.64,52.72,8429967
1781703000,52.52,53.31,51.86,52.02,16228882
1781789400,52.22,52.43,51.76,51.81,11934062
1782135000,51.18,51.82,51.1501,51.62,9088399
1782221400,51.07,51.475,50.79,50.87,10273760
1782307800,50.87,51.53,50.79,51.16,12425637
1782394200,51.41,52.19,51.27,51.84,9656083
1782480600,51.57,51.89,51.375,51.6,9233770
1782739800,51.28,51.3973,50.25,50.66,12726141
1782826200,51.07,51.19,50.67,50.83,8329051
1782912600,50.72,51.47,50.475,51.02,14129150
1782999000,51.4,52.025,51.295,52.01,12375725
1783344600,51.92,52.04,51.35,51.98,20090472
1783431000,51.96,52.12,51.295,51.51,12304983
1783517400,51,51.04,49.885,50.16,13282518
1783603800,50.37,50.545,50.12,50.26,10529444
1783690200,50.29,51.11,50.29,50.89,7507477
1783949400,50.97,51.345,50.355,50.58,9031384
1784035800,51.15,51.45,50.59,50.64,8755453
1784122200,50.66,50.84,50.11,50.5,12323268
1784208600,50.31,50.93,50.28,50.89,7147386
1784295000,50.8,51.445,50.385,50.53,8670746
1784554200,50.64,50.73,49.88,50.03,10680275
1784640600,50.5,50.54,49.845,50.1,8699892
1784727000,50.33,50.97,50.3,50.82,10222317
1784813400,50.42,50.97,50.12,50.29,10924990
1784899800,50.32,51.27,50.21,51.26,12192766
1785159000,51.47,51.63,51.085,51.39,8704309
1785245400,52,52.775,51.88,52.34,11774861
1785331800,52.34,52.34,51.325,51.74,13744759
1785418200,52.21,52.305,51.275,51.64,10866904
1785504600,50.91,51.05,50.205,50.43,18329136
1785763800,50.74,51.04,50.35,51.01,11964085
1785850200,51.31,52.07,51.025,52,16876660
1785936600,52.59,52.96,52.45,52.64,12070515
1786023000,52.63,52.86,52.01,52.17,9000613
1786109400,52.34,52.94,52.17,52.86,13068359
1786368600,52.81,53.2,52.61,53.18,11932597
1786455000,53.07,53.595,53,53.24,11450888
1786541400,53.45,53.48,52.535,52.58,9843364
1786627800,52.6,52.78,52.215,52.31,10407156
1786714200,52.46,52.645,52.27,52.54,7479620
1786973400,52.35,52.44,52.065,52.24,7654902
1787059800,52.22,52.31,51.75,51.78,7774461
1787146200,52.52,53.145,52.275,52.52,10882946
1787232600,52.1,53.04,52.04,52.42,9367319
1787319000,53.07,53.715,52.95,53.54,14467112
1787578200,54.005,54.19,53.28,53.58,12839717
1787664600,53.48,53.645,53.005,53.58,8183404
1787751000,53.59,54.09,53.515,53.67,7074166
1787837400,53.22,53.485,53.095,53.23,7784647
1787923800,53.66,53.8,52.84,53.18,13595059
1788183000,53.16,53.26,52.565,52.69,12113055
1788269400,52.44,52.46,52.02,52.07,15500499
1788355800,52.36,53.19,52.27,52.95,12846732
1788442200,53.45,53.515,52.335,52.62,14287870
1788528600,52.16,52.67,51.975,52.44,10873874
1788874200,52.36,52.58,51.935,51.94,11935821
1788960600,52.02,52.15,51.38,51.39,13121487
1789047000,50.76,51.05,50.58,50.76,9652458
1789133400,51.19,51.21,50.87,50.95,8969603
