t,o,h,l,c,v
1412688600,43.9,44.465,43.545,43.56,35798578
1412775000,43.435,44.025,42.735,43.985,71979914
1412861400,43.65,43.725,42.25,42.37,73340838
1412947800,42.245,42.705,41.32,41.775,120948554
1413207000,41.685,42.195,40.43,40.485,95098504
1413293400,40.825,41.145,39.7575,39.975,111991104
1413379800,39.455,40.385,38.755,40.28,138939218
1413466200,39.415,41.41,39.25,41,119596460
1413552600,41.755,42.95,41,41.35,75999960
1413811800,41.315,41.8325,41.11,41.71,53005150
1413898200,42.185,43.075,42.17,42.98,62716322
1413984600,43.09,43.355,42.14,42.165,72285046
1414071000,42.76,43.405,42.535,42.95,53116062
1414157400,42.97,43.045,42.235,42.8,50510230
1414416600,42.12,42.145,41.47,41.9,47002826
1414503000,42.12,42.97,41.84,42.855,47249908
1414589400,43.325,43.685,42.585,42.995,53444978
1414675800,42.665,43.03,42.345,42.84,37591980
1414762200,42.93,43.76,42.53,43.71,40536942
1415025000,43.74,44.205,42.89,43.02,53221954
1415111400,42.5,42.525,41.765,42.135,46878260
1415197800,42.56,43.06,42.23,42.875,54890104
1415284200,42.605,43.425,42.465,43.415,46052596
1415370600,43.515,44.24,43.43,43.895,36084076
1415629800,44.275,44.48,43.37,43.5,45906750
1415716200,43.54,43.735,43.1125,43.63,34761856
1415802600,43.355,43.805,43.19375,43.245,35249258
1415889000,43.015,43.07,41.975,42.67,63176666
1415975400,42.88,43.15495,42.59,43.105,35924640
1416234600,42.84,43.135,42.68,42.88,24430138
1416321000,42.865,43.27,42.71,42.915,39360644
1416407400,42.995,43.29,42.615,43.14,29492388
1416493800,43.225,43.745,43.11,43.68,33834584
1416580200,44.435,44.6075,43.93,44.25,57370440
1416839400,44.105,44.345,43.72235,43.91,33356150
1416925800,44.15,44.18285,43.135,43.195,45108078
1417012200,42.995,43.105,42.575,42.65,41746456
1417185000,40.87,41,39.7875,39.91,85076676
1417444200,39.695,40.175,39.335,40.05,103188996
1417530600,39.765,40.875,39.75,40.485,66469826
1417617000,40.745,41.305,40.605,40.98,63098432
1417703400,40.585,40.885,40.26,40.625,47159096
1417789800,40.535,40.655,39.98,40.14,46886596
1418049000,39.6,39.75,38.43,38.515,82385366
1418135400,38.43,39.095,38.3,38.935,67337722
1418221800,38.325,38.37,37.485,37.735,89067670
1418308200,37.685,38.67,37.625,37.71,71103380
1418394600,37.26,37.69,36.945,37.01,100108526
1418653800,37.315,37.665,36.6,36.68,94962226
1418740200,36.345,38.145,36.255,37.005,114568844
1418826600,37.215,38.915,37.145,38.54,124940492
1418913000,39.53,39.675,38.285,39.28,104526920
1418999400,39.48,40.335,39.045,40.285,93485538
1419258600,39.985,40.085,39.46,39.875,66476182
1419345000,40.165,40.495,39.88195,40.36,53058458
1419431400,40.125,40.22,39.6,40.065,28095658
1419604200,40.22,40.405,39.88,40.055,28929198
1419863400,40.145,40.5,39.96,40.2,36448220
1419949800,40.15,40.2375,39.7525,39.88,38296232
1420036200,39.645,40,39.345,39.58,43083836
1420209000,39.365,39.8925,39.19,39.765,55498204
1420468200,39.21,39.225,37.925,38.12,90790484
1420554600,38.055,38.365,37.29495,37.56,83753278
1420641000,38.015,38.18,37.39,37.64,62384738
1420727400,37.945,38.5725,37.79,38.485,56373726
1420813800,38.51,38.575,37.8325,38.18,49904254
1421073000,37.695,37.695,36.88,37.08,57881280
1421159400,37.23,37.52,36.44,36.785,68102848
1421245800,36.435,36.955,35.85,36.9,104304928
1421332200,37.335,37.43,36.4,36.43,82692004
1421418600,36.645,37.665,36.615,37.615,85483712
1421764200,37.42,37.68,36.965,37.66,56171678
1421850600,37.935,38.435,37.66,38.425,56661630
1421937000,38.67,38.725,37.9,38.605,66037666
1422023400,38.43,38.88,38.27,38.33,42294856
1422282600,38.46,38.97995,38.12,38.88,36724102
1422369000,38.575,39.0425,38.48,38.855,43204566
1422455400,38.75,38.75,37.25,37.325,77666756
1422541800,37.625,37.675,36.60385,37.45,60247324
1422628200,37.17,38.205,36.92,37.775,87696258
1422887400,38.24,38.945,37.9775,38.93,70931416
1422973800,39.38,40.2,39.365,39.995,94055752
1423060200,39.475,39.7,39.005,39.335,82264440
1423146600,39.8,40.125,39.56,39.9,63572304
1423233000,40.215,40.28505,39.71,39.91,52269268
1423492200,40.08,40.41,39.86,39.95,40407678
1423578600,40.02,40.055,39.205,39.93,43942516
1423665000,39.42,39.83,39.22,39.65,52393252
1423751400,40.19,40.355,39.9,40.17,52844634
1423837800,40.565,41.065,40.46,41.02,62375702
1424183400,40.825,41.215,40.585,41.145,44251760
1424269800,40.81,40.975,40.545,40.655,38762760
1424356200,39.81,40.695,39.63,40.465,47743962
1424442600,40.355,40.56,39.935,40.27,51283624
1424701800,39.875,40.43,39.775,40.105,39358940
1424788200,40.35,40.385,39.955,40.215,30861366
1424874600,40.245,40.5,40.045,40.435,32051334
1424961000,40.195,40.215,39.475,39.685,38698160
1425047400,39.84,39.87,39.47,39.51,26724374
1425306600,39.43,39.465,38.855,39.235,35957026
1425393000,39.26,39.615,39.085,39.38,24699426
1425479400,39.39,39.42,38.89,39.325,33205644
1425565800,39.225,39.275,39.03,39.09,22489074
1425652200,38.815,39.015,38.295,38.39,38352554
1425907800,38.325,38.765,38.115,38.115,34882192
1425994200,37.81,38.03,37.565,37.585,38061292
1426080600,37.65,37.85005,37.425,37.695,26101998
1426167000,37.755,37.935,37.44,37.455,38489956
1426253400,37.21,37.36,36.91005,37.315,42023746
1426512600,37.11,37.85,36.995,37.82,33897058
1426599000,37.59,37.815,37.4,37.675,27872608
1426685400,37.43,38.975,37.37,38.77,55507470
1426771800,38.3,38.465,38.045,38.155,46481800
1426858200,38.315,38.68,38.16505,38.455,45221242
1427117400,38.54,38.8,38.32,38.32,24320266
1427203800,38.42,38.4775,38.0375,38.065,29561834
1427290200,38.305,38.85,38.265,38.56,31797016
1427376600,39.005,39.125,38.375,38.515,30637136
1427463000,38.37,38.445,38.12,38.2,23934514
1427722200,38.57,39.095,38.555,39.02,36375690
1427808600,38.725,39,38.5,38.79,18807444
1427895000,38.915,39.115,38.7,38.78,26586646
1427981400,38.6,39.0865,38.51,38.86,27715334
1428327000,39.085,39.775,38.905,39.56,31086502
1428413400,39.525,39.855,39.415,39.585,28284126
1428499800,39.77,39.865,39.25,39.265,24091472
1428586200,39.37,39.985,39.335,39.895,27750194
1428672600,40,40.135,39.83,40.07,17700984
1428931800,40.245,40.299,39.605,39.67,19880534
1429018200,39.93,40.48,39.88,40.385,27440236
1429104600,40.615,41.4325,40.535,41.35,40013820
1429191000,41.195,41.615,40.9285,41.255,42554964
1429277400,41.06,41.115,40.63,40.955,33834858
1429536600,41,41.56,40.985,41.11,25420898
1429623000,41.215,41.24,40.505,40.675,23640782
1429709400,40.78,41.1,40.51,40.945,20258934
1429795800,41.035,41.49,40.99,41.225,25151514
1429882200,41.1,41.14,40.795,40.99,23015276
1430141400,41.16,41.285,40.87625,40.945,22651206
1430227800,40.935,41.2225,40.805,41.15,22250814
1430314200,41.005,41.53,40.873,41.47,31806194
1430400600,41.625,41.69,41.105,41.34,33104286
1430487000,41.38,41.505,41.105,41.435,22709198
1430746200,41.535,41.675,41.12,41.33,28868494
1430832600,41.64,41.83,40.805,40.81975,32152686
1430919000,41.185,41.35,40.47,40.66,32777164
1431005400,40.58,40.59,39.92,40.22,34793162
1431091800,40.54,40.925,40.08,40.88,29030448
1431351000,40.92,40.94,40.07,40.11,36288852
1431437400,40.05,40.505,39.98,40.295,19703076
1431523800,40.645,40.695,40.04,40.19,25069478
1431610200,40.305,40.575,40.15,40.175,19235742
1431696600,40.005,40.495,39.905,40.335,19561184
1431955800,40.255,40.42,40.085,40.37,14459654
1432042200,40.1,40.14,39.735,39.795,27839698
1432128600,39.935,40,39.64,39.87,25247624
1432215000,40.095,40.305,39.95,40.245,20174644
1432301400,39.97,40.28,39.895,40.1,12721420
1432647000,39.775,39.86,39.31505,39.465,26367160
1432733400,39.44,39.76,39.18,39.395,22749934
1432819800,39.26,39.31,38.99,39.24,24328358
1432906200,39.23,39.4452,39.1,39.195,25956180
1433165400,39.295,39.3,39.045,39.095,16974368
1433251800,39.215,39.555,39.005,39.365,20366020
1433338200,39.245,39.535,39.04,39.095,17280544
1433424600,38.89,38.965,38.535,38.565,31892168
1433511000,38.39,39.1825,38.375,38.835,37912008
1433770200,38.685,38.91,38.525,38.615,19414660
1433856600,38.85,39.095,38.595,38.61,22066254
1433943000,39.085,39.195,38.95,39.085,19570798
1434029400,39.155,39.2225,38.875,38.91,16833090
1434115800,38.69,38.72,38.41,38.475,21009048
1434375000,38.21,38.59,38.095,38.385,16151096
1434461400,38.455,38.695,38.27,38.685,18035244
1434547800,38.89,39.06,38.395,38.59,20827478
1434634200,38.71,38.885,38.53,38.565,25345156
1434720600,38.145,38.3,37.9375,37.955,34469756
1434979800,38.3,38.4545,38.13,38.42,21154832
1435066200,38.365,38.615,38.325,38.545,14235430
1435152600,38.46,38.68,38.29,38.305,13596510
1435239000,38.295,38.34,37.905,37.915,17371348
1435325400,37.88,38.05,37.67,38.04,23544664
1435584600,37.56,37.8,37.29,37.32,27794406
1435671000,37.665,37.725,37.34,37.58,30341154
1435757400,37.655,37.67,36.95,37.1,27820240
1435843800,37.2,37.465,37.17,37.265,19400478
1436189400,36.775,37.13,36.62,36.775,27018294
1436275800,36.63,37.2388,36.215,37.11,41372174
1436362200,36.855,37.11,36.21,36.36,33042584
1436448600,36.86,37.0165,36.545,36.545,23912076
1436535000,36.765,36.995,36.565,36.745,26500732
1436794200,36.87,37.095,36.77,37.005,28717504
1436880600,36.9,37.42,36.885,37.27,25308494
1436967000,37.08,37.2625,36.4875,36.615,25416570
1437053400,36.825,36.935,36.5955,36.665,15721402
1437139800,36.63,36.665,36.1,36.22,28192058
1437399000,36.285,36.29,35.695,35.74,27666748
1437485400,35.825,36.1075,35.645,35.755,21238026
1437571800,35.61,35.825,35.39,35.465,30418570
1437658200,35.5,35.725,35.165,35.435,22569128
1437744600,35.435,35.45,34.625,34.755,25108154
1438003800,34.31,34.66,34.105,34.255,34393420
1438090200,34.305,35.425,34.28,35.235,37877210
1438176600,35.145,35.75,35.035,35.715,46854514
1438263000,35.64,35.745,35.31,35.465,25254470
1438349400,35.16,35.21,34.635,34.69,43578868
1438608600,34.32,34.535,33.89,33.96,33853250
1438695000,34.11,34.375,33.7,33.845,25525010
1438781400,34.11,34.485,33.555,33.59,36947568
1438867800,33.39,34.215,33.145,34.125,46519296
1438954200,33.985,34.255,33.395,33.515,34163304
1439213400,33.585,34.61,33.585,34.585,38888736
1439299800,33.895,34.685,33.83,34.65,42107708
1439386200,34.53,35.37,34.33,35.28,46966022
1439472600,35.05,35.18,34.7,34.745,39627150
1439559000,34.82,35.06,34.59,34.67,24242356
1439818200,34.5,34.915,34.385,34.745,19064106
1439904600,34.68,34.77,34.445,34.615,22126796
1439991000,34.425,34.48,33.5,33.66,40366082
1440077400,33.57,33.7975,32.895,32.9,50673182
1440163800,32.57,32.925,31.73,31.75,50840466
1440423000,29.895,31.29,29.37,30.045,86002230
1440509400,31.365,31.365,29.585,29.61,55393114
1440595800,30.36,30.6625,29.77,30.63,79464494
1440682200,31.34,32.22,31.225,32.145,64482894
1440768600,32.035,33.21,32.02,32.875,62926846
1441027800,32.625,33.43,32.04,33.215,72387038
1441114200,32.26,32.64,31.77,32.045,57425208
1441200600,32.5,32.55,31.59,32.34,51057848
1441287000,32.555,33.125,32.23,32.43,43790068
1441373400,31.965,32.125,31.76,31.895,33368418
1441719000,32.24,32.44,31.845,32.395,31255150
1441805400,32.62,33.01,31.735,31.785,36955374
1441891800,31.92,32.15,31.48,31.97,36985606
1441978200,31.65,31.725,31.245,31.685,26688504
1442237400,31.465,31.605,31.2521,31.41,24962526
1442323800,31.51,31.865,31.505,31.76,29633156
1442410200,32.015,32.705,31.965,32.66,34433314
1442496600,32.685,33.22,32.43,32.64,39645340
1442583000,31.79,32.025,31.36,31.55,42473892
1442842200,31.885,31.965,31.53005,31.73,31379354
1442928600,31.24,31.725,31.175,31.395,34100792
1443015000,31.515,31.66,30.975,30.99,27969418
1443101400,30.75,31.3425,30.545,31.125,37823998
1443187800,31.47,31.47,30.905,31.185,31666872
1443447000,30.86,30.86,29.915,29.94,32702866
1443533400,30.085,30.33,29.695,29.895,37762446
1443619800,30.17,30.715,30.135,30.6,32256178
1443706200,30.99,31.33,30.385,30.66,34891016
1443792600,30.31,31.945,30.255,31.925,39859518
1444051800,32.325,33,32.295,32.89,47613970
1444138200,33.005,33.87,32.83,33.62,54932780
1444224600,34.05,34.47,33.35,34.045,80006152
1444311000,33.98,34.835,33.77,34.695,54143444
1444397400,34.77,34.81,34.255,34.47,51971336
1444656600,34.525,34.53,33.715,34.025,43492498
1444743000,33.765,34.175,33.575,33.67,41675632
1444829400,33.595,34.085,33.52,33.96,30353480
1444915800,33.805,34.585,33.69,34.57,39016414
1445002200,34.69,34.78,34.14,34.615,40062498
1445261400,34.27,34.29,33.75,33.93,39000468
1445347800,33.86,34.185,33.68,34.025,27513038
1445434200,33.875,34.04,33.57,33.605,29324222
1445520600,33.79,34.29255,33.775,34.21,37481494
1445607000,34.05,34.4475,33.83,34.13,31262002
1445866200,34.065,34.065,33.285,33.295,23672122
1445952600,32.835,33.005,32.555,32.895,42214668
1446039000,33.125,33.85,32.86,33.625,39512958
1446125400,33.5,34.11,33.45,33.795,19507196
1446211800,33.975,34.3775,33.575,34.015,28514496
1446474600,33.81,34.99,33.76,34.81,30773722
1446561000,35.055,35.965,35.04,35.7,42654342
1446647400,35.735,35.835,35.115,35.38,35437600
1446733800,35.205,35.595,34.92,35.08,32467016
1446820200,34.77,35.04,34.385,34.9,27522432
1447079400,34.82,35.20495,34.41,34.555,25373988
1447165800,34.41,34.935,34.28,34.63,25370898
1447252200,34.625,34.6725,33.815,33.895,28739430
1447338600,33.42,33.655,33.065,33.125,38622942
1447425000,33.015,33.29,32.6,32.99,35559270
1447684200,32.945,34.125,32.92,34.09,34726188
1447770600,34,34.14,33.59,33.715,30457722
1447857000,33.95,34.315,33.6275,34.27,41903020
1447943400,34.07,34.255,33.53,33.81,37824998
1448029800,33.82,33.975,33.415,33.45,28427962
1448289000,33.42,33.8775,33.205,33.69,32814650
1448375400,33.85,34.5625,33.785,34.41,37886110
1448461800,34.12,34.4154,33.92,34.13,22201242
1448634600,33.855,34.025,33.76345,33.885,16752736
1448893800,34.025,34.34,33.885,34.01,35210668
1448980200,34.04,34.31,33.955,34.28,27594076
1449066600,34.055,34.185,33.11,33.22,50856160
1449153000,33.38,33.49,32.395,32.555,48438304
1449239400,32.25,32.5425,31.74,32.35,65678556
1449498600,31.55,31.595,30.675,31.12,65600768
1449585000,30.435,31.22,30.125,30.8,54673858
1449671400,30.94,31.865,30.7665,31.205,57513836
1449757800,31.22,31.87,31.005,31.405,77829734
1449844200,30.865,30.98,30.2,30.23,58007974
1450103400,30.085,30.55,29.76,30.39,78233220
1450189800,30.82,31.3,30.78,31.155,58140662
1450276200,31.035,31.36,30.62,30.95,57502402
1450362600,30.97,31.03,30.19,30.19,58149564
1450449000,29.95,29.97,29.385,29.395,54278354
1450708200,29.4,29.66,29.105,29.425,48030026
1450794600,29.53,29.9575,29.385,29.77,50583066
1450881000,30.3675,31.085,30.265,31.065,60420984
1450967400,31.105,31.145,30.675,30.785,14431262
1451313000,30.25,30.41,30.07,30.225,25107820
1451399400,30.745,30.8325,30.27,30.435,30212628
1451485800,30.015,30.445,29.995,30.025,30102418
1451572200,29.885,30.32,29.79,30.16,38404820
1451917800,30.08,30.39,29.65,30.15,43617338
1452004200,30.13,30.29995,29.7925,30.265,31058406
1452090600,29.55,29.61,28.855,29.1,53924154
1452177000,28.535,29.19,28.27,28.39,56163784
1452263400,28.63,28.695,27.92175,28.025,38454230
1452522600,28.14,28.175,27.08,27.425,56889474
1452609000,27.85,27.94,26.73,27.49,71188272
1452695400,27.825,28.0229,26.54,26.83,67916880
1452781800,27.105,28.23,26.68,27.985,76148646
1452868200,26.815,27.43375,26.66,27.175,73760492
1453213800,27.38,27.5075,26.165,26.59,71744602
1453300200,26.065,26.275,24.965,25.885,102614704
1453386600,25.855,27.015,25.685,26.69,87341444
1453473000,27.665,28.06,27.225,27.87,77245016
1453732200,27.34,28.04,26.55,26.57,58240016
1453818600,27.05,27.61,26.7,27.575,50709812
1453905000,27.385,28.21,27.1,27.445,72988948
1453991400,28.485,28.595,27.715,28.28,76343818
1454077800,28.33,29.135,28.245,29.105,62996310
1454337000,28.62,28.835,28.195,28.6175,55370186
1454423400,27.92,28.0475,27.5225,27.665,50462444
1454509800,28.0625,28.675,27.055,28.65,72881324
1454596200,28.71,29.25,28.5,28.635,74112264
1454682600,28.25,28.37,27.735,27.97,60481912
1454941800,27.415,28,27,27.825,69613466
1455028200,27.41,27.745,26.72,27.155,74822636
1455114600,27.075,27.66,26.755,27.045,60431652
1455201000,26.575,27.135,26.185,26.9305,95973894
1455287400,27.3,27.76,27.055,27.64,51564096
1455633000,28.105,28.19,27.51,27.915,67600426
1455719400,28.25,28.955,28.1379,28.83,58560090
1455805800,29.075,29.1175,28.32995,28.47,57664596
1455892200,28.09,28.415,27.85,28.405,50257504
1456151400,28.945,29.26,28.82,29.13,49416530
1456237800,28.85,28.99,28.08495,28.135,42910058
1456324200,27.61,28.48375,27.535,28.42,50559662
1456410600,28.335,28.52,27.89,28.445,37177874
1456497000,28.92,29,28.52,28.615,42310148
1456756200,28.73,28.81,28.265,28.29,45966580
1456842600,28.49,29.075,28.1975,29.03,47285986
1456929000,28.85,29.76,28.71,29.74,53589934
1457015400,29.62,30.245,29.605,30.19,48791214
1457101800,30.36,30.9155,30.035,30.48,61103216
1457361000,30.465,31.23,30.32,31.195,66721004
1457447400,30.94,30.96,29.835,29.885,59635184
1457533800,30.29,30.76,29.92,30.37,50935180
1457620200,30.24,30.43,29.845,30.395,57547630
1457706600,30.795,31.2825,30.76,31.18,49567298
1457962200,30.7875,31.0825,30.67,30.975,43532114
1458048600,30.55,30.9195,30.33,30.915,43439192
1458135000,31.1,31.52,30.885,31.45,53940740
1458221400,31.705,32.13875,31.42,31.88025,56321626
1458307800,31.895,31.925,31.45,31.745,60948014
1458567000,31.62,31.8445,31.285,31.635,33397020
1458653400,31.265,31.745,31.245,31.46,28360238
1458739800,31.235,31.35,30.71,30.77,37747512
1458826200,30.345,30.92,30.2,30.92,31032056
1459171800,30.93,31.015,30.54,30.755,23129748
1459258200,30.41,30.9225,30.23,30.9,28733884
1459344600,31.18,31.31,30.78,30.9596,31489694
1459431000,30.84,31.1825,30.79,30.945,28092814
1459517400,30.41,30.62,30.30505,30.53,29609588
1459776600,30.475,30.79495,30.215,30.3046,31619060
1459863000,30.05,30.315,29.97,30.1,32097692
1459949400,30.345,30.755,30.11905,30.75,36437582
1460035800,30.51,30.795,30.315,30.57,27854122
1460122200,31.145,31.355,31.03,31.185,35333012
1460381400,31.435,31.53,31.055,31.055,32471450
1460467800,31.175,32.1625,31.11,31.98,55260836
1460554200,31.965,32.225,31.74,32.13,37405830
1460640600,32.265,32.27,32.0125,32.205,34871072
1460727000,32.025,32.08,31.7275,31.7696,28442314
1460986200,31.115,32.375,31.04,32.295,41371602
1461072600,32.48,32.975,32.33,32.94,34682764
1461159000,32.765,33.49,32.66,33.235,42176666
1461245400,33.28,33.42,32.97,33.04,38670126
1461331800,33.12,33.645,33.095,33.52,31529018
1461591000,33.405,33.41,32.895,33.145,34468506
1461677400,33.335,33.6889,33.255,33.675,27171390
1461763800,33.85,34.39,33.825,34.315,43924888
1461850200,34.16,34.4075,33.675,33.805,31110374
1461936600,33.88,34.21,33.235,33.75,48214770
1462195800,33.69,33.8324,33.3,33.715,30131932
1462282200,33.26,33.32,32.715,32.92,32316116
1462368600,32.94,33.17,32.25,32.445,37210714
1462455000,32.995,33.175,32.44,32.71,28704052
1462541400,32.5,33.035,32.415,32.635,25090950
1462800600,32.45,32.52,31.75,32.16,32041682
1462887000,32.325,32.735,32.31,32.725,20702758
1462973400,32.645,33.115,32.38,32.825,28429556
1463059800,33.12,33.37,32.67,32.9154,24954334
1463146200,32.77,33.02,32.425,32.495,24743702
1463405400,32.92,33.15,32.825,33.045,27455374
1463491800,33.05,33.455,32.945,33.2,31674678
1463578200,33.195,33.3025,32.67,32.88,45903546
1463664600,32.55,32.96,32.245,32.885,33709700
1463751000,32.985,33.15,32.785,33.08,19667024
1464010200,32.885,33.14,32.77,32.995,20545064
1464096600,33.165,33.355,32.955,33.16,22605810
1464183000,33.36,33.735,33.33,33.685,28536204
1464269400,33.815,33.96,33.44,33.545,21433602
1464355800,33.425,33.5875,33.24,33.565,18517402
1464701400,33.645,33.91,33.285,33.435,30812248
1464787800,33.11,33.545,33.025,33.445,33391316
1464874200,33.19,33.42,33.065,33.4,25699982
1464960600,33.4,33.575,33.0725,33.27,24315460
1465219800,33.595,34.035,33.535,34.0054,36447604
1465306200,34.115,34.865,34.105,34.775,31236574
1465392600,34.985,35.13,34.6,34.695,36259422
1465479000,34.295,34.605,34.26,34.43,24681194
1465565400,34.075,34.295,33.64,33.685,28980382
1465824600,33.52,34.04,33.485,33.585,23175726
1465911000,33.445,33.735,33.185,33.565,24404948
1465997400,33.44,33.8875,33.2475,33.4854,33659060
1466083800,33.125,33.375,32.67,33.325,39987384
1466170200,33.45,33.51,33.25,33.445,34871872
1466429400,33.925,34,33.705,33.735,21826470
1466515800,33.66,34.205,33.56,34.135,22444602
1466602200,34.285,34.285,33.915,33.945,20516448
1466688600,34.3,34.515,34.17,34.505,19076936
1466775000,33.175,33.7725,33.145,33.39,53759800
1467034200,32.935,32.965,32.055,32.32,43649498
1467120600,32.925,33.225,32.7375,33.22,29100864
1467207000,33.425,34.05,33.425,33.85,32708856
1467293400,33.705,34.14,33.635,34.12,24264536
1467379800,34.08,34.425,34.055,34.3,25357654
1467725400,33.84,33.96,33.275,33.61,30139842
1467811800,33.415,33.7775,33.185,33.7546,31794946
1467898200,33.955,34.17,33.175,33.4096,28195578
1467984600,33.71,33.975,33.525,33.855,23135804
1468243800,34.035,34.195,33.89,33.92,19500772
1468330200,34.43,34.91,34.36,34.76,31049078
1468416600,34.66,34.85,34.1375,34.46,25092494
1468503000,34.73,34.815,34.535,34.635,21797200
1468589400,34.76,34.841,34.4875,34.615,18259058
1468848600,34.515,34.655,34.29495,34.64,18802262
1468935000,34.555,34.61,34.315,34.4446,13983818
1469021400,34.305,34.565,34.02,34.395,23109906
1469107800,34.3,34.615,33.97,34.055,18513828
1469194200,34.13,34.215,33.9405,34.16,15981230
1469453400,33.935,34.01,33.355,33.48,25543328
1469539800,33.285,33.705,33.265,33.675,24787796
1469626200,33.72,33.965,33.2,33.345,32355804
1469712600,33.305,33.51,33.115,33.35,21726914
1469799000,32.875,33.73,32.845,33.69,33003576
1470058200,33.395,33.42,32.465,32.58,61297044
1470144600,32.81,33.035,32.285,32.875,51200152
1470231000,32.88,33.525,32.75,33.51,47811232
1470317400,33.385,33.69,33.27,33.46,33580444
1470403800,33.48,33.81,33.42,33.765,22853558
1470663000,34,34.445,33.99,34.215,43326808
1470749400,34.31,34.365,33.90005,34.035,22256716
1470835800,34.105,34.18,33.595,33.665,36073586
1470922200,33.81,34.305,33.735,34.16,34859478
1471008600,34.25,34.455,34.16,34.35,20379344
1471267800,34.545,34.695,34.445,34.625,21406762
1471354200,34.565,34.79,34.355,34.68,20485518
1471440600,34.51,34.805,34.475,34.785,29438942
1471527000,34.905,35.5,34.87,35.5,48297088
1471613400,35.385,35.385,35.075,35.205,22091482
1471872600,34.9,34.965,34.64,34.8,28273402
1471959000,34.8,35.135,34.8,35.0446,24912482
1472045400,34.85,35.08,34.8125,34.905,32905284
1472131800,34.85,34.955,34.695,34.81,23791694
1472218200,34.87,35.14,34.525,34.69,29150130
1472477400,34.59,34.955,34.55,34.925,14787966
1472563800,35.005,35.14,34.6725,34.805,14265734
1472650200,34.61,34.66,34.065,34.255,26465584
1472736600,34.11,34.2375,33.885,34.155,33337036
1472823000,34.49,34.625,34.325,34.54,21588788
1473168600,34.63,35.08875,34.6,35.06,25688110
1473255000,35.22,35.335,35.065,35.26,30189092
1473341400,35.485,35.97,35.315,35.92,36010696
1473427800,35.585,35.695,34.85,34.85,43543664
1473687000,34.605,35.375,34.54,35.195,43945790
1473773400,34.81,34.825,34.09,34.19,49160728
1473859800,34.15,34.56,33.6985,33.785,52940318
1473946200,33.92,34.4525,33.865,34.205,34467998
1474032600,33.505,33.85,33.505,33.725,34788810
1474291800,34,34.0925,33.7,33.705,23595026
1474378200,33.665,33.895,33.435,33.46,28265870
1474464600,33.75,34.25,33.71,34.235,40521774
1474551000,34.605,34.73,34.2455,34.275,26631830
1474637400,34.11,34.42,33.625,33.82,46150356
1474896600,33.935,34.115,33.605,33.67,26480308
1474983000,33.335,33.535,33.07,33.445,38820432
1475069400,33.64,34.94,33.355,34.89,82286874
1475155800,34.865,35.225,34.515,34.83,54003120
1475242200,35.075,35.49,34.85,35.305,29429054
1475501400,35.365,35.42,34.985,35.28,26309878
1475587800,35.31,35.395,34.7775,34.92,23705626
1475674200,35.275,35.6175,35.24,35.455,26702304
1475760600,35.56,35.675,35.19,35.51,22351558
1475847000,35.515,35.665,35.2,35.305,23488860
1476106200,35.655,35.99,35.62,35.86,23068998
1476192600,35.735,35.795,35.255,35.45,27424472
1476279000,35.3,35.4225,35,35.3,20878226
1476365400,35.08,35.285,34.645,35.105,27086758
1476451800,35.285,35.4,34.875,34.9,22744898
1476711000,34.91,35.02,34.5391,34.73,14850028
1476797400,35.075,35.15,34.715,34.87,13890132
1476883800,35.14,35.635,35.105,35.365,28631804
1476970200,35.155,35.4725,34.96,35.325,24989036
1477056600,35.095,35.155,34.89,35.095,28476962
1477315800,35.095,35.215,34.60505,34.99,21336890
1477402200,34.98,35.355,34.77,34.83,26454254
1477488600,34.52,35.0575,34.46,34.91,35735606
1477575000,35.06,35.11,34.7675,34.78,28412610
1477661400,34.72,35.215,34.465,34.685,37116766
1477920600,34.56,34.745,34.25,34.31,25947670
1478007000,34.565,34.685,33.93945,34.315,37649576
1478093400,33.99,34.11,33.5,33.935,45965966
1478179800,33.935,34.13,33.75,34.07,25496126
1478266200,33.9,34.23,33.68,33.885,35108158
1478529000,34.27,34.635,34.27,34.615,29599034
1478615400,34.445,34.855,34.395,34.66,22417416
1478701800,34.78,35.485,34.375,35.225,51987548
1478788200,35.2,35.64,35.08,35.375,41269658
1478874600,35.165,35.23295,34.44505,34.73,35319426
1479133800,34.605,34.96,34.415,34.925,25144010
1479220200,35.23,35.93,35.2,35.91,38457420
1479306600,35.83,36.07,35.55,35.66,33218206
1479393000,35.96,36.195,35.332,35.42,20675950
1479479400,35.545,35.765,35.365,35.565,23924616
1479738600,36.065,36.45,36.065,36.41,33750790
1479825000,36.42,36.6,35.95,36.39,32026486
1479911400,36.215,36.6569,36.175,36.54,22923916
1480084200,36.385,36.465,36.18,36.36,17583566
1480343400,36.535,36.545,35.79,35.855,37580182
1480429800,35.31,35.63,35.035,35.415,36723488
1480516200,36.645,37.56,36.645,37.215,89709590
1480602600,37.905,38.03,37.275,37.305,54764758
1480689000,37.285,37.59,37.18,37.415,36677698
1480948200,37.755,38.0484,37.595,37.745,45070236
1481034600,37.515,37.825,37.2875,37.675,33927008
1481121000,37.59,38.02795,37.59,37.975,32016530
1481207400,38.075,38.22995,37.78,38.18,29200314
1481293800,38.38,38.38,38.08,38.3,17949662
1481553000,39.15,39.225,38.32,38.48,32260374
1481639400,38.77,39.195,38.415,38.915,32057100
1481725800,38.73,38.885,38.0275,38.135,39702730
1481812200,37.975,38.3625,37.76,38.22,40503550
1481898600,38.29,38.29,38.06,38.255,35729794
1482157800,38.215,38.285,38.005,38.08,14226416
1482244200,38.275,38.325,37.89,37.995,17964226
1482330600,38.075,38.23,37.865,38.055,16205408
1482417000,38.08,38.31,38.005,38.21,21940734
1482503400,38.15,38.2525,38.09,38.175,12796264
1482849000,38.235,38.39,38.2,38.26,20017716
1482935400,38.345,38.36,37.815,37.845,16187360
1483021800,37.79,37.9,37.635,37.77,13394898
1483108200,37.735,37.945,37.54,37.66,17706576
1483453800,38.055,38.405,37.68,38.085,49246200
1483540200,38.115,38.185,37.88,38.005,22371024
1483626600,38.03,38.17,37.7287,37.91,22282350
1483713000,38.03,38.0725,37.69625,37.945,14821096
1483972200,37.695,37.73,37.34,37.395,21921842
1484058600,37.365,37.45,37.025,37.055,19321686
1484145000,37.185,37.525,37.03,37.455,26254088
1484231400,37.665,37.705,37.15,37.3,21791208
1484317800,37.25,37.33,37.095,37.19,19813320
1484663400,37.305,37.51,37.275,37.42,19565918
1484749800,37.215,37.435,37.17,37.335,17450322
1484836200,37.335,37.35,37.04,37.13,18001840
1484922600,37.37,37.495,37.145,37.27,18364442
1485181800,37.1,37.175,36.695,36.875,30414088
1485268200,37.02,37.44,36.95,37.28,23714480
1485354600,37.29,37.59,37.28,37.475,18820562
1485441000,37.595,37.655,37.42395,37.505,17303334
1485527400,37.275,37.315,37.005,37.115,19901842
1485786600,36.945,36.965,36.18,36.435,26572804
1485873000,36.455,36.51,36.065,36.45,28014752
1485959400,36.645,36.6925,35.955,36.18,36848616
1486045800,36.24,36.45,35.95,36.385,25760202
1486132200,36.53,36.89,36.315,36.7,23657160
1486391400,36.755,36.825,36.285,36.39,21043344
1486477800,36.23,36.4,35.685,35.875,28315504
1486564200,35.71,36.04,35.325,35.96,32296824
1486650600,36.175,36.475,36.175,36.365,18523204
1486737000,36.655,36.845,36.53,36.64,20810734
1486996200,36.565,36.725,36.495,36.71,15969876
1487082600,36.815,36.845,36.37,36.83,21543374
1487169000,36.72,36.88,36.565,36.685,17853200
1487255400,36.72,36.77,36.13,36.185,22750870
1487341800,36,36.105,35.87,35.985,23290054
1487687400,36.325,36.425,36.175,36.23,23605038
1487773800,36.06,36.1,35.6525,35.68,23078810
1487860200,36.08,36.14,35.605,35.83,34780290
1487946600,35.57,35.705,35.315,35.495,27995284
1488205800,35.53,35.955,35.47,35.8,47372884
1488292200,35.695,35.8575,35.59,35.69,28036894
1488378600,36.02,36.57,35.995,36.405,37995142
1488465000,36.225,36.405,36.045,36.06,21540558
1488551400,36.12,36.255,35.9125,35.995,22332976
1488810600,35.935,36.125,35.795,36.075,16749498
1488897000,36.205,36.215,35.71,35.755,22923502
1488983400,35.61,35.82,34.81,34.825,51132472
1489069800,34.65,35.075,34.445,35.055,55541300
1489156200,35.28,35.325,34.8,35.005,34958532
1489411800,34.97,35.18,34.89,35.01,26157606
1489498200,34.74,34.745,34.31,34.615,52769522
1489584600,34.91,35.465,34.74,35.385,46410028
1489671000,35.46,35.46,35.035,35.135,32555090
1489757400,35.07,35.145,34.9,34.9,28487818
1490016600,34.785,34.925,34.575,34.873,24437330
1490103000,35.015,35.04,34.475,34.605,33434370
1490189400,34.5,34.715,34.36,34.555,24839224
1490275800,34.455,34.71,34.38,34.415,23600886
1490362200,34.465,34.54,34.215,34.28,20884952
1490621400,33.955,34.215,33.93,34.12,22982504
1490707800,34.17,34.69,34.0916,34.605,55845186
1490794200,34.6,35.14,34.505,35.08,36119108
1490880600,35.3,35.385,34.98,35.07,31824646
1490967000,34.955,35.17,34.79,34.95,39722398
1491226200,35.005,35.03,34.54,34.89,26266610
1491312600,34.965,35.1725,34.63,35.145,25947934
1491399000,35.44,35.745,34.9825,35.035,45467444
1491485400,35.175,35.415,35.08,35.315,26249410
1491571800,35.335,35.43,35.12665,35.18,25160596
1491831000,35.375,35.605,35.3,35.445,21641882
1491917400,35.5,35.515,35.07,35.45,27782936
1492003800,35.485,35.7075,35.19,35.3,22907138
1492090200,35.27,35.295,34.575,34.655,35311918
1492435800,34.645,34.76525,34.56,34.73,16024382
1492522200,34.575,34.805,34.3325,34.405,29500564
1492608600,34.49,34.55495,33.81,33.9,36250808
1492695000,34,34.315,33.965,34.065,32469942
1492781400,33.92,34.065,33.725,33.895,28232116
1493040600,34.145,34.235,33.99,34.095,26701356
1493127000,34.18,34.465,34.075,34.385,28826194
1493213400,34.225,34.735,34.21,34.27,37475156
1493299800,34.005,34.04,33.5575,33.895,41095442
1493386200,34.185,34.245,33.8675,33.92,28851928
1493645400,33.91,34.0025,33.75,33.825,18838852
1493731800,33.895,34.005,33.515,33.655,32871284
1493818200,33.58,33.91,33.485,33.75,33869562
1493904600,33.515,33.555,32.915,33.13,67889076
1493991000,33.15,33.71,33.1325,33.655,37487506
1494250200,33.65,33.955,33.62,33.895,37897464
1494336600,33.965,33.965,33.5125,33.615,21439428
1494423000,33.81,34.22,33.78,34.06,36518340
1494509400,34.18,34.24,33.94,33.99,23937358
1494595800,33.965,34.03,33.775,33.875,21417208
1494855000,34.38,34.435,34.03,34.14,26413734
1494941400,34.3,34.3,33.85,33.97,23386780
1495027800,33.77,34.05975,33.62,33.635,31213502
1495114200,33.485,33.7925,33.36,33.625,28229900
1495200600,33.79,34.11,33.71,34.04,31249010
1495459800,34.22,34.24,33.845,33.965,20678490
1495546200,34.055,34.09,33.86715,34.045,18173662
1495632600,34.005,34.11,33.71,33.865,27183070
1495719000,33.78,34.115,33.13,33.25,46658496
1495805400,33.25,33.335,33.09,33.305,26398288
1496151000,33.13,33.13,32.845,32.86,29058214
1496237400,32.6,32.82,32.5475,32.72,32186056
1496323800,32.735,33.045,32.63,32.925,35967346
1496410200,32.775,32.785,32.405,32.545,33085096
1496669400,32.445,32.725,32.435,32.605,25104932
1496755800,32.585,33.045,32.51,32.99,29670564
1496842200,32.855,33.015,32.3,32.525,45884268
1496928600,32.37,32.67,32.36,32.43,39138682
1497015000,32.505,33.32,32.5,33.21,46368400
1497274200,33.505,33.77695,33.3725,33.445,45848772
1497360600,33.545,33.74,33.385,33.695,31615710
1497447000,33.605,33.605,32.83,33.085,60560444
1497533400,32.935,33.1,32.69,32.835,38517788
1497619800,32.805,33.165,32.595,33.15,49242026
1497879000,33.075,33.145,32.855,32.94,31356762
1497965400,32.56,32.61,32.155,32.52,32126850
1498051800,32.42,32.61,31.82,31.995,54610918
1498138200,32.01,32.25,31.845,31.975,30863224
1498224600,31.98,32.225,31.89,32.19,29110992
1498483800,32.29,32.35,31.99,32.12,27206726
1498570200,32.235,32.38,32.065,32.07,28454938
1498656600,32.11,32.44,32.09,32.245,33719812
1498743000,32.34,32.67,32.245,32.315,38044856
1498829400,32.55,32.61,32.25,32.46,39286302
1499088600,32.575,33.24,32.54,33.085,36805600
1499261400,32.92,32.95,32.2925,32.415,41976430
1499347800,32.47,32.565,31.985,32.055,41577886
1499434200,31.95,32.05,31.645,32.005,32073490
1499693400,31.96,32.185,31.89,32.11,28307674
1499779800,32.165,32.4,31.965,32.285,23799654
1499866200,32.605,32.685,32.235,32.375,29637270
1499952600,32.4,32.53,32.22,32.505,20113558
1500039000,32.525,32.76,32.495,32.7,20545070
1500298200,32.64,32.8825,32.61,32.66,24429886
1500384600,32.825,32.835,32.3675,32.505,29913516
1500471000,32.47,33.01,32.445,32.98,49605396
1500557400,33.165,33.2825,32.79,32.88,34318582
1500643800,32.77,32.925,32.51,32.555,27722684
1500903000,32.625,32.675,32.42,32.495,20866742
1500989400,32.885,33.14,32.81,32.905,30958572
1501075800,33.09,33.32,32.85,32.94,42422820
1501162200,32.95,33.29,32.8,33.275,31631828
1501248600,33.165,33.5627,33.11,33.235,29530012
1501507800,33.245,33.5,33.155,33.31,27039002
1501594200,33.33,33.495,33.16,33.305,25337368
1501680600,33.135,33.315,32.839,33.18,30237056
1501767000,33.125,33.18,32.57,32.715,30655606
1501853400,32.73,32.91,32.655,32.82,18741970
1502112600,32.68,32.74,32.47,32.57,22874528
1502199000,32.475,32.77995,32.4,32.495,20858262
1502285400,32.545,32.7275,32.405,32.525,20875734
1502371800,32.58,32.635,32.125,32.18,30524182
1502458200,32.08,32.26,31.94,31.97,31981884
1502717400,32.03,32.17,31.835,31.875,22813398
1502803800,31.925,31.925,31.57,31.755,25451244
1502890200,31.765,31.8525,31.385,31.45,33166660
1502976600,31.325,31.445,30.995,31.005,29593850
1503063000,30.925,31.37,30.905,31.16,37265328
1503322200,31.115,31.1275,30.9,31,20750352
1503408600,31.085,31.275,31.065,31.205,30343648
1503495000,31.14,31.5,31.11,31.34,23051936
1503581400,31.23,31.435,31.22,31.36,20781016
1503667800,31.42,31.625,31.41,31.5,16440420
1503927000,31.515,31.62,31.19,31.36,19912096
1504013400,31.21,31.36,31.09,31.32,17454162
1504099800,31.2,31.42815,31.1075,31.335,17328838
1504186200,31.47,31.565,31.365,31.485,20667362
1504272600,31.535,31.895,31.455,31.79,23191086
1504618200,31.92,32.12,31.74,31.965,36229504
1504704600,32.125,32.575,32.11,32.485,34104250
1504791000,32.5,32.625,32.33,32.545,17280664
1504877400,32.475,32.495,32.05,32.2,20529484
1505136600,32.325,32.55,32.25,32.505,27102110
1505223000,32.6,32.775,32.515,32.705,18819394
1505309400,32.775,33.135,32.74,33.115,31786550
1505395800,33.18,33.5,33.175,33.275,29166802
1505482200,32.91,32.92,32.7,32.92,26136256
1505741400,32.845,33.08,32.82,33.06,25167090
1505827800,33.13,33.2425,33.065,33.195,21008514
1505914200,33.29,33.51,33.2605,33.42,36547542
1506000600,33.375,33.5125,33.28,33.43,17748166
1506087000,33.4,33.695,33.365,33.6,29295874
1506346200,33.755,34.185,33.7225,34.085,29667538
1506432600,34,34.1325,33.905,34.07,21421400
1506519000,34.1,34.225,33.91,34.215,21836488
1506605400,34.29,34.45,34.15,34.245,23599790
1506691800,34.125,34.245,34.015,34.24,28574934
1506951000,33.875,34.24,33.745,34.23,24833584
1507037400,34.185,34.31,34.12,34.195,14479578
1507123800,34.195,34.295,34.05,34.17,20395174
1507210200,34.195,34.38,34.175,34.325,20323594
1507296600,34,34.1875,33.92,34.035,23926546
1507555800,34.075,34.2075,34.035,34.105,11528168
1507642200,34.345,34.465,34.1,34.135,15527404
1507728600,34.095,34.2325,33.955,34.215,20574048
1507815000,33.955,34.1325,33.9,34.09,20362194
1507901400,34.29,34.39,34.05,34.07,17787404
1508160600,34.175,34.34315,34.075,34.145,15333828
1508247000,34.135,34.2375,33.9805,34.165,16754272
1508333400,34.14,34.28,33.885,33.925,15412624
1508419800,33.69,33.96,33.675,33.82,15183758
1508506200,33.895,33.905,33.66,33.885,19640498
1508765400,33.91,34.02,33.68,33.71,17310626
1508851800,33.83,33.925,33.7025,33.775,19640476
1508938200,33.715,33.8125,33.435,33.54,27045494
1509024600,33.555,33.72,33.41,33.61,18724346
1509111000,33.435,33.85,33.17,33.67,32375984
1509370200,33.72,33.94,33.65505,33.845,23229614
1509456600,33.86,34.08,33.71,33.955,19297960
1509543000,34.16,34.4975,34.145,34.34,34612506
1509629400,34.34,34.435,34.0325,34.24,22656592
1509715800,34.225,34.475,34.19,34.34,22223758
1509978600,34.495,35.17,34.435,35.125,38199938
1510065000,35.185,35.23255,34.895,35.08,26820596
1510151400,34.995,35.085,34.71505,34.91,28493244
1510237800,34.775,35.075,34.725,35.015,25977726
1510324200,34.955,34.985,34.56505,34.83,21068476
1510583400,34.735,34.865,34.59,34.63,14979596
1510669800,34.5,34.5,34.03,34.07,33055388
1510756200,33.765,33.835,33.545,33.685,35386256
1510842600,33.58,33.7,33.455,33.55,25027900
1510929000,33.615,33.785,33.53,33.715,18344854
1511188200,33.675,33.705,33.4875,33.635,15570510
1511274600,33.765,33.9,33.64,33.71,16928728
1511361000,33.91,33.9775,33.825,33.845,18614944
1511533800,33.98,34.05,33.935,33.94,9981448
1511793000,33.795,33.835,33.5225,33.595,21191798
1511879400,33.63,33.905,33.59,33.855,24226642
1511965800,33.84,34.1025,33.77,34.04,27198674
1512052200,34.12,34.615,34.12,34.55,44607164
1512138600,34.795,35.08,34.47,34.84,42376684
1512397800,34.875,35.375,34.715,34.825,27151898
1512484200,34.825,34.95,34.635,34.675,21366480
1512570600,34.575,34.635,34.1755,34.225,24122310
1512657000,34.19,34.385,34.16,34.325,17279956
1512743400,34.5,34.655,33.34315,34.64,21393370
1513002600,34.705,35.0675,34.685,34.89,22633430
1513089000,35.025,35.065,34.7475,34.795,23516460
1513175400,34.795,34.875,34.6425,34.745,18432098
1513261800,34.615,34.865,34.605,34.62,23565692
1513348200,34.635,34.635,34.3125,34.36,20306810
1513607400,34.445,34.7975,34.435,34.625,19321370
1513693800,34.785,34.875,34.595,34.675,13528494
1513780200,34.79,35.225,34.685,35.165,24508992
1513866600,35.18,36.015,35.145,35.91,33606264
1513953000,35.95,36.13,35.80005,35.985,21321632
1514298600,36.115,36.36,36.04,36.3,17262210
1514385000,36.305,36.32,36.107,36.18,21710632
1514471400,36.175,36.235,36.1125,36.235,15933570
1514557800,36.33,36.35,36.07005,36.13,14712744
1514903400,36.31,36.765,36.195,36.725,29782708
1514989800,36.8,37.37,36.76,37.275,38599260
1515076200,37.25,37.525,37.115,37.5,28613686
1515162600,37.45,37.515,37.175,37.485,28408852
1515421800,37.47,37.73,37.36765,37.71,19558434
1515508200,37.785,37.795,37.555,37.615,18468982
1515594600,37.725,37.75,37.54,37.57,21643966
1515681000,37.7,38.475,37.565,38.34,36179064
1515767400,38.35,38.81,38.35,38.71,39638410
1516113000,38.8,38.825,38.15,38.22,33789870
1516199400,38.33,38.72,38.08,38.555,28014764
1516285800,38.41,38.505,38.17,38.24,23029244
1516372200,38.155,38.205,37.94,38.19,25925494
1516631400,38.24,39.03,38.23,39.015,34033448
1516717800,39.09,39.13,38.7595,38.955,20369876
1516804200,39,39.195,38.715,38.85,25839340
1516890600,39.045,39.045,38.475,38.545,23436898
1516977000,38.63,38.82,38.55,38.755,15570612
1517236200,38.6,38.735,38.11,38.17,25294334
1517322600,37.85,37.955,37.3675,37.4,45503678
1517409000,37.5,37.5671,37.165,37.425,31531094
1517495400,37.475,37.835,37.2655,37.81,36023114
1517581800,37.115,37.205,36.03,36.23,62010810
1517841000,35.745,36.2,34.14,34.71,69535280
1517927400,34.115,35.23495,33.95,34.985,65630352
1518013800,35.095,35.5325,34.395,34.4,49207392
1518100200,34.435,34.575,33.34495,33.36,55542248
1518186600,33.755,33.79,32.225,33.335,70348170
1518445800,33.765,34.255,33.605,33.88,49913712
1518532200,33.705,33.885,33.505,33.74,24569908
1518618600,33.41,34.33,33.33,34.23,39513840
1518705000,34.3,34.325,33.595,34.145,32938744
1518791400,34,34.38,33.855,34.06,27582148
1519137000,34.13,34.38,33.72,33.875,35622592
1519223400,33.775,34.09,33.305,33.305,25090798
1519309800,33.545,34.165,33.459,33.67,30660514
1519396200,33.835,34.425,33.775,34.4,31369666
1519655400,34.575,34.675,34.4025,34.605,24312826
1519741800,34.675,34.95,34.15,34.155,26931414
1519828200,34.335,34.46,33.355,33.37,35243922
1519914600,33.335,33.8425,33.08,33.32,45949968
1520001000,33.09,33.595,32.825,33.475,29157750
1520260200,33.32,33.93505,33.26,33.83,25663068
1520346600,34.04,34.16665,33.68,33.85,31355888
1520433000,33.485,33.84,33.28,33.595,24725204
1520519400,33.67,33.77,33.345,33.585,16026634
1520605800,33.845,34.255,33.815,34.225,22786106
1520861400,34.245,34.465,34.045,34.215,18972062
1520947800,34.32,34.475,33.83,33.97,21461708
1521034200,34.1,34.195,33.7,33.77,22696304
1521120600,33.895,34.04,33.34,33.595,24817026
1521207000,33.375,33.805,33.31,33.655,28685152
1521466200,33.55,33.595,32.945,33.135,29049964
1521552600,33.315,33.64,33.27,33.415,22518218
1521639000,33.615,34.51,33.51,34.29,32913100
1521725400,33.91,34.09,33.525,33.59,36967558
1521811800,33.76,34.15,33.31,33.385,38428566
1522071000,33.77,34.035,33.38,33.985,31906884
1522157400,34.13,34.27,33.47,33.665,27846260
1522243800,33.685,33.8,32.955,33.01,36457496
1522330200,33.155,33.8375,33.15,33.705,27995846
1522675800,33.575,33.635,32.4625,33.03,37986220
1522762200,33.155,33.765,32.84,33.735,28228630
1522848600,33.22,33.76305,32.99,33.69,24981552
1522935000,33.775,34.51,33.775,34.295,27056814
1523021400,34.08,34.245,33.23,33.675,37767782
1523280600,33.835,34.265,33.7,33.835,21639666
1523367000,34.37,35.2275,34.36,34.955,45243658
1523453400,34.9,35.4,34.855,35.32,42381894
1523539800,35.44,35.595,35.19,35.315,28633434
1523626200,35.505,35.85,35.45505,35.705,26660842
1523885400,35.785,36.2325,35.595,36.07,28048684
1523971800,36.165,36.375,35.96,36.21,32210538
1524058200,36.525,37.11,36.515,36.78,34622942
1524144600,36.81,37.1,36.6005,36.825,36300688
1524231000,36.75,36.7775,36.415,36.65,27380840
1524490200,36.535,36.88,36.335,36.875,29689266
1524576600,36.975,37.23,36.28,36.48,45581010
1524663000,36.365,36.82,36.135,36.77,26326622
1524749400,36.905,37.335,36.79,37.305,24433776
1524835800,36.925,37.095,36.765,36.91,21078606
1525095000,36.85,37.32,36.84,36.905,25926382
1525181400,36.72,36.745,36.215,36.68,27601854
1525267800,36.57,37.1205,36.52,36.83,26869474
1525354200,36.66,36.805,36.25,36.745,30659152
1525440600,36.645,37.055,36.495,36.925,27170978
1525699800,37.215,37.785,36.9,36.975,35947398
1525786200,36.99,37.285,36.32,37.265,57548114
1525872600,37.72,38.445,37.715,38.025,49807876
1525959000,38.175,38.4,38,38.31,27780186
1526045400,38.395,38.625,38.28,38.365,24021312
1526304600,38.485,38.805,38.485,38.63,20452648
1526391000,38.545,38.7,38.345,38.64,20965380
1526477400,38.585,38.8,38.39,38.775,23994324
1526563800,38.9,39.4125,38.88,39.36,32542640
1526650200,39.29,39.33,39.025,39.055,28185364
1526909400,39.275,39.455,39.07725,39.455,23026218
1526995800,39.45,39.70835,38.82,38.93,33166796
1527082200,38.705,38.955,38.3825,38.925,33211576
1527168600,38.475,38.535,38.11,38.285,38309504
1527255000,37.61,37.66,36.92,37.29,64907034
1527600600,37,37.4032,36.8275,37.175,38654916
1527687000,37.495,38.47,37.48,38.3,46044338
1527773400,38.02,38.4625,37.93,38.01,26529834
1527859800,38.14,38.4425,37.985,38.19,28205096
1528119000,38.32,38.6,37.7575,37.86,27378420
1528205400,37.675,38.06,37.59,37.77,27415856
1528291800,37.91,38.05,37.615,37.95,26958492
1528378200,38.15,38.745,38.14,38.525,30357720
1528464600,38.57,38.675,38.21,38.45,22473250
1528723800,38.44,38.8225,38.36,38.65,21435554
1528810200,38.65,38.74,38.25,38.355,31414450
1528896600,38.235,38.435,38.0525,38.21,25004212
1528983000,38.32,38.4325,38.0625,38.155,20582274
1529069400,37.68,37.755,37.005,37.085,32216526
1529328600,36.99,37.705,36.99,37.455,26368744
1529415000,37.005,37.51,36.9,37.37,25215288
1529501400,37.595,37.675,37.235,37.535,23311864
1529587800,37.27,37.29,36.665,36.84,30019592
1529674200,37.75,37.985,37.57,37.575,56621884
1529933400,37.465,37.5175,36.57,36.82,36760690
1530019800,36.915,37.43,36.785,37.285,27058298
1530106200,37.595,38.255,37.58,37.785,41167732
1530192600,37.84,37.98,37.445,37.735,28570736
1530279000,37.84,38.37,37.84,37.97,26335874
1530538200,37.705,37.715,37.205,37.41,30593106
1530624600,37.8,38.23,37.5575,37.645,18616354
1530797400,37.875,37.995,37.495,37.605,19939074
1530883800,37.49,37.955,37.315,37.835,18620858
1531143000,38.065,38.455,38.045,38.4,22118320
1531229400,38.635,39,38.59,38.685,22007522
1531315800,38.325,38.56,37.615,37.865,38725540
1531402200,37.965,38.175,37.66,37.93,25136062
1531488600,37.965,38.36,37.865,38.13,22846182
1531747800,37.755,37.94,37.3675,37.69,22781488
1531834200,37.565,37.75,37.33,37.54,19506366
1531920600,37.36,37.62,36.99,37.565,30703040
1532007000,37.465,37.735,37.425,37.575,32463618
1532093400,37.575,37.66,37.325,37.445,21722634
1532352600,37.55,37.575,37.2125,37.28,15247698
1532439000,37.445,37.97,37.39505,37.75,20337000
1532525400,37.8,38.1575,37.615,38.065,22075092
1532611800,38.145,38.5475,38.07,38.48,24374770
1532698200,38.05,38.515,38,38.315,25285612
1532957400,38.62,38.78,38.49,38.63,22789994
1533043800,38.7,38.805,38.4721,38.56,22581422
1533130200,38.225,38.24,37.82,38.025,22345250
1533216600,37.745,37.8875,37.5,37.815,19379516
1533303000,37.745,37.8125,37.43,37.62,15326674
1533562200,37.73,37.94,37.505,37.76,16400186
1533648600,38.145,38.25,37.92,38.04,23596680
1533735000,37.775,37.905,37.5375,37.765,18802110
1533821400,37.795,37.865,37.355,37.415,30464934
1533907800,37.33,37.645,37.255,37.645,33955456
1534167000,37.575,37.705,37.145,37.165,19634288
1534253400,37.45,37.505,37.1005,37.255,20875748
1534339800,36.9,36.96,35.85,35.955,52750956
1534426200,36.13,36.42,36.11,36.215,50027468
1534512600,36.31,36.4,36.1725,36.305,23065968
1534771800,36.315,36.6775,36.3,36.55,16691484
1534858200,36.855,37.03,36.69495,36.735,19018278
1534944600,36.965,37.2925,36.94,37.175,18690766
1535031000,37,37.065,36.86,37,12937788
1535117400,37.23,37.49,37.195,37.27,15506568
1535376600,37.395,37.5925,37.34,37.545,13969758
1535463000,37.615,37.77,37.36,37.385,16786958
1535549400,37.505,37.77,37.39,37.615,15520892
1535635800,37.6,37.675,37.3125,37.51,18501082
1535722200,37.395,37.405,37.065,37.22,17819318
1536067800,37.39,37.42,36.99,37.14,30189486
1536154200,36.97,37.11,36.595,37.09,19196234
1536240600,36.95,37.075,36.30745,36.405,28812804
1536327000,36.27,36.465,35.89,36.4,20268742
1536586200,36.585,36.735,36.3725,36.385,17823326
1536672600,36.35,36.94,36.25,36.73,28563142
1536759000,37.03,37.285,36.91,36.92,25378838
1536845400,36.86,37.005,36.615,36.935,22074898
1536931800,36.94,37.27,36.925,37.13,18988680
1537191000,37.225,37.44,37.1013,37.19,29457798
1537277400,37.455,37.6875,37.4275,37.435,20446946
1537363800,37.445,37.705,37.41,37.55,21823074
1537450200,37.71,37.855,37.515,37.56,25024748
1537536600,37.505,37.675,37.25,37.55,27450256
1537795800,37.88,38.265,37.85,38.1,25569010
1537882200,38.34,38.50665,38.29,38.345,26054002
1537968600,38.11,38.31,37.9075,37.975,25457126
1538055000,38.125,38.175,37.8725,37.975,21344292
1538141400,37.795,38.27,37.775,37.87,29666146
1538400600,38.01,38.555,38.01,38.395,25425820
1538487000,38.49,38.565,38.17,38.435,18937300
1538573400,38.6,38.86,38.49,38.745,26489606
1538659800,38.62,38.855,38.35995,38.585,30385476
1538746200,38.545,38.70475,38.3425,38.58,23966474
1539005400,38.295,38.61,38.145,38.55,23157348
1539091800,38.685,39.18,38.52,38.895,33634016
1539178200,38.96,39.023,37.5,37.675,52810530
1539264600,37.31,37.335,36.125,36.4,71184224
1539351000,36.76,36.87,35.945,36.5,47157920
1539610200,36.495,36.645,36.185,36.195,23180748
1539696600,36.295,36.56,36.14515,36.495,29142778
1539783000,36.425,36.535,35.9525,36.265,31608596
1539869400,35.93,36.42,35.855,36.085,33174182
1539955800,35.905,36.29,35.74,35.765,27136884
1540215000,35.74,35.815,35.155,35.37,24588972
1540301400,34.85,34.86,33.955,34.445,52955466
1540387800,34.61,34.62,33.075,33.085,56200390
1540474200,33.49,33.835,33.265,33.49,50667140
1540560600,33.215,33.65,32.69,33.24,51159878
1540819800,33.485,33.53,32.185,32.62,48919692
1540906200,32.6,33.455,32.45,33.375,52794704
1540992600,33.7,34.145,33.535,33.58,34575592
1541079000,33.65,34.025,33.305,33.865,42951622
1541165400,34.24,34.49,33.44,33.78,42424968
1541428200,34.19,34.48,34.1125,34.345,26463260
1541514600,34.43,34.58,34.095,34.505,26144234
1541601000,34.95,35.18,34.55,35.07,33794412
1541687400,34.91,35.185,34.18395,34.31,30290700
1541773800,33.855,34.47,33.67,34.25,45835636
1542033000,34.485,34.63,33.47,33.54,36083260
1542119400,33.445,33.625,32.595,32.77,65464280
1542205800,33.28,33.405,32.415,32.715,45084222
1542292200,32.505,33.2375,32.505,33.195,31348480
1542378600,33.4,33.7025,33.235,33.59,39510932
1542637800,33.385,33.715,33.28,33.58,31167658
1542724200,33.14,33.22,32.23,32.48,52648764
1542810600,32.735,33.34,32.66,32.99,34661886
1542983400,32.17,32.285,31.72,31.955,28843540
1543242600,32.19,32.65,32.185,32.435,33365500
1543329000,32.27,32.58,32.16,32.345,44556878
1543415400,32.315,32.925,32.11,32.9,42296456
1543501800,32.925,33.38,32.8775,33.115,28828926
1543588200,32.825,33.15,32.66,33.055,36258036
1543847400,33.81,33.995,33.395,33.79,43988232
1543933800,33.805,33.915,32.76,32.82,36593030
1544106600,32.1,32.265,31.535,32.215,70712146
1544193000,32.83,33.315,31.98,32.035,54891434
1544452200,31.81,31.965,30.81,31.535,46765558
1544538600,32.02,32.08,31.215,31.545,34483230
1544625000,32.06,32.275,31.65,31.67,38534714
1544711400,31.595,31.97,31.455,31.77,30597946
1544797800,31.575,31.705,30.895,31.045,45787628
1545057000,30.965,31.225,30.26,30.48,41464600
1545143400,30.425,30.53305,29.5955,29.76,53233970
1545229800,29.915,30.48,29.165,29.41,91097814
1545316200,29.05,29.495,28.42,28.595,77008768
1545402600,28.335,28.805,27.82,28.055,74806260
1545661800,27.725,27.86,26.895,26.92,31211846
1545834600,27.18,28.6,26.68,28.595,58193942
1545921000,28.02,28.78,27.64,28.745,48754594
1546007400,28.875,29.005,28.35005,28.525,38874848
1546266600,28.78,28.885,28.33995,28.675,37410602
1546439400,28.22,29.435,28.07555,29.24,49825254
1546525800,29.325,29.43,28.62,28.95,36048104
1546612200,29.45,30.025,29.28,29.935,42702958
1546871400,30.16,30.5999,29.76,30.38,36143276
1546957800,30.805,30.875,30.45,30.615,37384622
1547044200,31.025,31.205,30.705,31.1,37513566
1547130600,30.865,31.23,30.69,31.19,38335192
1547217000,31.03,31.2042,30.73,31.005,28211896
1547476200,30.71,31.055,30.665,30.93,26343478
1547562600,31.1,31.335,30.885,31.04,19642934
1547649000,31.005,31.255,30.895,31,25082258
1547735400,30.765,31.42,30.695,31.285,20349654
1547821800,31.655,31.945,31.47,31.92,29069756
1548167400,31.57,31.64,31.14,31.225,39726336
1548253800,31.335,31.375,30.65,30.905,46735306
1548340200,30.84,31.35,30.715,31.07,26098364
1548426600,31.335,31.6611,31.28575,31.465,20467172
1548685800,31.05,31.165,30.81,31.15,24045488
1548772200,31.33,31.455,31.22,31.245,23768290
1548858600,31.44,31.785,31.27,31.685,24235236
1548945000,31.735,32.0375,31.65,31.89,35688354
1549031400,32.235,32.635,32.13,32.445,29544820
1549290600,32.225,32.53,31.985,32.52,20216102
1549377000,32.495,32.625,32.39,32.57,15705354
1549463400,32.415,32.505,32.3,32.33,13607618
1549549800,32.13,32.24,31.32,31.615,29200950
1549636200,31.53,31.605,30.935,31.47,21268812
1549895400,31.32,31.67,31.23,31.62,24994772
1549981800,32.045,32.2025,31.6498,32.02,21354584
1550068200,32.15,32.675,32.115,32.42,26123306
1550154600,32.305,32.77995,32.245,32.535,20426818
1550241000,32.875,33.085,32.8,33.06,20367676
1550586600,32.895,33.285,32.8475,33.16,17439262
1550673000,33.11,33.465,33.105,33.3,19871386
1550759400,33.195,33.28,32.665,32.785,23732232
1550845800,33.03,33.13,32.715,32.88,19896516
1551105000,32.775,33.045,32.745,32.935,31808916
1551191400,32.905,33.13,32.82,32.83,21101364
1551277800,32.99,33.295,32.8,32.955,20588026
1551364200,32.96,33.005,32.42,32.625,22498814
1551450600,32.8,33.23,32.8,33.225,40655996
1551709800,33.345,33.425,32.785,33.285,39560610
1551796200,33.33,33.345,32.94,33.175,31615098
1551882600,32.905,32.975,32.59,32.755,45381846
1551969000,32.775,32.8,32.43,32.56,46892332
1552055400,32.035,32.1,31.6525,31.95,31345984
1552311000,32.185,32.525,32.155,32.45,26424178
1552397400,32.505,32.825,32.495,32.66,22026278
1552483800,32.865,33.005,32.73,32.99,26413580
1552570200,33.02,33.19,32.9825,33.025,24640840
1552656600,32.74,32.855,32.63,32.755,24854718
1552915800,32.795,33.265,32.78,33.21,20135818
1553002200,33.375,33.545,32.985,33.12,25051912
1553088600,33.09,33.7095,32.99,33.41,27325726
1553175000,33.31,33.7,33.24,33.645,35756092
1553261400,33.34,33.395,32.61,32.735,39949950
1553520600,32.595,32.805,32.435,32.75,24693074
1553607000,33.13,33.445,33.04,33.22,23033086
1553693400,33.195,33.345,32.7325,32.985,19165294
1553779800,32.845,33.15,32.78,33.11,18298318
1553866200,33.43,33.51,32.95,33.06,20075242
1554125400,33.28,33.565,33.235,33.495,24823494
1554211800,33.58,33.6075,33.185,33.265,22304864
1554298200,33.36,33.425,32.8275,32.945,23979574
1554384600,32.965,33.245,32.805,33.22,21008764
1554471000,33.31,33.8425,33.295,33.805,34538476
1554730200,33.855,34.125,33.815,33.955,21204276
1554816600,33.855,33.855,33.435,33.54,29083852
1554903000,33.615,33.82,33.575,33.665,18751972
1554989400,33.635,33.9225,33.4275,33.69,21828468
1555075800,34.175,34.2,33.695,33.78,30853682
1555335000,33.74,33.82,33.525,33.58,16601960
1555421400,33.7,33.85,33.5775,33.8,16260674
1555507800,34.005,34.08,33.7075,33.755,21869244
1555594200,33.85,33.895,33.51,33.595,19519306
1555939800,33.905,34.3275,33.81,34.305,28329314
1556026200,34.33,34.405,34.0268,34.25,20424442
1556112600,34.28,34.3,33.635,33.65,22038102
1556199000,33.645,33.82,33.47,33.545,24121826
1556285400,33.3,33.31,32.82,33.11,33676772
1556544600,33.12,33.2575,33.015,33.08,25949082
1556631000,33.4,33.4225,33.015,33.055,28654306
1556717400,33.065,33.165,32.37,32.395,44311982
1556803800,32.19,32.385,31.815,31.83,56066024
1556890200,32.13,32.3775,32.055,32.125,39249118
1557149400,31.88,32.2575,31.85,32.155,40689314
1557235800,31.775,31.9,31.4675,31.875,30129436
1557322200,31.86,32.14,31.79,31.875,19647414
1557408600,31.725,31.995,31.4566,31.875,28819088
1557495000,31.875,32.105,31.425,32.025,26149908
1557754200,31.735,31.8875,31.325,31.475,28140044
1557840600,31.645,32.1275,31.615,31.86,18483912
1557927000,31.68,32.095,31.595,32.025,20184686
1558013400,32.105,32.32,32.105,32.2,18753238
1558099800,31.985,32.16,31.835,31.875,21111598
1558359000,31.88,32.04,31.825,31.89,16372648
1558445400,32.025,32.35,31.985,32.26,36760900
1558531800,32.065,32.14,31.655,31.76,19274242
1558618200,31.23,31.255,30.51,30.695,47927226
1558704600,30.94,31.06,30.5425,30.81,20306762
1559050200,30.83,30.885,30.445,30.49,25861284
1559136600,30.07,30.3125,29.89,30.295,33903170
1559223000,30.245,30.3,29.815,29.91,30347722
1559309400,29.5,29.77,29.385,29.385,43797084
1559568600,29.585,29.905,29.54,29.76,36049322
1559655000,30.04,30.345,29.96,30.275,29486854
1559741400,30.335,30.345,29.76,29.94,31764108
1559827800,30,30.61,30,30.495,64787830
1559914200,30.59,30.8275,30.515,30.635,31548142
1560173400,30.8,31,30.68,30.725,19675650
1560259800,30.995,31.095,30.775,30.785,19045258
1560346200,30.585,30.655,30.2525,30.35,27632904
1560432600,30.7,30.845,30.3419,30.705,24383878
1560519000,30.78,30.785,30.43225,30.505,15832832
1560778200,30.44,30.845,30.345,30.76,17590496
1560864600,30.96,31.37,30.905,31.185,34444288
1560951000,31.14,31.33,30.985,31.15,17655330
1561037400,31.65,31.89,31.615,31.84,51907938
1561123800,31.6,31.8925,31.6,31.78,32714654
1561383000,31.77,31.86,31.445,31.495,20793342
1561469400,31.475,31.505,31.2075,31.245,23774666
1561555800,31.56,31.965,31.48,31.725,28653568
1561642200,31.725,31.82,31.425,31.49,21217996
1561728600,31.565,31.885,31.565,31.855,34739480
1561987800,32.25,32.355,31.805,31.885,29827720
1562074200,31.79,31.855,31.235,31.375,24201030
1562160600,31.42,31.525,31.23,31.5,13974692
1562333400,31.385,31.575,31.315,31.545,14726712
1562592600,31.495,31.765,31.405,31.59,17256964
1562679000,31.54,31.635,31.33,31.615,14976262
1562765400,31.815,32.13,31.60465,32.02,23534762
1562851800,32.115,32.12,31.885,32.085,25362684
1562938200,32.105,32.33,32.105,32.22,16162748
1563197400,32.275,32.295,31.86,31.93,19077892
1563283800,31.865,31.92,31.4625,31.59,21174106
1563370200,31.565,31.665,31.21,31.23,27329324
1563456600,31.08,31.235,30.8975,31.235,25511130
1563543000,31.265,31.4825,31.12,31.38,19930578
1563802200,31.5,31.63,31.275,31.525,15688368
1563888600,31.525,31.695,31.43,31.61,14537636
1563975000,31.57,31.95,31.535,31.745,19815468
1564061400,31.865,31.905,31.29,31.385,20140708
1564147800,31.385,31.39,31.09005,31.225,19307646
1564407000,31.2,31.225,30.87,31.1,16569876
1564493400,30.975,31.525,30.9125,31.45,21602696
1564579800,31.45,31.7175,31.09,31.35,30556084
1564666200,31.005,31.15,30.4425,30.64,50381192
1564752600,30.765,30.945,29.89,30.2,43399868
1565011800,29.64,29.72,29.09,29.3,55153782
1565098200,29.375,29.545,28.95,29.265,33995012
1565184600,28.73,29.185,28.58,29.045,49604376
1565271000,29.24,29.895,29.105,29.88,46535670
1565357400,29.905,29.97,29.425,29.55,29186438
1565616600,29.48,29.525,29.0675,29.2,43153472
1565703000,29.07,29.7454,28.915,29.47,28795452
1565789400,28.84,28.91,28.27,28.315,47299452
1565875800,28.165,28.3,27.835,28.14,28612176
1565962200,28.29,28.595,28.195,28.51,42900612
1566221400,28.91,29.245,28.855,29.14,27763732
1566307800,29,29.035,28.785,28.895,19043756
1566394200,29.195,29.245,28.9725,29.08,24074802
1566480600,29.18,29.295,28.935,28.95,18707042
1566567000,28.605,28.875,27.8175,27.98,48818282
1566826200,28.225,28.375,27.98,28.1,21613156
1566912600,28.25,28.365,27.775,27.925,23667486
1566999000,28.07,28.46475,27.9276,28.325,31393076
1567085400,28.545,28.86,28.515,28.74,24664612
1567171800,28.85,29.1,28.57,28.74,26044680
1567517400,28.275,28.66,28.19,28.6,27929604
1567603800,29,29.125,28.915,29,22382236
1567690200,29.255,29.6825,29.21,29.36,29077030
1567776600,29.3,29.55,29.135,29.515,24468662
1568035800,29.755,30.175,29.695,30.105,49514450
1568122200,30.29,30.9,30.23,30.46,51436060
1568208600,30.63,30.87,30.325,30.49,45504032
1568295000,30.105,30.52225,29.855,30.3,38119032
1568381400,30.5,30.7,30.37,30.54,28123160
1568640600,31.82,31.825,31.2005,31.565,61355618
1568727000,31.585,31.595,30.915,31.125,52946362
1568813400,30.9,31.10205,30.76,30.975,23235178
1568899800,31.16,31.23,30.8,30.895,28058884
1568986200,30.635,30.7575,30.49,30.64,40329236
1569245400,30.435,30.7295,30.4,30.65,18674120
1569331800,30.555,30.585,29.9825,30.165,41149786
1569418200,30.025,30.25,29.9552,30.215,20286536
1569504600,30.08,30.15,29.6675,29.82,28176670
1569591000,29.655,30.0425,29.6,29.815,31265250
1569850200,29.675,29.795,29.57,29.6,39638942
1569936600,29.7,29.81,28.91,28.915,32936258
1570023000,28.745,28.815,28.1225,28.205,38561346
1570109400,28.05,28.54,27.8218,28.51,42373770
1570195800,28.63,28.7275,28.34,28.69,22122938
1570455000,28.735,28.845,28.42,28.435,24608794
1570541400,28.145,28.365,27.91,27.95,41604546
1570627800,28.2,28.36,28.15,28.205,17869880
1570714200,28.3,28.635,28.255,28.56,20750054
1570800600,28.855,29.2125,28.805,28.945,48391502
1571059800,28.735,29.0325,28.625,28.93,24333662
1571146200,28.87,29.34,28.835,29.05,22534652
1571232600,28.95,29.155,28.635,28.645,24011052
1571319000,28.765,28.855,28.575,28.665,24578714
1571405400,28.59,28.82,28.51,28.515,20556312
1571664600,28.57,29.05,28.535,29.025,21006978
1571751000,29.115,29.735,29.02665,29.4,42216970
1571837400,29.35,29.705,29.225,29.645,24427246
1571923800,29.815,29.835,29.365,29.52,26411102
1572010200,29.53,29.845,29.49,29.76,23749968
1572269400,29.86,30.0295,29.54,29.59,23513102
1572355800,29.48,29.96,29.38,29.71,26936836
1572442200,29.78,29.795,28.99,29.105,31013372
1572528600,28.985,29.03,28.695,28.98,30064884
1572615000,29.125,29.6925,29.1,29.64,26620194
1572877800,29.98,30.695,29.975,30.605,43060424
1572964200,30.69,30.915,30.545,30.645,35110120
1573050600,30.6,30.665,29.935,30.02,35655790
1573137000,30.325,30.565,30.245,30.47,26483422
1573223400,30.285,30.385,30,30.345,20779696
1573482600,30.06,30.315,29.945,30.175,28960946
1573569000,30.265,30.43,29.865,30.02,25082492
1573655400,29.865,29.9925,29.765,29.89,21587890
1573741800,29.88,30.045,29.67,29.81,16233954
1573828200,29.935,30.155,29.9,30.04,18366926
1574087400,29.85,29.88365,29.55,29.675,25509610
1574173800,29.58,29.605,29.2,29.235,30760710
1574260200,29.225,29.745,29.045,29.53,34294252
1574346600,29.63,30.04,29.5325,30.015,31283364
1574433000,30.04,30.185,29.855,29.915,22983950
1574692200,29.88,29.995,29.765,29.945,24676318
1574778600,29.985,29.995,29.56,29.67,26806314
1574865000,29.705,29.805,29.5,29.745,19336548
1575037800,29.5,29.605,29.336,29.445,15660452
1575297000,29.545,29.735,29.41,29.445,30781984
1575383400,29.185,29.235,28.9,29.005,34256628
1575469800,29.26,29.53,29.165,29.44,34860840
1575556200,29.565,29.6,29.2,29.3,21788322
1575642600,29.425,29.9476,29.42,29.86,33459308
1575901800,29.63,29.965,29.63,29.825,17678118
1575988200,29.925,29.995,29.755,29.885,17572276
1576074600,29.84,30.04,29.775,29.835,24872680
1576161000,29.88,30.4875,29.845,30.385,44984740
1576247400,30.49,30.685,30.135,30.155,22744908
1576506600,30.37,30.68,30.355,30.56,22273632
1576593000,30.69,30.855,30.465,30.58,46309432
1576679400,30.545,30.8875,30.505,30.695,25884090
1576765800,30.7,30.78495,30.63,30.685,25540202
1576852200,30.48,30.7125,30.425,30.68,34840090
1577111400,30.645,31.015,30.6075,30.995,26949178
1577197800,31.065,31.11,30.9225,30.98,10074878
1577370600,31.115,31.22,30.93,30.97,20314812
1577457000,31.085,31.115,30.82,30.84,21437680
1577716200,30.06,30.115,29.805,29.85,29265946
1577802600,29.7,30.05,29.615,30.02,21458042
1577975400,30.22,30.335,30.115,30.29,23893936
1578061800,30.565,30.655,30.05,30.2,59031246
1578321000,30.305,30.59,30.2,30.435,44921422
1578407400,30.35,30.385,30,30.355,22986788
1578493800,30.325,30.36,29.815,29.855,38076166
1578580200,29.84,30.1025,29.49,30.075,30735194
1578666600,30.06,30.085,29.87,29.905,18302704
1578925800,29.86,30.0075,29.705,29.915,17559382
1579012200,29.85,29.955,29.655,29.92,34679744
1579098600,29.79,29.88,29.6125,29.7,21661608
1579185000,29.875,29.975,29.7325,29.75,16448974
1579271400,29.83,29.845,29.5075,29.56,23818232
1579617000,29.395,29.4,28.98,29.03,34709110
1579703400,28.975,28.99435,28.67,28.75,29355438
1579789800,28.45,28.7275,28.23,28.64,26556024
1579876200,28.51,28.63945,28.09,28.31,40781118
1580135400,27.74,27.85,27.49,27.525,43365078
1580221800,27.68,27.82,27.54,27.65,28600138
1580308200,27.805,27.905,27.325,27.36,27497890
1580394600,27.075,27.6075,27.005,27.58,48861098
1580481000,27.115,27.19,26.58,26.72,66997948
1580740200,26.685,26.725,26.275,26.37,42601774
1580826600,26.75,26.96,26.415,26.465,39639672
1580913000,26.905,27.555,26.89,27.46,68763948
1580999400,27.59,27.59,27.135,27.18,30801260
1581085800,26.975,27.105,26.85005,26.99,27387370
1581345000,26.85,26.915,26.69,26.855,29281188
1581431400,27.22,27.26,27.0325,27.155,27689186
1581517800,27.56,27.675,27.295,27.52,34399628
1581604200,27.445,27.59005,27.275,27.435,23949776
1581690600,27.53,27.55,27.12,27.29,25040218
1582036200,27.05,27.28535,26.8125,27.065,32629816
1582122600,27.245,27.535,27.0961,27.425,24910850
1582209000,27.495,27.7,27.325,27.395,26101652
1582295400,27.135,27.16,26.845,27.07,27616410
1582554600,26.05,26.2,25.74,25.82,66075002
1582641000,25.89,25.91,24.52,24.68,85674658
1582727400,24.77,24.89,23.925,23.935,97656626
1582813800,23.315,23.7625,22.645,22.655,122557450
1582900200,21.94,22.92,21.7575,22.635,137528830
1583159400,23.14,23.58,22.465,23.55,73285334
1583245800,23.685,23.995,22.575,22.83,97190628
1583332200,23.32,23.375,22.835,23.37,48969078
1583418600,22.7,22.805,22.1375,22.515,58774644
1583505000,21.75,21.945,20.93,21.25,123034816
1583760600,17.535,18.215,16.865,16.97,133113894
1583847000,18.335,18.41,16.68,17.775,96862274
1583933400,17.225,17.525,16.565,16.835,86985738
1584019800,15.595,16,14.69,14.735,77658138
1584106200,15.98,16.11,14.4,16.095,68196842
1584365400,13.975,15.5575,13.835,13.905,80467188
1584451800,14.04,14.59,13.475,14,90887128
1584538200,13.02,13.29,11.44,11.99,104271618
1584624600,12.165,12.855,11.49005,12.805,104452916
1584711000,13.13,13.4175,12.38,12.93,116714452
1584970200,12.565,12.645,11.575,11.785,96520418
1585056600,12.7,13.745,12.7,13.675,89022150
1585143000,13.975,15,13.37,14.32,104869804
1585229400,14.465,15.5,14.285,15.195,93836138
1585315800,14.56,14.605,14.08,14.165,73056838
1585575000,13.975,14.435,13.545,14.31,84254800
1585661400,14.71,15,14.24,14.53,68701214
1585747800,14.06,14.24,13.61515,13.81,47652916
1585834200,14.505,15.88,14.13,15.075,146256294
1585920600,15.55,15.655,14.4875,14.915,127668650
1586179800,15.25,15.81,15.045,15.705,76041446
1586266200,16.48,16.935,16.01,16.04,103018994
1586352600,16.38,17.165,16.245,17.11,83811624
1586439000,17.77,18.23,16.31225,16.955,182763082
1586784600,17.545,17.61,16.63,16.9,67685680
1586871000,16.985,17.19,16.71,16.82,72648140
1586957400,16.15,16.19,15.53,16.03,73421072
1587043800,15.99,16.04,15.3225,15.345,64605796
1587130200,15.665,16.995,15.655,16.975,91706876
1587389400,15.975,17.05,15.89,16.445,112789948
1587475800,15.97,16.4475,15.695,16.155,120861514
1587562200,16.885,16.995,16.505,16.73,73799688
1587648600,17.24,17.6725,17.07,17.27,83207294
1587735000,17.615,17.77,17.035,17.31,64883032
1587994200,17.18,17.81,16.7879,17.685,46576074
1588080600,17.95,18.2,17.66,18.09,59141876
1588167000,18.685,19.495,18.67,19.43,71074988
1588253400,19.54,19.54,18.72,19,84040124
1588339800,18.61,18.75,17.705,17.925,58531862
1588599000,17.595,18.56,17.51,18.545,52780454
1588685400,19.305,19.46,18.495,18.56,68733434
1588771800,18.65,18.81,18.06,18.075,47350106
1588858200,18.585,18.8967,18.415,18.545,48480998
1588944600,18.98,19.4,18.87,19.39,49681160
1589203800,19.26,19.315,18.96005,19.05,46531324
1589290200,19.24,19.265,18.69,18.715,56128974
1589376600,18.59,18.615,17.73475,17.865,68994888
1589463000,17.55,18.2348,17.15,18.065,61968388
1589549400,18.07,18.445,17.835,17.995,54427722
1589808600,19.025,19.59,18.975,19.465,73194792
1589895000,19.49,19.55,18.905,18.92,53940630
1589981400,19.31,19.71,19.209,19.675,54521292
1590067800,19.735,19.8125,19.205,19.36,56241738
1590154200,19.205,19.26,18.845,19.24,38495002
1590499800,19.855,19.98,19.7225,19.775,74888562
1590586200,20.065,20.18,19.47,20.03,71225660
1590672600,20.08,20.08,19.375,19.47,54358816
1590759000,19.3,19.525,18.975,19.38,71509652
1591018200,19.35,19.8275,19.09,19.72,47739542
1591104600,19.935,20.29,19.91,20.27,50241096
1591191000,20.59,20.96,20.55,20.865,54601742
1591277400,20.75,20.95,20.45,20.87,54849440
1591363800,21.915,22.6225,21.895,22.42,100393392
1591623000,23.235,23.44,22.715,23.43,95069428
1591709400,22.68,22.745,22.2375,22.55,87398998
1591795800,22.34,22.36,21.43,21.44,80976904
1591882200,19.945,20.5215,19.355,19.42,96304484
1591968600,20.275,20.42,19.37,19.91,85635064
1592227800,19.06,20.175,18.85,19.97,65705596
1592314200,20.92,20.95,19.96,20.545,64093400
1592400600,20.465,20.47,19.84,19.845,46736058
1592487000,19.645,20.3075,19.525,20.09,36937868
1592573400,20.715,20.72,19.765,19.785,53934176
1592832600,19.44,19.69,19.21,19.625,38896400
1592919000,19.92,19.97,19.5825,19.645,29611662
1593005400,19.34,19.345,18.43,18.555,64725948
1593091800,18.38,18.9775,18.285,18.91,48034440
1593178200,18.775,18.775,18.1675,18.255,67722206
1593437400,18.3,18.66,18.2175,18.5,38905630
1593523800,18.35,19.035,18.1575,18.925,41886872
1593610200,19,19.255,18.44,18.465,49146830
1593696600,18.845,19.105,18.6286,18.67,41558338
1594042200,19,19.135,18.49,18.725,45084342
1594128600,18.49,18.515,18.1,18.13,41821820
1594215000,18.13,18.41,17.965,18.115,41301716
1594301400,18.035,18.085,17.2,17.22,61087168
1594387800,17.12,17.79,17.12,17.77,50455936
1594647000,17.935,18.005,17.54,17.675,74447560
1594733400,17.555,18.33,17.505,18.295,68441234
1594819800,18.76,18.81,18.415,18.69,51805068
1594906200,18.565,18.8425,18.33,18.605,37645512
1594992600,18.665,18.87,18.265,18.345,35433806
1595251800,18.28,18.49,18.025,18.04,40152438
1595338200,18.35,19.275,18.325,19.13,72377680
1595424600,18.925,18.925,18.62,18.895,39243386
1595511000,18.83,18.955,18.62,18.86,42087782
1595597400,18.86,19.14,18.6825,18.755,39901138
1595856600,18.73,18.86,18.495,18.775,36461972
1595943000,18.665,18.8425,18.405,18.455,35551160
1596029400,18.505,18.855,18.38,18.84,34430046
1596115800,18.445,18.455,17.9375,18.1,65667448
1596202200,17.825,18.035,17.6475,18.015,49548840
1596461400,18.01,18.18,17.86,18.08,42211078
1596547800,18.02,18.56,18.0029,18.52,45144252
1596634200,18.885,18.95,18.5425,18.715,61527000
1596720600,18.61,18.7775,18.495,18.565,38380084
1596807000,18.4,18.635,18.185,18.59,36753154
1597066200,18.73,19.1725,18.685,19.165,52616136
1597152600,19.54,19.765,19.01,19.1,53026278
1597239000,19.39,19.515,19.085,19.29,51067742
1597325400,19.135,19.295,18.87,18.915,31522098
1597411800,18.765,19.125,18.695,19.095,26559324
1597671000,19.1,19.10985,18.88,18.985,28511634
1597757400,18.915,19.09795,18.6875,18.745,28697532
1597843800,18.73,18.815,18.47,18.53,29587886
1597930200,18.255,18.375,18.125,18.13,38215370
1598016600,18.06,18.09505,17.845,18.015,34695574
1598275800,18.125,18.64,18.0175,18.51,49653970
1598362200,18.61,18.635,18.16,18.25,40237090
1598448600,18.225,18.225,17.84,17.865,36002446
1598535000,17.87,18.02,17.68,17.9,44519304
1598621400,17.97,18.275,17.88,18.22,29150100
1598880600,18.245,18.27,17.825,17.825,37583080
1598967000,17.745,17.785,17.485,17.705,36521892
1599053400,17.7,17.805,17.51,17.62,47700946
1599139800,17.585,17.95,17.385,17.49,78884630
1599226200,17.67,17.79,17.22,17.435,68682030
1599571800,17.105,17.185,16.61,16.8,98431682
1599658200,16.99,17.085,16.85505,16.915,49955238
1599744600,16.965,16.985,16.265,16.295,74006678
1599831000,16.33,16.415,16.175,16.31,50794544
1600090200,16.355,16.585,16.24,16.435,38888426
1600176600,16.545,16.695,16.2675,16.315,51220880
1600263000,16.46,17.19,16.32,16.97,71798036
1600349400,16.7,17.01,16.535,16.995,44713486
1600435800,16.985,16.9975,16.6325,16.805,52812746
1600695000,16.13,16.17,15.715,15.985,61439150
1600781400,15.995,16.25,15.79,15.82,44697446
1600867800,15.88,15.94,15.085,15.105,52969192
1600954200,15.05,15.375,14.77,15.1,70482568
1601040600,14.945,15.2025,14.85,15.09,55116862
1601299800,15.3625,15.615,15.3425,15.445,52751942
1601386200,15.4,15.435,14.87,15.02,47602982
1601472600,15.115,15.29,14.905,14.975,49148986
1601559000,14.81,14.8725,14.425,14.515,56715690
1601645400,14.125,14.77995,14.1,14.655,57410420
1601904600,14.785,15.105,14.7475,15.095,63144454
1601991000,15.315,15.4,14.83,14.87,62222902
1602077400,14.955,15.12,14.7825,15.08,42086038
1602163800,15.205,15.655,15.1325,15.645,61126132
1602250200,15.785,15.825,15.3675,15.395,51031286
1602509400,15.345,15.49,15.185,15.435,33369206
1602595800,15.435,15.525,15.15,15.195,50765132
1602682200,15.23,15.615,15.2,15.26,54486002
1602768600,15,15.45,14.865,15.445,40721168
1602855000,15.415,15.435,15.07,15.095,37422976
1603114200,15.15,15.225,14.76,14.775,50372092
1603200600,14.86,15.0775,14.76,14.95,45987568
1603287000,14.865,14.9475,14.66,14.665,49313394
1603373400,14.69,15.29,14.595,15.27,65655418
1603459800,15.35,15.44,15.005,15.195,49975452
1603719000,14.935,14.955,14.505,14.65,60801938
1603805400,14.635,14.64,14.425,14.46,43193518
1603891800,14.105,14.19495,13.775,13.855,81098172
1603978200,13.675,14.325,13.49,14.28,74501810
1604064600,14.18,14.37,14.015,14.36,75807436
1604327400,14.555,15.045,14.285,14.85,83781706
1604413800,15.1,15.11,14.63,14.765,69754908
1604500200,14.785,15.14,14.385,14.785,87226502
1604586600,14.805,15.08,14.755,14.785,63591182
1604673000,14.785,15.005,14.405,14.465,66446444
1604932200,16.2,16.895,14.45845,16.53,198713412
1605018600,16.84,17.065,16.49,17.065,146676192
1605105000,17.25,17.285,16.73,16.89,93085008
1605191400,16.595,16.83,16.17,16.345,77197220
1605277800,16.47,17.0225,16.45,16.94,78881978
1605537000,17.66,18.095,17.4425,18.055,95865324
1605623400,17.82,18.25,17.585,18.24,78020114
1605709800,18.395,18.465,17.71,17.71,82000352
1605796200,17.585,18.035,17.405,18,65872424
1605882600,17.955,18.035,17.78085,17.905,39506494
1606141800,18.185,19.195,18.165,19.17,76324670
1606228200,19.815,20.20815,19.6375,20.155,106932050
1606314600,20.025,20.025,19.575,19.685,71352340
1606487400,19.575,19.735,19.3,19.455,37510712
1606746600,19.24,19.265,18.3475,18.38,83087110
1606833000,18.89,18.995,18.4325,18.465,68958948
1606919400,18.405,19.355,18.3425,19.065,75483590
1607005800,19.15,19.5,18.955,19.265,72975334
1607092200,19.615,20.3275,19.615,20.315,103700450
1607351400,20.075,20.12,19.65,19.84,69313206
1607437800,19.595,20.3325,19.59,20.135,57854694
1607524200,20.34,20.67,19.935,20.18,86691772
1607610600,20.205,21.04,20.15,20.8,77604380
1607697000,20.66,20.665,20.27,20.56,56152200
1607956200,20.875,20.88,19.7675,19.84,79884334
1608042600,19.95,20.33,19.7625,20.23,58691522
1608129000,20.28,20.355,19.99,20.13,47628852
1608215400,20.31,20.315,19.915,20.035,46363388
1608301800,19.995,20.105,19.545,19.7,73140306
1608561000,18.705,19.2323,18.5075,19.065,80158896
1608647400,19.025,19.09,18.725,18.745,50208392
1608733800,18.905,19.425,18.9,19.16,53931810
1608820200,19.185,19.185,18.87,19.06,22902904
1609165800,19.13,19.37,18.8843,18.94,37824552
1609252200,19.055,19.11,18.725,18.815,37968508
1609338600,18.83,19.2875,18.785,19.11,56436614
1609425000,19.025,19.105,18.865,18.95,36309702
1609770600,19.17,19.33,18.755,18.98,67717660
1609857000,19.185,20.35,19.1675,19.83,95473438
1609943400,20.22,20.625,19.96,20.435,86262332
1610029800,20.615,20.945,20.4,20.735,51454840
1610116200,21,21,20.545,20.71,62743946
1610375400,20.26,21.1175,20.145,21.035,46903186
1610461800,21.29,21.885,21.13,21.77,87946078
1610548200,21.845,21.855,21.435,21.6,54764420
1610634600,21.735,22.5,21.715,22.24,83314604
1610721000,21.845,21.85,21.165,21.375,95496998
1611066600,21.635,21.955,21.565,21.805,55619472
1611153000,21.99,22.045,21.67,21.885,50725614
1611239400,21.765,21.875,20.9475,21.145,59990096
1611325800,20.68,21.0925,20.51,21.035,50444690
1611585000,20.805,20.885,20.44,20.82,81823280
1611671400,21.005,21.32,20.365,20.375,54999682
1611757800,20.04,20.66,19.755,20.1,99866662
1611844200,20.265,20.58,20.08,20.335,57248194
1611930600,20.05,20.31,19.5875,19.66,63066180
1612189800,19.9,20,19.47,19.8,61021400
1612276200,20.275,20.495,20.0125,20.015,63929012
1612362600,20.12,20.9245,20.045,20.87,74385684
1612449000,21.025,21.105,20.6525,21.1,48327800
1612535400,21.43,21.5,21.2175,21.28,48196458
1612794600,21.59,22.27405,21.57,22.17,62368242
1612881000,21.995,22.065,21.6425,21.935,64798726
1612967400,22.01,22.375,21.87,22.355,58450988
1613053800,22.285,22.29,21.5425,22.01,49632686
1613140200,21.8525,22.355,21.815,22.335,47400868
1613485800,22.85,23.16,22.7325,22.895,76593396
1613572200,23.13,23.3825,22.795,23.235,69070750
1613658600,23.135,23.18,22.6375,22.71,61360116
1613745000,22.74,23.18,22.7125,23.09,54404174
1614004200,23.245,24.2325,23.205,23.89,75643042
1614090600,24.175,24.355,23.255,24.285,98366090
1614177000,24.445,25.29,24.24,25.145,77748870
1614263400,25.405,25.405,24.49,24.66,75887836
1614349800,24.33,24.4,23.365,24.075,90308814
1614609000,24.71,25.04,24.53,24.7,69391580
1614695400,24.79,24.99,24.55,24.565,74468008
1614781800,24.745,25.49,24.74,24.925,82574436
1614868200,25.15,25.98,24.915,25.52,107573830
1614954600,26.245,26.535,25.59,26.475,112395764
1615213800,26.735,26.875,26.14,26.525,100610096
1615300200,26.375,26.75575,25.87375,26.06,118889538
1615386600,26.1,26.81,25.975,26.72,78416538
1615473000,26.775,27.1825,26.67,26.73,50797398
1615559400,26.78,27.02465,26.5825,26.785,59786740
1615815000,26.725,26.8,26.16,26.48,60491700
1615901400,26.04,26.065,25.565,25.725,77287070
1615987800,25.65,26.05,25.43,25.925,64552256
1616074200,25.695,25.81,24.655,24.76,87207100
1616160600,24.75,25.175,24.43,24.765,81158504
1616419800,24.45,24.5425,24.22,24.27,59561740
1616506200,23.78,24.45,23.63,23.915,103196216
1616592600,24.28,24.845,24.28,24.515,81630716
1616679000,24.105,24.675,23.715,24.605,80670260
1616765400,25.05,25.25,24.765,25.215,72348626
1617024600,25,25.13,24.61,24.915,47286140
1617111000,24.66,24.965,24.515,24.7,53392264
1617197400,24.65,24.76,24.4325,24.53,48097392
1617283800,24.64,25.165,24.51,25.155,65039506
1617629400,25.105,25.11,24.41,24.555,53372286
1617715800,24.675,25.0025,24.45,24.49,53257804
1617802200,24.5,24.7,24.41,24.575,49888690
1617888600,24.4,24.405,23.975,24.255,63766654
1617975000,24.25,24.46,23.985,24.095,44373484
1618234200,24.305,24.48,23.82,23.905,39196268
1618320600,23.865,24.06,23.69,23.93,44825332
1618407000,24.14,24.9175,24.115,24.595,66767858
1618493400,24.625,24.625,24.295,24.395,49686248
1618579800,24.575,24.635,24.0975,24.2,57189010
1618839000,24.25,24.4275,23.9375,24.175,40827884
1618925400,24.09,24.125,23.295,23.535,72573926
1619011800,23.235,23.92,23.125,23.835,56991058
1619098200,23.95,23.95785,23.47505,23.555,50062894
1619184600,23.575,23.875,23.435,23.77,33904742
1619443800,23.68,24.11,23.68,23.93,35891780
1619530200,24.02,24.305,23.91,24.22,42268872
1619616600,24.4,25.15,24.38,25.055,65873970
1619703000,25.415,25.64495,25.025,25.335,66042496
1619789400,24.975,25.32,24.64,24.695,58518964
1620048600,24.98,25.44,24.9,25.375,45740086
1620135000,25.425,25.615,25.1,25.39,53917512
1620221400,25.705,26.2875,25.705,26.21,46924288
1620307800,26.205,26.345,25.7175,26.345,58710460
1620394200,26.075,26.8575,25.98,26.815,63196234
1620653400,27.15,27.57,26.805,26.825,68998000
1620739800,26.265,26.64105,25.905,26.135,113531824
1620826200,26.27,27.035,26.14,26.26,82195522
1620912600,25.945,26.425,25.59,25.94,79698130
1620999000,26.225,26.845,26.225,26.745,57183664
1621258200,26.65,27.375,26.61,27.365,67404126
1621344600,27.325,27.4225,26.68,26.73,70435364
1621431000,26.105,26.36,25.7,26.065,87969634
1621517400,26.055,26.145,25.655,26.025,56522656
1621603800,26.285,26.4675,26.06,26.08,50539780
1621863000,26.26,26.4,25.96595,26.34,48020388
1621949400,26.275,26.345,25.765,25.805,48558506
1622035800,25.83,26.1275,25.71,26.035,39554484
1622122200,26.14,26.375,25.91,26.055,39053534
1622208600,26.2,26.235,25.965,26.105,37130984
1622554200,26.62,27.16875,26.605,27.11,72570296
1622640600,27.275,27.745,26.955,27.615,67893446
1622727000,27.5,27.845,27.325,27.69,58761658
1622813400,27.87,27.99,27.4625,27.875,52658810
1623072600,27.87,28.04,27.715,27.755,40070388
1623159000,27.66,28.045,27.33,27.995,57553000
1623245400,28.075,28.195,27.805,27.82,56052238
1623331800,28.195,28.325,27.49,27.785,57353898
1623418200,27.885,28.04,27.655,27.69,38091492
1623677400,27.79,27.96,27.34525,27.57,37745092
1623763800,27.745,28.1675,27.675,28.095,64285030
1623850200,28.05,28.2725,27.7,27.945,60786332
1623936600,27.875,28.11,26.63,26.995,106941862
1624023000,26.43,26.765,26.175,26.195,113812230
1624282200,26.145,27.0825,26.145,27.035,84366758
1624368600,26.97,27.32,26.675,27.215,48344336
1624455000,27.465,27.775,27.24,27.29,40552972
1624541400,27.415,27.545,27.15,27.525,41756796
1624627800,27.6,27.685,27.4425,27.67,38329940
1624887000,27.55,27.565,26.625,26.735,65702894
1624973400,26.895,27.045,26.57,26.605,31910954
1625059800,26.685,27.0142,26.66,26.935,47034048
1625146200,27.55,27.635,27.15,27.405,47251654
1625232600,27.29,27.435,27.055,27.345,30471892
1625578200,27.255,27.305,26.345,26.455,68446244
1625664600,26.415,26.66,25.735,26.025,60823864
1625751000,25.565,26.1175,25.475,25.875,49379766
1625837400,26.207,26.445,25.9,26.425,51206070
1626096600,26.125,26.5425,25.94,26.385,41353056
1626183000,26.255,26.42,26.03,26.185,49786808
1626269400,26.265,26.57,25.305,25.405,66999392
1626355800,25.13,25.435,24.93,25.05,59670802
1626442200,25.24,25.25,24.2925,24.34,74253792
1626701400,23.51,23.815,23.15,23.48,114994818
1626787800,23.48995,24.045,23.29,23.795,83342046
1626874200,24.265,24.825,24.21,24.625,82042644
1626960600,24.6,24.6,24.14,24.35,47270056
1627047000,24.43,24.44,24.015,24.26,46951882
1627306200,24.32,24.96,24.275,24.86,47266206
1627392600,24.665,24.705,24.34,24.63,46888364
1627479000,24.695,25.06,24.47,24.855,39169282
1627565400,25.175,25.285,24.94505,25.095,43794020
1627651800,25.045,25.15,24.545,24.695,49600682
1627911000,24.71,25.31,24.47,24.51,57810800
1627997400,24.43,24.98,24.2,24.93,64302090
1628083800,24.48,24.7825,24.2175,24.255,64523830
1628170200,24.405,24.83095,24.3,24.53,45799988
1628256600,24.74,24.95,24.62,24.755,36214760
1628515800,24.425,24.6,24.24,24.405,42193414
1628602200,24.535,24.9,24.505,24.835,53283072
1628688600,24.77,25.0725,24.615,25.03,47686154
1628775000,25.01,25.145,24.7,25.005,36538108
1628861400,25.02,25.02,24.65,24.71,33050722
1629120600,24.375,24.385,24.04,24.255,48259822
1629207000,24.02,24.395,23.79,24.005,51108212
1629293400,24,24.1875,23.47505,23.505,56305768
1629379800,23.1,23.25,22.57,22.895,99256258
1629466200,22.685,23.0875,22.585,22.945,61587550
1629725400,23.5,23.87,23.45,23.805,58704418
1629811800,24.005,24.3225,23.965,24.2,45382120
1629898200,24.15,24.5175,23.99,24.385,39817548
1629984600,24.245,24.38,23.975,24.015,41465332
1630071000,24.315,24.82,24.26,24.655,46202652
1630330200,24.75,24.845,24.355,24.365,31817772
1630416600,24.245,24.465,24.14,24.2,53873174
1630503000,24.175,24.315,23.755,23.845,63459834
1630589400,24.065,24.645,24.065,24.45,61643296
1630675800,24.4,24.58,24.1952,24.31,39167966
1631021400,24.195,24.4975,24.075,24.165,42481600
1631107800,24.3,24.46,23.84,23.855,43798304
1631194200,23.695,24.28,23.5675,23.905,50529514
1631280600,24.275,24.325,23.82,23.895,37513086
1631539800,24.205,24.74525,24.205,24.58,68499668
1631626200,24.8,24.8445,24.1175,24.225,58935752
1631712600,24.57,25.15,24.53,25.13,76694958
1631799000,25.105,25.11,24.7075,24.845,60643718
1631885400,24.72,25.11,24.5955,24.66,64459050
1632144600,23.775,23.905,23.235,23.62,85660022
1632231000,23.9,24.025,23.425,23.675,51323494
1632317400,24.075,24.69,24.075,24.405,79252130
1632403800,24.54,25.335,24.425,25.26,49734294
1632490200,25.125,25.58,25.075,25.45,55503052
1632749400,26.01,26.46,25.975,26.355,81697368
1632835800,26.605,26.915,26.385,26.445,132975298
1632922200,26.42,26.61,26.095,26.445,69894356
1633008600,26.37,26.515,26.045,26.045,89198830
1633095000,26.235,26.945,26.235,26.92,83312010
1633354200,27.2075,27.6575,27.0825,27.36,114815774
1633440600,27.75,28.025,27.2325,27.52,98029614
1633527000,27.065,27.3775,26.75,27.23,100174864
1633613400,27.3,27.59,27.165,27.44,77596150
1633699800,27.73,28.35,27.665,28.285,86200426
1633959000,28.71,28.795,28.1525,28.18,86021498
1634045400,28.125,28.476,28.0105,28.205,71038262
1634131800,28,28.325,27.685,28.18,57902530
1634218200,28.5,28.645,28.24,28.525,46792224
1634304600,28.845,28.955,28.65,28.665,45354828
1634563800,28.945,29.105,28.525,28.685,65257544
1634650200,28.805,29.11,28.6475,29.01,44552506
1634736600,28.79,29.25,28.675,29.245,50212514
1634823000,29.02,29.125,28.47005,28.705,64241756
1634909400,28.81,28.9975,28.5375,28.975,43005068
1635168600,29.33,29.56,29.175,29.4,50112180
1635255000,29.5,29.705,29.3898,29.57,45503180
1635341400,29.25,29.41,28.655,28.72,68007568
1635427800,28.565,28.9475,28.56,28.925,46735006
1635514200,29.07,29.135,28.615,28.735,43997858
1635773400,29.02,29.31,28.94,29.23,49656732
1635859800,29.06,29.285,28.86,28.955,34125396
1635946200,28.605,29.015,28.485,28.715,46674716
1636032600,29.14,29.215,28.495,28.755,76363220
1636119000,29.15,29.26,28.8875,29.13,45207026
1636381800,29.375,29.7,29.2325,29.395,40022316
1636468200,29.43,29.5225,29.01,29.515,39377974
1636554600,29.39,29.485,28.5625,28.735,72032914
1636641000,28.755,29.04,28.755,28.845,48996570
1636727400,28.725,28.89,28.6,28.775,34189972
1636986600,28.75,29.1825,28.505,29.015,42751312
1637073000,29.1,29.295,28.92,29.06,40958830
1637159400,28.775,29.19,28.515,28.615,47338978
1637245800,28.55,28.7725,28.1,28.445,57910922
1637332200,27.83,27.905,27.275,27.335,91379624
1637591400,27.295,28.24,27.29,27.82,67794658
1637677800,28.185,28.77,28.16,28.675,67727298
1637764200,28.525,29.12,28.48625,28.955,42868648
1637937000,27.52,27.88,27.07,27.79,89454462
1638196200,28.395,28.68,27.86,27.95,70882440
1638282600,27.425,27.84,27.16,27.295,92523934
1638369000,27.935,28.19,26.99,27.005,89599352
1638455400,27.02,27.89,26.7,27.79,100743820
1638541800,28.165,28.29,27.305,27.57,75880224
1638801000,27.995,28.31,27.65,27.98,63939094
1638887400,28.37,28.905,28.335,28.635,73686692
1638973800,28.795,28.935,28.57,28.63,47029972
1639060200,28.45,28.525,28.235,28.41,46798814
1639146600,28.715,28.735,28.11005,28.62,39051252
1639405800,28.365,28.45,27.69,27.825,57207936
1639492200,27.655,28.1351,27.615,27.71,57597698
1639578600,27.67,27.7375,26.96,27.575,67716182
1639665000,27.815,28.3175,27.705,27.75,53731808
1639751400,27.55,27.675,26.94,27.185,69669148
1640010600,26.115,26.525,25.83,26.505,72661586
1640097000,26.775,27.3575,26.765,27.26,50319372
1640183400,27.29,27.62,26.96,27.435,42206152
1640269800,27.555,27.83,27.44,27.45,33370552
1640615400,27.36,28.075,27.13,28.05,43484312
1640701800,28.12,28.304,27.875,28.03,35881466
1640788200,27.985,28.12,27.715,27.85,30218132
1640874600,27.86,28.08,27.655,27.68,27179974
1640961000,27.61,27.8925,27.565,27.75,26482352
1641220200,27.79,28.655,27.775,28.61,65054282
1641306600,29,29.715,28.905,29.6,79957594
1641393000,29.89,30.22,29.55,29.595,90804032
1641479400,30.29,30.4225,29.83,30.255,74681346
1641565800,30.37,30.75,30.16,30.67,71169174
1641825000,30.74,30.8,30.1753,30.575,66472964
1641911400,30.84,31.67,30.58005,31.615,76887740
1641997800,31.785,31.8675,31.445,31.675,60496700
1642084200,31.675,31.93,31.385,31.515,59553976
1642170600,31.545,32.3075,31.525,32.255,64800942
1642516200,32.6,32.765,31.89,32.385,82182330
1642602600,32.635,32.67,31.895,32.15,65978056
1642689000,31.94,32.71,31.79,31.855,83980804
1642775400,31.495,31.695,30.8925,31.225,114539554
1643034600,30.485,31.545,29.92,31.435,124589282
1643121000,31.315,32.775,30.735,32.655,118434422
1643207400,33,33.265,32.245,32.6,130725472
1643293800,33.175,33.53,32.41,32.955,108901374
1643380200,32.735,33.135,32.13,32.815,105302396
1643639400,32.74,33.17,32.22,32.96,63298364
1643725800,32.765,34.215,32.69,34.135,90444642
1643812200,33.96,34.31,33.54,34.245,65197066
1643898600,34.105,34.175,33.55005,33.92,61962548
1643985000,34.35,35,34.27,34.45,81733448
1644244200,34.285,35.215,34.025,34.89,65164916
1644330600,34.785,34.855,33.9,34.14,75764248
1644417000,34.22,34.69,34.135,34.425,70791430
1644503400,34.255,34.87,33.985,34.21,75643242
1644589800,34.44,35.25,34.225,35.205,93034010
1644849000,34.99,35.02995,33.965,34.375,99632990
1644935400,33.53,34.095,33.34,34.015,86144792
1645021800,34.285,34.885,34.08,34.29,73444218
1645108200,34.26,34.5925,33.97015,34.235,67622854
1645194600,33.75,34.295,33.695,34.025,63291540
1645540200,35.055,35.055,32.97,33.475,93002732
1645626600,33.67,34.08,33.475,33.82,67957960
1645713000,34.54,34.58,32.6805,33.555,123485862
1645799400,33.63,34.475,33.63,34.44,78422926
1646058600,34.195,35.33,34.005,35.29,96394266
1646145000,35.605,36.245,35.145,35.645,124230926
1646231400,36.19,36.7501,36.015,36.46,90908202
1646317800,36.105,36.8095,36.03,36.56,89119750
1646404200,36.555,37.635,36.46,37.615,105251786
1646663400,38.005,38.78,37.3175,38.17,131214722
1646749800,39.04,40.11,37.665,38.77,196054362
1646836200,37.35,38.47,36.75,37.585,174036486
1646922600,38.03,38.8325,37.76,38.735,137802688
1647009000,38.115,38.905,38.055,38.425,91837728
1647264600,37.605,37.87,36.775,37.275,101490026
1647351000,35.83,36.325,35.22,35.91,124724392
1647437400,36.045,36.36,35.37,35.745,107536128
1647523800,36.38,37.0675,36.15445,36.975,76956306
1647610200,36.91,37.19,36.66045,36.94,58550774
1647869400,37.33,38.185,37.31,38.065,68714852
1647955800,37.905,38.115,37.355,37.785,66462108
1648042200,38.495,38.79,38.31,38.435,58663058
1648128600,38.58,38.91,38.2725,38.53,52700568
1648215000,38.3,39.425,38.2675,39.375,56099242
1648474200,38.565,38.58,38.1525,38.4,69760376
1648560600,37.54,38.32,37.095,38.3,73273936
1648647000,38.67,39.02,38.42855,38.745,49736468
1648733400,38.38,39.105,38.215,38.22,65606588
1648819800,38.17,38.8875,38.145,38.53,49612582
1649079000,38.78,38.905,38.17,38.58,46007338
1649165400,38.65,39.245,37.93,37.975,54577118
1649251800,38.39,38.735,37.9875,38.2,64328372
1649338200,38.38,38.83,37.67,38.7,54097386
1649424600,38.805,39.875,38.805,39.765,53426102
1649683800,39.34,39.35,38.4825,38.57,52460990
1649770200,39.35,39.925,39.1325,39.21,63929422
1649856600,39.69,39.905,39.035,39.795,49295884
1649943000,39.605,40.24,39.545,39.925,51869432
1650288600,40.255,40.75,40.005,40.51,60913130
1650375000,40.3,40.695,39.945,40.18,45727852
1650461400,40.285,40.55,39.896,40.335,52079312
1650547800,40.575,40.755,38.905,39.055,65157706
1650634200,38.9,39.4575,38.0825,38.1,71499274
1650893400,36.9,37.0375,35.5,36.84,110724394
1650979800,37.115,37.9,36.795,36.89,89168692
1651066200,37.125,37.795,36.46,37.43,89132514
1651152600,37.68,38.88,36.94,38.565,87469696
1651239000,38.65,38.87,37.44,37.575,79416240
1651498200,37.345,38.19,37.23,38.175,104141240
1651584600,38.245,39.425,38.22,39.245,83298872
1651671000,40,40.9575,39.49,40.875,90767456
1651757400,41.165,41.205,39.4375,40.26,93193918
1651843800,40.78,41.46495,39.9625,41.46,94245648
1652103000,40.57,40.605,37.875,38.03,106043914
1652189400,38.615,39.345,37.565,38.375,113727804
1652275800,39.015,40.165,38.825,38.89,99705084
1652362200,38.875,39.075,37.83995,39.055,90043536
1652448600,39.635,40.55,39.565,40.39,59437392
1652707800,40.535,41.88,40.51,41.455,56518794
1652794200,42.015,42.1892,41.56,41.935,56329300
1652880600,42.235,42.285,40.3675,40.86,66461372
1652967000,39.93,41.395,39.93,40.71,71441008
1653053400,41.21,41.69585,40.065,40.885,63839996
1653312600,41.37,42.11,41.1125,41.965,53289344
1653399000,41.5,42.3,41.18,42.125,53127676
1653485400,42.27,43.055,42.21,42.995,52647994
1653571800,43.255,43.7925,43.22505,43.47,42678290
1653658200,43.275,44.385,43.17,44.265,37334494
1654003800,44.995,45.23,43.365,43.6,78681152
1654090200,44.15,44.6325,43.665,44.31,59297158
1654176600,44,44.48,43.7312,44.17,52605446
1654263000,44.225,44.895,44.175,44.755,41050668
1654522200,44.97,45,44.465,44.705,33384622
1654608600,44.675,46.1,44.64,46.04,51378748
1654695000,46.265,46.655,45.85525,46.14,56985362
1654781400,45.745,46.035,45.07,45.12,49176284
1654867800,44.6,45.27,43.8419,44.355,62543526
1655127000,43.01,43.055,41.205,42.04,89462692
1655213400,42.885,43.435,41.57,42.12,69512818
1655299800,42.025,42.235,40.495,41.19,86446300
1655386200,40.095,40.3125,38.535,38.87,115958294
1655472600,38.6,38.885,36.2975,36.745,128468376
1655818200,37.305,38.48,37.24,38.22,70013492
1655904600,36.38,37.335,36.1775,36.69,82425234
1655991000,36.865,37.13,34.735,35.33,113842296
1656077400,35.935,36.555,35.415,35.795,94797014
1656336600,36.21,37.0975,36.165,36.845,67958802
1656423000,37.72,38.45,37.27,37.84,79600802
1656509400,38.365,38.495,36.42215,36.525,71183918
1656595800,35.74,36.6825,35.435,35.755,75533476
1656682200,36.19,36.445,35.065,36.29,69203978
1657027800,35.54,35.7075,34.095,34.85,89865882
1657114200,34.475,35.095,33.225,34.255,96419010
1657200600,35.185,35.77,35.1,35.49,67587122
1657287000,35.92,36.07,34.97995,35.475,43940628
1657546200,35.03,35.43,34.665,35.135,45508232
1657632600,34.215,34.6525,33.83,34.45,64690296
1657719000,33.95,35.115,33.95,34.395,58978078
1657805400,33.19,33.785,32.74,33.745,73273542
1657891800,34.48,34.515,33.785,34.295,59920502
1658151000,35.21,35.66,34.915,35.08,51453524
1658237400,35.03,36.25,35.02,36.16,48776352
1658323800,35.76,36.675,35.61,36.51,41849412
1658410200,35.51,35.905,34.83,35.87,43159174
1658496600,36.01,36.365,35.3675,35.575,40836330
1658755800,36.065,36.915,35.635,36.88,39112000
1658842200,37.32,37.4825,36.2975,36.545,37228740
1658928600,36.78,37.5565,36.405,37.37,44810696
1659015000,37.705,37.9625,36.885,37.58,46665340
1659101400,38.265,39.33,38.19,39.21,51667628
1659360600,38.54,38.6375,37.885,38.4,51331008
1659447000,38.405,38.695,37.97,38.31,39864346
1659533400,38.4725,38.585,36.98,37.21,57013146
1659619800,36.955,37.06,35.695,35.83,55991004
1659706200,35.345,36.855,35.345,36.54,45179530
1659965400,36.5,37.06,36.445,36.73,37765300
1660051800,37.25,37.85,37.185,37.375,34683094
1660138200,37.46,37.8575,36.72,37.645,34788334
1660224600,38.35,39.27,38.2355,38.94,60531552
1660311000,38.685,39.255,38.52,39.235,38380936
1660570200,37.815,38.68,37.47,38.47,42024418
1660656600,38.525,38.93,38.1375,38.38,39357556
1660743000,38.205,39.1,38.105,38.7,45472328
1660829400,39.13,39.78,39.06,39.74,46865948
1660915800,39.64,40.00305,39.41,39.73,39488454
1661175000,39.39,39.9,38.74,39.655,45696134
1661261400,40.305,41.395,40.275,41.085,54367024
1661347800,41.09,41.6475,40.905,41.59,49093204
1661434200,41.83,42.1175,41.505,41.91,39798554
1661520600,41.825,42.28,41.235,41.42,38635108
1661779800,41.4,42.59,41.295,42.045,52125050
1661866200,41.325,41.335,40.285,40.62,57641710
1661952600,39.615,40.92,39.47,40.25,58304512
1662039000,39.655,39.805,38.71,39.26,56604190
1662125400,40.225,40.51,39.765,39.98,57188168
1662471000,40.355,40.49,39.445,39.61,45568264
1662557400,38.745,39.32,38.39,39.15,60541332
1662643800,39.325,39.515,38.845,39.32,53681520
1662730200,40.025,40.495,39.7275,40.3,38678760
1662989400,40.89,41.485,40.54,41.04,41731812
1663075800,40.4,41.09,39.825,40.005,61146076
1663162200,40.38,41.425,40.38,41.135,54384298
1663248600,40.405,40.575,39.8775,40.075,55886300
1663335000,39.95,39.98,38.65,39.22,70403672
1663594200,37.73,38.845,37.64,38.82,37625850
1663680600,38.55,38.7725,38.095,38.55,42299684
1663767000,39.275,39.33005,37.97,37.985,68705864
1663853400,38.675,38.8,37.82,37.85,57748066
1663939800,36.38,36.45,34.97,35.24,105475630
1664199000,35.02,35.46,34.33,34.375,72159632
1664285400,34.97,35.405,34.565,34.76,67671102
1664371800,35.11,36.4975,34.9,36.3,63147502
1664458200,36.035,36.375,35.4,36.3,48562994
1664544600,36.01,36.51,35.66,36.01,43369402
1664803800,37.305,38.245,37.245,38.045,69550622
1664890200,38.815,39.715,38.51,39.68,66330858
1664976600,39.665,40.815,39.325,40.5,61273694
1665063000,40.17,41.345,40.14,41.22,52670230
1665149400,41.305,41.77,40.605,40.9,56915316
1665408600,41.06,41.41,39.93,40.06,46331686
1665495000,39.31,40.425,39.145,39.74,53842208
1665581400,39.48,40.3375,39.22,40.06,41102426
1665667800,39.535,41.855,39.525,41.695,70134842
1665754200,41.24,41.83505,40.06,40.14,53510612
1666013400,40.77,41.31,40.525,40.64,37988382
1666099800,40.975,41.375,40.205,40.995,50375814
1666186200,41.115,42.36,41.1,42.205,62527548
1666272600,42.525,42.915,41.9906,42.245,50523692
1666359000,42.48,43.55,42.37,43.465,50548364
1666618200,43.44,43.975,43.205,43.67,44992078
1666704600,43.5,43.915,43.265,43.715,37683652
1666791000,43.88,44.66,43.85,44.31,45412924
1666877400,44.92,45.22,44.335,44.47,50021284
1666963800,44.95,45.315,43.825,44.625,49327928
1667223000,44.185,45.59,44.135,45,59520866
1667309400,45.755,45.77495,45.16,45.435,43510860
1667395800,45.29,45.525,44.235,44.34,56499130
1667482200,44.07,45.4125,43.945,45.16,53634490
1667568600,46.165,46.51,45.07,45.71,60590614
1667831400,45.805,46.64,45.725,46.495,38775438
1667917800,46.405,46.74,45.9675,46.54,43718506
1668004200,45.91,46.055,44.165,44.265,63027912
1668090600,45.18,45.3,44.25,45.25,58488214
1668177000,46.115,46.805,46.005,46.565,51082578
1668436200,46.43,47.355,46.425,46.55,46245280
1668522600,46.725,47.16,46.42,47.04,51542152
1668609000,46.62,46.905,45.84,46.08,47277206
1668695400,45.375,46.22,45.14,46.18,42859808
1668781800,45.325,45.94,44.75505,45.815,47366110
1669041000,44.82,45.31495,43.6425,45.195,85153544
1669127400,45.76,46.715,45.55,46.61,53754914
1669213800,45.765,46.3975,45.595,46.105,41197300
1669386600,46.135,46.46,45.855,45.935,15182622
1669645800,44.81,45.375,44.5252,44.675,58300488
1669732200,45.17,45.615,45.005,45.35,38048386
1669818600,45.855,45.945,44.8575,45.575,43830254
1669905000,45.895,46.125,45.27,45.425,38902038
1669991400,45.11,45.68955,44.89,45.155,36769930
1670250600,45.6,45.78,43.44,43.815,51753838
1670337000,43.54,44.065,42.365,42.66,64930220
1670423400,42.65,43.20995,42.185,42.56,48894176
1670509800,43.515,43.61,42.1325,42.37,51280724
1670596200,42.235,42.7,41.325,41.34,48097886
1670855400,41.575,42.525,41.4125,42.425,42184848
1670941800,43.25,43.59,42.8875,43.23,54557376
1671028200,43.525,43.68,42.58,42.965,52675510
1671114600,42.59,42.805,41.98,42.705,40415090
1671201000,41.9,42.38,41.605,42.18,59101050
1671460200,42.19,42.325,41.44,41.745,36836610
1671546600,41.875,42.645,41.7125,42.375,28593014
1671633000,43.24,43.375,42.605,43.18,34058226
1671719400,43.225,43.25,41.34,42.185,37359328
1671805800,42.745,43.54,42.525,43.53,29629920
1672151400,43.72,44.18,43.56,43.995,32749278
1672237800,43.935,43.935,42.875,43.01,31837948
1672324200,42.83,43.655,42.81,43.46,26915814
1672410600,43.23,43.82,43.225,43.735,22661828
1672756200,43.46,43.68,41.675,42.2,53082832
1672842600,41.575,42.44005,41.415,42.195,45705150
1672929000,42.125,43.2,42.005,42.965,38723704
1673015400,43.52,44.315,43.41,43.78,44422378
1673274600,44.44,44.51,43.4825,43.625,46003220
1673361000,43.91,44.025,43.245,43.935,31599002
1673447400,44.32,44.43,43.5925,44.07,32902984
1673533800,44.335,45.2,44.25,44.91,36716070
1673620200,44.875,45.08265,44.4,44.975,31808318
1673965800,45.08,45.54,44.885,45.07,33933198
1674052200,45.28,45.785,44.2,44.245,38075292
1674138600,43.99,44.975,43.895,44.795,34293724
1674225000,44.89,45.395,44.435,45.24,28560060
1674484200,45.57,45.795,45.155,45.3,29305088
1674570600,45.15,45.23,44.23,45.125,29772888
1674657000,44.905,45.13,44.19,45.13,26861234
1674743400,45.86,46.575,45.3,46.555,36663010
1674829800,46.305,46.535,45.54,45.615,34841082
1675089000,45.285,45.35,44.5075,44.57,27524908
1675175400,44.42,45.0325,43.965,44.965,27848274
1675261800,44.755,44.945,43.5,44.08,46967192
1675348200,43.91,43.995,42.6,43.075,49803012
1675434600,43.255,43.955,42.935,42.98,45454818
1675693800,43.02,43.345,42.2575,42.785,31714340
1675780200,43.055,44.24,42.83,44.175,41014032
1675866600,44.14,44.365,43.5275,43.78,26967160
1675953000,43.785,43.925,43.3725,43.405,32150312
1676039400,44.125,45.195,44.085,45.105,40003254
1676298600,44.875,45.1625,44.41,44.99,24744892
1676385000,44.635,45.3325,44.51,45.005,27022610
1676471400,44.5,44.595,43.675,44.24,31944246
1676557800,44,44.3775,43.76,43.805,25314174
1676644200,43.125,43.155,42.06,42.245,44680468
1676989800,42.06,42.52,41.955,42.035,33622558
1677076200,41.92,42.315,41.395,41.755,40270426
1677162600,42.385,42.63,41.8475,42.385,35023348
1677249000,41.76,42.39,41.52,42.33,37496776
1677508200,42.415,42.63855,42.105,42.455,30676382
1677594600,42.885,42.9,41.81,41.845,38007640
1677681000,41.88,42.885,41.725,42.67,37093936
1677767400,42.595,43.205,42.46,43.045,32804974
1677853800,42.53,43.845,42.5,43.63,50675196
1678113000,43.39,43.72,43.2125,43.65,33898314
1678199400,43.39,43.50045,42.7775,42.89,37000358
1678285800,42.7,43.245,42.04155,42.45,39399034
1678372200,42.695,43.295,41.8375,41.85,37888112
1678458600,41.85,42.44,41.075,41.315,56625542
1678714200,40.26,41.1975,39.555,40.475,83326902
1678800600,40.47,41.785,40.1525,40.875,61066380
1678887000,39.375,39.675,38.1175,38.68,115347020
1678973400,37.83,39.2,37.6775,39.1,88806096
1679059800,38.875,39.1975,38.17,38.485,67352164
1679319000,38.05,39.1,38.05,38.85,52288920
1679405400,39.65,40.3175,39.53,40.195,59712458
1679491800,40.22,40.405,39.31,39.34,49209392
1679578200,39.555,39.8975,38.42,38.795,49486222
1679664600,38.025,39.0975,37.9025,38.945,41299218
1679923800,39.355,40,39.04,39.775,40223852
1680010200,39.55,40.565,39.535,40.39,32596708
1680096600,40.79,40.9925,40.525,40.95,36204548
1680183000,41.29,41.35,40.89,41.13,27460800
1680269400,41.235,41.4825,41.0825,41.415,32294654
1680528600,43.16,43.57,42.935,43.29,62452248
1680615000,43.42,43.475,42.125,42.505,49362974
1680701400,42.61,43.145,42.255,43.145,40552268
1680787800,43.08,43.12405,42.4025,42.49,33378540
1681133400,42.65,43.32,42.65,42.83,26977294
1681219800,43.07,43.505,42.82495,43.235,25575160
1681306200,43.535,43.625,43.135,43.265,33334356
1681392600,43.2,43.645,43.095,43.535,31384524
1681479000,43.595,43.8694,43.36,43.615,23560158
1681738200,43.47,43.65,42.95,43.1,23761986
1681824600,43,43.38,42.785,43.27,24493518
1681911000,42.88,43.155,42.645,43.12,34246140
1681997400,42.52,42.75,42.22,42.74,30396240
1682083800,42.895,42.915,42.3,42.49,33757564
1682343000,42.355,43.34,42.34,43.14,25251834
1682429400,42.72,42.795,42.08,42.33,30665212
1682515800,42.03,42.42,41.51,41.765,40070022
1682602200,41.74,42.02,41.345,41.915,34114686
1682688600,41.765,42.795,41.62,42.565,38228540
1682947800,42.03,42.54,41.8622,42.085,27821372
1683034200,41.58,41.645,39.87,40.255,67647972
1683120600,39.74,40.205,39.48,39.495,59367546
1683207000,39.51,39.91,38.93585,39.055,52860960
1683293400,40.135,40.43,39.895,40.115,39073304
1683552600,40.7,40.875,40.11,40.115,32711898
1683639000,39.8,40.51,39.7125,40.13,41421242
1683725400,40.33,40.41,39.375,39.675,36052000
1683811800,39.115,39.405,38.9,39.2,38168274
1683898200,39.395,39.65995,38.97505,39.26,37913270
1684157400,39.405,39.685,39.095,39.46,32544556
1684243800,39.275,39.445,38.4325,38.49,44521718
1684330200,38.885,39.44,38.6,39.23,46200666
1684416600,38.995,39.5625,38.75,39.515,33154252
1684503000,39.88,40.13,39.595,39.82,36122188
1684762200,39.67,40.059,39.595,39.655,26943532
1684848600,40.035,40.535,39.9275,40.08,42803744
1684935000,40.395,40.565,39.915,40.255,33474290
1685021400,39.675,39.76,39.17,39.54,38250904
1685107800,39.78,39.89,39.18,39.385,28785746
1685453400,38.7,39.025,38.55,38.98,40331610
1685539800,38.37,38.665,38.165,38.295,44797624
1685626200,38.385,39.205,38.125,38.77,51623680
1685712600,39.495,40.14,39.225,39.95,55278778
1685971800,40.5325,40.56,39.615,39.685,43507754
1686058200,39.16,40.04,39.12,40.005,34750720
1686144600,40.2,41.115,40.175,41.065,60654274
1686231000,41.12,41.2575,40.21,40.89,46162274
1686317400,40.87,41.07,40.555,40.665,38388122
1686576600,40.055,40.68,40,40.275,36392260
1686663000,40.72,41.2575,40.445,40.465,40136424
1686749400,40.865,41.045,39.75,40.05,47605372
1686835800,40.12,40.795,40.11,40.49,46777078
1686922200,40.64,40.755,40.3125,40.43,47461764
1687267800,39.81,39.8525,38.885,39.18,42567320
1687354200,39.02,39.8225,38.96,39.49,34473740
1687440600,39.13,39.175,38.815,38.96,33510762
1687527000,38.54,38.7825,38.3605,38.68,34905112
1687786200,38.75,39.595,38.66,39.375,32488608
1687872600,39.335,39.635,39.105,39.465,28388388
1687959000,39.425,39.915,39.075,39.865,32903260
1688045400,40.015,40.325,39.8,40.325,28435784
1688131800,40.6,40.79,40.3,40.585,35970586
1688391000,40.685,40.985,40.53,40.68,19539782
1688563800,40.85,40.8575,40.225,40.455,32560684
1688650200,40.015,40.295,39.2425,39.545,41967770
1688736600,39.35,40.7675,39.32,40.395,48916054
1688995800,40.29,40.79,40.26,40.71,30925020
1689082200,40.895,41.67,40.815,41.605,39642046
1689168600,41.945,42.225,41.73,41.99,43077518
1689255000,41.99,42.2475,41.44,41.83,53226474
1689341400,41.56,41.6,40.625,40.725,43988176
1689600600,40.58,40.82,40.46,40.645,32464618
1689687000,40.55,41.4775,40.485,41.055,43214582
1689773400,41.055,41.575,40.965,41.295,37520964
1689859800,41.635,41.865,41.43,41.78,35449808
1689946200,41.935,42.17,41.665,42.15,31529010
1690205400,42.365,43.14,42.35,42.83,44539606
1690291800,42.81,43.305,42.55,43.055,33606524
1690378200,42.7,43.24,42.64,43.07,32788010
1690464600,43.305,43.48,42.675,42.795,35550606
1690551000,42.765,42.9325,42.3,42.925,34636576
1690810200,43.3,43.865,43.175,43.74,36266478
1690896600,43.565,43.66,43.06705,43.535,35809282
1690983000,43.24,43.46,42.6,42.965,45923034
1691069400,43.08,43.79,42.845,43.4,41633966
1691155800,43.71,44.12,43.41,43.46,43208298
1691415000,43.705,43.795,43.38215,43.51,26821530
1691501400,42.805,43.7425,42.4825,43.725,37237116
1691587800,44.15,44.68,43.875,44.275,52085610
1691674200,44.34,44.845,43.97,44.27,39226504
1691760600,44.25,45,44.24,44.95,46689206
1692019800,44.825,44.945,44.46,44.76,30189466
1692106200,44.45,44.5,43.75,43.83,44982466
1692192600,43.875,44.35,43.42,43.45,37995458
1692279000,44.06,44.57,43.905,43.97,40464298
1692365400,43.715,44.46,43.575,44.405,35307296
1692624600,44.585,44.765,43.8191,44.125,30488472
1692711000,44.18,44.335,43.7575,43.785,25739472
1692797400,43.31,43.71495,42.935,43.675,38798566
1692883800,43.28,43.835,43.25,43.375,33455026
1692970200,43.635,44.015,43.255,43.795,38036814
1693229400,43.91,44.42,43.8344,44.09,25718194
1693315800,44.25,44.255,43.77,44.21,27019324
1693402200,44.41,44.51,44.235,44.43,27890124
1693488600,44.595,44.67,44.14,44.46,29617384
1693575000,44.95,45.4175,44.94,45.37,35764160
1693920600,45.625,46.075,45.58,45.61,48737396
1694007000,45.52,45.875,45.295,45.63,40324290
1694093400,45.72,45.9525,45.5044,45.585,30729144
1694179800,45.8,46.355,45.775,46.025,34751722
1694439000,46.36,46.5,45.235,45.42,44094996
1694525400,45.91,46.54,45.825,46.49,53599346
1694611800,46.535,46.63,45.9,46.14,36315372
1694698200,46.62,46.8425,46.48,46.68,37099808
1694784600,46.25,46.705,46.005,46.005,49612742
1695043800,46.14,46.275,45.7165,46.055,33746652
1695130200,46.4,46.465,45.355,45.625,36271806
1695216600,45.4,45.915,45.17,45.2,35941990
1695303000,45.51,45.615,44.505,44.58,43446210
1695389400,44.915,45.215,44.6125,44.655,42072052
1695648600,44.535,45.285,44.535,45.215,35073760
1695735000,44.825,45.225,44.755,44.955,33459962
1695821400,45.515,46.205,45.3125,46.075,46289416
1695907800,45.875,46.3925,45.77,46.125,48462748
1695994200,46.055,46.235,45.0225,45.195,48369140
1696253400,45.135,45.255,43.99,44.295,50599806
1696339800,44.19,44.35,43.83,44.265,41466566
1696426200,43.605,43.68,42.455,42.875,59572318
1696512600,42.26,42.985,42.26,42.61,47036926
1696599000,42.61,43.255,42.13005,42.865,51481094
1696858200,44.015,44.48,43.7006,44.295,61489052
1696944600,44.335,44.6425,44.085,44.35,41700506
1697031000,43.895,43.94,43.2769,43.78,47145322
1697117400,44.245,44.285,43.62625,43.83,39986446
1697203800,44.545,45.01,44.355,44.795,48532252
1697463000,45.085,45.2275,44.665,45.095,38365272
1697549400,44.995,45.705,44.9275,45.565,40423918
1697635800,45.75,46.17,45.645,45.98,47616772
1697722200,45.82,46.28,45.385,45.9,63297064
1697808600,45.82,45.99,44.9725,45.13,46549554
1698067800,44.87,44.875,44.195,44.4,51888136
1698154200,44.51,44.545,43.76,43.775,44271596
1698240600,43.805,44.03,43.475,43.695,41412648
1698327000,43.295,43.555,42.9226,43.355,44770332
1698413400,43.31,43.4725,42.17,42.315,53809426
1698672600,42.465,42.77,42.045,42.455,45530672
1698759000,42.505,42.685,42.08,42.595,37205698
1698845400,42.865,43.095,42.435,42.495,46082504
1698931800,42.6,43.82,42.355,43.78,45322982
1699018200,43.7,43.8375,43.075,43.34,47235004
1699281000,43.685,43.685,42.725,42.85,41035394
1699367400,42.29,42.365,41.7125,41.9,47550296
1699453800,41.74,42.015,41.35795,41.375,50742002
1699540200,41.68,41.775,41.225,41.25,38232248
1699626600,41.715,41.805,41.31,41.705,34583566
1699885800,41.77,42.09,41.64,42.005,28447368
1699972200,42.165,42.4975,42.095,42.38,34723982
1700058600,42.315,42.8332,42.24,42.3,33043526
1700145000,41.9,42.06,41.0525,41.475,53165916
1700231400,41.83,42.625,41.73,42.345,48859340
1700490600,42.52,42.76995,42.39505,42.405,29098976
1700577000,42.205,42.385,41.907,42.31,26973776
1700663400,41.465,42.325,41.23,42.29,36550238
1700836200,42.275,42.78,42.25,42.465,19152594
1701095400,42.245,42.39,41.92,42.315,24501810
1701181800,42.4,42.715,42.245,42.325,28921796
1701268200,42.59,42.6425,41.8725,42.01,45267980
1701354600,42.37,42.895,41.785,42.29,58364580
1701441000,42.24,43.0125,42.05,42.51,43047940
1701700200,42.2,42.58,42.005,42.315,37070282
1701786600,42.29,42.37,41.55,41.575,37747152
1701873000,41.305,41.595,40.795,40.955,62306596
1701959400,41.145,41.3475,40.5275,40.675,40908824
1702045800,40.945,41.24,40.8625,41.115,34127256
1702305000,41.15,41.3,40.96,41.165,29344128
1702391400,40.785,40.83,40.37,40.6,45386686
1702477800,40.625,41.1775,40.435,41.165,46445638
1702564200,41.58,42.43,41.58,42.375,60717378
1702650600,41.995,42.23,41.8,42.15,46366366
1702909800,42.49,42.705,42.05,42.09,42447132
1702996200,42.17,42.64,42.075,42.595,36862452
1703082600,42.745,42.995,42.15,42.2,39818174
1703169000,42.285,42.43,41.9675,42.365,26062878
1703255400,42.67,42.8575,42.4225,42.49,25038248
1703601000,42.85,43.0825,42.72,42.855,25983454
1703687400,42.855,43,42.51,42.665,20238192
1703773800,42.445,42.6075,42,42.015,26198098
1703860200,42.16,42.2,41.795,41.92,24345460
1704205800,42.215,42.76,42.155,42.37,39301790
1704292200,42.435,43.2125,42.22,43.06,37935998
1704378600,43.37,43.555,42.28,42.305,42049032
1704465000,42.71,42.73,42.1441,42.34,34029298
1704724200,41.62,41.9,41.05125,41.85,47218684
1704810600,41.905,41.95,41.0875,41.18,33750456
1704897000,41.26,41.27525,40.61,40.775,33159758
1704983400,40.995,41.1,40.715,40.88,38588570
1705069800,41.51,41.6725,41.09,41.34,38769190
1705415400,41.25,41.305,40.33,40.355,36031252
1705501800,39.94,40.42,39.85,40.02,39284270
1705588200,40.03,40.065,39.49115,39.955,35705594
1705674600,39.935,40.09,39.795,40.085,39940210
1705933800,40,40.3225,39.74,40.235,30136726
1706020200,40.17,40.645,40.11,40.32,24709224
1706106600,40.53,40.915,40.34,40.895,33840970
1706193000,41.185,41.83,40.94,41.815,37609386
1706279400,41.77,42.14,41.4625,42.125,36469526
1706538600,42.06,42.125,41.625,42.065,29680630
1706625000,41.65,42.51,41.49,42.5,35341118
1706711400,42.5,42.58,41.685,41.705,38580744
1706797800,41.955,42.15,41.315,41.7,51101376
1706884200,42.05,42.09,41.41,41.76,38075024
1707143400,41.505,41.9025,41.2025,41.655,31593614
1707229800,41.86,42.2,41.615,41.79,28056298
1707316200,41.91,42.0875,41.535,41.875,26920456
1707402600,41.85,42.46,41.84,42.305,36201078
1707489000,42.385,42.565,41.61,41.655,38073338
1707748200,41.8,42.235,41.8,42.115,25893854
1707834600,42.155,42.3,41.4175,41.69,41156814
1707921000,41.995,42.1225,41.43,41.65,40894572
1708007400,41.64,42.928,41.605,42.81,43364426
1708093800,42.985,43.12495,42.66,42.785,26960766
1708439400,42.83,42.855,42.34,42.395,28995576
1708525800,42.575,43.23,42.545,43.19,28756630
1708612200,42.915,43.445,42.71,43.265,35206832
1708698600,42.845,43.1175,42.57,42.98,28952394
1708957800,42.93,43.4125,42.715,43.13,23376344
1709044200,43.17,43.355,42.725,42.945,26317368
1709130600,43,43.325,42.69,42.86,26679624
1709217000,42.95,43.21,42.8275,43.07,27335314
1709303400,43.38,43.77,43.305,43.57,32459688
1709562600,43.545,43.66,43.0625,43.105,33198046
1709649000,43.04,43.705,42.985,43.425,32174252
1709735400,43.79,44.02,43.465,43.56,28008764
1709821800,43.62,44.175,43.585,43.93,24569196
1709908200,43.87,44.095,43.76,44.085,28251986
1710163800,44.095,44.555,43.765,44.54,24983720
1710250200,44.535,44.6575,44.2325,44.47,23780904
1710336600,44.935,45.425,44.86,45.18,42725190
1710423000,45.36,45.665,45.185,45.645,35946028
1710509400,45.61,46.11,45.505,45.78,37753366
1710768600,45.595,45.73,45.215,45.57,30496710
1710855000,45.565,46.1248,45.535,46.09,28545786
1710941400,45.825,46.19,45.755,46.025,32659336
1711027800,46.105,46.395,45.96,46.3,23334194
1711114200,46.32,46.435,46.08675,46.2,17948808
1711373400,46.36,46.94,46.35,46.63,35074380
1711459800,46.675,46.78,46.18,46.27,35373850
1711546200,46.17,46.71,46.09,46.7,33960082
1711632600,46.975,47.29,46.74785,47.205,34615140
1711978200,47.345,47.695,46.87815,47.555,42899028
1712064600,47.76,48.27,47.55,48.22,38671198
1712151000,48.4,48.6151,48.24245,48.55,29148862
1712237400,48.625,48.7975,48.33,48.52,36941290
1712323800,48.72,49.23335,48.425,49.04,31194538
1712583000,49.065,49.205,48.6425,48.73,34034558
1712669400,48.94,49.07,48.39,48.745,35333104
1712755800,48.61,49.075,48.4,48.895,39199650
1712842200,49.05,49.07,48.1675,48.86,39204692
1712928600,49.17,49.485,47.835,48.065,46572430
1713187800,48.295,48.525,47.555,47.615,48690726
1713274200,47.525,47.745,46.865,47.2,36497618
1713360600,47.1,47.57,46.73,47.065,27420914
1713447000,47.225,47.36,46.755,46.92,25555648
1713533400,47.01,47.805,46.94,47.485,35451440
1713792600,47.235,48.12,46.86,47.795,30244332
1713879000,47.575,48.06,47.345,48.06,28657490
1713965400,47.76,48.15,47.53,48.095,21303784
1714051800,48.04,48.46,47.625,48.315,26500194
1714138200,47.88,48.0575,47.38,47.87,32366598
1714397400,47.73,48.3,47.7,48.195,22236328
1714483800,48,48.0825,46.7375,46.76,35398934
1714570200,46.695,46.845,45.765,46.015,50943700
1714656600,46.325,46.595,46.06,46.28,34616794
1714743000,46.32,46.37,45.6725,46.285,38087736
1715002200,46.43,47.1175,46.43,46.65,33445506
1715088600,46.715,46.95,46.59,46.605,20942292
1715175000,46.335,46.7725,46.265,46.55,19811882
1715261400,46.6,47.175,46.6,47.175,22489492
1715347800,47.275,47.43,46.79,46.915,20568410
1715607000,47.025,47.2,46.59,46.79,20978056
1715693400,46.7,46.885,46.51,46.85,24353552
1715779800,46.75,47.04,46.06,46.955,38792236
1715866200,46.85,47.19,46.7,46.825,24580136
1715952600,46.91,47.5525,46.895,47.48,29001582
1716211800,47.5,47.605,47.0525,47.17,20134668
1716298200,47.05,47.4325,46.905,46.94,22467678
1716384600,46.75,46.77,45.855,46.04,34867966
1716471000,46.27,46.43,45.54,45.62,26931380
1716557400,45.975,46.0949,45.555,45.685,19041398
1716903000,45.845,46.275,45.7275,46.155,28904122
1716989400,46.025,46.065,45.135,45.34,30053556
1717075800,45.24,45.635,45.225,45.47,22732776
1717162200,45.55,46.63305,45.5048,46.6,32503704
1717421400,46.445,46.46,45.045,45.38,40796588
1717507800,44.91,44.985,44.35,44.945,34721410
1717594200,45,45.07,44.665,44.94,21040150
1717680600,44.785,45.19,44.6133,45.175,25506506
1717767000,45.09,45.5175,44.775,44.995,20089778
1718026200,45.165,45.605,44.995,45.335,22548382
1718112600,45.135,45.295,44.72,45.245,18591126
1718199000,45.62,45.635,44.53555,44.76,32560574
1718285400,44.64,44.765,44.1225,44.35,28495640
1718371800,44.3,44.35,43.835,44.02,25811336
1718631000,43.96,44.3325,43.8,44.135,29562294
1718717400,44.42,44.88,44.209,44.32,29285780
1718890200,44.45,45.365,44.31,45.135,34073852
1718976600,45.255,45.38,44.81,44.875,39986358
1719235800,44.765,45.8125,44.69,45.64,31188222
1719322200,45.6,45.75,45.35,45.745,27670260
1719408600,45.795,45.795,45.0775,45.295,23127398
1719495000,45.535,45.585,45.145,45.4,15631574
1719581400,45.75,45.91,45.41,45.575,25670032
1719840600,45.94,46.09,45.33,45.6,24563286
1719927000,46.04,46.05,45.275,45.565,25226770
1720013400,45.605,45.975,45.525,45.765,16280094
1720186200,45.675,45.71,44.85,45.05,23450492
1720445400,44.725,45.19,44.5975,44.775,19595012
1720531800,44.33,44.87,44.2,44.38,19091194
1720618200,44.33,44.695,44.195,44.68,19320756
1720704600,44.565,45.2375,44.41,45.145,22689674
1720791000,45.4,45.465,44.925,45.26,18117240
1721050200,45.58,46.36,45.405,45.945,30791946
1721136600,45.75,46.19355,45.515,46.15,24129334
1721223000,46.255,46.91,46.245,46.61,29435350
1721309400,46.56,47.255,46.395,46.695,32867664
1721395800,46.62,46.94,46.065,46.185,26500272
1721655000,45.94,46.16,45.6325,45.895,21527512
1721741400,45.765,45.805,45.1075,45.165,33103796
1721827800,45.285,45.575,44.8575,45.17,29328500
1721914200,45.2,46.095,44.985,45.95,36437404
1722000600,45.83,46.2875,45.6657,46.095,23730772
1722259800,46.1,46.135,45.2675,45.7,27156520
1722346200,45.695,46.555,45.64085,46.41,25673202
1722432600,47.04,47.07,46.57,46.605,36173750
1722519000,46.5,46.735,45.135,45.37,42558498
1722605400,44.85,45.095,43.755,44.2,45836208
1722864600,43.25,43.59,42.735,43.225,50039100
1722951000,43.385,43.98,43.215,43.49,31418598
1723037400,44.02,44.47,43.64,43.665,26125948
1723123800,43.79,44.665,43.79,44.605,21596840
1723210200,44.54,44.895,44.255,44.705,22345572
1723469400,44.965,45.2125,43.75,44.925,28785872
1723555800,44.585,44.625,44.27,44.49,31386390
1723642200,44.575,44.9475,44.4,44.75,21657604
1723728600,45.005,45.43,44.965,45.285,18335210
1723815000,45.005,45.345,44.97,45.235,17753042
1724074200,45.31,45.925,45.31,45.54,21762686
1724160600,45.44,45.48,44.32,44.34,33866474
1724247000,44.62,44.8425,44.2875,44.415,22737732
1724333400,44.445,44.73,44.355,44.53,19595436
1724419800,44.74,45.27,44.685,45.195,20734626
1724679000,45.695,45.9975,45.265,45.6,19514760
1724765400,45.6,45.725,45.095,45.175,16627126
1724851800,44.9,45.1625,44.68685,44.885,17049002
1724938200,45.15,45.64,44.725,45.47,22499056
1725024600,45.01,45.655,44.905,45.64,28085268
1725370200,44.895,44.96345,44.2225,44.505,38194160
1725456600,44.55,44.835,43.8025,43.89,30113984
1725543000,44.205,44.24,43.51,43.55,24991290
1725629400,43.645,43.91,42.83,43.005,35912028
1725888600,43.135,43.715,43.07,43.315,32824322
1725975000,43.38,43.435,42.205,42.57,49326820
1726061400,42.565,42.585,41.51,42.175,48125724
1726147800,42.34,42.7175,42.025,42.555,31769226
1726234200,42.77,43.115,42.67,42.795,26195462
1726493400,43.155,43.555,42.96,43.285,26875438
1726579800,43.3,43.9,43.205,43.87,25034684
1726666200,43.805,44.495,43.745,43.955,28209578
1726752600,44.7,44.9775,44.235,44.48,37806716
1726839000,44.295,44.485,43.8875,44.38,27961604
1727098200,44.1,44.7775,43.9475,44.56,26630108
1727184600,45.07,45.07,44.3874,44.45,34627308
1727271000,44.335,44.47,43.49,43.58,27633552
1727357400,42.715,43.2875,42.585,42.725,46896314
1727443800,42.955,43.6575,42.93,43.595,30489512
1727703000,43.515,43.9775,43.2625,43.9,22809424
1727789400,43.505,45.08,43.45,44.9,66114108
1727875800,45.53,45.645,44.855,45.36,41925142
1727962200,45.52,46.22,45.175,46.16,44726052
1728048600,46.55,46.7325,46.125,46.59,35955784
1728307800,46.755,47.105,46.6,46.755,32519412
1728394200,46.15,46.2,45.315,45.535,39759882
1728480600,45.195,45.93,45.105,45.81,31519582
1728567000,46.065,46.375,45.73,46.12,26047398
1728653400,46.105,46.57,46.015,46.405,26414500
1728912600,46.08,46.46,46.01,46.385,22198514
1728999000,45.15,45.45,44.865,44.89,37839152
1729085400,45.145,45.2525,44.9825,45.105,19877098
1729171800,45.1,45.47,45.05,45.32,21433300
1729258200,45.235,45.365,44.85,45.17,24015182
1729517400,45.47,45.615,44.955,45.035,21162084
1729603800,45.2,45.35,44.975,45.14,17956470
1729690200,45.015,45.1875,44.645,44.905,19813274
1729776600,45,45.135,44.6,44.9,17047212
1729863000,45.14,45.26,44.755,44.885,19104512
1730122200,43.93,44.6275,43.89,44.6,24227926
1730208600,44.5,44.535,43.825,43.92,23791564
1730295000,44.075,44.365,43.905,44.02,19364152
1730381400,44.3,44.63,44.1775,44.295,31623212
1730467800,44.895,45.055,43.925,44.015,26304584
1730730600,44.315,44.855,44.255,44.785,25811882
1730817000,45.005,45.1975,44.805,45.085,20876666
1730903400,46.325,47.1325,46.02495,46.78,50053266
1730989800,46.75,46.75,46.21,46.565,26138004
1731076200,46.57,46.9425,46.385,46.875,22336820
1731335400,46.885,47.2975,46.665,47.14,20909486
1731421800,47.275,47.42375,46.83995,46.89,18500350
1731508200,47.03,47.4475,46.465,47.255,23676238
1731594600,47.57,47.59,47.1325,47.435,18011072
1731681000,47.39,47.845,47.195,47.365,28080492
1731940200,47.74,48.09,47.53,47.995,25235560
1732026600,47.61,47.97505,47.4625,47.69,23796418
1732113000,47.865,48.205,47.715,48.17,17917576
1732199400,48.39,48.925,48.27,48.56,33541028
1732285800,48.495,48.96,48.45,48.635,21555650
1732545000,48.625,48.87,47.5575,47.675,32950682
1732631400,47.74,47.84,47.39,47.61,24932738
1732717800,47.565,47.965,47.5,47.56,15596444
1732890600,47.665,47.845,47.58,47.765,13636374
1733149800,47.75,47.83,46.835,47.26,22189956
1733236200,47.565,47.65,47.05035,47.255,17886554
1733322600,47.235,47.235,45.84,46.115,32518052
1733409000,46.285,46.6,46.10185,46.295,22662402
1733495400,46.2,46.205,45.4225,45.51,26206628
1733754600,45.89,46.1325,45.395,45.435,23627798
1733841000,45.695,45.76,45.06,45.125,23299828
1733927400,45.22,45.37,44.98,45.2,23147502
1734013800,45.12,45.2,44.79,44.835,21746294
1734100200,44.945,44.96,44.485,44.61,22346060
1734359400,44.485,44.485,43.595,43.63,25036152
1734445800,43.3,43.385,42.9,43.305,32011674
1734532200,43.185,43.39,42.025,42.025,39241224
1734618600,42.47,42.605,41.63,41.66,49988450
1734705000,41.655,42.215,41.5451,42.07,35704810
1734964200,41.655,42.105,41.375,41.965,34445364
1735050600,42.085,42.4,41.80955,42.32,15024184
1735223400,42.335,42.3575,42.025,42.285,15386454
1735309800,42.25,42.74,42.0675,42.28,20369700
1735569000,42.285,42.515,41.925,42.275,23545302
1735655400,42.375,42.95,42.2875,42.83,21165070
1735828200,43.18,43.6475,43.0375,43.33,34887070
1735914600,43.585,43.88155,43.41,43.735,22124068
1736173800,43.935,44.285,43.4225,43.535,22835288
1736260200,43.855,44.305,43.59,43.97,25035776
1736346600,43.7,44.035,43.545,44.015,28483866
1736519400,44.585,45.1,43.96,44.195,34075792
1736778600,44.395,45.3875,44.395,45.125,48896172
1736865000,45.045,45.64995,44.9775,45.61,31173006
1736951400,45.89,46.4025,45.7,46.285,34657892
1737037800,46.13,46.6625,46.075,46.62,25230602
1737124200,46.62,47.145,46.455,46.98,23899650
1737469800,46.86,47,46.495,46.74,49302056
1737556200,46.595,46.65,45.86,45.89,35880258
1737642600,46.24,46.40995,45.7725,46.1,29359132
1737729000,46.165,46.3525,45.5975,45.655,29156796
1737988200,45.5,45.58,44.865,45.18,31993400
1738074600,45.315,45.475,44.525,44.75,37401748
1738161000,44.64,45.0775,44.575,44.85,20681758
1738247400,45.125,45.315,44.8,45.08,39092542
1738333800,44.955,45.055,43.715,43.82,44540036
1738593000,43.815,44.2725,43.415,44.095,39816454
1738679400,43.89,45.115,43.815,45.02,40279818
1738765800,45.005,45.1775,44.7525,45.115,21771998
1738852200,45.32,45.43,44.045,44.285,41309624
1738938600,44.45,44.6825,44.22,44.28,22568414
1739197800,44.675,45.33,44.675,45.255,25871356
1739284200,45.47,45.925,45.18,45.62,26226818
1739370600,45.245,45.555,44.4375,44.52,38798774
1739457000,44.45,44.955,44.16,44.855,31550918
1739543400,45.025,45.6625,45.025,45.035,25886492
1739889000,45.25,45.95,44.99,45.65,29574750
1739975400,45.84,46.44,45.8125,46.01,24531244
1740061800,45.915,46.5075,45.72,46.43,28332290
1740148200,46.15,46.275,45.4375,45.465,31276604
1740407400,45.545,45.71905,45.2325,45.475,26295264
1740493800,45.465,45.675,44.4525,44.82,26608672
1740580200,44.875,44.9925,44.3575,44.565,24305696
1740666600,44.875,45.3525,44.49,44.805,30048002
1740753000,44.66,45.535,44.38,45.5,26627104
1741012200,45.675,45.93625,43.505,43.91,49501752
1741098600,43.265,44.19,42.715,43.485,50677032
1741185000,42.855,43.0725,42.0125,42.85,56510824
1741271400,42.645,43.2425,42.31,42.98,47104294
1741357800,43.175,44.0297,43.175,43.715,44849130
1741613400,43.9525,44.645,43.63,44.04,40045348
1741699800,44.22,44.41,43.455,43.69,30230208
1741786200,43.72,44.2925,43.5525,43.89,32240470
1741872600,43.735,44.365,43.325,43.59,30742034
1741959000,43.83,44.94,43.63,44.88,32023138
1742218200,44.845,45.805,44.845,45.595,29761584
1742304600,45.85,45.9525,45.31,45.67,30806524
1742391000,45.73,46.62,45.72,46.415,31742590
1742477400,46.16,46.74,45.965,46.585,33163598
1742563800,46.43,46.54,45.9675,46.26,36975532
1742823000,46.11,46.6975,46.035,46.425,23824528
1742909400,46.63,47.02,46.475,46.615,22292004
1742995800,47.05,47.41,46.7725,46.89,25571668
1743082200,46.75,46.925,46.2488,46.435,19147728
1743168600,46.41,46.585,45.9825,46.215,22248740
1743427800,46.115,47,46.05,46.725,28813730
1743514200,46.75,47.0425,46.245,47,27121216
1743600600,46.6,47.105,46.49,47.065,33960598
1743687000,44.825,45.17,43.355,43.37,75657844
1743773400,41.825,42.295,39.38,39.38,100751914
1744032600,38.105,40.79,37.49,39.125,113906712
1744119000,40.33,40.5375,37.61,38.22,90538470
1744205400,37.475,41.605,37.245,41.18,118962320
1744291800,40.11,40.11,37.74,38.49,79046518
1744378200,38.67,39.74,37.91,39.445,41916818
1744637400,40.38,40.38,39.19,39.585,32748178
1744723800,39.55,40.26,39.5025,39.525,22166906
1744810200,39.77,40.5225,39.67,39.85,27331426
1744896600,40.175,41.3775,40.155,40.75,47908786
1745242200,40.105,40.205,39.245,39.685,31011920
1745328600,40.2,40.995,40.025,40.695,22097338
1745415000,41.05,41.49,40.37,40.62,43216130
1745501400,41,41.39,40.645,41.27,21218990
1745587800,40.9,41.23,40.74,41.195,17664780
1745847000,41.15,41.5975,41.095,41.485,16436710
1745933400,41.02,41.515,40.94,41.365,19843316
1746019800,40.7,40.7575,39.7525,40.25,37814288
1746106200,39.92,40.93,39.92,40.4,36314420
1746192600,40.89,41.195,40.1575,40.99,32038804
1746451800,40.475,40.53,40.025,40.25,29530210
1746538200,40.43,40.61,40.035,40.26,22995462
1746624600,40.35,40.47765,39.97,40.275,22448240
1746711000,40.645,41.36,40.58,40.805,30565874
1746797400,41.3,41.4175,40.88,41.215,19993148
1747056600,42.74,42.935,41.98,42.29,32610056
1747143000,42.5,43.2225,42.33,42.885,29031568
1747229400,42.5975,42.79,42.46,42.625,21332654
1747315800,42.085,42.83,41.98,42.805,29721532
1747402200,42.9,42.925,42.3025,42.74,21725824
1747661400,42.385,42.43,41.8725,42.185,24787066
1747747800,42.155,42.25,41.755,41.795,22782142
1747834200,41.545,41.625,41.02,41.025,25698320
1747920600,40.81,41.0975,40.36,40.865,23732250
1748007000,40.505,41.0975,40.49,40.995,23510912
1748352600,41.28,41.415,40.975,41.35,19028072
1748439000,41.55,41.675,40.72,40.825,29552608
1748525400,40.89,41.13,40.63,41.13,23793426
1748611800,40.815,40.9775,40.4375,40.765,31038616
1748871000,41.53,41.585,40.825,41.3,32030982
1748957400,41.33,42.0475,40.94,41.79,30352648
1749043800,41.77,42.095,40.925,40.975,44939216
1749130200,41.28,41.3,40.83,40.935,27667328
1749216600,41.305,41.83,41.305,41.705,28556812
1749475800,41.87,42.22,41.5375,41.785,28680330
1749562200,42.23,42.805,42.21,42.53,46092238
1749648600,42.82,43.215,42.4,43.145,48996600
1749735000,42.945,43.3075,42.63,43.295,34028116
1749821400,44.105,44.285,43.475,44.05,84194742
1750080600,43.93,44.375,43.5875,43.92,69406614
1750167000,44.285,44.66,44.01,44.33,67884132
1750253400,44.49,44.715,43.94,44.04,70472920
1750426200,44.215,44.6125,44.085,44.49,56744750
1750685400,44.685,44.715,42.8275,43.015,105688294
1750771800,42.3875,42.9,42.2925,42.455,65358708
1750858200,42.405,42.5575,42.13,42.27,43723020
1750944600,42.365,42.96,42.26,42.875,33565614
1751031000,42.85,42.85,42.39505,42.65,35411732
1751290200,42.485,42.67,42.2775,42.405,26247518
1751376600,42.47,42.9275,42.0775,42.73,40772802
1751463000,43.09,43.535,42.615,43.465,42468858
1751549400,43.405,43.655,43.305,43.515,22266218
1751895000,43.25,43.48,42.65,43.095,35673204
1751981400,43.045,44.415,43.035,44.255,47472456
1752067800,44.145,44.32,43.9,44.03,28673156
1752154200,43.93,44.39,43.615,44.365,28824762
1752240600,44.29,44.72,44.155,44.565,30171552
1752499800,44.48,44.48,43.84,44.075,33441544
1752586200,43.99,44.18,43.385,43.44,33859576
1752672600,43.38,43.63,42.9075,43.065,35501652
1752759000,42.845,43.3925,42.74,43.33,36086420
1752845400,43.675,43.875,42.81,42.98,60975682
1753104600,43.01,43.085,42.4475,42.535,30434458
1753191000,42.485,42.97,42.4425,42.735,32444074
1753277400,42.91,43.43,42.8,43.405,28046082
1753363800,43.29,43.76965,43.095,43.715,24022142
1753450200,43.76,43.835,43.3225,43.55,20143134
1753709400,43.84,44.12,43.775,44.045,23705282
1753795800,44.115,44.49,43.97,44.475,24551960
1753882200,44.2,44.225,43.565,43.84,26552332
1753968600,43.38,44.1075,43.38,43.605,24960798
1754055000,43.44,43.595,42.56,42.795,42329366
1754314200,42.72,43.041,42.48,42.7,26509642
1754400600,42.69,42.8125,42.1725,42.755,31413606
1754487000,43.025,43.275,42.235,42.36,38249454
1754573400,42.61,43.085,42.14,42.195,35042056
1754659800,42.395,42.8525,42.18,42.465,40736226
1754919000,42.55,42.735,42.05,42.125,28828714
1755005400,42.21,42.7,42.085,42.33,34527022
1755091800,42.36,42.825,42.21,42.82,25601212
1755178200,42.79,42.8425,42.325,42.78,24944596
1755264600,42.8,43.2625,42.645,42.78,27297716
1755523800,42.555,42.725,42.28,42.525,26428444
1755610200,42.405,42.79,42.295,42.54,25693882
1755696600,42.61,43.07,42.57,42.895,27967210
1755783000,42.82,43.2825,42.705,43.19,22088028
1755869400,43.335,44.175,43.265,44.07,30936332
1756128600,43.96,44.24,43.815,44.185,23412822
1756215000,44.01,44.155,43.7025,44.115,22855500
1756301400,44.05,44.77,44,44.61,26877360
1756387800,44.625,45.015,44.33,44.95,24086284
1756474200,44.97,45.31,44.91,45.195,23744920
1756819800,45.075,45.34,44.735,45.26,25964440
1756906200,44.9,45.2725,44.095,44.245,36018148
1756992600,44.25,44.725,44.06,44.54,25895486
1757079000,44.175,44.32,43.4575,43.68,48182236
1757338200,43.825,44.015,43.1925,43.58,34931864
1757424600,43.815,44.4075,43.765,43.79,41193414
1757511000,43.89,44.5775,43.79,44.555,29932822
1757597400,44.2,44.66,44.065,44.565,25176854
1757683800,44.75,44.95,44.29,44.3,22298266
1757943000,44.385,44.5,44.075,44.15,23288564
1758029400,44.345,45.0275,44.335,44.89,41593456
1758115800,44.83,45.31,44.635,44.995,26044858
1758202200,45.035,45.125,44.515,44.855,28713048
1758288600,44.815,44.8475,44.105,44.26,29979134
1758547800,43.73,44.05,43.555,43.835,22502342
1758634200,44.01,45.07,44.01,44.59,44214788
1758720600,44.905,45.59,44.855,45.17,35406134
1758807000,45.165,45.6175,45.04,45.575,31887198
1758893400,45.65,46.455,45.64,45.995,40161680
1759152600,45.675,45.74,44.9125,45.15,37674482
1759239000,44.755,44.8475,44.32,44.67,47544756
1759325400,44.45,44.82,44.4,44.67,27661224
1759411800,44.57,44.965,44.1725,44.22,31793606
1759498200,44.445,44.715,44.39,44.455,24047956
1759757400,44.735,44.93,44.495,44.675,21488472
1759843800,44.6325,44.78,43.955,44.745,25324566
1759930200,44.745,44.745,44.1475,44.485,20024210
1760016600,44.58,44.96,43.8325,43.88,23397888
1760103000,43.555,43.775,42.595,42.61,44892248
1760362200,42.9325,43.245,42.795,43.19,22889576
1760448600,42.575,43.4275,42.52,43.185,25084586
1760535000,43.46,43.705,42.8375,43.16,24267072
1760621400,43.235,43.365,42.35,42.64,29193852
1760707800,42.82,43.08,42.645,42.99,24072064
1760967000,43.065,43.5425,43.065,43.445,25352354
1761053400,43.565,43.665,43.125,43.345,25885212
1761139800,43.635,44.09,43.27,43.9,32814074
1761226200,44.685,44.7775,44.215,44.485,47308840
1761312600,44.685,44.7,44.005,44.035,21190900
1761571800,44.175,44.32,43.94535,44.14,19597228
1761658200,43.975,44.115,43.655,43.68,22474500
1761744600,43.7275,44.23,43.64,44.005,26807882
1761831000,43.99,44.3099,43.6825,43.745,20663498
1761917400,43.85,44.3125,43.66,44.065,26985364
1762180200,44.075,44.19,43.565,44.07,22232654
1762266600,43.53,43.715,43.185,43.595,29477614
1762353000,43.6,44.195,43.5425,43.71,23857158
1762439400,43.775,44.55,43.775,44.135,32155414
1762525800,44.29,44.8725,44.1675,44.77,35458420
1762785000,44.885,45.28,44.3025,45.175,31264530
1762871400,45.445,46.085,45.41,45.765,38752756
1762957800,45.455,45.665,45.06,45.125,29863294
1763044200,45.27,45.65,45.0375,45.24,32243820
1763130600,45.48,46.11,44.9075,46.01,34179728
1763389800,45.955,45.97,44.99,45.17,37447338
1763476200,44.975,45.65,44.85,45.53,34839908
1763562600,44.725,45.0825,44.41,44.94,41062738
1763649000,45.17,45.7825,44.395,44.43,41630046
1763735400,44.505,44.905,44.035,44.71,39317220
1763994600,44.66,44.725,43.895,44.585,33681798
1764081000,44.235,44.48,43.9375,44.305,29298924
1764167400,44.295,44.9575,44.255,44.64,26611030
1764340200,44.665,45.4175,44.5975,45.225,16666626
1764599400,45.29,45.91,45.255,45.66,31150072
1764685800,45.59,45.59,44.8425,45.07,33304920
1764772200,45.375,45.995,45.31,45.915,30173970
1764858600,45.89,46.1825,45.755,46.11,23799698
1764945000,46.03,46.66,45.91,45.92,22164390
1765204200,45.66,45.92,45.27,45.42,27891927
1765290600,45.5,46.08,45.46,45.7,20917429
1765377000,45.84,46.265,45.625,46.18,26255067
1765463400,45.9,46.245,45.84,45.96,25827244
1765549800,46.045,46.235,45.39,45.51,33161151
1765809000,45.61,45.61,44.82,45.19,27521554
1765895400,44.83,44.85,43.77,43.81,49312410
1765981800,44.13,44.88,44.06,44.78,43375286
1766068200,44.65,44.71,43.98,44.13,29920197
1766154600,44.25,44.53,44.025,44.13,31959550
1766413800,44.14,44.485,44.09,44.21,23707420
1766500200,44.37,44.55,44.22,44.5,19137538
1766586600,44.415,44.555,44.31,44.37,11293864
1766759400,44.32,44.435,43.99,44.2,17884483
1767018600,44.51,44.74,44.29,44.62,31352054
1767105000,44.8,45.0884,44.8,44.96,18654743
1767191400,44.93,45.02,44.57,44.71,16965922
1767364200,44.72,45.7799,44.49,45.65,31935524
1767623400,47.16,47.32,45.75,46.89,94961037
1767709800,46.995,47.06,45.5313,45.64,69568225
1767796200,45.82,45.82,45.08,45.13,42739166
1767882600,45.32,46.85,45.22,46.55,51451021
1767969000,46.75,46.88,46.505,46.67,38839945
1768228200,46.75,46.805,46.1001,46.34,28264436
1768314600,46.73,47.39,46.68,47,50469235
1768401000,47.25,48.65,47.18,48.06,80750152
1768487400,47.63,48.07,47.27,47.61,49328793
1768573800,47.56,47.805,47.485,47.69,30796285
1768919400,48.09,48.31,47.5,47.6,50178699
1769005800,48.29,49.05,48.29,48.75,58996037
1769092200,48.62,49,48.42,48.91,50869509
1769178600,49.52,49.89,49.09,49.19,51431167
1769437800,49.865,49.89,48.95,49.22,40122625
1769524200,49.39,49.815,49.16,49.67,39840271
1769610600,49.97,50.14,49.56,50.05,41890386
1769697000,51.15,51.73,50.48,50.51,77520650
1769783400,50.36,51.085,49.875,51.05,74039404
1770042600,50.1,50.51,49.77,50.05,61479856
1770129000,50.24,51.78,50.02,51.67,83754106
1770215400,51.82,52.9599,51.82,52.83,78149891
1770301800,52.26,52.49,51.435,52.21,54235648
1770388200,52.5,53.415,52.36,53.25,41669571
1770647400,53.205,53.72,52.975,53.64,38798501
1770733800,53.77,53.79,53.24,53.58,32145991
1770820200,54.28,55.11,54.25,54.98,57349665
1770906600,54.94,55.24,53.76,53.98,67427841
1770993000,53.94,54.575,53.81,54.35,48392131
1771338600,54.56,54.905,53.18,53.75,50499593
1771425000,54.53,54.86,54.22,54.78,59196116
1771511400,55.46,55.88,54.925,55.18,62513522
1771597800,55,55.285,54.51,54.88,50833496
1771857000,55.035,55.93,54.865,55.15,44013472
1771943400,55.11,55.22,54.4,55.1,42921656
1772029800,55.3,55.37,54.185,54.87,36207494
1772116200,54.37,55.67,54.12,55.05,47033507
1772202600,55.64,56.15,54.925,55.92,59071460
1772461800,57.77,57.88,56.27,57.04,135633331
1772548200,57.385,57.72,56.05,56.52,154770813
1772634600,56.06,56.43,55.325,56.19,70732742
1772721000,56.53,57.06,56.08,56.48,85177811
1772807400,57.15,57.34,56.17,56.57,68219040
1773063000,56.84,57.15,55.94,56.32,88747415
1773149400,56.055,56.46,55.365,55.6,88817874
1773235800,55.63,57.04,55.54,56.98,48743711
1773322200,57.13,58.215,57.06,57.51,69358707
1773408600,57.5,57.93,57.1,57.7,43374633
1773667800,57.76,58.1,57.27,57.9,39474322
1773754200,58.23,59.05,57.98,58.51,40137744
1773840600,58.74,58.97,58.43,58.43,42908021
1773927000,58.87,59.72,58.52,59.36,69231382
1774013400,59.555,60.32,59.28,59.31,73003414
1774272600,57.89,59.84,57.66,59.63,71027210
1774359000,59.8,61.47,59.77,60.84,51207451
1774445400,60.32,61,60.26,60.57,42680736
1774531800,60.67,61.86,60.59,61.52,54967638
1774618200,61.53,62.79,61.26,62.56,59553212
1774877400,63.13,63.46,61.78,61.96,49750120
1774963800,62.04,62.83,60.035,61.26,94766929
1775050200,59.72,60.62,58.355,58.97,96652895
1775136600,60.53,61.01,58.98,59.25,60400533
1775482200,59.11,59.69,58.891,59.68,25474156
1775568600,59.81,60.77,59.79,60.16,38811700
1775655000,56.68,58.19,56.18,58.05,88023628
1775741400,58.2,59.02,57.11,57.33,55088507
1775827800,57.17,57.475,56.4,56.94,42561689
1776087000,57.615,57.72,56.645,57.11,43100868
1776173400,56.5,56.5,55.405,55.95,58830078
1776259800,55.6,56.21,55.27,55.76,39551489
1776346200,55.84,56.875,55.765,56.58,31282568
1776432600,54.41,55.16,53.41,55.02,90913253
1776691800,55.1,55.72,54.8,55.07,35150037
1776778200,55.32,55.96,54.92,55.87,41299833
1776864600,56.36,56.78,56.13,56.54,40565507
1776951000,56.89,57.19,56.465,56.98,34707172
1777037400,56.77,56.92,56.17,56.87,36426744
1777296600,57.1,57.68,56.63,56.77,33070604
1777383000,57.72,58.05,57.375,57.71,39151281
1777469400,58.28,59.11,58.06,59.03,40616692
1777555800,58.2,59.835,57.935,59.65,35896766
1777642200,59.06,59.6,58.26,58.85,35828435
1777901400,58.73,59.63,58.22,59.39,36882957
1777987800,59.23,59.76,58.89,59.45,27041418
1778074200,57.29,57.89,56.655,57,57907517
1778160600,55.87,56.15,55.13,55.95,52909857
1778247000,55.85,56.225,55.46,55.7,30573489
1778506200,56.26,57.22,56.24,57.17,31943312
1778592600,57.73,57.84,57.14,57.57,36814545
1778679000,57.47,57.71,56.96,57.63,22707191
1778765400,57.65,58.18,57.505,58.07,23486953
1778851800,58.7,59.47,58.475,59.44,33565457
1779111000,59.125,60.7,58.72,60.58,41516591
1779197400,60.81,61.49,60.295,61.29,31111027
1779283800,60.81,61.7,59.675,59.8,61776771
1779370200,60.48,60.59,58.715,59.13,45851129
1779456600,58.99,59.61,58.83,59.49,42428853
1779802200,58.87,59.57,57.835,57.85,38819875
1779888600,57.01,57.5,56.475,56.99,48329833
1779975000,57.55,57.68,56.68,56.95,46554064
1780061400,56.68,56.79,55.99,56.29,32389634
1780320600,57.025,57.81,56.85,57.3,55879350
1780407000,57.19,58.17,57.08,57.96,23842616
1780493400,58.24,59.375,58.01,58.71,46312795
1780579800,58.5,59.025,58.17,58.75,23916327
1780666200,58.665,58.78,57.63,57.67,28212971
1780925400,58.08,58.96,57.97,58.33,25717786
1781011800,58.08,58.21,56.81,57.39,46026298
1781098200,57.94,59.04,57.78,58.25,36515274
1781184600,58.775,58.99,57.055,57.12,40863527
1781271000,56.79,58.15,56.63,57.55,31964734
1781530200,55.2,56.05,55.02,55.55,44319055
1781616600,55,55.475,54.95,55.36,42008394
1781703000,55.26,55.36,54.54,54.67,38553036
1781789400,54.14,54.25,53.245,53.77,39645690
1782135000,53.53,54.13,53.165,54.06,30765618
1782221400,54.14,54.56,53.87,54.46,38690404
1782307800,53.5,53.765,52.94,53.57,43034611
1782394200,53.2,54.315,53,54.09,28238616
1782480600,54,54.15,53.675,53.84,19025239
1782739800,53.98,54.28,53.47,53.58,25142317
1782826200,53.62,54.115,53.08,53.11,28283952
1782912600,53.045,53.44,52.62,52.81,33662700
1782999000,53.24,53.65,52.91,53.22,28538218
1783344600,53.058,53.55,53,53.13,24735264
1783431000,53.61,54.82,53.6,54.64,41833647
1783517400,55.455,56.035,54.865,55.6,39741354
1783603800,55.28,55.48,54.73,54.82,21770724
1783690200,55.08,55.24,54.36,55.08,22974652
1783949400,55.86,56.97,55.86,56.74,41200899
1784035800,57,57.22,56.29,56.95,32578964
1784122200,56.94,57.04,55.76,56.5,33184198
1784208600,56.66,57.3,56.595,57.02,27476980
1784295000,57.95,58.115,57.28,57.68,31397793
1784554200,57.555,58.385,57.41,57.94,27329327
1784640600,58.16,58.53,57.83,58.5,20315679
1784727000,59.27,59.52,58.9,59.2,29548568
1784813400,60.244,60.3768,59.265,59.38,35838630
1784899800,59.4,60.45,59.4,59.62,34181899
1785159000,58.41,59.2799,58.23,58.36,33826362
1785245400,58.41,58.79,57.25,57.57,27800811
1785331800,59.08,59.3,58.42,58.65,34175576
1785418200,58.08,59.105,58.02,58.96,23045724
1785504600,58.93,59.685,58.32,59.55,23556477
1785763800,58.69,59.325,58.16,58.79,26038365
1785850200,57.7,58.72,57.13,58.52,37661542
1785936600,58.77,58.98,57.205,57.31,33213538
1786023000,58.39,58.56,57.58,58.16,25084278
1786109400,57.525,58.045,57.11,57.5,21092719
1786368600,58.19,60.21,58.1,60.18,33677848
1786455000,59.99,61.08,59.99,60.93,22400839
1786541400,60.47,61.17,60.335,61.03,22584153
1786627800,60.52,61.125,60.23,61.06,20703554
1786714200,61.37,62.11,61.25,61.91,22777742
1786973400,62.215,62.685,61.785,62.58,23550295
1787059800,63.41,63.71,63.115,63.68,27280522
1787146200,63.85,64.25,63.4,63.58,25537822
1787232600,64.25,64.7,63.69,63.75,24304126
1787319000,63.905,64.3,63.35,63.64,27798587
1787578200,63.24,63.72,62.56,63.11,23010358
1787664600,62.2,62.785,62.04,62.06,27426442
1787751000,61.43,63.02,61.31,62.43,24398571
1787837400,62.23,62.72,61.55,62.29,29603990
1787923800,62.35,62.74,62.118,62.68,20624540
1788183000,63.8,64.44,63.14,63.96,27148838
1788269400,64.87,64.95,64.05,64.77,33275948
1788355800,64.27,65.345,64.25,65.1,27401415
1788442200,65.12,65.52,64.5825,64.62,24079406
1788528600,64.04,64.33,63.375,64.06,26289553
1788874200,64.83,65.24,64.31,64.77,28088243
1788960600,65.56,65.915,65.01,65.31,25392376
1789047000,66.14,66.17,64.34,64.93,37212595
1789133400,64.89,65.725,64.71,65.14,30546274
