t,o,h,l,c,v
1412688600,18.79479,18.79479,18.518755,18.524113,63136876
1412775000,18.534992,18.875977,18.478161,18.875977,72370460
1412861400,18.85974,18.85974,18.457864,18.478161,110347320
1412947800,18.437568,18.648654,18.323906,18.332025,76270098
1413207000,18.340143,18.453805,18.153413,18.169651,70645381
1413293400,18.218363,18.388856,18.157473,18.242719,78120858
1413379800,17.982921,18.072226,17.495799,17.893615,134484384
1413466200,17.585104,18.031633,17.568867,17.893615,101456967
1413552600,18.129057,18.210244,17.999158,18.120938,65835431
1413811800,18.080345,18.242719,18.080345,18.226482,60970553
1413898200,18.388856,18.591823,18.340143,18.567467,63026041.99999999
1413984600,18.599942,18.616179,18.396974,18.396974,56914297
1414071000,18.60806,18.697366,18.543111,18.575586,99631113
1414157400,18.60806,18.762316,18.575586,18.754197,32789474
1414416600,18.689247,18.786672,18.656773,18.778553,27342033
1414503000,18.827265,18.989639,18.827265,18.981521,44630802
1414589400,19.013995,19.062708,18.884096,19.030233,55666834
1414675800,19.013995,19.226218,18.957165,19.135776,41943272
1414762200,19.354981,19.379337,19.269734,19.354981,46907541
1415025000,19.403693,19.476761,19.346862,19.428049,60927021
1415111400,19.354981,19.444286,19.281912,19.436168,36723140
1415197800,19.60666,19.60666,19.452405,19.566067,30330604
1415284200,19.533592,19.60666,19.476761,19.598542,33212121
1415370600,19.60666,19.655373,19.509236,19.60666,35480516
1415629800,19.60666,19.712204,19.582304,19.712204,37755619
1415716200,19.720322,19.73656,19.647254,19.647254,47726606
1415802600,19.582304,19.631017,19.532456,19.60666,23062172
1415889000,19.622898,19.663491,19.517355,19.598542,36154859
1415975400,19.590423,19.631017,19.509236,19.533592,14082099
1416234600,19.476761,19.557136,19.460524,19.533592,19919711
1416321000,19.525474,19.663491,19.517355,19.598542,15639320
1416407400,19.566067,19.590423,19.476761,19.557948,27180180
1416493800,19.460524,19.581087,19.428049,19.557948,19810539
1416580200,19.777153,19.777153,19.631017,19.655373,25124847
1416839400,19.720322,19.833984,19.712204,19.785272,23052015
1416925800,19.825865,19.825865,19.704085,19.769035,28881219
1417012200,19.769035,19.801509,19.744678,19.793391,10775673
1417185000,19.809628,19.898853,19.785272,19.809628,9627136
1417444200,19.704085,19.760916,19.622898,19.667551,33674075
1417530600,19.655373,19.874578,19.655373,19.854281,26783300
1417617000,19.874578,19.963883,19.833984,19.943587,17824939
1417703400,19.92329,19.996358,19.842103,19.972002,20937658
1417789800,20.077545,20.223682,20.053189,20.150613,37231776
1418049000,20.126257,20.353581,20.118139,20.248038,52947070
1418135400,19.988239,20.199326,19.931409,20.199326,55549628
1418221800,20.142495,20.207444,19.907052,19.939527,63746038
1418308200,19.996358,20.166851,19.955765,19.988239,71861757
1418394600,19.833984,19.955765,19.574186,19.598542,48349087
1418653800,19.712204,19.744678,19.322506,19.41993,45962830
1418740200,19.314387,19.622898,19.225082,19.2332,45524198
1418826600,19.322506,19.679729,19.281912,19.670798,53905036
1418913000,19.972002,20.142495,19.866459,20.126257,46211027
1418999400,20.085664,20.142495,19.972002,20.036952,49136332
1419258600,20.093783,20.17497,20.04507,20.17497,19486724
1419345000,20.248038,20.3617,20.207444,20.288631,22941862
1419431400,20.353581,20.353581,20.248038,20.256156,9779038
1419604200,20.321106,20.329225,20.248038,20.256156,18159649
1419863400,20.239919,20.410412,20.199326,20.329225,22139486
1419949800,20.29675,20.351308,20.239919,20.304869,20310383
1420036200,20.377937,20.394174,20.053189,20.077545,29887594
1420209000,20.183088,20.215563,19.92329,20.077545,40535352
1420468200,19.947646,19.988239,19.60666,19.655373,50800346.99999999
1420554600,19.655373,19.720322,19.265756,19.354981,57488207
1420641000,19.517355,19.60666,19.403693,19.557948,36308360
1420727400,19.785272,19.898934,19.744678,19.850221,38018313
1420813800,19.890815,19.894874,19.574186,19.582304,36321940
1421073000,19.582304,19.631017,19.3631,19.41993,38378949
1421159400,19.54983,19.679729,19.216963,19.354981,45812425.00000001
1421245800,19.04647,19.152013,18.827265,19.078945,71398029
1421332200,19.013995,19.11142,18.811028,18.843503,58072319.00000001
1421418600,18.79479,19.078945,18.721722,19.070826,89552476
1421764200,19.127657,19.200725,18.92469,18.989639,39354070
1421850600,18.981521,19.135695,18.85974,19.038351,49280533
1421937000,19.152013,19.533592,19.022114,19.509236,97402641.99999999
1422023400,19.492999,19.529533,19.29815,19.29815,34089410
1422282600,19.261616,19.403693,19.216963,19.395574,27604580
1422369000,19.127657,19.314387,19.11142,19.184488,35207499
1422455400,19.281912,19.281994,18.802909,18.835384,85456220
1422541800,18.811028,19.030233,18.73796,18.989639,50439151
1422628200,18.770434,18.989639,18.67301,18.681129,64569125
1422887400,18.729841,19.005877,18.583704,18.981521,63021994
1422973800,19.054589,19.314387,19.054589,19.29815,66194669
1423060200,19.257556,19.411731,19.216963,19.249438,37546024
1423146600,19.306269,19.474732,19.290031,19.444286,30281898
1423233000,19.622898,19.793391,19.54983,19.598542,83286430.99999999
1423492200,19.509236,19.598542,19.452405,19.501117,37376102
1423578600,19.647254,19.695966,19.510048,19.655373,39765631
1423665000,19.631017,19.7092,19.525474,19.655373,36102021
1423751400,19.687847,19.874578,19.647254,19.850221,40659172
1423837800,19.85834,19.915171,19.756856,19.833984,23283754
1424183400,19.801509,19.947646,19.785272,19.898934,17879719
1424269800,19.874578,19.874578,19.728441,19.777153,36409300
1424356200,19.728441,19.777153,19.647254,19.695966,21562939
1424442600,19.663491,19.874578,19.541711,19.842103,40229781
1424701800,19.817747,19.817747,19.687847,19.793391,23630570
1424788200,19.842103,19.955765,19.801509,19.890815,33978548
1424874600,19.874578,19.972002,19.866459,19.890815,32678598
1424961000,19.915171,19.92329,19.773094,19.842103,33500488
1425047400,19.817747,19.85834,19.753609,19.769035,28954822
1425306600,19.777153,19.931409,19.73656,19.915171,27153660
1425393000,19.85834,19.915171,19.760916,19.85834,31748090
1425479400,19.777153,19.801509,19.659432,19.73656,47713314
1425565800,19.769035,19.85834,19.704085,19.817747,25126824
1425652200,19.890815,20.020714,19.639135,19.67161,74391397
1425907800,19.687847,19.801509,19.679729,19.760916,26682631
1425994200,19.590423,19.598542,19.338743,19.338743,49679922.00000001
1426080600,19.395574,19.533592,19.371218,19.460524,36553161
1426167000,19.622898,19.898934,19.598542,19.882696,50448488
1426253400,19.833984,19.874578,19.631017,19.744678,40941701
1426512600,19.825865,20.004477,19.825865,19.988239,39700130
1426599000,19.92329,19.988239,19.80159,19.939527,22260322
1426685400,19.890815,20.114079,19.817747,20.053189,58949871
1426771800,20.053189,20.053189,19.777153,19.866459,42511724
1426858200,19.890815,20.077545,19.825865,20.061308,47478636.00000001
1427117400,20.020714,20.118139,19.947646,19.947646,26432574
1427203800,19.931409,19.931409,19.777153,19.785272,22629046
1427290200,19.809628,19.85834,19.468643,19.468643,40594688
1427376600,19.387456,19.541711,19.309029,19.452405,40262296
1427463000,19.452405,19.476761,19.354981,19.428049,30172006
1427722200,19.574186,19.760916,19.562008,19.712204,43447648
1427808600,19.614779,19.67161,19.534404,19.574186,26147559
1427895000,19.525474,19.627931,19.41993,19.557948,32842355
1427981400,19.509236,19.687847,19.509236,19.655373,26487748
1428327000,19.492999,19.73656,19.452405,19.687847,19443829
1428413400,19.728441,19.740619,19.582304,19.582304,22359667
1428499800,19.598542,19.73656,19.598542,19.655373,22791421
1428586200,19.622898,19.704085,19.54577,19.683788,25610772
1428672600,19.695966,19.728441,19.647254,19.679729,18175631
1428931800,19.647254,19.817747,19.631017,19.752797,38134961
1429018200,19.73656,19.801509,19.639135,19.752797,32518159
1429104600,19.793391,19.907052,19.744678,19.825865,45789164
1429191000,19.817747,19.92329,19.712204,19.854281,27855414
1429277400,19.760916,19.760916,19.517355,19.590423,49093703
1429536600,19.663491,19.744678,19.651313,19.67161,19111425
1429623000,19.744678,19.769035,19.557948,19.574186,26730491
1429709400,19.590423,19.756856,19.525474,19.712204,26527141
1429795800,19.679729,19.793391,19.647254,19.744678,26310142
1429882200,19.704085,19.73656,19.639135,19.712204,23044812
1430141400,19.73656,19.817747,19.60666,19.639135,29504134
1430227800,19.60666,19.752797,19.525474,19.752797,31767379
1430314200,19.639135,19.833984,19.557948,19.744678,49922908
1430400600,19.687847,19.793391,19.517355,19.590423,42863426.00000001
1430487000,19.695966,19.785272,19.67161,19.760916,22578835
1430746200,19.842103,19.963883,19.80703,19.955765,27384041
1430832600,19.898934,20.012595,19.760916,19.777153,37739803
1430919000,19.85834,19.890815,19.541711,19.679729,36647819
1431005400,19.598542,19.866459,19.598542,19.817747,39313984
1431091800,19.92329,20.101901,19.92329,20.101901,40738192
1431351000,20.101901,20.142495,19.996358,20.028833,38377262
1431437400,19.939527,20.004477,19.793391,19.955765,48789335
1431523800,19.955765,20.036952,19.91923,19.963883,29447644
1431610200,20.061308,20.150613,20.020714,20.142495,26460954
1431696600,20.150613,20.158732,19.988239,20.053189,28511756
1431955800,20.061308,20.183088,20.036952,20.166851,19853467
1432042200,20.207444,20.345462,20.191207,20.280513,32532239
1432128600,20.321106,20.329225,20.191207,20.223682,37372185
1432215000,20.183088,20.223682,20.154673,20.17497,23185766
1432301400,20.134376,20.2318,20.134376,20.183088,16241464
1432647000,20.150613,20.150613,19.939527,19.955765,54864464.99999999
1432733400,20.012595,20.199326,19.988239,20.17497,31792073
1432819800,20.126257,20.166851,20.028833,20.150613,21913446
1432906200,20.150613,20.150613,19.925725,19.972002,31540067
1433165400,20.077545,20.101901,19.931409,19.988239,23075794
1433251800,19.972002,20.093783,19.890815,20.020714,26442466
1433338200,20.093783,20.248038,20.053189,20.191207,40922565
1433424600,20.134376,20.179029,19.980121,20.012595,37493365
1433511000,20.158732,20.256156,20.069426,20.126257,52433750
1433770200,20.158732,20.183088,19.996358,20.004477,28288748
1433856600,20.020714,20.142495,19.939527,20.053189,31181331
1433943000,20.166851,20.410412,20.134376,20.337344,53999864
1434029400,20.426649,20.459124,20.345462,20.41853,60069525
1434115800,20.369818,20.410412,20.264275,20.329225,42231411
1434375000,20.199326,20.312987,20.113349,20.239919,40702591
1434461400,20.248038,20.369818,20.183088,20.353581,36249544
1434547800,20.41853,20.442887,20.280513,20.329225,55480808
1434634200,20.41853,20.54843,20.329225,20.515955,70177886
1434720600,20.369818,20.394174,20.085664,20.085664,47099121
1434979800,20.377937,20.475361,20.369818,20.394174,40702403
1435066200,20.451005,20.499718,20.402293,20.434768,33562044
1435152600,20.402293,20.434768,20.264275,20.264275,26556755
1435239000,20.321106,20.329225,20.126257,20.142495,43737251
1435325400,20.2318,20.264275,20.150613,20.207444,30755288
1435584600,19.988239,20.077545,19.712204,19.720322,52943521
1435671000,19.915171,19.963883,19.728441,19.793391,77428805
1435757400,20.101901,20.142495,19.972002,20.093783,52405881
1435843800,20.085664,20.134376,19.92329,20.004477,24095650
1436189400,19.777153,19.972002,19.752797,19.92329,33243447
1436275800,19.890815,19.98004,19.590423,19.963883,63114605
1436362200,19.695966,19.825865,19.582304,19.614779,56822784
1436448600,19.890815,19.92329,19.728441,19.769035,31255012
1436535000,20.04507,20.053189,19.915171,20.004477,36141849
1436794200,20.17497,20.248038,20.134376,20.248038,41215426
1436880600,20.183088,20.337344,20.143307,20.29675,27708267
1436967000,20.394174,20.499718,20.324678,20.467243,62197497
1437053400,20.621498,20.67021,20.597142,20.67021,39804812
1437139800,20.653973,20.678329,20.524074,20.613379,22299887
1437399000,20.67021,20.702685,20.580905,20.637735,25369004
1437485400,20.645854,20.727041,20.564667,20.613379,24404516
1437571800,20.621498,20.791991,20.597142,20.767635,36480543
1437658200,20.783872,20.800109,20.54843,20.589023,36583223
1437744600,20.564667,20.580905,20.3617,20.394174,32168535
1438003800,20.256156,20.300809,20.17497,20.248038,34825467
1438090200,20.410412,20.410412,20.199407,20.329225,29694687
1438176600,20.394174,20.540392,20.345462,20.532192,33110892
1438263000,20.499718,20.54843,20.41853,20.532192,20610101
1438349400,20.507836,20.556548,20.410412,20.467243,24151742
1438608600,20.467243,20.491599,20.304869,20.442887,42050362
1438695000,20.459124,20.515955,20.380129,20.410412,30696662
1438781400,20.54843,20.613379,20.434768,20.491599,24786160
1438867800,20.507836,20.540311,20.345462,20.41853,23935484
1438954200,20.402293,20.48348,20.288631,20.459124,30691892
1439213400,20.597142,20.662092,20.540311,20.653973,30183582
1439299800,20.459124,20.532192,20.386056,20.467243,65486675
1439386200,20.29675,20.312987,19.972002,20.280513,77554875
1439472600,20.329225,20.426649,20.199326,20.353581,27563810
1439559000,20.329225,20.499718,20.321106,20.499718,33623082
1439818200,20.410412,20.54843,20.337344,20.540311,28788014
1439904600,20.515955,20.572786,20.475361,20.524074,20257540
1439991000,20.467243,20.515955,20.260216,20.337344,57415839
1440077400,20.126257,20.150613,19.907052,19.907052,67771396
1440163800,19.655373,19.801509,19.192607,19.192607,127791056
1440423000,18.015395,19.022114,15.035832,18.388856,143736181
1440509400,19.04647,19.062708,18.064108,18.129057,84986624
1440595800,18.551229,18.811028,18.211218,18.811028,146142399
1440682200,19.054589,19.312764,18.900334,19.273794,96276535
1440768600,19.200725,19.249438,19.062708,19.184488,40372052
1441027800,19.062708,19.143895,19.005877,19.022114,58879759
1441114200,18.616179,18.713603,18.267075,18.405093,86345243.99999999
1441200600,18.648654,18.705485,18.413293,18.656773,52564549.00000001
1441287000,18.713603,18.953105,18.681129,18.762316,60309042.99999999
1441373400,18.494399,18.551229,18.267075,18.388856,54241987.99999999
1441719000,18.746078,18.875977,18.616179,18.85974,49755494
1441805400,19.030233,19.11142,18.559348,18.599942,43767452
1441891800,18.583704,18.827265,18.527117,18.689247,43679180
1441978200,18.599942,18.770434,18.559348,18.770434,26825740
1442237400,18.729841,18.782612,18.657584,18.729841,31856084
1442323800,18.802909,19.054589,18.729841,18.997758,41072404
1442410200,19.013995,19.152013,18.912512,19.119538,28024864
1442496600,19.103301,19.2332,18.811028,18.851621,75265703
1442583000,18.502517,18.591742,18.364499,18.396974,85341058
1442842200,18.518755,18.677881,18.48628,18.60806,47125095
1442928600,18.332025,18.434726,18.234681,18.372618,65374415
1443015000,18.380737,18.445686,18.275194,18.380737,34911677
1443101400,18.169651,18.279253,18.088464,18.250838,51301203
1443187800,18.510636,18.640535,18.429449,18.518755,55448804.99999999
1443447000,18.388856,18.42133,18.031633,18.088464,58457299
1443533400,18.104701,18.17371,17.958564,18.120938,48292688
1443619800,18.364499,18.396974,18.177769,18.396974,49115649
1443706200,18.388856,18.478161,18.210244,18.405093,48541552
1443792600,18.007277,18.429449,17.844903,18.429449,75390449
1444051800,18.559348,18.843503,18.54717,18.819147,48003714
1444138200,18.778553,18.843503,18.697366,18.729841,36706540
1444224600,18.851621,18.981521,18.73796,18.875977,38619739
1444311000,18.802909,19.005877,18.762316,18.989639,37258883
1444397400,19.030233,19.04647,18.782612,18.867859,58373495
1444656600,18.85974,18.916571,18.811028,18.884096,25327059
1444743000,18.819147,18.939872,18.73796,18.73796,42476982.00000001
1444829400,18.746078,18.778553,18.559348,18.583704,44790195
1444915800,18.689247,19.030233,18.67301,19.005877,55685218
1445002200,19.062708,19.152013,19.022114,19.119538,36563792
1445261400,18.997758,19.143895,18.989639,19.103301,32709547
1445347800,19.103301,19.241319,19.087064,19.216963,23955523
1445434200,19.241319,19.306269,19.04647,19.078945,29232425
1445520600,19.119538,19.460524,19.11142,19.387456,61240297.00000001
1445607000,19.541711,19.60666,19.452405,19.598542,45930459
1445866200,19.598542,19.598542,19.444286,19.517355,24500137
1445952600,19.41993,19.444286,19.338743,19.403693,28681020
1446039000,19.444286,19.890815,19.444286,19.85834,112124178
1446125400,19.850221,19.931409,19.7325,19.833984,48508110.00000001
1446211800,19.785272,19.80159,19.525474,19.54983,62904600
1446474600,19.598542,19.898934,19.590423,19.817747,73574757
1446561000,19.809628,19.915171,19.720322,19.850221,42504200
1446647400,19.850221,19.898934,19.73656,19.793391,40124168
1446733800,19.793391,19.907052,19.760997,19.874578,45263419
1446820200,20.248038,20.272394,20.000417,20.077545,85606494
1447079400,20.101901,20.150613,19.744678,19.85834,59204182
1447165800,19.809628,19.955765,19.777153,19.947646,41143474
1447252200,20.036952,20.036952,19.866459,19.882696,27592589
1447338600,19.833984,19.842103,19.574186,19.582304,66636658
1447425000,19.48488,19.622898,19.3631,19.41993,53909500
1447684200,19.3631,19.655373,19.322506,19.655373,53592047
1447770600,19.73656,19.793391,19.574186,19.614779,46040273
1447857000,19.728441,19.988239,19.663491,19.963883,83622012
1447943400,19.972002,20.036952,19.898934,19.996358,35634060
1448029800,20.053189,20.11002,19.967943,20.028833,44215290
1448289000,20.020714,20.085664,19.92329,19.947646,31847553
1448375400,19.825865,19.955765,19.720322,19.890815,35938040
1448461800,19.898934,19.947646,19.850221,19.907052,24240345
1448634600,19.939527,19.980121,19.842103,19.955765,23204878
1448893800,20.020714,20.020714,19.907052,19.939527,30378975
1448980200,20.012595,20.166851,19.972002,20.158732,38290817
1449066600,20.207444,20.207444,19.882696,19.92329,43872366
1449153000,20.036952,20.036952,19.533592,19.598542,59343470
1449239400,19.720322,20.150613,19.667551,20.118139,52578423
1449498600,20.093783,20.11002,19.83642,19.931409,31399621
1449585000,19.712204,19.85834,19.631017,19.679729,35718813
1449671400,19.590423,19.805569,19.338743,19.452405,66664013
1449757800,19.444286,19.655373,19.380149,19.468643,58195554
1449844200,19.176369,19.29815,18.932808,19.038351,89594704
1450103400,19.054589,19.208844,18.869564,19.078945,71991225
1450189800,19.273794,19.631017,19.257556,19.525474,93387874
1450276200,19.704085,19.907052,19.517355,19.842103,102265448
1450362600,19.915171,19.915171,19.533592,19.557948,70955030
1450449000,19.29815,19.322506,18.916571,18.916571,113665645
1450708200,19.070826,19.168251,18.93289,19.103301,50757950.00000001
1450794600,19.216963,19.322506,19.04647,19.281912,57121342
1450881000,19.403693,19.541711,19.342803,19.509236,40651801
1450967400,19.533592,19.598542,19.444286,19.492999,13852776
1451313000,19.411812,19.48488,19.315037,19.476761,16756894
1451399400,19.639135,19.704085,19.574186,19.679729,38062634
1451485800,19.639135,19.67161,19.509236,19.541711,19350541
1451572200,19.346862,19.574186,19.306269,19.346862,59189547
1451917800,18.949046,18.989639,18.754197,18.973402,93442413
1452004200,19.005877,19.103301,18.875977,19.04647,52127228
1452090600,18.766375,18.867859,18.656773,18.754197,77294064
1452177000,18.364499,18.534992,18.153413,18.226482,92061092
1452263400,18.388856,18.405093,17.901734,17.942327,83077067
1452522600,18.039751,18.072226,17.788072,17.966683,71028412
1452609000,18.153413,18.185888,17.869259,18.104701,80680990
1452695400,18.177769,18.254897,17.552629,17.633816,125598839
1452781800,17.67441,17.934208,17.499858,17.788072,95320096
1452868200,17.187288,17.471442,17.155625,17.390255,94418340.99999999
1453213800,17.576985,17.641935,17.260356,17.382137,83828720
1453300200,17.024914,17.203525,16.667691,17.041151,107745547.00000001
1453386600,17.057389,17.276594,16.907193,16.968083,91548597
1453473000,17.187288,17.349662,17.154813,17.276594,59369135.99999999
1453732200,17.203525,17.266039,16.886896,16.92749,79028643
1453818600,16.992439,17.260356,16.968083,17.211644,64011398
1453905000,17.154813,17.447086,17.024914,17.146694,77251718
1453991400,17.252238,17.333425,17.037092,17.154813,79953676
1454077800,17.276594,17.641935,17.219763,17.633816,100578045
1454337000,17.552629,17.650054,17.430849,17.560748,84611352
1454423400,17.309068,17.333425,17.033033,17.073626,86208165
1454509800,17.17105,17.17105,16.602741,17.089864,152019644
1454596200,16.98432,17.357781,16.98432,17.236,97068131
1454682600,17.252238,17.341543,16.959964,17.008676,81554688
1454941800,16.765115,16.821946,16.351062,16.578385,132390604
1455028200,16.253637,16.667691,16.253637,16.554029,169023567
1455114600,16.679869,16.870577,16.456605,16.464724,80884474
1455201000,16.026314,16.139976,15.855821,15.961364,155528361
1455287400,16.342943,16.635216,16.267033,16.635216,119711022
1455633000,16.919371,16.976202,16.748878,16.903133,97553508
1455719400,17.065507,17.211644,17.061935,17.130457,79893341
1455805800,17.195407,17.195407,16.951846,17.033033,79538672
1455892200,16.895015,17.106101,16.87415,17.033033,91535739
1456151400,17.236,17.369959,17.236,17.30095,52439034
1456237800,17.211644,17.236,16.959964,16.992439,71595416
1456324200,16.748878,17.000558,16.602741,16.951846,89075411
1456410600,16.951846,17.199466,16.951846,17.187288,87765416
1456497000,17.30095,17.463324,17.211644,17.309068,100155165
1456756200,17.292831,17.382056,17.11422,17.122338,70887719
1456842600,17.244119,17.731241,17.244119,17.698766,100283875
1456929000,17.715003,17.901734,17.686588,17.893615,89916498.00000001
1457015400,17.877377,18.023514,17.80025,18.015395,76688797
1457101800,18.104701,18.177769,17.950446,18.088464,70748872
1457361000,17.966683,18.100642,17.909852,18.080345,48279676.99999999
1457447400,17.917971,17.991039,17.763716,17.788072,94740240
1457533800,17.853021,17.901734,17.747478,17.812428,59948765
1457620200,17.92609,18.007277,17.585104,17.79619,95271878
1457706600,17.974802,18.283312,17.974802,18.258956,79330865
1457962200,18.202125,18.250838,18.090493,18.202125,55380451
1458048600,18.080345,18.194007,18.015395,18.194007,75743623
1458135000,18.096582,18.267075,18.015395,18.153413,72422605
1458221400,18.104701,18.429449,18.025544,18.372618,65898189
1458307800,18.405093,18.526873,18.354026,18.453805,65069495
1458567000,18.396974,18.543111,18.344203,18.42133,47512258
1458653400,18.291431,18.433508,18.250838,18.364499,43507986.99999999
1458739800,18.332025,18.36044,18.218363,18.226482,55945185
1458826200,18.064108,18.11282,17.942327,18.11282,48529332
1459171800,18.137176,18.226482,18.080345,18.169651,36142552
1459258200,18.096582,18.210244,17.991039,18.202125,44464212
1459344600,18.29955,18.443657,18.283312,18.307669,37658256
1459431000,18.258956,18.380737,18.226482,18.267075,39969517
1459517400,18.177769,18.453805,18.104701,18.429449,45780193
1459776600,18.413212,18.453805,18.29955,18.340143,38567486
1459863000,18.169651,18.202125,18.04787,18.080345,61680393
1459949400,18.04787,18.194007,17.991039,18.177769,38152009
1460035800,18.04787,18.064108,17.73936,17.836784,51345458
1460122200,17.958564,18.080345,17.865199,17.901734,55989711.00000001
1460381400,17.982921,18.129057,17.958564,17.974802,45449836
1460467800,17.999158,18.2346,17.958564,18.202125,48254295
1460554200,18.388856,18.632416,18.372618,18.616179,69690447
1460640600,18.526873,18.754197,18.526873,18.656773,52085628.00000001
1460727000,18.705485,18.729841,18.559348,18.591823,53933510
1460986200,18.502517,18.746078,18.48628,18.729841,52464874
1461072600,18.786672,18.965283,18.786672,18.965283,57202982.00000001
1461159000,18.957165,19.143895,18.949046,19.11142,74787142
1461245400,19.103301,19.184488,18.892215,18.940927,63474042.99999999
1461331800,18.957165,19.160132,18.957165,19.119538,46755617
1461591000,19.038351,19.095182,18.940927,19.078945,38212148
1461677400,19.095182,19.223214,19.067822,19.200725,41689320
1461763800,19.184488,19.29815,19.119538,19.2332,56949680
1461850200,19.070826,19.225082,18.961224,19.030233,74894914
1461936600,18.92469,18.997758,18.754197,18.92469,60353676
1462195800,18.940927,19.119538,18.896274,19.095182,43590266
1462282200,18.875977,18.892215,18.689247,18.851621,44168090
1462368600,18.632416,18.79885,18.616179,18.705485,46493990.99999999
1462455000,18.746078,18.817117,18.648654,18.697366,47070779
1462541400,18.559348,18.786672,18.559348,18.778553,38986981
1462800600,18.746078,18.835384,18.658234,18.729841,32008131
1462887000,18.819147,19.001817,18.811028,18.997758,37571187
1462973400,18.940927,18.989639,18.778553,18.79479,31979937
1463059800,18.85974,18.940927,18.689247,18.802909,35275732
1463146200,18.762316,18.892215,18.543111,18.575586,45565669
1463405400,18.575586,18.754197,18.559348,18.67301,33816124
1463491800,18.624298,18.705485,18.48628,18.567467,45484315
1463578200,18.510636,18.908452,18.510636,18.892215,100301091.99999999
1463664600,18.802909,18.892215,18.599942,18.713603,66242237
1463751000,18.811028,18.949046,18.780989,18.843503,35786430
1464010200,18.802909,18.892215,18.746078,18.827265,38598411
1464096600,18.957165,19.152013,18.932808,19.11142,47414422
1464183000,19.192607,19.407752,19.184488,19.314387,51703113.00000001
1464269400,19.322506,19.346862,19.176369,19.200725,36219666
1464355800,19.2332,19.338743,19.208844,19.330625,37048103
1464701400,19.428049,19.428049,19.216963,19.281912,40908941
1464787800,19.143895,19.346862,19.062708,19.322506,38475037
1464874200,19.273794,19.3631,19.208844,19.3631,28243631
1464960600,19.127657,19.139835,18.884096,19.087064,86133894.00000001
1465219800,19.095182,19.290031,19.078945,19.200725,46953094
1465306200,19.216963,19.273794,19.143895,19.160132,26519413
1465392600,19.127657,19.225082,19.127657,19.176369,30487872
1465479000,19.062708,19.095182,18.940927,19.038351,39594478
1465565400,18.819147,18.888643,18.746078,18.802909,47377541
1465824600,18.697366,18.916571,18.664891,18.67301,56290986
1465911000,18.599942,18.697366,18.29955,18.396974,66927633
1465997400,18.445686,18.629088,18.405093,18.42133,58068815
1466083800,18.275194,18.48628,18.169651,18.470043,71530209
1466170200,18.396974,18.445686,18.275194,18.356381,46551886.00000001
1466429400,18.648654,18.746078,18.453805,18.461924,70608374
1466515800,18.534992,18.607979,18.453805,18.567467,40331842
1466602200,18.567467,18.705485,18.510636,18.551229,54036983
1466688600,18.770434,18.940927,18.762316,18.940927,73788860
1466775000,17.950446,18.340143,17.86114,17.92609,166012260
1467034200,17.658173,17.682529,17.309068,17.414612,145870500
1467120600,17.731241,17.86114,17.576985,17.86114,109786739
1467207000,18.015395,18.267075,17.974883,18.267075,100067811
1467293400,18.323906,18.559348,18.2346,18.555289,72749809
1467379800,18.48628,18.591823,18.429449,18.461924,45121896.00000001
1467725400,18.283312,18.332025,18.096582,18.185888,59591998
1467811800,18.031633,18.258956,17.991039,18.2346,58595575
1467898200,18.291431,18.409152,18.169651,18.258956,65770176
1467984600,18.510636,18.632416,18.487092,18.60806,55359911
1468243800,18.705485,18.770434,18.648654,18.713603,42582515
1468330200,18.851621,18.973402,18.827265,18.949046,55091674
1468416600,18.932808,18.989639,18.843503,18.949046,57410865
1468503000,19.322506,19.322506,19.078945,19.127657,67078935
1468589400,19.200725,19.216963,18.973402,19.095182,62747798
1468848600,19.103301,19.184488,19.087064,19.160132,38976123
1468935000,19.070826,19.176369,19.04647,19.168251,30795658
1469021400,19.241319,19.241319,19.119538,19.200725,31836371
1469107800,19.176369,19.208844,19.078945,19.103301,36546057
1469194200,19.127657,19.2332,19.095182,19.225082,23498625
1469453400,19.192607,19.2332,19.127657,19.184488,37118133
1469539800,19.135776,19.225082,19.122542,19.200725,34504468
1469626200,19.168251,19.249438,19.127657,19.192607,50739829
1469712600,19.143895,19.273794,19.078945,19.2332,33020793
1469799000,19.160132,19.290031,19.160132,19.200725,54472601.99999999
1470058200,19.216963,19.29815,19.11142,19.152013,39432964
1470144600,19.095182,19.168251,18.940927,18.989639,39732856
1470231000,18.989639,19.192607,18.989639,19.184488,33531183
1470317400,19.168251,19.200725,19.095182,19.135776,31381702
1470403800,19.338743,19.501117,19.281912,19.501117,51572671.00000001
1470663000,19.557948,19.582304,19.468643,19.525474,45046314.99999999
1470749400,19.517355,19.574186,19.492999,19.541711,32258998
1470835800,19.525474,19.557948,19.354981,19.387456,33564970
1470922200,19.428049,19.476761,19.354981,19.428049,25154346
1471008600,19.29815,19.403693,19.290031,19.371218,28878463
1471267800,19.444286,19.517355,19.428049,19.501117,26291405
1471354200,19.468643,19.497058,19.403693,19.452405,27653648
1471440600,19.452405,19.525474,19.403693,19.517355,25691684
1471527000,19.48488,19.541711,19.444286,19.501117,26610650
1471613400,19.444286,19.509236,19.371218,19.492999,31528657
1471872600,19.460524,19.509236,19.411812,19.492999,32536585
1471959000,19.566067,19.614779,19.517355,19.517355,29873041
1472045400,19.525474,19.574186,19.460524,19.509236,24313515
1472131800,19.48488,19.582304,19.460524,19.54983,27265665
1472218200,19.60666,19.716263,19.452405,19.574186,64991566
1472477400,19.622898,19.817747,19.598542,19.744678,40475299
1472563800,19.777153,19.92329,19.752797,19.92329,39382286
1472650200,19.931409,19.952598,19.777153,19.939527,56419228
1472736600,19.988239,20.004477,19.704085,19.85834,62997471
1472823000,19.882696,20.004477,19.85834,19.947646,66957702
1473168600,19.939527,19.967943,19.760916,19.915171,60335423
1473255000,19.842103,19.931409,19.801509,19.907052,38693810
1473341400,19.907052,19.963883,19.850221,19.890815,72108453
1473427800,19.777153,19.846162,19.517355,19.517355,66515921
1473687000,19.428049,19.809547,19.338743,19.73656,87204399
1473773400,19.509236,19.557948,19.314387,19.387456,83279848
1473859800,19.387456,19.517355,19.281912,19.338743,82925541.99999999
1473946200,19.29815,19.509236,19.257556,19.452405,76530588
1474032600,19.281912,19.290031,19.119538,19.176369,75279991
1474291800,19.35,19.4499,19.23,19.31,50396136
1474378200,19.45,19.48,19.29,19.32,39903177
1474464600,19.41,19.46,19.25,19.44,64029726
1474551000,19.54,19.56,19.44,19.48,38355740
1474637400,19.41,19.51,19.35,19.38,59009524
1474896600,19.26,19.27,19.02,19.07,54188999
1474983000,19,19.24,18.94,19.22,47620011
1475069400,19.3,19.34,19.12,19.31,42936410
1475155800,19.3,19.4,18.94,19.04,62580775
1475242200,19.14,19.4,19.11,19.3,47336889
1475501400,19.24,19.31,19.16,19.21,33170494
1475587800,19.26,19.43,19.19,19.29,68471721
1475674200,19.37,19.64,19.34,19.6,58651881
1475760600,19.65,19.66,19.46,19.63,53337261
1475847000,19.55,19.66,19.49,19.62,55532849
1476106200,19.72,19.81,19.7,19.72,37997419
1476192600,19.66,19.72,19.411,19.54,78581159
1476279000,19.52,19.65,19.49,19.52,51378746
1476365400,19.36,19.37,19.11,19.33,73171091
1476451800,19.56,19.62,19.36,19.42,76176507
1476711000,19.43,19.47,19.28,19.33,41236064
1476797400,19.53,19.55,19.41,19.49,45958713
1476883800,19.55,19.71,19.5301,19.66,49835923
1476970200,19.64,19.78,19.58,19.66,56238168
1477056600,19.5,19.67,19.47,19.65,39543061
1477315800,19.74,19.81,19.7,19.71,33808676
1477402200,19.75,19.76,19.635,19.69,36177841
1477488600,19.6,19.84,19.58,19.81,40419157
1477575000,19.92,19.95,19.77,19.86,45545849
1477661400,19.9,19.92,19.62,19.77,55749883
1477920600,19.87,19.87,19.74,19.74,38579109
1478007000,19.81,19.86,19.5,19.66,62758908
1478093400,19.62,19.63,19.44,19.53,66529874
1478179800,19.55,19.73,19.52,19.55,53462052
1478266200,19.56,19.65,19.4,19.49,64891375
1478529000,19.82,19.99,19.8,19.98,59001803
1478615400,19.92,20.09,19.79,19.99,63290418
1478701800,20.54,20.94,20.11,20.84,268936640
1478788200,21.16,21.7,21.08,21.61,241635544
1478874600,21.47,21.7,21.4,21.67,134954549
1479133800,21.88,22.3293,21.85,22.2,261730895
1479220200,22.01,22.2,21.79,22.18,122754546
1479306600,21.98,22.03,21.8,21.86,117887705
1479393000,21.86,22.18,21.81,22.16,98536426
1479479400,22.14,22.24,22.06,22.16,92344297
1479738600,22.28,22.3,22.09,22.24,71943930
1479825000,22.34,22.35,22.12,22.25,98286517
1479911400,22.34,22.41,22.17,22.38,101948383
1480084200,22.43,22.45,22.32,22.41,33114823
1480343400,22.25,22.375,22.09,22.15,99791424
1480429800,22.19,22.28,22.11,22.21,74645748
1480516200,22.52,22.57,22.43,22.51,98843676
1480602600,22.63,22.95,22.6,22.9,120088254
1480689000,22.84,22.85,22.55,22.65,82108345
1480948200,22.85,23,22.79,22.92,95145737
1481034600,23.07,23.14,22.84,23.12,79142635
1481121000,23.18,23.5,23.1,23.48,120172457
1481207400,23.61,23.84,23.47,23.7,116856521
1481293800,23.7,23.75,23.53,23.75,95677338
1481553000,23.68,23.78,23.46,23.52,85143226
1481639400,23.58,23.72,23.38,23.58,113420674
1481725800,23.4,23.83,23.31,23.47,142995830
1481812200,23.59,23.87,23.5,23.67,110426017
1481898600,23.68,23.69,23.33,23.36,83096468
1482157800,23.39,23.43,23.18,23.37,73717593
1482244200,23.51,23.66,23.51,23.66,60793628
1482330600,23.66,23.67,23.52,23.6,37737962
1482417000,23.59,23.59,23.46,23.54,37796099
1482503400,23.54,23.58,23.47,23.58,18276667
1482849000,23.63,23.64,23.575,23.61,38241051
1482935400,23.65,23.67,23.35,23.37,30834389
1483021800,23.39,23.43,23.1,23.2,39251797
1483108200,23.29,23.33,23.17,23.25,44761220
1483453800,23.61,23.67,23.26,23.51,71259897
1483540200,23.58,23.73,23.51,23.7,45092157
1483626600,23.63,23.655,23.24,23.46,62201101
1483713000,23.55,23.64,23.42,23.54,38060761
1483972200,23.48,23.5257,23.33,23.38,34022403
1484058600,23.42,23.6299,23.31,23.43,46212104
1484145000,23.46,23.58,23.3,23.58,48001233
1484231400,23.47,23.5,23.18,23.38,57418139
1484317800,23.54,23.79,23.41,23.51,72479684
1484663400,23.34,23.35,22.94,22.95,96657836
1484749800,23.07,23.17,22.85,23.14,68289123
1484836200,23.19,23.25,22.96,23.04,56729679
1484922600,23.11,23.23,23.03,23.15,74805151
1485181800,23.05,23.19,22.92,23,46651232
1485268200,23.11,23.38,23.01,23.29,45229461
1485354600,23.54,23.69,23.43,23.68,92850136
1485441000,23.72,23.8,23.611,23.74,70704365
1485527400,23.74,23.75,23.58,23.65,43944530
1485786600,23.5,23.505,23.25,23.46,46168751
1485873000,23.34,23.52,23.18,23.31,56477262
1485959400,23.49,23.6099,23.27,23.34,72132221
1486045800,23.21,23.36,23.1,23.25,39396487
1486132200,23.65,23.74,23.44,23.72,86346618
1486391400,23.58,23.78,23.56,23.61,34952083
1486477800,23.75,23.76,23.52,23.55,50838490
1486564200,23.48,23.48,23.28,23.39,54341095
1486650600,23.46,23.74,23.33,23.71,76813699
1486737000,23.85,23.86,23.69,23.78,55078737
1486996200,23.93,24.16,23.89,24.05,76687038
1487082600,24.03,24.36,23.99,24.33,75954279
1487169000,24.45,24.57,24.265,24.52,76869353
1487255400,24.49,24.53,24.31,24.46,64048170
1487341800,24.28,24.47,24.2499,24.47,54156555
1487687400,24.6,24.65,24.51,24.59,55216106
1487773800,24.49,24.6785,24.45,24.61,50438917
1487860200,24.62,24.67,24.47,24.61,53509388
1487946600,24.35,24.48,24.31,24.42,61686780
1488205800,24.45,24.6,24.44,24.55,39655008
1488292200,24.46,24.55,24.38,24.54,48912989
1488378600,25.01,25.29,24.98,25.24,92150012
1488465000,25.29,25.295,24.84,24.85,69446222
1488551400,24.87,25.03,24.86,24.97,57652782
1488810600,24.82,24.86,24.67,24.78,49017181
1488897000,24.82,24.82,24.65,24.71,53726499
1488983400,24.98,25.06,24.71,24.72,104601047
1489069800,24.82,24.94,24.7,24.81,60804082
1489156200,24.93,24.95,24.63,24.79,62148618
1489411800,24.82,24.8767,24.7,24.85,49418405
1489498200,24.75,24.8,24.6,24.78,49511126
1489584600,24.82,24.92,24.6342,24.74,86455125
1489671000,24.84,24.97,24.77,24.78,89233679
1489757400,24.75,24.76,24.45,24.45,83056828
1490016600,24.4,24.47,24.25,24.271,78676416
1490103000,24.36,24.38,23.51,23.57,192257047
1490189400,23.4,23.63,23.23,23.52,133199544
1490275800,23.49,23.84,23.44,23.57,85238878
1490362200,23.61,23.73,23.38,23.54,97583434
1490621400,23.04,23.46,22.975,23.45,103962988
1490707800,23.37,23.86,23.37,23.77,82301069
1490794200,23.73,23.77,23.6,23.62,76476885
1490880600,23.64,23.99,23.61,23.93,92566017
1490967000,23.84,23.91,23.73,23.73,70540021
1491226200,23.77,23.825,23.4,23.68,93489066
1491312600,23.58,23.7,23.5399,23.65,105795928
1491399000,23.87,23.9599,23.47,23.47,104651195
1491485400,23.45,23.72,23.33,23.62,80802117
1491571800,23.44,23.68,23.395,23.52,61525690
1491831000,23.52,23.67,23.38,23.46,60428984
1491917400,23.34,23.43,23.15,23.39,83801181
1492003800,23.36,23.3843,23.14,23.2,74023032
1492090200,23.11,23.3664,22.9,22.9,120159316
1492435800,22.96,23.31,22.89,23.3,86681175
1492522200,23.14,23.25,22.94,23.08,74890353
1492608600,23.23,23.32,22.98,23.01,55583806
1492695000,23.18,23.45,23.0936,23.4,85694445
1492781400,23.34,23.43,23.15,23.16,94675256
1493040600,23.69,23.81,23.59,23.68,98770606
1493127000,23.89,24.01,23.86,23.89,69012648
1493213400,23.86,24.09,23.82,23.87,71691249
1493299800,23.92,23.92,23.62,23.76,68871770
1493386200,23.77,23.79,23.53,23.53,64091925
1493645400,23.65,23.8,23.55,23.68,69086646
1493731800,23.68,23.71,23.5229,23.65,76511460
1493818200,23.57,23.84,23.55,23.84,78115437
1493904600,23.99,24.07,23.781,23.88,64482819
1493991000,23.95,23.96,23.76,23.84,46881451
1494250200,23.87,23.91,23.78,23.82,45893018
1494336600,23.88,23.96,23.65,23.73,65737851
1494423000,23.69,23.81,23.645,23.81,51192670
1494509400,23.72,23.76,23.47,23.66,77266708
1494595800,23.55,23.57,23.43,23.56,55787188
1494855000,23.61,23.79,23.6,23.74,52192101
1494941400,23.79,23.83,23.67,23.81,51529642
1495027800,23.31,23.49,22.97,23.06,141192783
1495114200,23.03,23.29,23,23.15,101656920
1495200600,23.19,23.48,23.18,23.35,69775647
1495459800,23.48,23.48,23.25,23.41,79181862
1495546200,23.43,23.66,23.32,23.59,65577828
1495632600,23.62,23.64,23.475,23.58,60004715
1495719000,23.63,23.73,23.56,23.62,49362388
1495805400,23.56,23.68,23.56,23.61,42601706
1496151000,23.54,23.566,23.4,23.45,46584183
1496237400,23.45,23.46,23.1,23.25,115877876
1496323800,23.38,23.56,23.22,23.54,81187583
1496410200,23.37,23.57,23.32,23.45,83704479
1496669400,23.46,23.64,23.46,23.49,44055796
1496755800,23.31,23.45,23.26,23.39,60397338
1496842200,23.43,23.63,23.39,23.57,83049054
1496928600,23.57,24.01,23.55,23.84,77986983
1497015000,23.99,24.33,23.97,24.29,133216200
1497274200,24.34,24.51,24.2,24.34,86644404
1497360600,24.47,24.55,24.395,24.47,94978649
1497447000,24.26,24.54,24.13,24.51,117605841
1497533400,24.33,24.54,24.31,24.41,59547702
1497619800,24.31,24.37,24.2201,24.29,53818768
1497879000,24.45,24.59,24.42,24.54,58041293
1497965400,24.46,24.48,24.32,24.33,45689645
1498051800,24.37,24.38,24.11,24.13,51938219
1498138200,24.04,24.11,23.95,23.98,58380184
1498224600,24.08,24.09,23.81,23.89,85352592
1498483800,23.94,24.12,23.86,24.02,60302320
1498570200,24.11,24.32,24.05,24.14,75943411
1498656600,24.3,24.56,24.28,24.52,90097595
1498743000,25.02,25.02,24.51,24.69,119176691
1498829400,24.87,24.88,24.62,24.67,72754878
1499088600,24.81,25.19,24.78,25.03,61454445
1499261400,25.1,25.13,24.915,25.07,78100184
1499347800,25.06,25.17,24.88,24.88,98353765
1499434200,25.01,25.1,24.88,25.05,59432444
1499693400,25.01,25.08,24.93,25.02,55022450
1499779800,25,25.01,24.73,24.8,49857176
1499866200,24.77,24.9,24.73,24.88,47818560
1499952600,24.88,25.03,24.86,25.03,48875853
1500039000,24.72,24.96,24.59,24.92,61742329
1500298200,24.85,24.9,24.74,24.84,43257045
1500384600,24.67,24.84,24.64,24.8,63210692
1500471000,24.85,24.92,24.72,24.81,48259409
1500557400,24.83,24.94,24.75,24.8,40163535
1500643800,24.73,24.88,24.73,24.8,43888447
1500903000,24.79,24.94,24.785,24.91,26364776
1500989400,25.19,25.32,25.145,25.22,75786820
1501075800,25.25,25.29,24.99,25.05,56086548
1501162200,25.1,25.11,24.8,24.91,67826171
1501248600,24.87,24.98,24.77,24.91,43735806
1501507800,25,25.1775,24.97,25.09,43039260
1501594200,25.26,25.29,25.14,25.27,60987497
1501680600,25.3,25.33,25.18,25.31,43341507
1501767000,25.27,25.31,25.18,25.22,40816841
1501853400,25.45,25.49,25.34,25.39,50792914
1502112600,25.39,25.4,25.31,25.35,39486769
1502199000,25.31,25.59,25.27,25.28,52736465
1502285400,25.07,25.3,25.07,25.28,46567038
1502371800,25.12,25.175,24.83,24.83,71130286
1502458200,24.83,24.958,24.67,24.73,50477789
1502717400,24.93,25.14,24.92,25.07,49472883
1502803800,25.28,25.31,25.09,25.09,48535038
1502890200,25.2,25.24,24.995,25.04,35084074
1502976600,24.98,25.02,24.6,24.61,76613078
1503063000,24.49,24.8,24.48,24.62,71725883
1503322200,24.6,24.63,24.45,24.55,45047234
1503408600,24.65,24.84,24.62,24.82,42644026
1503495000,24.64,24.88,24.62,24.74,36612709
1503581400,24.85,24.85,24.69,24.74,31067169
1503667800,24.79,24.92,24.78,24.81,37177271
1503927000,24.83,24.84,24.59,24.65,36486934
1504013400,24.37,24.61,24.35,24.57,42814209
1504099800,24.61,24.7766,24.59,24.67,35176115
1504186200,24.75,24.775,24.62,24.7,44225193
1504272600,24.73,24.91,24.67,24.77,42132639
1504618200,24.58,24.62,24.17,24.24,96579242
1504704600,24.33,24.42,24.22,24.3,77593850
1504791000,24.34,24.36,23.79,23.88,87667847
1504877400,23.9,24.19,23.85,24.1,68639461
1505136600,24.38,24.59,24.33,24.52,73305743
1505223000,24.61,24.83,24.59,24.81,66350629
1505309400,24.77,24.86,24.68,24.85,51049443
1505395800,24.86,24.92,24.75,24.8,47163158
1505482200,24.66,24.79,24.63,24.77,59250192
1505741400,24.86,25.07,24.84,25.06,44010385
1505827800,25.06,25.31,25.02,25.25,58443318
1505914200,25.27,25.49,25.15,25.4,70595545
1506000600,25.34,25.52,25.3201,25.46,51050081
1506087000,25.36,25.46,25.285,25.43,42306550
1506346200,25.4,25.49,25.23,25.4,39774597
1506432600,25.44,25.48,25.32,25.39,46811004
1506519000,25.71,25.83,25.595,25.7,65919146
1506605400,25.79,25.8,25.61,25.74,37718872
1506691800,25.74,25.86,25.7,25.86,42740827
1506951000,25.81,26.08,25.81,26.08,52773978
1507037400,26.06,26.17,26.01,26.17,48062892
1507123800,26.1,26.18,26.04,26.05,39283783
1507210200,26.08,26.41,26.0062,26.32,61260377
1507296600,26.39,26.46,26.21,26.35,66077803
1507555800,26.42,26.42,26.19,26.25,31340231
1507642200,26.29,26.37,26.22,26.37,35822514
1507728600,26.31,26.345,26.21,26.32,33748617
1507815000,26.39,26.4,26.09,26.12,53834797
1507901400,25.99,26.22,25.89,26.13,69561357
1508160600,26.15,26.31,26.14,26.3,42000717
1508247000,26.39,26.4,26.11,26.17,37844216
1508333400,26.28,26.35,26.1701,26.31,52201500
1508419800,26.12,26.34,26.08,26.33,34671617
1508506200,26.61,26.66,26.52,26.64,56083775
1508765400,26.65,26.7,26.56,26.62,43555183
1508851800,26.71,26.86,26.69,26.81,61259191
1508938200,26.89,26.92,26.5,26.65,68653530
1509024600,26.75,26.92,26.75,26.8,41832594
1509111000,26.75,26.83,26.61,26.78,56694352
1509370200,26.65,26.79,26.6,26.67,48157525
1509456600,26.67,26.77,26.57,26.6,39890794
1509543000,26.71,26.83,26.611,26.64,40921865
1509629400,26.67,26.93,26.535,26.89,51098312
1509715800,26.8,26.82,26.7,26.78,42386958
1509978600,26.71,26.8,26.66,26.75,33642145
1510065000,26.77,26.85,26.31,26.38,70325500
1510151400,26.33,26.34,26.16,26.25,55844924
1510237800,26.08,26.25,25.89,26.16,94577042
1510324200,26.18,26.225,26.06,26.08,53209576
1510583400,25.92,26.175,25.9,26.12,51018678
1510669800,26.02,26.12,25.93,26.11,54101775
1510756200,25.88,26.2666,25.86,26.18,64952279
1510842600,26.3,26.36,26.17,26.19,53648093
1510929000,26.06,26.22,26.03,26.16,41938651
1511188200,26.21,26.32,26.13,26.28,35232374
1511274600,26.37,26.399,26.301,26.36,35972390
1511361000,26.36,26.43,26.23,26.23,30959362
1511533800,26.33,26.38,26.2,26.22,12172481
1511793000,26.2,26.34,26.18,26.2,42346421
1511879400,26.23,26.91,26.21,26.88,86506957
1511965800,27.14,27.52,27.07,27.34,135340640
1512052200,27.58,27.88,27.375,27.52,135241711
1512138600,27.56,27.71,26.95,27.58,148119604
1512397800,28.04,28.2,28,28,99820365
1512484200,28.1,28.15,27.78,27.85,77706195
1512570600,27.75,27.91,27.67,27.75,60299083
1512657000,27.63,27.94,27.58,27.84,59625533
1512743400,27.98,28.01,27.78,28.01,55001592
1513002600,28.01,28.05,27.86,27.94,43278359
1513089000,28.05,28.325,27.955,28.22,69517086
1513175400,28.19,28.25,27.85,27.87,97335327
1513261800,27.97,28.01,27.66,27.69,76947478
1513348200,27.73,28,27.6337,27.81,111826079
1513607400,28.04,28.1961,27.99,28.06,61275464
1513693800,28.22,28.24,27.94,27.94,57366287
1513780200,28.17,28.22,27.87,27.89,69680335
1513866600,28.04,28.21,28.005,28.13,46123492
1513953000,28.21,28.25,27.92,28.05,43020251
1514298600,28.05,28.135,27.86,27.97,33710115
1514385000,27.99,28.01,27.91,28,29420966
1514471400,28.07,28.12,27.995,28.11,28129661
1514557800,28.2,28.2,27.91,27.91,55169774
1514903400,28.09,28.09,27.79,27.92,55436075
1514989800,27.97,28.09,27.875,28.07,56906235
1515076200,28.23,28.54,28.18,28.33,62246955
1515162600,28.48,28.48,28.23,28.41,37989521
1515421800,28.38,28.426,28.27,28.37,44252096
1515508200,28.49,28.74,28.44,28.59,51418697
1515594600,28.68,28.95,28.63,28.83,64670892
1515681000,28.95,29,28.81,28.97,42361715
1515767400,29.14,29.25,28.96,29.23,44537496
1516113000,29.48,29.53,28.99,29.15,67563916
1516199400,29.23,29.45,28.99,29.37,54311955
1516285800,29.47,29.48,29.29,29.33,49247357
1516372200,29.43,29.55,29.37,29.54,60727800
1516631400,29.55,29.79,29.51,29.78,46868889
1516717800,29.71,29.86,29.57,29.81,60861986
1516804200,29.95,30.08,29.77,30.01,66370993
1516890600,30.13,30.13,29.85,29.95,45423660
1516977000,30.04,30.18,29.9,30.17,33871918
1517236200,30.19,30.3255,30.025,30.05,41045016
1517322600,29.83,30.02,29.66,29.66,67316874
1517409000,29.74,29.89,29.64,29.74,49722319
1517495400,29.68,30.05,29.67,30.02,60824211
1517581800,29.96,30.04,29.34,29.36,73085959
1517841000,28.73,29.21,27.6,27.88,147871518
1517927400,27.24,28.4594,27.17,28.39,159006394
1518013800,28.34,28.81,28.22,28.41,102699437
1518100200,28.46,28.51,27.14,27.16,135270547
1518186600,27.57,27.8861,26.76,27.68,149504929
1518445800,27.96,28.3487,27.705,28.07,83571825
1518532200,27.91,28.25,27.83,28.19,43365499
1518618600,28.17,28.865,28.07,28.86,57379663
1518705000,29.1,29.14,28.7,29.02,66976040
1518791400,28.88,29.23,28.84,28.98,47508240
1519137000,28.92,29.21,28.8,28.89,58236090
1519223400,28.9,29.4,28.87,28.93,44578761
1519309800,29,29.16,28.62,28.69,47602660
1519396200,28.78,29.12,28.77,29.12,41187335
1519655400,29.33,29.56,29.14,29.56,55124197
1519741800,29.58,29.77,29.26,29.28,72752079
1519828200,29.43,29.54,28.87,28.87,65254660
1519914600,28.88,29.11,28.21,28.37,82467921
1520001000,28.17,28.52,27.89,28.44,78991163
1520260200,28.22,29,28.21,28.84,58952137
1520346600,29,29.02,28.66,28.96,49746126
1520433000,28.6,28.97,28.57,28.91,41530226
1520519400,28.98,29.04,28.69,29,50803041
1520605800,29.31,29.72,29.185,29.7,54595689
1520861400,29.7,29.81,29.55,29.6,51784453
1520947800,29.74,29.77,29.2,29.27,47049369
1521034200,29.4,29.4001,28.8501,28.94,57278946
1521120600,29.05,29.11,28.8649,28.95,47451563
1521207000,28.91,29.15,28.87,28.87,61278207
1521466200,28.83,28.93,28.39,28.66,52145040
1521552600,28.77,28.85,28.655,28.73,37146544
1521639000,28.78,29.1,28.62,28.72,53291400
1521725400,28.34,28.45,27.56,27.66,85160298
1521811800,27.69,27.8,26.77,26.82,89289521
1522071000,27.36,27.77,27.1,27.69,84145032
1522157400,27.78,27.9,26.93,27.15,78827371
1522243800,27.22,27.47,26.85,27.2,84244472
1522330200,27.32,27.76,27.2,27.57,59281808
1522675800,27.57,27.5999,26.55,26.96,74363891
1522762200,27.13,27.39,26.89,27.33,75160424
1522848600,26.84,27.7,26.82,27.62,70326960
1522935000,27.87,28.04,27.745,27.84,45378315
1523021400,27.52,27.7,26.9159,27.17,88521048
1523280600,27.32,27.87,27.27,27.32,54633200
1523367000,27.76,27.89,27.55,27.73,68783202
1523453400,27.48,27.6099,27.325,27.4,52480824
1523539800,27.61,28.06,27.585,27.88,63289118
1523626200,28.22,28.24,27.31,27.46,70103895
1523885400,27.62,27.78,27.5,27.58,44633622
1523971800,27.82,27.85,27.475,27.58,50750123
1524058200,27.65,27.76,27.39,27.45,66795512
1524144600,27.5,27.925,27.48,27.87,76142031
1524231000,27.92,28.04,27.755,27.88,49800356
1524490200,27.96,27.99,27.76,27.85,45689166
1524576600,28,28.17,27.48,27.67,69592858
1524663000,27.64,27.79,27.37,27.65,51818979
1524749400,27.63,27.805,27.52,27.66,33456163
1524835800,27.61,27.77,27.565,27.7,47185230
1525095000,27.77,27.92,27.44,27.45,41731358
1525181400,27.39,27.48,27.17,27.46,46372385
1525267800,27.36,27.47,27.11,27.15,45430348
1525354200,27.02,27.06,26.46,26.92,68947893
1525440600,26.76,27.419,26.67,27.27,40575562
1525699800,27.37,27.56,27.26,27.45,36873637
1525786200,27.47,27.8265,27.46,27.64,47718493
1525872600,27.77,28.12,27.67,28.05,43817010
1525959000,28,28.3375,27.9601,28.28,41445454
1526045400,28.3,28.45,28.2,28.26,25893973
1526304600,28.34,28.39,28.19,28.24,31292920
1526391000,28.2,28.34,28.08,28.19,54655751
1526477400,28.16,28.32,28.1,28.24,31984886
1526563800,28.21,28.28,28,28.18,45070410
1526650200,28.18,28.19,27.94,27.95,33266115
1526909400,28.11,28.26,28.1,28.15,29647924
1526995800,28.17,28.5,28.17,28.34,52841403
1527082200,28.15,28.2355,27.86,28.16,44968489
1527168600,28.07,28.085,27.6635,27.94,43245202
1527255000,27.81,27.9,27.72,27.85,39312481
1527600600,27.46,27.5,26.72,26.92,126469714
1527687000,27.18,27.52,27.11,27.41,65843728
1527773400,27.35,27.385,27.1,27.18,66686937
1527859800,27.51,27.63,27.4,27.48,62934254
1528119000,27.61,27.665,27.524,27.57,44196942
1528205400,27.48,27.52,27.31,27.45,44996769
1528291800,27.61,27.97,27.58,27.95,61959987
1528378200,28.07,28.18,27.8524,28.04,65166111
1528464600,28.01,28.11,27.86,28.08,47713396
1528723800,28.17,28.27,28.02,28.02,47319625
1528810200,28.1,28.17,27.81,27.95,55517218
1528896600,27.96,28.18,27.82,27.85,61095759
1528983000,27.9,27.95,27.51,27.59,70635531
1529069400,27.3,27.555,27.11,27.47,63517019
1529328600,27.23,27.46,27.14,27.42,49824557
1529415000,27.14,27.4199,27.13,27.35,50214730
1529501400,27.6,27.6,27.25,27.28,42833585
1529587800,27.19,27.355,27.01,27.2,75190888
1529674200,27.39,27.42,27.05,27.07,61978929
1529933400,26.95,27,26.595,26.78,80746078
1530019800,26.8,26.83,26.52,26.69,56480350
1530106200,26.68,26.88,26.35,26.36,78099192
1530192600,26.36,26.7,26.31,26.59,78544814
1530279000,26.92,27.07,26.55,26.59,77208627
1530538200,26.37,26.73,26.35,26.72,66202782
1530624600,26.79,26.87,26.42,26.48,30717772
1530797400,26.62,26.68,26.45,26.54,40668535
1530883800,26.47,26.78,26.37,26.67,41287510
1531143000,26.81,27.31,26.78,27.28,73060360
1531229400,27.3,27.3899,27.1,27.18,51260559
1531315800,27.03,27.19,26.99,27.05,46023735
1531402200,27.22,27.24,26.94,27.1,64876803
1531488600,26.99,27.0737,26.7,26.98,64151172
1531747800,27.06,27.48,27.04,27.46,55812035
1531834200,27.49,27.6,27.34,27.49,55502230
1531920600,27.6,27.98,27.56,27.93,59109184
1532007000,27.79,27.7955,27.47,27.51,61765223
1532093400,27.46,27.64,27.36,27.56,52288061
1532352600,27.56,27.98,27.55,27.94,81516221
1532439000,28.05,28.19,27.945,28.02,63133677
1532525400,28,28.13,27.85,28.08,44262784
1532611800,28.15,28.256,28.04,28.07,40056838
1532698200,28.06,28.269,27.97,28.13,63159670
1532957400,28.15,28.355,28.11,28.15,56474138
1533043800,28.23,28.24,27.89,27.95,84500132
1533130200,28.13,28.27,27.88,27.95,64046851
1533216600,27.77,28.0068,27.68,27.96,38330747
1533303000,27.92,28.12,27.92,28.12,34894345
1533562200,28.16,28.34,28.1,28.27,38230123
1533648600,28.35,28.56,28.325,28.4,44608618
1533735000,28.36,28.52,28.34,28.47,47523171
1533821400,28.4,28.47,28.3,28.3,29357810
1533907800,27.93,28.069,27.83,27.97,83301442
1534167000,27.97,28.04,27.69,27.7,74413496
1534253400,27.8,28.01,27.72,27.96,43659034
1534339800,27.73,27.88,27.61,27.74,55681123
1534426200,27.87,28.19,27.87,28.11,49534158
1534512600,28.03,28.21,28.03,28.17,43193141
1534771800,28.17,28.31,28.13,28.26,30053680
1534858200,28.28,28.51,28.22,28.37,47940015
1534944600,28.25,28.376,28.23,28.27,27323256
1535031000,28.26,28.29,28.1046,28.14,31767818
1535117400,28.25,28.295,28.19,28.24,22064526
1535376600,28.35,28.72,28.34,28.62,52254529
1535463000,28.7,28.72,28.54,28.59,28896792
1535549400,28.59,28.66,28.44,28.58,34015284
1535635800,28.45,28.56,28.31,28.36,43264120
1535722200,28.26,28.35,28.171,28.33,34107750
1536067800,28.27,28.495,28.2,28.47,43145632
1536154200,28.45,28.64,28.43,28.49,32727695
1536240600,28.45,28.53,28.27,28.36,38328974
1536327000,28.42,28.44,28.21,28.33,43644283
1536586200,28.4,28.44,28.27,28.3,29927169
1536672600,28.22,28.41,28.12,28.33,32065453
1536759000,28.33,28.39,28.05,28.07,47963444
1536845400,28.14,28.28,27.97,28.03,44974607
1536931800,28.07,28.255,28.06,28.23,34150959
1537191000,28.23,28.31,28.08,28.11,26907851
1537277400,28.18,28.28,28.06,28.25,36405644
1537363800,28.23,28.82,28.23,28.73,75552011
1537450200,28.94,29.07,28.87,28.98,78555524
1537536600,28.95,29,28.7,28.74,64744540
1537795800,28.71,28.745,28.4,28.42,47985139
1537882200,28.53,28.552,28.3,28.31,32953640
1537968600,28.35,28.39,27.9,27.97,60288142
1538055000,28,28.1,27.84,27.87,57492175
1538141400,27.76,27.765,27.54,27.58,66454872
1538400600,27.74,27.89,27.595,27.69,49855733
1538487000,27.65,27.74,27.47,27.69,47629547
1538573400,27.87,28.07,27.79,27.95,79591391
1538659800,27.94,28.345,27.92,28.14,94700771
1538746200,28.21,28.31,27.93,28,58148664
1539005400,27.92,28.28,27.895,28.19,56594940
1539091800,28.06,28.2,27.88,28.08,47963546
1539178200,28.07,28.14,27.21,27.21,101604384
1539264600,27.05,27.215,26.32,26.4,178628215
1539351000,26.88,26.919,26.03,26.43,137932962
1539610200,26.44,26.63,26.31,26.31,82196431
1539696600,26.49,26.77,26.31,26.75,75137323
1539783000,26.69,27.185,26.56,27.02,79472083
1539869400,26.87,27.0665,26.49,26.57,81622544
1539955800,26.55,26.8757,26.42,26.67,73614334
1540215000,26.7,26.76,26.1,26.1,58645755
1540301400,25.57,26.04,25.42,25.89,93698153
1540387800,25.85,25.85,25.14,25.24,97983187
1540474200,25.36,25.84,25.334,25.63,72439430
1540560600,25.32,25.52,25.02,25.26,115308867
1540819800,25.57,25.93,25.205,25.48,97946058
1540906200,25.62,25.94,25.44,25.92,82719134
1540992600,26.17,26.61,26.13,26.28,93781143
1541079000,26.35,26.51,26.22,26.4,62346640
1541165400,26.66,26.81,26.175,26.38,73034236
1541428200,26.49,26.88,26.49,26.8,58705774
1541514600,26.78,26.94,26.65,26.94,51010875
1541601000,27.09,27.32,26.82,27.29,59990828
1541687400,27.13,27.52,27.04,27.37,46730116
1541773800,27.3,27.375,26.98,27.12,47051212
1542033000,27.06,27.18,26.53,26.58,47135521
1542119400,26.62,26.99,26.6,26.73,69820555
1542205800,26.94,26.98,26.08,26.37,104274180
1542292200,26.19,26.78,26.03,26.76,93998009
1542378600,26.62,26.91,26.47,26.79,80518388
1542637800,26.77,26.9,26.5413,26.78,65491301
1542724200,26.47,26.58,26.11,26.19,103778269
1542810600,26.34,26.5855,26.13,26.21,48617952
1542983400,26.07,26.215,25.925,26,24252331
1543242600,26.27,26.63,26.2567,26.53,50168814
1543329000,26.48,26.63,26.415,26.55,47228997
1543415400,26.63,27.06,26.4,27.06,61375319
1543501800,26.86,27.005,26.72,26.83,43664093
1543588200,26.75,27.0799,26.71,26.97,45435220
1543847400,27.36,27.47,26.95,27.14,65330932
1543933800,27,27.01,25.83,25.96,110918561
1544106600,25.38,25.61,24.93,25.6,134687106
1544193000,25.54,25.9,24.99,25.11,86740000
1544452200,25.01,25.08,24.3,24.76,101121843
1544538600,25.07,25.2198,24.43,24.52,92308158
1544625000,24.86,25.0167,24.54,24.66,86748915
1544711400,24.65,24.78,24.3932,24.48,67232895
1544797800,24.24,24.58,24.19,24.24,66817012
1545057000,24.1,24.47,23.89,24,101180358
1545143400,24.14,24.4,23.755,23.91,90844000
1545229800,23.86,24.39,23.42,23.61,129331720
1545316200,23.38,23.75,23.27,23.4,107017358
1545402600,23.23,23.67,22.7401,22.79,118529507
1545661800,22.49,22.75,22.28,22.31,71752697
1545834600,22.37,23.33,22.05,23.32,108133543
1545921000,22.93,23.6,22.7116,23.6,98005001
1546007400,23.71,23.9,23.485,23.59,76348396
1546266600,23.72,23.92,23.52,23.82,56435410
1546439400,23.47,24.07,23.4,24.02,62944991
1546525800,23.84,23.9,23.42,23.48,65730018
1546612200,23.88,24.31,23.82,24.26,64638355
1546871400,24.21,24.51,24.06,24.29,48198218
1546957800,24.51,24.5451,24.03,24.31,90114691
1547044200,24.37,24.52,24.2038,24.43,61037051
1547130600,24.29,24.52,24.21,24.44,48630810
1547217000,24.32,24.55,24.18,24.5,44961617
1547476200,24.26,24.75,24.23,24.67,50610566
1547562600,24.57,24.93,24.5,24.89,59156475
1547649000,25.18,25.57,25.11,25.42,72982441
1547735400,25.32,25.65,25.165,25.56,55771263
1547821800,25.74,26.03,25.533,26,58400191
1548167400,25.78,25.91,25.57,25.7,79651742
1548253800,25.8,25.83,25.44,25.73,44072057
1548340200,25.64,25.86,25.56,25.79,25496893
1548426600,25.97,26.17,25.8964,26,63139954
1548685800,25.75,25.95,25.71,25.92,66894895
1548772200,25.91,26.01,25.82,25.83,29442082
1548858600,25.91,26.1366,25.725,25.98,62076761
1548945000,25.76,25.98,25.72,25.94,64021467
1549031400,25.98,26.1717,25.95,26.05,42920281
1549290600,26.06,26.17,25.92,26.16,30362455
1549377000,26.21,26.23,25.99,26.09,39095274
1549463400,26.01,26.195,25.97,26.06,51542815
1549549800,25.98,26.05,25.59,25.8,80395650
1549636200,25.66,25.78,25.34,25.67,54911051
1549895400,25.75,25.8,25.62,25.75,53115694
1549981800,25.94,26.225,25.93,26.13,37671288
1550068200,26.25,26.43,26.19,26.2,42969630
1550154600,26,26.08,25.73,25.88,47630097
1550241000,26.09,26.43,25.88,26.43,46880785
1550586600,26.3,26.55,26.22,26.47,23868332
1550673000,26.46,26.65,26.4,26.64,27509066
1550759400,26.59,26.68,26.41,26.5,46620034
1550845800,26.5,26.58,26.3622,26.46,26343683
1551105000,26.58,26.82,26.54,26.57,33835895
1551191400,26.38,26.685,26.36,26.49,35659790
1551277800,26.44,26.64,26.405,26.59,42542398
1551364200,26.6,26.65,26.51,26.52,39835922
1551450600,26.75,26.94,26.61,26.69,82657330
1551709800,26.76,26.94,26.3,26.52,76611896
1551796200,26.57,26.5775,26.22,26.42,39868099
1551882600,26.42,26.505,26.23,26.25,43158887
1551969000,26.15,26.15,25.83,25.98,62622140
1552055400,25.69,25.99,25.68,25.97,55964139
1552311000,26.1,26.315,25.9788,26.24,63343530
1552397400,26.28,26.39,26.24,26.3,32521130
1552483800,26.4,26.58,26.32,26.48,42817546
1552570200,26.44,26.68,26.43,26.58,37665726
1552656600,26.45,26.71,26.43,26.63,70020432
1552915800,26.68,26.98,26.68,26.9,43980696
1553002200,27.05,27.1,26.62,26.69,45029262
1553088600,26.63,26.64,26.11,26.14,65860286
1553175000,25.96,26.17,25.78,26.06,104914052
1553261400,25.75,25.885,25.231,25.34,121856178
1553520600,25.31,25.53,25.08,25.23,72835604
1553607000,25.43,25.59,25.28,25.53,51171543
1553693400,25.47,25.5971,25.3,25.42,73148342
1553779800,25.47,25.65,25.35,25.64,52089324
1553866200,25.86,25.88,25.61,25.71,50234396
1554125400,25.92,26.36,25.91,26.34,62485288
1554211800,26.27,26.46,26.23,26.32,41003636
1554298200,26.5,26.62,26.29,26.4,52030863
1554384600,26.4,26.67,26.4,26.56,54378854
1554471000,26.61,26.7043,26.52,26.6,37088792
1554730200,26.53,26.635,26.47,26.63,34998006
1554816600,26.51,26.51,26.2927,26.41,65954762
1554903000,26.41,26.53,26.28,26.49,48232806
1554989400,26.59,26.75,26.51,26.65,62205014
1555075800,27.04,27.33,26.9,27.14,84627607
1555335000,27.15,27.16,26.91,26.97,40030367
1555421400,27.03,27.38,27.01,27.35,56093380
1555507800,27.45,27.46,27.2,27.42,58833989
1555594200,27.37,27.45,27.3,27.34,52495728
1555939800,27.26,27.3356,27.17,27.26,39324122
1556026200,27.25,27.46,27.14,27.43,54250320
1556112600,27.34,27.5233,27.28,27.4,39505227
1556199000,27.27,27.56,27.2,27.45,44532302
1556285400,27.45,27.72,27.41,27.7,41527922
1556544600,27.8,28.1284,27.73,27.98,61643171
1556631000,28.02,28.06,27.7833,28.02,38915267
1556717400,28.05,28.14,27.77,27.79,67969522
1556803800,27.77,27.95,27.62,27.82,50972887
1556890200,27.94,28.12,27.885,28.07,34598895
1557149400,27.58,27.98,27.53,27.88,42517377
1557235800,27.62,27.885,27.23,27.42,60090811
1557322200,27.31,27.59,27.235,27.36,44254544
1557408600,27.03,27.355,26.895,27.3,56468339
1557495000,27.15,27.525,26.91,27.48,63453824
1557754200,26.93,26.99,26.59,26.68,54962540
1557840600,26.74,27.12,26.71,26.89,52398357
1557927000,26.62,26.92,26.52,26.79,49061697
1558013400,26.88,27.21,26.86,27.06,44872608
1558099800,26.79,27.14,26.75,26.88,62711461
1558359000,26.78,27.03,26.78,26.91,44357439
1558445400,27.02,27.19,27.02,27.19,36851389
1558531800,27.05,27.11,26.9535,27.03,25867584
1558618200,26.77,26.78,26.42,26.65,51832904
1558704600,26.75,26.87,26.67,26.86,30582000
1559050200,26.78,26.86,26.535,26.55,35177714
1559136600,26.34,26.545,26.215,26.5,39700572
1559223000,26.56,26.71,26.28,26.41,40641219
1559309400,26.07,26.2,25.99,26.01,49259252
1559568600,25.97,26.29,25.92,26.18,63329348
1559655000,26.5,26.92,26.43,26.89,45454397
1559741400,26.94,27.08,26.71,27.06,46599718
1559827800,27.07,27.2675,26.9233,27.16,37297602
1559914200,27.16,27.25,27.08,27.12,33054778
1560173400,27.28,27.55,27.28,27.35,37081389
1560259800,27.5,27.61,27.275,27.36,34273450
1560346200,27.33,27.38,27.03,27.09,36866039
1560432600,27.14,27.27,27.07,27.18,31020047
1560519000,27.21,27.33,27,27.24,29724061
1560778200,27.23,27.305,26.96,26.99,40981591
1560864600,26.93,27.46,26.93,27.35,46237423
1560951000,27.4,27.59,27.27,27.3,58118501
1561037400,27.45,27.53,27.12,27.42,50584217
1561123800,27.3,27.48,27.18,27.22,65322286
1561383000,27.17,27.355,27.08,27.11,48378025
1561469400,27.11,27.15,26.89,27.02,47748490
1561555800,27.08,27.21,26.96,26.97,31448023
1561642200,27.07,27.29,27.07,27.21,59459807
1561728600,27.53,27.7,27.2357,27.6,76728103
1561987800,27.92,28.05,27.78,27.93,49145249
1562074200,27.89,27.975,27.71,27.86,56626803
1562160600,27.95,28.09,27.87,28.08,23706812
1562333400,28.17,28.2651,28.03,28.16,40683108
1562592600,28.01,28.13,27.94,28.02,26286734
1562679000,27.83,28.12,27.81,28.07,25895770
1562765400,28.08,28.23,27.93,27.97,36566724
1562851800,28.01,28.17,27.96,28.13,40907527
1562938200,28.17,28.32,28.0987,28.32,31109913
1563197400,28.33,28.35,28.08,28.16,28346133
1563283800,28.21,28.255,28.025,28.09,47288109
1563370200,27.99,28.075,27.81,27.85,35062571
1563456600,27.81,28.11,27.78,28.06,46385357
1563543000,28.13,28.18,27.92,27.94,29338522
1563802200,27.88,28.045,27.83,28,26683328
1563888600,28.07,28.33,28.0601,28.29,45307569
1563975000,28.23,28.58,28.21,28.58,36374227
1564061400,28.57,28.61,28.315,28.38,34180350
1564147800,28.44,28.71,28.38,28.69,33642786
1564407000,28.64,28.72,28.44,28.47,35955119
1564493400,28.25,28.42,28.19,28.39,30726087
1564579800,28.39,28.5268,28.195,28.25,64485396
1564666200,28.23,28.42,27.57,27.61,107976336
1564752600,27.56,27.735,27.23,27.6,66036364
1565011800,26.99,27.12,26.475,26.68,85527893
1565098200,26.85,27.13,26.59,27.11,53444990
1565184600,26.6,26.87,26.24,26.75,82354607
1565271000,27.01,27.27,26.79,27.26,66653170
1565357400,27.11,27.31,26.9,27.17,53782734
1565616600,26.85,26.95,26.57,26.65,56837635
1565703000,26.6,27.17,26.5,26.98,72404973
1565789400,26.38,26.52,25.96,25.98,92067291
1565875800,26.11,26.275,25.915,26.11,59686955
1565962200,26.24,26.64,26.24,26.57,49339086
1566221400,26.98,27.03,26.785,26.84,38298798
1566307800,26.69,26.74,26.45,26.48,40587187
1566394200,26.65,26.69,26.53,26.6,44922814
1566480600,26.74,26.85,26.57,26.78,43902626
1566567000,26.59,26.79,25.92,26.1,86262189
1566826200,26.27,26.37,26.11,26.35,34237158
1566912600,26.45,26.53,26.03,26.19,54243969
1566999000,26.05,26.465,26.03,26.43,51879555
1567085400,26.67,26.915,26.62,26.83,49830058
1567171800,26.98,27.055,26.82,26.92,40565540
1567517400,26.7,26.73,26.405,26.64,60003508
1567603800,26.84,26.95,26.78,26.9,43946483
1567690200,27.28,27.68,27.27,27.45,68642748
1567776600,27.48,27.56,27.335,27.44,35660801
1568035800,27.63,27.97,27.57,27.86,67798105
1568122200,27.95,28.075,27.7,27.96,77546615
1568208600,27.98,28.15,27.73,28.12,53285947
1568295000,28.04,28.38,27.95,28.27,72872161
1568381400,28.49,28.6,28.36,28.49,56248735
1568640600,28.25,28.43,28.21,28.39,36693589
1568727000,28.29,28.42,28.19,28.42,41036022
1568813400,28.31,28.59,28.23,28.52,57487672
1568899800,28.5,28.67,28.375,28.39,43068798
1568986200,28.29,28.4,28.06,28.08,83159933
1569245400,27.94,28.21,27.89,28.13,35999922
1569331800,28.21,28.27,27.78,27.86,61938301
1569418200,27.92,28.14,27.81,28.09,53843910
1569504600,28.05,28.0835,27.92,27.96,53294733
1569591000,28.19,28.29,27.92,28.07,73400527
1569850200,28.14,28.17,27.984,28,30702989
1569936600,28.13,28.15,27.41,27.41,55856502
1570023000,27.24,27.25,26.79,26.85,79284340
1570109400,26.81,26.96,26.45,26.96,81616880
1570195800,26.99,27.48,26.97,27.46,41513512
1570455000,27.35,27.57,27.29,27.32,36987430
1570541400,27.05,27.06,26.76,26.78,60876208
1570627800,26.95,27.155,26.925,27.03,45674200
1570714200,27.1,27.51,27.1,27.31,55462104
1570800600,27.74,27.99,27.64,27.65,79325703
1571059800,27.56,27.75,27.53,27.69,38557294
1571146200,27.85,28.2561,27.74,28.09,66547206
1571232600,28.09,28.16,27.95,28.02,44758084
1571319000,28.17,28.25,27.97,28.04,32164074
1571405400,27.96,28.22,27.9566,28.11,40525653
1571664600,28.35,28.54,28.34,28.5,44952222
1571751000,28.45,28.61,28.33,28.42,50580987
1571837400,28.36,28.54,28.35,28.54,30900020
1571923800,28.57,28.62,28.39,28.5,33507175
1572010200,28.47,28.73,28.2282,28.64,28330218
1572269400,28.75,28.92,28.7401,28.79,50104567
1572355800,28.73,29,28.7,28.86,48458100
1572442200,28.86,28.9165,28.64,28.84,51106706
1572528600,28.74,28.75,28.47,28.7,56795530
1572615000,28.92,29.15,28.86,29.12,42302273
1572877800,29.37,29.42,29.29,29.37,37319056
1572964200,29.46,29.62,29.41,29.48,39516122
1573050600,29.46,29.63,29.42,29.63,40179892
1573137000,29.81,30.03,29.74,29.85,61738567
1573223400,29.82,29.85,29.64,29.84,53810453
1573482600,29.66,29.82,29.6217,29.76,19702774
1573569000,29.77,29.89,29.69,29.8,44640587
1573655400,29.57,29.71,29.45,29.61,43932498
1573741800,29.53,29.67,29.47,29.67,46171953
1573828200,29.77,29.8,29.66,29.75,30098954
1574087400,29.75,29.82,29.66,29.81,25470007
1574173800,29.88,29.97,29.7935,29.87,30772211
1574260200,29.75,29.81,29.52,29.73,46723879
1574346600,29.79,29.84,29.595,29.7,37192681
1574433000,29.74,29.9478,29.74,29.92,35195027
1574692200,29.96,30.15,29.95,30.11,50100339
1574778600,30.11,30.11,29.9325,30.08,33519997
1574865000,30.16,30.21,30.06,30.2,31017287
1575037800,30.14,30.2365,30.09,30.15,19444153
1575297000,30.2,30.26,29.93,29.96,52431092
1575383400,29.61,29.62,29.35,29.54,67909997
1575469800,29.57,29.9,29.55,29.82,41793964
1575556200,29.94,30.01,29.83,29.96,44969722
1575642600,30.29,30.46,30.28,30.36,40811264
1575901800,30.3,30.42,30.28,30.29,22101506
1575988200,30.21,30.36,30.13,30.3,37369837
1576074600,30.29,30.34,30.2,30.23,24491884
1576161000,30.27,30.91,30.25,30.82,68434041
1576247400,30.79,30.97,30.53,30.71,48138027
1576506600,30.96,31.02,30.79,30.82,45917698
1576593000,30.84,31.04,30.83,30.94,30916898
1576679400,31.04,31.04,30.81,30.81,39089750
1576765800,30.82,30.89,30.77,30.8,36947081
1576852200,30.8,30.88,30.64,30.68,97417028
1577111400,30.76,30.77,30.57,30.61,38323202
1577197800,30.67,30.69,30.6,30.68,12315909
1577370600,30.71,30.85,30.71,30.85,15903421
1577457000,30.9,30.91,30.75,30.77,19423051
1577716200,30.91,30.96,30.65,30.68,18825595
1577802600,30.66,30.79,30.62,30.78,15788138
1577975400,30.89,31.08,30.8,31.08,28823589
1578061800,30.68,30.88,30.59,30.75,51384939
1578321000,30.47,30.75,30.46,30.73,27956661
1578407400,30.66,30.71,30.53,30.53,39654652
1578493800,30.56,30.9,30.56,30.73,47982982
1578580200,30.95,30.975,30.83,30.92,27705899
1578666600,30.94,30.95,30.65,30.69,33460368
1578925800,30.76,30.93,30.68,30.9,27553174
1579012200,30.9,31.08,30.8,30.84,37576195
1579098600,30.69,30.79,30.57,30.67,41457270
1579185000,30.82,30.94,30.7542,30.94,34444000
1579271400,31.03,31.1,30.9106,31.03,38819425
1579617000,30.88,31.02,30.77,30.77,41276452
1579703400,30.87,30.94,30.815,30.86,27391018
1579789800,30.7,30.85,30.49,30.78,43072312
1579876200,30.79,30.79,30.1962,30.39,58924941
1580135400,29.79,30.06,29.75,29.92,50289300
1580221800,30.08,30.4,30.03,30.27,34257892
1580308200,30.37,30.475,30.1701,30.22,41168268
1580394600,29.95,30.62,29.93,30.6,51209980
1580481000,30.34,30.3843,29.85,29.96,58958779
1580740200,30.17,30.47,30.1493,30.17,40168745
1580826600,30.58,30.75,30.45,30.46,79273314
1580913000,30.87,31.1,30.8,31.07,51086871
1580999400,31.24,31.27,30.965,31.03,37044389
1581085800,30.86,31.01,30.79,30.92,27982485
1581345000,30.82,31.01,30.8101,31.01,17723704
1581431400,31.09,31.26,31.09,31.12,27997359
1581517800,31.28,31.38,31.1,31.14,26964157
1581604200,31.04,31.2,30.9534,31.13,22758975
1581690600,31.1,31.19,31.015,31.17,22080227
1582036200,31.08,31.16,30.72,30.9,37795921
1582122600,31.01,31.21,30.97,31.13,25643251
1582209000,31.02,31.28,30.86,31.07,50344301
1582295400,30.92,30.99,30.6,30.77,51128175
1582554600,29.8,30.06,29.63,29.77,70455449
1582641000,29.78,29.84,28.62,28.76,111826875
1582727400,28.95,29.215,28.55,28.55,95015741
1582813800,27.94,28.39,27.31,27.33,143536169
1582900200,26.4,26.85,25.97,26.59,192064175
1583159400,26.64,27.95,26.36,27.95,127115541
1583245800,27.86,28.25,26.625,26.9,256525000
1583332200,27.26,27.8,26.8,27.79,124407986
1583418600,26.87,26.94,26.15,26.45,130265661
1583505000,25.25,25.84,25.03,25.55,160607013
1583760600,23,23.88,22.52,22.81,134165747
1583847000,23.87,24.17,22.84,24.15,149282272
1583933400,23.41,23.65,22.52,22.84,146956334
1584019800,20.94,22.21,20.3,20.37,161437526
1584106200,21.9,23.09,20.9,23.05,160945700
1584365400,19.35,21.34,18.93,19.89,110661583
1584451800,20.35,21.19,19.54,20.97,122295136
1584538200,19.65,20.05,18.28,19.19,145056421
1584624600,18.79,19.89,18.11,19.61,105652811
1584711000,19.82,19.92,18.67,18.91,157840916
1584970200,18.44,18.6,17.49,17.66,144547917
1585056600,18.71,19.96,18.575,19.85,158551111
1585143000,20.14,21.23,19.3874,20.39,162949598
1585229400,20.66,21.82,20.625,21.67,129753949
1585315800,20.79,21.67,20.55,21.01,109305622
1585575000,21.04,21.525,20.6,21.41,67297220
1585661400,21.21,21.45,20.635,20.82,83819894
1585747800,19.72,19.94,19.37,19.55,79185017
1585834200,19.43,20.2,19.365,20.04,68398263
1585920600,19.85,20.14,19.355,19.64,68418105
1586179800,20.62,21.2176,20.4716,21.05,69015063
1586266200,22.2,22.22,21.25,21.26,70950941
1586352600,21.58,22.33,21.34,22.19,80003402
1586439000,22.77,23.655,22.73,23.38,147892930
1586784600,23.31,23.33,22.325,22.53,66236307
1586871000,23.07,23.135,22.21,22.63,96168982
1586957400,21.73,21.86,21.54,21.65,63481951
1587043800,21.6,21.64,21.06,21.27,68907624
1587130200,22.1,22.515,21.92,22.39,88698630
1587389400,21.95,22.36,21.75,22,59063101
1587475800,21.33,21.71,21.21,21.29,71957895
1587562200,21.73,21.79,21.47,21.52,47510291
1587648600,21.58,21.86,21.4,21.43,71740225
1587735000,21.66,21.825,21.33,21.74,33836725
1587994200,21.96,22.6,21.92,22.48,109435148
1588080600,23.16,23.325,22.67,22.72,46452303
1588167000,23.42,23.655,23.18,23.38,70064449
1588253400,22.91,23.16,22.675,22.79,56745740
1588339800,22.25,22.31,21.9115,22.06,37534293
1588599000,21.77,21.8902,21.44,21.86,50177200
1588685400,22.16,22.275,21.79,21.79,65122828
1588771800,21.99,22.05,21.3,21.32,63738410
1588858200,21.6,22.18,21.6,21.82,61339041
1588944600,22.24,22.32,22.01,22.29,42240657
1589203800,21.98,22.05,21.74,21.86,54994912
1589290200,21.95,22.03,21.27,21.29,62202694
1589376600,21.11,21.14,20.5,20.66,86848318
1589463000,20.3,21.21,20.085,21.19,103763104
1589549400,20.99,21.23,20.795,21.05,70284975
1589808600,21.83,22.3,21.6773,22.13,79563572
1589895000,22,22.11,21.58,21.59,56673196
1589981400,21.95,22.2,21.93,22.07,50402631
1590067800,22,22.21,21.88,22,49939856
1590154200,21.99,22.02,21.7,21.92,37584497
1590499800,22.75,23.3,22.73,23.06,108349163
1590586200,24.09,24.1,23.54,24.06,121521218
1590672600,24.33,24.34,23.61,23.68,101593968
1590759000,23.4,23.62,23.17,23.41,86971072
1591018200,23.5,23.79,23.34,23.68,52629291
1591104600,23.89,24.04,23.7,23.87,52550514
1591191000,24.4,24.87,24.34,24.76,77622930
1591277400,24.72,25.3,24.52,25.3,97575087
1591363800,26.78,26.825,26.15,26.24,135859288
1591623000,26.67,26.795,26.3701,26.74,80298387
1591709400,26.11,26.4,25.92,26.17,92833147
1591795800,26.02,26.1597,25.17,25.19,110848913
1591882200,24,24.36,23.09,23.13,233116601
1591968600,24.06,24.06,23.22,23.83,127502925
1592227800,23.01,24.238,22.96,24.16,92469468
1592314200,25.12,25.12,23.95,24.54,108121252
1592400600,24.61,24.61,24.13,24.17,56320875
1592487000,23.93,24.37,23.8602,24.14,61206472
1592573400,24.6,24.61,23.71,23.98,99903907
1592832600,23.68,23.88,23.53,23.71,47929500
1592919000,24.07,24.22,23.8,23.82,47218930
1593005400,23.51,23.52,22.91,22.98,90217541
1593091800,22.9,23.64,22.86,23.59,110208940
1593178200,23.19,23.26,22.52,22.58,123959144
1593437400,22.82,22.98,22.63,22.83,69107072
1593523800,22.71,23.3,22.69,23.14,60653071
1593610200,23.24,23.35,22.87,22.94,60500278
1593696600,23.45,23.53,22.915,22.97,50841858
1594042200,23.48,23.66,23.28,23.41,60271743
1594128600,23.22,23.225,22.87,22.93,43810905
1594215000,22.92,23.23,22.84,23.17,53046101
1594301400,23.16,23.21,22.49,22.68,71163738
1594387800,22.67,23.49,22.67,23.46,94440587
1594647000,23.76,23.91,23.42,23.56,102487105
1594733400,23.46,23.745,23.25,23.68,102468252
1594819800,24.25,24.26,23.89,24.15,90549316
1594906200,23.94,24.4,23.85,24.15,74678528
1594992600,24.2,24.22,23.94,23.95,47033680
1595251800,23.82,23.98,23.75,23.84,40127636
1595338200,24,24.4299,23.97,24.31,46494919
1595424600,24.19,24.325,24.105,24.31,44434169
1595511000,24.26,24.47,24.18,24.33,49916070
1595597400,24.35,24.475,24.19,24.27,41245574
1595856600,24.16,24.18,23.86,24.07,43060247
1595943000,23.98,24.12,23.9,24.01,35370511
1596029400,23.97,24.49,23.9314,24.46,36491582
1596115800,24,24.07,23.71,24.02,53994587
1596202200,24.01,24.06,23.71,24.03,50186863
1596461400,24.13,24.285,23.955,24.1,42985843
1596547800,24,24.04,23.87,24,30754518
1596634200,24.16,24.39,24.125,24.33,34866481
1596720600,24.25,24.42,24.1501,24.32,33115354
1596807000,24.2,24.86,24.15,24.84,63302841
1597066200,24.98,25.11,24.8701,25.02,45436106
1597152600,25.49,25.72,25.25,25.31,73758559
1597239000,25.76,25.77,25.06,25.24,58794997
1597325400,25.05,25.26,24.93,25.08,35222516
1597411800,24.96,25.3,24.925,25.18,28276928
1597671000,25.09,25.11,24.75,24.76,53396992
1597757400,24.78,24.84,24.58,24.6,35502548
1597843800,24.69,24.935,24.52,24.59,59847178
1597930200,24.31,24.5,24.29,24.36,45586098
1598016600,24.32,24.53,24.23,24.31,35349229
1598275800,24.45,24.89,24.39,24.89,51010918
1598362200,25.1,25.17,24.8,24.96,55236875
1598448600,24.9,24.96,24.75,24.84,30646631
1598535000,24.82,25.375,24.82,25.26,66463903
1598621400,25.44,25.45,25.15,25.36,49170562
1598880600,25.34,25.34,25.055,25.06,52259043
1598967000,24.93,25.215,24.85,25.13,42040016
1599053400,25.12,25.58,25.0499,25.49,48429949
1599139800,25.64,26.01,24.94,25.1,98391267
1599226200,25.55,25.69,24.89,25.29,111105512
1599571800,25.04,25.1,24.55,24.64,84683037
1599658200,24.87,25.07,24.71,24.89,52320985
1599744600,24.97,25.14,24.49,24.54,55515302
1599831000,24.58,24.84,24.5,24.71,69285693
1600090200,24.93,25.27,24.86,25.05,51020975
1600176600,25.1,25.12,24.69,24.71,48459911
1600263000,24.76,25.27,24.71,24.99,62122241
1600349400,24.65,24.8799,24.58,24.73,47334182
1600435800,24.73,24.9278,24.63,24.68,61707172
1600695000,24.03,24.165,23.56,23.93,72307333
1600781400,23.87,24.1,23.53,23.73,84561453
1600867800,23.78,23.945,23.2,23.2,54274638
1600954200,23.21,23.58,22.94,23.25,56512283
1601040600,23.08,23.57,23.03,23.49,46018752
1601299800,23.82,24.22,23.82,24.05,62803502
1601386200,23.98,24.015,23.62,23.75,53262864
1601472600,23.85,24.27,23.84,24.07,66732154
1601559000,24.17,24.33,23.92,24.11,65766067
1601645400,23.79,24.44,23.73,24.3,63367823
1601904600,24.53,24.78,24.465,24.7,58911741
1601991000,24.91,25.08,24.36,24.45,88404884
1602077400,24.68,24.98,24.68,24.86,53810732
1602163800,25,25.26,24.94,25.2,57646316
1602250200,25.34,25.37,25.0317,25.23,52025758
1602509400,25.21,25.59,25.205,25.51,45931404
1602595800,25.43,25.51,24.943,25.02,60377774
1602682200,25.04,25.13,24.75,24.78,49035086
1602768600,24.55,24.98,24.51,24.97,41640087
1602855000,25.02,25.15,24.87,24.99,40103579
1603114200,25.08,25.09,24.565,24.61,42989046
1603200600,24.77,25.095,24.76,24.81,67293885
1603287000,24.77,24.93,24.675,24.68,44307200
1603373400,24.67,25.2,24.66,25.17,39511826
1603459800,25.33,25.405,25.05,25.25,45092704
1603719000,24.89,24.93,24.45,24.68,53980959
1603805400,24.67,24.67,24.21,24.23,46083326
1603891800,23.72,23.93,23.47,23.61,89288268
1603978200,23.55,23.9617,23.25,23.79,60901968
1604064600,23.65,23.9001,23.47,23.86,66227901
1604327400,24.26,24.42,23.9643,24.31,65135953
1604413800,24.76,25.1,24.73,24.85,79828378
1604500200,24.41,25,24.19,24.56,87397396
1604586600,24.77,25.335,24.77,25.16,65942296
1604673000,25.28,25.3093,24.88,24.96,60783529
1604932200,26.98,27.44,26.66,27.01,162965451
1605018600,27.04,27.245,26.79,27.15,85851219
1605105000,27.3,27.32,26.875,27.04,65062441
1605191400,26.71,26.765,26.35,26.59,62749613
1605277800,26.84,27.14,26.77,27.03,45051630
1605537000,27.71,27.73,27.36,27.63,67556101
1605623400,27.32,27.64,27.13,27.59,63679673
1605709800,27.72,27.94,27.32,27.33,71578423
1605796200,27.19,27.45,27.0233,27.42,47194764
1605882600,27.28,27.385,27.1218,27.18,39976918
1606141800,27.53,27.77,27.39,27.69,51870485
1606228200,28.17,28.69,28.095,28.66,60991150
1606314600,28.5,28.58,28.22,28.56,45204616
1606487400,28.56,28.59,28.36,28.47,26981175
1606746600,28.3,28.38,27.83,27.88,72524240
1606833000,28.4,28.565,28.29,28.31,53977316
1606919400,28.27,28.67,28.22,28.62,57471766
1607005800,28.64,28.7976,28.46,28.63,49566017
1607092200,28.82,29.03,28.8,28.98,52713126
1607351400,28.81,28.86,28.61,28.78,34630698
1607437800,28.51,28.84,28.51,28.77,31628548
1607524200,28.93,28.95,28.59,28.7,47589551
1607610600,28.48,28.78,28.39,28.75,41296702
1607697000,28.43,28.525,28.23,28.46,48216339
1607956200,28.84,28.84,28.11,28.13,38302861
1608042600,28.35,28.69,28.1928,28.61,38637134
1608129000,28.66,28.68,28.52,28.66,55602812
1608215400,28.71,28.79,28.58,28.74,38510854
1608301800,28.78,28.78,28.315,28.49,56080100
1608561000,28.67,28.855,28.225,28.72,77664803
1608647400,28.74,28.78,28.42,28.44,42342404
1608733800,28.61,29.07,28.6,28.91,52681434
1608820200,28.97,28.98,28.71,28.95,16071006
1609165800,29.15,29.32,28.985,29.09,32824848
1609252200,29.21,29.22,28.96,28.99,23607011
1609338600,29.09,29.205,29.02,29.12,16616701
1609425000,29.08,29.52,29,29.48,26239297
1609770600,29.59,29.6,28.83,29.08,47086344
1609857000,29.07,29.335,28.92,29.21,35265353
1609943400,29.77,30.74,29.77,30.5,102254861
1610029800,30.95,31.26,30.88,30.94,64342738
1610116200,31.09,31.1,30.51,30.92,54266408
1610375400,30.62,31.07,30.49,31.02,56591307
1610461800,31.2,31.49,31.105,31.34,60546586
1610548200,31.29,31.4,31.0924,31.32,55394727
1610634600,31.41,31.62,31.29,31.46,49828818
1610721000,31,31.19,30.71,30.94,68732671
1611066600,31.1,31.18,30.83,31.02,97441489
1611153000,31.12,31.12,30.78,30.89,55765702
1611239400,30.87,30.93,30.56,30.56,43733020
1611325800,30.25,30.46,30.2,30.34,37928042
1611585000,30.04,30.16,29.74,30.12,68321478
1611671400,30.24,30.28,29.855,29.88,55504593
1611757800,29.47,29.5,28.935,29,84059225
1611844200,29.37,29.88,29.28,29.54,62982771
1611930600,29.46,29.54,28.8231,28.95,78260672
1612189800,29.27,29.37,29.02,29.33,41947408
1612276200,29.67,30.19,29.655,30.04,54263012
1612362600,30,30.22,29.94,30.21,46195153
1612449000,30.31,30.89,30.3,30.88,63061753
1612535400,31.1,31.13,30.82,30.89,38461884
1612794600,30.99,31.29,30.99,31.29,48721641
1612881000,31.19,31.395,31.08,31.3,33571958
1612967400,31.46,31.5,31.15,31.3,38899638
1613053800,31.32,31.435,30.99,31.2,31909483
1613140200,31.17,31.55,31.14,31.52,38271828
1613485800,31.84,32.21,31.701,32.06,71330493
1613572200,31.96,32.26,31.85,32.22,60611463
1613658600,31.99,32.198,31.77,32.03,45188234
1613745000,32.24,32.52,32.2,32.41,54330760
1614004200,32.3,32.83,32.29,32.71,65930222
1614090600,32.94,32.95,32.57,32.91,94301211
1614177000,32.96,33.64,32.94,33.55,66000610
1614263400,33.82,33.84,32.85,32.94,92168956
1614349800,32.89,32.99,32.19,32.31,103105676
1614609000,32.86,33.52,32.86,33.32,67590104
1614695400,33.28,33.47,33.17,33.2,49987015
1614781800,33.33,33.955,33.29,33.46,72541660
1614868200,33.37,33.689,32.6,33.08,101311514
1614954600,33.64,33.795,32.78,33.71,109299834
1615213800,33.96,34.58,33.82,34.14,90538153
1615300200,33.87,34.3291,33.5201,33.83,117224570
1615386600,33.99,34.65,33.93,34.52,73262073
1615473000,34.34,34.69,34.14,34.42,50900116
1615559400,34.82,34.9499,34.66,34.77,68125959
1615815000,34.9,34.91,34.25,34.57,57858586
1615901400,34.39,34.43,33.94,34.21,67404134
1615987800,34.46,34.64,34.08,34.44,64051120
1616074200,34.79,35.29,34.5,34.62,96687416
1616160600,34.35,34.38,33.86,34.22,98506969
1616419800,33.82,33.89,33.512,33.63,68170640
1616506200,33.43,33.6617,33.04,33.16,70441893
1616592600,33.4,33.8,33.28,33.28,63357120
1616679000,33.26,33.89,33,33.84,60532633
1616765400,34.19,34.43,33.945,34.37,53771233
1617024600,33.89,34.29,33.72,34.07,71777771
1617111000,34.25,34.4683,34.21,34.31,55011351
1617197400,34.24,34.38,34.03,34.05,51138343
1617283800,34,34.47,34,34.47,51690145
1617629400,34.84,34.905,34.63,34.74,51789970
1617715800,34.66,34.83,34.545,34.67,41336786
1617802200,34.77,34.9181,34.6,34.84,38660831
1617888600,34.71,34.89,34.47,34.85,39927402
1617975000,35.09,35.17,34.89,35.15,40133729
1618234200,35.22,35.31,35.14,35.3,44435497
1618320600,35.1,35.14,34.78,34.97,39950895
1618407000,34.88,35.43,34.825,35.18,44065279
1618493400,35.26,35.3,34.82,35.15,55483534
1618579800,35.46,35.525,35.24,35.4,39115658
1618839000,35.39,35.49,35.18,35.3,31172291
1618925400,35.09,35.11,34.52,34.64,50227704
1619011800,34.52,35.15,34.415,35.12,39680014
1619098200,35.08,35.13,34.675,34.73,43611151
1619184600,34.73,35.53,34.675,35.38,50468640
1619443800,35.51,35.85,35.48,35.52,43749697
1619530200,35.57,35.85,35.49,35.8,50852378
1619616600,35.94,36.04,35.83,35.94,35771677
1619703000,36.22,36.61,36.19,36.58,48573019
1619789400,36.38,36.51,36.2025,36.26,43940862
1620048600,36.57,36.64,36.3,36.44,33320594
1620135000,36.28,36.73,36.04,36.73,66939714
1620221400,36.84,37.17,36.84,37.03,25780978
1620307800,37.18,37.59,36.96,37.58,43332915
1620394200,37.15,37.79,37.06,37.78,64616660
1620653400,37.98,38.26,37.72,37.75,56341073
1620739800,37.37,37.7099,36.935,37.08,82719020
1620826200,37.37,37.51,36.55,36.7,97911948
1620912600,36.56,37.515,36.54,37.29,66882590
1620999000,37.5,37.975,37.46,37.88,44850183
1621258200,37.76,37.99,37.61,37.95,40376669
1621344600,37.92,38.05,37.4,37.42,40299245
1621431000,36.99,37.21,36.59,37.19,63573906
1621517400,37.25,37.465,36.95,37.21,59216120
1621603800,37.36,37.78,37.34,37.58,44950309
1621863000,37.74,37.85,37.55,37.76,29159629
1621949400,37.81,38.1,37.33,37.38,38755863
1622035800,37.52,37.66,37.22,37.49,38601859
1622122200,37.83,38.02,37.609,37.92,39789527
1622208600,38.09,38.09,37.71,37.99,39268124
1622554200,38.37,38.48,38.115,38.22,35710666
1622640600,38.34,38.38,38.07,38.28,37537542
1622727000,38.16,38.6,38.04,38.37,54877518
1622813400,38.42,38.5,38.13,38.47,27250919
1623072600,38.53,38.53,38.15,38.22,37401849
1623159000,38.01,38.24,37.73,38.12,47747727
1623245400,37.97,38.02,37.66,37.76,40776244
1623331800,38.08,38.18,37.29,37.32,53775465
1623418200,37.39,37.575,37.38,37.56,40416652
1623677400,37.49,37.545,36.95,37.17,50613372
1623763800,37.18,37.43,37,37.24,51315057
1623850200,37.12,37.45,36.74,37.2,84961113
1623936600,37.39,37.41,35.99,36.1,97659932
1624023000,35.62,35.7408,35.18,35.23,180959978
1624282200,35.44,35.93,35.38,35.91,89831353
1624368600,35.99,36.11,35.63,35.97,42576449
1624455000,36,36.21,35.95,36.04,48094886
1624541400,36.25,36.58,36.08,36.49,42942760
1624627800,36.68,37.025,36.465,36.93,56845029
1624887000,36.86,36.89,36.45,36.66,70250695
1624973400,36.85,37.045,36.43,36.53,61051191
1625059800,36.42,36.77,36.41,36.69,42414087
1625146200,36.87,37,36.68,36.98,36615580
1625232600,36.98,37.02,36.7901,36.94,27018418
1625578200,36.85,36.87,36.12,36.36,49225254
1625664600,36.14,36.495,36.06,36.41,43747099
1625751000,35.83,36.04,35.51,35.68,75084217
1625837400,36.2,36.7599,36.09,36.71,70546482
1626096600,36.49,37.14,36.33,37.07,62953355
1626183000,36.95,37.01,36.535,36.67,44476176
1626269400,36.69,36.93,36.1,36.5,69632708
1626355800,36.14,36.85,36.14,36.62,53977596
1626442200,36.81,36.81,36.04,36.12,56160744
1626701400,35.42,35.61,34.9,35.11,89972179
1626787800,35.07,36.22,35,35.98,70635830
1626874200,36.27,36.78,36.24,36.6,59975036
1626960600,36.47,36.56,36.045,36.2,35292344
1627047000,36.55,36.65,36.155,36.26,36766925
1627306200,36.19,36.54,36.17,36.47,25396047
1627392600,36.19,36.62,36.02,36.46,38988356
1627479000,36.59,36.64,36.1619,36.41,42908194
1627565400,36.65,36.9661,36.49,36.81,41434227
1627651800,36.71,36.98,36.43,36.52,52385325
1627911000,36.77,37.19,36.48,36.53,47589850
1627997400,36.66,36.99,36.12,36.94,42169580
1628083800,36.59,37.0181,36.4326,36.63,52346378
1628170200,36.86,37.11,36.85,37.11,37168237
1628256600,37.46,37.93,37.45,37.86,58081048
1628515800,37.81,38.135,37.6,37.96,48015613
1628602200,37.93,38.47,37.885,38.36,40907442
1628688600,38.47,38.8099,38.29,38.8,48372124
1628775000,38.84,38.92,38.6,38.87,44608141
1628861400,38.9,38.95,38.49,38.58,43077193
1629120600,38.33,38.52,37.995,38.48,48013659
1629207000,38.22,38.5,37.8337,38.21,52414806
1629293400,38.06,38.33,37.7101,37.74,39550428
1629379800,37.33,37.74,37.215,37.46,48961333
1629466200,37.46,37.75,37.32,37.69,33898584
1629725400,37.88,38.16,37.88,38,28807400
1629811800,38.07,38.32,38.04,38.23,37677316
1629898200,38.33,38.92,38.25,38.68,47904760
1629984600,38.85,38.9,38.45,38.49,38484292
1630071000,38.54,39.01,38.53,39,38511081
1630330200,39.02,39.04,38.43,38.45,30096481
1630416600,38.42,38.69,38.26,38.4,49876212
1630503000,38.43,38.45,38.05,38.18,43976202
1630589400,38.27,38.445,38.16,38.31,29616978
1630675800,38.24,38.32,37.98,38.07,34850458
1631021400,38.2,38.2,37.84,37.84,39221523
1631107800,37.75,37.93,37.55,37.75,32523852
1631194200,37.7,38.22,37.67,37.86,33421022
1631280600,38.07,38.11,37.57,37.58,39350451
1631539800,37.85,38.065,37.74,38.01,40357251
1631626200,38.14,38.28,37.375,37.5,45670619
1631712600,37.48,37.95,37.44,37.86,36371319
1631799000,38,38.19,37.58,37.75,42630193
1631885400,37.7,37.935,37.48,37.58,82987178
1632144600,36.59,36.685,36.03,36.55,95008836
1632231000,36.78,36.915,36.41,36.5,45837597
1632317400,36.96,37.37,36.88,37.11,58350790
1632403800,37.47,38.2,37.41,38.02,71804987
1632490200,37.99,38.355,37.935,38.22,48066072
1632749400,38.56,38.85,38.49,38.74,58794503
1632835800,38.73,38.92,38.0409,38.1,96152675
1632922200,38.22,38.3,37.95,38.13,49882532
1633008600,38.35,38.36,37.52,37.53,73319263
1633095000,37.63,38.41,37.49,38.15,70443993
1633354200,38.09,38.59,37.755,37.82,69772684
1633440600,38.1,38.75,37.955,38.56,56058435
1633527000,38.21,38.63,37.93,38.6,63431067
1633613400,39,39.24,38.78,38.83,53295643
1633699800,38.87,39.1557,38.69,39.02,38607472
1633959000,39.11,39.4,38.61,38.63,50748310
1634045400,38.58,38.765,38.41,38.51,58527656
1634131800,38.5,38.54,37.74,38.29,72113636
1634218200,38.72,38.94,38.35,38.93,51893515
1634304600,39.31,39.71,39.18,39.51,58411071
1634563800,39.43,39.7499,39.32,39.52,56312728
1634650200,39.7,39.91,39.55,39.91,33082564
1634736600,39.84,40.23,39.73,40.23,44670214
1634823000,40.22,40.3099,39.855,40.06,35067638
1634909400,40.25,40.6879,40.21,40.62,41458194
1635168600,40.72,40.77,40.465,40.57,33120959
1635255000,40.67,40.86,40.54,40.6,41586934
1635341400,40.5,40.68,39.92,39.93,62449508
1635427800,40.09,40.44,40.0649,40.42,44566648
1635514200,40.47,40.545,40.18,40.26,42091996
1635773400,40.54,40.63,40.12,40.28,37503770
1635859800,40.27,40.5,40.16,40.38,31436827
1635946200,40.25,40.68,40.17,40.53,42946753
1636032600,40.38,40.48,39.69,40,48279711
1636119000,40.32,40.49,39.89,40.02,57866347
1636381800,40.27,40.535,40.141,40.24,32864577
1636468200,40.03,40.155,39.7643,40.02,48420388
1636554600,39.98,40.2,39.85,39.95,60695081
1636641000,40.01,40.19,39.84,40.06,31438902
1636727400,40.12,40.16,39.79,40.15,39218825
1636986600,40.26,40.36,40.07,40.15,30081055
1637073000,40.2,40.35,40,40.11,32599496
1637159400,40.05,40.05,39.54,39.65,53557211
1637245800,39.69,39.765,39.265,39.45,42995332
1637332200,39.11,39.25,38.715,39.02,71858073
1637591400,39.54,39.96,39.22,39.57,81965804
1637677800,39.83,40.22,39.66,40.19,61571249
1637764200,40.11,40.26,39.945,40.1,40410284
1637937000,38.84,39.005,38.33,38.77,76492188
1638196200,39.22,39.36,38.595,38.89,79316461
1638282600,38.42,38.58,37.9,37.96,121263739
1638369000,38.63,38.88,37.54,37.54,102020897
1638455400,37.89,38.8657,37.75,38.66,98076428
1638541800,38.71,38.805,37.725,38.03,97178184
1638801000,38.63,38.98,38.33,38.61,69716619
1638887400,39.06,39.41,38.87,39.3,115475490
1638973800,39.32,39.48,38.995,39.09,53033223
1639060200,38.9,39.21,38.76,39.01,45521116
1639146600,39.28,39.29,38.8002,39.05,38900921
1639405800,38.96,38.97,38.5,38.63,44343023
1639492200,38.57,39.15,38.54,38.86,51734388
1639578600,38.96,39.085,38.48,38.97,70424908
1639665000,39.42,39.74,39.215,39.46,71156600
1639751400,39.2,39.25,38.35,38.59,97801910
1640010600,37.81,37.86,37.21,37.66,85242261
1640097000,38.04,38.6084,38.04,38.44,57667861
1640183400,38.33,38.65,38.27,38.62,49702741
1640269800,38.84,39.165,38.8,38.82,39057328
1640615400,38.94,39.22,38.74,39.22,36120273
1640701800,39.15,39.4899,39.14,39.24,34055239
1640788200,39.32,39.43,39.14,39.19,27150504
1640874600,39.31,39.53,38.9954,39.12,30089129
1640961000,39.04,39.245,38.97,39.05,28497790
1641220200,39.34,39.68,39.32,39.53,49884422
1641306600,39.99,40.7,39.97,40.57,74210177
1641393000,40.69,40.9,40.07,40.1,76288355
1641479400,40.52,40.72,40.15,40.69,57725155
1641565800,40.78,41.27,40.635,41.17,62185450
1641825000,41.43,41.46,40.6,41.03,73620239
1641911400,41.18,41.41,40.795,41.39,60706271
1641997800,41.5,41.655,41.22,41.42,51560590
1642084200,41.48,41.6975,41.115,41.26,51659563
1642170600,40.6,40.865,40.335,40.83,81135462
1642516200,40.56,40.6,39.67,39.92,82556556
1642602600,40.22,40.245,39.215,39.25,85975120
1642689000,39.36,39.87,38.92,39,80314021
1642775400,38.84,38.95,38.04,38.2,117914259
1643034600,37.54,38.39,36.82,38.31,169203858
1643121000,37.88,38.75,37.255,38.47,97364909
1643207400,38.89,39.21,38.11,38.57,106681998
1643293800,38.94,39.34,37.97,38.22,91498935
1643380200,38.07,38.73,37.59,38.72,79753586
1643639400,38.45,39.09,38.22,39.06,58740942
1643725800,39.11,39.695,38.91,39.6,64601491
1643812200,39.58,39.935,39.33,39.87,46649415
1643898600,39.86,40,39.37,39.43,50676954
1643985000,39.5,40.44,39.48,40.1,77792442
1644244200,40.15,40.48,39.925,40.22,52710433
1644330600,40.5,40.88,40.4,40.78,56921248
1644417000,41,41.31,40.9,41.04,67505320
1644503400,40.85,41.385,40.51,40.68,67260802
1644589800,40.55,41.04,39.87,40.11,77962762
1644849000,40.09,40.23,39.33,39.66,71539805
1644935400,40.14,40.41,40,40.2,55459558
1645021800,40,40.41,39.95,40.23,41168838
1645108200,39.81,39.94,39.115,39.23,59108474
1645194600,39.19,39.55,39.02,39.22,47824547
1645540200,39.04,39.395,38.69,39.02,60719703
1645626600,39.31,39.43,38.235,38.34,64169775
1645713000,37.07,38,36.8,37.88,143075729
1645799400,38.13,39.2,38.12,39.1,99127106
1646058600,38.17,38.765,38.115,38.52,107370166
1646145000,38.15,38.26,36.85,37.1,129873103
1646231400,37.41,38.285,37.39,38.06,88182450
1646317800,38.23,38.43,37.62,37.94,71952780
1646404200,37.27,37.28,36.8,37.23,105917530
1646663400,36.89,36.93,35.845,35.87,116046210
1646749800,36.02,36.67,35.49,35.66,114914996
1646836200,36.848,37.285,36.7,36.97,88716382
1646922600,36.36,36.9,36.25,36.66,71547288
1647009000,36.98,37.21,36.375,36.4,76788207
1647264600,36.95,37.46,36.6875,36.86,70969670
1647351000,37.23,37.44,36.91,37.38,51828689
1647437400,37.86,38.485,37.735,38.43,87007585
1647523800,38.21,38.92,37.9594,38.91,58266358
1647610200,38.9,39.1,38.53,39,82342948
1647869400,39.02,39.135,38.61,38.81,46828635
1647955800,39.27,39.69,39.22,39.44,61053078
1648042200,39.19,39.28,38.685,38.71,42142591
1648128600,38.98,39.0599,38.7,39.02,30421479
1648215000,39.15,39.6,39.09,39.52,48621632
1648474200,39.4,39.44,38.96,39.41,44761020
1648560600,39.89,40.005,39.27,39.5,67968613
1648647000,39.5,39.52,38.99,39.22,47405299
1648733400,39.17,39.33,38.31,38.32,66619563
1648819800,38.58,38.66,37.9501,38.22,68422545
1649079000,38.13,38.3564,37.78,38.05,134312434
1649165400,37.9,38.31,37.72,37.81,56165655
1649251800,37.51,37.71,37.405,37.55,55835385
1649338200,37.52,37.69,36.9804,37.51,53346897
1649424600,37.66,38.06,37.56,37.89,44672328
1649683800,37.79,38.155,37.66,37.72,54435476
1649770200,37.69,38.04,37.15,37.31,67215440
1649856600,36.96,37.325,36.89,37.31,57446004
1649943000,37.23,37.49,36.88,36.89,68544217
1650288600,36.66,37.28,36.65,37.11,52748434
1650375000,37.21,37.68,37.2,37.62,41519065
1650461400,37.91,38.15,37.79,37.88,54635831
1650547800,38.14,38.315,37.21,37.28,55001040
1650634200,37.22,37.23,36.13,36.17,73170903
1650893400,35.87,36.31,35.3299,36.23,91392751
1650979800,35.82,36.2,35.301,35.32,81457467
1651066200,35.27,35.65,35.16,35.29,81602997
1651152600,35.65,35.865,35.12,35.74,62679984
1651239000,35.56,35.69,34.4301,34.51,74631676
1651498200,34.67,34.79,33.84,34.52,104408797
1651584600,34.76,35.32,34.64,34.97,73896338
1651671000,35.03,36.095,34.91,36.04,87794900
1651757400,35.62,35.685,34.56,34.99,101094042
1651843800,34.85,34.895,34.235,34.74,99281940
1652103000,34.27,34.48,33.75,33.91,85922821
1652189400,34.22,34.44,33.19,33.61,107581186
1652275800,33.65,34.33,33.25,33.3,110212184
1652362200,33.02,33.36,32.41,33.05,114331847
1652448600,33.45,33.805,33.2347,33.53,64036196
1652707800,33.4,33.545,32.985,33.25,55662163
1652794200,33.9,34.235,33.71,34.14,62878389
1652880600,33.82,33.87,33.07,33.2,74279347
1652967000,32.75,33.22,32.7,32.98,71533232
1653053400,33.21,33.38,32.225,32.92,77984603
1653312600,33.55,34.24,33.38,33.99,78189319
1653399000,33.79,34.025,33.22,33.92,77871468
1653485400,33.84,34.4,33.74,34.19,72192590
1653571800,34.56,35.105,34.53,34.98,50803236
1653658200,35.13,35.64,35.065,35.57,43862515
1654003800,35.28,35.745,35.09,35.47,64813362
1654090200,35.38,35.47,34.57,34.9,48642415
1654176600,34.93,35.41,34.655,35.38,45334692
1654263000,35.05,35.2,34.83,34.87,36699409
1654522200,35.16,35.52,34.96,34.97,32829609
1654608600,34.73,35.27,34.7,35.24,32031352
1654695000,34.97,35.07,34.49,34.62,38251766
1654781400,34.58,34.6,33.73,33.75,49715109
1654867800,33.02,33.14,32.5,32.53,74190907
1655127000,31.71,32.1,31.3725,31.56,104066783
1655213400,31.69,31.905,31.05,31.29,75592236
1655299800,31.62,32.09,31.1,31.64,87863646
1655386200,31,31.01,30.58,30.84,100884890
1655472600,30.91,31.275,30.63,30.93,116937652
1655818200,31.47,31.58,31.19,31.38,58065774
1655904600,31.02,31.6,30.98,31.31,48035818
1655991000,31.33,31.39,30.675,31.19,69348921
1656077400,31.32,32.37,31.2702,32.34,65489323
1656336600,32.59,32.59,32.08,32.23,47244836
1656423000,32.56,32.87,31.89,31.91,42465051
1656509400,31.94,32.06,31.6201,31.73,64507480
1656595800,31.23,31.73,30.85,31.45,75294325
1656682200,31.35,31.98,31.14,31.88,77308387
1657027800,31.38,31.79,31.02,31.77,51536755
1657114200,31.7,31.95,31.39,31.69,48001737
1657200600,31.96,32.24,31.93,32.15,33120102
1657287000,32.24,32.335,31.95,32.08,29062247
1657546200,31.9,32.055,31.73,31.82,30564301
1657632600,31.58,32.2,31.555,31.62,38210988
1657719000,31.28,31.55,30.9505,31.34,51459499
1657805400,30.7,30.835,30.37,30.74,57782271
1657891800,31.18,31.96,31.1,31.78,59650240
1658151000,32.23,32.45,31.52,31.66,38671385
1658237400,32.08,32.71,31.9916,32.61,40568032
1658323800,32.54,32.79,32.44,32.73,38508816
1658410200,32.64,32.94,32.39,32.94,40573064
1658496600,32.99,33.16,32.5,32.75,25741223
1658755800,32.95,33.11,32.72,32.96,24699278
1658842200,32.8,32.99,32.42,32.5,26357790
1658928600,32.63,33.16,32.5234,33,44819674
1659015000,33.03,33.25,32.5,33.24,40974555
1659101400,33.32,33.82,33.29,33.71,38724004
1659360600,33.39,33.615,33.2,33.43,35143634
1659447000,33.27,33.49,33.02,33.06,36807188
1659533400,33.31,33.64,33.12,33.56,27314918
1659619800,33.53,33.62,33.39,33.45,24505822
1659706200,33.36,33.85,33.245,33.69,34366113
1659965400,33.94,34.05,33.635,33.67,24370078
1660051800,33.73,33.9299,33.665,33.84,26425426
1660138200,34.43,34.725,34.36,34.6,45365971
1660224600,34.92,35.23,34.88,35.01,46985196
1660311000,35.18,35.57,35,35.56,36370283
1660570200,35.2,35.65,35.13,35.55,25365997
1660656600,35.39,35.97,35.39,35.81,41300751
1660743000,35.4,35.79,35.38,35.63,33158031
1660829400,35.6,35.72,35.43,35.67,15966226
1660915800,35.46,35.46,34.84,34.96,33587391
1661175000,34.45,34.455,34.1,34.19,36810125
1661261400,34.15,34.395,34.05,34.05,23243967
1661347800,33.99,34.34,33.925,34.23,20682181
1661434200,34.3,34.7873,34.21,34.76,26402559
1661520600,34.91,34.915,33.69,33.72,38230598
1661779800,33.47,33.72,33.28,33.48,34872092
1661866200,33.59,33.695,33.1,33.3,41870670
1661952600,33.47,33.59,33,33.05,39768164
1662039000,32.91,33.2,32.51,33.15,40604574
1662125400,33.53,33.81,32.73,32.89,43208800
1662471000,33.06,33.14,32.48,32.81,45877052
1662557400,32.71,33.52,32.6607,33.46,35023002
1662643800,33.29,34.07,33.15,34.05,50760926
1662730200,34.2,34.45,34.185,34.36,41327148
1662989400,34.5,34.82,34.425,34.64,41969764
1663075800,33.96,34.08,33.235,33.35,60771555
1663162200,33.42,33.575,32.95,33.25,39233194
1663248600,33.29,33.79,33.2,33.36,47653027
1663335000,33.03,33.12,32.705,33.06,53893313
1663594200,32.5,33.275,32.5,33.26,36491408
1663680600,32.995,33.06,32.465,32.77,42193565
1663767000,32.98,33.1,32.07,32.09,49644639
1663853400,32.16,32.21,31.49,31.55,52299458
1663939800,31.24,31.31,30.6,31.05,56800974
1664199000,30.82,31.11,30.34,30.56,49969720
1664285400,30.8,30.9586,30.12,30.43,60650379
1664371800,30.52,31.21,30.44,31.03,46088696
1664458200,30.7,30.82,30.26,30.64,41860011
1664544600,30.66,31.04,30.28,30.36,37984314
1664803800,30.66,31.34,30.3,31.18,47086078
1664890200,31.66,32.37,31.62,32.34,53441833
1664976600,31.84,32.265,31.725,32.09,41766843
1665063000,31.91,32.13,31.5709,31.64,34717920
1665149400,31.36,31.46,30.72,30.89,36380688
1665408600,31.06,31.185,30.57,30.75,31011716
1665495000,30.55,30.865,30.225,30.36,50431913
1665581400,30.37,30.685,30.18,30.29,48265691
1665667800,29.68,31.62,29.59,31.54,83086056
1665754200,31.82,32.19,30.94,31.01,60886878
1666013400,31.67,32,31.5825,31.79,47222232
1666099800,32.62,32.66,31.93,32.3,48150747
1666186200,32.02,32.29,31.5925,31.77,35205662
1666272600,31.73,32.05,31.17,31.26,43124407
1666359000,31.35,32.22,31.12,32.19,54487276
1666618200,32.38,32.77,32.28,32.62,40117237
1666704600,32.45,33.07,32.39,33.01,33950312
1666791000,33.11,33.46,33.015,33.09,38012085
1666877400,33.4,33.73,33.3,33.36,41232173
1666963800,33.45,34.23,33.385,34.19,36421273
1667223000,33.97,34.205,33.93,33.98,40083802
1667309400,34.26,34.345,33.92,34.07,38946147
1667395800,34,34.6,33.61,33.64,58039881
1667482200,33.22,33.56,33.08,33.3,40828076
1667568600,33.78,34.085,33.43,33.91,41825626
1667831400,34.16,34.27,33.935,34.25,30060292
1667917800,34.26,34.62,34.09,34.45,34839570
1668004200,34.22,34.35,33.795,33.87,42126188
1668090600,34.9,35.63,34.81,35.58,67677668
1668177000,35.76,36.03,35.6294,35.87,46076139
1668436200,35.77,35.8,35.33,35.36,38002710
1668522600,35.74,35.875,35.0782,35.44,57802083
1668609000,35.42,35.51,35.1537,35.27,32852429
1668695400,34.86,35.1,34.755,35.08,35706943
1668781800,35.55,35.6,35.075,35.37,39455364
1669041000,35.32,35.545,35.28,35.48,24630914
1669127400,35.67,35.879,35.67,35.84,29582250
1669213800,35.78,36.08,35.78,35.99,27916869
1669386600,36.03,36.16,35.96,36.11,11266482
1669645800,35.91,36.055,35.43,35.49,34206518
1669732200,35.451,35.78,35.41,35.7,31489580
1669818600,35.65,36.32,35.14,36.31,58607003
1669905000,36.49,36.49,35.815,36.1,58157583
1669991400,35.72,35.96,35.61,35.93,40483338
1670250600,35.66,35.72,34.855,35.04,53401994
1670337000,35,35.1963,34.45,34.73,45102232
1670423400,34.59,34.975,34.51,34.59,37775859
1670509800,34.69,34.86,34.502,34.62,46600862
1670596200,34.49,34.7799,34.48,34.53,40885648
1670855400,34.55,35.03,34.39,34.99,72570892
1670941800,35.9,35.9,34.845,35.08,55659034
1671028200,34.99,35.33,34.49,34.64,54685076
1671114600,34.1,34.24,33.735,33.96,70334043
1671201000,33.6,33.8001,33.3943,33.7,59619437
1671460200,33.4,33.74,33.19,33.4,37456785
1671546600,33.53,33.77,33.4113,33.54,45446449
1671633000,33.86,34.16,33.84,34.06,31318106
1671719400,33.84,33.87,33.21,33.76,25608721
1671805800,33.74,34,33.57,33.95,17116166
1672151400,34.02,34.105,33.795,33.94,25601078
1672237800,34,34.09,33.78,33.82,24395063
1672324200,34,34.35,33.92,34.29,26624198
1672410600,34.04,34.265,33.92,34.2,24735712
1672756200,34.45,34.69,34.07,34.32,37396480
1672842600,34.67,35.12,34.57,34.87,44669324
1672929000,34.75,34.75,34.37,34.61,45585748
1673015400,34.84,35.49,34.6,35.38,41229683
1673274600,35.5,35.7,35.16,35.25,48726649
1673361000,35.19,35.48,35.0742,35.45,34663664
1673447400,35.54,35.78,35.47,35.78,32014710
1673533800,35.9,36.06,35.62,35.85,56642385
1673620200,35.39,36.17,35.26,36.12,65920861
1673965800,36.03,36.05,35.77,35.88,65345169
1674052200,35.68,35.9,35.18,35.21,53693044
1674138600,34.78,34.98,34.56,34.8,61169520
1674225000,34.9,35.37,34.745,35.35,42330132
1674484200,35.38,35.91,35.265,35.76,44997272
1674570600,35.7,35.935,35.3,35.78,34333543
1674657000,35.47,36.07,35.455,36.06,38458654
1674743400,36.15,36.305,35.905,36.25,29944164
1674829800,36.2,36.46,36.15,36.25,30787365
1675089000,36.06,36.3299,36.01,36.07,31595005
1675175400,36.14,36.57,35.97,36.56,30282099
1675261800,36.18,36.88,36.095,36.56,51418673
1675348200,36.76,36.805,36.365,36.66,42107281
1675434600,36.37,36.9,36.36,36.59,43155021
1675693800,36.38,36.59,36.3,36.58,32273606
1675780200,36.35,37.1052,36.35,37,33000523
1675866600,36.73,37.095,36.68,36.78,34555520
1675953000,36.93,37.04,36.29,36.37,44329561
1676039400,36.19,36.52,36.07,36.49,28108890
1676298600,36.47,36.91,36.44,36.91,32209034
1676385000,36.84,37.075,36.48,36.71,33525330
1676471400,36.42,36.765,36.37,36.75,28514721
1676557800,36.4,36.66,36.31,36.38,34379073
1676644200,36.2,36.435,36.09,36.39,35884876
1676989800,36.08,36.13,35.475,35.64,36425232
1677076200,35.64,35.78,35.41,35.6,31065167
1677162600,35.75,35.92,35.3001,35.63,42357613
1677249000,35.32,35.77,35.26,35.66,48732617
1677508200,35.99,36.05,35.5817,35.65,31664597
1677594600,35.7,35.8999,35.61,35.72,32531448
1677681000,35.56,35.76,35.46,35.6,32790337
1677767400,35.39,35.47,35.01,35.43,38409461
1677853800,35.57,36,35.5,35.99,33091585
1678113000,36.01,36.245,35.91,36.02,30111132
1678199400,35.89,35.92,35,35.09,53804397
1678285800,35.05,35.235,34.78,34.96,50860314
1678372200,34.76,34.815,33.37,33.54,107108500
1678458600,33.145,33.72,32.525,32.93,166575162
1678714200,31.76,32.3199,31.365,31.63,165965875
1678800600,32.84,32.845,31.87,32.27,128115514
1678887000,31.355,31.535,30.96,31.41,132235003
1678973400,31.2,32.34,30.9,32.01,134093142
1679059800,31.71,31.71,30.895,30.98,136760563
1679319000,31.07,31.44,31.02,31.17,75384575
1679405400,31.88,32.04,31.81,31.96,115899169
1679491800,31.96,32.05,31.2,31.22,67874143
1679578200,31.28,31.6,30.79,31.01,82366321
1679664600,30.63,31.02,30.39,30.99,76647535
1679923800,31.52,31.59,31.235,31.42,61393348
1680010200,31.38,31.52,31.22,31.41,42980099
1680096600,31.75,31.88,31.61,31.87,52147171
1680183000,32.1,32.12,31.62,31.8,45061690
1680269400,31.98,32.16,31.86,32.15,49034438
1680528600,32.115,32.3399,32.0201,32.21,51213486
1680615000,32.29,32.34,31.7,31.91,45939269
1680701400,31.67,31.96,31.66,31.87,57965324
1680787800,31.81,32.046,31.775,31.99,36762286
1681133400,31.87,32.07,31.8,32.06,27900715
1681219800,32.14,32.48,32.12,32.34,53912616
1681306200,32.5,32.67,32.19,32.27,63645798
1681392600,32.29,32.575,32.07,32.56,58550281
1681479000,32.9,33.15,32.72,32.88,65054415
1681738200,32.86,33.27,32.72,33.26,69670589
1681824600,33.33,33.4299,33.08,33.36,49507548
1681911000,33.31,33.53,33.25,33.44,39478861
1681997400,33.22,33.4308,33.21,33.34,39291820
1682083800,33.24,33.26,33.03,33.22,41545017
1682343000,33.195,33.32,33.06,33.14,32774163
1682429400,32.93,32.99,32.56,32.57,58534295
1682515800,32.48,32.66,32.12,32.26,54294200
1682602200,32.38,32.84,32.38,32.78,46398842
1682688600,32.62,33.1957,32.545,33.17,54598658
1682947800,33.26,33.43,33.04,33.08,31950590
1683034200,32.95,32.96,32.025,32.33,76096651
1683120600,32.37,32.53,31.93,31.96,65642402
1683207000,31.68,31.85,31.26,31.55,76076589
1683293400,32.07,32.38,32.02,32.33,55019390
1683552600,32.51,32.62,32.34,32.38,34323628
1683639000,32.14,32.385,32.065,32.26,29736172
1683725400,32.47,32.54,31.795,32.08,39706084
1683811800,31.88,32.075,31.74,32.03,36693238
1683898200,32.24,32.24,31.69,31.9,36253024
1684157400,31.96,32.22,31.9,32.16,33208458
1684243800,32.095,32.19,31.84,31.86,31241413
1684330200,32.11,32.59,32.04,32.5,46818832
1684416600,32.44,32.775,32.32,32.74,42232483
1684503000,32.82,32.92,32.45,32.6,40132919
1684762200,32.71,32.78,32.46,32.66,35286215
1684848600,32.52,32.69,32.255,32.28,42217163
1684935000,32.04,32.07,31.79,31.86,46610723
1685021400,31.78,31.96,31.66,31.85,41658889
1685107800,31.92,32.1875,31.87,32.11,44183009
1685453400,32.16,32.23,31.885,32.1,57900480
1685539800,31.91,31.94,31.49,31.76,67667873
1685626200,31.94,32.17,31.72,32.1,48643396
1685712600,32.41,32.915,32.41,32.8,65752905
1685971800,32.84,32.84,32.48,32.63,53591085
1686058200,32.6,33.09,32.58,33.04,46236074
1686144600,33.07,33.24,32.87,33.17,48467077
1686231000,33.06,33.19,32.88,33.14,36261175
1686317400,33.08,33.29,33.06,33.15,34025387
1686576600,33.18,33.27,32.89,33.14,33673941
1686663000,33.11,33.48,33.07,33.34,46054359
1686749400,33.42,33.59,33.1,33.21,57195427
1686835800,33.1,33.725,33.07,33.65,52241776
1686922200,33.8,33.83,33.54,33.58,49861063
1687267800,33.21,33.27,32.98,33.18,50683081
1687354200,33.1,33.3,33,33.14,35967562
1687440600,33.08,33.09,32.77,32.88,38698748
1687527000,32.63,32.85,32.515,32.74,35529595
1687786200,32.69,32.9399,32.58,32.67,25728264
1687872600,32.73,33,32.71,32.93,34348138
1687959000,32.89,32.9,32.7001,32.85,36663187
1688045400,33.02,33.42,32.98,33.42,47470982
1688131800,33.64,33.85,33.58,33.71,44762287
1688391000,33.71,34,33.66,33.9,19127976
1688563800,33.7,33.92,33.6,33.83,39833482
1688650200,33.55,33.58,33.25,33.54,45808350
1688736600,33.4,33.87,33.4,33.59,33488663
1688995800,33.595,33.93,33.57,33.74,27254400
1689082200,33.86,34.18,33.79,34.14,33754224
1689168600,34.42,34.605,34.265,34.36,46546020
1689255000,34.41,34.535,34.35,34.48,40453681
1689341400,34.73,34.74,34.2042,34.25,47552728
1689600600,34.21,34.68,34.21,34.58,38568886
1689687000,34.66,35,34.61,34.97,47176549
1689773400,34.97,35.26,34.96,35.12,45599818
1689859800,35.06,35.39,35.045,35.38,45591523
1689946200,35.44,35.46,35.175,35.26,30615721
1690205400,35.28,35.71,35.27,35.6,32299794
1690291800,35.5,35.58,35.34,35.37,36218637
1690378200,35.33,35.69,35.28,35.58,35638715
1690464600,35.58,35.67,35.08,35.13,44072765
1690551000,35.41,35.425,35.01,35.2,32427672
1690810200,35.27,35.44,35.18,35.33,28627021
1690896600,35.26,35.36,35.14,35.33,26495304
1690983000,35.03,35.155,34.83,35.03,48930438
1691069400,34.82,35.13,34.72,35.05,31871732
1691155800,35.02,35.36,34.875,34.91,36195670
1691415000,35.13,35.46,35.12,35.4,33119338
1691501400,34.94,35.1061,34.67,35.08,37254806
1691587800,35.06,35.16,34.78,34.82,38304216
1691674200,35,35.26,34.76,34.85,38097502
1691760600,34.74,34.98,34.655,34.92,27518747
1692019800,34.82,34.92,34.69,34.85,23773797
1692106200,34.56,34.595,34.17,34.21,57472072
1692192600,34.15,34.415,34.12,34.16,33566495
1692279000,34.27,34.32,33.8942,33.99,38205391
1692365400,33.75,34.08,33.72,33.98,40859959
1692624600,34.03,34.095,33.67,33.94,32308259
1692711000,33.95,33.99,33.5744,33.62,43148858
1692797400,33.68,33.96,33.63,33.95,30240536
1692883800,33.9,34.31,33.83,33.83,35784853
1692970200,33.97,34.12,33.71,33.99,40347163
1693229400,34.1,34.3,34.07,34.18,34905318
1693315800,34.15,34.4957,34.1,34.49,43394335
1693402200,34.54,34.71,34.44,34.51,33799921
1693488600,34.61,34.615,34.3446,34.38,27999689
1693575000,34.59,34.7959,34.555,34.69,41075673
1693920600,34.65,34.79,34.33,34.34,38612307
1694007000,34.25,34.39,34.07,34.32,35672799
1694093400,34.18,34.38,34.13,34.23,47632630
1694179800,34.26,34.37,34.125,34.3,39742305
1694439000,34.46,34.64,34.3703,34.46,28965132
1694525400,34.45,34.935,34.405,34.69,48615168
1694611800,34.85,34.89,34.555,34.69,31994884
1694698200,34.93,35.0552,34.755,35.01,65685526
1694784600,34.78,35.04,34.76,34.83,51800186
1695043800,34.63,34.82,34.52,34.77,32458673
1695130200,34.8,34.865,34.505,34.73,36116798
1695216600,34.85,34.96,34.48,34.49,31617981
1695303000,34.37,34.37,33.92,33.92,48106804
1695389400,33.97,34,33.66,33.66,41688252
1695648600,33.59,33.76,33.48,33.74,40141709
1695735000,33.49,33.64,33.23,33.29,46165433
1695821400,33.38,33.38,32.95,33.24,49360881
1695907800,33.27,33.6,33.26,33.48,63638085
1695994200,33.64,33.69,33.09,33.17,52860527
1696253400,33.06,33.14,32.71,32.89,49350601
1696339800,32.73,32.815,32.24,32.37,52921754
1696426200,32.38,32.63,32.21,32.61,40136047
1696512600,32.52,32.82,32.45,32.76,41407826
1696599000,32.62,33.225,32.51,33.04,54057834
1696858200,32.74,33.13,32.71,33.06,61396589
1696944600,33.16,33.51,33.15,33.3,44743354
1697031000,33.4,33.535,33.1,33.35,35746363
1697117400,33.45,33.45,32.91,33.14,41991169
1697203800,33.35,33.655,33.03,33.21,53216513
1697463000,33.46,33.72,33.385,33.56,45589267
1697549400,33.41,33.935,33.4,33.72,41925171
1697635800,33.55,33.58,33.0701,33.14,46942085
1697722200,33.08,33.255,32.68,32.7,66656245
1697808600,32.69,32.75,32.17,32.2,59921317
1698067800,32.13,32.36,31.97,32,55913666
1698154200,32.15,32.365,32.051,32.22,35825013
1698240600,32.1,32.32,32.01,32.1,59240095
1698327000,32.02,32.349,31.97,32.03,56046144
1698413400,31.99,32.03,31.355,31.45,73057348
1698672600,31.67,32.09,31.59,32.01,48978077
1698759000,32.07,32.37,32.01,32.36,41050120
1698845400,32.42,32.7,32.345,32.57,51764061
1698931800,32.87,33.36,32.81,33.34,47416970
1699018200,33.66,33.94,33.65,33.78,58801309
1699281000,33.87,33.915,33.5,33.68,40599720
1699367400,33.58,33.71,33.52,33.63,27441995
1699453800,33.62,33.7,33.46,33.67,30057962
1699540200,33.78,33.83,33.465,33.53,34336588
1699626600,33.69,33.94,33.495,33.91,35153488
1699885800,33.79,33.95,33.74,33.86,28327270
1699972200,34.23,34.69,34.2,34.5,54296279
1700058600,34.56,34.79,34.5501,34.69,35000184
1700145000,34.79,34.865,34.68,34.83,33222473
1700231400,34.96,35.02,34.87,35.01,31341489
1700490600,34.96,35.23,34.885,35.15,37400151
1700577000,35.1,35.22,35.07,35.13,27285737
1700663400,35.21,35.34,35.15,35.27,32723981
1700836200,35.27,35.435,35.255,35.38,13168491
1701095400,35.25,35.3178,35.18,35.26,35016987
1701181800,35.22,35.37,35.16,35.25,39329273
1701268200,35.35,35.71,35.35,35.5,36651299
1701354600,35.58,35.9,35.465,35.9,37334537
1701441000,35.84,36.21,35.78,36.17,51267600
1701700200,35.96,36.27,35.92,36.13,41366616
1701786600,36.02,36.03,35.79,35.95,39510878
1701873000,36.15,36.285,35.7201,35.77,35616129
1701959400,35.86,35.96,35.77,35.94,26050871
1702045800,35.9,36.19,35.86,36.13,33213096
1702305000,36.14,36.42,36.14,36.35,31165724
1702391400,36.44,36.62,36.29,36.61,37245695
1702477800,36.62,37.245,36.55,37.2,56988976
1702564200,37.5,37.71,37.37,37.57,66865709
1702650600,37.26,37.4358,37.19,37.35,69246238
1702909800,37.35,37.42,37.25,37.29,43434018
1702996200,37.27,37.58,37.17,37.57,32508982
1703082600,37.47,37.5594,36.9,36.9,52985729
1703169000,37.06,37.27,36.924,37.26,27522248
1703255400,37.37,37.49,37.2,37.34,30331445
1703601000,37.37,37.56,37.31,37.49,17837563
1703687400,37.41,37.61,37.355,37.61,32640761
1703773800,37.55,37.8,37.54,37.72,25308018
1703860200,37.71,37.77,37.4901,37.6,30218318
1704205800,37.5,37.78,37.43,37.76,31351873
1704292200,37.59,37.65,37.38,37.44,46908957
1704378600,37.57,37.89,37.52,37.59,36904184
1704465000,37.59,37.95,37.57,37.75,44852345
1704724200,37.76,38.01,37.56,37.99,39098313
1704810600,37.79,37.795,37.634,37.75,36338058
1704897000,37.69,37.84,37.57,37.81,37095460
1704983400,37.76,37.81,37.37,37.67,49043458
1705069800,37.85,37.99,37.445,37.6,41333857
1705415400,37.28,37.41,37.1308,37.34,44042053
1705501800,37.02,37.42,37,37.27,38715919
1705588200,37.22,37.365,36.95,37.33,42064934
1705674600,37.47,37.98,37.35,37.93,59417724
1705933800,38.09,38.3,38.0247,38.11,51828830
1706020200,38.09,38.1999,38.01,38.17,46255523
1706106600,38.33,38.53,38.29,38.32,43975483
1706193000,38.47,38.55,38.27,38.51,50693847
1706279400,38.45,38.7179,38.41,38.65,38620191
1706538600,38.53,38.78,38.43,38.75,44175644
1706625000,38.79,39.28,38.77,39.24,43229261
1706711400,39.16,39.45,38.74,38.76,65780855
1706797800,38.69,38.845,38.25,38.82,63445632
1706884200,38.69,39.1577,38.665,38.98,61778368
1707143400,38.76,38.88,38.575,38.75,37351320
1707229800,38.7,38.885,38.645,38.83,41055717
1707316200,39.04,39.165,38.77,39.12,39018730
1707402600,38.94,39.085,38.72,38.97,47331463
1707489000,38.92,39.095,38.82,39.08,50680443
1707748200,39.08,39.43,38.99,39.26,39952718
1707834600,38.96,39.055,38.42,38.73,62948331
1707921000,38.96,39.13,38.81,39.1,58722450
1708007400,39.22,39.85,39.21,39.77,58107891
1708093800,39.73,39.81,39.5506,39.63,37900006
1708439400,39.35,39.66,39.315,39.52,39952226
1708525800,39.47,39.64,39.33,39.64,40259036
1708612200,39.86,40.245,39.79,40.1,55188192
1708698600,40.25,40.465,40.224,40.3,42190548
1708957800,40.26,40.53,40.03,40.1,38369977
1709044200,40.14,40.22,39.935,40.21,42599488
1709130600,40.13,40.5,40.115,40.36,40040804
1709217000,40.46,40.55,40.17,40.34,37629718
1709303400,40.33,40.4201,40.155,40.29,40794889
1709562600,40.22,40.5,40.21,40.39,53413221
1709649000,40.25,40.63,40.25,40.4,50770165
1709735400,40.46,40.73,40.275,40.61,58459509
1709821800,40.76,40.835,40.4,40.55,35505147
1709908200,40.61,40.83,40.565,40.62,47266577
1710163800,40.47,40.73,40.4,40.69,36233063
1710250200,40.78,40.98,40.64,40.86,53199285
1710336600,40.94,41.17,40.91,41.16,43471385
1710423000,41.17,41.25,40.61,40.83,65563436
1710509400,40.6,40.98,40.52,40.79,67568043
1710768600,40.78,40.92,40.575,40.87,39140635
1710855000,40.9,41.09,40.875,41.07,36748313
1710941400,41.02,41.59,40.95,41.56,52255345
1711027800,41.66,42,41.61,41.9,49209183
1711114200,41.95,42.035,41.39,41.42,32032973
1711373400,41.39,41.46,41.26,41.26,31784000
1711459800,41.41,41.526,41.27,41.4,30135473
1711546200,41.6,41.9,41.494,41.89,36670279
1711632600,41.94,42.22,41.865,42.12,41490170
1711978200,42.16,42.195,41.81,41.89,37537679
1712064600,41.76,41.815,41.6,41.67,36359804
1712151000,41.68,41.96,41.535,41.65,39715860
1712237400,42,42.08,41.13,41.18,52657527
1712323800,41.34,41.675,41.2,41.57,47540273
1712583000,41.58,41.82,41.56,41.75,35165667
1712669400,41.77,41.875,41.175,41.51,51971423
1712755800,41.11,41.27,40.76,40.89,59492759
1712842200,40.87,40.93,40.355,40.6,56870826
1712928600,40.33,40.4998,39.905,40.06,81234754
1713187800,40.58,40.74,39.745,39.86,71800571
1713274200,39.89,39.98,39.53,39.59,66751329
1713360600,39.77,39.945,39.5322,39.69,41561911
1713447000,39.87,40.18,39.735,39.83,48893445
1713533400,40.05,40.455,39.97,40.38,55513625
1713792600,40.6,41.1,40.43,40.87,50701160
1713879000,41.06,41.23,40.95,41.13,36488578
1713965400,41.02,41.175,40.91,41.12,33957450
1714051800,40.92,41.03,40.525,40.88,50365748
1714138200,40.81,41.045,40.72,40.82,35796948
1714397400,40.81,40.9873,40.61,40.76,36596064
1714483800,40.67,40.76,40.36,40.36,34481590
1714570200,40.33,40.85,40.28,40.36,54717648
1714656600,40.64,40.695,40.17,40.46,37085052
1714743000,40.7,40.79,40.355,40.55,45012624
1715002200,40.86,41.07,40.77,41.07,42335607
1715088600,41.17,41.29,41.1,41.21,42601185
1715175000,41.17,41.43,41.055,41.36,28390900
1715261400,41.26,41.67,41.25,41.67,31594752
1715347800,41.82,41.91,41.77,41.83,34306846
1715607000,41.95,42.02,41.66,41.66,29570094
1715693400,41.82,41.9,41.66,41.87,30638318
1715779800,41.97,42.22,41.955,42.18,36138286
1715866200,42.22,42.38,42.16,42.18,36032731
1715952600,42.25,42.49,42.2,42.49,29813163
1716211800,42.4,42.46,41.89,41.91,35719633
1716298200,41.99,42.22,41.97,42.18,33413366
1716384600,42.09,42.27,41.85,41.94,38661149
1716471000,41.9,41.94,41.2,41.36,51768509
1716557400,41.44,41.62,41.44,41.61,23477279
1716903000,41.52,41.52,41,41.15,31004942
1716989400,40.82,40.95,40.695,40.82,40620242
1717075800,40.86,41.1299,40.76,41.04,32772640
1717162200,41.12,41.68,41,41.64,38666213
1717421400,41.63,41.675,41.015,41.38,37855010
1717507800,41.16,41.5,41,41.19,27586390
1717594200,41.32,41.36,41.01,41.31,23817258
1717680600,41.38,41.5,41.13,41.29,39040168
1717767000,41.3,41.71,41.22,41.48,42273250
1718026200,41.3,41.37,41.05,41.32,31618982
1718112600,41.12,41.14,40.65,40.85,54584938
1718199000,41.27,41.32,40.75,40.81,46399791
1718285400,40.81,40.82,40.5,40.78,39497916
1718371800,40.5,40.73,40.37,40.65,29083007
1718631000,40.55,41.02,40.48,41.01,36101642
1718717400,40.96,41.27,40.925,41.27,38900276
1718890200,41.18,41.595,41.135,41.49,42869055
1718976600,41.39,41.43,41.09,41.33,42532779
1719235800,41.34,41.845,41.235,41.59,45251991
1719322200,41.51,41.64,41.16,41.28,32852877
1719408600,41.09,41.11,40.82,41.02,37978480
1719495000,40.9,41.02,40.72,40.97,25466060
1719581400,41.06,41.37,40.935,41.11,44045134
1719840600,41.28,41.55,41.03,41.2,36131129
1719927000,41.12,41.68,41.1,41.68,27033074
1720013400,41.72,41.755,41.53,41.55,21113245
1720186200,41.64,41.64,41.3,41.54,21421108
1720445400,41.6,41.85,41.3801,41.43,27779272
1720531800,41.47,42.02,41.42,41.75,33143083
1720618200,41.55,41.92,41.53,41.91,28445376
1720704600,41.95,42.31,41.815,42.24,45836626
1720791000,42.19,42.56,42.08,42.38,39041225
1721050200,42.53,43.04,42.5,43,46561173
1721136600,43.03,43.51,42.95,43.49,52243090
1721223000,43.44,43.9,43.37,43.82,54773289
1721309400,43.67,44.105,43.19,43.29,58731301
1721395800,43.27,43.36,42.8001,42.85,47219951
1721655000,42.95,43.17,42.75,43.09,29071067
1721741400,43.2,43.39,43.1,43.17,23800350
1721827800,43.04,43.125,42.58,42.58,47786906
1721914200,42.66,43.365,42.65,42.74,44861988
1722000600,42.97,43.54,42.95,43.41,32636269
1722259800,43.51,43.535,43.13,43.35,35195682
1722346200,43.62,44,43.6,43.85,31418655
1722432600,43.95,44.1099,43.71,43.74,38694792
1722519000,43.9,43.96,42.93,43.12,47060859
1722605400,42.63,42.78,41.8,42.06,78599848
1722864600,41.14,41.23,40.66,40.84,107913570
1722951000,41.02,41.985,40.91,41.5,57668904
1723037400,41.96,42.355,41.49,41.55,43912569
1723123800,41.82,42.27,41.76,42.22,41260500
1723210200,42.21,42.505,42.04,42.4,23838795
1723469400,42.48,42.59,42.09,42.18,20509282
1723555800,42.43,42.56,42.12,42.53,24922014
1723642200,42.63,43.13,42.6,43.05,30673012
1723728600,43.46,43.69,43.31,43.45,33329022
1723815000,43.4,43.77,43.4,43.77,25338910
1724074200,43.78,44.02,43.78,44.01,24458568
1724160600,43.96,43.995,43.78,43.87,19620444
1724247000,43.94,43.99,43.57,43.8,19914057
1724333400,43.85,44.05,43.81,44.05,24404037
1724419800,44.18,44.54,44.09,44.43,32762498
1724679000,44.58,44.81,44.47,44.57,23716334
1724765400,44.66,44.82,44.58,44.8,21583452
1724851800,44.68,45.155,44.64,44.91,24726165
1724938200,45.06,45.46,44.75,45.31,33726634
1725024600,45.44,45.78,45.23,45.74,28967724
1725370200,45.5,45.875,45.185,45.4,39893913
1725456600,45.48,45.77,45.215,45.45,32006128
1725543000,45.64,45.66,44.745,44.95,39523540
1725629400,44.95,45.2,44.19,44.29,51331286
1725888600,44.71,45.2,44.65,44.95,41010885
1725975000,45.1,45.14,43.975,44.49,59114976
1726061400,44.32,44.35,43.38,44.28,59397484
1726147800,44.36,44.52,44,44.38,37739377
1726234200,44.51,44.6859,44.41,44.51,32912280
1726493400,44.7,45.1,44.7,45.09,37063920
1726579800,45.19,45.4799,45.14,45.33,27893291
1726666200,45.35,45.69,45.09,45.19,41783865
1726752600,45.65,45.81,45.34,45.69,46457685
1726839000,45.59,45.66,45.335,45.66,48699179
1727098200,45.49,45.67,45.36,45.44,31615259
1727184600,45.3,45.3,44.895,45.06,40341434
1727271000,45.08,45.14,44.65,44.79,32546934
1727357400,44.92,45.11,44.77,45.02,31445225
1727443800,45.12,45.437,45.05,45.15,23226116
1727703000,45.04,45.34,44.84,45.32,23599209
1727789400,45.2,45.31,44.775,45.08,32703005
1727875800,45.06,45.23,44.83,45.13,37709429
1727962200,44.96,45.05,44.665,44.89,23545682
1728048600,45.33,45.69,45.15,45.65,40435851
1728307800,45.65,45.67,44.9,45.09,26599262
1728394200,45.26,45.46,45.18,45.35,28762954
1728480600,45.35,45.86,45.26,45.77,28334270
1728567000,45.82,45.86,45.44,45.63,34127389
1728653400,45.92,46.6,45.89,46.51,52850296
1728912600,46.59,46.85,46.46,46.8,35850836
1728999000,47.12,47.39,46.84,46.9,42356775
1729085400,47.08,47.5,46.99,47.48,44973695
1729171800,47.68,47.81,47.58,47.61,45823445
1729258200,47.61,47.72,47.3501,47.62,34279601
1729517400,47.54,47.65,47.15,47.24,26207439
1729603800,47,47.23,46.78,47.15,30018749
1729690200,47.1,47.22,46.88,47.11,20697246
1729776600,47.12,47.205,46.86,47.15,19617544
1729863000,47.34,47.42,46.52,46.63,25526484
1730122200,46.87,47.2499,46.855,47.21,31415881
1730208600,47.09,47.22,46.88,46.92,27930913
1730295000,46.98,47.43,46.94,47.13,28704328
1730381400,47.07,47.21,46.48,46.48,53417061
1730467800,46.63,47,46.52,46.64,40139909
1730730600,46.61,46.65,46.025,46.28,41705580
1730817000,46.32,46.73,46.23,46.71,35221760
1730903400,49.04,49.68,48.7,49.55,153473381
1730989800,49.44,49.44,48.66,48.75,70611369
1731076200,49.1,49.4662,48.85,49.19,60376533
1731335400,49.68,50.135,49.67,49.89,63654706
1731421800,49.87,49.94,49.59,49.74,58512361
1731508200,49.84,50.1265,49.685,49.77,31880676
1731594600,49.88,49.99,49.545,49.64,38252752
1731681000,49.64,50.01,49.61,49.87,40741498
1731940200,49.91,50.11,49.7,50.02,27146818
1732026600,49.62,49.8799,49.42,49.69,27014709
1732113000,49.89,49.92,49.295,49.54,33932482
1732199400,49.79,50.3951,49.66,50.17,50881767
1732285800,50.14,50.78,50.13,50.73,42050839
1732545000,51.01,51.245,50.86,51.06,47492548
1732631400,51.08,51.26,50.76,51.16,28418403
1732717800,51.23,51.62,51.205,51.26,31803721
1732890600,51.44,51.57,51.25,51.34,15178418
1733149800,51.42,51.4893,50.7,50.83,55483579
1733236200,51.13,51.13,50.45,50.45,46924282
1733322600,50.4,50.44,50.085,50.26,41017433
1733409000,50.34,50.67,50.3,50.41,33599281
1733495400,50.4,50.57,50.2649,50.4,23439352
1733754600,50.44,50.49,49.69,49.71,41998283
1733841000,49.75,49.98,49.385,49.7,38861785
1733927400,49.9,49.92,49.58,49.8,35035893
1734013800,49.93,49.97,49.58,49.58,23107260
1734100200,49.78,49.795,49.43,49.54,39160444
1734359400,49.57,49.63,49.355,49.45,35242760
1734445800,49.26,49.27,48.9341,49.1,46103332
1734532200,49.19,49.3,47.59,47.63,72399490
1734618600,48.17,48.53,47.79,47.8,63641042
1734705000,47.7,48.885,47.6,48.51,56066149
1734964200,48.06,48.455,47.87,48.42,43033305
1735050600,48.52,49.01,48.425,48.99,18350465
1735223400,48.77,49.13,48.74,49.11,20807209
1735309800,48.85,49.17,48.49,48.75,33852395
1735569000,48.25,48.4955,47.86,48.28,34819775
1735655400,48.4,48.57,48.16,48.33,25170529
1735828200,48.58,48.765,47.94,48.21,35879122
1735914600,48.49,48.62,48.075,48.59,25198141
1736173800,48.8,49.02,48.35,48.44,54289944
1736260200,48.65,48.76,48.115,48.33,57682699
1736346600,48.34,48.5,48.02,48.49,36422023
1736519400,48.1,48.14,47.15,47.32,53128705
1736778600,47.08,47.68,47.035,47.66,36002819
1736865000,47.85,48.29,47.7449,48.25,39353252
1736951400,49.28,49.61,49.0099,49.48,61176908
1737037800,49.46,49.845,49.455,49.81,33830433
1737124200,49.91,50.32,49.73,50.23,43693111
1737469800,50.4,50.71,50.385,50.65,33267467
1737556200,50.65,50.66,50.21,50.41,37226405
1737642600,50.49,50.79,50.48,50.7,32048845
1737729000,50.53,50.9,50.48,50.85,39088665
1737988200,50.76,51.44,50.62,51.41,61707423
1738074600,51.35,51.55,51.11,51.32,39885275
1738161000,51.18,51.74,51.17,51.28,43612187
1738247400,51.75,52.04,51.43,51.77,64250481
1738333800,51.83,51.97,51.435,51.47,40429466
1738593000,50.75,51.395,50.4125,51.26,77416229
1738679400,51.32,51.39,51,51.14,41742731
1738765800,51.36,51.69,51.135,51.68,34758570
1738852200,51.98,52.125,51.76,52.11,34355928
1738938600,52.17,52.26,51.78,51.82,40601439
1739197800,51.91,51.975,51.19,51.41,37921492
1739284200,51.33,51.64,51.02,51.54,45162865
1739370600,51.28,51.38,50.92,51.36,45473140
1739457000,51.5,51.77,51.28,51.7,36372211
1739543400,51.77,52.02,51.75,51.8,29574275
1739889000,51.88,52.2,51.745,52.17,33496807
1739975400,52.04,52.25,51.9,52.19,31748520
1740061800,52.11,52.15,51.035,51.39,47078883
1740148200,51.41,51.5,50.645,50.75,51789947
1740407400,50.99,51.405,50.68,50.97,56673859
1740493800,51.27,51.405,50.305,50.96,50132791
1740580200,50.97,51.3154,50.75,50.85,31250488
1740666600,51.03,51.8,50.99,51.13,44378568
1740753000,51.39,52.2599,51.17,52.18,63537098
1741012200,52.32,52.635,51.365,51.74,76100133
1741098600,51.22,51.2781,49.6401,49.92,99342411
1741185000,49.94,50.4459,49.56,50.21,75561683
1741271400,49.62,49.955,49.055,49.38,55477738
1741357800,49.2,49.33,48.25,49.12,87351363
1741613400,48.29,48.605,47.46,48.02,78221422
1741699800,47.95,48.075,47.28,47.61,72972166
1741786200,48.12,48.19,47.22,47.68,60700119
1741872600,47.795,48.075,47.28,47.42,49986345
1741959000,47.87,48.6,47.62,48.52,49535675
1742218200,48.33,49.325,48.315,49.09,43570462
1742304600,49.13,49.29,48.85,49.03,32714243
1742391000,49.06,49.83,48.855,49.57,44290707
1742477400,49.29,49.975,49.2,49.64,46325956
1742563800,49.39,49.64,49.03,49.46,53382781
1742823000,49.79,50.27,49.6601,50.15,43158186
1742909400,50.33,50.51,50.08,50.43,24873708
1742995800,50.58,50.91,50.09,50.28,39753284
1743082200,50.19,50.445,49.785,50.18,32299840
1743168600,50.03,50.3,49.015,49.21,45365377
1743427800,48.72,50.06,48.58,49.81,38042299
1743514200,49.62,49.97,49.195,49.75,37959144
1743600600,49.35,50.325,49.27,50.16,41792116
1743687000,48.2,48.65,47.6001,47.69,101160618
1743773400,46.07,46.41,44.09,44.2,128135265
1744032600,42.84,45.65,42.21,44.09,179993163
1744119000,45.8,46.22,43.235,43.92,98804224
1744205400,43.24,47.61,43.07,47.23,177242940
1744291800,46.525,46.6,44.54,45.91,93318182
1744378200,45.6,46.97,45.37,46.67,63647449
1744637400,47.35,47.615,46.865,47.15,52008943
1744723800,47.42,47.9,47.23,47.27,41840096
1744810200,47.17,47.3363,46.18,46.53,47934329
1744896600,46.5,47.205,46.43,46.65,61866558
1745242200,46.41,46.545,45.14,45.65,43082314
1745328600,46.34,47.28,46.2,47.16,38154776
1745415000,48.04,48.725,47.56,47.72,50290854
1745501400,47.55,48.34,47.36,48.25,26817916
1745587800,48.01,48.23,47.7,48.02,28112974
1745847000,48.22,48.57,47.83,48.17,33922764
1745933400,48.18,48.76,47.96,48.67,42475285
1746019800,48.15,48.925,47.5,48.76,33759883
1746106200,48.575,49.07,48.435,48.75,34420160
1746192600,49.49,49.94,49.3345,49.76,35032074
1746451800,49.34,49.83,49.1,49.44,24139930
1746538200,49,49.555,48.97,49.16,28949143
1746624600,49.32,49.715,49.26,49.45,30078604
1746711000,49.84,50.37,49.725,49.86,31294156
1746797400,49.96,50.035,49.715,49.86,22075027
1747056600,51.11,51.195,50.55,50.87,44274103
1747143000,51,51.32,50.91,51.08,33986059
1747229400,51.105,51.17,50.785,50.94,38764201
1747315800,50.87,51.36,50.83,51.28,34742507
1747402200,51.27,51.6671,51.16,51.59,53400979
1747661400,51.32,51.77,51.24,51.62,26348357
1747747800,51.38,51.52,51.11,51.34,26902976
1747834200,51.02,51.165,50.245,50.29,40022024
1747920600,50.18,50.52,49.9719,50.23,33662796
1748007000,49.585,50.29,49.57,50.05,33645560
1748352600,50.435,50.96,50.26,50.93,38636418
1748439000,50.89,51.02,50.51,50.59,31730237
1748525400,50.76,50.86,50.36,50.85,34100943
1748611800,50.68,51.045,50.455,50.96,37953245
1748871000,50.61,51,50.29,50.98,30142346
1748957400,50.82,51.13,50.41,51.08,33705417
1749043800,51.15,51.21,50.78,50.79,24600500
1749130200,50.8,50.88,50.45,50.65,42022705
1749216600,51.17,51.44,51.045,51.28,34982809
1749475800,51.34,51.36,50.69,51,28322093
1749562200,50.99,51.08,50.88,51.06,27728640
1749648600,51.11,51.34,50.81,51,39368366
1749735000,50.7,51.01,50.5,51,25500933
1749821400,50.35,50.46,49.81,49.96,54921907
1750080600,50.32,50.875,50.31,50.53,35632359
1750167000,50.27,50.4799,50.085,50.24,31130670
1750253400,50.22,50.77,50.145,50.22,45728200
1750426200,50.365,50.58,50.215,50.36,44456149
1750685400,50.2,50.84,49.84,50.82,43022679
1750771800,51.32,51.77,51.275,51.58,41224977
1750858200,51.59,51.595,51.295,51.41,33123940
1750944600,51.44,51.83,51.41,51.79,37865997
1751031000,51.75,52.23,51.7,51.94,38954122
1751290200,52.18,52.4375,52.135,52.37,42472856
1751376600,52.24,52.765,52.21,52.66,33844757
1751463000,52.75,52.76,52.34,52.62,40791141
1751549400,52.75,53.27,52.695,53.19,25904774
1751895000,53.13,53.25,52.415,52.68,34048977
1751981400,52.56,52.6,52.175,52.21,53715016
1752067800,52.48,52.5,52.14,52.4,36634931
1752154200,52.28,52.76,52.28,52.71,27994906
1752240600,52.36,52.41,52.08,52.16,30289863
1752499800,52.15,52.575,52.02,52.55,27636505
1752586200,52.34,52.446,51.65,51.65,47704616
1752672600,51.93,52.06,51.325,52.01,46726472
1752759000,51.87,52.6,51.81,52.51,48213908
1752845400,52.58,52.645,52.43,52.54,29791289
1753104600,52.57,52.94,52.37,52.39,36871422
1753191000,52.5,52.745,52.47,52.68,32289144
1753277400,52.8,53.1,52.56,53.1,32111308
1753363800,53.12,53.44,53.005,53.07,32371926
1753450200,53.1,53.4867,52.99,53.44,28964728
1753709400,53.38,53.44,52.96,53.07,29119290
1753795800,53.25,53.295,52.68,52.8,37883194
1753882200,52.78,53.025,52.44,52.7,37260112
1753968600,52.48,52.99,52.27,52.37,46179397
1754055000,51.72,51.76,51.05,51.4,63060809
1754314200,51.6,51.91,51.485,51.91,40053073
1754400600,52.05,52.09,51.36,51.7,33550961
1754487000,51.81,52.025,51.66,51.95,34198688
1754573400,52.18,52.25,51.22,51.37,43119386
1754659800,51.67,51.97,51.5,51.85,39484394
1754919000,51.96,52.03,51.715,51.83,29351167
1755005400,52.05,52.5499,52.0448,52.46,37517672
1755091800,52.66,52.91,52.485,52.76,41154874
1755178200,52.71,53.05,52.53,53.01,35841464
1755264600,53.13,53.155,52.42,52.46,46108465
1755523800,52.385,52.56,52.29,52.5,25405056
1755610200,52.45,52.8699,52.45,52.6,24870756
1755696600,52.64,53.0099,52.505,52.87,39138780
1755783000,52.72,52.8,52.35,52.7,29037046
1755869400,52.97,53.68,52.945,53.57,47249757
1756128600,53.47,53.5765,53.235,53.26,24756500
1756215000,53.1,53.69,53.1,53.67,27906982
1756301400,53.54,53.94,53.51,53.78,39530070
1756387800,53.89,53.9063,53.695,53.85,28837323
1756474200,53.9,54.14,53.8,53.99,36062417
1756819800,53.7,53.7,53.115,53.59,38733051
1756906200,53.5,53.6,53.13,53.5,36420135
1756992600,53.69,54.075,53.565,54.06,32730023
1757079000,54.105,54.25,52.87,53.07,58377063
1757338200,53.09,53.17,52.835,53.11,49490877
1757424600,52.98,53.59,52.96,53.34,38884548
1757511000,53.17,53.395,52.9301,53.16,32915898
1757597400,53.19,54.07,53.18,54.03,36635370
1757683800,53.96,54.065,53.71,53.8,25705931
1757943000,53.89,54.09,53.62,53.68,31922018
1758029400,53.61,53.67,53.265,53.56,28482510
1758115800,53.67,54.33,53.645,54.08,47976104
1758202200,54.11,54.495,53.99,54.13,36609074
1758288600,54.26,54.405,53.92,54.25,46731380
1758547800,53.7,54.06,53.64,54,32393009
1758634200,53.95,54.49,53.63,53.76,28698894
1758720600,53.83,53.96,53.495,53.61,23893354
1758807000,53.47,53.71,53.24,53.47,24757541
1758893400,53.71,54.095,53.64,53.86,30686069
1759152600,54.04,54.1461,53.74,54.13,20713832
1759239000,54.06,54.235,53.42,53.87,32442206
1759325400,53.61,53.76,53.37,53.39,33210082
1759411800,53.31,53.48,53.0639,53.35,32443383
1759498200,53.42,53.97,53.38,53.72,32111601
1759757400,53.93,54.065,53.295,53.7,32001339
1759843800,53.88,54.045,53.52,53.77,31250466
1759930200,53.93,53.95,53.34,53.51,26848679
1760016600,53.625,53.81,53.19,53.32,33922435
1760103000,53.46,53.6799,52.16,52.16,73596160
1760362200,52.55,52.815,52.34,52.66,39651855
1760448600,52.45,53.65,52.245,53.24,62588716
1760535000,53.43,53.76,52.855,53.24,39526563
1760621400,53.09,53.12,51.54,51.76,85420094
1760707800,51.9,52.36,51.73,52.18,52288856
1760967000,52.36,52.895,52.29,52.79,39479562
1761053400,52.655,53.1265,52.655,52.73,31213574
1761139800,52.78,52.82,52.115,52.43,53727459
1761226200,52.59,52.68,52.29,52.54,29483687
1761312600,52.85,53.2799,52.805,53.11,31947795
1761571800,53.37,53.425,53.2,53.33,27154144
1761658200,53.33,53.4,52.94,52.99,33648003
1761744600,52.45,52.575,51.87,52.09,61846259
1761831000,52.02,52.82,52.015,52.23,48568670
1761917400,52.01,52.5,51.94,52.37,40425805
1762180200,52.33,52.34,51.65,52.15,38693242
1762266600,51.945,52.54,51.835,52.42,44675196
1762353000,52.49,52.82,52.18,52.6,38036340
1762439400,52.51,52.7,52.1701,52.41,42625669
1762525800,52.28,52.8,52.09,52.78,46218724
1762785000,52.93,53.15,52.65,52.97,42010615
1762871400,53.07,53.3375,52.88,53.21,29995846
1762957800,53.22,53.885,53.22,53.67,46052714
1763044200,53.57,53.76,52.88,52.98,50455272
1763130600,52.81,52.81,52.27,52.45,46154645
1763389800,52.47,52.49,51.2523,51.45,70048477
1763476200,51.28,51.7471,51.145,51.37,66043642
1763562600,51.38,51.645,51.19,51.56,46003923
1763649000,52.03,52.385,51.08,51.11,70096374
1763735400,51.46,51.965,51.135,51.67,68942896
1763994600,51.735,51.97,51.325,51.89,43789147
1764081000,52.11,52.66,51.91,52.54,50989805
1764167400,52.67,53.15,52.6,52.95,35268452
1764340200,53.1,53.55,53.03,53.33,16136126
1764599400,53.07,53.4,52.84,52.89,29296267
1764685800,52.99,53.14,52.64,52.84,29771514
1764772200,52.94,53.6,52.875,53.55,32017952
1764858600,53.59,53.91,53.47,53.66,33678672
1764945000,53.54,53.93,53.45,53.68,28532323
1765204200,53.7,53.71,53.28,53.48,31164191
1765290600,53.5,53.95,53.25,53.28,46335395
1765377000,53.28,54.08,53.21,53.89,45437522
1765463400,53.96,54.98,53.93,54.87,51786521
1765549800,55.16,55.2082,54.71,54.95,64428933
1765809000,55.18,55.305,54.82,54.99,35356839
1765895400,55.04,55.16,54.48,54.64,37342295
1765981800,54.8,55.07,54.5801,54.63,41112402
1766068200,54.77,55.015,54.355,54.54,35021622
1766154600,54.56,55.02,54.56,54.84,46595291
1766413800,54.75,55.44,54.74,55.32,37987770
1766500200,55.31,55.56,55.31,55.43,24732900
1766586600,55.51,55.889,55.405,55.73,15685769
1766759400,55.71,55.795,55.44,55.62,20410062
1767018600,55.59,55.68,55.26,55.32,34223838
1767105000,55.395,55.395,55.14,55.18,16160856
1767191400,55.22,55.26,54.75,54.77,22996209
1767364200,54.83,54.995,54.34,54.93,36087135
1767623400,54.82,56.51,54.82,56.13,58044124
1767709800,56.035,56.515,55.99,56.4,38950782
1767796200,56.23,56.34,55.54,55.61,44720867
1767882600,55.45,56.25,55.41,55.9,35358279
1767969000,55.98,56.16,55.72,55.73,29544907
1768228200,55.03,55.36,54.84,55.29,42021640
1768314600,55.15,55.23,54.15,54.23,77045093
1768401000,54.05,54.18,53.69,54.15,59754619
1768487400,54.22,54.7,54.21,54.37,48490757
1768573800,54.37,54.76,54.285,54.44,44363154
1768919400,53.61,54.11,53.1,53.2,57030827
1769005800,53.37,53.825,53.24,53.46,49360284
1769092200,53.65,54.05,53.635,53.81,46919268
1769178600,53.49,53.51,52.88,53.07,47057521
1769437800,53.1,53.55,53.09,53.41,31072708
1769524200,53.315,53.425,52.84,53,38633654
1769610600,52.93,53.21,52.76,52.99,45450809
1769697000,53.32,53.63,52.99,53.55,51975433
1769783400,53.38,53.655,53.02,53.44,42767032
1770042600,53.445,54.09,53.195,54.03,48031482
1770129000,53.72,54.165,53.16,53.53,66887064
1770215400,53.51,54.18,53.4,53.96,59506374
1770301800,53.94,54.06,53.18,53.29,64474987
1770388200,53.83,54.345,53.83,54.26,53073812
1770647400,54.08,54.39,53.9,53.94,31699883
1770733800,53.7,54.255,53.115,53.55,57920792
1770820200,53.67,53.93,52.69,52.74,60339943
1770906600,52.9,53.11,51.43,51.69,94645070
1770993000,51.545,51.93,51.25,51.65,56449294
1771338600,51.815,52.41,51.815,52.2,54064715
1771425000,52.345,52.78,52.275,52.59,45224038
1771511400,52.14,52.38,51.74,52.15,47344380
1771597800,52.04,52.495,51.72,52.49,52934136
1771857000,52.185,52.47,50.64,50.73,94600356
1771943400,50.45,51.18,50.235,50.98,64114146
1772029800,51.24,51.89,51.17,51.87,47652805
1772116200,52.07,52.655,51.98,52.5,60884262
1772202600,51.88,52.06,51.01,51.43,81998723
1772461800,50.605,51.63,50.46,51.3,70107181
1772548200,50.29,51.55,50.08,51.21,94738726
1772634600,51.33,51.65,51.075,51.5,51472435
1772721000,51.24,51.82,50.905,51.23,58432340
1772807400,50.44,50.615,49.75,50.57,75632744
1773063000,49.92,50.52,49.18,50.33,78178657
1773149400,50.33,50.6899,49.75,50.06,70834225
1773235800,49.98,50.12,49.2235,49.64,56301182
1773322200,48.98,49.22,48.79,48.83,67871737
1773408600,49.11,49.46,48.845,48.89,47595176
1773667800,49.25,49.745,49.11,49.3,45720120
1773754200,49.695,50.19,49.51,49.56,46974021
1773840600,49.37,49.71,48.92,48.97,49239115
1773927000,48.77,49.18,48.52,48.99,58374008
1774013400,48.955,49.34,48.79,49.08,82914016
1774272600,49.7,49.86,49.22,49.27,81044813
1774359000,48.8,49.59,48.78,49.28,43296378
1774445400,49.59,49.9501,48.99,49.34,40438797
1774531800,49.11,49.49,48.875,49.05,45035730
1774618200,48.79,48.835,47.67,47.81,64823894
1774877400,48.23,48.72,48.09,48.36,58128933
1774963800,48.92,49.46,48.51,49.37,85361932
1775050200,49.8,49.85,49.14,49.44,61558255
1775136600,48.825,49.81,48.6,49.53,39519845
1775482200,49.51,50.005,49.45,49.88,27345833
1775568600,49.62,50.02,49.5,49.88,31750045
1775655000,51.19,51.48,50.9601,51.2,48175438
1775741400,50.94,51.54,50.795,51.33,30330506
1775827800,51.23,51.29,50.64,50.77,35427511
1776087000,50.5,51.67,50.42,51.66,33635867
1776173400,51.51,51.91,51.44,51.78,36498429
1776259800,52.07,52.33,51.82,52.17,33804684
1776346200,52.09,52.41,51.915,52.03,25431953
1776432600,52.37,52.98,52.3,52.43,45183382
1776691800,52.335,52.76,52.26,52.63,26160648
1776778200,52.71,53.19,52.2,52.3,34150095
1776864600,52.48,52.645,52.07,52.21,31838385
1776951000,52.08,52.166,51.3,51.8,44647944
1777037400,51.58,51.67,51.32,51.42,27225299
1777296600,51.31,51.9,51.27,51.81,25764327
1777383000,52.2,52.395,51.8,51.85,24337454
1777469400,52.13,52.3,51.7,51.92,22153115
1777555800,51.51,52.25,51.2,52.13,31406439
1777642200,52.4,52.61,51.92,51.92,39618174
1777901400,51.78,52.19,51.49,51.58,44456298
1777987800,51.57,51.77,51.3799,51.59,27419583
1778074200,51.92,52.235,51.775,51.84,39084589
1778160600,51.78,52.08,51.42,51.55,36983127
1778247000,51.68,51.74,51.135,51.24,29627685
1778506200,51.26,51.46,50.955,51.18,30759160
1778592600,51.18,51.7,50.81,51.58,44193716
1778679000,51.14,51.325,50.955,50.99,33440155
1778765400,51.27,51.49,51.095,51.29,37059716
1778851800,51.32,51.495,51.035,51.1,29789776
1779111000,51.01,51.8,50.97,51.74,32974643
1779197400,51.63,51.79,51.05,51.1,35956275
1779283800,51.23,51.71,50.78,51.66,42148379
1779370200,51.46,51.83,51.21,51.73,33344220
1779456600,51.9,52.17,51.84,51.94,23315083
1779802200,52,52.23,51.72,51.85,24530155
1779888600,51.74,51.99,51.3,51.42,45241810
1779975000,51.19,51.5,51.02,51.27,40574472
1780061400,51.28,51.79,51.17,51.58,34240301
1780320600,51.225,51.5975,51.19,51.43,34507616
1780407000,51.23,51.66,50.98,51.46,30988845
1780493400,51.14,51.155,50.52,50.87,44906667
1780579800,51.54,52.3,51.48,52.19,57368132
1780666200,52.375,52.475,52.06,52.3,42101718
1780925400,52.24,52.47,51.96,51.97,39102711
1781011800,52.18,52.7,52.035,52.46,41695110
1781098200,52.495,52.81,52.21,52.23,31128419
1781184600,52.345,52.77,52.04,52.62,41295635
1781271000,52.96,53.55,52.8101,53.34,51023311
1781530200,53.76,53.97,53.48,53.56,37492394
1781616600,54.005,54.43,53.845,54.35,37478299
1781703000,54.29,54.89,53.9,54.05,49571885
1781789400,54.55,54.61,53.46,53.57,37816814
1782135000,53.615,54.02,53.57,53.7,27962782
1782221400,53.63,54.025,53.49,53.88,33375254
1782307800,53.86,54.1,53.54,53.72,30809613
1782394200,53.92,54.68,53.4,53.45,31709920
1782480600,53.56,53.94,53.2,53.57,26643042
1782739800,53.7,54.025,53.68,53.72,31628022
1782826200,53.66,53.85,53.395,53.61,27725303
1782912600,53.825,55.08,53.75,54.78,47809756
1782999000,55.28,55.64,55.005,55.62,46285176
1783344600,55.845,56.16,55.575,56.14,32043701
1783431000,56.305,56.59,56.01,56.05,27116509
1783517400,55.79,55.8,54.95,54.97,41648111
1783603800,55.07,55.6899,54.9703,55.54,26542037
1783690200,55.99,56.03,55.36,55.71,24046315
1783949400,55.98,56.16,55.605,56.07,33390997
1784035800,55.6,56.8,55.59,56.18,43208810
1784122200,56.3,56.815,56.18,56.56,49425446
1784208600,56.76,56.84,56.385,56.75,27591219
1784295000,56.43,56.935,56.12,56.26,42881769
1784554200,56.3,56.38,55.89,56.04,38162632
1784640600,55.99,56.335,55.72,56.11,26398953
1784727000,56.14,56.275,55.91,56.05,25430855
1784813400,55.68,55.86,55.45,55.83,24311041
1784899800,55.83,56.3799,55.69,56.31,32212936
1785159000,56.76,57.13,56.585,56.88,29805892
1785245400,57.13,57.6,56.95,57.6,34204441
1785331800,57.29,57.4701,56.585,56.68,49038768
1785418200,56.82,57.05,56.1847,57,33193785
1785504600,56.81,57.12,56.69,56.94,32543466
1785763800,57.29,57.55,57,57.38,31019439
1785850200,57.22,58.015,57.19,57.88,31466059
1785936600,58.18,58.405,57.8,58,34275586
1786023000,58.38,58.38,57.59,57.81,27704214
1786109400,57.61,57.79,57.34,57.6,20816712
1786368600,57.54,58.02,57.455,57.81,26070835
1786455000,57.78,58.095,57.715,57.8,19797010
1786541400,57.83,58,57.68,57.92,18531736
1786627800,58.19,58.305,57.75,58.26,23193475
1786714200,58.22,58.29,58.06,58.16,28130143
1786973400,57.96,58.265,57.55,57.58,45636699
1787059800,57.73,57.9796,57.565,57.84,25389365
1787146200,57.88,58.2,57.42,57.48,35648257
1787232600,57.47,57.655,56.91,56.95,30704196
1787319000,57.32,57.695,57.245,57.48,27277760
1787578200,57.7,58.3759,57.64,58.22,31462888
1787664600,58.19,58.36,57.87,58.31,23685140
1787751000,58.25,58.38,58.02,58.26,20054032
1787837400,57.91,58.23,57.73,57.88,26088711
1787923800,57.98,58.41,57.92,58.1,25142604
1788183000,57.86,57.925,57.69,57.71,25215699
1788269400,57.61,57.98,57.13,57.2,32401547
1788355800,57.38,58.2261,57.32,57.66,31324726
1788442200,58,58.6,57.99,58.56,32670451
1788528600,58.04,58.38,57.915,58.1,26361489
1788874200,57.705,57.82,57.26,57.3,38239199
1788960600,57.13,57.33,56.73,57.06,27523005
1789047000,56.91,57.11,56.6901,56.87,25355091
1789133400,57.44,57.615,56.955,57.25,34705631
