t,o,h,l,c,v
1412688600,19.74,19.755,19.485,19.485,18013384
1412775000,19.51,19.89,19.375,19.855,17341294
1412861400,19.835,19.87,19.505,19.525,30600718
1412947800,19.395,19.495,19.025,19.025,60365234
1413207000,19,19.185,18.79,18.815,57208856
1413293400,18.97,19.06,18.795,18.845,43084270
1413379800,18.575,18.79,18.29,18.715,58134428
1413466200,18.4,18.7275,18.35,18.605,54246224
1413552600,18.79,18.96,18.7,18.825,25574146
1413811800,18.72,18.97,18.625,18.96,18442818
1413898200,19.095,19.34,19.095,19.33,23146588
1413984600,19.395,19.44,19.225,19.24,24158346
1414071000,19.375,19.56,19.3355,19.455,64431968
1414157400,19.54,19.64,19.43,19.625,13806342
1414416600,19.565,19.695,19.545,19.645,11886972
1414503000,19.7,19.925,19.7,19.915,15490962
1414589400,19.89,19.96,19.77,19.895,26352200
1414675800,19.88,19.9975,19.795,19.96,18376308
1414762200,20.205,20.275,20.165,20.27,19925956
1415025000,20.295,20.39,20.265,20.355,19061652
1415111400,20.325,20.405,20.225,20.35,12866390
1415197800,20.475,20.485,20.315,20.405,14556202
1415284200,20.395,20.41,20.27,20.395,17179234
1415370600,20.415,20.44,20.32,20.42,14951436
1415629800,20.41,20.495,20.375,20.475,9641848
1415716200,20.49,20.495,20.4,20.485,6108514
1415802600,20.42,20.565,20.41,20.55,9033188
1415889000,20.6,20.73,20.5655,20.66,10792252
1415975400,20.665,20.805,20.665,20.805,8686538
1416234600,20.745,20.79505,20.665,20.765,8265344
1416321000,20.75,20.88,20.745,20.835,9659872
1416407400,20.84,20.84,20.605,20.7,14333990
1416493800,20.63,20.805,20.59,20.805,9794770
1416580200,20.97,20.98,20.75165,20.835,12925564
1416839400,20.875,20.95,20.815,20.945,6226420
1416925800,20.975,21.04,20.94,20.955,9489166
1417012200,20.96,21.155,20.96,21.145,20482094
1417185000,21.185,21.29,21.145,21.245,10865082
1417444200,21.195,21.22,20.915,21.0025,23329454
1417530600,20.995,21.045,20.925,21.01,11261276
1417617000,21.055,21.12,20.9625,21.085,8543364
1417703400,21.07,21.15,21.005,21.085,7533656
1417789800,21.1,21.14,21.01,21.06,14358916
1418049000,21.02,21.055,20.755,20.845,13379890
1418135400,20.57,20.87,20.5,20.84,16443380
1418221800,20.845,20.845,20.485,20.525,16541104
1418308200,20.56,20.85,20.56,20.615,18076326
1418394600,20.455,20.6075,20.285,20.3075,17965920
1418653800,20.445,20.52775,20.09505,20.185,20502246
1418740200,20.04,20.405,19.915,19.915,31303060
1418826600,19.975,20.35495,19.94,20.29,30565908
1418913000,20.65,20.88,20.59,20.87,21318516
1418999400,20.85,20.895,20.76,20.785,23388844
1419258600,20.865,21.035,20.83,21.035,12214062
1419345000,21.125,21.16,21.0775,21.09,13398838
1419431400,21.14,21.14,21.065,21.07,5311272
1419604200,21.11,21.1975,21.0975,21.16,4557032
1419863400,21.08,21.14,21.035,21.055,9276576
1419949800,21.015,21.0425,20.885,20.905,11006880
1420036200,20.975,20.99825,20.655,20.675,11910586
1420209000,20.805,20.855,20.53005,20.635,16990464
1420468200,20.56,20.56,20.26,20.32,14389466
1420554600,20.38,20.38,19.98,20.075,17491204
1420641000,20.23,20.295,20.1,20.245,13069156
1420727400,20.41,20.735,20.38,20.69,28423442
1420813800,20.75,20.8,20.47495,20.625,18339830
1421073000,20.615,20.665,20.315,20.385,11257488
1421159400,20.555,20.8075,20.225,20.37,23358460
1421245800,20.205,20.345,20.0695,20.255,17661380
1421332200,20.34,20.39,19.98,19.995,18655482
1421418600,19.93,20.21,19.91995,20.19,37642942
1421764200,20.31,20.405,20.10275,20.36,24031656
1421850600,20.27,20.48,20.17,20.395,27838176
1421937000,20.45,20.745,20.28,20.73,17624392
1422023400,20.725,20.82,20.657,20.725,12957544
1422282600,20.7,20.755,20.575,20.64,19467020
1422369000,20.3,20.3,19.955,20.045,21583910
1422455400,20.405,20.47,20.01,20.01,26094488
1422541800,20.02,20.24,19.83,20.2,33635138
1422628200,20.145,20.245,19.91,19.95,26012694
1422887400,20.02,20.18,19.695,20.155,31247126
1422973800,20.215,20.4025,20.16,20.385,19767366
1423060200,20.35,20.5725,20.35,20.425,11778728
1423146600,20.51,20.625,20.445,20.615,10183530
1423233000,20.645,20.74,20.49,20.55,9580620
1423492200,20.495,20.62,20.475,20.52,14331482
1423578600,20.66,20.85,20.585,20.825,22491498
1423665000,20.855,20.94,20.795,20.905,12499918
1423751400,21.065,21.205,21.035,21.19,13538476
1423837800,21.24,21.34,21.2,21.325,8631680
1424183400,21.345,21.37,21.28,21.335,10680578
1424269800,21.335,21.375,21.275,21.355,7499554
1424356200,21.34,21.45,21.3,21.43,6250850
1424442600,21.43,21.57,21.3186,21.54,13866994
1424701800,21.565,21.57,21.445,21.555,8094056
1424788200,21.54,21.65,21.43,21.62,9310926
1424874600,21.56,21.585,21.44,21.485,11734700
1424961000,21.55,21.65,21.49,21.62,15118784
1425047400,21.615,21.66,21.525,21.545,12111996
1425306600,21.62,21.73,21.55,21.715,13688906
1425393000,21.695,21.695,21.4725,21.57,17224246
1425479400,21.515,21.525,21.37,21.485,11765326
1425565800,21.535,21.535,21.385,21.46,15408668
1425652200,21.45,21.48,21.16075,21.195,16153372
1425907800,21.235,21.385,21.205,21.295,12498572
1425994200,21.175,21.18,20.86,20.86,17595742
1426080600,20.91,20.91,20.71,20.725,23040414
1426167000,20.665,20.875,20.645,20.86,24669816
1426253400,20.83,20.88,20.63,20.745,30375328
1426512600,20.855,21.005,20.79,20.99,17278722
1426599000,20.94,21.055,20.905,20.995,19067476
1426685400,20.97,21.355,20.8825,21.28,31710772
1426771800,21.25,21.324,21.205,21.22,17984700
1426858200,21.26,21.375,21.225,21.27,38592286
1427117400,21.275,21.3725,21.265,21.27,7506142
1427203800,21.285,21.345,21.2,21.2,14234740
1427290200,21.175,21.215,20.655,20.655,16348564
1427376600,20.54,20.775,20.47,20.67,18004720
1427463000,20.675,20.74,20.5725,20.685,15818664
1427722200,20.84,20.95,20.8,20.935,13210834
1427808600,20.87,20.91,20.72,20.72,15927254
1427895000,20.74,20.76005,20.545,20.69,20855666
1427981400,20.725,20.77,20.645,20.685,10938518
1428327000,20.54,20.92495,20.52,20.885,14689448
1428413400,20.885,21.0075,20.835,20.84,9368672
1428499800,20.84,20.97,20.8,20.905,14407054
1428586200,20.905,20.995,20.795,20.96,14580192
1428672600,20.98,21.05925,20.915,21.04,8632554
1428931800,21.08,21.17,20.975,20.98,7774370
1429018200,20.99,21.015,20.815,20.915,11702612
1429104600,20.97,21.145,20.95,21.1,25166106
1429191000,21.015,21.0875,20.967,21.025,18228690
1429277400,20.85,20.895,20.67,20.735,20318868
1429536600,20.83,21.115,20.82,21.09,9691556
1429623000,21.215,21.22,21.055,21.08,10002780
1429709400,21.115,21.315,21.045,21.295,12190282
1429795800,21.245,21.465,21.195,21.38,11799616
1429882200,21.55,21.59,21.445,21.565,12457632
1430141400,21.645,21.715,21.58,21.625,18501364
1430227800,21.645,21.775,21.475,21.695,18299674
1430314200,21.59,21.72,21.455,21.59,17142260
1430400600,21.48,21.545,21.205,21.29,17305110
1430487000,21.42,21.56,21.36,21.55,21096792
1430746200,21.6,21.68,21.56,21.57,15397500
1430832600,21.515,21.55,21.22,21.235,16209780
1430919000,21.315,21.355,20.93,21.055,19747766
1431005400,21.09,21.285,21.045,21.21,11280570
1431091800,21.425,21.53,21.39,21.515,19638494
1431351000,21.5,21.525,21.385,21.405,12092962
1431437400,21.29,21.385,21.105,21.29,15301054
1431523800,21.38,21.505,21.335,21.38,18612950
1431610200,21.55,21.735,21.53,21.725,13952316
1431696600,21.77,21.79,21.605,21.655,16936476
1431955800,21.625,21.8,21.595,21.76,6786620
1432042200,21.785,21.81,21.68,21.705,9130770
1432128600,21.72,21.835,21.64,21.72,22021890
1432215000,21.69,21.84,21.6625,21.815,7426242
1432301400,21.745,21.855,21.745,21.8,7937078
1432647000,21.735,21.75,21.42,21.485,15848768
1432733400,21.565,21.905,21.55,21.89,25174124
1432819800,21.82,21.885,21.78,21.845,9329686
1432906200,21.845,21.855,21.63,21.685,15476750
1433165400,21.81,21.82,21.61,21.745,13872626
1433251800,21.665,21.80005,21.5575,21.7,11275536
1433338200,21.735,21.865,21.7025,21.745,11314636
1433424600,21.625,21.75,21.495,21.545,16694504
1433511000,21.52,21.565,21.38,21.475,15454974
1433770200,21.47,21.475,21.195,21.235,16758996
1433856600,21.2,21.265,21.0425,21.185,15413306
1433943000,21.235,21.56,21.235,21.515,17929672
1434029400,21.59,21.645,21.495,21.525,11289396
1434115800,21.42,21.455,21.315,21.335,12317658
1434375000,21.195,21.2345,21.045,21.205,18358206
1434461400,21.195,21.37,21.16,21.345,18346688
1434547800,21.36,21.44,21.23,21.355,22047754
1434634200,21.345,21.58,21.34,21.545,17926368
1434720600,21.405,21.455,21.27,21.27,26869664
1434979800,21.45,21.51,21.3925,21.445,10875980
1435066200,21.49,21.495,21.41,21.46,7986668
1435152600,21.41,21.535,21.36,21.36,9693570
1435239000,21.475,21.49,21.305,21.31,9827696
1435325400,21.295,21.32,21.0675,21.13,20348596
1435584600,20.905,21.03,20.675,20.68,26214876
1435671000,20.835,20.845,20.645,20.7,22765896
1435757400,20.885,20.93,20.7475,20.84,16298994
1435843800,20.9,20.94,20.7875,20.87,10321328
1436189400,20.725,20.88,20.6675,20.785,15018050
1436275800,20.825,20.845,20.4255,20.815,39319826
1436362200,20.645,20.69005,20.465,20.475,32320092
1436448600,20.71,20.765,20.395,20.395,17987602
1436535000,20.655,20.79,20.605,20.72,13496698
1436794200,20.85,21.05,20.845,21.035,14143064
1436880600,21.04,21.17,21.03,21.115,12252704
1436967000,21.105,21.185,21.06,21.12,13076962
1437053400,21.285,21.4,21.245,21.39,10413244
1437139800,21.575,21.72,21.545,21.72,15550004
1437399000,21.795,21.905,21.7175,21.835,18618916
1437485400,21.725,21.8025,21.67,21.69,11950450
1437571800,21.265,21.445,21.25,21.34,17182508
1437658200,21.4,21.485,21.245,21.295,12645244
1437744600,21.4,21.43,21.1625,21.18,19492174
1438003800,21.01,21.143,20.96,20.99,17307170
1438090200,21.08,21.22,20.9325,21.18,15775066
1438176600,21.18,21.365,21.105,21.32,16752690
1438263000,21.23,21.395,21.13,21.36,13616402
1438349400,21.385,21.42,21.25,21.29,21823994
1438608600,21.28,21.3125,21.0425,21.175,18396574
1438695000,21.155,21.175,20.9725,21.05,14765482
1438781400,21.185,21.405,21.14,21.255,20785558
1438867800,21.255,21.34,20.97,21.045,13019752
1438954200,20.995,21.09,20.915,21.06,15825034
1439213400,21.155,21.4125,21.155,21.39,11144054
1439299800,21.33,21.36,21.0075,21.07,54689086
1439386200,20.915,21.205,20.72,21.165,20071398
1439472600,21.18,21.245,21.0625,21.105,13287740
1439559000,21.05,21.23,21.035,21.21,11906008
1439818200,21.13,21.3325,21.0575,21.33,11183396
1439904600,21.28,21.31,21.195,21.22,9383780
1439991000,21.155,21.26,20.96,21.08,18455226
1440077400,20.855,20.945,20.565,20.565,27453744
1440163800,20.345,20.5,19.78,19.78,47332866
1440423000,18.505,19.805,15.66,19.07,72207874
1440509400,19.735,19.77,18.83,18.85,37210844
1440595800,19.225,19.83,19.06,19.8,68776724
1440682200,20.07,20.265,19.8125,20.26,40211084
1440768600,20.17,20.335,20.125,20.3,27672268
1441027800,20.135,20.335,20.065,20.115,22100548
1441114200,19.69,19.86,19.375,19.47,42578092
1441200600,19.76,19.96,19.57,19.94,25370278
1441287000,20.05,20.2125,19.895,19.955,22062266
1441373400,19.69,19.79,19.555,19.65,27560922
1441719000,20.025,20.215,19.975,20.2,18909268
1441805400,20.33,20.43,19.8925,19.935,19304590
1441891800,19.905,20.25,19.895,20.135,28048842
1441978200,19.995,20.23,19.99,20.23,13719462
1442237400,20.315,20.335,20.13,20.18,14890752
1442323800,20.245,20.495,20.19,20.44,17611962
1442410200,20.415,20.545,20.39,20.525,15436262
1442496600,20.44,20.7,20.315,20.385,33565286
1442583000,20.055,20.24,19.985,20.03,36230108
1442842200,20.065,20.29,20.045,20.23,13921130
1442928600,19.905,19.985,19.765,19.89,24576406
1443015000,19.96,20.0125,19.83,19.94,11356408
1443101400,19.715,19.995,19.61,19.94,22056332
1443187800,20.125,20.15,19.815,19.905,21657870
1443447000,19.82,19.85,19.44,19.45,25166686
1443533400,19.5,19.63,19.225,19.365,26206826
1443619800,19.6,19.78,19.545,19.75,24933626
1443706200,19.75,19.82,19.495,19.76,27036080
1443792600,19.53,20.04,19.46,20.04,29834082
1444051800,20.165,20.485,20.125,20.435,17137700
1444138200,20.365,20.505,20.36,20.46,19715704
1444224600,20.57,20.6375,20.3085,20.555,30437844
1444311000,20.475,20.69185,20.375,20.65,30749502
1444397400,20.71,20.755,20.625,20.74,22753026
1444656600,20.785,20.7975,20.675,20.765,12687364
1444743000,20.655,20.845,20.65,20.72,17903640
1444829400,20.66,20.805,20.625,20.68,25512100
1444915800,20.765,20.955,20.755,20.945,16843768
1445002200,21,21,20.86,20.985,14972532
1445261400,20.94,21.065,20.88,21.065,14184118
1445347800,20.98,21.0675,20.925,21.01,11857854
1445434200,21.055,21.11,20.825,20.85,18834338
1445520600,21,21.365,21,21.32,28472006
1445607000,21.85,22,21.78,21.915,33383436
1445866200,21.895,21.895,21.75,21.83,16576294
1445952600,21.78,21.84,21.68,21.705,15357954
1446039000,21.805,22.03,21.73885,22.03,29559104
1446125400,21.9,22,21.835,21.97,15218030
1446211800,22.005,22.01,21.82,21.825,18679046
1446474600,21.865,22.03,21.81,22.02,27486566
1446561000,21.95,22.215,21.91,22.135,13758092
1446647400,22.185,22.22,22.105,22.16,14597222
1446733800,22.18,22.2875,22.05,22.095,13457574
1446820200,22.07,22.18,21.99,22.17,13737892
1447079400,22.105,22.105,21.85,21.955,20292464
1447165800,21.83,21.835,21.72,21.81,34546528
1447252200,21.86,21.97,21.765,21.8,16402298
1447338600,21.695,21.8,21.605,21.61,16067916
1447425000,21.535,21.5625,21.18,21.185,30089856
1447684200,21.15,21.515,21.14,21.51,18158400
1447770600,21.555,21.68,21.47,21.515,18789170
1447857000,21.615,21.8591,21.59,21.84,20333618
1447943400,21.86,22.04495,21.855,21.94,18734988
1448029800,22.03,22.1075,22.0065,22.1,14576438
1448289000,22.115,22.125,21.89,21.97,14454154
1448375400,21.805,22.0425,21.755,21.975,22606824
1448461800,21.98,21.985,21.9,21.905,13153132
1448634600,21.93,21.995,21.895,21.955,7601422
1448893800,21.985,22.05115,21.905,21.98,34051186
1448980200,22.07,22.18,22.0225,22.175,15558976
1449066600,22.2,22.2825,22.01,22.035,19394176
1449153000,22.095,22.16,21.645,21.75,23708530
1449239400,21.815,22.3225,21.77,22.285,25680342
1449498600,22.26,22.27885,22.07,22.175,25629888
1449585000,21.985,22.18,21.92,22.12,22756688
1449671400,22.025,22.19,21.69,21.795,32508442
1449757800,21.855,22.01995,21.79,21.855,18146892
1449844200,21.615,21.6675,21.385,21.4,33920638
1450103400,21.395,21.57,21.1725,21.565,42068454
1450189800,21.73,21.81,21.63,21.66,34043862
1450276200,21.795,21.9925,21.575,21.955,36347604
1450362600,22.045,22.045,21.605,21.61,24217292
1450449000,21.44,21.485,21.05,21.085,45627870
1450708200,21.26,21.315,21.1175,21.3,22326558
1450794600,21.38,21.49,21.28,21.455,18965194
1450881000,21.57,21.655,21.5,21.635,16090500
1450967400,21.65,21.68,21.6,21.625,4914038
1451313000,21.545,21.625,21.42505,21.61,14354456
1451399400,21.74,21.962,21.695,21.905,13618368
1451485800,21.895,21.895,21.72,21.72,14393040
1451572200,21.645,21.6584,21.415,21.415,17668936
1451917800,21.03,21.14,20.805,21.135,43277256
1452004200,21.2,21.25,20.985,21.08,32134430
1452090600,20.77,20.9575,20.6925,20.82,27716730
1452177000,20.395,20.6581,20.195,20.205,33681318
1452263400,20.38,20.4475,20.02,20.045,38466208
1452522600,20.185,20.26495,19.925,20.175,38270242
1452609000,20.39,20.46,20.155,20.415,31683258
1452695400,20.565,20.565,19.83,19.865,43924652
1452781800,19.95,20.395,19.7125,20.24,39591126
1452868200,19.58,19.86,19.43,19.67,40355518
1453213800,19.9,19.935,19.515,19.69,39317500
1453300200,19.355,19.73,19.0135,19.535,59263690
1453386600,19.645,19.93,19.4,19.645,44271706
1453473000,20.02,20.195,19.99,20.19,22496470
1453732200,20.08,20.255,19.92,19.955,20961274
1453818600,20.035,20.195,19.9075,20.15,22947362
1453905000,19.985,20.105,19.645,19.735,36044704
1453991400,20.025,20.065,19.75,19.99,35133602
1454077800,20.155,20.635,20.115,20.62,32226628
1454337000,20.535,20.79,20.5175,20.695,29594640
1454423400,20.635,20.64,20.26,20.325,27902310
1454509800,20.455,20.465,19.985,20.3,43012494
1454596200,20.26,20.4525,20.105,20.32,36406086
1454682600,20.24,20.275,19.67,19.75,47554770
1454941800,19.4175,19.52,19.1275,19.465,49641702
1455028200,19.23,19.65,19.1975,19.375,49510712
1455114600,19.54,19.7675,19.395,19.415,33949952
1455201000,19.1625,19.49,19.125,19.365,49254670
1455287400,19.52,19.65,19.41,19.635,21786846
1455633000,19.855,19.99,19.7475,19.985,20586624
1455719400,20.1,20.435,20.075,20.395,22257672
1455805800,20.465,20.49,20.275,20.315,23156792
1455892200,20.24,20.39,20.1875,20.33,17159018
1456151400,20.515,20.63,20.485,20.6,13181300
1456237800,20.515,20.535,20.235,20.275,16378968
1456324200,20.055,20.47,19.95,20.43,20288724
1456410600,20.5,20.695,20.34,20.685,18806838
1456497000,20.8,20.82,20.585,20.63,19545890
1456756200,20.61,20.803,20.485,20.485,27203790
1456842600,20.66,21.095,20.63,21.095,24608840
1456929000,21.02,21.155,20.9825,21.155,17496488
1457015400,21.165,21.1675,20.99,21.155,15767770
1457101800,21.16,21.3125,21.0725,21.21,15771826
1457361000,21.09,21.175,20.925,21.08,31626998
1457447400,20.955,21.1225,20.875,20.95,23401066
1457533800,20.98,21.135,20.98,21.13,24321172
1457620200,21.22,21.315,20.85,21.11,25876848
1457706600,21.32,21.44,21.27,21.435,17640294
1457962200,21.37,21.5,21.36,21.46,20121858
1458048600,21.375,21.56,21.365,21.54,12642200
1458135000,21.44,21.825,21.435,21.79,29513716
1458221400,21.75,21.94,21.725,21.87,18734296
1458307800,21.845,21.86,21.6975,21.795,18828740
1458567000,21.745,21.88,21.735,21.87,16006942
1458653400,21.77,21.96,21.7675,21.875,26225716
1458739800,21.845,21.87,21.705,21.75,21350192
1458826200,21.655,21.81,21.625,21.81,13486666
1459171800,21.83,21.8575,21.715,21.755,12815918
1459258200,21.715,22.11,21.69,22.095,20163014
1459344600,22.21,22.335,22.175,22.225,21976644
1459431000,22.195,22.29,22.14,22.18,29189854
1459517400,22.025,22.35995,22.005,22.35,19309814
1459776600,22.315,22.365,22.22,22.265,15292340
1459863000,22.12,22.175,22.005,22.05,21452288
1459949400,22.055,22.265,21.975,22.265,22276954
1460035800,22.105,22.15,21.86,21.945,21262440
1460122200,22.06,22.1425,21.87,21.945,17525592
1460381400,22.04,22.17,21.885,21.885,16277170
1460467800,21.925,22.0525,21.775,22.035,19183948
1460554200,22.165,22.29495,22.14,22.26,15753200
1460640600,22.23,22.325,22.1775,22.255,13005498
1460727000,22.225,22.2825,22.125,22.17,12921750
1460986200,22.105,22.265,22.07,22.265,14226040
1461072600,22.305,22.33,22.015,22.14,12941994
1461159000,22.16,22.285,22.095,22.185,13755664
1461245400,22.155,22.19795,22.05,22.105,22555794
1461331800,21.755,21.865,21.605,21.72,29848882
1461591000,21.66,21.7325,21.605,21.725,18715052
1461677400,21.75,21.8,21.55,21.62,14734742
1461763800,21.345,21.545,21.265,21.52,25559258
1461850200,21.555,21.63,21.18,21.25,45339218
1461936600,21.13,21.165,20.91,21.065,23792330
1462195800,21.11,21.2425,21.02,21.22,25105356
1462282200,21.075,21.12,20.955,21.025,25062384
1462368600,20.93,21.02,20.9,20.96,22491310
1462455000,21.02,21.0675,20.92,20.97,27119836
1462541400,20.88,21.125,20.88,21.125,18459772
1462800600,21.135,21.225,21.11,21.125,15082366
1462887000,21.19,21.4,21.165,21.4,27840378
1462973400,21.345,21.465,21.245,21.245,14304130
1463059800,21.325,21.325,21.05,21.185,18673256
1463146200,21.18,21.31,21.08,21.105,21842710
1463405400,21.125,21.45,21.125,21.4,12788336
1463491800,21.335,21.4375,21.11835,21.185,19880136
1463578200,21.13,21.3898,21.1,21.225,21807448
1463664600,21.175,21.2,20.9825,21.11,17269694
1463751000,21.225,21.4125,21.21,21.365,11746074
1464010200,21.355,21.445,21.305,21.325,16855390
1464096600,21.41,21.76,21.41,21.725,18922986
1464183000,21.815,21.945,21.785,21.875,19683850
1464269400,21.875,21.97795,21.8305,21.945,13034286
1464355800,21.94,22.08,21.915,22.05,15576036
1464701400,22.07,22.125,21.965,22.095,24742846
1464787800,22.02,22.0975,21.985,22.04,13770914
1464874200,21.95,22.02,21.84,22.02,15529000
1464960600,21.99,22.0175,21.85,21.97,16609426
1465219800,21.985,22.0875,21.965,22.01,17271170
1465306200,22.08,22.15,22.075,22.1,8818878
1465392600,22.095,22.18,22.06,22.145,16316954
1465479000,22.055,22.175,22.04,22.15,25839042
1465565400,21.98,22.0525,21.905,21.98,16565194
1465824600,21.785,21.915,21.73,21.735,23704154
1465911000,21.685,21.82,21.63,21.785,16841186
1465997400,21.82,21.8625,21.705,21.73,14156216
1466083800,21.62,21.81,21.5,21.775,19192540
1466170200,21.625,21.675,21.4275,21.525,22930428
1466429400,21.715,21.8025,21.61,21.615,13711938
1466515800,21.68,21.815,21.66,21.765,11487730
1466602200,21.77,21.85,21.665,21.69,12990500
1466688600,21.83,22.005,21.75,21.985,19526850
1466775000,21.21,21.569,21.095,21.14,47246058
1467034200,20.985,20.985,20.63,20.715,37033988
1467120600,20.945,21.125,20.91,21.125,26489394
1467207000,21.27,21.485,21.2625,21.45,21008478
1467293400,21.5,21.695,21.45,21.685,26710648
1467379800,21.7,21.801,21.67,21.735,14949410
1467725400,21.62,21.65,21.51,21.575,17361480
1467811800,21.505,21.73,21.43,21.725,15701684
1467898200,21.705,21.825,21.645,21.725,12332120
1467984600,21.83,22.08,21.805,22.065,25496330
1468243800,22.135,22.2425,22.115,22.195,11663590
1468330200,22.345,22.405,22.275,22.375,32085632
1468416600,22.44,22.455,22.367,22.38,21218882
1468503000,22.505,22.575,22.455,22.525,30976528
1468589400,22.6,22.6,22.44,22.505,9729610
1468848600,22.54,22.68,22.5,22.655,8214498
1468935000,22.615,22.66,22.57195,22.605,8915844
1469021400,22.78,22.94,22.75,22.9,10769822
1469107800,22.905,22.935,22.725,22.78,10946770
1469194200,22.765,22.915,22.715,22.915,9414500
1469453400,22.875,22.9275,22.815,22.885,8489802
1469539800,22.91,23.0025,22.825,22.935,18115370
1469626200,23.185,23.185,23.015,23.125,21820152
1469712600,23.155,23.2075,23.0475,23.14,12659340
1469799000,23.24,23.28,23.15495,23.225,21179498
1470058200,23.225,23.315,23.1825,23.27,15683392
1470144600,23.225,23.275,22.985,23.095,22224812
1470231000,23.075,23.175,23.07005,23.175,15961880
1470317400,23.18,23.31,23.16,23.3,16752728
1470403800,23.375,23.535,23.35,23.525,12126104
1470663000,23.55,23.61,23.47,23.52,10439170
1470749400,23.52,23.63,23.52,23.57,29836954
1470835800,23.58,23.59,23.465,23.495,7112598
1470922200,23.57,23.645,23.545,23.58,10518650
1471008600,23.575,23.575,23.505,23.555,6937428
1471267800,23.585,23.715,23.5675,23.67,16561484
1471354200,23.63,23.63,23.495,23.495,9077956
1471440600,23.505,23.515,23.35,23.485,10575092
1471527000,23.48,23.52,23.4075,23.495,7086418
1471613400,23.43,23.52995,23.375,23.51,9576618
1471872600,23.445,23.53495,23.405,23.51,9257330
1471959000,23.58,23.65,23.575,23.595,16630616
1472045400,23.585,23.595,23.41,23.465,13648868
1472131800,23.425,23.545,23.385,23.515,11825304
1472218200,23.5,23.695,23.3975,23.525,24227142
1472477400,23.515,23.65,23.515,23.615,13965544
1472563800,23.57,23.62,23.455,23.535,11436310
1472650200,23.505,23.53,23.42,23.495,22322322
1472736600,23.49,23.59,23.385,23.57,18479200
1472823000,23.685,23.74,23.57,23.675,13814352
1473168600,23.69,23.795,23.66,23.795,30214754
1473255000,23.795,23.86,23.73,23.855,23169954
1473341400,23.77,23.775,23.5975,23.66,16605200
1473427800,23.445,23.5275,23.08,23.08,33618382
1473687000,22.965,23.515,22.93,23.465,38020954
1473773400,23.375,23.45815,23.2,23.295,34717530
1473859800,23.3,23.55,23.295,23.405,34217484
1473946200,23.455,23.835,23.405,23.79,32638296
1474032600,23.7,23.7,23.5,23.605,31766118
1474291800,23.665,23.78,23.495,23.56,14242630
1474378200,23.64,23.685,23.5133,23.545,10002192
1474464600,23.635,23.825,23.545,23.81,24095766
1474551000,23.95,23.9825,23.895,23.955,20997078
1474637400,23.95,23.95,23.705,23.745,23973076
1474896600,23.645,23.686,23.56,23.605,19240758
1474983000,23.635,23.875,23.575,23.865,17569098
1475069400,23.885,23.92,23.76,23.91,18097440
1475155800,23.88,23.9385,23.695,23.765,22813794
1475242200,23.82,23.9625,23.8,23.89,18510656
1475501400,23.825,23.88,23.7631,23.82,12462884
1475587800,23.9,23.9375,23.6517,23.735,17804468
1475674200,23.8,23.875,23.775,23.82,18015692
1475760600,23.84,23.8975,23.735,23.875,10011748
1475847000,23.895,23.925,23.695,23.81,12147880
1476106200,23.935,24.03,23.92,23.975,13315900
1476192600,23.975,24.005,23.6,23.705,17454658
1476279000,23.725,23.81,23.6025,23.745,11040734
1476365400,23.59,23.67,23.395,23.595,19338408
1476451800,23.69,23.845,23.665,23.685,18896562
1476711000,23.685,23.7325,23.62,23.635,10150152
1476797400,23.81,23.87,23.735,23.765,10117874
1476883800,23.75,23.835,23.705,23.81,10069954
1476970200,23.75,23.76,23.585,23.7,12296006
1477056600,23.735,23.78,23.67,23.765,16153890
1477315800,23.89,24.01,23.87,23.995,10786268
1477402200,24.03,24.03,23.865,23.91,8724810
1477488600,23.71,23.9025,23.7,23.775,12559412
1477575000,23.88,23.885,23.715,23.745,17642134
1477661400,23.81,23.965,23.66,23.72,20837750
1477920600,23.78,23.815,23.71,23.71,11759920
1478007000,23.76,23.785,23.3428,23.505,18130580
1478093400,23.505,23.575,23.29775,23.355,16334580
1478179800,23.29,23.34,23.12,23.13,20251452
1478266200,23.11,23.275,23.0317,23.09,16307934
1478529000,23.43,23.6,23.375,23.59,26451996
1478615400,23.545,23.8025,23.52,23.705,19560062
1478701800,23.345,23.715,23.22,23.675,54258858
1478788200,23.81,23.81,22.97,23.295,79031016
1478874600,23.165,23.415,23.165,23.365,28183102
1479133800,23.385,23.4,22.9,23.01,37941936
1479220200,23.165,23.41635,23.155,23.335,34741692
1479306600,23.28,23.565,23.25,23.55,20248488
1479393000,23.58,23.72,23.52505,23.7,17048202
1479479400,23.755,23.805,23.6325,23.68,17645982
1479738600,23.765,23.93875,23.73,23.92,17951420
1479825000,24,24.034,23.94,23.995,16978374
1479911400,23.98,23.98,23.815,23.9,16233588
1480084200,23.915,24.005,23.89,24,6219016
1480343400,23.98,24.13,23.965,24.02,14975686
1480429800,24.005,24.15,23.95,24.035,11856860
1480516200,24.07,24.07,23.745,23.75,23633180
1480602600,23.72,23.78,23.195,23.26,43731158
1480689000,23.24,23.4,23.185,23.345,20105306
1480948200,23.475,23.6275,23.38,23.57,18010072
1481034600,23.625,23.68,23.53,23.64,18509578
1481121000,23.625,24.1086,23.61,24.09,19945868
1481207400,24.1,24.255,24.035,24.15,19354102
1481293800,24.24,24.325,24.2,24.325,24614908
1481553000,24.25,24.305,24.175,24.25,19170460
1481639400,24.355,24.675,24.34,24.555,27933932
1481725800,24.57,24.665,24.42,24.47,35830024
1481812200,24.5,24.7025,24.46,24.58,23140036
1481898600,24.54,24.54485,24.258,24.295,21131472
1482157800,24.315,24.55,24.295,24.47,13253980
1482244200,24.535,24.6,24.5,24.56,11412970
1482330600,24.55,24.56,24.46,24.51,9247362
1482417000,24.51,24.525,24.3825,24.46,22210390
1482503400,24.435,24.49,24.3918,24.485,12717306
1482849000,24.51,24.7,24.5,24.585,13681306
1482935400,24.615,24.6475,24.355,24.365,15555154
1483021800,24.365,24.4325,24.31,24.37,9593088
1483108200,24.425,24.425,24.105,24.18,17003232
1483453800,24.335,24.48,24.25,24.395,27881128
1483540200,24.415,24.515,24.4,24.48,14446162
1483626600,24.455,24.58,24.425,24.52,11005730
1483713000,24.52,24.735,24.45,24.7,17501270
1483972200,24.715,24.775,24.68,24.695,16626928
1484058600,24.7,24.785,24.615,24.7,15471630
1484145000,24.655,24.815,24.6225,24.815,15173014
1484231400,24.72,24.7825,24.52,24.755,13725442
1484317800,24.755,24.875,24.755,24.83,9665856
1484663400,24.765,24.8025,24.68,24.735,9651506
1484749800,24.805,24.835,24.7375,24.8,12315404
1484836200,24.8,24.8875,24.72,24.765,14500062
1484922600,24.875,24.965,24.835,24.9,17510800
1485181800,24.875,24.955,24.77,24.945,23955258
1485268200,24.925,25.1375,24.915,25.1,13021906
1485354600,25.235,25.34,25.215,25.34,18395582
1485441000,25.335,25.3525,25.2,25.27,14252976
1485527400,25.36,25.415,25.315,25.37,12046024
1485786600,25.285,25.285,25.05,25.165,16893154
1485873000,25.085,25.11,24.93,25.04,19115690
1485959400,25.27,25.31,25.09,25.23,23362282
1486045800,25.155,25.2225,25.05,25.18,17197738
1486132200,25.275,25.3775,25.27,25.345,13667150
1486391400,25.31,25.3625,25.245,25.36,13453036
1486477800,25.41,25.49,25.39,25.46,20106368
1486564200,25.485,25.545,25.3875,25.505,12706170
1486650600,25.52,25.65,25.505,25.585,9740044
1486737000,25.645,25.7,25.5775,25.66,8355740
1486996200,25.705,25.805,25.67,25.775,13159406
1487082600,25.745,25.86,25.67,25.86,12467510
1487169000,25.84,25.965,25.815,25.945,11895034
1487255400,25.98,26.075,25.9425,26.005,14123098
1487341800,25.975,26.095,25.935,26.095,14175394
1487687400,26.15,26.24,26.11,26.23,15237406
1487773800,26.205,26.28,26.15,26.26,13769630
1487860200,26.295,26.315,26.14,26.255,13405336
1487946600,26.1,26.325,26.085,26.315,15545010
1488205800,26.31,26.31,26.24,26.3,15951262
1488292200,26.255,26.28,26.135,26.175,15242994
1488378600,26.335,26.58,26.275,26.545,18190594
1488465000,26.52,26.525,26.355,26.37,14340224
1488551400,26.35,26.43,26.295,26.43,15713950
1488810600,26.32,26.435,26.275,26.39,13430324
1488897000,26.37,26.5,26.35,26.39,13960894
1488983400,26.42,26.5,26.3825,26.42,11361862
1489069800,26.425,26.455,26.285,26.415,15300374
1489156200,26.54,26.61,26.445,26.555,14709576
1489411800,26.555,26.61,26.53,26.58,14922490
1489498200,26.56,26.56,26.4175,26.52,14479744
1489584600,26.56,26.745,26.48,26.7,17867128
1489671000,26.8,26.80755,26.68565,26.715,21955906
1489757400,26.715,26.755,26.66,26.67,13790712
1490016600,26.675,26.75435,26.62,26.6853,9083682
1490103000,26.765,26.83,26.295,26.305,29811092
1490189400,26.31,26.51,26.275,26.47,22766640
1490275800,26.43,26.51,26.3575,26.4,22718704
1490362200,26.49,26.58,26.3275,26.42,26281800
1490621400,26.2,26.475,26.165,26.42,13690016
1490707800,26.395,26.67,26.35,26.61,16907916
1490794200,26.6,26.67,26.54,26.655,11390860
1490880600,26.635,26.7376,26.615,26.705,17508686
1490967000,26.68,26.745,26.62715,26.655,12206996
1491226200,26.68,26.72,26.4675,26.63,26035894
1491312600,26.52,26.65,26.51,26.65,15041594
1491399000,26.675,26.855,26.515,26.54,20955746
1491485400,26.57,26.625,26.48,26.545,13870176
1491571800,26.505,26.6,26.435,26.53,12938776
1491831000,26.545,26.6075,26.42745,26.48,9687274
1491917400,26.435,26.4725,26.165,26.38,16914270
1492003800,26.355,26.3825,26.2375,26.29,17368430
1492090200,26.26,26.435,26.185,26.185,19533176
1492435800,26.265,26.435,26.265,26.425,14132066
1492522200,26.355,26.47055,26.315,26.42,12487170
1492608600,26.46,26.555,26.35,26.4,14521006
1492695000,26.47,26.6825,26.43,26.64,15137002
1492781400,26.65,26.655,26.535,26.585,15233098
1493040600,26.875,26.91995,26.815,26.9,16209978
1493127000,27.01,27.0936,26.9625,27.04,20087468
1493213400,27.06,27.105,26.985,27.01,16294352
1493299800,27.08,27.14,27.0525,27.12,17183438
1493386200,27.205,27.245,27.125,27.19,22836734
1493645400,27.29,27.4275,27.24,27.395,15125920
1493731800,27.45,27.495,27.355,27.455,15070136
1493818200,27.365,27.42495,27.28005,27.405,14308906
1493904600,27.415,27.43,27.295,27.385,15159700
1493991000,27.43,27.4925,27.3625,27.485,13651626
1494250200,27.505,27.6198,27.455,27.605,12140224
1494336600,27.635,27.7125,27.585,27.64,15388562
1494423000,27.67,27.765,27.6075,27.745,10604088
1494509400,27.66,27.725,27.55,27.71,18196096
1494595800,27.735,27.795,27.705,27.78,9307690
1494855000,27.815,27.935,27.8,27.935,19898530
1494941400,28,28.065,27.905,28.065,18122140
1495027800,27.845,27.87,27.285,27.3,37089908
1495114200,27.23,27.565,27.185,27.46,33644496
1495200600,27.61,27.705,27.58,27.62,20438228
1495459800,27.685,27.875,27.68,27.84,21020508
1495546200,27.955,27.985,27.815,27.89,13220948
1495632600,27.965,28.01,27.8975,28.005,18855466
1495719000,28.095,28.264,28.03785,28.205,12227072
1495805400,28.18,28.225,28.1175,28.19,72564404
1496151000,28.2,28.33995,28.165,28.31,11850564
1496237400,28.415,28.425,28.17,28.265,28492286
1496323800,28.325,28.335,28.1575,28.335,16872474
1496410200,28.44,28.6,28.3475,28.595,16982024
1496669400,28.595,28.695,28.56,28.62,13531666
1496755800,28.585,28.71,28.53,28.565,15370378
1496842200,28.63,28.705,28.505,28.655,17407336
1496928600,28.705,28.74,28.56,28.72,14204860
1497015000,28.76,28.81,27.61,28.01,70284958
1497274200,27.72,27.89,27.385,27.845,71412776
1497360600,27.98,28.135,27.84,28.045,36586886
1497447000,28.155,28.16,27.6775,27.91,32361208
1497533400,27.595,27.825,27.475,27.785,29500916
1497619800,27.675,27.68455,27.51,27.625,43222516
1497879000,27.835,28.055,27.82,28.035,19858398
1497965400,28.025,28.04,27.81,27.81,21915470
1498051800,27.905,27.98,27.82,27.965,24586300
1498138200,28.05,28.07,27.885,27.975,17585610
1498224600,27.95,28.2196,27.905,28.15,32847142
1498483800,28.3,28.36,27.97,28,19455870
1498570200,27.85,27.9,27.54,27.54,25791078
1498656600,27.645,27.91,27.46,27.885,25951924
1498743000,27.755,27.755,27.165,27.385,41946846
1498829400,27.5,27.545,27.335,27.36,30743736
1499088600,27.475,27.525,27.14,27.17,33105874
1499261400,27.27,27.4925,27.18,27.44,29618778
1499347800,27.2,27.34,27.125,27.19,25586714
1499434200,27.29,27.595,27.27,27.505,17636324
1499693400,27.51,27.7675,27.47,27.705,11188466
1499779800,27.675,27.81,27.57,27.765,13713076
1499866200,27.955,28.15,27.9375,28.125,33103872
1499952600,28.165,28.2775,28.115,28.18,16250162
1500039000,28.3,28.46,28.26,28.43,13379230
1500298200,28.455,28.515,28.38,28.435,19674180
1500384600,28.38,28.565,28.31,28.565,19840352
1500471000,28.61,28.735,28.585,28.71,13347148
1500557400,28.79,28.8,28.605,28.77,20745736
1500643800,28.645,28.74,28.615,28.735,11839646
1500903000,28.72,28.83,28.66,28.805,10756250
1500989400,28.715,28.8075,28.625,28.75,13760566
1501075800,28.905,28.91,28.765,28.86,21205294
1501162200,29.065,29.1,28.395,28.75,46094344
1501248600,28.605,28.775,28.58,28.72,20586162
1501507800,28.765,28.83,28.55,28.58,21965656
1501594200,28.725,28.75,28.62,28.725,16614310
1501680600,29.02,29.025,28.625,28.805,25147874
1501767000,28.845,28.845,28.6525,28.74,21375688
1501853400,28.8,28.8925,28.74,28.805,9513838
1502112600,28.845,28.98,28.8325,28.98,15366012
1502199000,28.94,29.165,28.86,28.94,20921396
1502285400,28.755,28.945,28.74,28.925,13945624
1502371800,28.77,28.8,28.3375,28.355,29823704
1502458200,28.4,28.6425,28.365,28.55,29936216
1502717400,28.81,29.045,28.75,29.005,19517068
1502803800,29.065,29.1125,28.96,29.05,14105130
1502890200,29.095,29.24,29.04,29.135,18111838
1502976600,29.025,29.07,28.565,28.565,25937764
1503063000,28.565,28.735,28.425,28.535,33392960
1503322200,28.555,28.585,28.335,28.525,15957242
1503408600,28.675,28.97,28.655,28.95,16922458
1503495000,28.79,28.9575,28.78,28.88,17847492
1503581400,28.95,28.9781,28.71,28.855,16188218
1503667800,28.95,29.035,28.79,28.85,16666114
1503927000,28.92,28.9575,28.825,28.905,11986608
1504013400,28.67,29.0675,28.635,29.03,17379608
1504099800,29.06,29.26,28.9925,29.24,15308042
1504186200,29.31,29.465,29.275,29.415,18851536
1504272600,29.49,29.515,29.3525,29.39,12026268
1504618200,29.305,29.3575,28.935,29.13,23803436
1504704600,29.22,29.26,29.03,29.155,18227470
1504791000,29.25,29.315,29.145,29.255,15387618
1504877400,29.21,29.25,28.9925,29.015,12518444
1505136600,29.245,29.455,29.245,29.425,14074598
1505223000,29.51,29.55,29.36,29.495,15723494
1505309400,29.46,29.465,29.34,29.455,16256570
1505395800,29.345,29.4875,29.29,29.355,15253402
1505482200,29.225,29.395,29.175,29.37,26247618
1505741400,29.415,29.5025,29.285,29.395,20823928
1505827800,29.44,29.585,29.365,29.525,11232264
1505914200,29.52,29.53,29.2,29.405,17901644
1506000600,29.395,29.395,29.15,29.245,16209298
1506087000,29.15,29.3,29.135,29.26,9649604
1506346200,29.165,29.165,28.785,28.915,27146100
1506432600,29.07,29.14,28.93,29.02,18106628
1506519000,29.15,29.405,29.105,29.315,15270956
1506605400,29.24,29.3625,29.18,29.35,11178474
1506691800,29.4,29.575,29.365,29.55,24857428
1506951000,29.625,29.68865,29.4505,29.595,15143724
1507037400,29.62,29.6775,29.585,29.665,12932442
1507123800,29.615,29.68995,29.515,29.645,13299272
1507210200,29.735,29.935,29.72,29.93,12845308
1507296600,29.83,29.99,29.82,29.975,11852764
1507555800,30.02,30.115,30,30.05,13898486
1507642200,30.145,30.17,29.925,30.08,10945834
1507728600,30.04,30.19,30.04,30.18,9961884
1507815000,30.11,30.25,30.07,30.105,12212792
1507901400,30.215,30.3025,30.215,30.25,11899912
1508160600,30.325,30.365,30.255,30.36,16612714
1508247000,30.35,30.36,30.26,30.36,10263346
1508333400,30.45,30.475,30.34,30.435,12182634
1508419800,30.305,30.38,30.145,30.345,13745128
1508506200,30.53,30.585,30.48,30.55,14814796
1508765400,30.6,30.625,30.37,30.405,14110468
1508851800,30.465,30.54,30.3655,30.49,16071630
1508938200,30.42,30.51,30.125,30.325,18451816
1509024600,30.5,30.58,30.4275,30.45,18872898
1509111000,30.94,31.355,30.94,31.27,29078326
1509370200,31.28,31.46,31.2217,31.34,17149376
1509456600,31.46,31.5378,31.335,31.475,20222672
1509543000,31.625,31.665,31.315,31.48,19101338
1509629400,31.48,31.525,31.255,31.495,20449188
1509715800,31.66,31.775,31.475,31.745,15319308
1509978600,31.725,31.825,31.705,31.815,12000460
1510065000,31.85,31.86,31.6975,31.83,11551240
1510151400,31.83,32.01,31.7425,32.005,18200928
1510237800,31.76,31.805,31.43,31.75,20490836
1510324200,31.71,31.775,31.6325,31.75,11966348
1510583400,31.63,31.78,31.625,31.74,8600580
1510669800,31.645,31.71,31.4975,31.675,14741514
1510756200,31.52,31.5633,31.3525,31.44,16985068
1510842600,31.67,31.945,31.67,31.88,15282166
1510929000,31.835,31.86,31.6525,31.675,16604380
1511188200,31.75,31.82,31.705,31.795,13159872
1511274600,31.92,32.15,31.895,32.13,16347912
1511361000,32.13,32.14,32.015,32.07,24231644
1511533800,32.12,32.265,32.11,32.25,8672154
1511793000,32.195,32.2925,32.14,32.25,13778320
1511879400,32.3,32.385,32.17,32.355,22623292
1511965800,32.3,32.305,31.42,31.64,67280466
1512052200,31.78,32.005,31.665,31.92,42094950
1512138600,31.725,31.915,31.295,31.755,38423612
1512397800,31.955,31.97,31.215,31.245,33611094
1512484200,31.19,31.615,31.055,31.255,27854162
1512570600,31.13,31.5225,31.0525,31.455,26524670
1512657000,31.475,31.70995,31.455,31.65,23371218
1512743400,31.86,31.955,31.7225,31.8,20118036
1513002600,31.785,32.075,31.765,32.075,22843210
1513089000,32.055,32.18,31.9345,32.065,16794002
1513175400,32.175,32.23,32.035,32.075,20712274
1513261800,32.115,32.2125,32.02,32.035,21892090
1513348200,32.015,32.325,31.935,32.28,42610426
1513607400,32.51,32.6,32.455,32.565,21521560
1513693800,32.5,32.51995,32.285,32.365,23953688
1513780200,32.505,32.505,32.2,32.355,17930374
1513866600,32.41,32.465,32.258,32.29,31883702
1513953000,32.235,32.2975,32.185,32.27,10971386
1514298600,32.07,32.09,31.9375,32.055,12438454
1514385000,32.06,32.15,32.035,32.09,10693626
1514471400,32.185,32.205,32.09,32.145,19316402
1514557800,32.165,32.175,31.95,31.975,13386376
1514903400,32.105,32.37,32.025,32.37,27445634
1514989800,32.43,32.66,32.395,32.64,22663588
1515076200,32.77,32.89,32.695,32.805,21493182
1515162600,32.975,33.18,32.91,33.15,19355940
1515421800,33.135,33.335,33.115,33.275,13467810
1515508200,33.34,33.35,33.135,33.19,21212828
1515594600,33.01,33.085,32.915,33.075,20815570
1515681000,33.15,33.225,33.07,33.21,15775522
1515767400,33.17,33.45,33.125,33.405,16308626
1516113000,33.61,33.7275,33.1875,33.275,36403524
1516199400,33.465,33.805,33.355,33.775,29376164
1516285800,33.775,33.9225,33.745,33.835,29850832
1516372200,33.9,33.955,33.725,33.9,23894424
1516631400,33.875,34.235,33.8055,34.23,18004134
1516717800,34.34,34.45,34.27,34.38,20460122
1516804200,34.47,34.53,34,34.115,37019024
1516890600,34.33,34.36,33.97,34.055,25951826
1516977000,34.29,34.595,34.215,34.595,20097276
1517236200,34.495,34.495,34.235,34.28,55182062
1517322600,34,34.17,33.8804,33.97,29662480
1517409000,34.17,34.2775,34,34.225,30697754
1517495400,34.1,34.4925,34.095,34.255,32649928
1517581800,33.87,33.9,33.235,33.24,43929410
1517841000,32.885,33.5075,31.835,31.85,98559604
1517927400,31.42,32.8175,31.24,32.765,90269306
1518013800,32.685,33.02,32.345,32.345,47425108
1518100200,32.435,32.495,30.995,31.005,55628546
1518186600,31.505,31.995,30.4855,31.765,72700350
1518445800,32.105,32.535,31.87,32.335,35629510
1518532200,32.15,32.495,32.0575,32.415,19085876
1518618600,32.235,33.0625,32.215,33.01,32117682
1518705000,33.325,33.64,32.935,33.64,24304924
1518791400,33.54,33.9495,33.505,33.59,20334290
1519137000,33.42,33.885,33.385,33.62,33835298
1519223400,33.75,34.0325,33.4,33.405,29102436
1519309800,33.52,33.7475,33.35,33.445,21958774
1519396200,33.72,34.145,33.64,34.145,20772336
1519655400,34.29,34.68,34.29,34.68,21594380
1519741800,34.695,34.8525,34.33,34.33,25581182
1519828200,34.525,34.67,34.08,34.085,30464096
1519914600,34.165,34.295,33.265,33.52,42973632
1520001000,33.14,33.9075,33.05,33.84,38392218
1520260200,33.68,34.3,33.605,34.185,21777850
1520346600,34.38,34.425,34.10875,34.26,20303876
1520433000,34.005,34.485,34.005,34.45,22219500
1520519400,34.555,34.63,34.385,34.6,15247928
1520605800,34.845,35.255,34.8,35.255,24685070
1520861400,35.36,35.505,35.265,35.365,27012490
1520947800,35.545,35.67,34.84,34.96,27618832
1521034200,35.135,35.165,34.755,34.93,27762896
1521120600,34.94,35.155,34.78,34.95,23002886
1521207000,34.9,35.025,34.76,34.805,24404544
1521466200,34.48,34.535,33.835,34.115,39736776
1521552600,34.03,34.22875,33.91,34.1,18765592
1521639000,34.025,34.345,33.8025,33.895,21866934
1521725400,33.485,33.68,32.995,33.02,42390126
1521811800,33,33.145,32.125,32.14,41901576
1522071000,32.795,33.405,32.34,33.36,50251594
1522157400,33.565,33.585,32.04,32.29,59497120
1522243800,32.215,32.6025,31.885,32.075,53621974
1522330200,32.305,33.035,32.08,32.71,35867594
1522675800,32.58,32.725,31.575,31.93,52034278
1522762200,32.17,32.32,31.705,32.245,36101442
1522848600,31.655,32.785,31.585,32.695,36298462
1522935000,32.995,33.045,32.61,32.83,32738166
1523021400,32.49,32.79,31.885,32.025,40477792
1523280600,32.26,32.905,32.2325,32.275,21859336
1523367000,32.785,33.205,32.605,33.07,32233516
1523453400,32.865,33.17,32.82,32.875,17315530
1523539800,33.08,33.415,33.0374,33.27,21256066
1523626200,33.5,33.515,33,33.16,22421532
1523885400,33.39,33.54,33.195,33.415,19477356
1523971800,33.71,34.145,33.65,34.035,30445548
1524058200,34,34.075,33.74,33.945,19764440
1524144600,33.73,33.765,33.4475,33.57,25811632
1524231000,33.47,33.495,32.9625,33.105,32476956
1524490200,33.23,33.325,32.83,32.985,37920506
1524576600,33.175,33.23,32.175,32.41,34847618
1524663000,32.46,32.525,32,32.415,30581602
1524749400,32.82,33.135,32.685,33.005,33086880
1524835800,33.335,33.36,32.77,32.945,26312966
1525095000,33.03,33.2325,32.6875,32.73,17372230
1525181400,32.685,33.16,32.605,33.14,18547774
1525267800,33.35,33.475,33.045,33.105,26587458
1525354200,32.955,33.3075,32.6625,33.18,31090834
1525440600,33.055,33.87,33.015,33.81,21682576
1525699800,33.97,34.2025,33.915,34.045,26914812
1525786200,33.99,34.15,33.835,34.12,30294852
1525872600,34.205,34.54,34.095,34.54,28826678
1525959000,34.7,35.015,34.665,34.99,23132532
1526045400,34.955,35.075,34.825,34.94,17521296
1526304600,35.055,35.21,34.8975,34.935,20261844
1526391000,34.69,34.722,34.425,34.605,28525184
1526477400,34.66,34.84,34.58,34.76,13360970
1526563800,34.635,34.87005,34.4375,34.58,21600288
1526650200,34.465,34.62,34.405,34.435,15765838
1526909400,34.75,34.9025,34.56,34.735,22578472
1526995800,34.905,34.955,34.61,34.685,14782094
1527082200,34.4,34.94,34.395,34.94,29387520
1527168600,34.93,34.97,34.549,34.9,22401318
1527255000,34.925,35,34.79,34.875,18782710
1527600600,34.7,34.88,34.455,34.685,58660774
1527687000,34.86,34.985,34.7595,34.94,19930320
1527773400,34.94,35.18,34.87,34.95,30587034
1527859800,35.185,35.55,35.125,35.545,25445770
1528119000,35.635,35.865,35.6,35.83,19866076
1528205400,35.92,36.02,35.82,35.955,34549522
1528291800,36.015,36.19,35.83,36.19,35379084
1528378200,36.17,36.17,35.64,35.9,39047264
1528464600,35.63,35.9025,35.555,35.84,19809558
1528723800,35.86,35.995,35.78,35.88,14647010
1528810200,35.945,36.0825,35.885,36.055,15626796
1528896600,36.055,36.215,35.855,35.87,29278064
1528983000,36.01,36.2125,35.955,36.125,22654852
1529069400,35.87,35.915,35.645,35.86,33886352
1529328600,35.61,35.925,35.5,35.9,16580400
1529415000,35.46,35.73,35.26,35.715,25913358
1529501400,35.8,35.96,35.75,35.79,22931226
1529587800,35.93,35.95,35.4325,35.515,29634226
1529674200,35.605,35.615,35.2555,35.4,31479976
1529933400,35.115,35.15,34.3625,34.665,36055482
1530019800,34.775,35.0325,34.69,34.805,27725688
1530106200,34.915,35.075,34.32,34.33,44109208
1530192600,34.285,34.865,34.285,34.75,35598096
1530279000,34.885,35.0325,34.715,34.735,20019628
1530538200,34.435,35.055,34.385,35.045,25091816
1530624600,35.15,35.175,34.605,34.63,12722822
1530797400,34.845,35.14,34.745,35.12,27319992
1530883800,35.14,35.585,35.055,35.53,25604018
1531143000,35.72,35.81,35.535,35.8,17455208
1531229400,35.805,35.985,35.805,35.885,22986258
1531315800,35.63,35.885,35.575,35.745,25950142
1531402200,35.9,36.33,35.86,36.31,23706650
1531488600,36.315,36.36,36.1516,36.27,18516886
1531747800,36.28,36.355,36.115,36.185,13331906
1531834200,35.925,36.515,35.905,36.455,14915150
1531920600,36.445,36.45,36.265,36.395,14163914
1532007000,36.305,36.445,36.2,36.265,14910636
1532093400,36.405,36.475,36.23,36.275,14439772
1532352600,36.2,36.48,36.0575,36.46,25151016
1532439000,36.825,36.968,36.5075,36.66,21557280
1532525400,36.67,37.12,36.615,37.12,30577610
1532611800,36.485,36.67,36.42,36.55,25094380
1532698200,36.595,36.62,35.7,35.925,63555088
1532957400,35.905,35.96,35.16,35.365,35695422
1533043800,35.475,35.69,35.2625,35.46,29954010
1533130200,35.715,35.895,35.585,35.78,29322790
1533216600,35.45,36.275,35.45,36.23,26209846
1533303000,36.24,36.36,36.075,36.36,14491404
1533562200,36.345,36.575,36.2575,36.555,15000690
1533648600,36.685,36.8225,36.63,36.695,20545474
1533735000,36.675,36.865,36.58,36.795,14198320
1533821400,36.83,36.95,36.78,36.81,23446470
1533907800,36.535,36.69,36.41,36.515,23138324
1534167000,36.57,36.85,36.455,36.465,24129538
1534253400,36.59,36.7331,36.385,36.69,18359070
1534339800,36.46,36.595,36.075,36.36,35483324
1534426200,36.64,36.74,36.44,36.52,18209678
1534512600,36.41,36.675,36.29,36.575,18048310
1534771800,36.66,36.67,36.375,36.52,21239666
1534858200,36.62,36.81,36.535,36.58,16004864
1534944600,36.47,36.745,36.415,36.69,12742490
1535031000,36.625,36.97,36.625,36.77,18735636
1535117400,36.87,37.15,36.865,37.14,13115270
1535376600,37.34,37.5,37.24,37.48,16414910
1535463000,37.555,37.6275,37.44,37.545,14770726
1535549400,37.59,37.91,37.585,37.885,22364694
1535635800,37.78,38.015,37.655,37.77,21040624
1535722200,37.735,37.9,37.67,37.8,20538340
1536067800,37.625,37.71,37.4,37.655,22147840
1536154200,37.605,37.635,36.995,37.185,32853106
1536240600,37.13,37.21,36.625,36.915,27957566
1536327000,36.675,37.085,36.635,36.79,28461928
1536586200,36.925,36.975,36.7025,36.905,33309762
1536672600,36.8,37.3,36.71,37.22,27190024
1536759000,37.14,37.145,36.765,37.065,32536466
1536845400,37.295,37.595,37.285,37.5,25454888
1536931800,37.535,37.6325,37.3,37.47,18878312
1537191000,37.415,37.48,36.96,37,29584222
1537277400,36.955,37.415,36.955,37.235,19301994
1537363800,37.23,37.355,36.93,37.14,20870938
1537450200,37.36,37.6175,37.245,37.58,27401990
1537536600,37.595,37.655,37.29,37.305,46189470
1537795800,37.125,37.495,36.98,37.49,34513604
1537882200,37.445,37.521,37.29,37.445,21017050
1537968600,37.485,37.65,37.24,37.305,26641122
1538055000,37.44,37.6275,37.44,37.525,28466394
1538141400,37.42,37.7,37.4,37.665,23421136
1538400600,37.905,37.9975,37.73,37.845,20668132
1538487000,37.8,38.065,37.68,37.85,28013910
1538573400,37.98,38.1325,37.8925,37.965,26585128
1538659800,37.78,37.81,37.035,37.28,46584834
1538746200,37.265,37.38,36.45225,36.81,44577448
1539005400,36.635,36.7475,35.9775,36.395,39946006
1539091800,36.38,36.74,36.3025,36.525,30277864
1539178200,36.305,36.31,34.73,34.755,88285980
1539264600,34.655,35.245,34.035,34.315,136539014
1539351000,35.285,35.5275,34.725,35.415,71818738
1539610200,35.285,35.315,34.815,34.835,38305496
1539696600,35.275,36,35.19,35.885,41998566
1539783000,35.93,35.955,35.4,35.72,48329842
1539869400,35.56,35.585,34.81,35.02,45921136
1539955800,35.225,35.605,34.875,35.005,44283472
1540215000,35.17,35.525,34.96,35.295,31962022
1540301400,34.56,35.345,34.21,35.16,48132162
1540387800,35.07,35.155,33.545,33.585,68330712
1540474200,34.065,34.92,34.01,34.74,46754352
1540560600,33.875,34.665,33.555,34.045,85487188
1540819800,34.515,34.76,32.795,33.47,68110624
1540906200,33.44,33.9625,33.155,33.845,61121858
1540992600,34.35,34.925,34.335,34.65,42288280
1541079000,34.7,35.08,34.405,35.055,31106194
1541165400,34.785,34.99,34.08,34.37,40426280
1541428200,34.35,34.405,33.84,34.335,28416460
1541514600,34.305,34.715,34.275,34.55,18268418
1541601000,34.95,35.565,34.905,35.565,32629600
1541687400,35.43,35.58,35.31,35.535,20819498
1541773800,35.23,35.26,34.625,34.92,25883862
1542033000,34.6,34.66,33.65,33.69,32862118
1542119400,33.77,34.31,33.63,33.73,31407076
1542205800,34.105,34.175,33.15325,33.325,38993470
1542292200,33.38,34.24,33.185,34.16,52602890
1542378600,33.76,34.31,33.69,34.105,35946042
1542637800,33.945,33.98,32.715,32.805,38397238
1542724200,31.89,32.535,31.69,32.1,56129526
1542810600,32.535,32.665,32.2,32.335,33006568
1542983400,31.99,32.395,31.97325,32.04,10676228
1543242600,32.46,32.765,32.2875,32.765,25069258
1543329000,32.54,32.88,32.35,32.83,23137154
1543415400,33.16,33.98,33.035,33.98,33219412
1543501800,33.875,33.925,33.47,33.65,28230836
1543588200,33.67,33.995,33.505,33.97,33019678
1543847400,34.82,34.855,34.345,34.72,32463328
1543933800,34.475,34.55,33.325,33.405,41982160
1544106600,32.62,33.48,32.455,33.48,43156012
1544193000,33.32,33.4725,32.15,32.3,39875610
1544452200,32.12,32.87,31.935,32.745,40895946
1544538600,33.255,33.3181,32.52,32.785,31626698
1544625000,33.315,33.56,33.025,33.04,33857812
1544711400,33.2,33.445,32.905,33.095,25639102
1544797800,32.7,32.88,32.255,32.285,31032410
1545057000,32.165,32.385,31.345,31.6,46526942
1545143400,31.845,32.125,31.595,31.85,39253146
1545229800,31.805,32.37,30.88,31.22,67212678
1545316200,31.085,31.4,30.215,30.66,79003666
1545402600,30.535,30.91,29.47,29.6,83310234
1545661800,29.32,29.68,28.785,28.81,42234030
1545834600,29.01,30.55,28.845,30.55,58120328
1545921000,30.125,30.78,29.5419,30.77,46877688
1546007400,30.995,31.2109,30.435,30.7,39686634
1546266600,30.965,31.105,30.73,30.99,33720144
1546439400,30.355,31.195,30.315,31.01,30952108
1546525800,30.22,30.24,29.405,29.445,49893460
1546612200,29.985,30.87895,29.89,30.75,41535958
1546871400,30.75,31.235,30.68,31.025,23847498
1546957800,31.325,31.435,30.915,31.285,26005206
1547044200,31.455,31.855,31.42,31.69,28044770
1547130600,31.44,31.845,31.295,31.83,21868172
1547217000,31.645,31.7875,31.575,31.77,15451204
1547476200,31.49,31.585,31.365,31.475,14484124
1547562600,31.575,32.015,31.52,31.95,28653992
1547649000,31.985,32.175,31.92,31.98,18937286
1547735400,31.865,32.37,31.78,32.185,20256830
1547821800,32.505,32.74,32.295,32.675,27304500
1548167400,32.41,32.465,31.87,32.125,29985024
1548253800,32.26,32.4975,31.875,32.235,19152240
1548340200,32.35,32.62,32.335,32.505,28341796
1548426600,32.75,33.0625,32.63,32.965,20061630
1548685800,32.475,32.535,32.255,32.525,19324938
1548772200,32.59,32.595,32.125,32.175,17147974
1548858600,32.71,33.27,32.565,33.175,33991050
1548945000,33.005,33.32,32.9,33.14,36501832
1549031400,33.155,33.515,33.105,33.335,19475592
1549290600,33.38,33.875,33.355,33.87,15208574
1549377000,33.985,34.24,33.945,34.155,24121328
1549463400,34.195,34.365,34.0625,34.27,20379298
1549549800,33.955,34.1,33.57,33.8,29264256
1549636200,33.495,33.995,33.475,33.995,16961592
1549895400,34.1,34.205,33.9,33.98,14869320
1549981800,34.215,34.4736,34.165,34.43,19418198
1550068200,34.6,34.725,34.455,34.475,18241772
1550154600,34.345,34.6575,34.32,34.535,19484026
1550241000,34.795,34.845,34.615,34.81,14712004
1550586600,34.67,34.925,34.635,34.82,16638228
1550673000,34.85,35.0025,34.675,34.86,19704170
1550759400,34.775,35.0125,34.66,34.875,19508122
1550845800,35.035,35.34,35.025,35.32,24493372
1551105000,35.585,35.735,35.465,35.49,40341002
1551191400,35.365,35.665,35.335,35.565,28267918
1551277800,35.43,35.575,35.165,35.53,19555064
1551364200,35.4,35.565,35.34,35.43,18876662
1551450600,35.71,35.765,35.385,35.67,24668054
1551709800,35.82,35.9075,35.14,35.535,31652944
1551796200,35.515,35.56,35.32,35.43,17907760
1551882600,35.405,35.445,35.2,35.245,26244230
1551969000,35.145,35.175,34.795,34.91,36996572
1552055400,34.49,34.935,34.42,34.905,25781428
1552311000,35.03,35.6875,35.03,35.655,29154388
1552397400,35.755,35.9875,35.645,35.865,36101754
1552483800,36.02,36.3125,36,36.1,35667260
1552570200,36.16,36.285,36.0726,36.175,21313326
1552656600,36.185,36.66,36.16,36.495,42049040
1552915800,36.52,36.745,36.4225,36.65,29675274
1553002200,36.8,36.9,36.58,36.725,32306404
1553088600,36.685,36.925,36.405,36.625,27408586
1553175000,36.63,37.625,36.6225,37.545,54548296
1553261400,37.35,37.505,36.6425,36.66,53494722
1553520600,36.54,36.745,36.265,36.5,43893788
1553607000,36.82,37.055,36.4875,36.7,27930572
1553693400,36.755,36.895,36.17,36.49,31662352
1553779800,36.6,36.79,36.415,36.64,21079408
1553866200,36.945,37.015,36.765,37,28694356
1554125400,37.36,37.55,37.15,37.505,25181008
1554211800,37.535,37.685,37.42,37.635,23574354
1554298200,37.86,38.13,37.79,37.94,27738446
1554384600,37.925,38.025,37.555,37.78,23006154
1554471000,37.905,38,37.84215,37.96,13419570
1554730200,37.87,38.125,37.71,38.105,14619822
1554816600,37.94,38.0775,37.84,37.925,26880252
1554903000,37.96,38.2,37.94,38.19,17235610
1554989400,38.27,38.28,38.06,38.14,15394676
1555075800,38.355,38.405,38.14,38.405,17110744
1555335000,38.405,38.5,38.185,38.39,19821386
1555421400,38.51,38.625,38.4,38.585,19219094
1555507800,38.83,38.85,38.61,38.8,24495744
1555594200,38.885,38.92,38.62,38.91,22983898
1555939800,38.73,39.015,38.695,39,16168736
1556026200,39.06,39.47495,39.02,39.425,33386010
1556112600,39.455,39.62,39.38,39.44,21876536
1556199000,39.62,39.73,39.22,39.43,22775170
1556285400,39.19,39.29,38.8625,39.28,22100438
1556544600,39.285,39.41495,39.245,39.29,21226662
1556631000,39.27,39.41,39.05175,39.355,37685738
1556717400,39.75,39.85,39.25,39.255,30893652
1556803800,39.245,39.5275,38.84,39.05,49977504
1556890200,39.19,39.455,39.135,39.42,26576840
1557149400,38.48,39.18,38.33,39.115,26044958
1557235800,38.675,38.825,37.925,38.275,41251422
1557322200,38.15,38.56,38.085,38.23,27334930
1557408600,37.755,38.095,37.33,37.97,38601820
1557495000,37.725,38.26,37.18235,38.09,39192590
1557754200,37.015,37.235,36.55,36.655,50922414
1557840600,36.84,37.475,36.81,37.245,36808560
1557927000,36.985,37.765,36.925,37.65,30097750
1558013400,37.675,38.27,37.625,37.995,30889952
1558099800,37.605,38.2,37.6,37.69,27087992
1558359000,37.055,37.345,36.8525,37.035,29349224
1558445400,37.425,37.61,37.34005,37.49,29682256
1558531800,37.245,37.52,37.225,37.295,23042162
1558618200,36.79,36.81,36.3702,36.64,32171392
1558704600,36.84,37.03,36.61,36.65,23500038
1559050200,36.765,37,36.525,36.545,51545540
1559136600,36.275,36.505,36.085,36.33,29509612
1559223000,36.415,36.6275,36.305,36.555,22841060
1559309400,36.115,36.285,35.93,35.945,24079564
1559568600,36,36.2,35.0725,35.315,39407396
1559655000,35.765,36.495,35.5825,36.495,30192348
1559741400,36.98,37.055,36.55,36.97,28791682
1559827800,37.07,37.475,36.8975,37.4,23844922
1559914200,37.595,38.3176,37.52,38.095,23984138
1560173400,38.37,38.845,38.37,38.485,26927558
1560259800,38.875,38.915,38.265,38.485,23100250
1560346200,38.3,38.4025,38.18,38.27,15193886
1560432600,38.405,38.52,38.245,38.385,19735522
1560519000,38.035,38.175,37.885,38.05,16883378
1560778200,38.075,38.2675,37.995,38.08,18702260
1560864600,38.485,38.96,38.365,38.77,32362366
1560951000,38.87,39.01,38.605,38.91,24742580
1561037400,39.48,39.61,39.14935,39.48,27783792
1561123800,39.195,39.495,39.14,39.155,41430742
1561383000,39.225,39.3575,39.17,39.23,16432236
1561469400,39.21,39.245,38.4625,38.51,26245330
1561555800,38.885,39.1975,38.875,38.925,18138362
1561642200,39.055,39.16,38.94,39.025,13675232
1561728600,39.145,39.19,38.9,39.02,35566712
1561987800,39.915,39.965,39.475,39.64,28581414
1562074200,39.62,39.77,39.53,39.745,15568960
1562160600,39.845,40.05,39.765,40.05,10683544
1562333400,39.725,40.045,39.58,39.975,11848254
1562592600,39.665,39.7175,39.48505,39.67,14919874
1562679000,39.465,39.84,39.405,39.81,18499652
1562765400,40.03,40.365,39.9975,40.125,20217888
1562851800,40.225,40.4275,40.14,40.275,22704846
1562938200,40.4,40.595,40.33,40.57,15506842
1563197400,40.68,40.755,40.59,40.705,12572252
1563283800,40.655,40.66,40.255,40.325,16011988
1563370200,40.4,40.49,40.215,40.22,13416000
1563456600,40.13,40.58,40.1,40.52,16044786
1563543000,40.925,40.94,40.295,40.345,23359484
1563802200,40.5,40.9085,40.495,40.81,13849326
1563888600,41.045,41.075,40.73,41.035,11011016
1563975000,40.98,41.39,40.98,41.375,18514202
1564061400,41.285,41.285,40.9854,41.205,19846740
1564147800,41.225,41.375,41.185,41.295,22240320
1564407000,41.315,41.34,40.95,41.27,16946438
1564493400,40.985,41.18245,40.895,41.005,14733898
1564579800,41.225,41.27,39.96005,40.385,33738500
1564666200,40.455,41.31,39.98,40.18,57666010
1564752600,39.855,39.87,39.165,39.525,44743892
1565011800,38.47,38.525,37.57,37.875,55653126
1565098200,38.385,38.645,38.065,38.505,38301878
1565184600,38.065,38.85,37.855,38.745,41164844
1565271000,39.055,39.705,38.955,39.695,31983156
1565357400,39.46,39.5695,38.945,39.245,31145204
1565616600,38.975,39.12,38.55,38.73,21786782
1565703000,38.695,39.84995,38.61,39.7,52165450
1565789400,38.97,39.145,38.38,38.48,47138692
1565875800,38.515,38.61,38.085,38.41,31337116
1565962200,38.805,39.2214,38.75,39.14,21724900
1566221400,39.755,39.85495,39.5275,39.735,15756480
1566307800,39.685,39.885,39.5125,39.535,16675898
1566394200,39.915,40.1,39.82,40,16806116
1566480600,40.105,40.195,39.55,39.905,15188838
1566567000,39.685,40.05,38.425,38.585,40798058
1566826200,39.06,39.135,38.795,39.12,20707992
1566912600,39.375,39.445,38.835,39.06,20095192
1566999000,38.85,39.16,38.57,39.095,14279176
1567085400,39.625,39.895,39.485,39.775,16242144
1567171800,40.035,40.085,39.48,39.765,20150886
1567517400,39.435,39.78425,39.14,39.28,23676102
1567603800,39.705,39.97,39.665,39.95,15459810
1567690200,40.475,40.95,40.455,40.785,20086716
1567776600,40.875,40.895,40.64,40.75,18300150
1568035800,40.94,40.96,40.23,40.445,25221412
1568122200,40.26,40.26,39.785,40.24,19717334
1568208600,40.365,40.67,40.28,40.66,18818546
1568295000,40.91,41.21,40.7075,40.88,25542044
1568381400,40.815,40.815,40.535,40.58,33067100
1568640600,40.245,40.5675,40.205,40.48,15451764
1568727000,40.51,40.645,40.4175,40.645,15412092
1568813400,40.58,40.67,40.09,40.64,17595580
1568899800,40.765,41.09,40.675,40.73,16409236
1568986200,40.735,40.755,40.025,40.13,30171582
1569245400,40.135,40.375,40.05,40.255,15778684
1569331800,40.52,40.675,39.695,39.865,35462006
1569418200,39.81,40.45,39.445,40.34,23926906
1569504600,40.325,40.525,40.07,40.385,18233822
1569591000,40.385,40.47,39.545,39.845,25564606
1569850200,40.015,40.36,39.96,40.265,22014376
1569936600,40.445,40.715,39.875,39.89,22045174
1570023000,39.625,39.635,38.8475,39.14,39521142
1570109400,39.125,39.635,38.64,39.62,34953056
1570195800,39.9,40.325,39.86,40.275,22041272
1570455000,40.14,40.44,40.075,40.105,21242298
1570541400,39.845,39.96725,39.365,39.37,28962734
1570627800,39.78,40.1025,39.72,39.955,20557840
1570714200,39.915,40.39,39.885,40.23,18960074
1570800600,40.725,41.145,40.66,40.785,31993122
1571059800,40.745,40.93,40.74,40.76,11332848
1571146200,40.925,41.31,40.885,41.21,16238006
1571232600,40.985,41.00315,40.7726,40.925,20251066
1571319000,41.065,41.18,40.63,40.845,13732406
1571405400,40.785,40.8475,40.19,40.455,17452630
1571664600,40.695,40.91,40.55,40.89,12690960
1571751000,40.97,41.115,40.31,40.34,18470442
1571837400,40.215,40.38,40.13,40.375,17907750
1571923800,40.805,41,40.6525,40.965,14617368
1572010200,40.965,41.51,40.94,41.46,16305452
1572269400,41.825,42.005,41.805,41.985,14459712
1572355800,41.95,42.025,41.59,41.605,15520884
1572442200,41.73,41.91,41.45,41.86,25558670
1572528600,41.925,41.97,41.565,41.835,22461778
1572615000,41.975,42.335,41.91,42.335,19841184
1572877800,42.66,42.685,42.465,42.555,20363124
1572964200,42.675,42.69,42.36,42.505,15799696
1573050600,42.5,42.5225,42.27,42.485,17077226
1573137000,42.77,43.06,42.7,42.82,28084938
1573223400,42.71,43.06,42.54,43.06,12573160
1573482600,42.815,43.14,42.76,43.08,8488164
1573569000,43.14,43.385,43.035,43.225,16563094
1573655400,43.055,43.36,43.045,43.32,15372384
1573741800,43.15,43.305,43.03,43.27,12182884
1573828200,43.575,43.62,43.44,43.62,14124992
1574087400,43.605,43.8143,43.44,43.75,13024702
1574173800,43.925,43.9634,43.675,43.835,14087364
1574260200,43.735,43.8625,43.2413,43.57,24759790
1574346600,43.485,43.535,43.26,43.35,18755544
1574433000,43.475,43.545,43.1225,43.295,11780832
1574692200,43.49,43.925,43.47505,43.925,14739762
1574778600,43.95,44.075,43.88,43.965,19454646
1574865000,44.1,44.21,43.9675,44.21,18698060
1575037800,44.095,44.164,44.005,44.08,11360188
1575297000,44.1,44.1,43.26,43.45,23174836
1575383400,42.765,43.095,42.58,43.065,22501998
1575469800,43.345,43.38,43.175,43.24,13830192
1575556200,43.395,43.435,43.19505,43.4,15620774
1575642600,43.73,43.92,43.695,43.88,18411140
1575901800,43.805,43.945,43.65,43.65,11606864
1575988200,43.72,43.915,43.575,43.685,12354996
1576074600,43.8,44.0175,43.71,43.98,9878936
1576161000,43.855,44.515,43.75,44.45,24194734
1576247400,44.405,44.845,44.32,44.745,26345958
1576506600,45.085,45.3,45.075,45.145,19746972
1576593000,45.225,45.245,44.98,45.04,14919346
1576679400,45.095,45.21,45.02,45.035,12971666
1576765800,45.065,45.365,45.05,45.36,13725718
1576852200,45.48,45.53,45.36,45.475,23415810
1577111400,45.615,45.72,45.55,45.605,15530364
1577197800,45.685,45.685,45.515,45.62,4890728
1577370600,45.715,45.97,45.685,45.96,8269296
1577457000,46.145,46.145,45.84,45.955,19332400
1577716200,45.945,45.95,45.3375,45.69,16608378
1577802600,45.535,45.885,45.475,45.835,11603230
1577975400,46.25,46.695,46.16,46.695,26577676
1578061800,46.015,46.49,46.01,46.17,30024758
1578321000,45.71,46.33,45.625,46.28,15631100
1578407400,46.36,46.4875,46.19,46.26,15424262
1578493800,46.31,46.96,46.225,46.755,23266730
1578580200,47.185,47.315,46.945,47.285,15555456
1578666600,47.49,47.5525,47.095,47.175,15332050
1578925800,47.39,47.82,47.365,47.765,15525896
1579012200,47.825,47.87,47.4625,47.54,16137670
1579098600,47.57,47.825,47.4325,47.595,14417212
1579185000,47.9,48.245,47.8325,48.235,11543136
1579271400,48.46,48.605,48.2,48.56,21661522
1579617000,48.41,48.82,48.4,48.54,17975052
1579703400,48.845,49.055,48.675,48.715,15491816
1579789800,48.765,48.985,48.55625,48.945,14956486
1579876200,49.305,49.415,48.545,48.715,23617354
1580135400,47.58,47.93,47.355,47.555,35574680
1580221800,47.97,48.595,47.87,48.465,31184390
1580308200,48.865,48.935,48.3925,48.59,21130004
1580394600,48.57,49.055,48.275,49.01,19933564
1580481000,48.725,48.75,47.495,47.665,26964668
1580740200,47.72,48.4125,47.665,48.295,25085666
1580826600,49.135,49.665,49.0125,49.56,19097752
1580913000,50.375,50.4,49.49,49.85,32697078
1580999400,50.055,50.32,49.83,50.305,13505696
1581085800,50.07,50.265,49.7425,49.845,16597928
1581345000,49.555,50.53,49.545,50.52,16347512
1581431400,50.905,50.95,50.1975,50.35,15105774
1581517800,50.695,50.915,50.41,50.895,12152776
1581604200,50.495,51.025,50.42,50.76,14802860
1581690600,50.86,51.065,50.6975,50.98,12392468
1582036200,50.57,50.9,50.515,50.79,20636574
1582122600,51.12,51.47,51.085,51.395,16615568
1582209000,51.285,51.4075,50.165,50.86,26324656
1582295400,50.6,50.645,49.41,49.72,29899082
1582554600,47.335,48.355,46.9,47.665,42365250
1582641000,48.095,48.27,45.97,46.14,62934380
1582727400,46.315,47.3543,46.0005,46.35,55759576
1582813800,44.83,45.78,43.82,43.85,67825842
1582900200,42.105,44.6025,42.03,44.185,111859026
1583159400,44.98,46.75,44.19,46.74,70008622
1583245800,47.005,47.33,44.49,44.965,94989164
1583332200,45.935,46.91,45.3,46.895,44727674
1583418600,45.645,46.51505,45.12,45.415,49019020
1583505000,43.895,44.72,43.245,44.455,57631864
1583760600,40.79,43,40.7503,41.08,59119744
1583847000,42.84,43.825,41.31,43.82,71164652
1583933400,42.645,42.91,41.155,41.75,63346830
1584019800,38.72,40.95,37.5,37.675,65490666
1584106200,40.045,42.19,38.1475,42.095,65849666
1584365400,35.86,39.605,35.595,36.28,81244838
1584451800,37.135,39.22,35.97,38.75,100814576
1584538200,36.175,37.9108,35.135,37.29,107412412
1584624600,36.945,38.695,36.06,37.425,123454112
1584711000,38.13,38.52,35.59,35.71,90443988
1584970200,35.345,36.11,34.05,35.2,84958328
1585056600,37.33,38.835,37.18,38.805,75329030
1585143000,39.1,40.545,38.01,38.755,57480860
1585229400,39.245,41.255,39.15,41.155,56425854
1585315800,39.88,40.63,39.125,39.295,58485442
1585575000,39.82,41.045,39.695,40.95,47480138
1585661400,40.855,41.59,39.975,40.185,40002160
1585747800,38.795,39.625,37.9825,38.27,54984812
1585834200,38.135,39.215,37.98,39.165,44223642
1585920600,38.995,39.415,38.075,38.56,31571940
1586179800,40.255,42.1225,40,41.85,35987134
1586266200,43.325,43.34,41.43,41.475,44298898
1586352600,42.02,42.76285,41.625,42.59,27428668
1586439000,43.095,43.3125,42.2975,42.6,39261456
1586784600,42.43,42.755,41.825,42.695,25301570
1586871000,43.645,44.565,43.47,44.485,31778950
1586957400,43.6,43.87,43.19,43.515,25858100
1587043800,44.085,44.155,43.325,44.045,23667576
1587130200,44.825,44.835,43.985,44.63,28284796
1587389400,44.025,44.60995,43.855,43.915,20407020
1587475800,43.295,43.4,41.82,42.075,32765098
1587562200,43.095,43.935,42.94,43.695,24038134
1587648600,43.795,44.29,43.36,43.395,21169698
1587735000,43.575,44.32295,43.2955,44.315,16885624
1587994200,44.715,44.845,44.425,44.695,15598542
1588080600,45.25,45.28,44.04,44.1,25267626
1588167000,45.04,46.0675,44.88,45.91,22925864
1588253400,46.005,46.005,45.365,45.705,30861276
1588339800,44.7,45.325,44.28,44.45,23990618
1588599000,44.245,45.085,44.04,45.04,21458068
1588685400,45.555,46.24,45.475,45.66,17374664
1588771800,46.1,46.46,45.81,46.015,16941012
1588858200,46.64,46.9675,46.57,46.705,21091058
1588944600,47.15,47.455,46.875,47.39,15224524
1589203800,47.065,47.9845,46.97,47.705,20768714
1589290200,47.9,48.035,46.685,46.72,27042020
1589376600,46.745,47.1045,45.31,45.915,33984334
1589463000,45.595,46.53,45.095,46.5,30475190
1589549400,45.765,46.745,45.635,46.735,28033410
1589808600,47.655,48.15,47.49,47.88,20035328
1589895000,47.9,48.445,47.685,47.705,20092700
1589981400,48.365,48.84,48.34,48.75,18191988
1590067800,48.7,48.845,48.0425,48.07,20581674
1590154200,48,48.305,47.805,48.245,18549154
1590499800,49.21,49.245,48.1525,48.195,26001492
1590586200,48.19,48.49,47.165,48.47,38856738
1590672600,48.29,49.26,48.255,48.375,21158288
1590759000,48.52,49.1,48.115,48.985,35557826
1591018200,48.755,49.0725,48.54,48.97,26723350
1591104600,49.07,49.43,48.605,49.43,22389788
1591191000,49.63,49.975,49.415,49.815,22036528
1591277400,49.62,49.965,49.13,49.405,15138880
1591363800,49.755,50.85,49.67,50.705,20756304
1591623000,50.615,50.98,50.15,50.96,16130418
1591709400,50.705,51.45,50.66,51.2,14707730
1591795800,51.57,52.445,51.475,52.055,24389608
1591882200,51.15,51.225,49.055,49.07,39742030
1591968600,50.385,50.635,48.84,49.705,43286994
1592227800,48.8,50.41,48.64,50.185,29926356
1592314200,51.385,51.695,50.46,51.255,27937802
1592400600,51.545,51.73,51.16,51.245,17324252
1592487000,51.15,51.53,51.04,51.475,13717188
1592573400,52.095,52.155,50.875,51.12,31279968
1592832600,51.045,51.985,50.965,51.94,14737958
1592919000,52.405,52.915,52.24,52.315,19027988
1593005400,52.1,52.39,50.855,51.135,25425678
1593091800,51.21,51.845,50.655,51.79,20534458
1593178200,51.69,51.765,50.615,50.77,44275536
1593437400,50.765,51.33,50.155,51.325,18547202
1593523800,51.33,52.455,51.26,52.245,16499918
1593610200,52.28,52.635,52.04,52.33,21709138
1593696600,52.825,53.11,52.525,52.635,19144662
1594042200,53.315,53.805,53.285,53.555,16046258
1594128600,53.495,54.035,52.94,52.995,15863566
1594215000,53.415,53.865,53.13,53.86,13327056
1594301400,54.3,54.31,53.28,54.055,17768454
1594387800,53.93,54.065,53.4,54.04,14724584
1594647000,54.5,54.86,52.785,52.92,28910422
1594733400,52.5,53.605,51.94,53.53,30053136
1594819800,54.02,54.2825,53.19,53.82,23777936
1594906200,53.245,53.395,52.7453,53.155,17180586
1594992600,53.47,53.565,52.925,53.415,12710580
1595251800,53.565,54.91,53.265,54.78,17018442
1595338200,55.17,55.19,54.03,54.23,18794990
1595424600,54.28,54.8353,54.235,54.665,15027468
1595511000,54.375,54.735,53.0025,53.245,23349602
1595597400,52.355,52.945,51.735,52.6,22911692
1595856600,52.92,53.485,52.815,53.43,16907990
1595943000,53.265,53.43,52.765,52.805,17825484
1596029400,53.005,53.715,53.005,53.57,13187246
1596115800,53.085,53.905,52.8,53.87,21556736
1596202200,54.72,55.235,53.8305,55.215,25188224
1596461400,55.965,56.755,55.94,56.575,24331554
1596547800,56.455,56.725,56.21,56.72,17971638
1596634200,56.9,57.06,56.645,56.93,12960540
1596720600,56.885,57.785,56.7575,57.73,16399336
1596807000,57.5,57.5025,56.42,56.87,27476250
1597066200,56.98,57.075,55.9425,56.71,16481350
1597152600,56.525,56.765,55.575,55.69,18844470
1597239000,56.14,57.103,56.07,56.955,14197800
1597325400,57.035,57.455,56.775,56.98,11453670
1597411800,57.005,57.105,56.625,56.94,8334274
1597671000,57.285,57.45,57.215,57.32,8174860
1597757400,57.43,57.69,57.05,57.535,8930088
1597843800,57.68,57.935,57.3675,57.465,14239416
1597930200,57.25,58.345,57.19,58.23,12803080
1598016600,58.285,59.03495,58.255,58.97,15288690
1598275800,59.82,59.84,58.985,59.48,16439198
1598362200,59.345,59.805,59.255,59.78,18627254
1598448600,60.405,61.155,60.27,60.995,16463080
1598535000,61.25,61.53,60.495,61.045,18173292
1598621400,61.285,61.78,61.205,61.58,13093342
1598880600,61.825,62.175,61.44,61.775,19039960
1598967000,62.33,63.035,61.94,62.955,25619960
1599053400,63.855,63.86,62.40505,63.515,40393900
1599139800,62.5,62.55,59.4,59.895,54161932
1599226200,59.56,60.41,56.525,59.06,62544296
1599571800,56.815,58.165,56.29,56.39,47860394
1599658200,57.765,58.80005,57.135,58.23,36783870
1599744600,59.03,59.12,56.57,56.915,32109870
1599831000,57.45,57.67,55.76,56.48,37166100
1600090200,57.42,57.975,57.15,57.665,24727950
1600176600,58.545,58.65,57.8425,58.235,18260458
1600263000,58.495,58.575,57.28,57.335,19640116
1600349400,55.995,57.255,55.905,56.86,30403638
1600435800,56.955,57.055,55.19105,55.88,41837596
1600695000,54.75,56.245,54.555,56.22,38381766
1600781400,56.855,57.255,55.89,57.11,25537456
1600867800,57.14,57.195,55.16,55.33,23706834
1600954200,54.815,56.33,54.745,55.64,31838634
1601040600,55.67,57.14,55.32,56.97,19326424
1601299800,57.915,58.065,57.435,58.06,17473222
1601386200,57.985,58.23,57.74,57.865,24451556
1601472600,57.835,58.945,57.81,58.35,22315832
1601559000,59.16,59.24,58.59,58.965,27076328
1601645400,57.515,58.47,57.24,57.47,37251688
1601904600,57.88,58.765,57.845,58.73,12270548
1601991000,58.59,59.145,57.615,57.82,26861256
1602077400,58.425,58.995,58.3775,58.88,12991826
1602163800,59.395,59.395,58.985,59.185,10109506
1602250200,59.465,60.105,59.45,60.09,14425130
1602509400,60.975,62.135,60.67,61.73,19163762
1602595800,61.93,62.04,61.1,61.335,17613868
1602682200,61.485,61.81,60.5544,61.01,14555724
1602768600,60,60.855,59.84,60.735,13187642
1602855000,61.07,61.315,60.505,60.56,11544236
1603114200,60.865,61.095,59.265,59.45,16616412
1603200600,59.675,60.285,59.29,59.655,14566998
1603287000,59.51,60.135,59.43,59.565,12171768
1603373400,59.59,59.785,58.605,59.285,13486498
1603459800,59.37,59.38,58.725,59.22,10313458
1603719000,58.565,59.0325,57.215,57.935,18189152
1603805400,58.215,58.4675,57.895,58.225,19064726
1603891800,57.12,57.155,55.66,55.755,32755678
1603978200,55.97,57.34,55.935,56.685,19408738
1604064600,55.89,56.24,54.785,55.43,25850194
1604327400,55.855,56.31,55.04,55.57,24039714
1604413800,56.005,57.05,55.775,56.55,20970142
1604500200,58.27,59.19,57.685,58.75,30763806
1604586600,60.295,60.75,60.045,60.575,22189854
1604673000,60.43,60.985,59.605,60.79,19455298
1604932200,62.08,62.68,60.295,60.35,39768100
1605018600,59.825,60.245,58.745,59.225,23538370
1605105000,59.825,60.795,59.705,60.63,14488552
1605191400,60.63,60.93,59.8075,60.09,14354156
1605277800,60.545,60.725,59.975,60.6,11853016
1605537000,60.605,61.295,60.48,61.185,14864182
1605623400,60.88,61.175,60.586,60.845,9939410
1605709800,60.74,61.03,60.17,60.195,9543528
1605796200,60.075,60.79,59.81,60.68,12155252
1605882600,60.735,60.75,60.035,60.055,9916768
1606141800,60.24,60.635,59.52,60.04,9808688
1606228200,60.27,60.9925,59.835,60.875,13641328
1606314600,61.085,61.26,60.775,61.005,12186372
1606487400,61.33,61.59,61.215,61.33,7025854
1606746600,61.31,61.83,60.615,61.74,32229274
1606833000,62.25,62.875,61.99,62.53,22664200
1606919400,62.265,62.505,61.795,62.435,16038874
1607005800,62.505,62.815,62.2275,62.395,13775406
1607092200,62.485,63.03,62.35,63.02,10358714
1607351400,63.055,63.385,62.945,63.2,8905428
1607437800,63.14,63.605,62.8695,63.405,7886840
1607524200,63.365,63.5525,61.975,62.19,17271820
1607610600,61.81,62.575,61.665,62.28,9997428
1607697000,61.905,62.15,61.45,62.15,13023260
1607956200,62.34,62.935,62.3,62.375,11056028
1608042600,63.05,63.415,62.645,63.415,9114576
1608129000,63.5,64.07,63.29,63.845,10309258
1608215400,64.31,64.49,64.045,64.35,11504994
1608301800,64.445,64.455,63.715,64.125,17693346
1608561000,63.165,64.07,62.6,64.04,15232250
1608647400,64.395,64.885,64.1,64.595,14335242
1608733800,64.67,64.71725,64.01,64.105,11300740
1608820200,64.215,64.69,64.17,64.53,4384640
1609165800,65.17,65.39,64.865,65.26,8170924
1609252200,65.615,65.7,64.835,64.95,8841398
1609338600,65.175,65.31,64.82,64.915,8141770
1609425000,64.945,65.195,64.485,65.01,11058334
1609770600,65.34,65.355,63.12,63.95,21017108
1609857000,63.805,64.47,63.765,64.365,12360684
1609943400,63.445,64.49,63.06,63.255,27257800
1610029800,63.865,65.085,63.84,64.96,19651956
1610116200,65.28,65.555,64.64,65.38,12387622
1610375400,64.745,65.3,64.57,64.84,17857386
1610461800,64.76,64.845,63.915,64.53,17089172
1610548200,64.615,65.14,64.49,64.94,13604964
1610634600,65.1,65.235,64.275,64.37,15622930
1610721000,64.275,64.56,63.58,63.71,12641128
1611066600,64.15,64.65,63.925,64.54,11566042
1611153000,65.03505,66.05,64.945,65.82,11770034
1611239400,66.175,66.89,65.82,66.67,8948204
1611325800,66.39,66.75,66.255,66.415,11243518
1611585000,67.165,67.395,65.35,66.97,18205224
1611671400,67.205,67.31,66.76,67.015,8593458
1611757800,66.695,66.91,65.155,65.75,24484536
1611844200,66.085,67.12,65.86,66.02,16181652
1611930600,65.69,65.95,64.1147,64.465,19023310
1612189800,65.23,66.4,64.75,66.08,11232674
1612276200,66.72,67.17,66.625,66.975,8595392
1612362600,67.11,67.25,66.545,66.745,11574828
1612449000,67.105,67.81,66.9125,67.81,8134236
1612535400,68.015,68.025,67.465,67.66,9413748
1612794600,67.935,68.4,67.84,68.37,11713636
1612881000,68.19,68.615,68.1696,68.29,10552568
1612967400,68.565,68.65,67.61,68.19,9464456
1613053800,68.65,68.985,68.385,68.94,7564206
1613140200,68.76,69.34,68.57,69.295,6755508
1613485800,69.57,69.62,68.89,69.07,9722112
1613572200,68.435,68.61,67.77,68.46,15275356
1613658600,67.75,68.24,67.265,68.125,10956062
1613745000,68.475,68.535,67.72,68.025,11686164
1614004200,67.19,67.41,66.485,66.525,14262652
1614090600,65.42,66.75,64.305,66.34,24197056
1614177000,65.845,67.415,65.34,67.355,16472248
1614263400,66.755,67.2,64.71,65,34312144
1614349800,65.645,66.35,64.765,65.345,35511884
1614609000,66.455,67.49,66.03505,67.45,24775218
1614695400,67.545,67.59,66.2825,66.38,24802868
1614781800,66.06,66.25,64.64,64.71,29889304
1614868200,64.51,64.98,62.48,63.28,76955518
1614954600,64.07,64.655,62.355,64.475,46085774
1615213800,64.415,64.725,62.85,62.915,35242424
1615300200,64.385,65.455,64.3,65.055,22987282
1615386600,65.755,65.765,64.745,64.795,18458980
1615473000,65.77,66.58965,65.63,66.18,13362854
1615559400,65.39,65.725,64.97,65.705,12442146
1615815000,65.755,66.445,65.4925,66.405,16588086
1615901400,66.915,67.545,66.62,66.905,13106814
1615987800,66.365,67.25,65.86005,66.85,19366482
1616074200,65.935,66.0475,64.915,64.995,17584852
1616160600,65.01,65.295,64.49,64.8,27225220
1616419800,65.01,66.255,64.905,65.935,15983726
1616506200,66.115,66.405,65.35,65.525,12929160
1616592600,65.92,65.9319,64.72,64.73,14209950
1616679000,64.345,64.98,63.86,64.69,22573666
1616765400,64.655,66.405,64.63,66.335,14879080
1617024600,66.135,66.32,65.49,65.99,17317732
1617111000,65.525,65.595,64.97,65.365,13235042
1617197400,65.865,66.81,65.81,66.405,15430338
1617283800,67.13,67.745,67.065,67.74,14351500
1617629400,68.135,69.26,68.045,69.14,12866790
1617715800,69.03,69.255,68.615,68.845,11316274
1617802200,68.79,69.3325,68.54,69.21,10085192
1617888600,69.86,70.225,69.74,70.21,14144554
1617975000,69.955,70.905,69.83,70.885,9401306
1618234200,70.595,70.77,70.1975,70.545,15907056
1618320600,70.815,71.265,70.685,71.21,11316230
1618407000,71.2,71.235,70.32,70.455,11216210
1618493400,71.1,71.72,71.09,71.665,11028860
1618579800,71.72,71.785,71.35,71.65,11696022
1618839000,71.33,71.66,70.63,71.055,10254648
1618925400,70.905,71.2125,70.03,70.425,9873486
1619011800,70.3,71.16,70.105,71.135,9254138
1619098200,71.01,71.315,69.99,70.3,11652110
1619184600,70.43,71.575,70.415,71.35,8892810
1619443800,71.375,71.79,71.325,71.715,7735016
1619530200,71.83,71.885,71.285,71.54,10822092
1619616600,71.1225,71.22,70.7025,70.875,10691172
1619703000,71.455,71.545,70.095,70.815,13414760
1619789400,70.095,70.475,69.685,69.85,10583462
1620048600,70.225,70.365,69.4775,69.655,10805740
1620135000,69.135,69.155,67.645,68.405,19919606
1620221400,68.965,69.065,68.11,68.24,11245864
1620307800,68.21,68.965,67.72,68.925,14339178
1620394200,69.615,69.925,69.215,69.515,19197072
1620653400,69.18,69.215,67.735,67.76,20281076
1620739800,66.465,67.695,66.305,67.555,27046816
1620826200,66.56,66.925,65.479,65.655,29414512
1620912600,66.375,67.1225,66.08,66.525,22615040
1620999000,67.27,68.2225,67.14,67.99,16823088
1621258200,67.59,67.61,66.875,67.49,16267150
1621344600,67.685,67.825,66.905,66.95,11737252
1621431000,65.91,67.235,65.75,67.185,30581252
1621517400,67.455,68.6975,67.445,68.47,16828148
1621603800,68.82,68.885,68.0325,68.095,14148388
1621863000,68.66,69.54495,68.625,69.305,13229032
1621949400,69.585,69.745,69.17,69.325,11245866
1622035800,69.425,69.625,69.095,69.32,13311384
1622122200,69.26,69.545,68.94,68.955,11354688
1622208600,69.305,69.6,69.165,69.2,9223702
1622554200,69.51,69.585,68.735,68.86,12907306
1622640600,69,69.615,68.87,69.335,10098132
1622727000,68.775,69.05,68.27,68.69,12721362
1622813400,69.11,70.08965,69.11,70.01,11182546
1623072600,69.95,70.075,69.6525,69.995,11783940
1623159000,70.33,70.625,69.805,70,8902698
1623245400,70.34,70.46,70.01,70.05,9763472
1623331800,70.195,70.74,69.945,70.565,11275848
1623418200,70.655,70.985,70.59,70.985,12100666
1623677400,71.055,71.71,70.765,71.705,11426928
1623763800,71.65,71.65,71.135,71.265,15079914
1623850200,71.4,71.535,70.1825,70.88,19202854
1623936600,70.675,71.99425,70.675,71.7,15864366
1624023000,71.355,71.635,70.96,71.045,20816604
1624282200,70.945,71.715,70.485,71.675,12276642
1624368600,71.63,72.365,71.55,72.325,9253166
1624455000,72.335,72.4975,72.085,72.245,8270928
1624541400,72.71,72.92125,72.555,72.7,12278988
1624627800,72.765,72.82,72.495,72.615,14385716
1624887000,72.915,73.46,72.9,73.375,12557646
1624973400,73.415,73.945,73.245,73.91,9829112
1625059800,73.795,74.01,73.6,73.83,11013592
1625146200,73.73,73.955,73.455,73.955,11636714
1625232600,74.31,75.0075,74.29,74.93,12780428
1625578200,75.09,75.57,74.495,75.215,11870640
1625664600,75.695,75.78,75.02,75.625,14883700
1625751000,74.435,75.1175,74.1,74.91,17086732
1625837400,74.82,75.67,74.71,75.6,9775818
1626096600,75.9,75.935,75.415,75.66,9620230
1626183000,75.53,76.52,75.465,75.97,15202840
1626269400,76.58,76.92,76.195,76.53,12886728
1626355800,76.44,76.5,75.495,75.9,12506684
1626442200,76.05,76.41,75.075,75.15,15080946
1626701400,74.255,74.4595,73.685,74.115,24253974
1626787800,74.485,75.63,74.055,75.215,14715530
1626874200,75.185,75.955,75.045,75.94,12233956
1626960600,76.1,76.559,76.1,76.5,9578160
1627047000,76.84,77.2975,76.565,77.26,12576154
1627306200,77.065,77.3575,76.775,77.22,8993372
1627392600,77.125,77.15,75.525,76.49,18089898
1627479000,76.515,76.7975,75.665,76.395,13941162
1627565400,76.315,77.01,76.305,76.75,12030696
1627651800,76.26,76.78,76.24,76.7,10149456
1627911000,77.045,77.15,76.32,76.425,12205870
1627997400,76.565,76.955,75.945,76.915,10825226
1628083800,76.855,77.26,76.61,77.07,11322782
1628170200,77.21,77.52,76.98,77.495,6674662
1628256600,77.225,77.52,77.205,77.43,7602836
1628515800,77.52,77.66,77.105,77.18,7198130
1628602200,77.32,77.39,76.4025,76.625,10421348
1628688600,76.89,77.03,76.245,76.635,10832258
1628775000,76.555,77.12,76.24,77.075,6948712
1628861400,77.125,77.515,77.04,77.495,5631218
1629120600,77.31,77.855,76.655,77.845,9494214
1629207000,77.37,77.495,76.72155,77.2,19052668
1629293400,77.02,77.365,76.05,76.135,13481182
1629379800,75.715,77.165,75.605,76.88,19291344
1629466200,77.17,77.94,76.985,77.87,14769720
1629725400,78.075,78.9865,78.07,78.875,10802474
1629811800,78.975,79.065,78.715,78.785,9537024
1629898200,78.97,79.18,78.61,78.74,9430450
1629984600,78.645,78.805,78.18,78.245,12056660
1630071000,78.315,79.055,78.18,79,14088762
1630330200,79.235,79.9425,79.235,79.85,10026814
1630416600,79.9,79.925,79.28,79.43,21971112
1630503000,79.705,80.065,79.385,79.45,20290356
1630589400,79.745,79.85,79.045,79.365,21771398
1630675800,79.27,79.89,79.245,79.68,21204800
1631021400,79.775,79.87,79.3225,79.7,19724356
1631107800,79.69,79.715,78.83,79.395,11466304
1631194200,79.45,79.725,79.03,79.095,11161146
1631280600,79.535,79.73,78.23705,78.315,17080214
1631539800,78.91,79.115,77.825,78.34,22637734
1631626200,78.675,78.835,78.03,78.24,18431550
1631712600,78.505,78.9875,78.065,78.925,16339294
1631799000,78.645,79.05,78.1575,78.97,16148502
1631885400,78.765,78.77,77.625,77.74,22662994
1632144600,76.465,76.855,75.1725,76.19,35669304
1632231000,76.655,76.8425,75.925,76.22,18454970
1632317400,76.635,77.565,76.295,77.265,27990666
1632403800,77.665,78.485,77.425,78.3,19534672
1632490200,77.825,78.485,77.79,78.355,11652500
1632749400,77.695,77.875,77.1,77.595,15014944
1632835800,76.6,76.775,75.235,75.295,38190688
1632922200,75.605,76,75.07,75.2,25011958
1633008600,75.64,75.965,74.62,74.66,33416518
1633095000,74.93,75.95,74.17,75.785,45483858
1633354200,75.35,75.4375,73.44,74.03,50773040
1633440600,74.18,75.5125,74.11,75.085,32967544
1633527000,74.22,75.63,73.9725,75.575,40004756
1633613400,76.23,76.855,76.125,76.265,19895612
1633699800,76.56,76.615,75.855,75.98,18426984
1633959000,75.64,76.575,75.5075,75.56,14970528
1634045400,75.855,75.95,75.045,75.17,17853316
1634131800,75.495,75.795,75.005,75.63,19523488
1634218200,76.4,77.37,76.29,77.335,15200418
1634304600,77.605,77.97,77.37,77.955,12779234
1634563800,77.52,78.655,77.305,78.615,11630264
1634650200,78.825,79.395,78.665,79.395,13201414
1634736600,79.47,79.585,78.83,79.175,12025334
1634823000,78.935,79.5225,78.7725,79.48,10023166
1634909400,79.45,79.78,78.875,79.205,12490012
1635168600,79.505,79.75005,79.155,79.465,10337112
1635255000,80,80.335,79.65,79.69,13189518
1635341400,79.825,80.23,79.54,79.62,17448022
1635427800,80.105,80.48,79.955,80.42,12756880
1635514200,79.63,80.815,79.535,80.765,20131752
1635773400,80.765,80.805,80.235,80.645,24421238
1635859800,80.755,81.555,80.755,81.355,26814596
1635946200,81.495,82,81.02,81.83,25978616
1636032600,82.14,83.31,81.995,83.11,28691398
1636119000,83.72,84.01,83.02045,83.54,24224128
1636381800,83.81,84.135,83.615,83.99,12780914
1636468200,84.115,84.205,83.2175,83.645,16823118
1636554600,83,83.415,82.015,82.265,25788786
1636641000,82.855,82.89,82.515,82.65,10103808
1636727400,82.925,83.7925,82.785,83.655,12244554
1636986600,83.99,84.11,83.095,83.57,12490390
1637073000,83.47,84.565,83.42,84.45,13538818
1637159400,84.285,84.725,83.93,84.195,15417874
1637245800,84.68,85.155,84.07,85.035,19968010
1637332200,85.34,85.98,85.05525,85.655,17717568
1637591400,85.99,87.125,84.65,84.7,28465004
1637677800,84.375,84.775,83.435,84.505,29241354
1637764200,84,85.14,83.59,85.12,18241040
1637937000,83.905,84.555,82.665,82.995,24767870
1638196200,84.23,85.2975,83.965,85.07,24979764
1638282600,84.75,85.525,83.64,84.36,54066714
1638369000,85.25,85.895,83.13,83.205,39091240
1638455400,82.435,84.355,82.255,83.97,46872494
1638541800,84.21,84.47,81.525,82.565,48470054
1638801000,82.805,83.6,81.945,83.35,37800346
1638887400,85.01,86.365,84.9978,86.26,28691096
1638973800,86.29,86.715,85.695,86.655,23261576
1639060200,86.44,87.005,85.65,85.72,17201020
1639146600,86.62,87.55,86.365,87.44,24777048
1639405800,87.62,87.79,86.015,86.14,20973986
1639492200,85.1,85.645,83.705,84.725,27094776
1639578600,84.795,87.055,83.99,86.97,28270826
1639665000,87.295,87.435,84.005,84.505,31275606
1639751400,83.575,84.76,83.14,83.94,44823252
1640010600,82.5,83.045,82.18,82.785,32649522
1640097000,83.67,84.95,82.895,84.88,16810832
1640183400,84.765,86.05,84.54,85.99,13376198
1640269800,86.105,86.81495,86.095,86.47,9792570
1640615400,86.815,88.345,86.795,88.325,13279142
1640701800,88.49,88.52,87.645,87.865,11423964
1640788200,87.895,88.295,87.485,87.94,9687772
1640874600,87.975,88.27,87.255,87.36,10526424
1640961000,87.275,87.485,86.895,86.935,10243082
1641220200,87.05,87.84,86.67,87.76,20302868
1641306600,87.91,88,86.175,86.83,16647996
1641393000,86.325,86.39,84.13,84.16,23628490
1641479400,83.49,84.6,83.235,83.735,23767126
1641565800,83.68,84.08,82.42,82.965,30488670
1641825000,81.73,83.085,80.645,82.98,32501410
1641911400,82.765,84.095,82.15,83.975,19207590
1641997800,84.6,85.18,83.95,84.37,18143980
1642084200,84.805,85.05,81.9758,82.185,20942678
1642170600,81.625,82.93,81.625,82.88,22351360
1642516200,81.675,82.16,80.665,80.89,24709834
1642602600,81.145,82.145,79.68,79.76,24961324
1642689000,80.47,81.3725,78.625,78.73,37609054
1642775400,78.54,79.44495,77.145,77.165,48016524
1643034600,75.88,77.62,73.12,77.565,67429644
1643121000,76.045,77.21,74.9,75.77,48886298
1643207400,77.83,78.7375,75.31,76.215,53596266
1643293800,77.45,77.86,75.415,75.69,39456128
1643380200,76.63,79.02,75.49,79,44236090
1643639400,79.02,81.09,78.635,80.985,29121082
1643725800,81.095,81.3305,80.02,81.195,23389884
1643812200,81.37,81.99,80.82,81.855,25504816
1643898600,80.695,81.245,79.185,79.48,27865352
1643985000,79.055,80.5,78.72,79.8,29721824
1644244200,79.86,80.335,78.965,79.27,14622678
1644330600,79.02,80.465,78.835,80.25,21139770
1644417000,81.285,82.055,80.95,82.03,17795580
1644503400,80.4,81.765,79.465,79.885,31692206
1644589800,79.965,80.315,77.15,77.445,34878824
1644849000,77.24,78.0425,76.52,77.42,41030386
1644935400,78.585,79.51,78.31,79.455,24445414
1645021800,78.915,79.65,78.055,79.375,20318228
1645108200,78.635,78.715,76.8525,77,24906424
1645194600,77.265,77.375,75.635,76.22,25310802
1645540200,75.42,76.725,74.69,75.515,26893502
1645626600,76.3,76.505,73.545,73.625,37879354
1645713000,71.095,76.195,70.86,76.14,50967782
1645799400,76.255,77.2,75.32,77.175,28301662
1646058600,76.355,77.36,75.715,77.035,34822292
1646145000,76.745,77.14,74.905,75.495,29924982
1646231400,76.05,77.45,75.46,77.13,25592400
1646317800,77.78,77.785,75.82,76.21,23450698
1646404200,75.615,75.93,74.28,74.875,26732740
1646663400,74.81,75.155,72.095,72.135,32864270
1646749800,71.94,74.015,70.725,71.785,36898432
1646836200,73.735,74.965,73.145,74.625,35327336
1646922600,73.305,73.525,72.21,73.32,27448470
1647009000,73.97,74.155,71.92,72.03,21457722
1647264600,71.7,72.515,70.49,70.695,27852442
1647351000,71.255,73.215,71.0175,73.07,22993884
1647437400,73.995,75.4725,72.821,75.445,27176072
1647523800,75.04,76.03,74.635,75.98,18518844
1647610200,75.71,77.675,75.34,77.535,27897888
1647869400,76.975,77.655,76.23,77.245,22341420
1647955800,77.3,78.76,77.195,78.355,17485818
1648042200,77.625,78.34,77.075,77.15,12360626
1648128600,77.58,79.175,77.32,79.155,14263466
1648215000,79.28,79.39,78.1201,79.11,14875576
1648474200,78.745,80.085,78.545,80.05,18592912
1648560600,80.985,81.825,80.405,81.75,18829726
1648647000,81.33,81.56,80.235,80.66,18680356
1648733400,80.65,80.8,79.345,79.465,19424120
1648819800,79.545,79.73,78.345,79.23,28209560
1649079000,79.435,80.775,79.405,80.735,23048296
1649165400,80.385,80.57,78.76,79.035,23588152
1649251800,77.72,77.9,76.48,77.165,34225318
1649338200,76.755,77.805,76.23,77.285,23200188
1649424600,76.94,77.12,76.04,76.205,26354584
1649683800,75.25,75.345,74.185,74.285,21595330
1649770200,75.205,75.775,73.675,73.955,22172228
1649856600,74,75.375,73.725,75.145,14446724
1649943000,75.225,75.36,73.2825,73.32,17407032
1650288600,72.96,74.035,72.94,73.56,14060570
1650375000,73.375,75.07,73.105,74.94,13562150
1650461400,75.665,75.865,74.65,74.87,15652590
1650547800,75.6,76.31,73.375,73.6,18509228
1650634200,73.52,73.95,71.44005,71.54,22094882
1650893400,71.225,72.665,70.78,72.615,28707546
1650979800,71.955,72.065,69.875,69.91,25953288
1651066200,70.69,72.31,70.535,70.945,40048596
1651152600,72.06,74.205,71.675,73.785,27762416
1651239000,72.98,73.83,70.575,70.71,29589850
1651498200,70.63,71.88,69.83,71.785,37004312
1651584600,71.775,72.35,71.245,71.91,27469816
1651671000,72.19,74.57,70.995,74.435,28650488
1651757400,73.34,73.43,70.01,70.855,36442236
1651843800,70.21,71.41,69.23,70.285,34862120
1652103000,69.015,69.46,67.255,67.565,41124656
1652189400,69.175,69.565,67.575,68.595,36370408
1652275800,67.975,69.265,66.225,66.43,34781840
1652362200,65.445,66.7,64.215,65.745,36506602
1652448600,66.64,68.265,66.21,67.93,24495704
1652707800,67.365,68.235,66.755,67.33,17423480
1652794200,68.78,69.385,68,69.28,18602228
1652880600,68.365,68.565,65.86,66.11,23670144
1652967000,65.615,66.51,65.075,65.385,20874898
1653053400,66.295,66.475,63.51775,65.53,20252548
1653312600,65.735,67.12,65.53,67.035,17219682
1653399000,66.1,66.435,64.885,66.04,17122034
1653485400,65.605,67.305,65.555,66.81,13656628
1653571800,66.42,68.71,66.28,68.415,15556630
1653658200,69.18,70.745,69.05,70.73,16281786
1654003800,70.455,70.915,69.54,70.225,19420896
1654090200,70.98,71.4575,69.495,70.015,13304796
1654176600,69.52,71.715,69.195,71.71,13868330
1654263000,70.35,70.83505,69.67,69.995,11263738
1654522200,70.875,71.315,69.6525,70,12589556
1654608600,69.255,70.97,69.115,70.835,11016670
1654695000,70.625,70.965,69.84,70.035,8814288
1654781400,69.525,70.205,68.15,68.165,9765206
1654867800,66.99,67.2,65.525,65.545,20886302
1655127000,63.48,64.085,62.41,62.64,36332694
1655213400,63.11,63.455,62.45,63.035,18250344
1655299800,63.82,65.315,62.955,64.365,25069570
1655386200,62.73,62.785,61.2325,61.745,32690812
1655472600,61.735,62.9,61.3,62.31,27684874
1655818200,63.055,64.18,63.055,63.73,17244996
1655904600,63.035,64.3395,62.86,63.46,15163482
1655991000,64.005,64.5325,63.42,64.41,16042176
1656077400,65.15,66.74,65.15,66.725,25492126
1656336600,66.94,67.1375,65.975,66.275,13917296
1656423000,66.335,66.995,64.26,64.29,15262200
1656509400,64.21,64.805,63.69,64.42,13607150
1656595800,63.565,64.36,62.555,63.56,15720322
1656682200,63.16,63.865,62.615,63.705,13930634
1657027800,62.84,64.52,62.48,64.505,14341070
1657114200,64.645,65.58,64.325,65.06,16166924
1657200600,65.345,66.555,65.345,66.405,13082248
1657287000,65.695,66.649,65.49,66.435,12626922
1657546200,65.855,66.14,65.07,65.52,11416688
1657632600,65.76,66.13,64.245,64.625,16553392
1657719000,63.41,64.87,63.13,64.455,15162656
1657805400,63.94,65.275,63.115,65.045,13728816
1657891800,65.67,66.22,65.395,66.19,13529292
1658151000,66.84,67.08,65.3,65.55,9897692
1658237400,66.28,67.62,65.88,67.55,12330544
1658323800,67.56,68.89,67.38,68.605,12537132
1658410200,68.69,69.585,67.975,69.57,12957540
1658496600,69.54,69.825,68.2125,68.61,10583612
1658755800,68.58,68.655,67.66,68.175,13951166
1658842200,68.12,68.14,66.82,67.07,10167834
1658928600,68.175,70.32,68.075,69.955,17073504
1659015000,70.035,71.18,69.41,71.02,12408084
1659101400,71.24,72.335,70.94,72.11,10177350
1659360600,71.46,72.675,71.285,71.955,12516006
1659447000,71.335,72.27,70.83,71.445,15921800
1659533400,71.795,73.55,71.78,73.345,14243530
1659619800,73.32,73.715,72.85,73.68,11679826
1659706200,72.5,73.715,72.44,73.51,7921028
1659965400,73.445,74.015,72.49,72.885,11102826
1660051800,72.295,72.44,71.765,72.155,8565724
1660138200,73.87,74.185,73.28,74.125,19273104
1660224600,74.59,75.025,73.7,73.835,11025814
1660311000,74.32,75.31,74.09,75.305,8093918
1660570200,75.005,75.89,74.92,75.78,7162566
1660656600,75.435,75.93,74.87,75.575,10990682
1660743000,74.885,75.61,74.495,75.035,12632760
1660829400,75.11,75.725,74.82,75.425,9976866
1660915800,74.805,74.895,73.88915,74.055,10146530
1661175000,73.045,73.07,71.81,71.99,10744248
1661261400,71.85,72.56,71.7025,71.8,14777366
1661347800,71.75,72.15,71.45,71.845,8983272
1661434200,72.03,73.065,71.935,73.06,7126616
1661520600,73.03,73.205,69.89,69.94,14321890
1661779800,69.185,69.69,68.75,69.015,13231528
1661866200,69.405,69.5245,67.675,68.295,13268782
1661952600,68.705,68.925,67.595,67.63,14171324
1662039000,66.97,67.385,65.89,67.3,15988608
1662125400,67.995,68.38,66.075,66.425,16606528
1662471000,66.515,66.8,65.55,65.985,14990208
1662557400,66.115,67.31,65.89,67.04,11656950
1662643800,66.545,67.62,66.245,67.27,11210602
1662730200,67.83,68.785,67.7,68.6,11418630
1662989400,69.025,69.73,69.015,69.7,10180954
1663075800,67.71,68.09,65.82,66,20148714
1663162200,66.31,66.725,65.605,66.24,13229162
1663248600,65.71,66.11,64.325,64.715,14885286
1663335000,64.15,64.4875,63.44,64.355,20762120
1663594200,63.555,64.78,63.515,64.72,15683274
1663680600,64.115,64.745,63.7801,64.34,12109644
1663767000,64.675,65.625,63.325,63.335,16808704
1663853400,62.98,63.38,62.335,62.69,16034248
1663939800,62.12,62.215,61.055,61.87,19396678
1664199000,61.68,62.715,61.265,61.44,17194090
1664285400,62.255,62.84,60.95,61.52,18714718
1664371800,61.11,62.47,60.64,62.17,18933194
1664458200,61.28,61.42,59.835,60.55,31096686
1664544600,60.305,61.2,59.28,59.39,19512912
1664803800,59.86,61.595,59.63,61.23,17332280
1664890200,62.47,63.355,62.425,63.285,17779080
1664976600,62.43,63.955,62.065,63.495,14600312
1665063000,63.33,64.025,62.9,62.975,14348220
1665149400,61.69,61.695,60.06,60.385,15748926
1665408600,60.385,60.47,58.775,59.37,16706192
1665495000,59.03,59.4375,58.025,58.46,21044812
1665581400,58.505,58.905,58.18,58.28,14111642
1665667800,56.705,60.4025,56.485,60.09,38114618
1665754200,60.58,60.71,58.305,58.4,22484424
1666013400,59.83,60.48,59.67,60.18,14599528
1666099800,61.74,61.96,59.925,60.69,13997984
1666186200,60.16,61.115,59.905,60.515,10983990
1666272600,60.535,61.865,60.25,60.55,12429648
1666359000,60.4,62.3,60.195,62.17,17125906
1666618200,62.435,63.26,61.675,63.03,13385182
1666704600,63.185,64.28,63.185,64.235,10264990
1666791000,62.615,64.13,62.515,62.805,15169380
1666877400,63.04,63.425,61.945,62.09,11694842
1666963800,62.435,64.925,62.435,64.79,14935444
1667223000,64.145,64.32,63.555,63.935,13292266
1667309400,64.73,64.845,63.125,63.4,9413280
1667395800,63.355,64.17,61.19,61.21,18095240
1667482200,60.355,60.465,59.365,59.41,16010698
1667568600,60.645,60.81,59.11,60.495,17896288
1667831400,60.6,61.605,60.17,61.505,10427628
1667917800,62.015,62.845,61.18,62.095,12721946
1668004200,61.52,61.545,60.39005,60.48,11962548
1668090600,63.465,65.52,63.145,65.45,27932116
1668177000,65.39,66.79,65.07,66.57,15977826
1668436200,66.045,66.8256,65.68455,66,14526560
1668522600,67.5,67.775,66.13,66.8,12716116
1668609000,66.285,66.48,65.61,65.885,10095986
1668695400,64.835,66.275,64.81,65.97,8160310
1668781800,66.715,66.735,65.49,66.045,11912342
1669041000,65.67,65.94,65.205,65.335,8363846
1669127400,65.62,66.635,65.15,66.6,9019194
1669213800,66.455,67.39,66.41,67.19,9480606
1669386600,66.735,67.005,66.605,66.8,3262932
1669645800,66.045,66.47,65.105,65.37,13040250
1669732200,65.285,65.48,64.465,64.73,11570226
1669818600,64.7,67.99,64.635,67.98,23334454
1669905000,68.045,68.4,67.235,68.075,15165810
1669991400,66.935,67.905,66.675,67.68,8934382
1670250600,67.16,67.5375,66.115,66.555,11526568
1670337000,66.485,66.585,64.71,65.13,11799696
1670423400,64.895,65.3,64.335,64.8,10413890
1670509800,65.16,66.05,64.77,65.86,8965786
1670596200,65.565,66.375,65.21,65.455,10402948
1670855400,65.56,66.885,65.54,66.885,14806196
1670941800,69.32,69.66625,66.99,67.675,18607506
1671028200,67.61,68.4,66.32,67.105,19540956
1671114600,66.005,66.25,64.35,64.595,19226176
1671201000,64.375,64.755,63.415,63.74,23999244
1671460200,63.565,63.665,62.295,62.71,14276568
1671546600,62.38,63.125,62.0775,62.805,12622074
1671633000,63.095,64.1425,62.94,63.845,14670552
1671719400,63.045,63.1125,61.1775,62.235,15324906
1671805800,61.79,62.36,61.3338,62.3,8231592
1672151400,62.085,62.195,61.345,61.71,9530210
1672237800,61.56,62.135,60.645,60.715,10362964
1672324200,61.31,62.515,61.3025,62.305,10954286
1672410600,61.66,62.255,61.275,62.22,8905870
1672756200,62.885,63.3,61.19,61.63,15196140
1672842600,61.95,62.185,61.11,61.79,11813004
1672929000,61.48,61.64,60.485,60.59,11341030
1673015400,61.125,62.645,60.405,62.365,13825480
1673274600,62.925,64.2375,62.905,63.09,21427266
1673361000,62.935,63.57995,62.6,63.48,17209054
1673447400,63.68,64.58,63.485,64.58,13757972
1673533800,64.68,65.355,63.89,65.06,15358670
1673620200,64.445,65.3399,64.295,65.245,10153164
1673965800,65.155,65.925,65.075,65.54,10425718
1674052200,65.91,66.26,64.655,64.695,13935922
1674138600,64.19,64.55,63.705,63.94,14645026
1674225000,64.26,65.7175,64.03,65.67,14127872
1674484200,65.935,67.55,65.785,67.165,23472876
1674570600,66.785,67.39,66.685,67.135,12575678
1674657000,66,67.165,65.385,66.995,14342294
1674743400,67.65,68.095,66.95,68.065,11161740
1674829800,67.635,68.83,67.605,68.35,13549320
1675089000,67.565,67.86,66.9875,67.045,9705914
1675175400,67.045,68.01,67,67.98,8871606
1675261800,67.93,70.135,67.605,69.58,18852750
1675348200,70.77,71.88,70.445,71.48,18824052
1675434600,70.25,72.045,70.145,70.885,16145326
1675693800,70.1,70.65,69.755,70.02,12977458
1675780200,70.125,72.04,70.095,71.77,15708144
1675866600,71.91,72.295,70.76,70.905,12577078
1675953000,72,72.12,70.235,70.515,12624028
1676039400,69.99,70.43,69.525,70.19,9861570
1676298600,70.465,71.5605,70.42,71.405,8411828
1676385000,71.07,72.115,70.625,71.71,12621946
1676471400,71.275,72.05,71.105,72.045,10492454
1676557800,71,71.805,70.74,70.795,13001292
1676644200,70.29,70.37,69.3,69.91,10606678
1676989800,68.975,69.39,68.1875,68.25,12277714
1677076200,68.39,68.7,67.825,68.15,14338388
1677162600,69.42,69.54,68.305,69.28,13120416
1677249000,68.05,68.34,67.65,68.045,14347584
1677508200,68.73,69.08,68.285,68.41,9388976
1677594600,68.19,68.92,68.07,68.26,10486298
1677681000,68.29,68.4,67.55,67.76,15069354
1677767400,67.575,68.81,67.46,68.595,10971264
1677853800,69.035,70.0725,68.97,70.07,14439668
1678113000,70.52,71.36,70.3475,70.405,15999230
1678199400,70.35,70.62,69.355,69.53,14120110
1678285800,69.775,70.19,69.365,70.105,13246948
1678372200,70.215,71.005,68.965,69.1,15624590
1678458600,69,69.1725,67.615,67.885,30556804
1678714200,67.46,69.2,67.04,68.255,34439492
1678800600,69.135,70.075,68.85,69.83,21202102
1678887000,69.065,69.95495,68.7275,69.87,23060034
1678973400,69.625,71.93,69.395,71.83,26090638
1679059800,71.97,72.59,71.31,71.73,23079862
1679319000,71.445,71.855,70.91,71.765,11983016
1679405400,72.155,72.475,71.4025,72.345,13066400
1679491800,72.345,73.785,71.585,71.625,14225170
1679578200,72.54,73.775,72.105,72.79,17595818
1679664600,72.56,73.015,72.08,72.98,11875410
1679923800,73.09,73.34,72.245,72.415,10810586
1680010200,72.29,72.315,71.4225,72.075,9968016
1680096600,72.98,73.75,72.875,73.585,14256586
1680183000,74.265,74.545,73.94,74.44,11202418
1680269400,74.35,75.5725,74.255,75.505,15069766
1680528600,75.045,75.49,74.685,75.385,21142120
1680615000,75.495,75.755,74.69,74.97,15824730
1680701400,74.615,74.685,73.58,74.115,15737560
1680787800,73.575,74.63,73.255,74.535,15696014
1681133400,73.795,74.51,73.39,74.495,9517176
1681219800,74.365,74.375,73.67,73.795,12750794
1681306200,74.295,74.495,73.2525,73.375,13235772
1681392600,73.66,74.855,73.54,74.74,13641796
1681479000,74.32,74.9343,73.675,74.325,13003696
1681738200,74.42,74.76,74.015,74.595,8306424
1681824600,75.165,75.365,74.5,74.825,9213060
1681911000,74.15,74.75,74.05,74.61,8623212
1681997400,73.925,74.855,73.79,74.12,11416252
1682083800,73.795,74.0125,73.4,73.88,12237748
1682343000,73.585,73.945,73.005,73.555,9079936
1682429400,73.195,73.335,71.96,71.985,11022646
1682515800,73.25,73.81,72.88,73.055,13603396
1682602200,73.4,74.6575,73.22,74.605,12084768
1682688600,74.605,75.43,74.525,75.415,11791940
1682947800,75.355,75.82375,75.235,75.46,8194378
1683034200,75.55,75.635,74.365,74.755,12058870
1683120600,74.845,75.33,74.09,74.125,11630198
1683207000,73.83,74.27,73.465,73.77,10860910
1683293400,74.485,75.875,74.38,75.62,12229996
1683552600,75.475,75.645,75.115,75.58,6795686
1683639000,75.165,75.305,74.92,75,12473400
1683725400,75.655,76.09,75.18,75.915,10551820
1683811800,75.79,75.79,75.05,75.575,8957092
1683898200,75.705,75.815,74.89,75.475,7907956
1684157400,75.55,76.115,75.2775,76.1,6796922
1684243800,75.995,76.595,75.97,76.18,9398476
1684330200,76.5,77.325,76.1475,77.195,11916612
1684416600,77.29,78.89,77.29,78.775,15491208
1684503000,78.795,78.93,78.47,78.74,9805102
1684762200,78.505,79.095,78.375,78.89,10794178
1684848600,78.495,78.82,77.695,77.725,11690952
1684935000,77.11,77.465,76.735,77.155,10925504
1685021400,79.205,80.43,78.79,80.115,18077998
1685107800,80.32,82.535,80.31,82.39,15159996
1685453400,83.6,84.02,82.655,82.83,18123690
1685539800,82.355,83.13,82.095,82.14,19301020
1685626200,81.88,83.325,81.615,82.975,17419456
1685712600,83.465,83.835,82.86,83.45,14270542
1685971800,83.4,83.95415,82.82335,82.97,12090638
1686058200,82.77,83.13,82.355,82.95,9975664
1686144600,82.79,83.435,81.53995,81.71,13703760
1686231000,81.83,82.7225,81.7725,82.595,10667444
1686317400,82.995,83.855,82.725,83.005,14415564
1686576600,83.575,84.8425,83.405,84.81,13792040
1686663000,85.565,85.73,84.635,85.325,16595880
1686749400,85.225,86.235,84.93,86.205,16769036
1686835800,85.855,87.705,85.835,87.315,17732672
1686922200,88.145,88.15,86.51,86.595,17366668
1687267800,85.92,86.45,85.37,85.83,14139162
1687354200,85.5,85.665,84.31,84.56,12057926
1687440600,84.18,85.285,84.165,85.25,15225170
1687527000,84.2,84.8225,83.97,84.325,14728914
1687786200,84.4,85.14,83.66,83.72,10890262
1687872600,84.055,85.565,83.975,85.37,13832904
1687959000,84.895,85.88,84.83,85.42,11371684
1688045400,85.51,85.725,85.055,85.57,9128292
1688131800,86.42,87.1499,86.355,86.93,11398444
1688391000,86.915,86.955,86.305,86.745,6182200
1688563800,86.14,86.855,86.065,86.21,9396398
1688650200,85.36,86.06,85.0975,85.98,12116420
1688736600,85.84,86.64,85.555,85.605,11622510
1688995800,85.295,85.835,84.97,85.83,16877102
1689082200,86.01,86.11,85.175,86.015,9997360
1689168600,86.875,87.3975,86.4,86.99,16104564
1689255000,87.585,88.315,87.41,88.125,9349222
1689341400,88.345,89.035,87.74,87.995,11543822
1689600600,88.16,89.3775,88.06,89.12,11860560
1689687000,88.915,90.565,88.45,90.13,16406770
1689773400,90.355,90.73,89.56,89.905,20989930
1689859800,89.33,89.7075,87.83285,88.11,24356046
1689946200,88.67,89.115,87.96,88.065,14871416
1690205400,88.455,88.67,87.88,88.22,11308260
1690291800,88.505,89.525,88.49,89.23,10802206
1690378200,88.295,88.51,87.41,88.03,15501528
1690464600,89.22,89.49,87.375,87.775,13856950
1690551000,88.59,89.235,88.405,88.97,11287748
1690810200,89.05,89.285,88.665,89.175,10139704
1690896600,88.885,89.515,88.65,89.325,8848614
1690983000,88.54,88.595,86.8,87.115,15826848
1691069400,86.405,87.27,86.35,86.76,11321866
1691155800,86.465,86.9825,85.445,85.58,14431702
1691415000,85.94,86.235,85.2,85.82,9535996
1691501400,85.22,85.27,84.305,85.16,11461802
1691587800,85.275,85.275,83.77,84.06,14301782
1691674200,84.7,85.435,83.655,84.07,12731314
1691760600,83.4,83.94,83.16,83.45,10771912
1692019800,83.365,84.79,83.165,84.78,10328006
1692106200,84.53,84.83,83.75,83.945,9366346
1692192600,83.765,84.245,83.14,83.145,9779464
1692279000,83.515,83.6675,82.23,82.355,12614734
1692365400,81.52,82.815,81.47,82.48,13658668
1692624600,82.905,84.225,82.825,84.055,13132846
1692711000,84.81,84.86,83.775,83.96,11365560
1692797400,84.165,85.725,84.16,85.475,10113242
1692883800,86.55,86.555,83.44,83.505,13928906
1692970200,83.84,84.82,83.095,84.355,15686580
1693229400,84.995,85.225,84.39,85.045,8964298
1693315800,84.8,86.835,84.71,86.75,13713878
1693402200,86.765,87.4925,86.465,87.405,12266660
1693488600,87.605,88.165,87.51,87.83,11963490
1693575000,88.38,88.495,87.65,88.1,9244660
1693920600,87.88,88.69,87.595,88.415,10060370
1694007000,88.07,88.29,86.94,87.48,18143226
1694093400,85.855,86.405,85.54,86.215,12513846
1694179800,86.21,86.95,86.17,86.395,8584962
1694439000,87.155,87.235,86.085,86.845,8272768
1694525400,86.12,86.425,85.115,85.27,12243414
1694611800,85.235,85.9425,84.995,85.485,10008760
1694698200,86.01,86.3175,85.47,86.105,9473262
1694784600,85.795,85.82,84.225,84.45,13116818
1695043800,84.025,84.955,84,84.675,9943806
1695130200,84.315,84.845,83.855,84.63,8237334
1695216600,84.86,84.97,83.265,83.3,10766130
1695303000,82.425,83.01,81.99,82.03,14742824
1695389400,82.39,82.96,82.02,82.205,12537866
1695648600,81.995,82.595,81.785,82.47,10577338
1695735000,81.93,81.975,80.705,80.985,14925956
1695821400,81.375,81.535,80.3061,81.11,11665142
1695907800,80.725,82.205,80.345,81.685,12829318
1695994200,82.49,83.255,81.685,81.965,15883816
1696253400,82.005,83.085,81.88,82.845,13656154
1696339800,82.375,82.94,81.0199,81.44,14838716
1696426200,81.505,82.675,81.505,82.455,15194224
1696512600,82.45,82.7,81.575,82.565,12022956
1696599000,82,84.4703,81.76,84.11,16625532
1696858200,83.595,84.675,83.21,84.545,13139160
1696944600,84.605,85.355,84.37,84.675,20403202
1697031000,84.935,85.5,84.665,85.46,10389272
1697117400,85.535,86.415,84.89,85.54,15405834
1697203800,85.71,85.855,84.02,84.315,15191938
1697463000,84.455,85.51,84.44,85.125,14544178
1697549400,84.055,85.1675,83.45,84.73,15318272
1697635800,84.135,84.82,83.515,83.86,12862902
1697722200,84.195,84.76,83.235,83.38,19991730
1697808600,83.34,83.4,81.885,81.97,15350452
1698067800,81.46,82.9,81.005,82.065,15158934
1698154200,82.39,82.755,81.74,82.63,11180350
1698240600,83.025,83.125,81.4125,81.655,15529614
1698327000,81.8,82.16,79.75,80.095,20646480
1698413400,80.585,81.375,80.205,80.56,16231560
1698672600,80.985,81.7125,80.74,81.425,14180952
1698759000,81.465,82.075,80.83,82.005,10893520
1698845400,82.15,83.7,82.15,83.59,20945768
1698931800,84.345,85.08,84.23,85.005,16192668
1699018200,84.92,86.225,84.735,85.88,15661728
1699281000,85.995,86.475,85.725,86.445,11099142
1699367400,86.675,87.645,86.545,87.39,13029784
1699453800,87.69,88.03,87.29,87.885,10722660
1699540200,88.015,88.6575,87.36,87.475,14374674
1699626600,88.005,89.8175,87.905,89.76,13350358
1699885800,89.385,89.46,88.86,89.235,11725036
1699972200,90.6,91.2475,90.32,91.02,16508432
1700058600,91.425,91.565,90.785,91.135,13147708
1700145000,90.955,91.69,90.79,91.59,11554076
1700231400,91.385,91.75,91.005,91.4,13278420
1700490600,91.515,92.965,91.505,92.725,11119662
1700577000,92.305,92.45,91.6375,91.975,13350782
1700663400,92.555,93.175,92.135,92.385,11213670
1700836200,92.23,92.31,91.855,92.205,4193852
1701095400,92.075,92.7325,91.91,92.2,8420186
1701181800,91.89,92.62,91.89,92.375,11012338
1701268200,93.05,93.45,92.3875,92.445,10765424
1701354600,92.83,92.955,91.805,92.58,13744008
1701441000,92.34,92.955,91.895,92.79,13992110
1701700200,91.865,91.865,90.66,91.66,18221854
1701786600,91.17,92.315,91.17,92.21,10841330
1701873000,92.785,92.92,91.36,91.43,14731346
1701959400,91.865,92.695,91.67,92.54,13928806
1702045800,92.34,93.405,92.225,93.33,12808850
1702305000,93.055,94.165,92.84,94.145,37795384
1702391400,93.8,94.8,93.72,94.77,15055390
1702477800,94.995,95.835,94.77,95.605,29394994
1702564200,95.68,96.04,94.665,95.37,15427442
1702650600,95.27,96.4,95.27,95.85,18131392
1702909800,95.62,96.14,95.215,95.925,10138376
1702996200,95.905,96.3,95.85,96.29,9003672
1703082600,96.18,96.52,94.82,94.835,13734894
1703169000,95.8,96.115,95.095,95.9,11335948
1703255400,96.175,96.305,95.55,96.025,10215416
1703601000,96.085,96.6225,96.085,96.425,6207558
1703687400,96.475,96.62,96.01,96.42,11764568
1703773800,96.76,96.86,96.4875,96.535,9615352
1703860200,96.585,96.77995,95.76,96.24,12190650
1704205800,94.93,95.08,93.125,93.72,23545468
1704292200,92.865,93.375,92.6,92.765,18190046
1704378600,92.195,92.8325,91.995,92.085,12127296
1704465000,92.19,92.855,91.71,92.06,16350522
1704724200,92.525,94.435,92.43,94.37,16434662
1704810600,93.645,94.79,93.445,94.52,10633898
1704897000,94.565,95.53,94.365,95.325,9785434
1704983400,95.795,96.275,94.465,95.81,13297020
1705069800,95.965,96.34,95.64,96.12,8834636
1705415400,96,96.7625,95.445,96.36,11775604
1705501800,95.645,96,94.845,95.885,14108960
1705588200,97.165,97.9175,96.8,97.83,18918730
1705674600,98.47,100.105,98.255,100.085,18333144
1705933800,100.575,101.14,100.145,100.525,14968922
1706020200,100.62,100.995,100.035,100.93,13263826
1706106600,101.625,102.645,101.335,101.625,17651226
1706193000,102.56,103.0725,101.5775,102.05,17071494
1706279400,101.335,101.7825,100.645,100.875,10553188
1706538600,101,101.82,100.8,101.8,7639594
1706625000,101.765,101.92,100.65,100.96,12251508
1706711400,100,100.41,98.79,98.84,16295208
1706797800,99.235,100.2225,99.17,100.085,14303488
1706884200,99.405,101.44,99.3725,101.12,12872552
1707143400,101.53,101.64,100.4,101.35,10086508
1707229800,101.46,101.635,100.235,100.885,12677116
1707316200,101.595,102.245,101.19,102.22,11365888
1707402600,102.395,102.815,102.27,102.54,9948188
1707489000,102.97,104.055,102.85,103.92,11612252
1707748200,103.915,104.235,102.98,103.13,10753232
1707834600,100.895,102.06,100.5875,101.38,19459342
1707921000,102.135,102.52,101.415,102.44,11791680
1708007400,102.575,102.675,101.655,102.225,10796390
1708093800,102.5,102.705,101.1475,101.285,11090418
1708439400,100.69,101.05,99.25,100.255,17447586
1708525800,99.285,99.625,98.535,99.625,15966358
1708612200,102.2,103.1625,101.965,102.885,18551698
1708698600,103.7,103.83,102.32,102.645,12323940
1708957800,103.095,103.35,102.64,102.745,18248884
1709044200,103.025,103.025,102.07,102.835,9984454
1709130600,102.495,102.63,101.97995,102.35,8329080
1709217000,102.895,103.7325,102.32,103.49,11986746
1709303400,103.755,105.53,103.705,105.38,13136718
1709562600,105.23,105.9825,104.995,105.38,20443828
1709649000,104.34,104.39,102.125,102.79,18042886
1709735400,103.865,104.3842,102.91,103.605,14303188
1709821800,104.49,105.56,103.97,105.24,12120812
1709908200,105.43,106.175,103.61,103.675,14912100
1710163800,103.2,103.62,102.645,103.39,15648378
1710250200,104.385,105.52,103.395,105.51,17382880
1710336600,105.19,105.25,103.935,104.37,12815488
1710423000,104.81,105.18,103.7525,104.39,16023244
1710509400,102.89,103.36,102.395,102.815,19633360
1710768600,103.545,104.21,103.07,103.15,14176566
1710855000,102.645,103.7,102.13,103.685,13390280
1710941400,103.765,104.88,103.39895,104.845,13357416
1711027800,105.965,105.965,104.83,104.92,12312034
1711114200,104.925,105.34,104.55,104.955,11506956
1711373400,103.96,104.7025,103.66,104.26,8777878
1711459800,104.635,104.805,103.745,103.83,8538360
1711546200,104.485,104.54,103.56,104.36,12495056
1711632600,104.115,104.435,103.925,104.135,8854310
1711978200,104.355,105.035,104.045,104.425,11654790
1712064600,103.265,103.5685,102.58,103.42,11418378
1712151000,102.9,104.23,102.875,103.695,10669964
1712237400,104.685,105.05,102,102.055,16464724
1712323800,102.5,103.75,102.215,103.225,12808782
1712583000,103.29,103.63,102.725,103.105,8126136
1712669400,103.635,103.85,102.33,103.625,9401156
1712755800,102.445,102.7355,101.915,102.355,13836754
1712842200,102.81,104.57,102.3125,104.4,10563606
1712928600,103.155,103.64,102.33,102.71,16186814
1713187800,103.34,103.405,100.605,100.76,17189072
1713274200,100.98,101.505,100.48,100.88,14914022
1713360600,101.25,101.42,99.35,99.425,13090378
1713447000,99.395,99.65,98.185,98.29,15280726
1713533400,97.915,98.235,96.02,96.265,21879976
1713792600,97.005,97.71,96.04,97.125,13293442
1713879000,97.53,98.71,97.385,98.565,12151638
1713965400,99.295,99.7025,98.47,99.015,9160164
1714051800,97.78,98.985,97.345,98.8,11567984
1714138200,99.58,100.645,99.19,99.915,10104168
1714397400,100.43,100.58,99.7575,100.345,7494846
1714483800,100,100.405,98.105,98.135,14929054
1714570200,97.61,99.25,97.11,97.13,20453588
1714656600,98.37,98.665,97.13,98.53,13339990
1714743000,101.195,101.615,100.835,101.275,13316494
1715002200,101.66,102.465,101.505,102.465,8020934
1715088600,102.765,102.815,102.12,102.13,10021020
1715175000,101.765,102.53,101.74,102.42,7175942
1715261400,102.255,102.47,101.88,102.39,9589686
1715347800,102.925,103.385,102.445,102.77,8754014
1715607000,103.525,103.61,102.93,103.255,6581988
1715693400,103.22,104.3125,103.16,104.17,9825164
1715779800,104.825,106.54905,104.75,106.515,14308640
1715866200,106.5775,106.9075,106.1,106.145,12066506
1715952600,106.39,106.455,105.33,105.91,7616034
1716211800,106.015,107.355,105.92,107.155,6277268
1716298200,106.745,107.505,106.555,107.33,6140482
1716384600,107.635,107.9625,106.935,107.57,11782914
1716471000,108.8,108.81,106.355,106.695,9400432
1716557400,106.965,107.825,106.61,107.595,5906412
1716903000,108.205,108.29,107.3725,108.05,8786428
1716989400,106.91,107.88,106.91,107.365,8569076
1717075800,106.17,106.33,104.59,104.915,10459704
1717162200,105.225,105.245,102.765,105.08,12081018
1717421400,105.885,105.98,104.085,105.345,9628062
1717507800,105.29,105.7325,104.75,105.565,6405330
1717594200,106.4,107.91,106.23,107.91,8788864
1717680600,107.97,108.04315,107.265,107.55,7057672
1717767000,107.665,108.26,107.27,107.8,6398624
1718026200,107.435,108.365,107.365,108.075,6735392
1718112600,107.8,110.115,107.75,110.085,12719204
1718199000,111.1775,113.655,110.975,112.52,17821256
1718285400,113.565,113.88,112.72,113.41,12693594
1718371800,113.25,113.9,113.175,113.835,7864554
1718631000,114.115,115.9625,113.725,115.56,11641660
1718717400,115.675,116.085,115.245,115.705,8677722
1718890200,116.225,116.295,114.02,114.405,13242926
1718976600,114.43,114.8775,113.685,114.205,13560786
1719235800,112.82,113.33,111.18,111.21,13748560
1719322200,112.025,113.31,111.395,113.25,9129082
1719408600,113.08,113.655,112.24,113.12,9459596
1719495000,112.9,113.735,112.765,113.175,7923534
1719581400,113.57,115.195,112.96,113.115,12488204
1719840600,113.285,114.16,111.64,113.97,9281668
1719927000,112.98,114.55,112.98,114.54,7076520
1720013400,114.375,116.14,114.28,116.085,6249128
1720186200,116.215,116.955,115.735,116.44,6671838
1720445400,116.815,117.575,116.615,117.235,7671038
1720531800,117.8325,118.115,116.47,117.14,8684664
1720618200,117.945,118.9225,117.285,118.84,8749384
1720704600,119.02,119.07,115.5275,115.865,14110386
1720791000,116.185,118.14,115.78,116.9,9767552
1721050200,117.495,118.265,116.445,117.11,8627990
1721136600,117.385,117.4439,115.885,116.72,7652214
1721223000,114.05,114.165,112.125,112.18,12440482
1721309400,113.41,113.43,110.775,112.19,10837174
1721395800,111.595,112.28,110.19,110.435,8472826
1721655000,111.895,113.18,111.42,113.05,10601500
1721741400,112.58,113.615,112.45,112.6,5530746
1721827800,111.13,111.4795,107.68,107.94,14300720
1721914200,107.825,109.4325,105.23,106.785,21157926
1722000600,108.225,109,107.225,108.14,11697862
1722259800,109,109.47,107.345,107.66,7343814
1722346200,108.06,108.165,104.15,104.955,10694518
1722432600,108.195,109.79495,107.435,109.4,14614086
1722519000,109.1,110.365,104.2,105.32,16991430
1722605400,102.52,103.365,100.625,102.36,18621698
1722864600,95.9525,100.86,95.3725,98.95,31429906
1722951000,100.215,102.3225,99.15,100.295,24575710
1723037400,102.725,103.225,98.535,98.67,17653500
1723123800,100.455,102.61,99,102.355,14442740
1723210200,102.295,103.405,101.675,102.815,9535506
1723469400,103.135,104.455,102.655,103.655,8580200
1723555800,104.94,106.8725,104.81,106.84,9999538
1723642200,107.5,107.97,105.98,107.425,8922464
1723728600,108.815,110.625,108.58,110.515,9480170
1723815000,109.93,110.9125,109.63,110.7,6706302
1724074200,110.44,112.53,109.99,112.525,13004212
1724160600,112.23,112.905,111.47,112.13,7221578
1724247000,112.2,113.18,111.845,112.79,7538728
1724333400,113.42,113.685,109.965,110.195,9083638
1724419800,111.29,112.4675,110.55,111.98,10680964
1724679000,111.88,112.30125,110.01,110.575,6268872
1724765400,109.89,111.48,109.35,111.245,7656002
1724851800,111.1,111.315,108.79,109.71,9002260
1724938200,109.74,111.285,108.44,108.72,13283654
1725024600,109.905,110.59,108.72,110.165,10048446
1725370200,109,109.08,104.505,105.105,14765758
1725456600,104.04,106.03,103.71,104.835,12330000
1725543000,104.08,105.975,103.985,104.675,8875232
1725629400,104.59,104.84,101.49,101.96,12441080
1725888600,103.225,103.745,102.27,103.63,10921976
1725975000,104.345,105.405,103.35,105.18,10122906
1726061400,105.54,108.935,103.87,108.77,12768732
1726147800,108.69,110.135,107.925,109.67,10606110
1726234200,109.805,110.495,109.36,110.22,8047324
1726493400,109.425,110.15,108.785,109.8,6897782
1726579800,110.9,111.07,109.03,109.585,6989920
1726666200,109.86,110.63,108.48,108.585,12741686
1726752600,111.635,112.5025,111.025,111.81,13934078
1726839000,111.37,111.765,110.27,111.265,14492708
1727098200,111.165,111.31,110.705,111.045,7490526
1727184600,111.51,112.03,110.31,111.805,7025806
1727271000,111.585,112.615,111.535,112.125,6111536
1727357400,114.315,114.4394,112.415,113.61,9244746
1727443800,113.77,113.805,112.13,112.55,6093760
1727703000,112.06,112.95,111.5,112.88,5501888
1727789400,112.545,112.61,109.475,110.13,11295304
1727875800,110.155,111.4475,109.53,110.945,4532304
1727962200,110.62,112.22,110.605,111.405,5784880
1728048600,112.845,112.925,111.46,112.645,5015344
1728307800,112.14,112.885,111.59,111.87,4430412
1728394200,112.675,114.15,112.4175,113.96,7864790
1728480600,114.05,115.395,113.695,115.235,7579782
1728567000,114.465,115.5025,114.145,115.205,5692236
1728653400,114.93,115.665,114.76,115.405,8848914
1728912600,116.14,117.15,116.0855,116.91,9810124
1728999000,117,117.2825,113.915,114.34,14179308
1729085400,114.7,114.87,113.4619,114.695,5758844
1729171800,116.295,116.36,115.045,115.045,6051182
1729258200,115.645,115.88,115.21,115.455,4537056
1729517400,115.095,116.01,114.885,115.995,6322384
1729603800,115.38,116.27,115.05,115.875,6169170
1729690200,115.445,115.62,113.24085,114.215,6083640
1729776600,114.68,114.8336,113.87,114.55,4832722
1729863000,115.2,116.4375,114.98,115.145,8314782
1730122200,115.97,115.97,115.085,115.11,5899140
1730208600,115.33,116.995,114.9,116.66,7451664
1730295000,115.595,115.905,114.73,114.805,8341134
1730381400,113.545,113.545,111.08,111.12,12110206
1730467800,111.24,112.79,111.09,111.955,11565790
1730730600,112.06,112.67495,111.395,111.87,6311970
1730817000,112.215,113.535,112.215,113.445,7272966
1730903400,115.635,116.89,115.29,116.675,10967820
1730989800,117.485,118.845,117.43,118.71,10462922
1731076200,118.56,118.97,118.15,118.58,7236376
1731335400,118.565,118.64,117.22,117.925,7267210
1731421800,117.845,118.225,117.145,118.075,7530784
1731508200,117.825,118.535,117.3,117.665,6329838
1731594600,117.855,118.06,117.075,117.265,6601984
1731681000,115.815,115.965,113.975,114.355,11229832
1731940200,114.355,115.21,113.86,114.725,6172120
1732026600,114.005,115.76,114.005,115.665,6906800
1732113000,115.765,115.805,114.025,115.565,8874798
1732199400,116.685,117.285,114.90015,116.74,10591736
1732285800,116.53,117.06995,116.11,116.8,7090838
1732545000,117.68,117.885,116.265,116.795,11137288
1732631400,117.325,117.745,116.88,117.38,6229916
1732717800,116.585,116.655,114.765,115.79,6369324
1732890600,116.06,117.11,115.945,116.865,4168342
1733149800,116.95,118.415,116.92,117.975,9398226
1733236200,117.475,118.43,117.245,118.4,5575908
1733322600,119.88,120.625,119.53,120.565,10840578
1733409000,120.375,120.515,119.7897,119.955,5637936
1733495400,120.165,120.94,120.035,120.42,6654834
1733754600,119.97,120.39895,119.33,119.635,8032486
1733841000,119.23,119.555,117.6,117.975,11234994
1733927400,118.91,120.06495,118.5,119.685,8689540
1734013800,118.92,119.4525,118.63,119.015,7218390
1734100200,120.09,120.56,118.575,119.525,8676910
1734359400,119.68,120.825,119.425,120.72,9443270
1734445800,119.865,120.46,119.405,119.99,8144904
1734532200,120.395,120.725,115.85,116.12,16927156
1734618600,117.3,117.68,116.095,116.245,13385794
1734705000,115.455,118.93,115.095,117.98,14924892
1734964200,118.125,119.085,117.495,119.035,7973320
1735050600,119.46,120.27,119.28,120.265,4653314
1735223400,119.88,120.785,119.495,120.345,7150976
1735309800,119.535,119.69,117.577,118.745,8726512
1735569000,117.015,118.17,116.29,117.235,7950320
1735655400,117.555,117.635,115.88,116.26,9381230
1735828200,117.18,117.51,114.89005,115.985,12770312
1735914600,116.695,117.99995,116.465,117.875,9121130
1736173800,119.22,120.531,118.905,119.375,8975322
1736260200,120,120,116.57,116.98,10007298
1736346600,117.25,117.27,115.815,116.94,10023790
1736519400,115.71,115.73,113.715,114.39,11665792
1736778600,112.55,113.66,112.225,113.58,10655948
1736865000,114.46,114.7725,112.975,113.88,7220436
1736951400,115.435,116.485,115.055,116.145,10465306
1737037800,117.09,117.165,115.225,115.25,5368522
1737124200,117.33,117.47,116.54,117.055,6743384
1737469800,117.445,118.32,116.63005,118.03,6744152
1737556200,119.625,120.975,119.455,120.695,10243754
1737642600,119.765,120.935,119.65,120.91,7604470
1737729000,121.29,121.29,119.2625,119.65,6607604
1737988200,114.29,115.4875,112.735,113.785,20705510
1738074600,114.555,117.08,113.345,116.82,11260678
1738161000,116.59,116.645,114.745,115.87,9050006
1738247400,115.665,116.485,114.87,116.085,8840270
1738333800,117.165,117.865,115.095,115.405,10744628
1738593000,112.85,114.54495,112.2475,113.85,13752870
1738679400,114.24,115.67,114.2,115.49,8371284
1738765800,115.595,117.12,115.23,117.095,5398084
1738852200,117.095,117.655,116.575,117.415,6808074
1738938600,117.89,118.455,116.02,116.41,8553266
1739197800,117.33,118.405,117.295,118.11,6054166
1739284200,117.455,118.64,117.375,118.165,6456566
1739370600,116.5,118.04925,116.37,117.91,8555660
1739457000,118.12,119.655,117.955,119.58,7829570
1739543400,119.48,120.0825,119.26,119.985,4557224
1739889000,120.605,121.095,120.045,121.08,6023966
1739975400,120.945,121.57,120.1,121.09,5604292
1740061800,120.975,121.135,119.43,120.705,5987748
1740148200,120.74,120.79,117.375,117.435,9057584
1740407400,117.89,118.22,115.61,115.755,7447556
1740493800,115.51,115.615,113.475,114.255,10434292
1740580200,115.375,116.59,114.615,115.5,7630670
1740666600,116.13,116.25,111.245,111.295,10100010
1740753000,110.795,112.88,109.85,112.765,14172158
1741012200,113.345,113.575,108.525,109.335,12516182
1741098600,108.525,111.18,107.13,109.25,17720982
1741185000,109.59,111.145,108.12,110.785,11931086
1741271400,108.51,110.225,107.1875,107.71,16431978
1741357800,107.585,109.545,106.315,109.27,11263990
1741613400,107.11,107.31,103.54,104.625,21561806
1741699800,104.305,105.955,103.145,104.2,14832708
1741786200,106.06,106.76,104.575,105.84,10981696
1741872600,105.535,105.77,103.42375,103.83,12383066
1741959000,105.19,107.08,105.155,106.97,10041532
1742218200,106.885,108.48,106.575,107.715,10148780
1742304600,106.95,107.06,105.685,106.075,11487380
1742391000,106.62,108.715,106.175,107.455,8838650
1742477400,106.235,107.865,106.075,106.69,7145274
1742563800,105.3575,107.125,104.97,106.98,10425692
1742823000,108.57,109.0725,108.285,108.815,8200134
1742909400,108.745,109.32,108.69,109.175,7481704
1742995800,108.84,109.1,106.32,106.74,7888662
1743082200,106.01,106.61,105.195,105.755,6577750
1743168600,105.205,105.63,102.84,103.19,10667580
1743427800,101.39,103.475,100.365,103.24,14219082
1743514200,102.83,104.085,101.99,103.995,9480114
1743600600,102.51,105.63,102.43,104.765,9291958
1743687000,99.745,100.35,97.535,97.615,19451384
1743773400,94.57,95.32,91.15,91.185,33804576
1744032600,87.465,95.905,86.225,91.73,44557864
1744119000,95.145,96.42,88.22,89.865,25811426
1744205400,90.05,102.49,89.935,101.93,36988888
1744291800,98.425,99.1,93.865,97.185,19747556
1744378200,96.7,99.6,95.975,99.175,14423198
1744637400,102.25,102.315,99,100.08,11904498
1744723800,100.235,101.205,99.975,100.445,7200060
1744810200,97.75,98.79,95.27,96.955,13222484
1744896600,97.65,97.65,96.02,96.43,7480756
1745242200,94.905,95.145,92.5925,93.94,8973362
1745328600,95.19,96.785,94.635,96.23,9312868
1745415000,99.92,100.975,98.615,99.02,13413710
1745501400,99.995,102.855,99.83505,102.715,9316954
1745587800,102.405,104.4275,102.305,104.235,6518460
1745847000,104.1,104.6125,102.51,104.065,5574412
1745933400,103.565,104.985,103.565,104.55,9144446
1746019800,102.495,105.375,101.9,104.985,10203730
1746106200,107.28,108.275,106.43,106.525,11532768
1746192600,107.7425,108.81,107.455,108.305,8125414
1746451800,107.375,108.5,107.32,107.73,6757276
1746538200,106.13,107.62,105.805,106.835,7958152
1746624600,106.835,108.375,106.1,107.905,8171378
1746711000,108.975,109.9675,108.005,108.935,8704344
1746797400,109.42,109.62,108.24,108.8,7330446
1747056600,113.415,113.89,112.271,113.85,13478206
1747143000,114.26,116.69,114.13,116.31,12757350
1747229400,116.855,117.5225,116.38,117.065,10247902
1747315800,116.43,117.885,116.29,117.225,9536352
1747402200,117.605,117.605,116.43,117.445,8111660
1747661400,115.71,117.5375,115.67,117.275,11863048
1747747800,116.545,116.855,115.95,116.835,10273646
1747834200,115.74,117.355,114.175,114.64,18643572
1747920600,114.695,115.7,114.415,114.67,11372044
1748007000,112.675,114.145,112.551,113.405,12003920
1748352600,115.17,116.26,114.785,116.1,14208308
1748439000,116.24,116.7025,115.45,115.62,10789124
1748525400,117.37,117.49,115.22,115.815,14013150
1748611800,115.76,115.815,113.71,115.455,13494118
1748871000,115.15,116.545,115.01,116.475,12878766
1748957400,116.63,118.315,116.545,118.225,14312342
1749043800,118.375,118.7675,117.815,118.4,10899200
1749130200,118.75,119.785,117.555,118.065,15887010
1749216600,119.205,119.73,118.84,119.18,9026022
1749475800,119.645,120.505,119.555,119.765,11100938
1749562200,119.745,120.615,119.295,120.435,9832436
1749648600,120.725,121.2125,119.55,120.17,9600038
1749735000,120.145,121.565,120.125,121.285,11210374
1749821400,119.88,120.7925,119.145,119.585,13193708
1750080600,120.305,121.88,120.305,121.52,13866252
1750167000,121.01,121.865,120.375,120.66,10525356
1750253400,120.955,121.565,120.19,120.805,11065960
1750426200,121.235,121.645,119.7048,120.27,11490654
1750685400,120.19,121.545,119.375,121.44,12277030
1750771800,122.675,123.77,122.53,123.62,11329482
1750858200,124.26,124.86,124.15,124.675,9228680
1750944600,125.235,125.735,124.74,125.535,11289294
1751031000,125.875,126.35495,124.815,125.385,12196514
1751290200,126.485,126.96,125.875,126.615,13365120
1751376600,126.21,126.475,124.625,125.485,15144754
1751463000,125.17,126.895,125.0775,126.81,11950194
1751549400,127.5,128.865,127.45,128.48,7112818
1751895000,127.985,128.32,126.89,127.46,11560830
1751981400,128.13,128.39,127.615,128.145,15715164
1752067800,128.6,129.4,127.9575,128.915,12933510
1752154200,129.235,129.35,127.815,128.49,9994226
1752240600,127.88,128.675,127.72,127.925,9238974
1752499800,127.61,128.135,126.6,127.82,8125248
1752586200,129.31,129.615,128.91,128.955,15657054
1752672600,129,129.4275,127.405,129.355,17782658
1752759000,129.51,130.735,129.255,130.53,11955064
1752845400,131.03,131.075,130.095,130.445,10281074
1753104600,130.59,131.505,130.4375,130.615,9246618
1753191000,130.515,130.60725,128.475,129.405,13448894
1753277400,129.74,130.315,128.97,130.145,10091792
1753363800,130.4625,130.95,129.96,130.695,12159626
1753450200,130.655,131.325,130.38255,130.995,8001970
1753709400,131.495,132.075,131.2225,132.04,11517532
1753795800,132.9,133.635,131.82,132.045,13739048
1753882200,132.185,132.79,131.3,132.34,13934616
1753968600,134.005,134.005,130.73,131.37,16414360
1754055000,129.94,129.985,127.89,128.535,19438016
1754314200,129.745,131.17,129.745,131.145,12376904
1754400600,131.63,131.745,129.7575,130.06,11176052
1754487000,130.185,131.695,130.1,131.525,10167088
1754573400,132.99,133.205,130.55,131.645,10318098
1754659800,132.14,133.11,131.795,132.96,11016472
1754919000,132.875,133.475,131.755,132.06,9425422
1755005400,132.72,134.14,131.985,134.105,11154956
1755091800,134.88,135.02495,133.6625,134.155,13990174
1755178200,133.475,134.325,133.1675,133.865,15484334
1755264600,133.685,133.685,132.32,132.85,13373126
1755523800,132.6825,133.2525,132.555,133.135,12233766
1755610200,133.085,133.115,130.565,130.81,17366906
1755696600,130.48,130.48,127.92,129.925,23064292
1755783000,129.61,130.13,128.895,129.455,15148558
1755869400,129.315,132.065,128.955,131.21,13756014
1756128600,131.205,131.735,130.555,130.915,10691774
1756215000,131.025,131.69,130.835,131.515,11081002
1756301400,131.645,132.375,131.04,132.225,11538638
1756387800,132.385,133.555,131.725,133.27,12380568
1756474200,132.685,132.71,130.745,131.225,17481146
1756819800,128.905,130.02,128.14,129.9,18226030
1756906200,130.565,130.935,129.7,130.675,15636628
1756992600,130.14,131.3725,129.61,131.32,24397396
1757079000,132.565,132.615,130.095,131.43,38561884
1757338200,132.12,132.895,132.09,132.415,20556492
1757424600,132.71,132.81,131.73,132.67,19354906
1757511000,135.355,135.985,134.43,135.075,25957146
1757597400,135.925,136.115,135.31,135.53,23429236
1757683800,135.8,135.93,135.15,135.44,15612228
1757943000,135.655,136.69,135.49,136.66,16268022
1758029400,136.975,137.0675,136.02,136.185,16081462
1758115800,136.095,136.26,134.31,135.715,18948526
1758202200,137.475,138.465,136.81,138.06,20883330
1758288600,138.615,139.59,138.165,139.46,15670762
1758547800,139.075,141.445,139.02,141.33,15771162
1758634200,141.1375,141.365,139.48755,140.11,16457122
1758720600,140.485,140.485,138.315,139.245,13471012
1758807000,137.98,139.345,137.125,139,21349698
1758893400,139.15,139.545,138.19,139.42,16534048
1759152600,140.22,140.96,139.84,140.165,16107478
1759239000,140.165,141.07,139.87,140.93,18215140
1759325400,140.21,142.41,140.17,142.31,17411244
1759411800,143.635,143.665,142.435,143.08,17607828
1759498200,143.21,143.94,141.87,142.36,17457914
1759757400,144.28,144.72,143.725,143.8,17945644
1759843800,144.54,144.75,142.085,142.84,15588378
1759930200,143.17,145.35,143.0925,145.345,14038684
1760016600,145.28,145.41,144.345,145.1,11989432
1760103000,145.4025,145.67,139.14,139.195,44574582
1760362200,142.365,143.06,141.555,142.585,22030324
1760448600,140.715,142.19,139.12,140.755,26956776
1760535000,142.73,143.29,140.3975,142.15,20937568
1760621400,143.175,143.80965,141.285,142.255,23166204
1760707800,141.41,142.93,140.51,142.505,25511538
1760967000,143.32,144.71,143.235,144.095,13805140
1761053400,144.005,144.6825,143.475,144.17,12503878
1761139800,144.105,144.421,140.95,142.745,20723262
1761226200,142.185,144.775,142.185,144.545,11923498
1761312600,146.25,147.2825,146.035,146.79,14359558
1761571800,148.85,149.63,148.61,149.5,15166990
1761658200,150.225,151.57,149.71,150.98,15055150
1761744600,152.3475,152.995,150.935,152.065,21506188
1761831000,151.2,151.98,150.145,150.195,19218542
1761917400,151.71,151.82,149.47,150.34,16303828
1762180200,151.78,152.11,150.13,150.955,13983640
1762266600,148.2225,149.2,146.725,146.97,16722508
1762353000,146.7075,148.74,146.485,147.545,14447042
1762439400,147.31,147.47,143.835,144.58,24797372
1762525800,143.345,144.115,140.799,144.08,25546968
1762785000,146.655,148.045,145.895,147.765,18286348
1762871400,146.79,147.055,145.53,146.505,14871586
1762957800,147.73,147.73,146.075,146.96,13179216
1763044200,146.14,146.34,142.515,143.295,22385816
1763130600,140.65,145.38,140.145,144.075,27429542
1763389800,142.725,144.285,140.675,141.82,24675354
1763476200,140.595,141.32,138.235,139.515,36747558
1763562600,139.525,142.06,139.165,140.485,27668896
1763649000,143.72,144.25725,135.76,136.075,56551772
1763735400,136.3,138.42,133.74,136.6,44958908
1763994600,137.52,140.3475,137.435,139.855,20124882
1764081000,138.625,140.59,136.655,140.23,21303330
1764167400,141.885,142.495,140.79,141.89,13359394
1764340200,142.19,143.135,141.805,143.11,6792182
1764599400,141.72,143.6025,141.285,143.175,12846540
1764685800,144.065,145.515,143.645,144.65,15719056
1764772200,143.95,145.095,143.2275,144.995,11623232
1764858600,145.19,145.795,144.495,145.535,9995268
1764945000,146.21,147.31,145.69,146.6,6627969
1765204200,147.43,148.38,146.92,147.63,8272771
1765290600,147.335,148.25,146.96,148.02,6978176
1765377000,147.69,149.22,146.82,148.73,8961059
1765463400,147.06,148.13,145.11,147.97,9769253
1765549800,146.94,147.08,143.26,143.69,14873172
1765809000,144.42,144.63,142.02,142.3,10790253
1765895400,141.91,142.97,141.3,142.56,10790905
1765981800,142.72,142.84,139.32,139.39,18178746
1766068200,141.86,142.42,140.79,141.54,12319524
1766154600,142.59,144.62,142.57,144.6,14265937
1766413800,146.01,146.01,144.645,145.16,8864472
1766500200,144.74,145.98,144.36,145.95,7546050
1766586600,145.79,146.5,145.68,146.3,3676257
1766759400,146.61,146.98,146.24,146.53,5052923
1767018600,145.35,146.38,145.04,145.87,9822319
1767105000,145.85,146.26,145.375,145.41,6387446
1767191400,145.71,145.8,143.9,143.97,9528387
1767364200,145.63,146.52,143.405,144.3,15299454
1767623400,146.01,146.39,144.245,144.62,17476328
1767709800,145.21,146.765,144.63,146.65,14985672
1767796200,146.53,147.3799,146.04,146.53,13957071
1767882600,145.93,145.93,143.5,144.24,16870541
1767969000,144.57,146.58,144.025,146.15,15652618
1768228200,145.19,147.285,145.05,146.79,12867188
1768314600,146.85,147.52,145.845,146.48,16552152
1768401000,145.5,145.93,143.32,144.7,22104224
1768487400,146.93,147.57,145.31,145.46,17370878
1768573800,146.72,146.95,145.02,145.62,14156676
1768919400,143.09,144.1,141.61,141.84,20029177
1769005800,142.78,145.04,141.96,143.81,27892847
1769092200,145.61,145.7,144.16,144.88,12971563
1769178600,144.53,145.825,143.75,145.09,14654456
1769437800,145.27,146.71,144.89,146.08,10195625
1769524200,147.42,148.62,147.03,148.05,12436175
1769610600,149,149.9,148.61,149.23,19497406
1769697000,147.84,147.93,143.27,146.87,25580964
1769783400,146.04,146.75,142.99,143.88,18342641
1770042600,143.53,146.145,143.39,145.26,16337576
1770129000,145.875,145.97,140.17,142.08,30464494
1770215400,140.83,141.0101,136.1051,138.12,45649454
1770301800,137.22,138.48,135.075,135.63,42950873
1770388200,138.01,141.47,137.42,141.13,37131922
1770647400,140.595,144.025,139.91,143.35,24629514
1770733800,143.82,144.15,142.385,142.55,22564318
1770820200,144.51,144.755,141.32,142.97,18905713
1770906600,143.31,143.77,138.915,139.21,32154746
1770993000,139.56,140.91,137.93,139.56,26637122
1771338600,138.64,140.45,137.02,139.48,25743800
1771425000,140.055,142.115,139.27,140.91,13705785
1771511400,140.09,140.71,139.275,140.21,13483972
1771597800,139.2,141.75,138.97,140.88,14942420
1771857000,140.18,140.65,137.89,138.52,22021923
1771943400,139.24,140.94,138.19,140.32,13030621
1772029800,141.36,143.34,141.21,143.01,13296046
1772116200,142.94,143.01,139.26,141.01,19364871
1772202600,138.31,139.765,137.94,138.76,15328602
1772461800,137.03,139.96,136.56,139.54,20156667
1772548200,136.355,138.33,134.99,137.5,34153036
1772634600,138.53,140.63,138.04,139.84,15201380
1772721000,139.16,141.26,138.09,140.18,19424199
1772807400,137.82,139.83,136.79,137.29,19677214
1773063000,135.97,140.21,135.46,139.76,22760857
1773149400,139.84,141.39,139.02,139.76,24338517
1773235800,140.58,141.59,139.52,140.43,14017700
1773322200,139.27,139.745,137.65,137.84,32372780
1773408600,138.45,139.705,136.515,136.8,15701792
1773667800,138.72,140.08,138.52,138.78,16626428
1773754200,139.39,140.27,138.93,139.54,12034647
1773840600,139.31,140.07,137.93,137.96,12634543
1773927000,136,139.17,135.44,138.43,18087931
1774013400,137.98,137.98,134.3224,135.29,27251819
1774272600,137.5,139.2,136.22,136.95,21818519
1774359000,136.05,136.92,134.87,136.15,16843862
1774445400,137.29,137.995,136.28,136.76,13872406
1774531800,135.18,135.52,132.42,132.5,15434571
1774618200,131.53,132.045,129.575,129.92,15895156
1774877400,131.27,131.55,126.68,127.5,18830030
1774963800,129.15,133.215,128.98,132.9,19405309
1775050200,134.115,136.045,133.76,134.91,17050137
1775136600,131.905,136.04,131.3546,135.99,12266188
1775482200,136.48,137.25,135.71,136.78,10147634
1775568600,136.17,137.49,134.11,137.43,8585455
1775655000,143.13,143.56,140.735,141.69,13358980
1775741400,141.76,142.185,140.35,142.07,8235144
1775827800,142.5,143.56,141.9201,142.62,9310141
1776087000,142.33,145.67,142.1307,145.61,10407699
1776173400,146.9,147.94,146.08,147.94,10183303
1776259800,148.27,150.37,147.96,150.3,10622480
1776346200,150.99,152.1798,149.745,152.02,11778014
1776432600,154.06,154.805,153.51,154.35,10630441
1776691800,154.3,154.75,153.035,154.56,8131598
1776778200,155,156.07,154.15,154.69,12657267
1776864600,156.22,158.16,155.52,158.09,13830378
1776951000,156.77,157.795,153.95,155.84,12151377
1777037400,158.43,160.4,157.6,160.22,11059778
1777296600,160.02,160.62,158.81,160.57,8963915
1777383000,157.11,158.64,156.16,157.85,9252973
1777469400,158.83,159.15,157.75,159.11,7506934
1777555800,159.65,159.8,156.88,159.5,9276361
1777642200,160.39,162.285,160.14,161.87,10161809
1777901400,162.705,163.24,160.88,162.05,10739960
1777987800,163.87,166.02,163.52,165.63,9813549
1778074200,167.88,170.08,166.84,170.03,11304664
1778160600,170.26,171.95,168.7,169.69,11031513
1778247000,171.59,175.6,171.3,175.52,11222155
1778506200,176.15,178.3,175.87,177.88,10461797
1778592600,176.15,176.99,171.195,175.2,15950695
1778679000,177.27,177.74,174.26,176.85,9817869
1778765400,177.36,180.215,176.865,179.5,11424870
1778851800,176.21,178.7,174.63,176.26,14518963
1779111000,177.62,177.85,171.91,174.36,19162640
1779197400,172.68,175.18,170.831,173.24,15751423
1779283800,174.66,177.25,173.95,177.14,12630253
1779370200,175.83,178.98,175.83,178.6,10873195
1779456600,180.03,181.73,179.56,180.39,10742209
1779802200,183.2,186,182.585,185.14,12500330
1779888600,186.18,186.265,182.54,184.43,12300345
1779975000,184.83,187.58,183.79,186.85,11167566
1780061400,189.33,191.63,189.195,191.02,15040309
1780320600,192.32,196.4999,191.15,195.76,18968777
1780407000,196.45,198.38,195.75,198.21,10175184
1780493400,198.37,198.73,194.525,196.23,11582093
1780579800,191.52,194.74,189.69,193.17,13142622
1780666200,188.885,189.22,179.8,180.3,26816074
1780925400,185.22,186.71,183.1701,184.18,14684968
1781011800,185.91,187.08,172.88,180.77,29884444
1781098200,178.16,182.41,176.15,176.63,20059836
1781184600,177.79,183.66,176.495,183.21,18238394
1781271000,183.24,185.84,181.6443,184.8,15014349
1781530200,190.371,192.08,189.75,191.79,13097839
1781616600,191.227,192.25,186.43,186.44,10077157
1781703000,189.005,189.99,185.3,185.8,14396140
1781789400,190.42,191.995,189.38,191.44,12101594
1782135000,192.95,194.3,190.86,192.15,11313040
1782221400,184.68,187.25,183.7,184.19,14633591
1782307800,184.065,185.66,180.79,183.05,12323693
1782394200,188.145,188.41,180.375,184.57,13230220
1782480600,181,183.11,179.76,181.11,13433883
1782739800,183.12,185.66,178.67,185.41,11857031
1782826200,185.76,190.94,185.6,190.52,10729882
1782912600,186.83,187.98,185.38,185.62,9960304
1782999000,185.49,187.38,178.72,180.59,14192634
1783344600,182.66,185.71,182.04,183.57,8923121
1783431000,179.84,180.72,176.36,179.18,12254781
1783517400,177.48,181.63,177.15,181.4,10528340
1783603800,184.76,186.4,183.56,185.35,7756590
1783690200,184.005,186.23,183.09,185.78,6162013
1783949400,183.1,183.9,180.54,181.28,8595097
1784035800,183.71,184.43,181.33,183.62,6399550
1784122200,185.11,185.29,178.22,181.58,9256842
1784208600,179,179.4796,176.41,177.52,8666508
1784295000,172.85,177.92,171.34,175.59,12036704
1784554200,177.19,178.7,175.52,175.71,7638589
1784640600,179.56,181.015,178.17,180.78,7506833
1784727000,178.155,181.43,178.15,180.27,5357598
1784813400,178.8,180.39,177.2,178.45,7177020
1784899800,177.82,179.01,175.05,175.88,7739565
1785159000,177.83,178.3,171.73,174.3,8376633
1785245400,171.21,172.17,167.54,171.09,10049334
1785331800,171.12,172.51,166.462,166.57,14380490
1785418200,172.81,176.09,172.16,175.73,15103710
1785504600,177.46,178.62,172.7,175.35,9146173
1785763800,174.01,178.92,173.04,178.04,9343373
1785850200,182.52,187.705,181.87,186.9,13495817
1785936600,187.34,188.62,185.71,185.91,7571369
1786023000,183.19,186.91,182.06,185.33,6706016
1786109400,187.99,188.73,185.74,187.97,6361238
1786368600,188.08,188.84,186.265,186.32,6486751
1786455000,187.69,187.71,185.07,186.09,5759202
1786541400,189.47,189.59,188.33,188.86,5887231
1786627800,189.13,191.74,188.86,190.77,4873867
1786714200,191.14,191.35,189.25,190.01,3634377
1786973400,190.79,191.75,190.105,190.32,6099468
1787059800,186.29,187.5,184.33,185.62,8436259
1787146200,186.39,186.91,182.41,183.64,7310368
1787232600,183.47,184.71,182.66,183.1,5012105
1787319000,184.42,184.56,181.9,183.31,5781767
1787578200,181.68,181.8792,178.815,180.05,6544935
1787664600,182.11,183.02,180.59,181.74,5364934
1787751000,180.71,183.345,180.71,182.84,4671370
1787837400,186.47,188.735,185.67,188.61,8139215
1787923800,188.07,188.67,185.51,185.69,6302813
1788183000,185.775,186.65,185.28,186.5,4877266
1788269400,183.7,184.92,182.63,183.64,7651287
1788355800,183.46,183.78,182.27,183.6,5706707
1788442200,183.52,186.32,182.49,185.97,6094599
1788528600,187.19,188.2,186.42,187.28,5105560
1788874200,188.64,189.08,187.02,187.87,8425293
1788960600,187.53,188.83,187.15,187.87,5993489
1789047000,185.24,186.52,184.565,185.22,5571344
1789133400,187.35,188.64,186.88,187.67,6535157
