t,o,h,l,c,v
1412688600,45.23,45.52,45.19,45.19,11318624
1412775000,45.26,45.87,45.195,45.85,9800332
1412861400,45.81,46.11,45.39,45.39,15077445
1412947800,45.43,46.0799,45.43,45.61,11403399
1413207000,45.59,45.66,44.95,44.98,20244903
1413293400,45.12,45.21,44.8549,44.96,12853970
1413379800,44.54,44.81,43.78,44.42,22241288
1413466200,43.83,44.3152,43.685,44.09,19593407
1413552600,44.49,44.75,44.08,44.63,12534396
1413811800,44.55,45.31,44.51,45.27,17229314
1413898200,45.13,45.46,44.95,45.46,13863618
1413984600,45.49,45.8699,45.41,45.56,10426950
1414071000,45.74,45.84,45.45,45.53,12604762
1414157400,45.69,45.948,45.62,45.91,9205587
1414416600,45.79,46.21,45.74,46.02,4917193
1414503000,46.22,46.22,46,46.2,5633457
1414589400,46.2,46.3,45.85,46.12,6381152
1414675800,46.17,46.52,45.88,46.41,5020245
1414762200,46.83,46.84,46.56,46.71,8184328
1415025000,46.64,46.92,46.64,46.89,15004875
1415111400,46.81,47.21,46.79,47.14,10508271
1415197800,47.41,47.665,47.24,47.47,7780420
1415284200,47.52,47.67,47.35,47.57,5637974
1415370600,47.5,47.74,47.32,47.74,5911985
1415629800,47.66,47.96,47.55,47.95,4209548
1415716200,47.93,48,47.76,47.86,3277790
1415802600,47.66,47.93,47.645,47.86,4923730
1415889000,47.9,48.26,47.86,48.03,7507089
1415975400,48.05,48.07,47.64,47.76,7544498
1416234600,47.68,48.08,47.68,48.08,4049631
1416321000,48.08,48.34,48,48.26,5015424
1416407400,48.24,48.5068,48.18,48.46,4919496
1416493800,48.31,48.39,48.18,48.25,4075960
1416580200,48.65,48.74,48.36,48.45,5042250
1416839400,48.54,48.661,48.34,48.42,4912040
1416925800,48.42,48.58,48.34,48.46,6157520
1417012200,48.46,48.69,48.45,48.68,3644780
1417185000,48.83,49.42,48.8,49.3,4640929
1417444200,49.08,49.19,48.9,48.975,8330430
1417530600,48.96,49.19,48.93,49.15,6130948
1417617000,49.16,49.16,48.69,48.8,5909648
1417703400,48.81,48.87,48.54,48.76,8023886
1417789800,48.73,48.86,48.55,48.85,6732101
1418049000,48.8,49.01,48.62,48.75,4653631
1418135400,48.38,48.61,48.11,48.59,6120032
1418221800,48.59,48.73,48.08,48.13,5304833
1418308200,48.3,48.81,48.14,48.53,5233674
1418394600,48.24,48.71,47.9,47.91,6812470
1418653800,48.11,48.25,47.4427,47.59,9451298
1418740200,47.38,48.37,47.38,47.41,9811489
1418826600,47.55,48.26,47.5,48.1,10126416
1418913000,48.79,49.05,48.31,49.02,8726337
1418999400,48.84,49.02,48.59,48.62,13154449
1419258600,48.75,49.09,48.74,49.09,5125693
1419345000,49.3,49.54,49.17,49.43,5563467
1419431400,49.58,49.63,49.35,49.38,1478017
1419604200,49.43,49.61,49.41,49.46,3302398
1419863400,49.4,49.45,49.11,49.31,13478733
1419949800,49.24,49.35,49.07,49.09,5094893
1420036200,49.27,49.27,48.47,48.49,5218665
1420209000,48.62,48.73,48.05,48.35,7612139
1420468200,48.26,48.37,47.88,48.01,8272747
1420554600,48.35,48.47,47.81,47.95,11112405
1420641000,48.3,48.83,48.25,48.77,9226050
1420727400,49.2,49.57,49.1,49.51,12904121
1420813800,49.67,49.67,49.11,49.11,6382812
1421073000,49.09,49.35,48.83,48.96,6256356
1421159400,49.29,49.56,48.66,48.95,10134954
1421245800,48.58,48.85,48.46,48.8,13315488
1421332200,49.12,49.18,48.69,48.88,10898429
1421418600,48.76,49.32,48.67,49.27,12948494
1421764200,49.46,49.69,49.0601,49.47,9978168
1421850600,49.37,49.72,49.12,49.71,7588640
1421937000,49.92,50.22,49.48,50.21,12061998
1422023400,49.97,50.05,49.64,49.65,6423708
1422282600,49.63,49.72,49.3768,49.65,4428644
1422369000,49.15,49.3,48.8499,49.08,10344834
1422455400,49.26,49.41,48.47,48.51,7765711
1422541800,48.7,48.96,48.2872,48.9,9765613
1422628200,48.64,48.67,47.95,48.02,10951567
1422887400,48.11,48.62,47.68,48.59,14354132
1422973800,48.89,49.04,48.605,49.02,6279580
1423060200,48.93,49.3899,48.93,49.04,7901316
1423146600,49.19,49.31,49.07,49.29,8079470
1423233000,49.3,49.49,48.88,49.07,6304139
1423492200,48.99,49.03,48.57,48.7,5656096
1423578600,49.16,49.32,48.86,49.27,5055068
1423665000,49.3,49.61,49.14,49.5,4617951
1423751400,49.62,49.73,49.47,49.73,7150649
1423837800,49.62,49.65,49.39,49.5,5931999
1424183400,49.43,49.56,49.19,49.51,4887541
1424269800,49.5,49.78,49.39,49.78,5251178
1424356200,49.69,49.7,49.4,49.46,4380204
1424442600,49.29,49.62,49.1,49.6,5897954
1424701800,49.52,49.75,49.52,49.74,4710570
1424788200,49.79,49.95,49.6,49.91,4275835
1424874600,49.9,49.95,49.68,49.74,3282613
1424961000,49.74,49.86,49.61,49.81,4124210
1425047400,49.8,50.11,49.77,50.01,4578917
1425306600,50.05,50.14,49.94,50.1,5511247
1425393000,50.1,50.11,49.69,49.91,5818232
1425479400,49.81,49.83,49.435,49.56,3635830
1425565800,49.69,49.81,49.57,49.73,5336282
1425652200,49.37,49.47,48.645,48.76,12065490
1425907800,48.95,49.115,48.8,49.03,6436504
1425994200,48.74,48.77,48.32,48.33,7996246
1426080600,48.4,48.4,47.91,47.96,8699521
1426167000,48.18,48.66,48.13,48.66,9905450
1426253400,48.56,48.58,47.985,48.28,5821361
1426512600,48.43,48.88,48.43,48.87,22130524
1426599000,48.7,48.74,48.38,48.52,7487530
1426685400,48.4,49.05,47.84,48.85,19747285
1426771800,48.74,48.85,48.54,48.63,20386665
1426858200,48.57,48.95,48.5,48.94,7950997
1427117400,48.89,49.265,48.85,49.02,4669271
1427203800,49.14,49.265,48.74,48.74,6939753
1427290200,49.29,49.36,48.62,48.62,18476729
1427376600,48.38,48.6799,48.3,48.41,7616033
1427463000,48.42,48.77,48.4,48.71,4950066
1427722200,48.81,49.2399,48.62,49.2,25326777
1427808600,49,49.2,48.74,48.74,7411772
1427895000,48.72,48.81,48.3345,48.8,8033379
1427981400,48.82,49.22,48.75,49.13,4820959
1428327000,49.05,49.7299,48.92,49.52,5615295
1428413400,49.6,49.7,49.29,49.29,7660788
1428499800,49.3,49.5,49.145,49.37,5039151
1428586200,49.37,49.6,49.19,49.51,4785391
1428672600,49.64,49.77,49.47,49.6,4605050
1428931800,49.47,49.656,49.36,49.37,3712769
1429018200,49.28,49.563,49.17,49.48,5722176
1429104600,49.55,49.75,49.31,49.34,6764313
1429191000,49.4,49.705,49.36,49.52,5796421
1429277400,49.29,49.32,48.79,49.06,5539765
1429536600,49.14,49.52,49.14,49.23,3976240
1429623000,49.3,49.55,49.24,49.32,3948482
1429709400,49.36,49.45,49.07,49.35,2897749
1429795800,49.07,49.42,49.06,49.18,6320769
1429882200,49.32,49.32,49.13,49.19,6555074
1430141400,49.26,49.28,48.89,48.92,6888137
1430227800,48.92,49.0299,48.71,48.97,3665122
1430314200,48.81,48.91,48.46,48.53,9409329
1430400600,48.41,48.6,48.18,48.37,8286329
1430487000,48.55,48.83,48.41,48.81,5158317
1430746200,48.81,49.01,48.8,48.88,6710241
1430832600,48.86,48.92,48.415,48.49,6537353
1430919000,48.59,48.76,48.34,48.64,6233272
1431005400,48.48,48.86,48.37,48.76,6433797
1431091800,49.01,49.36,49.01,49.17,6946516
1431351000,49.03,49.33,48.95,48.97,3988447
1431437400,48.51,49.02,48.51,48.86,4903389
1431523800,48.85,49.19,48.78,48.84,3716893
1431610200,49.04,49.61,49.04,49.59,6174276
1431696600,49.6,49.75,49.55,49.75,5014345
1431955800,49.7,49.715,49.51,49.59,6199937
1432042200,49.62,49.62,49.3,49.46,5157182
1432128600,49.39,49.59,49.35,49.35,5463241
1432215000,49.36,49.52,49.19,49.46,4313587
1432301400,49.23,49.4,49.22,49.25,5336919
1432647000,49.19,49.21,48.7615,48.86,8790115
1432733400,48.96,49.25,48.915,49.17,7599854
1432819800,49.12,49.17,48.89,49.1,5741289
1432906200,49.02,49.07,48.695,48.79,6663595
1433165400,48.89,48.99,48.62,48.79,5992277
1433251800,48.65,48.77,48.42,48.66,4998166
1433338200,48.72,48.86,48.56,48.63,5892661
1433424600,48.54,48.66,48.18,48.28,7084781
1433511000,48.15,48.27,47.56,47.59,9482272
1433770200,47.56,47.735,47.46,47.57,10944033
1433856600,47.63,47.975,47.55,47.8,7096711
1433943000,47.92,48.37,47.92,48.27,7091575
1434029400,48.31,48.465,48.2,48.25,7469331
1434115800,48.13,48.17,47.89,48.06,6748776
1434375000,47.87,47.96,47.68,47.71,7632584
1434461400,47.84,48.26,47.77,48.23,5036370
1434547800,48.38,48.57,48.12,48.49,10508750
1434634200,48.64,49.22,48.6,49.03,8820968
1434720600,48.76,48.91,48.66,48.66,8908167
1434979800,48.93,49.05,48.8,48.85,4445930
1435066200,48.87,48.88,48.5449,48.64,5107522
1435152600,48.62,48.695,48.42,48.42,6765086
1435239000,48.61,48.61,48.33,48.33,6443662
1435325400,48.4,48.595,48.34,48.43,4608042
1435584600,48.18,48.27,47.66,47.68,8106247
1435671000,48.18,48.18,47.59,47.6,10039870
1435757400,47.92,48.21,47.72,48.21,6859599
1435843800,48.24,48.425,48.03,48.17,6956570
1436189400,47.85,48.31,47.8,48.13,8740692
1436275800,48.26,49.16,48.0962,49.12,17427002
1436362200,48.7,48.93,48.54,48.57,11754345
1436448600,49.16,49.25,48.61,48.61,8359924
1436535000,49.06,49.295,49.01,49.18,7782475
1436794200,49.41,49.66,49.41,49.64,7031821
1436880600,49.65,49.74,49.56,49.72,6858313
1436967000,49.71,49.73,49.49,49.59,5980479
1437053400,49.84,50.1699,49.78,50.1,4451157
1437139800,49.98,50.075,49.775,50.07,4874380
1437399000,50.1,50.22,49.961,50.16,6345397
1437485400,50.04,50.19,49.9,50.04,6146042
1437571800,50.04,50.33,50.01,50.15,6107881
1437658200,50.26,50.26,49.89,49.96,4535057
1437744600,50.08,50.08,49.62,49.68,9950133
1438003800,49.48,49.73,49.33,49.65,9567088
1438090200,49.87,50.22,49.73,50.21,8765751
1438176600,50.26,50.49,50.16,50.38,6105070
1438263000,50.14,50.28,49.88,50.21,7029085
1438349400,50.38,50.42,50.24,50.31,6168772
1438608600,50.3,50.43,50.16,50.38,6961369
1438695000,50.35,50.45,50.11,50.38,5633040
1438781400,50.54,50.887,50.52,50.82,5239860
1438867800,50.95,50.95,50.37,50.44,7889450
1438954200,50.36,50.5,49.94,50.16,6889664
1439213400,50.3,50.51,50.26,50.35,5779953
1439299800,50.02,50.2799,50.0001,50.17,5616152
1439386200,49.85,50.225,49.51,50.2,8275075
1439472600,50.15,50.28,49.935,50,4935225
1439559000,49.99,50.17,49.87,50.16,5247043
1439818200,50,50.225,49.82,50.21,4978436
1439904600,50.03,50.17,49.9,49.96,5108275
1439991000,49.85,49.87,49.26,49.5,9309247
1440077400,49.16,49.49,48.95,49.05,12756272
1440163800,48.67,48.78,47.71,47.71,23544294
1440423000,45.4,47.1,43.72,46.05,68723789
1440509400,47.71,47.71,45.65,45.7,35853861
1440595800,46.61,47.13,45.75,47.05,24372846
1440682200,47.43,47.89,46.87,47.74,19550365
1440768600,47.61,47.69,47.35,47.64,8695280
1441027800,47.52,47.52,47.18,47.31,12948307
1441114200,46.37,46.85,46.05,46.34,15589260
1441200600,46.74,46.98,46.52,46.97,9637270
1441287000,47.16,47.58,47.055,47.29,7626783
1441373400,46.67,46.79,46.34,46.52,10507112
1441719000,47.27,47.54,46.94,47.49,6867296
1441805400,47.93,47.94,46.59,46.71,7587430
1441891800,46.49,47.12,46.47,46.79,14986290
1441978200,46.74,47.11,46.57,47.1,5127313
1442237400,47.08,47.1699,46.7601,46.95,6180096
1442323800,47.01,47.5951,46.82,47.51,7284509
1442410200,47.94,48.11,47.67,48.05,11470705
1442496600,48.01,48.62,47.91,48.05,13063925
1442583000,47.19,47.71,47,47.19,10970796
1442842200,47.31,47.67,47.3,47.54,9770603
1442928600,47.06,47.135,46.77,47.02,10674784
1443015000,47.01,47.175,46.8601,47.1,6458479
1443101400,46.75,47.25,46.73,47.18,7740110
1443187800,47.45,47.96,47.3,47.48,12257293
1443447000,47.36,47.46,46.69,46.78,15815963
1443533400,46.91,46.93,46.48,46.76,15304069
1443619800,46.95,47.35,46.8669,47.19,12715608
1443706200,47.22,47.33,46.835,47.19,13766236
1443792600,46.93,47.86,46.69,47.84,13196654
1444051800,48.19,48.72,48.0401,48.66,10515836
1444138200,48.56,48.73,48.31,48.33,9443980
1444224600,48.56,48.86,48.4,48.77,11943952
1444311000,48.7,49.37,48.61,49.35,12447140
1444397400,49.44,49.61,49.3,49.46,12459529
1444656600,49.48,49.695,49.43,49.59,5652597
1444743000,49.5,49.57,49.2199,49.29,10162638
1444829400,49.2,49.395,48.61,48.72,10771192
1444915800,49.02,49.19,48.82,49.16,5255634
1445002200,49.2,49.68,49.19,49.63,6921941
1445261400,49.63,49.86,49.48,49.85,6284328
1445347800,49.84,49.91,49.74,49.82,6078420
1445434200,49.73,50.17,49.73,49.83,14418907
1445520600,50.03,50.89,49.948,50.82,13590342
1445607000,51,51.13,50.46,50.74,13360200
1445866200,50.74,50.84,50.56,50.64,8893020
1445952600,50.48,50.71,50.32,50.71,5126177
1446039000,50.72,50.73,49.88,50.42,10430877
1446125400,50.4,50.55,50.155,50.44,5606876
1446211800,50.28,50.28,49.87,49.88,8577051
1446474600,49.91,50.19,49.84,50.18,13054043
1446561000,49.89,50.07,49.59,49.94,12452943
1446647400,50,50.09,49.54,49.73,8067588
1446733800,49.68,49.8,49.435,49.72,9691771
1446820200,49.49,49.58,48.82,49.18,13747249
1447079400,48.94,49.02,48.575,48.85,7895965
1447165800,48.8,49.06,48.8,48.98,7438649
1447252200,48.9,49.22,48.9,48.91,7264720
1447338600,48.79,48.835,48.25,48.25,8473552
1447425000,48.11,48.33,47.79,47.83,9112391
1447684200,47.67,48.66,47.67,48.65,9735265
1447770600,48.78,49.03,48.49,48.63,8056342
1447857000,48.77,49.33,48.7,49.3,7826236
1447943400,49.33,49.65,49.32,49.429,7421069
1448029800,49.65,49.88,49.04,49.08,5487155
1448289000,49.09,49.6,49.09,49.51,5316647
1448375400,49.39,49.77,49.17,49.64,9786017
1448461800,49.64,49.89,49.6,49.77,5599005
1448634600,49.75,50.07,49.745,49.96,2712628
1448893800,49.97,50.07,49.41,49.42,10355176
1448980200,49.52,49.87,49.52,49.84,10807852
1449066600,49.77,49.91,49.52,49.59,7832017
1449153000,49.77,49.95,49.14,49.33,12556022
1449239400,49.46,50.48,49.26,50.44,12783219
1449498600,50.63,50.74,50.38,50.58,9022022
1449585000,50.26,50.56,50.15,50.45,6436418
1449671400,50.17,50.71,49.77,49.97,18821804
1449757800,50.08,50.35,49.88,50.03,7842722
1449844200,49.53,49.83,49.34,49.48,11597861
1450103400,49.48,50.01,49.29,49.97,16609549
1450189800,50.36,50.53,50.095,50.29,11557471
1450276200,50.51,51.365,50.5005,51.26,20860446
1450362600,51.26,51.26,50.59,50.6,10235953
1450449000,50.18,50.18,49.34,49.34,14720588
1450708200,49.67,49.91,49.47,49.9,8155480
1450794600,49.98,50.61,49.865,50.55,7185807
1450881000,50.77,50.99,50.68,50.92,6464116
1450967400,50.81,51.02,50.81,50.87,2312094
1451313000,50.65,50.805,50.6,50.8,4620852
1451399400,51.13,51.29,50.91,51.24,4133999
1451485800,51.21,51.27,51,51.06,6942853
1451572200,50.89,50.9,50.43,50.49,6801446
1451917800,49.83,49.85,49.35,49.85,17281160
1452004200,49.97,50.29,49.84,50.17,8630450
1452090600,49.67,50.2,49.64,50,12429050
1452177000,49.44,49.925,49.22,49.4,16031520
1452263400,49.72,49.72,48.92,49.02,14691022
1452522600,49.32,49.66,49,49.48,15890335
1452609000,49.78,49.9489,49.35,49.75,13171504
1452695400,49.81,49.85,48.79,48.84,19407943
1452781800,48.98,49.41,48.75,49.07,19025815
1452868200,48.24,48.62,47.92,48.3,24210917
1453213800,48.79,49.06,48.57,48.88,14945175
1453300200,48.34,48.56,47.385,48.27,28303167
1453386600,48.31,48.67,48.01,48.46,21000998
1453473000,49.01,49.39,48.63,49.29,13754517
1453732200,48.49,49.27,48.41,48.85,15869448
1453818600,49,49.62,48.95,49.29,10524137
1453905000,49.37,49.87,48.9451,49.25,17247388
1453991400,49.42,49.925,49.27,49.75,15649161
1454077800,50.09,50.83,49.86,50.76,20576334
1454337000,50.65,51.1361,50.5,50.93,18573126
1454423400,50.56,50.56,50.155,50.28,14068583
1454509800,50.47,50.56,49.7,50.17,25209773
1454596200,49.95,50.005,49.47,49.71,21240798
1454682600,49.8,49.945,49.37,49.63,20073263
1454941800,49.3,49.64,48.885,49.5,21546933
1455028200,49.11,50.1,49.07,49.83,24376347
1455114600,50.01,50.3,49.705,49.77,14798708
1455201000,49.18,49.6,48.88,49.37,26010413
1455287400,49.67,50.08,49.44,50.07,12464006
1455633000,50.5,50.54,50.09,50.47,15217653
1455719400,50.69,51.1399,50.536,50.99,11040533
1455805800,50.82,50.915,50.49,50.76,13101903
1455892200,50.62,50.94,50.34,50.84,9794968
1456151400,51.13,51.24,50.95,51.09,9151997
1456237800,50.99,51.175,50.87,51.08,9986502
1456324200,50.84,51.3,50.58,51.24,13271668
1456410600,51.37,51.8475,51.25,51.82,9511955
1456497000,51.96,51.96,50.99,51.09,28143926
1456756200,51.06,51.46,50.91,50.92,13596765
1456842600,51.21,51.5,51.13,51.41,13169709
1456929000,51.47,51.56,51.15,51.56,16157730
1457015400,51.35,51.82,51.17,51.82,10743936
1457101800,51.8,52.1699,51.6,52.04,17384650
1457361000,51.82,52,51.63,51.72,14095858
1457447400,51.575,52.15,51.4901,51.87,11554949
1457533800,52.03,52.33,52.02,52.26,11307512
1457620200,52.45,52.57,51.83,52.28,13089841
1457706600,52.54,52.65,52.26,52.45,12880525
1457962200,52.42,52.54,52.26,52.42,10645085
1458048600,52.27,52.62,52.18,52.55,6523735
1458135000,52.51,52.7861,52.1541,52.67,13743414
1458221400,52.65,53.155,52.6,52.99,13903391
1458307800,52.81,52.86,52.57,52.65,13037040
1458567000,52.67,52.865,52.435,52.68,11421420
1458653400,52.51,52.65,52.29,52.37,9853229
1458739800,52.26,52.94,52.24,52.38,11304315
1458826200,52.2,52.37,52.15,52.32,9455483
1459171800,52.38,52.71,52.38,52.6,7363677
1459258200,52.57,53.01,52.5,52.99,10354692
1459344600,53.17,53.34,53.04,53.34,8932310
1459431000,53.25,53.34,53,53.06,8297414
1459517400,52.84,53.77,52.77,53.62,14840290
1459776600,53.69,53.748,53.36,53.64,12949022
1459863000,53.42,53.54,53.16,53.28,11748798
1459949400,53.14,53.71,53.14,53.7,11672409
1460035800,53.34,53.53,52.95,53.12,11243439
1460122200,53.35,53.47,53.24,53.41,7040184
1460381400,53.47,53.64,52.99,53.03,6694269
1460467800,53.04,53.42,53.04,53.36,9361144
1460554200,53.49,53.55,52.71,52.95,14779973
1460640600,52.92,53.05,52.67,52.71,11811284
1460727000,52.7,53.06,52.64,53.035,12384193
1460986200,52.95,53.34,52.9099,53.34,8476819
1461072600,53.23,53.355,53.07,53.31,5980137
1461159000,53.22,53.22,52.58,52.59,20207310
1461245400,52.51,52.58,51.73,51.77,30667357
1461331800,51.6,51.96,51.54,51.96,22004991
1461591000,51.67,52.32,51.66,52.32,8947330
1461677400,52.45,52.48,52.015,52.11,10821827
1461763800,52.3,52.52,51.91,52.36,12012219
1461850200,52.16,52.72,52.15,52.41,11547041
1461936600,52.4,52.41,51.99,52.3,13198539
1462195800,52.45,52.95,52.28,52.9,14096369
1462282200,52.71,53.01,52.65,52.8,12837332
1462368600,52.65,53.06,52.5,52.96,11003150
1462455000,52.84,53.26,52.8038,52.97,10555852
1462541400,52.89,53.24,52.72,53.24,8435388
1462800600,53.27,53.675,53.15,53.53,9845154
1462887000,53.7,54.06,53.64,54.06,8567408
1462973400,53.98,54.04,53.61,53.63,6462128
1463059800,53.75,54.025,53.64,53.92,11906398
1463146200,53.79,53.87,53.145,53.24,10657717
1463405400,53.14,53.695,53.1,53.58,8139327
1463491800,53.38,53.55,52.39,52.53,19898173
1463578200,52.24,52.4,51.72,51.92,20132506
1463664600,52.08,52.45,51.95,52.43,13237265
1463751000,52.57,52.6,52.1,52.16,7050783
1464010200,52.25,52.35,52.11,52.21,8546688
1464096600,52.33,52.77,52.31,52.65,11258205
1464183000,52.75,52.95,52.63,52.73,9815277
1464269400,52.79,53.06,52.79,52.94,7956961
1464355800,53,53.085,52.834,53,7873341
1464701400,53.08,53.16,52.54,52.66,8766367
1464787800,52.7,53.2,52.7,53.2,10175759
1464874200,53.09,53.22,52.905,53.22,6309847
1464960600,53.32,53.58,53.11,53.56,13362517
1465219800,53.65,53.76,53.355,53.62,10778063
1465306200,53.66,53.765,53.47,53.56,5572792
1465392600,53.55,53.9,53.44,53.88,6024492
1465479000,53.78,54.12,53.77,54.09,5946840
1465565400,53.82,54.22,53.76,54.13,10563935
1465824600,54.13,54.22,53.68,53.68,9118622
1465911000,53.66,53.91,53.34,53.89,9530933
1465997400,53.88,54.03,53.66,53.73,9347642
1466083800,53.56,54.04,53.48,54.01,12205722
1466170200,53.61,53.69,53.12,53.47,10077549
1466429400,53.81,53.98,53.565,53.64,6497515
1466515800,53.71,53.92,53.69,53.78,6879071
1466602200,53.85,54,53.745,53.81,5408273
1466688600,54.02,54.14,53.87,54.14,5642533
1466775000,53.15,53.78,52.88,53.1,23775904
1467034200,53.02,53.11,52.65,52.985,19371970
1467120600,53.44,53.44,52.84,53.32,11868598
1467207000,53.6,53.965,53.43,53.94,10820963
1467293400,54.01,55.15,54,55.15,20984760
1467379800,55.25,55.265,54.87,54.89,14933906
1467725400,54.82,55.55,54.82,55.2,19917077
1467811800,55.19,55.34,54.9118,55.25,19540038
1467898200,55.39,55.49,55.03,55.1408,15618144
1467984600,55.35,55.74,55.18,55.69,10227475
1468243800,55.7,55.87,55.42,55.7,8213936
1468330200,55.61,55.69,55.38,55.4,15270849
1468416600,55.47,55.78,55.36,55.71,9398867
1468503000,55.68,56.02,55.6,55.7,15486751
1468589400,55.74,55.955,55.59,55.7,10722169
1468848600,55.7,55.74,55.55,55.64,9656863
1468935000,55.48,55.6,55.325,55.6,5295589
1469021400,55.59,55.655,55.37,55.4,6073198
1469107800,55.32,55.35,55.03,55.24,6682377
1469194200,55.35,55.53,55.28,55.5,10602378
1469453400,55.45,55.49,55.19,55.44,4033429
1469539800,55.37,55.54,54.97,55.01,11737796
1469626200,54.94,54.94,54.035,54.19,21562376
1469712600,54.51,54.53,54.03,54.43,10873813
1469799000,54.5,54.78,54.39,54.7,9262256
1470058200,54.66,54.87,54.5,54.76,14918234
1470144600,54.78,54.89,54.445,54.68,11733514
1470231000,54.77,54.77,54.23,54.38,13290826
1470317400,54.47,54.72,54.33,54.5,8943229
1470403800,54.72,54.87,54.48,54.59,12028548
1470663000,54.82,54.86,54.36,54.53,8057686
1470749400,54.53,54.9,54.53,54.7,7840923
1470835800,54.85,55.01,54.79,54.9,7303642
1470922200,55.18,55.18,54.88,54.9,8082993
1471008600,55,55.145,54.9601,55.09,8783845
1471267800,55.16,55.25,54.95,54.95,8568188
1471354200,54.87,54.88,54.7,54.71,6712120
1471440600,54.69,54.94,54.49,54.86,12551992
1471527000,54.95,55.1071,54.945,55.05,6683841
1471613400,54.98,54.99,54.81,54.92,5846500
1471872600,54.92,55.06,54.82,55,9938559
1471959000,55.03,55.13,54.87,54.89,5687354
1472045400,54.87,54.98,54.58,54.8,7793780
1472131800,54.83,54.83,54.481,54.59,7359658
1472218200,54.64,54.86,54.16,54.31,13499833
1472477400,54.41,54.63,54.36,54.63,8202816
1472563800,54.53,54.61,54.23,54.31,7950912
1472650200,54.26,54.44,54.19,54.38,8154863
1472736600,54.16,54.45,54.11,54.4,16677600
1472823000,54.6,54.95,54.56,54.82,10966741
1473168600,54.83,54.96,54.56,54.9392,9273315
1473255000,54.84,54.94,54.35,54.46,13418458
1473341400,54.25,54.41,54.06,54.16,13344386
1473427800,53.69,53.79,52.69,52.69,24921562
1473687000,52.63,53.76,52.63,53.68,23542651
1473773400,53.4,53.46,52.91,53.02,21780467
1473859800,53.05,53.24,52.71,52.86,19396233
1473946200,52.74,53.345,52.69,53.29,10903004
1474032600,52.9,52.95,52.48,52.79,14475119
1474291800,52.8,52.99,52.68,52.68,9579434
1474378200,52.93,53.02,52.81,52.82,9705899
1474464600,52.83,53.2399,52.55,53.11,24882717
1474551000,53.3,53.68,53.3,53.58,17315981
1474637400,53.59,53.6,53.32,53.34,12930969
1474896600,53.2,53.22,52.84,52.89,12797243
1474983000,52.89,53.26,52.8601,53.11,12608728
1475069400,53.22,53.32,52.96,53.2,9757545
1475155800,53.17,53.2,52.64,52.68,15093971
1475242200,52.93,53.39,52.93,53.21,17343111
1475501400,53.12,53.16,52.77,52.87,11454239
1475587800,52.83,52.87,52.315,52.42,13346553
1475674200,52.51,52.6,52.24,52.37,15203813
1475760600,52.17,52.6,52.0935,52.47,15413338
1475847000,52.49,52.6,51.96,52.33,11402972
1476106200,52.45,52.635,52.23,52.33,8661735
1476192600,52.29,52.33,51.87,52.06,19642620
1476279000,52.15,52.48,52.05,52.35,7145429
1476365400,51.99,52.51,51.93,52.36,19180711
1476451800,52.38,52.62,52.2882,52.37,10659073
1476711000,52.39,52.46,52.09,52.12,8464992
1476797400,52.36,52.58,52.27,52.28,7844949
1476883800,52.18,52.27,51.9,51.98,9032026
1476970200,51.95,52.13,51.82,51.95,12176293
1477056600,52.13,52.295,52.01,52.23,14028243
1477315800,52.29,52.69,52.29,52.57,7609480
1477402200,52.79,52.89,52.715,52.76,9414617
1477488600,52.8,52.8975,52.61,52.69,12417730
1477575000,52.67,52.88,52.375,52.45,17905674
1477661400,52.41,52.85,52.32,52.67,12751016
1477920600,52.71,52.93,52.6699,52.8,8579097
1478007000,52.8,52.89,52.4,52.57,11342289
1478093400,52.44,52.735,52.4,52.44,9703303
1478179800,52.6,52.61,52.01,52.08,15641594
1478266200,52,52.08,51.57,51.61,11992424
1478529000,52.05,52.51,52.02,52.48,11763039
1478615400,52.1,52.855,52.05,52.7,13406760
1478701800,51.62,52.1456,51.27,51.98,34557160
1478788200,52,52,50.49,50.59,52820781
1478874600,50.45,50.705,50.2145,50.54,20828070
1479133800,50.54,50.58,50.255,50.45,20591812
1479220200,50.55,50.84,50.465,50.76,23028687
1479306600,50.77,50.99,50.69,50.77,16034236
1479393000,50.73,50.78,50.45,50.68,15626709
1479479400,50.68,50.72,50.43,50.5,14786066
1479738600,50.57,50.86,50.34,50.84,18968738
1479825000,50.99,51.2,50.96,51.1,11991815
1479911400,50.9,51.07,50.75,50.82,14783646
1480084200,50.93,51.23,50.93,51.22,10823549
1480343400,51.21,51.42,51.085,51.33,15116511
1480429800,51.34,51.46,51.22,51.4,7915374
1480516200,51.14,51.29,50.57,50.58,16837588
1480602600,50.39,50.44,49.98,50.25,33621069
1480689000,50.38,50.605,50.35,50.57,21587233
1480948200,50.58,50.7071,50.48,50.63,21223431
1481034600,50.61,50.78,50.58,50.78,16546284
1481121000,50.76,51.545,50.75,51.51,11756499
1481207400,51.31,51.5466,51.21,51.3,17006369
1481293800,51.33,52.05,51.33,52.04,14415862
1481553000,51.91,52.3,51.91,52.25,9935922
1481639400,52.35,52.61,52.23,52.49,10452370
1481725800,52.52,52.69,51.78,51.92,25363222
1481812200,51.92,52.31,51.76,52.14,16154516
1481898600,51.92,52.0759,51.81,52.05,15871085
1482157800,52.105,52.23,51.97,52.15,7523220
1482244200,52.17,52.17,51.81,52.05,15316929
1482330600,52,52.285,52,52.04,6553072
1482417000,51.98,52.07,51.865,51.96,6537203
1482503400,51.93,52.095,51.9259,52.06,6484307
1482849000,52.02,52.15,51.96,52.05,13378478
1482935400,52.01,52.04,51.73,51.73,8643605
1483021800,51.76,52.03,51.73,51.97,10299366
1483108200,51.98,52.08,51.6,51.71,8049944
1483453800,51.75,51.97,51.6,51.9,21730034
1483540200,51.97,52.15,51.89,51.9,9144625
1483626600,51.89,52.14,51.7,52.07,12312524
1483713000,51.97,52.15,51.78,52.12,9092386
1483972200,51.92,51.96,51.65,51.7,6903166
1484058600,51.65,51.73,51.36,51.44,10344310
1484145000,51.35,51.62,51.35,51.54,12087515
1484231400,51.52,51.61,51.44,51.49,13257560
1484317800,51.49,51.62,51.39,51.52,6517691
1484663400,51.56,52.275,51.51,52.25,19030129
1484749800,52.2,52.45,52.2,52.43,11652057
1484836200,52.37,52.37,52.12,52.24,17283419
1484922600,52.49,52.77,52.31,52.58,11015593
1485181800,52.58,52.61,52.39,52.56,16203816
1485268200,52.6,52.955,52.58,52.91,10242502
1485354600,53.03,53.1,52.89,52.9,8816756
1485441000,52.92,52.93,52.67,52.67,9985411
1485527400,52.54,52.68,52.24,52.38,16358712
1485786600,52.23,52.41,52.19,52.34,9951653
1485873000,52.34,52.59,52.25,52.59,12061292
1485959400,52.34,52.5,52.17,52.18,18479763
1486045800,52.42,52.87,52.42,52.66,18747453
1486132200,52.93,53.15,52.79,53,17954739
1486391400,52.97,52.98,52.71,52.71,19067927
1486477800,52.81,53.24,52.81,53.14,8364416
1486564200,53.2,53.46,53.12,53.36,8559239
1486650600,53.3,53.6657,53.21,53.58,8840897
1486737000,53.61,53.69,53.42,53.62,9354195
1486996200,53.7,53.77,53.47,53.62,14059475
1487082600,53.49,53.73,53.3,53.63,10483346
1487169000,53.75,54.16,53.64,54.12,12675948
1487255400,54.06,54.205,53.81,54.19,11377402
1487341800,54.03,54.52,53.9299,54.46,15581773
1487687400,54.62,55.09,54.5601,54.95,16499953
1487773800,54.9,55.03,54.82,54.96,8098986
1487860200,55,55.31,54.96,55.09,9790318
1487946600,55.03,55.3,54.99,55.28,7762232
1488205800,55.19,55.19,54.91,55.03,12707464
1488292200,54.94,55.22,54.88,55.1,17735461
1488378600,55.13,55.48,55.05,55.36,16716139
1488465000,55.3,55.47,55.19,55.35,9988467
1488551400,55.18,55.2323,54.8999,55.14,10083246
1488810600,54.95,54.98,54.81,54.9,6686606
1488897000,54.76,54.94,54.75,54.83,7846514
1488983400,54.69,54.8,54.64,54.71,10787982
1489069800,54.69,54.89,54.69,54.8,7025304
1489156200,55.03,55.12,54.9,55.05,6530445
1489411800,55,55.16,54.93,55.09,10657995
1489498200,55.02,55.14,54.9,54.93,7890811
1489584600,55,55.5,55,55.34,14102871
1489671000,55.35,55.42,55.23,55.42,8727176
1489757400,55.17,55.355,54.98,54.98,16469401
1490016600,55.03,55.16,54.99,55.0771,6559189
1490103000,55.11,55.27,54.9701,55.04,13135495
1490189400,55.12,55.21,54.8043,54.93,7094715
1490275800,54.88,55.08,54.72,54.81,7474716
1490362200,54.81,54.89,54.515,54.7,8343294
1490621400,54.5,54.719,54.4111,54.65,5739464
1490707800,54.45,54.89,54.45,54.75,8810225
1490794200,54.7,54.92,54.66,54.85,5558224
1490880600,54.8,54.9,54.69,54.74,5399136
1490967000,54.67,54.81,54.58,54.58,4762285
1491226200,54.66,54.72,54.4,54.49,10666615
1491312600,54.53,54.655,54.43,54.65,5283980
1491399000,54.66,54.9,54.48,54.55,7268060
1491485400,54.6,54.77,54.51,54.55,5061030
1491571800,54.6,54.85,54.58,54.7,7629874
1491831000,54.72,54.9548,54.62,54.86,5260614
1491917400,54.87,54.925,54.69,54.88,6325114
1492003800,54.84,55.12,54.81,55.09,7377375
1492090200,55.05,55.1,54.82,54.84,6719143
1492435800,54.93,55.23,54.92,55.23,10585810
1492522200,55.16,55.64,55.06,55.48,11085516
1492608600,55.55,55.59,55.185,55.27,7254574
1492695000,55.08,55.25,54.9705,55.16,9738220
1492781400,55.13,55.17,54.97,55,2887208
1493040600,55.16,55.59,55.16,55.5,9831677
1493127000,55.53,55.8,55.51,55.72,7283792
1493213400,55.74,55.74,55.24,55.27,7930815
1493299800,55.35,55.38,55.1143,55.2,5861399
1493386200,55.04,55.2,54.89,55.18,7034843
1493645400,55.26,55.26,54.915,54.97,8353940
1493731800,54.85,54.96,54.55,54.6,7672102
1493818200,54.65,54.74,54.48,54.65,10973846
1493904600,54.79,55.36,54.74,55.07,11587680
1493991000,55.22,55.28,55.05,55.22,8539495
1494250200,55.26,55.26,55.085,55.2,5323425
1494336600,55.18,55.275,54.91,55,7256877
1494423000,55.03,55.11,54.96,55.04,5232283
1494509400,54.97,55.12,54.88,55.12,5058934
1494595800,55.07,55.105,54.93,54.96,5478808
1494855000,54.93,55.2,54.93,55.14,7303665
1494941400,55.31,55.3866,55.05,55.09,4797112
1495027800,55,55.2,54.86,55.01,14021743
1495114200,55.03,55.18,54.87,55.05,7906570
1495200600,55.07,55.45,54.99,55.35,6277618
1495459800,55.36,55.74,55.35,55.66,7101778
1495546200,55.74,55.98,55.69,55.72,7518524
1495632600,55.76,55.98,55.69,55.94,5152943
1495719000,56.02,56.435,56,56.29,6036649
1495805400,56.33,56.51,56.32,56.5,4207602
1496151000,56.38,56.53,56.29,56.48,4250927
1496237400,56.53,56.8,56.53,56.64,9780138
1496323800,56.71,57.1,56.53,57.1,23243909
1496410200,57.25,57.29,56.98,57.27,17247921
1496669400,57.2,57.36,57.03,57.33,17359552
1496755800,57.28,57.33,57.08,57.19,14846461
1496842200,57.07,57.25,57.05,57.17,10077731
1496928600,57.14,57.15,56.58,56.74,10593403
1497015000,56.7,56.83,56.52,56.67,13410191
1497274200,56.69,56.915,56.53,56.66,11442372
1497360600,56.66,56.8,56.435,56.75,9520637
1497447000,56.98,57.2299,56.91,57.11,16040224
1497533400,56.83,57.07,56.63,56.98,10361114
1497619800,56.05,56.07,55.445,55.95,26268033
1497879000,56.08,56.22,55.71,56.22,7883114
1497965400,56.27,56.3,55.985,56,7231693
1498051800,56,56.12,55.78,55.84,12517762
1498138200,55.76,55.79,55.45,55.47,7227619
1498224600,55.46,55.66,55.42,55.49,10146430
1498483800,55.66,55.89,55.61,55.71,6590516
1498570200,55.6,55.76,55.22,55.23,10585478
1498656600,55.56,55.67,55.41,55.43,10734272
1498743000,55.36,55.51,54.64,54.84,19058635
1498829400,55.05,55.145,54.925,54.94,11222574
1499088600,54.98,55.205,54.87,54.89,5782551
1499261400,54.88,55,54.79,54.85,15837003
1499347800,54.66,54.83,54.53,54.54,7942458
1499434200,54.59,54.7,54.36,54.51,9841537
1499693400,54.56,54.56,54.06,54.13,9119230
1499779800,54.18,54.2,53.86,53.98,11256392
1499866200,54.32,54.47,54.24,54.28,8100821
1499952600,54.35,54.41,54.24,54.29,10008222
1500039000,54.54,54.7984,54.52,54.72,6341071
1500298200,54.82,54.84,54.62,54.78,7902171
1500384600,54.74,54.87,54.61,54.78,5310799
1500471000,54.76,54.98,54.685,54.98,5591984
1500557400,54.94,55.16,54.84,54.99,9816651
1500643800,54.8,55.1,54.75,55.08,7772496
1500903000,55.06,55.085,54.86,54.9,9302362
1500989400,55.09,55.32,55.04,55.28,13799891
1501075800,55.29,55.41,55.1,55.27,7593978
1501162200,55.31,55.82,55.28,55.81,12859013
1501248600,55.64,55.87,54.57,55.34,18412186
1501507800,55.2,55.4466,55.185,55.32,7279311
1501594200,55.38,55.525,55.23,55.26,19015257
1501680600,55.15,55.31,54.97,55.22,17133677
1501767000,55.21,55.5,55.1,55.17,17803439
1501853400,55.14,55.32,54.94,55.02,17063732
1502112600,55.03,55.47,55.03,55.43,16853974
1502199000,55.29,55.445,55.19,55.22,9813162
1502285400,55.18,55.35,55.12,55.31,7251819
1502371800,55.17,55.34,55.06,55.08,6662766
1502458200,54.98,55.35,54.98,55.12,4928434
1502717400,55.24,55.519,55.24,55.39,10657802
1502803800,55.41,55.75,55.41,55.67,11059028
1502890200,55.7,55.94,55.7,55.86,5682844
1502976600,55.66,55.93,55.345,55.35,6725638
1503063000,55.23,55.39,55.11,55.2,6810281
1503322200,55.16,55.495,55.0001,55.4,6829335
1503408600,55.43,55.57,55.33,55.41,7129438
1503495000,55.35,55.41,55.185,55.25,5367122
1503581400,55.2,55.35,54.44,54.49,11807145
1503667800,54.7,54.89,54.635,54.67,7359198
1503927000,54.62,54.69,54.35,54.51,6204742
1504013400,54.44,54.75,54.39,54.7,6219484
1504099800,54.6,54.79,54.59,54.69,6497079
1504186200,54.73,54.81,54.65,54.71,10117345
1504272600,54.82,54.98,54.76,54.97,17904528
1504618200,54.81,55.09,54.76,55.05,20215854
1504704600,55.15,55.33,55.005,55.28,17461950
1504791000,55.32,55.44,55.18,55.36,16738124
1504877400,55.17,55.265,54.88,55.09,9158225
1505136600,55.19,55.51,55.18,55.43,9177812
1505223000,55.43,55.555,55.4,55.55,7453407
1505309400,55.5,55.78,55.5,55.58,7972349
1505395800,55.49,55.61,55.285,55.47,5817854
1505482200,55.26,55.26,54.995,55.22,12497722
1505741400,55.27,55.3899,55.14,55.3,8299356
1505827800,55.33,55.355,55,55.13,6207650
1505914200,54.98,55.05,54.33,54.6,11029247
1506000600,54.53,54.58,54.03,54.08,10398659
1506087000,54.17,54.17,53.88,53.92,11318160
1506346200,54.01,54.36,53.97,54.31,9185443
1506432600,54.37,54.52,54.25,54.44,17321438
1506519000,54.33,54.38,53.72,54.02,11657799
1506605400,53.95,54.17,53.9,54.02,7768204
1506691800,54.02,54.15,53.93,53.98,14502777
1506951000,53.98,54.2,53.84,53.88,17849974
1507037400,53.97,54.04,53.8001,53.94,20409189
1507123800,53.86,54.32,53.71,54.11,21389237
1507210200,54.29,54.4875,54.21,54.35,19005045
1507296600,54.08,54.17,53.74,53.81,7605511
1507555800,53.88,53.955,53.56,53.66,12580285
1507642200,53.88,54.27,53.82,54.13,10646464
1507728600,54.1,54.39,54.1,54.24,10316307
1507815000,54.2,54.52,54.15,54.47,8096278
1507901400,54.68,54.71,54.53,54.57,8315638
1508160600,54.51,54.62,54.49,54.59,4349599
1508247000,54.45,54.5,54.22,54.39,10375476
1508333400,54.33,54.405,54.155,54.32,4668545
1508419800,54.07,54.115,53.85,54.03,8544450
1508506200,53.93,53.96,53.73,53.9,11702607
1508765400,53.86,54.13,53.785,53.86,7326418
1508851800,53.82,53.8884,53.6001,53.67,10682309
1508938200,53.66,53.75,53.2,53.52,12213445
1509024600,53.71,53.94,53.545,53.56,14583737
1509111000,53.42,53.49,52.99,53.1,10230353
1509370200,52.98,53.03,52.61,52.65,9299808
1509456600,52.91,53.21,52.82,53.09,10824939
1509543000,53.24,53.4,53.09,53.26,7556265
1509629400,53.2,53.29,52.93,53.13,10661369
1509715800,53.16,53.305,53.08,53.14,5922420
1509978600,53.03,53.04,52.56,52.57,10731143
1510065000,52.6,53.16,52.43,53.16,9536301
1510151400,53.32,53.74,53.25,53.74,12860392
1510237800,53.5,53.91,53.46,53.73,10421255
1510324200,53.65,54.33,53.62,54.28,7993623
1510583400,54.31,54.81,54.28,54.59,7809254
1510669800,54.45,54.82,54.37,54.78,8903465
1510756200,54.61,54.66,54.16,54.2,10724836
1510842600,54.69,55.1135,54.62,54.95,11134194
1510929000,54.8,54.95,54.65,54.76,7298891
1511188200,54.67,54.88,54.65,54.7,6946926
1511274600,54.8,55.11,54.735,54.88,10383910
1511361000,54.87,54.93,54.64,54.81,10470390
1511533800,54.9,54.96,54.76,54.77,2331041
1511793000,54.74,54.895,54.72,54.8,8108867
1511879400,54.89,55.25,54.77,55.25,6985918
1511965800,55.21,55.75,55.16,55.54,14739877
1512052200,55.75,56.2,55.605,56.05,14098318
1512138600,55.93,56.21,55.33,56.19,29328699
1512397800,56.25,56.77,56.08,56.72,22771284
1512484200,56.72,56.93,56.48,56.63,22927975
1512570600,56.62,56.99,56.62,56.99,16712198
1512657000,56.89,56.915,56.41,56.44,7557540
1512743400,56.45,56.59,56.2,56.59,8695470
1513002600,56.53,56.605,56.2653,56.58,6737792
1513089000,56.61,56.805,56.4,56.59,6220156
1513175400,56.63,57.035,56.5475,56.91,11588967
1513261800,56.99,56.99,56.65,56.66,9118159
1513348200,56.57,56.96,56.57,56.88,9090857
1513607400,57,57.31,56.82,56.85,8799565
1513693800,57.07,57.18,56.9099,56.92,7888969
1513780200,56.97,57.02,56.48,56.82,13813849
1513866600,56.93,57.02,56.72,56.78,5553062
1513953000,56.86,56.955,56.8,56.87,4218648
1514298600,56.83,57.12,56.79,57,8506305
1514385000,57.08,57.2,56.91,56.99,5992589
1514471400,57.07,57.14,56.76,56.9,7291202
1514557800,56.9,57.19,56.88,56.89,5085427
1514903400,56.95,57.02,56.53,56.54,20146794
1514989800,56.63,56.72,56.47,56.52,17950422
1515076200,56.67,56.9453,56.53,56.68,15455067
1515162600,56.77,56.9667,56.635,56.93,15555076
1515421800,56.85,57.12,56.82,57.07,12890996
1515508200,57.14,57.269,56.98,56.99,8357553
1515594600,56.85,56.86,56.325,56.71,9663462
1515681000,56.82,56.82,56.525,56.63,11500832
1515767400,56.72,56.92,56.5262,56.65,7308858
1516113000,56.76,57.11,56.725,56.91,13806680
1516199400,57.1,57.77,57.05,57.56,12549652
1516285800,57.55,57.65,57.285,57.39,12423340
1516372200,57.6,58.0895,57.54,58.03,9962828
1516631400,58,58.47,57.97,58.47,7871602
1516717800,58.2,58.44,58.01,58.28,10908949
1516804200,58.43,58.47,58.12,58.4,16603484
1516890600,58.5,58.735,58.13,58.43,12144584
1516977000,58.32,58.73,58.24,58.71,6342713
1517236200,58.81,58.95,58.44,58.48,10760833
1517322600,58.08,58.58,57.94,58.09,10898141
1517409000,58.14,58.29,57.585,57.82,13960180
1517495400,57.6,57.9,57.425,57.57,14094454
1517581800,57.29,57.44,56.43,56.47,15569063
1517841000,56.23,56.57,54.39,54.42,39487472
1517927400,53.53,55.13,53.24,55.02,38881650
1518013800,54.9,55.795,54.72,54.78,17526891
1518100200,54.91,55.02,53.58,53.6,32928438
1518186600,54.01,54.1,52.66,53.71,34911995
1518445800,54.02,54.52,53.89,54.26,21013577
1518532200,54.06,54.65,54.05,54.51,11994496
1518618600,54.22,54.66,53.94,54.48,20370526
1518705000,54.68,55.38,54.45,55.38,14788934
1518791400,55.4,55.835,55.1,55.6,11591638
1519137000,55,55,54.28,54.34,16069819
1519223400,54.42,54.58,53.67,53.69,15207358
1519309800,53.8,54.23,53.73,53.83,10239219
1519396200,53.94,54.36,53.75,54.35,10321054
1519655400,54.44,54.73,54.29,54.69,10100410
1519741800,54.72,54.85,53.96,53.97,9832586
1519828200,54.29,54.32,53.41,53.41,13726422
1519914600,53.28,53.79,52.82,53.29,27808582
1520001000,53.09,53.83,52.969,53.74,25965381
1520260200,53.45,54.27,53.45,54.21,18859693
1520346600,54.23,54.3,53.82,54.25,20784273
1520433000,53.74,53.97,53.47,53.76,12592933
1520519400,53.79,54.27,53.7,54.25,10717578
1520605800,54.4,54.61,54.2,54.6,11486803
1520861400,54.62,54.91,54.4,54.5,10915661
1520947800,54.67,54.77,54.37,54.46,12406076
1521034200,54.59,54.6,53.795,53.91,13519000
1521120600,53.84,54.075,53.375,53.53,9280061
1521207000,53.23,53.5589,53.2,53.25,9629082
1521466200,53.21,53.31,52.54,52.73,10714816
1521552600,52.81,53.02,52.405,52.58,9888178
1521639000,52.29,52.5,51.82,51.93,17028492
1521725400,51.78,52.19,51.46,51.5,15584092
1521811800,51.68,51.89,50.81,50.86,15936407
1522071000,51.24,51.635,51.08,51.59,12374650
1522157400,51.68,52.1,51.33,51.56,17326794
1522243800,51.73,52.53,51.71,52.27,32397516
1522330200,52.48,52.9501,52.48,52.63,13410339
1522675800,52.47,52.57,51.11,51.34,28604775
1522762200,51.57,52.15,51.41,52.02,24860579
1522848600,51.69,53.02,51.63,52.83,28012534
1522935000,52.92,53.17,52.64,52.96,18235847
1523021400,52.8,53.225,52.16,52.42,13113405
1523280600,52.58,52.92,52.24,52.39,14686733
1523367000,52.69,52.78,52.2299,52.51,13154893
1523453400,52.36,52.675,52.3,52.41,9025223
1523539800,52.63,52.79,52.3,52.33,9843733
1523626200,52.55,52.69,52.33,52.59,8836670
1523885400,52.73,53.46,52.66,53.16,7804682
1523971800,53.3,53.41,52.99,53.28,8131299
1524058200,53.24,53.36,52.78,52.88,14496596
1524144600,52.16,52.2,51.08,51.35,23643073
1524231000,51.23,51.4,50.34,50.49,19102686
1524490200,50.53,50.58,50.2,50.43,12344903
1524576600,50.52,50.58,49.76,50.11,18771503
1524663000,50.09,50.41,49.89,50.2,19012475
1524749400,50.31,50.7,50.145,50.5,11009891
1524835800,50.39,50.94,50.34,50.77,11096099
1525095000,50.86,51.0852,50.36,50.45,13892707
1525181400,50.26,50.29,49.66,50.01,10927127
1525267800,49.87,49.92,48.92,49.03,18818933
1525354200,49.15,49.26,48.755,48.98,16634626
1525440600,48.94,49.94,48.89,49.69,13132373
1525699800,49.8,49.89,49.265,49.38,9665279
1525786200,49.27,49.32,48.96,49.18,8290789
1525872600,49.09,49.37,48.99,49.25,9228168
1525959000,49.48,49.785,49.41,49.54,10242660
1526045400,49.63,49.879,49.39,49.54,10065201
1526304600,49.61,49.7,49.44,49.52,6708106
1526391000,49.28,49.4599,49.0599,49.33,22686922
1526477400,49.48,49.8,49.41,49.68,12151302
1526563800,49.83,49.97,49.68,49.85,19572887
1526650200,49.73,49.81,49.35,49.54,15664711
1526909400,49.73,49.92,49.6,49.75,7928385
1526995800,49.84,50.09,49.57,49.66,9383838
1527082200,49.55,49.89,49.48,49.84,18136227
1527168600,49.84,49.925,49.545,49.8,9843796
1527255000,49.81,50.2,49.74,49.88,12913469
1527600600,49.7,49.99,49.55,49.77,14959287
1527687000,49.96,50.555,49.8,50.47,17628106
1527773400,50.38,50.43,49.47,49.66,18602977
1527859800,49.8,49.89,49.53,49.66,10944596
1528119000,49.76,50.13,49.76,50.07,11665232
1528205400,50.11,50.14,49.68,49.84,8980891
1528291800,49.86,49.9,49.55,49.9,12071020
1528378200,49.77,50.47,49.7,50.21,16618510
1528464600,50.23,50.86,50.23,50.83,17081511
1528723800,50.87,51.35,50.87,51.25,13199647
1528810200,51.28,51.38,51.01,51.35,11362155
1528896600,51.34,51.42,51.03,51.19,15696018
1528983000,51.25,51.32,51.06,51.28,9751280
1529069400,50.84,51.57,50.74,51.54,17276024
1529328600,51.37,51.39,50.56,50.79,21627254
1529415000,50.6,51.154,50.57,51.06,12639235
1529501400,51.21,51.22,50.885,51.11,9562522
1529587800,51.18,51.375,51.065,51.21,13272677
1529674200,51.33,51.72,51.32,51.63,9957674
1529933400,51.51,51.97,51.5,51.89,22124221
1530019800,51.9,52,51.43,51.67,14054809
1530106200,51.6,52.04,51.345,51.56,19862403
1530192600,51.44,51.68,51.36,51.56,13177374
1530279000,51.59,51.81,51.3,51.53,13019769
1530538200,51.3,51.53,50.9,51.23,13255467
1530624600,51.43,51.615,51.27,51.35,7736260
1530797400,51.57,52.09,51.47,52.06,11699894
1530883800,52.12,52.425,51.995,52.22,12335082
1531143000,52.26,52.335,51.96,52.02,15117910
1531229400,52.15,52.67,52.04,52.64,15280538
1531315800,52.58,52.63,52.29,52.47,11484604
1531402200,52.62,52.71,52.23,52.4,11002279
1531488600,52.43,52.795,52.41,52.74,14053472
1531747800,52.7,52.73,52.335,52.49,10347404
1531834200,52.46,53,52.46,52.94,14759326
1531920600,52.88,52.93,52.47,52.51,10474162
1532007000,52.17,52.77,52.07,52.54,15092767
1532093400,52.44,52.89,52.35,52.86,17895734
1532352600,52.76,52.885,52.37,52.53,13337183
1532439000,52.41,52.725,52.32,52.63,15987683
1532525400,52.7,53.07,52.59,53.03,15258420
1532611800,53.24,53.76,53.17,53.31,15129434
1532698200,53.28,53.6362,53.185,53.38,13414400
1532957400,53.24,53.45,53,53.32,12143924
1533043800,53.49,53.755,53.175,53.57,17898828
1533130200,53.41,53.5,53.03,53.12,14917607
1533216600,53.03,53.73,53,53.66,15902898
1533303000,53.79,54.55,53.75,54.29,20418728
1533562200,54.32,54.51,54.2201,54.34,13412054
1533648600,54.29,54.36,53.8233,54.01,13766118
1533735000,53.98,54.02,53.58,53.6,12591765
1533821400,53.61,53.7,53.37,53.44,8047047
1533907800,53.28,53.46,53.13,53.24,13459229
1534167000,53.33,53.44,53,53.24,8696586
1534253400,53.31,53.66,53.28,53.61,8882529
1534339800,53.45,53.865,53.145,53.83,15591007
1534426200,54.38,54.7595,54.295,54.6,15526118
1534512600,54.55,55.08,54.44,55.02,13037647
1534771800,55.09,55.31,54.93,54.99,10189552
1534858200,54.97,55.045,54.385,54.6,13806258
1534944600,54.55,54.66,54.185,54.26,13573885
1535031000,54.1,54.26,53.97,54.13,10714330
1535117400,54.1,54.21,53.895,54.06,9570526
1535376600,54.15,54.32,53.88,54.09,10631636
1535463000,54.08,54.244,53.83,53.91,12621515
1535549400,53.99,54.065,53.85,53.97,8681006
1535635800,53.89,54.065,53.69,53.8,11092511
1535722200,53.8,53.965,53.555,53.78,10472931
1536067800,53.71,53.94,53.56,53.71,9571079
1536154200,53.55,54.33,53.49,54.33,14723846
1536240600,54.31,54.51,54.125,54.48,12333786
1536327000,54.31,54.41,53.99,54.37,9247266
1536586200,54.5,54.88,54.5,54.56,8361574
1536672600,54.49,54.545,54.24,54.36,8121575
1536759000,54.36,55.11,54.33,54.99,15220029
1536845400,55.01,55.03,54.6,54.91,9746491
1536931800,54.86,54.87,54.48,54.76,8925214
1537191000,54.72,54.98,54.6,54.96,10279565
1537277400,54.91,54.93,54.51,54.73,15638469
1537363800,54.68,54.91,54.55,54.63,7791898
1537450200,54.78,55.33,54.78,55.32,11817827
1537536600,55.02,55.11,54.905,55.02,10314317
1537795800,54.83,54.95,54.135,54.18,10648724
1537882200,54.34,54.46,53.83,53.86,8319430
1537968600,54.02,54.33,53.85,53.92,10369932
1538055000,53.74,54.2,53.59,53.85,8892818
1538141400,53.79,54,53.7399,53.93,9249865
1538400600,54.01,54.0899,53.83,53.89,8725512
1538487000,53.86,54.315,53.73,54.2,9592449
1538573400,54.32,54.38,53.55,53.62,15192931
1538659800,53.47,53.5678,53.09,53.49,19963964
1538746200,53.38,53.65,53.36,53.44,13903111
1539005400,53.39,54.245,53.39,54.18,14908292
1539091800,54.2,54.315,53.93,54.06,13477212
1539178200,53.88,54.29,53.32,53.41,26121647
1539264600,53.26,53.54,51.92,52.09,44523284
1539351000,52.31,52.555,51.92,52.38,26263004
1539610200,52.23,53.08,52.23,52.7,15892032
1539696600,52.83,53.37,52.635,53.29,15468550
1539783000,53.24,53.66,53.05,53.54,15837833
1539869400,53.6,54.08,53.3,53.47,19370259
1539955800,54.08,54.85,54.08,54.69,28312362
1540215000,54.79,54.86,54.125,54.28,16645725
1540301400,53.9636,54.66,53.65,54.52,30466629
1540387800,54.56,55.52,54.4,54.75,36761859
1540474200,54.62,55.08,54.15,54.88,30018203
1540560600,54.5,54.65,53.59,53.83,39310579
1540819800,54.2,54.83,53.945,54.45,31687523
1540906200,54.82,55.58,54.68,55.53,33148141
1540992600,55.52,55.52,54.57,55.01,30135113
1541079000,55.13,55.57,54.8477,55.4,22589800
1541165400,55.4,55.47,54.625,55.11,28704131
1541428200,55.2,55.9461,55.12,55.8,19972279
1541514600,55.79,56.16,55.6,56.14,15626491
1541601000,56.37,56.48,55.87,56.46,15067237
1541687400,56.18,56.58,56.17,56.49,12890220
1541773800,56.47,57,56.47,56.82,18510894
1542033000,56.66,56.98,56.41,56.52,15950713
1542119400,56.55,56.76,56.115,56.39,23146484
1542205800,56.49,56.49,55.74,56.01,17577624
1542292200,55.82,55.92,55.39,55.92,25604689
1542378600,55.89,56.2849,55.69,56.06,15212781
1542637800,56.08,56.385,55.74,55.97,16727183
1542724200,55.8,56.08,54.89,55.04,33023203
1542810600,55.01,55.14,54.48,54.6,16604574
1542983400,54.55,55.03,54.42,54.79,8700837
1543242600,54.87,55.14,54.59,54.86,13125453
1543329000,54.77,55.37,54.74,55.35,15969471
1543415400,55.26,55.82,55.09,55.81,21973733
1543501800,55.72,56.07,55.65,55.9,13284960
1543588200,55.89,56.4,55.75,56.26,16551866
1543847400,56.46,56.46,55.73,56.31,20855748
1543933800,56.41,56.615,55.3301,55.36,27634987
1544106600,55.18,55.44,54.245,55.42,32514026
1544193000,55.37,55.5662,54.48,54.72,23139942
1544452200,55.03,55.03,53.88,54.72,44469000
1544538600,55.1,55.57,54.87,55.17,25677396
1544625000,55.51,55.68,55.07,55.1,18735225
1544711400,55.17,55.6162,55.1,55.44,16987811
1544797800,55.09,55.1582,54.372,54.5,20262678
1545057000,54.37,54.5,52.92,53.24,27324211
1545143400,53.38,53.49,52.31,52.61,27349684
1545229800,52.86,53.2756,51.86,52.1,46289639
1545316200,51.87,51.89,50.68,51.17,43414993
1545402600,50.72,51.83,50.18,50.18,38535666
1545661800,50.05,50.22,48.69,48.73,23086842
1545834600,48.83,50.09,48.33,50.09,26670627
1545921000,49.78,50.61,49.0401,50.57,35926853
1546007400,50.94,51.15,50.3719,50.57,24436663
1546266600,50.7,50.82,50.31,50.78,14959571
1546439400,50.24,50.64,49.95,50.48,20487343
1546525800,50.39,50.91,50.11,50.19,22074830
1546612200,50.52,51.26,50.41,51.26,19003481
1546871400,51.13,51.53,50.73,51.19,15146322
1546957800,51.49,51.79,51.24,51.66,28273829
1547044200,51.65,51.7001,51.06,51.18,15684516
1547130600,51.08,51.57,50.94,51.48,32431666
1547217000,51.59,51.66,51.35,51.63,11732378
1547476200,51.5,51.61,51.3,51.38,7811522
1547562600,51.37,51.94,51.34,51.89,11447704
1547649000,51.87,51.87,51.42,51.61,13484834
1547735400,51.53,51.935,51.47,51.83,10196398
1547821800,52.13,52.61,52.07,52.45,11958918
1548167400,52.31,52.41,51.55,51.97,20877708
1548253800,52.37,52.74,52.12,52.59,23804728
1548340200,52.31,52.32,51.585,51.94,17727217
1548426600,52.1,52.31,51.66,51.73,12920339
1548685800,51.62,51.97,51.445,51.95,10996666
1548772200,52.05,52.18,51.84,52.07,11500374
1548858600,52.12,52.54,52,52.42,13938822
1548945000,52.43,53.53,52.31,53.39,17886515
1549031400,53.55,53.55,53,53.22,14423443
1549290600,53.21,53.56,53.11,53.56,13367542
1549377000,53.6,53.71,53.42,53.57,11296082
1549463400,53.42,53.67,53.42,53.58,19006094
1549549800,53.35,53.58,53.17,53.54,14518998
1549636200,53.43,53.79,53.23,53.79,11100066
1549895400,53.84,53.98,53.6944,53.93,6876160
1549981800,54.04,54.51,53.96,54.35,11694050
1550068200,54.45,54.62,54.325,54.45,10809562
1550154600,53.88,54.08,53.55,53.84,11388507
1550241000,54.1,54.45,53.8405,54.35,12635410
1550586600,54.48,54.84,54.3567,54.63,19831685
1550673000,54.58,54.73,54.36,54.53,14478614
1550759400,54.44,54.8068,54.28,54.69,11712184
1550845800,54.18,54.43,54.04,54.43,24758739
1551105000,54.54,54.7,54.06,54.13,15162584
1551191400,54.16,54.39,54.035,54.16,15114394
1551277800,54.04,54.1559,53.86,54.08,10811601
1551364200,54.21,54.55,54.08,54.34,8469392
1551450600,54.5,54.52,53.85,54.24,10812214
1551709800,54.34,54.44,53.7313,54.15,10113567
1551796200,54.14,54.29,54.01,54.11,10132429
1551882600,54.1,54.245,53.795,54.03,12001072
1551969000,53.94,54.03,53.57,53.68,14336056
1552055400,53.73,53.97,53.45,53.71,12027153
1552311000,53.8,54.45,53.8,54.41,10519247
1552397400,54.42,54.62,54.3,54.43,10841806
1552483800,54.47,54.95,54.43,54.74,11135269
1552570200,54.76,54.845,54.6,54.69,8449574
1552656600,54.58,54.845,54.47,54.7,21846923
1552915800,54.71,54.89,54.64,54.78,8103717
1553002200,54.9,55.0201,54.535,54.74,13359700
1553088600,54.71,54.82,54.33,54.51,19832747
1553175000,54.41,55.23,54.41,55.15,12699410
1553261400,55.07,55.44,55,55.08,21007305
1553520600,54.98,55.33,54.85,55.19,12538026
1553607000,55.38,55.855,55.34,55.66,12808701
1553693400,55.66,55.82,55.19,55.47,12740361
1553779800,55.6,55.89,55.58,55.74,11920928
1553866200,55.84,56.165,55.69,56.11,13888766
1554125400,56.22,56.23,55.825,55.92,13799445
1554211800,55.75,55.75,55.46,55.46,13964969
1554298200,55.36,55.48,55.05,55.19,18616465
1554384600,55.23,55.485,55.18,55.4,10671335
1554471000,55.48,55.6099,55.33,55.59,9045198
1554730200,55.56,55.83,55.49,55.82,6136908
1554816600,55.69,55.78,55.51,55.75,12062346
1554903000,55.8,55.98,55.7475,55.91,7060932
1554989400,56,56.13,55.82,56.02,6444919
1555075800,56.06,56.24,55.885,56.2,7635666
1555335000,56.18,56.575,56.17,56.53,6504984
1555421400,56.63,56.73,56.32,56.54,9345071
1555507800,56.84,56.91,56.56,56.82,12720197
1555594200,57.05,57.15,56.62,56.87,10622183
1555939800,56.86,57.2,56.75,56.89,12432495
1556026200,56.86,56.93,56.6,56.71,20408437
1556112600,56.74,57.035,56.7,56.83,8221930
1556199000,56.52,56.565,56.27,56.47,9992063
1556285400,56.53,56.99,56.5,56.98,8405955
1556544600,56.95,57.08,56.87,57.05,7211008
1556631000,57.08,57.77,57.02,57.71,15965938
1556717400,57.78,57.82,57,57,11992679
1556803800,56.95,57.205,56.69,56.98,13925855
1556890200,57.25,57.54,57.16,57.41,13801294
1557149400,56.99,57.415,56.92,57.32,10100265
1557235800,57.06,57.17,56.45,56.75,20115511
1557322200,56.71,57.06,56.46,56.74,11940177
1557408600,56.5,56.78,56.19,56.62,23531637
1557495000,56.48,57.385,56.24,57.31,14029635
1557754200,56.72,56.91,56.56,56.77,13081752
1557840600,56.93,57.4266,56.84,57.04,16497829
1557927000,56.96,57.61,56.85,57.49,9681802
1558013400,57.79,58.265,57.6301,57.94,12859911
1558099800,57.62,58.075,57.61,57.75,15458746
1558359000,57.62,57.94,57.57,57.61,9496806
1558445400,57.82,57.84,57.4,57.49,8124122
1558531800,57.51,57.88,57.39,57.75,11102018
1558618200,57.53,57.75,57.41,57.73,17398019
1558704600,57.83,57.88,57.3542,57.52,9530839
1559050200,57.53,57.67,56.535,56.58,14043124
1559136600,56.36,56.37,55.88,56.17,11455050
1559223000,56.28,56.53,56.15,56.41,9770151
1559309400,55.97,56.05,55.52,55.61,13450786
1559568600,55.69,56.42,55.68,56.31,17060649
1559655000,56.66,56.83,56.4801,56.82,16547017
1559741400,57.08,57.58,56.86,57.47,15069734
1559827800,57.59,58.19,57.49,58.07,20769577
1559914200,58.27,58.86,58.27,58.63,18860802
1560173400,58.71,58.78,58.47,58.65,15341778
1560259800,58.82,58.985,58.69,58.84,18109721
1560346200,58.95,59.27,58.84,58.93,10921154
1560432600,59.07,59.24,58.72,59.06,11564631
1560519000,59.03,59.245,58.97,59.09,9726115
1560778200,59.11,59.17,58.645,58.92,8796634
1560864600,59.25,59.29,58.52,58.6,18120638
1560951000,58.56,58.96,58.27,58.84,13457174
1561037400,59.09,59.43,58.96,59.36,13566320
1561123800,58.84,59.01,58.625,58.72,15416200
1561383000,58.81,59.1,58.765,58.87,17796466
1561469400,58.88,58.96,58.67,58.84,11861741
1561555800,58.57,58.57,57.975,58,11672553
1561642200,58.08,58.16,57.775,58.11,11524922
1561728600,58.39,58.46,57.95,58.07,12409320
1561987800,58.37,58.555,58.08,58.42,12665179
1562074200,58.44,58.93,58.4,58.93,11913548
1562160600,59.01,59.715,58.96,59.66,11995833
1562333400,59.31,59.44,58.87,59.4,11008217
1562592600,59.4,59.585,59.305,59.48,9257128
1562679000,59.36,59.46,58.91,59.13,12499546
1562765400,59.34,59.66,59.29,59.51,16804866
1562851800,59.63,59.705,59.3435,59.66,12575287
1562938200,59.64,59.9676,59.64,59.83,8731980
1563197400,59.93,60.07,59.77,59.97,7212607
1563283800,59.98,60.23,59.775,59.99,13578987
1563370200,59.99,60.08,59.775,59.92,9050086
1563456600,59.99,60.5,59.775,60.32,9445260
1563543000,60.47,60.56,59.9,59.94,7460398
1563802200,60.05,60.05,59.53,59.59,7135087
1563888600,60.13,60.235,59.83,60.02,10058256
1563975000,59.93,59.98,59.545,59.62,7975850
1564061400,59.5,59.8,59.36,59.7,9469200
1564147800,59.8,60.39,59.63,60.37,14727927
1564407000,60.37,60.61,60.33,60.48,6121309
1564493400,60.72,61.02,60.52,60.66,14124035
1564579800,60.47,60.56,58.85,59.43,16826760
1564666200,59.6,60.3,59.18,59.22,30148243
1564752600,59.13,59.59,59,59.23,24368724
1565011800,58.85,59.1,57.37,57.69,26364783
1565098200,57.89,58.48,57.67,58.21,20126351
1565184600,57.96,59.11,57.35,58.89,17550845
1565271000,58.85,59.71,58.57,59.65,24011277
1565357400,59.62,59.77,58.9,59.32,10590199
1565616600,59.16,59.35,58.72,58.92,11773974
1565703000,58.88,59.855,58.78,59.59,13201453
1565789400,59.06,59.54,58.61,58.65,17281352
1565875800,59.29,59.74,59,59.53,14441875
1565962200,59.79,60.45,59.79,60.21,18294626
1566221400,60.69,60.93,60.555,60.81,13180762
1566307800,60.78,60.8499,60.1,60.15,8959335
1566394200,60.55,60.6,60.155,60.31,8735923
1566480600,60.36,60.755,60.195,60.63,7127628
1566567000,60.46,60.71,59.28,59.62,25296118
1566826200,60.02,60.41,59.78,60.36,13629835
1566912600,60.61,60.77,60,60.19,13393435
1566999000,60.17,60.77,60.06,60.77,12435730
1567085400,61.13,61.14,60.43,60.8,9657640
1567171800,61,61.15,60.525,60.72,8566987
1567517400,60.46,61.08,60.35,61.07,15570782
1567603800,61.32,61.62,61.08,61.62,12200477
1567690200,61.78,61.9199,61.15,61.24,15720085
1567776600,61.4,61.54,61.25,61.44,13904196
1568035800,61.41,61.47,61.13,61.3,27082417
1568122200,61.03,61.03,60.59,60.92,31984951
1568208600,60.9,61.1899,60.58,61.14,17422191
1568295000,61.5,61.685,61.27,61.39,18296204
1568381400,61.11,61.46,60.91,61.04,17830533
1568640600,60.75,60.81,60.32,60.45,16741202
1568727000,60.42,61.11,60.42,60.78,11683572
1568813400,60.84,60.95,60.36,60.88,10969401
1568899800,60.83,60.975,60.745,60.87,10684532
1568986200,60.64,60.78,60.32,60.32,13957878
1569245400,60.37,60.8097,60.32,60.56,8773667
1569331800,60.8,61.21,60.59,60.81,17305933
1569418200,61.07,61.15,60.67,60.85,17628501
1569504600,60.92,61.37,60.89,61.19,15581554
1569591000,61.34,61.358,60.755,61.12,14312527
1569850200,61.16,61.69,61.16,61.42,11080925
1569936600,61.45,61.62,61.01,61.26,16845914
1570023000,60.96,61.02,59.8,60.03,18672725
1570109400,60.33,60.66,59.79,60.45,21000409
1570195800,60.55,61.41,60.49,61.4,12017330
1570455000,61.26,61.34,60.84,60.9,9418609
1570541400,60.72,60.89,60.31,60.32,15290815
1570627800,60.62,60.93,60.485,60.78,8549051
1570714200,60.65,61.075,60.48,60.9,8685917
1570800600,61.13,61.21,60.72,60.84,18187231
1571059800,60.92,60.9766,60.51,60.54,7569968
1571146200,60.69,60.73,60.19,60.28,12233274
1571232600,60.33,60.405,60.13,60.34,10406311
1571319000,60.54,60.79,60.45,60.62,13211138
1571405400,60.51,60.97,60.51,60.74,9301249
1571664600,60.75,60.965,60.665,60.94,9981664
1571751000,61.38,61.415,60.93,60.96,12497014
1571837400,60.93,61.28,60.91,61.24,7599184
1571923800,61.36,61.55,61.12,61.45,9089533
1572010200,61.39,61.4,61.035,61.09,7518628
1572269400,61.09,61.31,60.825,60.97,11154157
1572355800,60.86,61.26,60.75,60.97,10072443
1572442200,61.02,61.36,60.85,61.25,7216383
1572528600,61.27,61.488,60.77,61.16,12628109
1572615000,61.27,61.38,61.02,61.15,10231960
1572877800,61.22,61.252,60.37,60.56,17082683
1572964200,60.48,60.89,60.29,60.76,17192219
1573050600,60.86,61.16,60.685,61.01,8284492
1573137000,61.08,61.09,60.6939,60.8,9437822
1573223400,60.77,60.95,60.56,60.76,7574243
1573482600,60.79,60.885,60.57,60.67,5632194
1573569000,60.76,60.87,60.59,60.87,7085094
1573655400,60.96,61.45,60.88,61.33,9508395
1573741800,61.6,61.62,61.06,61.31,8442110
1573828200,61.4,61.46,61.105,61.33,7221445
1574087400,61.27,61.99,61.27,61.65,8615497
1574173800,61.74,61.84,61.44,61.57,8560914
1574260200,61.57,61.86,61.44,61.71,11935881
1574346600,61.6,61.75,61.26,61.4,7611141
1574433000,61.45,61.49,61.06,61.3,5517052
1574692200,61.42,61.53,61.07,61.37,10396518
1574778600,61.45,61.93,61.34,61.87,7358892
1574865000,61.98,62.09,61.81,62.02,5483250
1575037800,62.04,62.14,61.88,62,3008494
1575297000,61.88,62.17,61.59,62.14,17920081
1575383400,62.02,62.09,61.62,62.04,20537424
1575469800,61.97,62.49,61.9,62.45,17369149
1575556200,62.47,62.48,62.062,62.43,13445168
1575642600,62.56,62.91,62.52,62.67,10746704
1575901800,62.63,62.88,62.6201,62.72,6898808
1575988200,62.72,62.79,62.46,62.52,7194526
1576074600,62.66,62.76,62.425,62.61,6201740
1576161000,62.62,63.02,62.43,62.56,11843823
1576247400,62.4,62.88,62.29,62.78,10158294
1576506600,62.96,63.15,62.88,63,10004622
1576593000,62.92,63.04,62.82,62.9,8005483
1576679400,63.01,63.22,62.7,62.8,5464078
1576765800,62.89,63.28,62.88,63.14,9068128
1576852200,62.82,63.36,62.78,63.1,15270570
1577111400,63.22,63.22,62.81,62.83,6006541
1577197800,62.9,62.9898,62.8101,62.91,1700093
1577370600,62.98,63.09,62.8,62.97,8638550
1577457000,63.1,63.27,63.0401,63.25,10315292
1577716200,63.14,63.24,62.83,62.92,6238572
1577802600,62.79,63.02,62.66,62.98,4985440
1577975400,63.1,63.1,62.31,62.48,14460720
1578061800,62.25,62.65,62.0851,62.38,26388928
1578321000,62.29,62.59,62.18,62.51,22541708
1578407400,62.32,62.38,61.975,62.03,15609921
1578493800,62.08,62.52,61.96,62.26,11451390
1578580200,62.45,62.71,62.3,62.7,6854496
1578666600,62.76,62.845,62.58,62.66,7410845
1578925800,62.68,63.08,62.65,63.07,9625668
1579012200,62.99,63.12,62.91,63.09,7512310
1579098600,63.04,63.67,63.01,63.54,12454341
1579185000,63.62,63.76,63.55,63.71,8048560
1579271400,63.7,63.96,63.62,63.82,14902841
1579617000,63.73,64.07,63.51,64.04,11300540
1579703400,64.06,64.24,64.04,64.09,8046512
1579789800,63.88,64.2,63.64,64.03,14563298
1579876200,64.08,64.16,63.39,63.59,11935126
1580135400,63.05,63.69,63.01,63.39,8748391
1580221800,63.43,63.6573,63.37,63.47,7899538
1580308200,63.52,63.57,63.15,63.15,8300775
1580394600,63.18,63.95,63.14,63.9,13824814
1580481000,63.93,64.21,63,63.18,15280045
1580740200,63.41,63.65,63.13,63.18,21797632
1580826600,63.68,63.99,63.425,63.56,14290904
1580913000,63.77,64.095,63.69,64.07,20911423
1580999400,64.14,64.52,64.01,64.18,9628492
1581085800,64.18,64.39,63.99,64.26,14849207
1581345000,64.29,64.65,64.27,64.53,7394081
1581431400,64.63,64.63,64.235,64.29,8375687
1581517800,64.37,64.385,64.125,64.26,8479023
1581604200,64.12,64.75,64.03,64.64,7950882
1581690600,64.71,64.81,64.58,64.79,5421252
1582036200,64.7,64.84,64.43,64.56,6902340
1582122600,64.57,64.74,64.46,64.49,4971272
1582209000,64.38,64.59,63.94,64.54,13397700
1582295400,64.36,64.79,64.34,64.65,10027832
1582554600,63.77,64.26,63.085,63.16,19892660
1582641000,63.2,63.505,61.805,62.02,25721459
1582727400,62.21,62.775,61.635,61.67,26066418
1582813800,61.12,61.67,59.15,59.16,39092321
1582900200,57.81,58,56.04,57.99,50978903
1583159400,58.11,61.135,58.11,61.09,27103055
1583245800,61.18,62.2,59.82,60.26,35237524
1583332200,61.11,63.25,61.03,63.22,26214329
1583418600,61.83,62.855,61.4,62.03,16556302
1583505000,60.39,61.89,59.94,61.54,24800220
1583760600,58.14,60.495,58,58.86,19126264
1583847000,60.1,60.65,57.89,60.55,28174886
1583933400,59.05,59.36,56.87,57.58,17760940
1584019800,53.89,56.71,51.91,52.17,26713965
1584106200,54.77,56.63,52.76,56.61,24835777
1584365400,51.35,55.565,50.78,52.77,27436811
1584451800,53.79,57.45,53.67,57.22,32318054
1584538200,54.75,57,53.3,55.75,35524853
1584624600,55.16,55.44,53.39,53.89,26808121
1584711000,54.04,54.06,49.955,50.4,26903720
1584970200,50.01,50.6,47.66,48.63,31822218
1585056600,50.75,51.4,49.8,51.11,28041782
1585143000,51,52.61,50.08,50.97,25526399
1585229400,51.59,54.12,51.38,53.76,25754058
1585315800,52.59,54.99,52.5,53.51,26004756
1585575000,54.03,55.76,54.03,55.6,15892759
1585661400,55.4,55.665,54.335,54.47,15203395
1585747800,52.99,54.38,52.86,53.55,11979962
1585834200,52.81,55.23,52.68,54.92,14748132
1585920600,54.7,55.515,54.465,55.35,15374067
1586179800,56.73,57.81,55.92,57.41,14835521
1586266200,58.3,58.76,56.74,56.75,22985560
1586352600,57.17,57.91,56.53,57.59,13877581
1586439000,57.75,59.02,57.61,58.13,20376084
1586784600,57.94,58.24,57.14,57.7,10679473
1586871000,58.69,60.22,58.46,60.15,17760368
1586957400,59.35,59.72,58.7601,59.2,12553358
1587043800,59.51,59.81,58.75,59.59,14486100
1587130200,60.32,60.7,59.51,60.5,12083083
1587389400,59.9,60.3199,59.26,59.31,9264086
1587475800,58.47,58.805,57.84,58.05,13021939
1587562200,58.75,58.94,58.14,58.61,15086941
1587648600,58.47,58.845,57.99,58.09,21074219
1587735000,58.43,58.9,58.23,58.71,9638607
1587994200,59.07,59.15,58.65,58.88,11024012
1588080600,59.56,59.64,58.96,59.21,13608999
1588167000,59.51,59.51,58.4,58.96,16038644
1588253400,58.79,58.82,57.92,58.26,16397060
1588339800,57.94,58.43,57.38,57.62,13023683
1588599000,57.51,57.72,57.02,57.59,11314423
1588685400,57.82,58.255,57.565,57.64,9705173
1588771800,57.74,57.9,56.96,57.01,10700161
1588858200,57.45,57.53,56.73,56.85,11203696
1588944600,57.42,58.24,57.39,58.12,13405116
1589203800,57.86,58.49,57.8013,58.04,8807213
1589290200,58.23,58.55,57.55,57.55,20587312
1589376600,57.5,57.82,56.69,57.03,12186849
1589463000,56.75,57.035,55.985,56.89,11793811
1589549400,56.88,57.56,56.675,57.39,20847888
1589808600,58.3,58.6,57.88,58.3,15214100
1589895000,58.38,58.41,57.23,57.23,15313175
1589981400,57.71,57.94,57.36,57.91,8519553
1590067800,57.82,57.83,57.15,57.27,13913917
1590154200,57.29,57.52,57.16,57.47,7216407
1590499800,58.28,58.38,57.665,57.78,10487156
1590586200,58.24,58.7,57.91,58.65,10937852
1590672600,59.1,59.495,58.85,59.17,10184564
1590759000,58.99,59.42,58.46,59.23,12891046
1591018200,59.26,59.86,59.2287,59.64,9101497
1591104600,59.74,59.83,59.34,59.8,9827924
1591191000,60.06,60.16,59.86,59.88,10155277
1591277400,59.76,60.07,59.27,59.59,8973812
1591363800,60.03,60.73,59.86,60.42,11502499
1591623000,60.43,61.1,60.22,61.07,13094203
1591709400,60.84,60.93,60.2,60.57,13735357
1591795800,60.71,60.88,60.28,60.4,9877863
1591882200,59.75,60.12,58.04,58.11,14738743
1591968600,58.91,58.92,57.615,58.12,17837453
1592227800,57.58,58.87,57.19,58.79,11366695
1592314200,59.95,60.02,58.94,59.71,10840342
1592400600,59.82,60.07,59.44,59.62,8388420
1592487000,59.35,59.99,59.2731,59.93,6022734
1592573400,60.48,60.67,59.525,59.62,10777649
1592832600,59.1,59.22,58.78,58.99,9039672
1592919000,59.38,59.59,58.84,58.9,7950967
1593005400,58.6,58.6,57.7,57.91,14343242
1593091800,57.88,58.39,57.52,58.32,12128869
1593178200,58.3,58.46,57.08,57.13,14476538
1593437400,57.5,58.32,57.45,58.21,9654292
1593523800,58.22,58.855,58.13,58.64,7379844
1593610200,58.75,59.055,58.655,58.69,7261597
1593696600,59.18,59.5708,58.87,58.99,6857203
1594042200,59.44,59.58,58.95,59.28,10091331
1594128600,58.96,60.145,58.92,59.82,8160996
1594215000,59.95,59.99,59.415,59.67,9327862
1594301400,59.59,59.75,58.86,59.2,7672545
1594387800,59.27,60.41,59.26,60.29,14142787
1594647000,60.58,60.995,59.97,60.2,10906172
1594733400,60.03,61.23,59.91,61.08,14267161
1594819800,61.39,61.86,60.94,61.13,14951357
1594906200,61.1,61.38,60.975,61.26,7770231
1594992600,61.54,61.69,61.325,61.59,6321685
1595251800,61.46,61.49,60.78,60.97,6818583
1595338200,61.4,62.1572,61.33,61.5,7847604
1595424600,61.69,62.08,61.06,61.99,7022779
1595511000,62.2,62.46,62,62.21,9467970
1595597400,62.31,62.83,61.83,62.13,6809254
1595856600,62.07,62.45,61.94,62.44,6800902
1595943000,62.42,62.9785,62.39,62.67,6699305
1596029400,62.65,62.9583,62.49,62.76,7486444
1596115800,62.61,62.98,62.32,62.76,10901714
1596202200,62.51,62.71,61.9203,62.7,10277225
1596461400,62.73,62.76,62.22,62.53,8614449
1596547800,62.44,63.33,62.33,63.31,7417357
1596634200,63.41,63.535,63,63.18,7143577
1596720600,63.03,63.285,62.92,63.17,11983731
1596807000,63.07,63.57,63,63.51,9176106
1597066200,63.58,63.97,63.44,63.84,4345637
1597152600,64.14,64.3001,63.22,63.4,8633508
1597239000,63.66,64.499,63.66,64.22,8021616
1597325400,64.08,64.36,63.99,64.17,5857118
1597411800,64.1,64.37,63.92,64.16,3776370
1597671000,64.31,64.73,64.19,64.52,5172926
1597757400,64.62,64.96,64.3307,64.78,4927298
1597843800,64.69,64.78,64.155,64.27,5871749
1597930200,63.9,64.22,63.7878,64.14,10178891
1598016600,64.06,64.385,63.865,64.3,5713949
1598275800,64.41,64.85,64.21,64.85,6978548
1598362200,65,65.05,64.43,64.71,4517276
1598448600,64.58,64.88,64.28,64.79,5375359
1598535000,64.91,65.5,64.9,65.19,8711155
1598621400,65.5,65.81,64.88,65.77,6868207
1598880600,65.53,65.77,65.315,65.58,7661174
1598967000,65.57,65.675,65.13,65.65,9723064
1599053400,65.95,67.105,65.85,66.84,11174358
1599139800,67,67.61,65.205,65.69,26304590
1599226200,65.88,66.15,64.73,65.54,15604922
1599571800,65.38,65.51,63.89,64.16,16316979
1599658200,64.53,65.725,64.41,65.09,12848573
1599744600,65.09,65.27,64.15,64.29,11060570
1599831000,64.49,64.96,64.19,64.65,10212541
1600090200,64.97,65.37,64.78,65.07,6397036
1600176600,65.23,65.46,64.89,64.98,5672885
1600263000,65.26,65.43,64.63,64.69,7270728
1600349400,64.15,64.62,63.82,64.28,10108734
1600435800,64.38,64.47,63.25,63.69,9988926
1600695000,62.88,63.07,62.11,62.83,11326358
1600781400,62.87,63.51,62.805,63.2,7148633
1600867800,63.4,63.56,62.1801,62.25,7016242
1600954200,62.25,63.04,61.83,62.71,9141823
1601040600,62.39,63.11,62.2473,63.04,7432117
1601299800,63.56,64.11,63.53,63.75,6077639
1601386200,63.78,63.9266,63.21,63.33,8150441
1601472600,63.59,64.5,63.56,64.1,8284207
1601559000,64.47,64.61,63.91,64.46,9262892
1601645400,63.82,64.39,63.605,64.1,7462540
1601904600,64.25,64.615,64.15,64.53,4501173
1601991000,64.68,64.93,63.92,64.11,6552484
1602077400,64.48,65.07,64.35,64.8,8073123
1602163800,65.09,65.29,64.82,65.23,6659207
1602250200,65.49,66.03,65.41,65.74,7894034
1602509400,66.02,66.845,65.98,66.5,8685591
1602595800,66.3,66.65,66.14,66.45,7505697
1602682200,66.44,66.7117,65.84,66.11,6566256
1602768600,65.63,66.325,65.57,66.15,6649980
1602855000,66.35,66.71,66.15,66.17,6701213
1603114200,66.17,66.45,65.13,65.31,7733956
1603200600,65.95,66.08,65.11,65.24,7659686
1603287000,65.17,65.67,65.14,65.3,7013914
1603373400,65.31,65.49,64.96,65.27,7779561
1603459800,65.5,65.65,65.19,65.39,5093601
1603719000,64.89,65.02,63.9817,64.55,9352039
1603805400,64.59,64.94,64.345,64.38,5331369
1603891800,63.46,63.79,62.43,62.5,10980604
1603978200,62.34,63.1,61.715,62.48,8942690
1604064600,62.24,62.54,61.49,62.26,10093310
1604327400,63.15,63.54,62.76,63.25,10935089
1604413800,63.89,64.875,63.81,64.29,20578757
1604500200,64.65,65.405,64.24,64.32,25605874
1604586600,65.07,65.3999,64.61,64.79,13919339
1604673000,64.89,65.42,64.805,65.09,12703581
1604932200,66.64,67.28,64.85,64.94,15142823
1605018600,64.93,66.4,64.88,66.22,15134568
1605105000,66.6,67.075,66.15,66.79,10382144
1605191400,66.61,66.79,66.05,66.61,8945870
1605277800,66.86,67.617,66.66,67.53,6167265
1605537000,68.15,68.18,67.63,68.15,12956031
1605623400,67.64,68.065,67.47,67.67,8148092
1605709800,67.77,68.0076,66.73,66.74,7607802
1605796200,66.56,67.02,66.395,66.92,8830197
1605882600,66.82,67.11,66.44,66.5,4663421
1606141800,66.62,66.7194,66.114,66.52,5825336
1606228200,66.92,67.2,66.77,66.97,6064942
1606314600,66.94,67.2,66.84,66.93,5245413
1606487400,67.1,67.1,66.72,66.92,3228570
1606746600,66.75,66.98,66.23,66.91,11582087
1606833000,67.21,67.57,67.08,67.5,12126239
1606919400,67.27,67.59,66.72,66.94,11392184
1607005800,66.77,67.23,66.76,67.11,10951368
1607092200,67.17,67.64,67.09,67.63,11055789
1607351400,67.5,67.61,67.05,67.37,9466348
1607437800,67.13,67.88,66.985,67.74,7090952
1607524200,67.84,67.87,67.29,67.47,10420075
1607610600,67.45,67.62,67,67.17,5723441
1607697000,66.91,67.505,66.89,67.32,5000806
1607956200,67.65,67.905,67.04,67.06,6663423
1608042600,67.35,67.545,67.135,67.22,6121300
1608129000,67.27,67.67,67.11,67.35,10505527
1608215400,67.59,67.86,67.57,67.78,4673406
1608301800,67.88,68.08,67.405,67.93,6980529
1608561000,66.62,66.7733,65.945,66.64,8255571
1608647400,66.61,66.61,66.06,66.17,9107878
1608733800,66.37,66.645,66.235,66.39,4302588
1608820200,66.44,66.7577,66.28,66.72,1954906
1609165800,66.97,67.45,66.9,67.25,6315355
1609252200,67.42,67.605,66.88,67.05,4993578
1609338600,67.13,67.21,66.9,66.98,7359939
1609425000,67.05,67.55,66.715,67.45,6062326
1609770600,67.42,67.4425,65.92,66.72,12992627
1609857000,66.62,66.865,66.1,66.72,10871674
1609943400,66.59,67.1,66.48,66.77,14206565
1610029800,66.82,66.98,66.3,66.57,13963536
1610116200,66.62,66.96,66.25,66.9,17960849
1610375400,66.53,66.97,66.215,66.33,9648777
1610461800,66.33,66.48,65.83,66.11,11089458
1610548200,66.04,66.46,66.01,66.21,8336325
1610634600,66.27,66.3,65.78,65.86,11549048
1610721000,65.62,65.92,65.36,65.63,13260265
1611066600,65.85,65.98,65.285,65.34,8130500
1611153000,65.32,65.62,64.88,65.46,10700712
1611239400,65.355,65.41,65.13,65.24,8461251
1611325800,65.19,65.475,64.92,65.07,8329329
1611585000,64.87,65.945,64.84,65.72,17486199
1611671400,65.8,66.44,65.5,66.31,9304200
1611757800,65.94,66.83,65.03,65.19,17826773
1611844200,65.32,66.17,65.13,65.44,19925859
1611930600,65.19,65.21,64.06,64.09,19374812
1612189800,64.36,64.5,63.94,64.15,13283499
1612276200,64.4,65.1,64.21,64.58,13278384
1612362600,64.43,64.835,64.245,64.68,9542039
1612449000,64.74,65.165,64.6,65.15,7292368
1612535400,65.55,65.9577,65.52,65.76,8889285
1612794600,65.97,66.16,65.58,66.01,9411036
1612881000,66.02,66.185,65.77,65.95,12345518
1612967400,66.26,66.41,65.73,65.88,6957185
1613053800,65.95,65.97,65.49,65.59,7478235
1613140200,65.53,65.765,65.365,65.69,7131815
1613485800,65.81,65.86,65.34,65.57,9246566
1613572200,65.32,65.945,65.24,65.81,8887385
1613658600,65.22,65.9365,65.17,65.77,7465429
1613745000,65.82,65.83,64.88,64.94,10242121
1614004200,64.77,65.17,64.64,65,8649582
1614090600,65.21,65.64,64.86,65.09,12742995
1614177000,64.92,65.26,64.73,65.05,9103992
1614263400,64.95,65.32,64.202,64.34,17558542
1614349800,64.47,64.47,63.28,63.3,17718477
1614609000,63.75,64.46,63.73,63.94,11264333
1614695400,63.87,64.32,63.8,63.83,12942448
1614781800,63.66,64.025,63.49,63.53,13450882
1614868200,63.66,64.43,62.99,63.3,25967478
1614954600,63.57,64.89,63.325,64.7,21719456
1615213800,64.72,65.67,64.61,64.98,18946972
1615300200,65.2,65.51,64.87,64.92,17259567
1615386600,64.97,66.055,64.76,65.77,15827666
1615473000,65.84,66.04,65.54,65.61,12386463
1615559400,65.85,66.235,65.795,66.15,10518244
1615815000,66.388,66.5,66.04,66.44,8384558
1615901400,66.36,66.73,66.36,66.52,13550248
1615987800,66.55,66.82,66.195,66.42,12254152
1616074200,66.25,66.52,65.83,66.15,14495554
1616160600,66.22,66.5598,66.06,66.38,20807120
1616419800,65.91,66.76,65.86,66.72,14496857
1616506200,66.71,67.31,66.53,67,13216342
1616592600,66.84,67.17,66.585,66.74,15831102
1616679000,66.83,67.47,66.5,67.39,14763964
1616765400,67.47,68.62,67.275,68.58,15098162
1617024600,68.38,69.335,68.35,69.27,11857274
1617111000,69.14,69.21,68.4,68.53,14042732
1617197400,68.5,68.78,68.16,68.31,18241132
1617283800,68.04,68.33,67.53,67.98,21191774
1617629400,68.27,69.22,68.15,68.85,20092997
1617715800,68.73,69.4,68.68,69.14,19302195
1617802200,69.26,69.35,68.88,68.97,20763858
1617888600,68.94,69.18,68.86,69.04,10244788
1617975000,69.05,69.205,68.5,68.92,7020455
1618234200,69.01,69.3,68.915,69.29,10117926
1618320600,68.99,69.18,68.83,68.92,11982803
1618407000,68.88,68.96,68.57,68.86,12087520
1618493400,69.02,69.52,69.02,69.41,7714920
1618579800,69.7,69.95,69.43,69.81,7810039
1618839000,69.82,69.96,69.32,69.54,10867366
1618925400,69.05,70.14,68.95,69.92,13168950
1619011800,70,70.47,70,70.27,10794944
1619098200,70.15,70.19,69.6,69.75,10762899
1619184600,69.61,69.79,69.29,69.57,9133794
1619443800,69.53,69.53,68.69,68.79,8750052
1619530200,68.75,68.885,68.44,68.74,10078892
1619616600,69.02,69.18,68.71,68.79,7925308
1619703000,68.76,69.63,68.76,69.52,9202883
1619789400,69.52,69.61,69.24,69.58,10784797
1620048600,69.73,70.41,69.66,70.15,12671491
1620135000,70,70.2685,69.57,69.79,11147284
1620221400,69.77,69.87,69.45,69.74,8726230
1620307800,69.87,70.66,69.87,70.64,10192046
1620394200,70.53,70.855,70.3597,70.64,9841789
1620653400,70.94,71.64,70.88,71.18,10558652
1620739800,71.21,71.36,70.24,70.56,14385702
1620826200,70.4,70.48,69.61,69.62,13223132
1620912600,69.61,70.92,69.53,70.6,18497984
1620999000,70.87,71.335,70.83,70.91,9672566
1621258200,70.95,71.255,70.66,70.81,10705805
1621344600,70.89,71.17,70.55,70.59,11169175
1621431000,70.25,70.46,69.86,70.36,13709689
1621517400,70.37,71.26,70.33,71.01,11336452
1621603800,71.19,71.48,70.89,71.02,7779569
1621863000,71.11,71.48,70.97,71.23,6535992
1621949400,71.28,71.31,70.82,71.25,8271854
1622035800,71.29,71.36,70.965,71.1,10622576
1622122200,71.22,71.45,70.59,70.66,12693907
1622208600,70.77,71.105,70.76,70.81,8476372
1622554200,71.08,71.26,70.33,70.57,8894050
1622640600,70.67,70.955,70.5,70.83,6411362
1622727000,70.62,71.33,70.62,71.27,9409968
1622813400,71.48,71.685,71.29,71.52,6078231
1623072600,71.53,71.62,71.08,71.4,7307053
1623159000,71.42,71.51,70.785,70.8,8545311
1623245400,70.67,71.02,70.44,70.46,8273863
1623331800,70.59,71.075,70.56,70.9,8213077
1623418200,71.04,71.07,70.6,70.94,6232513
1623677400,70.88,70.92,70.465,70.9,10449377
1623763800,70.96,71.12,70.664,70.73,5151605
1623850200,70.75,70.83,69.77,69.79,10507098
1623936600,69.8,70.19,69.61,70.04,9239730
1624023000,69.56,69.65,68.78,68.8,16882484
1624282200,68.76,69.21,68.72,69.14,14278434
1624368600,69.15,69.53,69.0417,69.24,8351059
1624455000,69.18,69.19,68.81,68.81,7072865
1624541400,68.83,69.23,68.77,69.15,6343771
1624627800,69.19,69.76,69.065,69.68,9241292
1624887000,69.73,69.93,69.585,69.74,7570632
1624973400,69.78,69.9,69.32,69.43,13155421
1625059800,69.58,70.0592,69.55,69.97,8815138
1625146200,70,70.17,69.65,69.76,11633080
1625232600,69.92,70.14,69.83,69.93,20733310
1625578200,69.77,69.8,69.31,69.64,7595657
1625664600,69.62,70.275,69.61,70.01,7880556
1625751000,69.68,70.06,69.48,69.75,9212884
1625837400,70.02,70.275,69.88,70.15,6287124
1626096600,70.03,70.14,69.771,70.04,7384238
1626183000,70.02,70.45,69.875,70.02,12057924
1626269400,70.11,70.74,70.01,70.64,7616097
1626355800,70.53,70.94,70.325,70.93,8662510
1626442200,71.05,71.31,70.95,71.04,8634370
1626701400,70.8,71.27,70.2,70.83,20734492
1626787800,70.82,71.54,70.66,70.85,20405246
1626874200,71.18,71.235,70.65,70.67,9366680
1626960600,70.49,70.74,70.1,70.55,9632121
1627047000,70.57,71.49,70.47,71.4,9732614
1627306200,71.29,71.63,71.115,71.52,5952169
1627392600,71.5,71.98,71.27,71.67,14720771
1627479000,71.5,71.59,70.89,71.04,9114115
1627565400,71.3,71.5899,71.23,71.39,8811096
1627651800,71.5,71.88,71.4,71.51,10403736
1627911000,71.51,71.58,71.13,71.21,12050103
1627997400,71.23,71.66,71.06,71.53,8647748
1628083800,71.28,71.46,70.55,70.6,8886513
1628170200,70.97,71.09,70.765,70.94,7063013
1628256600,71.1,71.23,70.81,70.94,13492349
1628515800,71.17,71.32,71.005,71.2,9055182
1628602200,71.34,71.74,71.22,71.71,11291745
1628688600,71.89,72.24,71.83,71.95,14992786
1628775000,71.99,72.04,71.78,71.91,6432131
1628861400,72,72.58,71.89,72.51,8808600
1629120600,72.51,72.95,72.38,72.93,7903158
1629207000,72.8,73.25,72.63,72.97,15666042
1629293400,72.83,72.945,72.01,72.06,10669391
1629379800,71.74,72.785,71.7,72.64,13035570
1629466200,72.63,73.05,72.36,72.76,10454479
1629725400,72.77,72.9,72.5,72.53,8794517
1629811800,72.49,72.51,71.88,71.98,8494246
1629898200,71.93,72.03,71.61,71.86,8007585
1629984600,71.76,71.81,71.29,71.53,13077963
1630071000,71.6,71.905,71.365,71.78,9126224
1630330200,71.8,72.165,71.7299,72.1,5645819
1630416600,72.16,72.34,71.98,72.26,8037108
1630503000,72.32,72.71,72.195,72.64,8399323
1630589400,72.79,73.04,72.66,72.92,6623255
1630675800,72.7,72.935,72.49,72.83,6011766
1631021400,72.71,72.71,71.94,71.99,9206272
1631107800,71.9,72.69,71.86,72.61,10662931
1631194200,72.54,72.56,72.12,72.19,7741475
1631280600,72.33,72.36,71.74,71.88,10270187
1631539800,72.16,72.68,71.8875,72.06,13798064
1631626200,72.24,72.29,71.61,71.73,9145485
1631712600,71.73,72.115,71.56,71.99,8824670
1631799000,71.9,72.12,71.15,71.75,9789850
1631885400,71.56,71.82,71.35,71.36,13149976
1632144600,70.43,70.84,69.67,70.21,17880715
1632231000,70.41,70.97,69.995,70.13,11140503
1632317400,70.59,70.77,70.19,70.33,10026007
1632403800,70.43,70.91,70.36,70.59,8440457
1632490200,70.49,70.93,70.49,70.62,6717401
1632749400,70.51,70.84,70.24,70.3,8467099
1632835800,70.11,70.1901,69.22,69.47,14982977
1632922200,69.61,70.46,69.46,70.1,13329570
1633008600,70.27,70.33,68.81,68.84,16260419
1633095000,69.05,69.35,68.37,69.02,15889231
1633354200,69,69.49,68.32,68.8,20351648
1633440600,68.97,69.455,68.82,69.15,16186326
1633527000,68.79,69.89,68.71,69.82,14910182
1633613400,70.17,70.75,70.075,70.13,8396819
1633699800,70.18,70.34,69.92,70.05,7285705
1633959000,70.16,70.41,69.97,70.03,8218354
1634045400,70.09,70.6,69.905,70.06,12401220
1634131800,70.13,70.38,69.585,70.19,9548277
1634218200,70.45,71.09,70.4,70.98,9975213
1634304600,71.22,71.245,70.605,70.81,11575233
1634563800,70.5,70.72,70.02,70.39,10043296
1634650200,70.27,70.43,69.93,70.42,10203062
1634736600,70.49,71.07,70.43,70.83,8829799
1634823000,70.93,70.9867,70.66,70.74,7976583
1634909400,70.88,71.4,70.82,71.29,9575787
1635168600,71.24,71.395,70.74,71.24,6844587
1635255000,71.25,71.67,71.2,71.49,8805735
1635341400,71.86,71.91,71.04,71.07,10335096
1635427800,71.09,71.35,70.97,71.32,8614806
1635514200,71.14,71.53,71.07,71.25,8105319
1635773400,71.4,71.52,71.105,71.36,7033899
1635859800,71.4,72,71.19,71.84,9942655
1635946200,71.85,72.51,71.8,72.51,10471142
1636032600,72.25,72.643,72.06,72.58,11701782
1636119000,72.86,73.12,72.72,73,9929095
1636381800,73.03,73.08,72.08,72.42,12813578
1636468200,72.44,72.74,72.2,72.67,13527563
1636554600,72.74,73.08,72.605,72.89,11350551
1636641000,72.94,72.98,72.67,72.84,6319124
1636727400,72.99,73.18,72.72,72.84,7469917
1636986600,72.97,73.265,72.83,73.19,6381465
1637073000,73.14,73.38,72.7,72.73,6562151
1637159400,72.66,72.795,72.445,72.57,10444910
1637245800,72.38,72.48,71.9647,72.31,11270219
1637332200,72.47,72.49,72.01,72.05,11924034
1637591400,72.14,73.12,72.06,72.62,13425797
1637677800,72.63,73.22,72.51,73.1,13405650
1637764200,73,73.11,72.5499,72.88,9556367
1637937000,72.39,72.72,71.7,71.96,11715564
1638196200,72.04,72.42,71.68,72.14,13646622
1638282600,71.69,71.75,70.14,70.29,23715133
1638369000,70.77,71.3601,69.92,69.95,22902452
1638455400,70.19,71.14,70.19,70.69,18704007
1638541800,71.08,71.68,70.87,71.57,22867553
1638801000,72.08,73.1,72.07,72.83,18524398
1638887400,72.95,73.35,72.81,72.99,13169467
1638973800,72.87,73.19,72.14,72.76,14489774
1639060200,72.75,73.22,72.44,72.96,8613861
1639146600,73.39,74.24,73.255,74.19,10889958
1639405800,74.17,75.39,74.06,75.16,16518053
1639492200,75.01,75.33,74.7201,75.21,16048344
1639578600,75.22,76.06,75.195,75.97,21276952
1639665000,75.91,76.78,75.895,76.51,14498964
1639751400,76.24,76.62,75.16,75.2,23809878
1640010600,74.12,74.745,74.03,74.71,14116653
1640097000,74.71,74.76,74.17,74.61,11872071
1640183400,74.58,75.11,74.285,75.08,7650200
1640269800,75.26,75.505,75.135,75.25,8089032
1640615400,75.3,76.05,75.3,76.05,7343188
1640701800,75.96,76.555,75.96,76.48,7285332
1640788200,76.56,77.015,76.43,76.83,7891629
1640874600,77.02,77.1,76.535,76.59,6802853
1640961000,76.54,77.23,76.5,77.11,11288954
1641220200,76.66,77.14,76.02,77.1,22320270
1641306600,77.08,77.865,77.05,77.62,23066025
1641393000,77.52,78.18,77.49,77.55,29748494
1641479400,77.5,77.98,77.23,77.34,25023939
1641565800,77.22,77.719,77.0104,77.42,12650260
1641825000,77.3,77.46,76.56,76.81,18578272
1641911400,76.73,76.79,75.875,76.72,19571756
1641997800,76.67,76.81,76.39,76.75,11155243
1642084200,76.83,77.05,76.58,76.89,14287366
1642170600,76.7,77.13,76.35,77.03,21391719
1642516200,76.46,76.48,75.68,75.92,16684336
1642602600,76.06,76.925,76.038,76.4,18518492
1642689000,76.33,76.98,75.835,75.9,15677902
1642775400,76.28,76.93,75.8361,75.96,25270618
1643034600,75.66,76.16,74.11,75.71,35520550
1643121000,75.05,75.305,73.97,74.87,28638455
1643207400,74.64,75.31,73.855,74.3,33222240
1643293800,74.89,75.98,74.505,74.8,23821391
1643380200,74.41,75.72,73.76,75.68,25111502
1643639400,75.22,76.04,75.05,75.97,15453029
1643725800,75.97,76.14,75.12,75.9,15621141
1643812200,75.98,76.925,75.91,76.81,13630426
1643898600,76.46,77.21,76.345,76.83,14414670
1643985000,76.31,76.67,75.46,75.89,17939700
1644244200,76.19,76.4,75.59,76.03,10949447
1644330600,76.21,76.53,75.91,76.32,11472902
1644417000,76.69,76.86,76.21,76.34,14899285
1644503400,75.92,76.27,75.245,75.52,19828502
1644589800,75.74,76.02,75.0311,75.25,18498403
1644849000,75.25,75.53,74.04,75.04,23550827
1644935400,75.49,75.97,74.82,75.17,12300393
1645021800,75.13,75.58,74.585,75.31,13507754
1645108200,75.12,76.1,74.9,75.89,12873541
1645194600,75.83,76.32,75.58,76.03,16470132
1645540200,76.09,76.15,74.96,75.44,21545843
1645626600,75.69,75.73,74.73,74.83,15134257
1645713000,73.84,74,72.19,73.54,30125661
1645799400,73.97,76.02,73.94,75.91,21141593
1646058600,74.78,75.21,74.09,74.9,20975349
1646145000,74.7,75.31,74.055,74.46,18750304
1646231400,74.48,75.59,74.38,75.25,18934983
1646317800,75.58,76.31,75.515,75.86,19576471
1646404200,75,76.03,74.71,75.87,22081363
1646663400,75.46,75.79,74.4,74.49,20057306
1646749800,74.57,74.755,72.43,72.48,29710386
1646836200,73.61,73.625,72.655,72.97,18254234
1646922600,72.45,72.73,71.6,72.28,21892496
1647009000,72.54,72.94,71.34,71.44,14276506
1647264600,71.89,72.54,71.43,71.82,18438859
1647351000,72.47,73.52,72.3,73.43,17078070
1647437400,73.61,73.89,72.455,73.51,18783201
1647523800,73.46,74.15,73.285,74.02,14484621
1647610200,74.09,74.26,73.53,74.19,20278562
1647869400,74.04,74.61,73.54,73.95,17659167
1647955800,74.5,74.645,73.87,74.5,11667376
1648042200,74.59,74.78,73.83,73.9,14027765
1648128600,74.2,74.4453,73.95,74.42,9458792
1648215000,74.6,75.185,74.53,75.04,12508507
1648474200,75.07,75.35,74.63,75.35,11602568
1648560600,75.94,76.16,75.34,76.02,16595130
1648647000,75.72,76.08,75.4,76.07,13367526
1648733400,75.98,76.35,75.76,75.89,12388517
1648819800,76.03,76.735,75.735,76.65,12643956
1649079000,76.52,76.52,75.54,76.41,9618395
1649165400,76.06,77.27,76.06,76.48,12717155
1649251800,76.48,77.55,76.15,77.45,23849593
1649338200,77.71,78.56,77.49,78.39,18311502
1649424600,78.6,78.96,78.245,78.72,13879445
1649683800,78.86,79.12,78.25,78.4,18229905
1649770200,78.41,78.96,78.135,78.42,19804785
1649856600,78.36,78.965,78.35,78.86,11715719
1649943000,78.99,79.39,78.79,78.84,12195559
1650288600,78.66,78.95,77.965,78.19,11426673
1650375000,78.22,79.49,78.15,79.38,12814184
1650461400,79.82,80.75,79.77,80.57,21659592
1650547800,80.73,81.34,80.44,80.5,18501822
1650634200,80.69,80.79,79.17,79.24,19747884
1650893400,79.49,79.83,78.18,79.59,30868248
1650979800,79.47,79.8501,78.34,78.36,26864520
1651066200,78.53,79.47,78.32,78.65,29441663
1651152600,78.76,79.9,78.35,79.81,22128498
1651239000,79.41,79.53,77.54,77.64,27802853
1651498200,78.18,78.29,75.49,76.62,55145075
1651584600,76.49,77.12,75.9,76.4,47646908
1651671000,76.43,78.23,76.2,78.12,37161586
1651757400,77.7,77.88,76.0702,76.64,32186055
1651843800,76.36,77.11,75.975,76.72,34046906
1652103000,76.13,77.37,75.77,76.69,33323773
1652189400,77.08,77.33,75.85,76.16,32511168
1652275800,76.25,77.11,75.765,75.83,30110114
1652362200,75.98,76.36,75,75.81,29049703
1652448600,76.19,77.01,75.73,76.95,15405428
1652707800,76.9,77.645,76.57,77.3,14613712
1652794200,77.03,77.23,75.992,76.77,20637155
1652880600,75.93,75.96,71.6,71.83,40188903
1652967000,71.43,71.45,70.08,70.55,38772025
1653053400,70.95,70.968,69.575,70.7,26184985
1653312600,71.48,72.42,71.27,72.16,17711123
1653399000,71.99,73.45,71.87,73.34,23272422
1653485400,73.2,73.57,72.74,73.36,16647243
1653571800,73.7,74.52,73.58,74.14,16580542
1653658200,74.25,75,74.12,75,16921336
1654003800,74.6,74.96,73.695,74.47,19212303
1654090200,74.57,74.63,73.005,73.5,17552234
1654176600,73.67,74.57,72.46,74.57,17618503
1654263000,74.26,74.55,73.63,73.82,9750326
1654522200,74.33,74.555,73.595,73.85,10924278
1654608600,72.89,74.34,72.89,74.24,9070421
1654695000,73.82,73.9873,73.28,73.33,7896633
1654781400,73.26,73.975,72.205,72.23,9442193
1654867800,71.34,72.49,70.97,71.92,17720473
1655127000,70.85,71.34,70.08,70.37,22813158
1655213400,70.35,70.67,69.04,69.54,19864775
1655299800,70.03,70.59,68.83,69.61,20069317
1655386200,68.66,69.61,68.22,69.08,19017076
1655472600,69.2,69.58,68.52,68.83,24825417
1655818200,69.13,70.335,68.8,70.14,16147172
1655904600,69.79,70.57,69.52,70.09,15207223
1655991000,70.57,71.515,70.5,71.45,16570694
1656077400,72.08,72.88,71.815,72.85,13436969
1656336600,72.92,73.04,72.445,72.65,10936489
1656423000,72.86,73.32,71.62,71.68,11004296
1656509400,71.96,72.425,71.79,72.13,9230621
1656595800,71.76,72.495,71.3302,72.18,12670600
1656682200,72.2,73.27,72.08,73.22,11664106
1657027800,72.73,72.9801,71.58,72.75,12828763
1657114200,73.02,73.47,72.73,72.96,11768055
1657200600,72.9,73.15,72.6,73.03,8476258
1657287000,73.06,73.48,72.665,72.9,10732544
1657546200,72.81,73.3,72.55,72.8,7172507
1657632600,72.9,73.55,72.33,72.59,11032428
1657719000,72.17,73.285,71.99,72.64,13851601
1657805400,71.71,72.81,71.695,72.7,10801733
1657891800,73.18,73.41,72.645,72.94,9300300
1658151000,73.07,73.19,72.1,72.23,8473577
1658237400,72.83,73.125,72.625,72.99,8729080
1658323800,73.07,73.14,72.1231,72.5,10232158
1658410200,72.36,72.89,72.15,72.72,11944794
1658496600,72.88,73.405,72.77,73.2,9369807
1658755800,73.29,73.73,73.14,73.56,8157474
1658842200,72.89,73.495,72.645,73.39,9764234
1658928600,73.25,74.1,72.695,73.89,10995557
1659015000,73.94,75.225,73.81,75.07,9372002
1659101400,74.21,74.61,74.01,74.49,13199059
1659360600,74.39,75.66,74.36,75.42,13150520
1659447000,75.37,75.51,74.71,74.82,10632744
1659533400,74.84,75.46,74.53,75.31,12808570
1659619800,75.14,75.345,74.505,74.81,11983556
1659706200,74.44,74.69,73.94,74.64,7125722
1659965400,74.93,75.16,74.42,74.6,6966070
1660051800,74.71,74.82,74.35,74.49,8086277
1660138200,75.2,75.27,74.78,75.04,11262253
1660224600,75.36,75.5956,74.69,74.86,8959652
1660311000,75.09,75.51,74.7999,75.51,11094609
1660570200,75.47,76.3401,75.35,76.26,10207219
1660656600,76.54,77.4,76.48,77.12,12312584
1660743000,76.8,77.2,76.71,76.9,9667715
1660829400,76.78,77.27,76.695,77.16,5777663
1660915800,76.92,77.28,76.773,76.91,6456485
1661175000,76.68,76.7,76,76.13,7113667
1661261400,75.85,75.91,75.47,75.8,10183480
1661347800,75.93,76.15,75.6699,75.99,8061857
1661434200,76.02,76.34,75.66,76.34,6105129
1661520600,76.38,76.475,74.36,74.45,11212541
1661779800,74.01,74.7463,73.815,74.33,13214253
1661866200,74.47,74.47,73.37,73.56,10316672
1661952600,73.79,73.92,73.11,73.11,10397814
1662039000,72.86,73.68,72.585,73.52,15968221
1662125400,74.08,74.37,72.33,72.56,15846738
1662471000,72.6,73.18,72.05,72.15,21871799
1662557400,72.38,73.54,72.32,73.45,19632256
1662643800,73.09,73.54,72.4,73.26,14843912
1662730200,73.45,74.475,73.18,73.98,18139028
1662989400,74.04,74.515,73.94,74.27,8680018
1663075800,73.65,73.75,71.59,71.79,12940792
1663162200,72.01,72.1,71.34,71.76,12291507
1663248600,71.72,71.79,70.975,71.16,11234718
1663335000,70.91,71.41,70.895,71.33,13452587
1663594200,70.6,71.39,70.6,71.34,9370429
1663680600,70.87,71.11,70.4,70.95,9169943
1663767000,71.38,72.08,70.64,70.68,14189602
1663853400,70.74,71.06,70.45,70.58,10428448
1663939800,70.19,70.19,68.655,69.38,15909499
1664199000,69.23,70.03,69.0975,69.43,11637977
1664285400,69.77,70.15,68.095,68.23,17159282
1664371800,68.54,69.385,67.94,69.05,14259204
1664458200,68.89,69.03,67.49,67.91,13508239
1664544600,68.08,68.19,66.6827,66.73,13427409
1664803800,67.21,68.05,66.84,67.88,12703306
1664890200,68.29,69.265,68.275,68.91,13366359
1664976600,68.55,68.875,67.7877,68.51,10596111
1665063000,68.49,68.61,67.36,67.51,10606982
1665149400,67.38,67.46,66.24,66.5,13741647
1665408600,66.62,67.015,66.175,66.74,11798999
1665495000,66.78,67.9,66.67,67.29,10783602
1665581400,67.95,68.42,67.64,67.65,10963399
1665667800,67,69.025,66.69,68.77,18475634
1665754200,69.18,69.26,67.42,67.53,11611899
1666013400,68.24,68.6,68.1,68.26,9105418
1666099800,69.28,69.62,68.74,69.15,11000749
1666186200,69.25,69.62,68.55,68.83,8985484
1666272600,68.86,69.015,67.81,67.87,10023179
1666359000,67.83,69.08,67.61,68.91,9613387
1666618200,69.4,70.29,69.25,70.15,11076224
1666704600,70.31,71.16,69.91,71.07,10619789
1666791000,71.23,72.05,71.01,71.54,9483721
1666877400,71.61,72.07,71.49,71.6,9988167
1666963800,71.73,73.3,71.7,73.17,9545473
1667223000,72.96,73.185,72.55,72.74,9201120
1667309400,72.92,73.27,72.25,72.51,9535244
1667395800,72.36,73.08,71.21,71.25,16293502
1667482200,70.65,71.335,70.485,71.01,10624456
1667568600,71.86,72.25,70.905,71.85,11938621
1667831400,72,72.62,71.865,72.49,7133604
1667917800,72.71,73.15,71.95,72.7,9091943
1668004200,72.52,72.97,71.85,71.91,9465239
1668090600,73.45,73.79,72.375,73.6,19286103
1668177000,73.802,73.88,72.37,73.52,14289511
1668436200,73.45,74.115,72.895,72.94,14760538
1668522600,73.86,74.0996,72.95,73.55,15064305
1668609000,73.65,74.28,73.61,73.91,9748595
1668695400,73.26,73.93,73.26,73.89,7827227
1668781800,74.49,74.7701,74.175,74.68,9071049
1669041000,74.82,75.4995,74.665,75.39,8054931
1669127400,75.95,76.01,75.655,75.94,6307095
1669213800,76,76.35,75.9,76.2,6286419
1669386600,76.3,76.305,76.1,76.25,2978024
1669645800,75.97,76.3801,75.85,75.96,8698808
1669732200,75.76,75.92,75.275,75.67,7755123
1669818600,75.62,77.21,75.225,77.19,11704238
1669905000,77.05,77.14,76.52,76.84,10215834
1669991400,76.28,77.29,76.19,77.19,6087179
1670250600,76.36,76.45,76,76.22,8633024
1670337000,76.3,76.59,75.38,75.75,8136329
1670423400,75.89,76.23,75.75,76.07,7298685
1670509800,75.95,76.485,75.85,76.48,7803383
1670596200,76.11,76.44,75.88,75.89,9761718
1670855400,76.03,76.7,75.79,76.69,6996833
1670941800,77.45,77.62,76.1,76.58,11349134
1671028200,76.7,77.27,76.08,76.53,13820240
1671114600,75.89,76.04,74.665,75.23,11281678
1671201000,74.84,75.1,74.21,74.86,14561475
1671460200,74.31,74.935,73.84,74.28,8093914
1671546600,74.15,74.51,73.81,74.22,7368975
1671633000,74.58,75.25,74.53,74.96,7953290
1671719400,74.69,74.825,73.96,74.79,6888351
1671805800,74.83,75.23,74.58,75.18,4874660
1672151400,75.28,75.69,75.12,75.54,4839729
1672237800,75.76,75.86,74.595,74.6,5028990
1672324200,74.9,75.19,74.7801,74.92,5574893
1672410600,74.77,74.83,74.0101,74.55,6249894
1672756200,74.59,74.62,73.52,74.27,14433360
1672842600,74.48,75.02,74.09,74.56,12197256
1672929000,74.42,74.485,73.66,73.81,9848196
1673015400,74.76,76.075,74.7,75.78,9982384
1673274600,75.73,76.245,75.04,75.04,11081840
1673361000,75.13,75.245,74.69,74.94,8427855
1673447400,75.19,75.405,74.3214,74.98,9848317
1673533800,75.14,75.15,74.21,74.39,9841291
1673620200,74.19,74.76,74.14,74.74,9274343
1673965800,74.86,75.42,74.68,74.79,9007022
1674052200,74.61,74.66,72.64,72.75,16069923
1674138600,72.46,72.79,72.035,72.06,12421545
1674225000,72.11,72.65,71.6,72.62,12349611
1674484200,72.76,73.225,72.545,72.85,12000433
1674570600,72.83,73.35,72.4,73.15,13465588
1674657000,72.71,73.33,72.35,73.33,11606801
1674743400,73.25,73.31,72.83,73.07,8081676
1674829800,73.02,73.195,72.505,72.86,10341793
1675089000,72.71,73.495,72.71,72.95,10463129
1675175400,73.09,73.75,72.87,73.74,8002698
1675261800,73.68,74.66,73.36,74.33,15447622
1675348200,73.83,74.17,73.36,73.69,12238803
1675434600,73.91,73.93,72.86,73.4,12874814
1675693800,73.28,73.63,73.23,73.49,7209101
1675780200,72.96,73.32,72.4489,73.18,9268430
1675866600,72.78,72.91,72.49,72.62,8933483
1675953000,73,73.26,72.205,72.3,8341482
1676039400,72.3,73.03,72.145,72.97,8197163
1676298600,73.19,73.8275,73.15,73.8,7440544
1676385000,73.75,73.78,72.88,73.13,9344740
1676471400,72.98,73.29,72.68,73.27,9006025
1676557800,72.62,73.18,72.309,72.74,8355096
1676644200,72.53,73.71,72.53,73.68,11116125
1676989800,73.38,73.79,73.0103,73.4,8974751
1677076200,73.5,74.01,73.1099,73.29,8851001
1677162600,73.36,73.56,72.745,73.2,12700140
1677249000,72.66,72.825,72.27,72.71,11340619
1677508200,73.06,73.255,72.47,72.63,10162251
1677594600,72.33,72.455,71.995,72.03,9757334
1677681000,71.81,71.89,70.93,71.5,10475023
1677767400,71.51,72.62,71.44,72.48,9876126
1677853800,72.48,72.605,71.87,72.54,12384269
1678113000,72.34,72.84,72.31,72.73,8356010
1678199400,72.74,72.98,71.885,72.01,10059504
1678285800,71.94,72.21,71.69,72.13,11170813
1678372200,72.41,72.53,71.245,71.46,15612688
1678458600,71.6,71.875,70.845,71.11,19026628
1678714200,71.04,72.575,71,71.47,29831406
1678800600,71.68,72.16,71.425,72.12,19139214
1678887000,71.65,72.68,71.485,72.59,21438247
1678973400,72.54,72.7079,72.125,72.64,15716990
1679059800,72.54,72.66,71.785,72.11,13283970
1679319000,72.04,72.83,72.01,72.76,14132853
1679405400,72.87,73.03,72.19,72.7,12499653
1679491800,72.83,73.14,72.02,72.03,11942225
1679578200,72.22,72.48,71.48,71.75,12160406
1679664600,71.94,73.035,71.86,72.97,12352559
1679923800,73.22,73.69,73.21,73.36,10865542
1680010200,73.47,73.89,73.39,73.49,11593405
1680096600,73.9,73.98,73.7052,73.9,9483497
1680183000,74.09,74.3,73.88,74.11,10737853
1680269400,74.49,74.74,74.365,74.71,10338734
1680528600,74.76,75.26,74.4825,75.1,9607702
1680615000,75.07,75.39,74.785,74.95,7272864
1680701400,75.16,75.63,75.16,75.3,12410027
1680787800,75.23,75.49,74.91,75.36,8616848
1681133400,75.1,75.38,74.64,75.36,9423434
1681219800,75.5,75.79,75.44,75.58,12944305
1681306200,75.57,75.82,75.14,75.24,10386357
1681392600,75.27,75.7,74.92,75.66,12918992
1681479000,75.46,75.79,74.975,75.18,8789738
1681738200,75.33,75.665,75.24,75.66,9683477
1681824600,75.65,75.96,75.405,75.89,7233258
1681911000,75.98,76.06,75.615,75.84,6283769
1681997400,75.57,76.26,75.53,76.02,7329495
1682083800,76.53,76.97,76.405,76.57,10431036
1682343000,76.57,76.925,76.57,76.88,8723122
1682429400,76.86,77.37,76.695,76.78,12179666
1682515800,76.42,76.715,76.14,76.18,8778847
1682602200,76.22,77.1054,76.17,77.03,11287817
1682688600,77.23,77.585,77.04,77.44,9757821
1682947800,77.31,77.82,77.29,77.5,10860790
1683034200,77.43,77.47,76.51,77.29,19136005
1683120600,77.06,77.38,76.635,76.66,11656658
1683207000,76.74,76.86,76.225,76.47,11682633
1683293400,76.59,77.235,76.5,77.18,10479429
1683552600,76.91,77.05,76.695,76.95,8069277
1683639000,76.96,76.96,76.57,76.71,6939661
1683725400,76.73,77.06,76.055,76.59,12259129
1683811800,76.57,76.87,76.15,76.82,11790844
1683898200,76.9,77.145,76.735,77.12,7012238
1684157400,77.24,77.34,76.59,76.93,8652296
1684243800,76.82,76.82,76.17,76.28,11310742
1684330200,76.48,76.49,75.77,76.24,10891385
1684416600,75.96,76.06,75.41,75.87,10765464
1684503000,76.03,76.12,75.585,75.92,10457604
1684762200,75.72,75.85,74.73,74.77,14575843
1684848600,74.57,74.63,74.12,74.22,13700364
1684935000,74.25,74.3,73.68,73.74,11901922
1685021400,73.09,73.445,72.63,73.18,17725020
1685107800,73.11,73.545,72.86,73.43,15531023
1685453400,73.002,73.18,72.35,72.59,22766942
1685539800,72.68,73.07,72.31,72.67,22328561
1685626200,72.65,72.73,72.2438,72.61,13836271
1685712600,72.64,73.66,72.62,73.61,14719938
1685971800,73.5,74.03,73.21,73.34,10829145
1686058200,73.41,73.55,72.55,72.97,10796878
1686144600,72.5,72.93,72.28,72.73,13595054
1686231000,72.81,73.25,72.64,73.23,8881493
1686317400,72.98,73.34,72.825,73.11,8756867
1686576600,73.2,73.265,72.72,73.09,11357589
1686663000,72.99,73.5,72.89,73.39,8401878
1686749400,73.73,74.09,73.51,73.84,13849869
1686835800,74.1,74.755,73.96,74.58,16251166
1686922200,74.81,75.05,74.6,74.67,12672971
1687267800,74.05,74.275,73.56,73.58,9734494
1687354200,73.54,74.08,73.26,73.84,13633481
1687440600,74.22,74.375,73.98,74.27,17247792
1687527000,74.39,74.39,73.74,73.78,9706948
1687786200,73.78,73.91,73.26,73.88,8955380
1687872600,73.68,74.165,73.662,74.1,8965423
1687959000,73.76,73.81,73.2,73.6,12800400
1688045400,73.24,73.65,73,73.53,10018069
1688131800,73.7,74.28,73.64,74.17,14266285
1688391000,74.06,74.75,73.86,74.75,12817093
1688563800,74.44,74.69,74.345,74.62,17579383
1688650200,74.28,74.47,74.05,74.43,14881308
1688736600,74.25,74.25,73.41,73.46,16405514
1688995800,73.57,74.16,73.35,73.44,11953673
1689082200,73.5,73.66,73.105,73.55,9812583
1689168600,73.68,73.915,73.555,73.72,12680948
1689255000,73.85,74.16,73.55,74.03,10581587
1689341400,74.05,74.41,73.83,74.28,12475686
1689600600,74,74.31,73.79,74.06,9496427
1689687000,73.99,74.61,73.75,73.98,10124923
1689773400,74.22,74.81,74.17,74.73,14718653
1689859800,74.8,75.475,74.64,75.37,16106336
1689946200,75.49,75.8354,75.4,75.63,13836903
1690205400,75.61,76.03,75.54,75.92,10692494
1690291800,75.83,75.92,75.51,75.9,8576840
1690378200,75.7,76.205,75.58,75.99,10506500
1690464600,76.13,76.31,75.32,75.32,10008516
1690551000,75.98,76.395,75.78,76.1,9672417
1690810200,76,76.23,75.46,75.75,10057233
1690896600,75.65,75.97,75.28,75.34,9376681
1690983000,75.04,76.085,75.04,75.61,11509759
1691069400,75.57,75.76,75.36,75.4,8777116
1691155800,75.5,75.68,74.58,74.65,10022803
1691415000,74.79,75.3399,74.77,75.26,8875662
1691501400,75.21,75.29,74.52,74.72,11413651
1691587800,74.76,75.22,74.64,74.83,11912194
1691674200,75.07,75.53,74.575,74.68,10357718
1691760600,74.71,74.985,74.53,74.8,7472599
1692019800,74.9,75.1,74.295,74.43,11483769
1692106200,74.22,74.34,73.6,73.63,13257657
1692192600,73.93,74.14,73.37,73.46,14815058
1692279000,73.48,73.67,72.64,72.75,11798096
1692365400,72.63,73.17,72.56,73.02,12334490
1692624600,72.83,72.97,72.22,72.53,12005411
1692711000,72.3,72.38,72.02,72.12,11496512
1692797400,72.37,72.6,72.245,72.6,10796750
1692883800,72.35,73,72,72.02,13797592
1692970200,72.32,72.6,71.97,72.42,13088466
1693229400,72.66,72.88,72.4975,72.75,6914967
1693315800,72.79,73.05,72.38,73.01,9503002
1693402200,73.1,73.355,72.9325,73.13,9679312
1693488600,72.86,73.12,72.745,72.76,7731345
1693575000,73,73.04,71.9,72.14,8346514
1693920600,72.01,72.28,71.52,71.52,8634398
1694007000,71.44,71.6,71.21,71.44,9050245
1694093400,71.57,71.87,71.32,71.61,10148976
1694179800,71.64,71.71,71.415,71.7,8322971
1694439000,71.8,72.38,71.8,72.32,8450872
1694525400,72.36,72.38,71.6435,71.7,13300196
1694611800,71.82,72.1,71.665,71.92,7863661
1694698200,72.12,72.7,72.09,72.65,9356054
1694784600,72.5,72.755,71.99,72.05,10891654
1695043800,71.8,71.83,71.235,71.54,6841253
1695130200,71.42,71.495,71.01,71.37,7733479
1695216600,71.57,71.92,71.2325,71.44,10845481
1695303000,71.38,71.46,70.51,70.52,11869913
1695389400,70.54,70.72,70.1,70.14,12242995
1695648600,69.92,70.0699,69.565,69.89,9137578
1695735000,69.59,69.79,69.3,69.37,11541014
1695821400,69.27,69.485,68.445,68.8,14182825
1695907800,68.9,69.195,68.72,69.01,12094360
1695994200,69.23,69.34,68.445,68.81,11797509
1696253400,68.65,68.735,67.885,68.34,12642560
1696339800,68.14,68.49,67.795,67.85,15396437
1696426200,68.02,68.44,67.63,68.39,15125938
1696512600,68.26,68.34,67.01,67.04,15757297
1696599000,66.75,66.9,65.18,66.67,28723410
1696858200,66.42,66.76,65.95,66.73,15662899
1696944600,67.28,67.735,67.07,67.41,18809618
1697031000,67.71,67.825,66.645,66.95,18293161
1697117400,67.15,67.18,65.99,66.22,15185026
1697203800,66.34,66.9,66.22,66.8,15641462
1697463000,67.19,67.7,66.9106,67.49,16172936
1697549400,67.22,67.91,67.22,67.78,13192152
1697635800,68.06,68.55,67.915,68.03,16617679
1697722200,67.98,68.25,67.5125,67.53,18236961
1697808600,67.68,67.98,67.27,67.27,14730549
1698067800,67.19,67.63,66.95,67.14,13777343
1698154200,67.24,67.83,67.225,67.71,12055564
1698240600,67.6,68.235,67.42,67.94,11351130
1698327000,67.97,68.22,67.48,67.5,13662158
1698413400,67.38,67.65,66.375,66.58,17587652
1698672600,66.83,67.74,66.83,67.62,12223989
1698759000,67.68,67.93,67.34,67.86,8586465
1698845400,67.91,68.05,67.4101,67.79,18709473
1698931800,68.03,68.765,67.77,68.67,21176102
1699018200,69.07,69.34,68.75,68.75,17201240
1699281000,68.77,69.16,68.72,68.86,14663189
1699367400,68.88,69.315,68.8,69.03,12567743
1699453800,69.16,69.26,68.565,68.76,10481754
1699540200,68.84,68.9,68.32,68.48,10337063
1699626600,68.64,69.025,68.27,68.96,9266278
1699885800,68.9,69.38,68.84,69.18,8540859
1699972200,69.53,70.12,69.5,69.89,13606154
1700058600,70.4,70.59,70.22,70.45,10619011
1700145000,69.72,70.02,69.44,69.58,16536427
1700231400,69.67,69.72,69.24,69.49,10761055
1700490600,69.2,69.5567,69.15,69.44,11651294
1700577000,69.43,69.7,69.13,69.65,11681422
1700663400,69.8,70.185,69.8,70.15,8862113
1700836200,70.16,70.475,70.16,70.41,4500775
1701095400,70.34,70.475,70.17,70.21,11746834
1701181800,70.19,70.7061,70.18,70.53,8562411
1701268200,70.6,70.6,69.87,69.96,9873840
1701354600,70.03,70.7,69.57,70.66,11803765
1701441000,70.61,70.98,70.4,70.95,13490311
1701700200,70.56,71.28,70.56,71.04,11386333
1701786600,70.93,71.1,70.385,70.48,11565996
1701873000,70.32,70.47,70.007,70.3,11008729
1701959400,70.5,70.83,70.245,70.6,8460050
1702045800,70.47,70.525,70.01,70.11,8191287
1702305000,70.5,70.8075,70.385,70.78,16192836
1702391400,70.93,71.01,70.615,71.01,8764524
1702477800,71,72.32,70.815,72.3,14052931
1702564200,72.36,72.47,71.19,71.24,16056716
1702650600,71.14,71.445,70.96,71.24,17434602
1702909800,71.01,71.7,70.855,71.44,11816018
1702996200,71.31,71.6598,71.28,71.58,8283181
1703082600,71.11,71.27,70.19,70.19,16705523
1703169000,70.57,70.75,70.12,70.68,10972002
1703255400,70.86,71.35,70.79,71.22,7831878
1703601000,71.07,71.7,71.07,71.52,6915801
1703687400,71.54,71.85,71.44,71.85,7566682
1703773800,71.75,71.97,71.65,71.88,6465983
1703860200,71.78,72.065,71.71,72.03,10412749
1704205800,71.77,72.955,71.77,72.84,12912028
1704292200,72.97,73.09,72.16,72.27,13979805
1704378600,72.22,72.66,72.02,72.17,10865096
1704465000,72.21,72.48,71.59,72.01,12802809
1704724200,72.02,72.565,71.98,72.54,9409101
1704810600,72.27,72.73,72.01,72.73,7838821
1704897000,72.67,72.995,72.3635,72.58,11113276
1704983400,72.5,72.615,72.075,72.57,9507838
1705069800,72.82,72.98,72.55,72.8,7712891
1705415400,72.81,72.85,72.1085,72.4,11566904
1705501800,72.23,72.6,72.08,72.35,9641426
1705588200,72.17,72.31,71.705,72.26,10548781
1705674600,72.32,72.34,71.68,72.05,11309667
1705933800,71.74,72,71.56,71.7,15078552
1706020200,72.08,72.59,72.06,72.48,13859643
1706106600,72.42,72.46,71.57,71.59,12290544
1706193000,71.89,72.28,71.59,72.28,12160938
1706279400,72.42,72.74,72.42,72.63,7432810
1706538600,72.83,73.075,72.565,73.05,9322030
1706625000,72.94,73.5,72.68,73.46,11059004
1706711400,73.44,73.645,72.83,72.92,17220615
1706797800,72.95,74.41,72.72,74.41,20588719
1706884200,74.19,74.48,73.805,74.17,23157966
1707143400,74.19,74.24,73.685,73.71,14564666
1707229800,73.71,73.92,73.465,73.88,11224301
1707316200,74.19,74.23,73.74,73.81,7544085
1707402600,73.69,74.08,73.475,73.79,16287718
1707489000,73.6,73.6,73,73.11,20698743
1707748200,73.19,73.635,72.8,73.63,13422892
1707834600,73.58,73.785,72.4,72.84,21640607
1707921000,72.78,72.82,72.355,72.7,15191383
1708007400,72.99,73.27,72.91,73.17,14235694
1708093800,73.1,73.62,72.79,73.28,15568267
1708439400,73.8,74.465,73.68,74.05,15388786
1708525800,74.19,74.445,73.965,74.32,13776798
1708612200,73.99,74.6299,73.695,74.55,11744901
1708698600,74.59,75.16,74.46,74.78,12548307
1708957800,74.8,74.82,74.37,74.48,11805979
1709044200,74.41,74.53,74.275,74.49,8294275
1709130600,74.44,74.64,74.245,74.57,6768738
1709217000,74.8,74.905,74.305,74.45,14083443
1709303400,74.25,74.54,73.94,74.46,15512468
1709562600,74.17,74.585,74.15,74.52,15912730
1709649000,74.84,75.215,74.55,74.7,15708442
1709735400,75.05,75.46,74.98,75.33,11816384
1709821800,75.64,75.83,75.46,75.76,9174980
1709908200,75.25,75.3908,74.89,75.16,13301651
1710163800,75.33,75.68,75.11,75.57,9316538
1710250200,75.74,76.195,75.64,75.96,10454851
1710336600,75.95,76.2,75.835,76.15,9739479
1710423000,76.1,76.28,75.31,75.56,14086278
1710509400,75.2,75.605,75.08,75.53,14248290
1710768600,74.89,75.68,74.89,75.46,10228999
1710855000,75.56,75.78,75.515,75.74,10245872
1710941400,75.85,76,75.57,75.97,10986128
1711027800,76.01,76.265,75.69,76.01,8936115
1711114200,76.01,76.13,75.62,75.64,10942362
1711373400,75.64,75.82,75.265,75.43,11003712
1711459800,75.52,75.685,75.41,75.47,7964415
1711546200,75.85,76.26,75.85,76.26,9848051
1711632600,76.49,76.605,76.26,76.36,9172770
1711978200,76.35,76.46,75.75,75.75,13205135
1712064600,75.75,75.86,75.235,75.36,16269181
1712151000,75.33,75.33,74.405,74.53,16094740
1712237400,74.86,74.99,74.1144,74.21,18289526
1712323800,74.15,74.56,73.9918,74.33,11149022
1712583000,74.2,74.49,74.15,74.22,10040772
1712669400,74.44,74.6,74.015,74.58,12633248
1712755800,74,74.425,73.772,74.31,15018494
1712842200,74.67,74.694,73.9,74.13,10551937
1712928600,73.83,74.02,73.295,73.38,14605857
1713187800,73.83,74.02,72.975,73.08,12119718
1713274200,73.23,73.325,72.93,73.11,12737598
1713360600,73.54,73.64,73.03,73.38,12731543
1713447000,73.62,73.89,73.465,73.72,11964189
1713533400,73.69,74.48,73.56,74.44,15843129
1713792600,74.59,75.345,74.255,75.15,12181834
1713879000,75.27,75.43,75.0224,75.36,12821080
1713965400,74.84,76.02,74.49,75.93,15010955
1714051800,76.09,76.475,75.47,75.75,14352559
1714138200,75.48,75.995,75.43,75.59,13488244
1714397400,75.61,75.855,75.38,75.83,9243980
1714483800,75.75,75.77,75.32,75.5,12517395
1714570200,75.28,75.57,74.71,75.02,24867500
1714656600,75.27,75.915,74.98,75.65,22820413
1714743000,75.68,76.03,75.25,75.88,18088242
1715002200,76.05,76.14,75.43,75.92,12508636
1715088600,76.24,76.79,76.24,76.75,14641836
1715175000,76.74,76.89,76.42,76.52,12686111
1715261400,76.59,77.18,76.54,77.18,12851938
1715347800,77.17,77.71,77.1,77.62,10774922
1715607000,77.77,78,77.27,77.4,11755444
1715693400,77.47,77.6,76.87,77.25,10117640
1715779800,77.05,77.415,77.05,77.3,18142952
1715866200,78,78.61,77.825,78.4,17360383
1715952600,78.31,78.38,78.01,78.21,11265901
1716211800,78.19,78.19,77.58,77.67,9226472
1716298200,77.88,78.16,77.7222,78.13,6595220
1716384600,77.6,78.08,77.46,77.82,9395169
1716471000,77.58,77.71,76.86,76.9,10751320
1716557400,77.17,77.4,77.06,77.1,6943370
1716903000,76.85,77.055,76.22,76.5,8840718
1716989400,76.09,76.365,75.92,75.95,10402410
1717075800,76.17,76.36,75.975,76.15,7404435
1717162200,76.08,77.38,75.73,77.34,11874628
1717421400,77.09,77.675,76.865,77.31,12223420
1717507800,77.32,78.105,77.185,77.98,9097458
1717594200,77.88,77.99,77.195,77.81,9095130
1717680600,77.76,78.335,77.6,78.05,9759491
1717767000,78.03,78.245,77.58,77.66,7490555
1718026200,77.78,77.8,77.1,77.6,10033882
1718112600,77.49,77.56,76.92,77.56,8583758
1718199000,77.71,77.75,76.52,76.71,14172779
1718285400,76.68,76.875,76.355,76.81,8723482
1718371800,76.59,76.95,76.39,76.95,7246417
1718631000,76.66,77.82,76.495,77.68,8765015
1718717400,77.56,77.88,77.45,77.78,6567100
1718890200,77.64,78.01,77.405,77.61,9316388
1718976600,77.77,78.17,77.605,77.67,11595433
1719235800,77.27,78.01,77.1098,77.91,9722583
1719322200,77.62,77.73,77.105,77.41,10705815
1719408600,76.87,77.44,76.71,77.25,8405221
1719495000,77.23,77.295,76.6026,76.92,4592368
1719581400,76.91,77,76.375,76.58,8396860
1719840600,76.98,77.265,75.98,76.04,9275425
1719927000,76.13,76.58,75.89,76.57,8233614
1720013400,76.44,76.71,76.235,76.44,5600604
1720186200,76.44,77.43,76.325,77.38,7202896
1720445400,77.44,77.53,77.05,77.26,4486755
1720531800,77.26,77.43,77.03,77.06,5635819
1720618200,77.2,77.43,77.005,77.4,7249075
1720704600,77.29,77.43,76.89,77.11,11414670
1720791000,77.52,77.86,77.185,77.45,10028191
1721050200,77.4,77.595,76.94,77,8481303
1721136600,77.03,77.75,76.915,77.74,7987333
1721223000,77.86,78.89,77.84,78.74,18297885
1721309400,78.45,79.15,78.34,78.35,14877213
1721395800,78.55,78.65,77.965,78.09,11816508
1721655000,78.27,78.335,77.77,78.14,9408432
1721741400,78.22,78.36,77.79,77.86,6937911
1721827800,77.58,77.93,77.28,77.79,10620372
1721914200,78.06,78.88,77.7,77.7,15686268
1722000600,78.01,78.585,77.82,78.49,10271976
1722259800,78.34,78.685,77.94,78.52,9115085
1722346200,77.58,78.12,77.24,77.99,11818449
1722432600,77.99,78.336,77.51,77.85,10474112
1722519000,78,78.74,77.755,78.57,16535033
1722605400,79.17,79.75,77.8,79.26,24087115
1722864600,79.12,79.35,77.44,77.7,29057460
1722951000,78.08,79.09,77.99,78.24,15801355
1723037400,78.57,79.395,78.27,78.32,14182346
1723123800,78.1,79.16,78.02,79.03,13889796
1723210200,78.87,79.29,78.53,79.15,10319938
1723469400,79.11,79.17,78.545,78.75,9735359
1723555800,78.75,79.13,78.35,79.11,7513894
1723642200,79.05,79.71,78.915,79.47,7263950
1723728600,80.59,80.81,80.05,80.29,7745248
1723815000,80.21,80.585,80.085,80.51,6976919
1724074200,80.6,80.965,80.565,80.78,7330018
1724160600,80.76,81.18,80.63,81.18,6931341
1724247000,81.86,82.2899,81.495,81.73,7960727
1724333400,81.95,81.95,81.255,81.61,7632692
1724419800,81.75,81.86,81.33,81.84,6505074
1724679000,81.93,82.59,81.92,82.42,7270790
1724765400,82.54,82.765,82.31,82.62,5674632
1724851800,82.64,82.745,81.9601,82.27,6666785
1724938200,82.17,82.17,81.69,81.86,6343811
1725024600,82.02,82.58,81.7989,82.51,8884816
1725370200,82.53,83.365,82.43,83.09,15503706
1725456600,82.94,83.54,82.86,83.48,19276697
1725543000,83.5,83.63,82.74,83.16,12775784
1725629400,83.15,83.51,82.89,82.99,12616545
1725888600,83,83.79,82.86,83.63,10061056
1725975000,83.51,83.995,83.39,83.61,14002525
1726061400,83.31,83.365,82.08,82.83,14556518
1726147800,82.85,83.43,82.57,83.34,8659169
1726234200,83.4,83.995,83.22,83.93,5953911
1726493400,84.15,84.53,83.87,84.26,7794845
1726579800,83.97,84.21,83.36,83.46,8405136
1726666200,83.4,83.86,82.8,83.14,12935702
1726752600,83.36,83.37,82.52,82.65,14934224
1726839000,82.57,83.11,82.43,83.05,12719152
1727098200,82.44,83.355,82.38,83.09,11985864
1727184600,82.98,83.275,82.685,82.89,8985209
1727271000,83.18,83.26,82.56,82.68,6101052
1727357400,82.53,83.25,82.53,82.87,8565679
1727443800,82.98,83.5,82.88,83.02,6432719
1727703000,83.32,83.48,82.68,83,8469070
1727789400,83.03,83.14,82.465,82.72,15725753
1727875800,82.5,82.505,81.86,82.02,10788340
1727962200,81.69,81.805,81.055,81.2,11507911
1728048600,81.07,81.57,80.95,81.47,12463650
1728307800,81.5,81.5,80.56,80.66,9270847
1728394200,80.69,81.16,80.475,81.06,8218294
1728480600,81.13,81.665,81,81.55,9276307
1728567000,81.53,81.7,80.99,81.19,9122594
1728653400,81.47,81.72,81.11,81.64,8741496
1728912600,81.6,82.01,81.47,81.97,6263018
1728999000,82.08,83.19,82.08,82.49,11287728
1729085400,82.21,82.54,82.02,82.43,7720320
1729171800,82.54,82.65,81.84,82.06,7716454
1729258200,81.88,82.27,81.64,82.24,8314283
1729517400,82.21,82.39,81.47,81.55,8704757
1729603800,81.43,82.11,81.35,82.01,8912400
1729690200,81.6,81.97,81.44,81.85,6926484
1729776600,81.83,82,81.495,81.74,6211540
1729863000,81.74,81.87,80.99,81.06,6546951
1730122200,81.38,81.56,81.165,81.21,5714219
1730208600,80.83,81.04,80.365,80.41,9460034
1730295000,80.3,80.54,80.045,80.28,8504824
1730381400,80.08,80.59,79.955,80.12,10905343
1730467800,80.38,80.445,80.05,80.15,7916072
1730730600,80.27,80.605,80.15,80.37,6958887
1730817000,80.17,80.88,80.02,80.88,5304792
1730903400,81.09,81.21,79.355,79.56,18488140
1730989800,79.73,80.31,79.67,79.85,17598133
1731076200,79.86,81.015,79.85,80.82,11530460
1731335400,80.71,81.45,80.48,80.54,9273831
1731421800,80.84,80.95,80.49,80.63,13518013
1731508200,80.64,80.95,80.4,80.87,6781631
1731594600,80.67,81.14,80.605,80.67,7572248
1731681000,80.6,80.655,79.915,79.96,11370350
1731940200,80.14,80.67,80.05,80.52,8748018
1732026600,80.73,80.89,80.135,80.63,8021124
1732113000,79.9,80.22,79.525,80.22,7687467
1732199400,80.31,81.18,80.09,81.09,8185848
1732285800,81.54,81.91,81.44,81.84,7703875
1732545000,82.38,82.625,82.04,82.29,8243081
1732631400,82.24,82.71,82.14,82.63,6973969
1732717800,83,83.24,82.645,82.8,7067876
1732890600,82.78,83.3,82.67,83.22,4982582
1733149800,83.14,83.22,82.52,83.12,10750201
1733236200,83.05,83.11,82.54,82.69,11053327
1733322600,82.47,82.58,82.045,82.46,10100890
1733409000,82.55,82.945,82.325,82.79,12639028
1733495400,82.81,83.285,82.38,82.38,7180678
1733754600,82.5,82.88,82.025,82.25,11613987
1733841000,82.19,82.84,81.86,82.64,8497222
1733927400,82.77,83.11,81.97,82.01,9046123
1734013800,82.53,82.62,82.115,82.25,5410846
1734100200,82.09,82.52,81.63,82.04,8154345
1734359400,82.07,82.48,81.59,81.61,6495048
1734445800,81.44,81.89,81.335,81.47,8536085
1734532200,81.16,81.43,80.21,80.23,17222965
1734618600,80.16,80.56,79.66,79.66,15778368
1734705000,79.62,80.4,79.35,79.94,11035441
1734964200,79.05,79.23,78.155,78.92,11469082
1735050600,78.85,79.485,78.74,79.44,3932582
1735223400,79.29,79.74,79.22,79.69,4253678
1735309800,79.32,79.72,79.005,79.3,6601702
1735569000,78.96,79.01,78.12,78.37,7249346
1735655400,78.53,78.86,78.16,78.61,6125534
1735828200,78.78,79.14,78.11,78.37,9322777
1735914600,78.52,78.7,78.045,78.33,6991939
1736173800,78.42,78.435,77.415,77.51,9275738
1736260200,77.71,78.16,77.13,77.24,11113102
1736346600,77.16,77.455,76.67,77.38,9277400
1736519400,76.89,77.325,76.24,76.34,13943592
1736778600,76.4,76.66,76.055,76.47,9490917
1736865000,76.56,76.6512,76.13,76.49,7763782
1736951400,76.91,77.15,76.11,76.23,11426997
1737037800,76.08,76.875,75.805,76.8,11223395
1737124200,76.94,77.4,76.85,77.24,10525009
1737469800,77.39,77.895,77.31,77.6,8849489
1737556200,77.95,77.95,77.15,77.22,8357873
1737642600,77.11,77.53,76.8,77.5,7562459
1737729000,77.47,77.93,77.43,77.9,6685652
1737988200,78.69,80.16,78.675,80.01,17519904
1738074600,79.76,80.1,78.6,78.76,11665182
1738161000,78.88,79.3,78.81,78.95,10195399
1738247400,79.34,79.9,79.18,79.73,8191980
1738333800,79.03,79.57,78.93,78.98,10269003
1738593000,78.41,79.45,78.23,79.29,13340844
1738679400,79.02,79.1,78.295,78.62,9307813
1738765800,78.61,79.13,78.195,79.11,8847897
1738852200,80.15,80.165,79.215,79.47,9846348
1738938600,79.49,79.68,79.12,79.35,8104061
1739197800,79.56,79.85,79.06,79.84,7949646
1739284200,79.96,80.63,79.67,80.61,9157217
1739370600,79.92,80.645,79.87,80.55,10564124
1739457000,80.76,81.49,80.54,81.42,10132272
1739543400,81.375,81.425,80.59,80.61,10470433
1739889000,80.35,80.915,79.9,80.9,10432772
1739975400,81.09,81.58,80.89,81.55,6450823
1740061800,80.56,81.23,80.43,81.23,14264248
1740148200,81.23,82.25,80.98,82.18,18203257
1740407400,81.85,82.81,81.81,82.43,14114232
1740493800,82.69,83.88,82.69,83.6,18197969
1740580200,83.28,83.36,81.85,82,19969521
1740666600,81.64,82.43,81.62,81.99,16614021
1740753000,82.69,83.13,82.135,83.08,15164207
1741012200,82.68,83.82,82.68,83.52,18918891
1741098600,83.36,84.14,82.05,82.1,21845907
1741185000,81.94,82.75,81.81,82.44,13772977
1741271400,82.13,82.795,81.94,82.59,13729686
1741357800,82.06,83.43,82.035,82.86,19631090
1741613400,82.99,84.35,82.36,82.68,27412666
1741699800,82.51,82.58,81.41,81.47,27913657
1741786200,80.675,80.98,79.62,79.7,22000866
1741872600,79.8,80.12,79.18,79.33,18077739
1741959000,79.15,79.58,78.88,79.51,10251385
1742218200,79.65,80.91,79.58,80.67,12470284
1742304600,80.61,80.71,79.7,79.75,9461101
1742391000,79.57,79.83,79.14,79.75,12042918
1742477400,79.63,79.915,79.24,79.36,10954528
1742563800,79.3,79.5299,78.99,79.33,11926213
1742823000,79.03,79.48,78.96,79.4,9586592
1742909400,79.26,79.365,78.425,78.68,12703416
1742995800,78.85,80.08,78.85,79.9,11492431
1743082200,80.13,80.97,80.07,80.81,9253349
1743168600,80.92,81.1,80.1107,80.41,12493234
1743427800,80.53,81.92,80.53,81.67,14299145
1743514200,81.86,82.01,81.32,81.79,11201251
1743600600,81.83,82.06,81.18,81.55,9218956
1743687000,81.75,82.82,81.35,82.02,20746480
1743773400,81.58,82.04,78.46,78.46,35619546
1744032600,76.6,79.38,76.16,77.55,45133946
1744119000,78.71,78.975,75.605,76.35,26842515
1744205400,75.965,79.94,75.835,79.31,39358896
1744291800,79.3,80.15,77.975,79.35,25967985
1744378200,79.65,80.86,78.905,80.35,19009838
1744637400,80.69,82.045,80.33,81.72,12388284
1744723800,81.84,81.94,80.98,81.03,8920479
1744810200,81.37,81.49,79.82,80.16,13657265
1744896600,80.51,82.255,80.39,81.87,13663579
1745242200,81.94,82.03,80.2,81.09,13804386
1745328600,81.4,82.71,81.26,82.24,11258792
1745415000,82.38,82.71,81.13,81.77,17717407
1745501400,81.215,81.33,80.68,81.05,12480733
1745587800,81.2,81.44,80,80.84,14377999
1745847000,80.91,81.22,80.14,80.57,12089076
1745933400,80.23,81.3,79.79,81.24,10065770
1746019800,81.69,82.15,80.67,81.83,10566124
1746106200,81.29,81.55,80.83,81.12,13203049
1746192600,81.58,81.855,81.205,81.56,14859726
1746451800,81.58,81.68,81,81.49,10236311
1746538200,81.33,81.63,80.97,81.35,10506349
1746624600,81.43,81.85,81.1616,81.48,10474918
1746711000,81.57,81.95,81.07,81.38,11018573
1746797400,81.03,81.34,80.82,80.91,9231938
1747056600,80.97,81.23,80.335,81.03,18914832
1747143000,80.76,80.88,79.65,79.94,13148718
1747229400,79.795,79.91,79.36,79.51,10351984
1747315800,79.58,81.195,79.26,81.14,13370219
1747402200,81.22,82.07,81.095,82.07,11973279
1747661400,81.85,82.365,81.605,82.31,13601498
1747747800,82.27,82.84,82.27,82.6,12719341
1747834200,82.2,82.33,81.51,81.64,10989173
1747920600,81.57,81.735,80.97,81.3,11871595
1748007000,81.26,81.77,80.76,81.6,10693431
1748352600,81.9,82.39,81.72,82.34,14433855
1748439000,82.31,82.58,81.69,81.78,9963783
1748525400,81.81,82.16,81.4,82.11,13321550
1748611800,81.97,83.19,81.97,82.83,17778915
1748871000,82.59,82.89,82.06,82.88,15827853
1748957400,82.735,82.925,82.215,82.8,13265615
1749043800,82.82,82.84,82.145,82.22,10804140
1749130200,82.05,82.16,81.21,81.43,16474663
1749216600,81.81,81.95,81.43,81.69,10949080
1749475800,81.56,81.83,81.185,81.58,13027274
1749562200,81.59,81.95,81.45,81.76,12364877
1749648600,81.71,81.71,81.205,81.48,11204072
1749735000,81.45,81.975,81.09,81.96,10709893
1749821400,81.71,82.155,80.77,80.96,15635127
1750080600,81.16,81.85,80.9701,81.22,12728292
1750167000,80.99,81.12,80.5,80.53,15059880
1750253400,80.75,80.84,80.38,80.43,11117670
1750426200,80.725,81.235,80.605,81.02,16771490
1750685400,80.53,81.47,80.465,81.4,17771427
1750771800,81.39,81.48,80.965,81.33,12580909
1750858200,81.16,81.16,80.13,80.24,12880584
1750944600,80.32,80.64,79.975,80.17,13783319
1751031000,80.25,80.8,80.165,80.55,15135260
1751290200,80.51,81.12,80.39,80.97,12080045
1751376600,81.06,82.475,81.06,81.98,23302243
1751463000,81.92,82.265,81.54,82.22,16429138
1751549400,82.27,82.33,81.775,82.18,10898436
1751895000,82.1,82.1568,81.675,82.11,14365327
1751981400,81.79,81.91,81.275,81.35,15712843
1752067800,81.46,81.55,80.37,80.82,22179049
1752154200,80.86,81.42,80.57,81.11,16688358
1752240600,80.79,81.005,80.4,80.81,16936874
1752499800,80.83,80.93,80.28,80.88,13694057
1752586200,80.7,80.845,80.06,80.07,17681618
1752672600,80.11,80.42,79.68,80.35,15633732
1752759000,80.66,81.16,80.47,81.11,17078954
1752845400,81.15,81.4941,80.7851,80.89,12754977
1753104600,80.955,81.32,80.79,80.88,13431006
1753191000,80.48,81.76,80.42,81.62,20413838
1753277400,81.65,81.86,81.39,81.65,13808933
1753363800,81.72,81.81,81.2947,81.36,11462589
1753450200,81.31,81.52,81.04,81.5,9284882
1753709400,81.07,81.2,80.545,80.66,12113637
1753795800,80.8,81.425,80.37,81.19,18873191
1753882200,81.23,81.49,80.245,80.47,16485524
1753968600,79.9,80.555,79.65,79.78,18339871
1754055000,80.22,80.655,80.05,80.16,28529253
1754314200,80.06,80.695,80.06,80.55,14441908
1754400600,80.51,80.91,80.345,80.47,15062926
1754487000,80.7,81.89,80.5,81.62,16043362
1754573400,81.76,82.355,81.49,82.24,15984204
1754659800,82.31,82.79,82.28,82.48,14135205
1754919000,82.52,82.625,81.91,82.41,12970544
1755005400,82.52,82.695,82.26,82.63,16449485
1755091800,82.19,82.795,81.93,82.63,17683928
1755178200,82.35,82.4,81.83,81.89,12826594
1755264600,82.03,82.265,81.65,82.02,12217688
1755523800,82.06,82.29,81.86,81.91,11892137
1755610200,82.07,82.88,82.045,82.75,13215642
1755696600,82.72,83.895,82.64,83.22,24836104
1755783000,82.65,82.685,82.18,82.47,18125238
1755869400,82.72,83.26,82.26,82.47,16491820
1756128600,82.09,82.23,80.98,81.06,20490602
1756215000,80.95,80.995,80.375,80.53,17723958
1756301400,80.44,80.8,80.345,80.77,11765119
1756387800,80.82,80.87,80.02,80.26,14505184
1756474200,80.44,80.8354,80.275,80.78,15675910
1756819800,80.92,81.2,80.335,80.65,16662466
1756906200,80.25,80.6251,79.905,80.59,14723063
1756992600,80.75,81.05,80.44,80.64,12717550
1757079000,80.62,81.28,80.415,80.87,20657305
1757338200,80.78,80.79,80.035,80.57,18019778
1757424600,80.41,80.845,80.315,80.73,13459559
1757511000,80.39,80.54,79.54,79.94,19041981
1757597400,80.15,80.82,80.03,80.59,16717581
1757683800,80.45,80.64,80.115,80.32,10261118
1757943000,80.29,80.48,79.36,79.4,14872158
1758029400,79.53,79.9359,79.35,79.76,16171003
1758115800,79.88,80.74,79.88,80.24,14408743
1758202200,79.71,80.015,79.53,79.54,21046133
1758288600,79.73,79.75,79.31,79.38,13349336
1758547800,78.54,78.6,77.91,77.96,11993741
1758634200,78.03,78.375,77.73,78.35,9703661
1758720600,78.33,78.825,78.2,78.52,10634176
1758807000,78.86,78.93,77.77,77.77,12046315
1758893400,77.685,78.01,77.485,77.96,11548183
1759152600,78.09,78.125,77.575,78.11,11490635
1759239000,78.01,78.54,77.95,78.37,12306195
1759325400,78.265,78.49,77.8,78.25,10125356
1759411800,77.91,78.2,77.75,77.94,8422275
1759498200,77.91,78.35,77.805,78.03,8426602
1759757400,77.86,77.9182,77.375,77.46,10739977
1759843800,77.56,78.295,77.16,78.18,12084218
1759930200,78.12,78.13,77.655,77.79,9503197
1760016600,78.04,78.155,77.69,78.04,9316010
1760103000,78.3,78.77,78.1,78.1,20763544
1760362200,77.73,78.13,77.44,77.84,12692054
1760448600,77.92,79.125,77.785,79.09,12884079
1760535000,79.08,79.72,78.96,79.23,9111212
1760621400,79.43,79.745,78.48,78.68,13599959
1760707800,79.06,79.78,79.02,79.73,13984288
1760967000,79.895,80.005,79.525,79.66,13002573
1761053400,79.8,79.85,79.07,79.29,17471383
1761139800,79.41,80.25,78.99,79.74,13294716
1761226200,79.83,79.86,79.01,79.35,10809866
1761312600,79.88,79.9,79.06,79.09,12735872
1761571800,79.3,79.33,78.865,79.22,13984710
1761658200,78.91,79,78.41,78.43,8927477
1761744600,77.89,77.895,76.485,76.58,19894132
1761831000,76.61,76.95,76.47,76.5,17364757
1761917400,76.19,76.49,75.81,76.28,14658320
1762180200,76.12,76.18,75.46,75.68,16185549
1762266600,76,76.2,75.545,75.99,18147048
1762353000,75.9,76.205,75.51,75.94,15782850
1762439400,75.7,75.925,75.16,75.6,15452191
1762525800,76.13,76.85,75.88,76.71,16959500
1762785000,76.48,76.61,75.925,76.43,16805857
1762871400,76.67,77.535,76.61,77.43,19801244
1762957800,77.49,77.73,77.3,77.32,10978191
1763044200,77.33,77.79,77.12,77.32,15370846
1763130600,77.35,77.605,76.785,77.26,13138247
1763389800,77.28,77.6,76.715,76.77,13887065
1763476200,76.98,77.3785,76.635,77.1,16840253
1763562600,76.94,77.07,76.225,76.51,15122081
1763649000,76.75,77.38,76.7,77.06,21590433
1763735400,77.36,78.4,77.21,77.9,22215981
1763994600,77.8,77.93,76.895,77,17869356
1764081000,77.2,78.09,77.2,78.06,18586456
1764167400,78.06,79.11,78.06,78.91,13275355
1764340200,78.8,79.39,78.8,79.37,8914348
1764599400,79.26,79.525,79.04,79.29,16939933
1764685800,79.05,79.05,78.165,78.77,20550952
1764772200,78.93,79.55,78.74,78.83,16833228
1764858600,78.69,78.91,78.01,78.45,14269769
1764945000,78.4,78.99,78.23,78.46,13343343
1765204200,78.31,78.32,77.68,77.81,14602007
1765290600,77.98,78.215,77.65,77.99,14040458
1765377000,78.19,78.375,77.925,78.22,13945597
1765463400,78.41,79.07,78.4,78.8,13753779
1765549800,78.93,79.46,78.795,79.42,14506876
1765809000,79.63,79.905,79.3225,79.64,14499582
1765895400,79.79,79.97,79.095,79.28,13055385
1765981800,79.39,79.875,79.35,79.65,14268442
1766068200,79.33,79.82,79.14,79.19,12117088
1766154600,79.12,79.155,78.755,78.78,13142419
1766413800,77.97,78.195,77.725,77.88,10983567
1766500200,77.81,77.82,77.38,77.51,7638467
1766586600,77.55,78.185,77.545,78.12,4697107
1766759400,78.04,78.41,77.9718,78.23,8761343
1767018600,78.17,78.48,78.165,78.28,9242522
1767105000,78.1,78.3288,78.04,78.15,5610878
1767191400,77.99,78.12,77.67,77.68,5872235
1767364200,77.71,77.97,77.3,77.69,15968651
1767623400,77.56,77.57,76.755,77.35,23429671
1767709800,77.34,77.685,77.135,77.47,17108360
1767796200,77.56,77.69,76.6,76.62,18977228
1767882600,76.61,78.73,76.51,78.44,26260242
1767969000,78.43,79.335,78.37,79.25,18233995
1768228200,79.53,80.2699,79.255,80.18,26411167
1768314600,80.21,81.19,80.21,81.11,26284160
1768401000,81.08,82.35,81.05,82.23,32494174
1768487400,82.1,82.51,81.85,82.37,29123675
1768573800,82.15,82.28,81.715,82.11,23754641
1768919400,81.95,82.558,81.445,82.36,19888992
1769005800,82.17,82.57,81.655,82.44,23029190
1769092200,82.34,82.565,82.045,82.27,15777449
1769178600,82.38,82.94,82.31,82.91,20185704
1769437800,83.05,83.33,82.635,82.78,13187976
1769524200,82.76,83.235,82.4506,83.16,13532593
1769610600,83,83.4,81.95,82.32,16303217
1769697000,82.36,82.85,82.005,82.13,18799491
1769783400,82.18,83.51,82.03,83.51,18175076
1770042600,83.76,84.66,83.29,84.5,26041721
1770129000,84.12,86.34,84.06,85.87,33052470
1770215400,86.32,87.345,86.215,86.99,33748064
1770301800,87.58,87.635,86.47,86.92,38772869
1770388200,86.85,88.09,86.7,87.94,29568629
1770647400,87.91,88.22,86.88,87.43,21853933
1770733800,87.33,87.83,86.82,87.15,20908492
1770820200,86.99,88.71,86.73,88.4,25588303
1770906600,88.49,90.055,88.485,89.21,35282832
1770993000,89.05,90,88.62,89.51,25649732
1771338600,89.63,90.14,87.65,88.2,29819265
1771425000,87.93,88.52,87.62,88.04,20422247
1771511400,88,88.695,87.37,87.67,18447522
1771597800,87.67,87.95,87.175,87.89,17909420
1771857000,87.68,89.17,87.68,88.97,22070897
1771943400,88.96,89.78,88.76,89.74,20363994
1772029800,89.34,89.46,88.315,89.01,15215595
1772116200,89.26,89.6403,88.59,88.86,15925873
1772202600,88.98,90.06,88.96,90.01,17314174
1772461800,89.44,89.79,88.69,88.71,27606671
1772548200,88.35,88.51,87.155,87.74,36852811
1772634600,87.81,87.96,86.93,87.16,22736397
1772721000,86.34,86.44,85.06,85.41,33740475
1772807400,84.92,85.85,84.62,85.78,25859667
1773063000,85.27,86.16,84.8,85.97,20729345
1773149400,85.69,86.485,85.16,85.72,18864878
1773235800,85.55,85.605,84.205,84.59,18432222
1773322200,83.92,84.965,83.69,84.25,17862062
1773408600,84.71,85.11,84.56,84.74,13103773
1773667800,85.21,85.46,84.815,84.98,12882773
1773754200,85.4,85.675,84.64,84.7,12225076
1773840600,84.01,84.03,82.6,82.64,19412677
1773927000,82.62,83,81.83,81.97,18581346
1774013400,82.11,82.31,81.06,81.29,20895845
1774272600,81.78,81.83,80.98,81.18,21027372
1774359000,80.8,82.0257,80.63,81.11,14830405
1774445400,81.425,81.63,80.51,81.51,17648244
1774531800,81.48,82.23,81.065,81.14,14148373
1774618200,81.27,82.3151,80.99,81.78,25942474
1774877400,81.905,82.605,81.63,81.88,15855677
1774963800,82,82.27,81.145,81.98,19522738
1775050200,81.72,81.865,80.92,81.46,29643423
1775136600,81.71,81.98,81.16,81.89,20709754
1775482200,81.86,82.685,81.61,82.66,9796731
1775568600,82.46,82.535,81.1,81.26,13331211
1775655000,81.245,82.8,80.97,82.78,12645906
1775741400,82.24,83.6393,82.06,83.45,11716168
1775827800,83.38,83.41,82.14,82.37,12097038
1776087000,82.135,82.27,81.065,81.55,9981187
1776173400,81.055,81.75,80.71,81.47,11577702
1776259800,81.225,81.32,80.455,81.06,10893650
1776346200,80.99,81.795,80.87,81.43,13278977
1776432600,81.32,82.54,81.15,82.46,12252142
1776691800,82.55,82.95,82.075,82.39,9430765
1776778200,82.34,82.45,81.735,81.84,8710389
1776864600,82.09,82.51,81.845,82.11,9138450
1776951000,82.36,83.655,82.36,83.48,12354447
1777037400,83.76,83.86,82.95,83.23,10852669
1777296600,83.097,83.34,82.27,82.34,11126128
1777383000,83.6,83.65,82.615,83.08,10170436
1777469400,82.76,83.235,82.465,82.92,12096916
1777555800,83.29,84.44,83.18,84.31,15360194
1777642200,84.72,85.0556,83.74,84.17,13320047
1777901400,83.535,84.35,83.135,83.54,12599107
1777987800,83.48,84.46,83.27,84.06,10891521
1778074200,84.335,84.505,83.84,84.24,11530091
1778160600,83.93,84.295,83.145,83.98,10116915
1778247000,84.53,84.8,84.155,84.18,10323780
1778506200,84.08,84.29,82.825,83.37,11062689
1778592600,83.71,85.02,83.21,84.44,16104964
1778679000,84.2,85.255,84.135,84.72,10463186
1778765400,84.95,85.26,84.79,84.98,6627820
1778851800,85.53,85.59,84.505,84.64,12229979
1779111000,84.75,85.94,84.68,85.9,11634810
1779197400,85.82,86.695,85.16,86.09,12232979
1779283800,85.58,86.065,84.81,85.52,14035023
1779370200,84.56,84.77,83.44,84.66,13185649
1779456600,84.72,85.12,84.435,84.8,7890527
1779802200,84.79,84.89,83.525,83.63,9477329
1779888600,84.02,85.16,83.895,84.58,12224694
1779975000,84.86,84.95,84.365,84.43,6414608
1780061400,83.97,84.095,82.85,82.91,13011260
1780320600,82.505,82.635,81.68,82.03,20246671
1780407000,81.92,82.29,81.48,81.83,15723446
1780493400,81.79,82.72,81.65,82.16,14750322
1780579800,83.34,83.61,81.835,82.04,12184720
1780666200,82.59,84.39,82.44,83.44,17021495
1780925400,82.97,83.49,82.93,83.07,9544493
1781011800,83.18,84.59,83.04,84.1,12440595
1781098200,84.76,85.615,84.4,85.49,13134113
1781184600,85.675,85.96,85.2,85.27,18013563
1781271000,85.46,85.86,85.12,85.82,9363020
1781530200,85.472,85.77,85.13,85.48,10980243
1781616600,85.79,86.35,85.09,85.59,9364404
1781703000,85.19,85.39,83.355,83.68,18015155
1781789400,83.835,83.89,83.125,83.3,10447036
1782135000,82.66,83.14,82.15,82.18,11243604
1782221400,83.62,83.84,83.025,83.72,14963338
1782307800,84.035,84.81,83.82,84.44,11294898
1782394200,83.95,84.99,83.7,83.94,12078009
1782480600,84.65,85.2194,84.445,84.71,11372122
1782739800,84.905,85.075,84.045,84.37,10163763
1782826200,83.99,84.09,82.95,83.07,12752469
1782912600,83.095,83.33,82.77,83.3,12210125
1782999000,83.75,85.135,83.75,84.99,16706936
1783344600,84.8,85.1,83.315,84.1,13176602
1783431000,85.52,85.958,84.45,84.86,13234972
1783517400,85.17,85.3,84.35,84.39,10998508
1783603800,83.55,83.835,83.11,83.2,11322072
1783690200,83.24,84.19,83.17,84.12,8305379
1783949400,84.55,85.54,84.375,84.59,8118929
1784035800,84.51,84.735,83.345,83.42,7871374
1784122200,83.1,84.22,82.97,83.47,7387833
1784208600,84.14,85.815,84.04,85.81,12146533
1784295000,86.79,87.43,84.755,85.19,15692309
1784554200,85.135,85.399,84.56,84.86,8571138
1784640600,84.43,84.6,83.915,84.06,7388015
1784727000,84.578,85.015,84.07,84.38,6545689
1784813400,83.2,83.69,82.81,83.21,10351056
1784899800,83.37,84.28,83.16,84.13,9634563
1785159000,84.42,85.765,84.3768,85.36,12244255
1785245400,87.07,88.78,86.925,87.06,22253034
1785331800,86.34,87.875,86.34,87.36,14869133
1785418200,86,86.09,84.985,85.47,16609083
1785504600,84.85,85.43,84.325,85.05,11382923
1785763800,85.92,86.34,84.63,84.86,12592512
1785850200,84.29,85.43,83.86,85.37,13262075
1785936600,85.74,85.88,84.79,85.33,7739064
1786023000,86.31,86.41,84.685,85.11,8275988
1786109400,84.5,85.21,84.25,85.12,5690651
1786368600,84.66,85.045,84.33,84.95,6917535
1786455000,84.62,84.98,84.345,84.69,7358402
1786541400,84.085,85.13,84.01,85.08,6448307
1786627800,85.61,86.2,85.51,86,10352933
1786714200,86,86.3,85.82,86.09,6970193
1786973400,85.36,85.61,84.59,84.68,10513381
1787059800,85.76,86.19,85.13,85.58,10663176
1787146200,85.72,87.19,85.72,86.54,11244297
1787232600,85.2,86,85,85.32,11495323
1787319000,85.6,86.01,85.28,85.99,11194148
1787578200,86.45,87.465,86.45,87.45,9108098
1787664600,86.86,87.01,86.245,86.52,7022996
1787751000,86.62,86.685,86.25,86.27,7317379
1787837400,85.31,85.855,85.065,85.08,8495980
1787923800,85.5,85.605,85.21,85.45,6809306
1788183000,85.35,85.35,84.9,84.98,7012595
1788269400,85.51,86.16,85.15,85.25,9353794
1788355800,85.37,86.08,85.04,85.53,8445238
1788442200,85.37,85.645,84.78,85.26,10265945
1788528600,84.82,85.3,84.535,84.58,9904156
1788874200,84.28,84.57,83.81,84.02,13546347
1788960600,83.51,83.52,82.85,83.05,12246887
1789047000,83.37,83.81,83.06,83.09,10349529
1789133400,83.51,83.69,83.04,83.38,10836906
