t,o,h,l,c,v
1412688600,63.98,64.01,63.09,63.09,11281754
1412775000,63.22,64.75,63.055,64.7,11412295
1412861400,64.6,64.665,63.32,63.36,15686362
1412947800,63.29,64.06,62.97,62.97,15607184
1413207000,63,63.03,61.41,61.48,17939415
1413293400,61.85,62.06,60.6,61.02,19320985
1413379800,60.33,60.79,59.205,60.52,32120124
1413466200,59.7,60.915,59.45,60.21,30185004
1413552600,60.79,61.56,60.645,61.17,15704741
1413811800,60.97,61.96,60.97,61.91,9854756
1413898200,62.43,63.59,62.37,63.55,14962042
1413984600,63.57,63.73,63.05,63.23,13813756
1414071000,63.73,64.66,63.73,64.31,11165017
1414157400,64.49,65.24,64.35,65.21,9703455
1414416600,65.22,65.35,64.99,65.28,9110783
1414503000,65.8,65.8,65.18,65.76,8770851
1414589400,65.74,65.975,65.35,65.79,10162376
1414675800,65.69,67.04,65.63,67,11630631
1414762200,67.86,67.99,67.05,67.27,11388664
1415025000,67.37,67.46,66.87,67.35,8681072
1415111400,67.33,67.54,66.95,67.36,5716005
1415197800,67.97,67.99,67.13,67.29,6592084
1415284200,67.38,67.85,67.38,67.7,7962369
1415370600,67.7,67.76,66.82,67.03,13895564
1415629800,67.18,67.7351,66.92,67.71,5455262
1415716200,67.86,68.21,67.69,67.96,9777484
1415802600,67.7,67.97,67.59,67.86,3879944
1415889000,67.96,68.2,67.49,67.81,5216636
1415975400,67.79,67.79,66.98,67.25,6331845
1416234600,67.11,67.76,67.11,67.58,8587202
1416321000,67.63,68.72,67.57,68.67,8240094
1416407400,68.59,68.63,68.1102,68.29,6253619
1416493800,67.99,68.27,67.775,68,9041595
1416580200,68.68,68.82,68.13,68.32,8098686
1416839400,68.59,68.68,68.45,68.67,5020069
1416925800,68.81,68.97,68.485,68.76,5510248
1417012200,68.99,69.21,68.72,69.18,5325907
1417185000,69.25,69.99,69.25,69.61,4395483
1417444200,69.36,69.94,69.27,69.44,8537446
1417530600,69.69,70.31,69.69,70.21,7444845
1417617000,70.37,70.4272,70.05,70.32,6576989
1417703400,70.2,70.61,69.96,70.23,4235366
1417789800,70.28,70.849,70.21,70.79,8325072
1418049000,70.7,71.4263,70.7,71.04,5942764
1418135400,70.22,70.81,69.81,70.74,9776261
1418221800,70.69,70.73,69.6,69.65,9011217
1418308200,69.91,70.67,69.69,69.85,7383296
1418394600,69.46,69.86,68.72,68.78,10438571
1418653800,69.19,69.21,67.91,68.15,17776209
1418740200,67.86,69.02,67.32,67.36,14735628
1418826600,67.44,68.785,67.31,68.62,17776237
1418913000,69.43,70.51,69.28,70.5,16048093
1418999400,70.5,70.93,70.02,70.41,17821989
1419258600,70,70.12,69.39,69.74,9896619
1419345000,69.9,69.95,67.78,68.14,22190387
1419431400,68.19,69.025,68.13,68.64,4519110
1419604200,68.91,69.32,68.87,69.13,4242831
1419863400,69.06,69.47,68.98,69.37,5225880
1419949800,69.26,69.42,68.99,69.07,4965135
1420036200,69.27,69.66,68.37,68.38,7863590
1420209000,68.71,69.3501,68.35,68.63,7516770
1420468200,68.32,68.875,68.15,68.28,10784758
1420554600,68.51,69.09,67.63,68.05,13344507
1420641000,68.51,69.67,68.36,69.65,14146442
1420727400,70.34,70.92,70.22,70.84,22138371
1420813800,70.9,70.98,69.97,70.21,9724348
1421073000,70.75,70.996,70.05,70.24,11972057
1421159400,70.9,71.29,69.34,69.93,14219779
1421245800,69.26,69.995,69.07,69.82,12547964
1421332200,70.08,70.21,69.0301,69.07,16382777
1421418600,68.96,70.495,68.94,70.37,13759279
1421764200,70.48,70.66,69.55,70.37,10387243
1421850600,70.3,70.78,69.95,70.51,8391032
1421937000,70.82,71.36,69.84,71.35,11497378
1422023400,71.25,71.32,70.905,70.94,6815557
1422282600,71.01,71.35,70.58,71.31,7871692
1422369000,70.67,71.3,70.5,70.8,10040133
1422455400,70.93,71.19,69.665,69.78,11005442
1422541800,69.78,70.43,69.22,70.37,12119965
1422628200,70.07,70.53,69.17,69.27,13886498
1422887400,69.4,69.69,68.44,69.66,18042262
1422973800,70,70.16,69.07,70.13,17432769
1423060200,69.29,69.63,68.87,69.25,15184796
1423146600,69.69,70.48,69.69,70.42,10801369
1423233000,70.42,70.7099,69.59,69.78,11886074
1423492200,69.46,69.6599,68.8,68.96,8139027
1423578600,69.52,70.19,69.36,70.12,8629017
1423665000,70.18,70.57,69.79,70.19,8088132
1423751400,70.52,70.639,69.85,70.44,10124113
1423837800,70.49,70.78,70.17,70.72,8592300
1424183400,70.79,71.26,70.72,71.23,8381717
1424269800,71.22,71.35,70.87,71.31,7780916
1424356200,71.23,71.55,71.11,71.43,5383564
1424442600,71.33,72.21,71.2,72.18,8213664
1424701800,72.29,72.74,72.1611,72.51,8577479
1424788200,72.61,72.65,72.15,72.42,8052216
1424874600,72.36,72.605,72.1,72.39,9629676
1424961000,72.39,72.62,72.0501,72.59,4424872
1425047400,72.56,72.65,72.2,72.24,6745251
1425306600,72.47,72.91,72.34,72.89,6769915
1425393000,72.85,72.86,71.87,72.23,10144017
1425479400,72.02,72.68,71.6,72.58,9153510
1425565800,72.67,73.17,72.58,72.84,6252116
1425652200,72.5,72.66,71.315,71.41,12314891
1425907800,71.63,71.92,71.22,71.85,10306278
1425994200,71.22,71.54,71,71.05,12323925
1426080600,71.43,71.51,70.9627,71.01,7525106
1426167000,71.34,71.95,71.27,71.95,7574171
1426253400,71.85,72.28,71.33,71.81,6480353
1426512600,72.43,73.41,72.17,73.4,13635139
1426599000,73.14,73.34,72.735,73.19,10142499
1426685400,73.03,74.45,72.75,74.14,12886940
1426771800,74.14,74.665,74.01,74.57,9403877
1426858200,75.4,76.01,74.48,74.9,9544290
1427117400,74.67,75.09,74.404,74.69,4667762
1427203800,74.78,74.98,74.03,74.04,8467691
1427290200,74.25,74.62,72.67,72.69,15039073
1427376600,72.28,73.12,71.92,72.52,18253751
1427463000,72.72,73.32,72.6,73.04,8841565
1427722200,73.63,73.89,73.54,73.78,8008154
1427808600,73.49,74.17,72.5,72.5,8442900
1427895000,72.53,72.81,71.31,71.77,21829329
1427981400,71.84,72.32,71.64,71.99,7560107
1428327000,71.59,72.49,71.5,72.1,5746209
1428413400,72.28,72.81,72.21,72.27,5599340
1428499800,72.43,73.2,72.34,72.88,12577094
1428586200,72.9,73.55,72.795,73.43,8181416
1428672600,73.5,74.16,73.21,74.06,5084287
1428931800,74.11,74.44,73.63,73.66,6814835
1429018200,73.74,73.86,73.18,73.78,5878683
1429104600,74.19,74.33,73.83,73.97,6254622
1429191000,74.05,74.23,73.82,73.93,4439529
1429277400,73.46,73.65,72.815,73.29,12115355
1429536600,73.66,73.94,73.55,73.74,6659541
1429623000,74.11,74.45,74.08,74.23,6577201
1429709400,74.4,74.51,73.97,74.35,6078169
1429795800,74.24,74.82,73.89,74.63,10532499
1429882200,74.48,74.73,74.07,74.39,10397196
1430141400,74.57,74.64,72.945,73.04,17847730
1430227800,73.25,73.53,72.2,73.4,15798381
1430314200,72.89,73.41,72.25,72.73,13661257
1430400600,72.42,72.78,71.33,71.709,14554425
1430487000,72.2,72.72,72.19,72.68,11508332
1430746200,72.96,73.43,72.79,73.14,8561748
1430832600,72.99,73,72.15,72.22,11373760
1430919000,72.41,72.45,71.42,71.94,10152164
1431005400,71.84,72.53,71.73,72.28,9019729
1431091800,73.02,73.65,72.96,73.45,11222370
1431351000,73.71,73.84,73.42,73.49,7980692
1431437400,72.96,73.32,72.68,73.02,7019849
1431523800,73.26,73.64,72.97,73.1,6005823
1431610200,73.49,74.14,73.19,74.11,6894435
1431696600,74.24,74.35,74.0295,74.26,3872343
1431955800,74.21,74.79,74.17,74.7,6792243
1432042200,74.8,75.24,74.61,75.05,5869169
1432128600,75.18,75.47,74.85,75.15,10577011
1432215000,75.13,75.2356,74.88,75.16,4537941
1432301400,75.03,75.34,74.92,74.98,4612315
1432647000,74.75,74.83,74.07,74.22,9533833
1432733400,74.48,75.16,74.28,75.08,13043718
1432819800,75.07,75.34,74.77,75.13,5766396
1432906200,75.01,75.62,74.71,74.94,9839177
1433165400,75.37,75.5299,74.74,75.24,7466723
1433251800,75,75.09,74.46,74.75,5722417
1433338200,75,75.07,74.68,74.89,5357958
1433424600,74.61,74.91,74.11,74.37,6479514
1433511000,74.27,74.39,73.74,74.34,7772234
1433770200,74.36,74.52,73.97,73.97,6736570
1433856600,74.21,74.21,73.66,73.95,8297533
1433943000,74.12,74.95,73.98,74.86,7728761
1434029400,75.44,75.49,74.97,75.37,4912014
1434115800,75,75.1099,74.34,74.44,6330563
1434375000,73.97,74.68,73.59,74.53,7150167
1434461400,74.49,74.935,74.33,74.9,6041425
1434547800,74.99,75.16,74.5,74.97,5132122
1434634200,75.11,76.276,75.08,76.03,9511182
1434720600,75.84,76.005,75.66,75.71,10327390
1434979800,76.27,76.66,76.21,76.3,6635028
1435066200,76.41,76.65,76.18,76.45,4631642
1435152600,76.35,76.42,75.68,75.68,7294405
1435239000,75.91,76.46,75.71,76.1,9232471
1435325400,76.21,76.5,75.72,75.99,6147481
1435584600,75.33,75.719,74.09,74.13,13675872
1435671000,74.93,74.95,74.15,74.39,8722219
1435757400,75.16,75.26,74.75,75.19,7756536
1435843800,75.36,75.41,74.695,74.84,5678771
1436189400,74.14,75.275,74.14,74.81,9352585
1436275800,74.91,75.17,73.885,75.17,10653269
1436362200,74.57,74.8,73.86,73.88,13074865
1436448600,74.68,74.87,74.24,74.28,6654595
1436535000,75.21,75.37,74.78,75.28,8059479
1436794200,75.82,76.08,75.61,75.92,7815118
1436880600,75.96,76.78,75.79,76.68,5831836
1436967000,76.92,77.26,76.56,76.78,6994934
1437053400,77.06,77.25,76.84,77.14,5109242
1437139800,77.05,77.07,76.66,76.97,3877857
1437399000,77.07,77.4,76.99,77.22,3874760
1437485400,77.19,77.39,76.534,76.88,8140190
1437571800,76.67,77.12,76.55,77.05,5765359
1437658200,77.19,77.35,76.625,76.77,5677435
1437744600,76,76.05,74.71,74.85,13229714
1438003800,74.67,74.93,74.39,74.78,11036985
1438090200,75.2,76.15,74.82,76.13,11445082
1438176600,76.46,76.61,75.94,76.26,9367016
1438263000,76.19,76.33,75.555,76.15,5381101
1438349400,76.44,76.93,76.39,76.59,7910277
1438608600,76.67,76.9,76.01,76.53,8447825
1438695000,76.91,76.95,76.25,76.49,10778684
1438781400,76.96,77.26,76.83,77.13,5391231
1438867800,77.2,77.27,75.375,75.45,13360150
1438954200,75.43,75.57,74.53,75.32,10863619
1439213400,75.57,76.26,75.57,75.93,7951120
1439299800,75.41,75.69,74.91,75.29,7914867
1439386200,74.72,75.42,73.9,75.34,9665895
1439472600,75.4,75.68,74.985,75.17,6329317
1439559000,74.96,75.42,74.795,75.38,5503959
1439818200,75.13,76.16,74.83,76.14,5795993
1439904600,76.06,76.444,75.91,76.03,5465905
1439991000,75.62,76.24,75.18,75.72,10070340
1440077400,75.16,75.4462,73.96,73.96,12992869
1440163800,73.22,73.85,71.69,71.7,24008292
1440423000,67.39,71.07,56.63,68.65,33675689
1440509400,70.8,71.34,67.86,67.96,17883746
1440595800,69.84,70.9,68.17,70.83,26115647
1440682200,71.75,72.31,70.69,72.21,18689677
1440768600,71.85,72.2399,71.23,71.8,10045598
1441027800,71.48,72.1,70.31,70.49,15143084
1441114200,68.64,69.76,68.32,68.64,21723623
1441200600,69.78,70.05,68.91,70.05,12491700
1441287000,70.45,70.84,69.39,69.55,14080063
1441373400,68.49,69.27,68.18,68.68,16587918
1441719000,69.94,70.7,69.52,70.6,11697448
1441805400,71.42,71.47,69.33,69.51,12423990
1441891800,69.54,70.71,69.32,70.18,17313714
1441978200,69.89,70.66,69.69,70.63,7633029
1442237400,70.65,70.7799,70.09,70.41,6232241
1442323800,70.76,71.59,70.5,71.42,8414579
1442410200,71.45,71.75,70.91,71.62,12003378
1442496600,71.55,73.26,71.55,72.27,19148977
1442583000,71.02,71.674,70.81,70.91,23715976
1442842200,71.4,71.57,69.5,69.97,23860059
1442928600,69.01,69.655,68.76,69.54,29233976
1443015000,69.6,70.12,69.11,69.47,9578719
1443101400,68.9,69.17,67.9869,68.76,20064475
1443187800,69.31,69.5199,66.345,66.88,30973747
1443447000,66.46,66.6,63.73,64.29,66470176
1443533400,64.46,65.98,64.075,64.88,31776031
1443619800,65.84,66.42,65.3796,66.23,26565616
1443706200,66.39,66.95,65.75,66.9,19853143
1443792600,66.03,68.3,65.72,68.29,23741758
1444051800,68.88,69.02,67.8,68.47,18389806
1444138200,68.25,68.45,65.91,66.86,30431551
1444224600,67.35,68.26,66.53,67.93,27466142
1444311000,67.54,68.35,66.87,68.13,23182733
1444397400,68.24,68.73,67.94,68.44,13890014
1444656600,68.14,68.84,68.05,68.62,11074523
1444743000,68.31,69.19,67.69,67.76,17273345
1444829400,68.12,68.68,67.445,67.63,21786239
1444915800,67.26,69.14,67.185,69.14,22133323
1445002200,69.33,69.86,69.155,69.76,17656979
1445261400,69.53,70.2,69.15,70.01,15694684
1445347800,69.79,70.01,68.615,68.91,14802071
1445434200,69.3,69.57,67.16,68.29,36068323
1445520600,68.39,68.5,67.03,67.88,35524535
1445607000,68.58,69.69,68.3,69.33,26524171
1445866200,69.16,70.07,68.93,69.6,17831899
1445952600,69.79,70.88,69.78,70.88,25160920
1446039000,70.77,71.505,70.14,71.47,18157979
1446125400,71.88,73,71.49,71.79,22780683
1446211800,72.01,72.205,71.34,71.34,12427166
1446474600,71.75,72.91,71.34,72.86,18646619
1446561000,72.67,72.83,72.09,72.6,10428704
1446647400,72.86,72.88,71.84,72.28,11533043
1446733800,72.33,72.35,71.37,72.05,9171965
1446820200,71.61,71.82,70.92,71.75,12661051
1447079400,71.62,71.62,70.79,71.2,15624969
1447165800,71.22,71.84,71.075,71.68,9737401
1447252200,71.95,71.95,70.96,70.97,10580927
1447338600,70.78,70.89,69.74,69.74,10870840
1447425000,69.6,70.28,69.48,69.57,18196826
1447684200,69.42,70.44,69.41,70.44,12959812
1447770600,70.58,71.21,70.22,70.74,7882337
1447857000,70.78,72.2,70.78,72.12,12816317
1447943400,71.66,71.75,70.85,70.91,11127995
1448029800,71.28,71.87,71.28,71.52,9224471
1448289000,71.38,71.78,71.13,71.34,10362770
1448375400,70.9,71.63,70.86,71.56,7174651
1448461800,71.75,72.05,71.6,71.95,4594389
1448634600,72.14,72.22,71.9,72.09,2657960
1448893800,72.2,72.21,71.11,71.11,8846140
1448980200,71.48,72.37,71.3171,72.31,10659529
1449066600,72.39,72.6085,71.59,71.7,9875112
1449153000,71.76,71.85,69.82,70.13,13191350
1449239400,70.44,71.89,70.272,71.78,14929777
1449498600,71.63,72,71.01,71.38,8511194
1449585000,70.84,71.74,70.84,71.54,7483564
1449671400,71.21,71.9,70.54,70.82,17593633
1449757800,70.82,71.84,70.75,71.35,9778498
1449844200,70.59,70.88,70.21,70.3,15178270
1450103400,70.57,70.85,69.67,70.76,21091489
1450189800,71.53,72.02,71.3,71.68,14006263
1450276200,72.28,72.72,71.27,72.61,15273744
1450362600,72.81,72.81,71.77,71.83,11469063
1450449000,71.34,71.43,70.48,70.49,15159769
1450708200,70.91,71.13,70.55,71.13,6707204
1450794600,71.38,71.71,70.965,71.61,7495791
1450881000,72.06,72.54,71.99,72.38,8090966
1450967400,72.14,72.68,72.11,72.45,2568255
1451313000,72.24,72.2999,71.91,72.11,6534743
1451399400,72.59,73.16,72.44,72.99,7243106
1451485800,72.91,73.1,72.61,72.68,8496453
1451572200,72.42,72.75,72.03,72.03,6591727
1451917800,70.77,71,70.01,70.73,19666268
1452004200,70.93,71.38,70.76,71.07,14540153
1452090600,70.06,70.98,70,70.49,14651688
1452177000,69.13,70.01,68.87,69.06,17850377
1452263400,69.47,69.65,67.9,68.02,17022809
1452522600,68.32,68.345,66.26,67.21,28563797
1452609000,67.75,68.46,66.96,68.07,13726950
1452695400,68.2,68.52,65.98,66.05,16202462
1452781800,66.22,68.26,65.81,67.82,23342269
1452868200,66.1,67.18,65.92,66.87,17882291
1453213800,67.6,67.85,66.13,66.86,13495221
1453300200,65.68,67.64,64.86,66.99,24665612
1453386600,67.16,67.5,66.16,66.79,17102840
1453473000,67.73,68.03,67.405,67.85,11343828
1453732200,67.65,68.1,67.13,67.22,10131859
1453818600,67.26,67.86,66.74,67.73,12449656
1453905000,67.61,68.32,66.49,66.96,15924738
1453991400,67.28,67.32,65.05,65.4,26127268
1454077800,65.26,66.5,65.07,66.47,17578208
1454337000,66.02,66.91,65.67,66.57,16705670
1454423400,66.1,66.275,65.41,65.61,12968699
1454509800,65.8,66.11,64.57,66.04,19453147
1454596200,65.84,66.42,65.09,65.68,18958125
1454682600,65.32,65.5,64.065,64.4,16743961
1454941800,63.68,63.945,62.76,63.52,24652766
1455028200,62.75,64.63,62.68,63.9908,20741677
1455114600,64.41,65.56,64.355,64.56,14728499
1455201000,63.4,64.03,63.04,63.52,22801091
1455287400,63.87,64.4,63.33,64.37,10315981
1455633000,65.06,65.61,64.84,65.58,17302955
1455719400,66.09,66.49,65.59,66.41,12140012
1455805800,66.49,66.76,65.84,66,9722072
1455892200,65.68,66.12,65.515,65.93,8875405
1456151400,66.47,66.88,66.36,66.87,7515726
1456237800,66.69,67.04,66.3,66.37,8211934
1456324200,65.99,66.68,65.285,66.59,11118606
1456410600,66.89,67.46,66.56,67.42,9496414
1456497000,67.73,68,67.24,67.3,10365818
1456756200,67.1,67.27,66.2,66.2292,11091742
1456842600,66.6,67.67,66.16,67.65,14549057
1456929000,67.49,67.78,67.35,67.7608,10923739
1457015400,67.59,67.65,66.9549,67.57,10815045
1457101800,67.57,67.84,67.095,67.41,9855654
1457361000,66.97,68.18,66.96,67.9508,11082434
1457447400,67.55,67.77,67.03,67.1208,8204189
1457533800,67.3,67.53,66.78,67.24,13032476
1457620200,67.57,68.03,66.76,67.28,11288361
1457706600,67.71,68.6,67.66,68.59,10618305
1457962200,68.34,68.57,68.125,68.3,6140946
1458048600,67.85,67.99,67.04,67.24,15226481
1458135000,67.11,67.465,66.55,67.08,16881339
1458221400,67.02,67.03,65.66,66.3,20920457
1458307800,66.18,67.08,66.06,66.84,19524758
1458567000,66.9,67.37,66.79,67.23,12183575
1458653400,67.01,68.11,67.01,67.9,13200185
1458739800,67.85,67.97,67.355,67.42,9105057
1458826200,67.12,67.64,66.87,67.39,8492750
1459171800,67.57,67.6399,67.1,67.2,7156295
1459258200,67.08,68.04,66.85,67.98,10455626
1459344600,68.32,68.5,67.87,67.99,7607715
1459431000,67.89,68.29,67.75,67.78,8602692
1459517400,67.5,68.8,67.37,68.55,9120164
1459776600,68.71,69.62,68.7,69.37,17381180
1459863000,68.56,68.88,68.31,68.47,16555121
1459949400,68.49,70.34,68.49,70.3108,24546616
1460035800,69.81,70.28,69.18,69.54,19216681
1460122200,69.97,70,68.935,69.35,12883771
1460381400,69.32,69.52,68.67,68.82,8695545
1460467800,68.81,69.525,68.8,69.38,13510509
1460554200,69.7,70.07,69.325,70.03,9706171
1460640600,70.01,70.3,69.81,70.07,6655195
1460727000,70.24,70.24,69.55,70.02,7945340
1460986200,69.82,70.746,69.71,70.67,11505376
1461072600,70.79,71.3,70.53,70.92,6655013
1461159000,70.94,71.64,70.88,71.3,10763418
1461245400,71.34,71.88,71.25,71.72,12463114
1461331800,71.76,72.115,71.44,71.87,12052773
1461591000,71.6,71.82,71.36,71.59,8937489
1461677400,71.73,71.73,71.11,71.32,7433502
1461763800,71.37,71.54,70.94,71.24,9121173
1461850200,70.83,71.59,70.51,70.9,19512040
1461936600,70.26,70.395,69.37,69.7908,13577850
1462195800,69.92,70.2211,69.63,70.19,9074808
1462282200,69.94,70.4,69.7,69.975,9436765
1462368600,69.53,69.65,69.11,69.3008,11802044
1462455000,69.31,69.69,69.155,69.59,10145219
1462541400,69.34,69.54,68.61,69.18,14164252
1462800600,69.18,70.185,69.15,69.97,13606997
1462887000,70.25,70.57,70.06,70.56,11073007
1462973400,70.45,70.63,69.7,69.71,8452541
1463059800,69.86,70.07,68.9,69.3,11322942
1463146200,69.22,69.67,69.08,69.14,11947338
1463405400,69.15,70.23,69.1199,70.08,8338124
1463491800,69.95,70.13,69.1,69.35,14919984
1463578200,69.24,69.99,69.17,69.64,11524253
1463664600,69.24,69.555,68.61,69.05,8765724
1463751000,69.31,69.93,69.28,69.69,7926080
1464010200,69.59,69.72,69.35,69.41,5061439
1464096600,69.76,70.52,69.67,70.41,11936372
1464183000,70.6,70.99,70.59,70.85,8953615
1464269400,70.88,71,70.63,70.86,5257683
1464355800,70.81,71.34,70.81,71.18,9641321
1464701400,71.4,71.52,71.04,71.35,7669813
1464787800,71.13,71.765,71.07,71.61,9301692
1464874200,71.55,72.53,71.46,72.53,12473090
1464960600,72.31,72.5463,71.71,72.29,13895958
1465219800,72.3,72.81,72.12,72.6808,9117597
1465306200,72.38,72.45,72.05,72.2292,6439115
1465392600,72.17,72.61,72.01,72.48,4621255
1465479000,72.32,72.835,72.15,72.36,9608545
1465565400,71.94,71.98,71.45,71.78,10270936
1465824600,71.52,72.06,71.19,71.21,8724591
1465911000,71.04,71.35,70.74,71.32,8000477
1465997400,71.51,71.66,70.77,70.83,7861117
1466083800,70.62,71.2,70.27,71.08,9341198
1466170200,70.9,70.93,69.8,70.06,10799114
1466429400,70.66,71,70.41,70.5,7983661
1466515800,70.74,70.81,70.095,70.255,7014947
1466602200,70.26,71.25,70.2,70.46,11207552
1466688600,71.08,71.39,70.75,71.38,7626917
1466775000,69.35,70.4,69.05,69.29,22576537
1467034200,68.84,69.08,68.09,68.38,18634739
1467120600,68.86,69.77,68.845,69.71,13652372
1467207000,70.2,71.24,70.2,71.04,8968421
1467293400,71.18,71.75,70.83,71.705,9535175
1467379800,71.87,72.33,71.64,72.16,6793136
1467725400,71.73,72.38,71.73,72.09,8359777
1467811800,71.98,73.05,71.9,72.9,18791528
1467898200,73.34,73.35,72.46,72.79,8022362
1467984600,73.15,73.71,72.76,73.69,11013236
1468243800,73.91,74.1,73.42,73.49,7375092
1468330200,73.65,73.955,73.59,73.85,10237174
1468416600,74.08,74.175,73.745,73.82,6401925
1468503000,74.31,74.66,73.87,74.14,4813169
1468589400,74.42,74.63,73.985,74.08,7131321
1468848600,74.1,74.25,73.84,74.11,3954259
1468935000,74.2,74.375,73.73,73.95,6634712
1469021400,74.29,74.745,74.19,74.62,6855045
1469107800,74.62,74.99,74.55,74.84,9230809
1469194200,74.83,75.08,74.615,74.99,5446479
1469453400,75.01,75.07,74.45,74.91,5868392
1469539800,74.62,74.89,74.48,74.78,6904219
1469626200,74.63,75.2355,74.49,75.12,7983149
1469712600,75,75.24,74.68,75.05,5470050
1469799000,74.91,75.34,74.731,75.2,4889200
1470058200,75.27,76,75.27,75.68,9255078
1470144600,75.74,75.74,74.93,75.39,12149329
1470231000,75.34,75.39,75.03,75.18,9761216
1470317400,75.23,75.35,74.97,75.07,8415450
1470403800,75.4,75.4,74.8301,75.25,8244367
1470663000,75.19,75.19,74.35,74.61,6655527
1470749400,75.01,75.0464,74.58,74.79,11261259
1470835800,74.76,74.76,74.34,74.535,7031564
1470922200,74.74,75.05,74.6,74.97,6599846
1471008600,74.83,74.865,74.51,74.78,6211941
1471267800,74.78,75.085,74.78,74.91,4122513
1471354200,74.8,74.81,74.24,74.24,6042305
1471440600,74.08,74.45,73.925,74.39,7296304
1471527000,74.38,74.58,74.19,74.42,4180054
1471613400,74.27,74.41,74.035,74.36,4323457
1471872600,74.39,74.785,74.31,74.51,4090216
1471959000,74.77,75,74.54,74.58,8557869
1472045400,74.55,74.705,73.23,73.41,8670361
1472131800,73.21,73.51,72.47,72.79,8766486
1472218200,72.87,73.45,72.63,73.07,9974260
1472477400,73.1,73.41,72.92,73.23,7372084
1472563800,73.32,73.32,72.8,72.98,5497785
1472650200,72.88,72.97,72.48,72.76,4756812
1472736600,72.76,72.85,72.24,72.57,9501445
1472823000,72.72,72.87,72.45,72.65,8052275
1473168600,72.77,73.07,72.66,72.91,8735819
1473255000,72.85,73.17,72.7,72.91,7561580
1473341400,72.68,73.025,72.61,72.97,4822216
1473427800,72.56,72.56,71.49,71.51,14135544
1473687000,71.105,72.76,71.09,72.57,13023429
1473773400,72.12,72.12,71.22,71.6,12194203
1473859800,71.57,72.07,71.31,71.6,13108529
1473946200,71.47,72.54,71.3,72.34,9636862
1474032600,71.99,72.21,71.825,72.11,8690989
1474291800,72.29,72.435,71.76,71.85,9919663
1474378200,72.16,72.34,72.035,72.07,5286599
1474464600,72.31,72.93,71.87,72.79,8485850
1474551000,73.09,73.47,73.05,73.34,6502150
1474637400,73.23,73.41,73.095,73.11,5420444
1474896600,72.84,72.9,72.09,72.26,5534058
1474983000,72.17,72.78,72.01,72.77,7839016
1475069400,72.84,72.85,72.28,72.66,6522589
1475155800,72.57,72.66,71.17,71.38,8857866
1475242200,71.53,72.31,71.485,72.11,7453463
1475501400,71.79,72.05,71.49,72.05,9187859
1475587800,71.97,72.27,71.5451,71.91,10594605
1475674200,72.1,72.35,71.985,72.19,12842056
1475760600,71.95,72.02,71.49,71.92,9308917
1475847000,71.85,72.21,71.45,71.87,9920420
1476106200,72,72.42,72,72.2,11039462
1476192600,71.85,71.85,70.08,70.39,12499679
1476279000,70.43,70.71,69.99,70.06,11746381
1476365400,69.65,70.35,69.42,70.09,13623090
1476451800,70.25,70.44,69.6,69.62,8382388
1476711000,69.51,69.65,69.24,69.39,8462992
1476797400,70.03,70.37,69.86,70.22,5495839
1476883800,70.31,70.37,69.935,69.96,5296697
1476970200,70.05,70.51,69.92,70.29,6876029
1477056600,69.93,69.93,69.53,69.71,5511580
1477315800,70.02,70.09,69.58,69.58,7384722
1477402200,69.5,69.71,69.29,69.38,7922100
1477488600,69.27,69.38,68.675,68.96,8073737
1477575000,69.49,69.76,69.1,69.28,6974728
1477661400,68.45,68.64,67.48,67.78,18469311
1477920600,67.76,67.77,67.335,67.36,12688999
1478007000,67.4,67.59,66.48,67,14908656
1478093400,66.87,67.385,66.65,66.65,17942887
1478179800,66.87,67.15,65.96,66.02,22074152
1478266200,66.2,67.025,66.13,66.48,21382560
1478529000,67.2,68.365,67.16,68.18,17367791
1478615400,67.74,68.825,67.65,68.37,15943912
1478701800,71.31,71.57,69.26,70.78,49750120
1478788200,71.94,72.08,71.06,71.56,28379153
1478874600,71.36,71.36,70.18,70.49,15866062
1479133800,70.8,70.88,70.13,70.27,17406162
1479220200,70.54,70.54,69.815,70.47,10371554
1479306600,70.29,70.63,70.08,70.17,7585042
1479393000,70.22,70.469,70.015,70.45,12856186
1479479400,70.51,70.699,69.66,69.7,12185025
1479738600,69.85,70.02,69.765,69.95,6791829
1479825000,69.92,69.92,68.4735,68.94,14522066
1479911400,67.79,69.22,67.79,69.21,13676020
1480084200,69.41,69.54,69.205,69.48,4009283
1480343400,69.35,69.36,68.85,68.96,6507177
1480429800,69.12,69.61,69.11,69.41,7093901
1480516200,69.46,69.48,68.72,68.75,8640677
1480602600,68.83,69,68.05,68.25,11360653
1480689000,68.37,68.68,68.14,68.41,7964530
1480948200,68.69,68.79,68.07,68.29,5832104
1481034600,68.49,68.5,68.09,68.48,5490793
1481121000,67.94,67.94,66.97,67.89,12758870
1481207400,67.68,68.09,67.29,68.02,7586638
1481293800,68.26,68.976,68.26,68.85,12100155
1481553000,68.72,69.28,68.72,69.18,15018142
1481639400,69.43,69.84,69.23,69.74,11041413
1481725800,69.73,70.1,69.1401,69.38,11682151
1481812200,69.66,69.9,69.4087,69.83,8210088
1481898600,69.68,69.87,69.38,69.58,8257063
1482157800,69.63,69.94,69.2,69.29,9318325
1482244200,69.32,69.48,69.08,69.24,4884998
1482330600,69.28,69.31,68.73,68.85,5432275
1482417000,68.76,68.96,68.48,68.94,4458413
1482503400,68.96,69.5,68.96,69.46,4188703
1482849000,69.55,70,69.53,69.6,5141174
1482935400,69.67,69.75,69.06,69.07,4558824
1483021800,69.11,69.41,69.0779,69.19,5539273
1483108200,69.2,69.27,68.72,68.94,6648979
1483453800,69.31,69.86,69.22,69.84,11792938
1483540200,69.95,70.58,69.95,70.39,9174456
1483626600,70.33,70.77,70.27,70.75,5979290
1483713000,70.77,71.15,70.515,70.95,5769255
1483972200,70.95,71.37,70.82,71.25,5751911
1484058600,71.37,71.91,71.21,71.5,10320463
1484145000,71.59,71.84,70.05,70.78,23741959
1484231400,70.43,70.89,70.26,70.85,9358905
1484317800,70.91,71.16,70.75,70.92,5279017
1484663400,70.48,70.68,69.98,70.56,6038233
1484749800,70.7,70.86,70.33,70.47,6174216
1484836200,70.45,70.61,69.91,70.02,6470661
1484922600,70.02,70.37,69.78,69.84,7006899
1485181800,69.75,69.938,69.29,69.55,10003675
1485268200,69.48,69.53,68.75,69.07,8703494
1485354600,69.13,69.75,69.09,69.72,6553834
1485441000,69.57,69.69,69.17,69.18,6612453
1485527400,69.34,69.8,69.32,69.75,7264900
1485786600,69.58,69.72,69.12,69.41,7281928
1485873000,69.04,70.52,68.99,70.52,14342468
1485959400,70.52,71.13,70.38,71.13,19490501
1486045800,70.78,71.15,70.555,71.11,14539361
1486132200,71.34,71.49,71,71.42,15104788
1486391400,71.29,71.5,71.15,71.5,11561794
1486477800,71.55,71.83,71.33,71.57,11278046
1486564200,71.19,71.535,70.99,71.46,6812927
1486650600,71.45,71.93,71.39,71.72,7869248
1486737000,71.83,72.02,71.66,71.86,4440343
1486996200,71.93,72.34,71.93,72.3,6465225
1487082600,72.22,72.87,72.165,72.87,10402997
1487169000,72.71,73.8,72.64,73.66,10091712
1487255400,73.68,73.75,73.06,73.56,11332623
1487341800,73.28,73.7,73.28,73.66,12118416
1487687400,73.65,74.23,73.65,73.99,10651815
1487773800,73.9,74.14,73.815,73.88,6634265
1487860200,73.96,74.545,73.87,74.42,8685596
1487946600,74.3,74.82,74.27,74.78,9103034
1488205800,74.83,75.18,74.67,75.14,8178202
1488292200,74.93,75.23,74.77,74.99,10258588
1488378600,75.44,75.93,75.225,75.74,15196599
1488465000,75.62,75.885,75.49,75.5,7889322
1488551400,75.39,75.86,75.365,75.8,6635276
1488810600,75.69,75.75,75.24,75.51,5886906
1488897000,74.89,75.36,74.74,74.98,12330631
1488983400,74.97,75.54,74.92,75.28,8130032
1489069800,75.27,75.79,75.22,75.69,8451394
1489156200,76.01,76.09,75.7,75.98,10455762
1489411800,76.05,76.05,75.62,75.92,6898546
1489498200,75.71,75.96,75.56,75.64,7296332
1489584600,75.75,76.745,75.745,76.59,11044878
1489671000,76.4,76.4,75.5601,75.85,12129389
1489757400,75.39,75.5262,75.12,75.16,10400969
1490016600,75.18,75.29,74.895,75.0359,4728301
1490103000,75.13,75.39,72.33,74.46,16650419
1490189400,74.57,74.6663,74.11,74.48,9954250
1490275800,74.39,74.7657,74.111,74.25,13250456
1490362200,74.29,74.62,73.98,74.29,9229473
1490621400,73.76,74.62,73.621,74.49,6946344
1490707800,74.34,74.64,74.11,74.54,7392285
1490794200,74.57,74.74,74.39,74.56,4357827
1490880600,74.47,74.72,74.27,74.57,7137422
1490967000,74.39,74.56,74.28,74.36,5895356
1491226200,74.44,74.79,74.13,74.42,12354819
1491312600,74.4,74.48,74.17,74.38,5228588
1491399000,74.48,74.92,74.1,74.15,6470120
1491485400,74.17,74.415,73.95,74.28,5253261
1491571800,74.33,74.597,74.13,74.41,5638152
1491831000,74.39,74.639,74.2,74.27,4529953
1491917400,74.15,74.34,73.762,74.17,5472621
1492003800,74.09,74.29,73.87,74.17,3782186
1492090200,74.08,74.325,73.98,73.98,6671107
1492435800,73.89,74.27,73.83,74.25,6149877
1492522200,73.84,73.84,73.16,73.44,7519486
1492608600,73.68,73.87,73.53,73.66,5023119
1492695000,73.81,74.27,73.47,74.12,7297513
1492781400,73.99,74.059,73.51,73.68,6762958
1493040600,74.39,74.59,74.31,74.41,5450018
1493127000,74.71,74.945,74.5,74.73,8923049
1493213400,75,75.44,74.94,75.14,6240415
1493299800,75.16,75.65,75.01,75.3,6962756
1493386200,75.36,75.54,75.235,75.5,5781071
1493645400,75.63,75.815,75.5,75.67,7182033
1493731800,75.74,75.9,75.3,75.88,5243780
1493818200,75.65,75.71,75.34,75.51,8094141
1493904600,75.77,76.01,75.66,76.01,4275352
1493991000,76.18,76.2,75.66,75.97,5720072
1494250200,75.91,75.97,75.39,75.5,6558505
1494336600,75.54,75.73,75.45,75.59,3830157
1494423000,75.47,75.48,75.06,75.37,4314913
1494509400,75.25,75.44,75.03,75.41,6791572
1494595800,75.38,75.485,75.23,75.28,2638025
1494855000,75.32,75.81,75.25,75.77,7320754
1494941400,75.69,75.76,75.265,75.48,5471675
1495027800,74.87,75.08,74.49,74.49,11434049
1495114200,74.45,75.25,74.45,74.82,10690543
1495200600,74.95,75.265,74.85,75.03,9209758
1495459800,74.96,75.315,74.8,75.23,4999072
1495546200,75.33,75.635,75.27,75.48,4216096
1495632600,75.52,75.73,75.34,75.67,5215731
1495719000,75.84,76.18,75.66,76.03,4479364
1495805400,75.97,76.19,75.81,75.89,4507362
1496151000,75.65,75.97,75.65,75.78,4651153
1496237400,75.93,76.25,75.865,76.08,5884380
1496323800,76.21,76.98,76.13,76.92,9149905
1496410200,77.14,77.52,77.07,77.42,4832974
1496669400,77.42,77.5,77.02,77.2,5558935
1496755800,77.05,77.29,76.88,77.01,4316464
1496842200,77.11,77.295,76.97,77.22,4415681
1496928600,77.17,77.355,76.795,77,6304426
1497015000,77.1,77.755,77,77.52,13418971
1497274200,77.46,77.74,77.05,77.42,7700644
1497360600,77.49,77.68,77.305,77.58,5592460
1497447000,77.71,78.17,77.68,77.95,6782257
1497533400,77.65,77.93,77.44,77.87,8185992
1497619800,77.66,77.85,77.28,77.69,14165188
1497879000,77.8,78.57,77.76,78.5,8294402
1497965400,78.49,79.195,78.46,78.76,7697165
1498051800,78.92,79.8,78.87,79.76,9481247
1498138200,79.89,81.08,79.86,80.59,12341085
1498224600,80.49,80.64,80.17,80.47,8779612
1498483800,80.7,80.7,80.27,80.39,7434432
1498570200,80.39,80.49,79.64,79.66,8428044
1498656600,79.92,80.28,79.88,80.08,8674235
1498743000,79.99,80.06,78.865,79.35,8445842
1498829400,79.66,79.66,79.24,79.24,7817416
1499088600,79.51,79.75,79.37,79.38,5904203
1499261400,79.49,79.95,79.21,79.85,8955511
1499347800,79.51,79.66,78.71,78.82,6421711
1499434200,79.1,79.31,78.9,79.22,4371418
1499693400,79.25,79.28,78.87,79.07,3580016
1499779800,79.02,79.19,78.58,78.98,4117501
1499866200,79.37,79.78,79.35,79.52,8808227
1499952600,79.59,79.84,79.05,79.59,9437737
1500039000,79.76,80.3,79.6,80.13,5749986
1500298200,80.23,80.285,79.82,79.84,5743659
1500384600,79.74,79.98,79.36,79.9,8042690
1500471000,80.24,80.55,80.24,80.55,8177869
1500557400,80.74,81.21,80.61,81.08,8276829
1500643800,80.91,81.11,80.845,80.99,4796849
1500903000,80.92,81.04,80.6148,80.96,4476835
1500989400,81.15,81.21,80.26,80.38,8485963
1501075800,80.2,80.28,79.89,80.11,4964146
1501162200,80.19,80.19,79.231,79.56,12536833
1501248600,79.59,80.06,79.25,79.96,6426095
1501507800,80.06,80.225,79.88,79.89,5516781
1501594200,80.18,80.18,79.61,79.71,8678807
1501680600,79.7,79.7,79.25,79.53,7718482
1501767000,79.57,79.82,79.31,79.66,8003584
1501853400,80.03,80.03,79.38,79.48,3930128
1502112600,79.4,79.66,79.335,79.65,4583270
1502199000,79.55,79.69,79.12,79.28,4423268
1502285400,79.09,79.45,78.95,79.37,4886488
1502371800,79.13,79.2,78.37,78.38,7054677
1502458200,78.42,78.99,78.42,78.6,8318560
1502717400,78.94,79.255,78.94,79.13,3955758
1502803800,79.23,79.39,79.11,79.13,4653777
1502890200,79.26,79.5,79.165,79.35,3756895
1502976600,79.1,79.44,78.33,78.36,7133350
1503063000,78.07,78.53,77.95,78,8434552
1503322200,77.93,78.45,77.82,78.35,10268993
1503408600,78.37,79.39,78.32,79.3,5455500
1503495000,79.03,79.045,78.665,78.7,5662539
1503581400,78.78,79.04,78.63,78.93,5502816
1503667800,79.1,79.4,78.89,78.95,5476522
1503927000,79.17,79.5,79.15,79.37,7432771
1504013400,79.04,79.6,78.97,79.52,4243532
1504099800,79.43,80.13,79.41,79.93,3667897
1504186200,80.13,81.37,80.13,81.29,6987189
1504272600,81.41,81.58,80.9153,81.23,6471618
1504618200,80.89,81.37,80.505,80.88,8076875
1504704600,81.16,81.35,80.795,81.27,8790950
1504791000,81.26,82.35,81.24,82.17,7250995
1504877400,82.05,82.68,81.9108,82.54,4302627
1505136600,82.91,83.2,82.73,83.18,6286176
1505223000,83.2,83.37,83.035,83.36,6984789
1505309400,83.26,83.41,82.8917,83.05,5873781
1505395800,82.82,83.29,82.7165,83.16,6373776
1505482200,83.06,83.06,82.5,82.59,7091336
1505741400,82.68,82.9,82.44,82.57,7783052
1505827800,82.61,82.71,81.83,81.92,7329150
1505914200,81.95,82.089,81.41,82,5101780
1506000600,81.95,82.04,81.54,81.58,4527869
1506087000,81.47,81.69,81.155,81.58,6473284
1506346200,81.47,81.84,81.215,81.34,12439330
1506432600,81.57,81.7962,81.18,81.21,4579765
1506519000,81.42,81.42,80.835,81.18,5384691
1506605400,81.11,81.52,80.99,81.25,4229024
1506691800,81.26,81.77,81.06,81.73,6902730
1506951000,81.97,82.57,81.88,82.56,8764865
1507037400,82.68,82.7963,82.215,82.54,5141700
1507123800,82.66,82.97,82.58,82.94,3291140
1507210200,82.94,83.01,82.62,83,7709648
1507296600,82.85,83.21,82.76,82.89,4035940
1507555800,82.88,82.9,82.24,82.37,4558776
1507642200,82.4,82.56,82.11,82.56,4037741
1507728600,82.51,82.81,82.49,82.72,4031596
1507815000,82.69,82.82,82.53,82.63,4732044
1507901400,82.36,82.53,82.22,82.42,5909628
1508160600,82.36,82.68,81.91,82.06,10219710
1508247000,82.23,83.38,82.23,83.16,8437761
1508333400,83.37,83.73,83.18,83.28,6938689
1508419800,83.18,83.8147,83.06,83.79,6410394
1508506200,83.82,83.95,83.59,83.88,6343777
1508765400,83.99,84.305,83.63,83.67,7159559
1508851800,83.68,83.69,82.63,83.11,7145502
1508938200,83.03,83.225,82.67,82.99,6819089
1509024600,82.4,82.635,81.66,82.16,13466887
1509111000,81.87,82.23,81.83,82.14,6121961
1509370200,81.8,81.92,81.08,81.26,5884007
1509456600,81.21,81.46,80.97,81.11,6548619
1509543000,81.25,81.65,81.09,81.31,7427810
1509629400,81.46,81.48,80.755,80.94,10200322
1509715800,80.85,81.655,80.85,81.61,6862733
1509978600,81.48,81.57,81.3,81.36,4853232
1510065000,81.5,81.65,81.2442,81.53,4439915
1510151400,81.44,81.81,81.34,81.72,6186215
1510237800,81.52,81.81,81.2299,81.73,7086392
1510324200,81.53,81.53,80.6947,81.2,4826328
1510583400,80.93,81.435,80.7,81.28,4704018
1510669800,81.01,81.1,80.585,80.95,7430107
1510756200,80.65,80.97,80.44,80.72,4952318
1510842600,80.84,81.66,80.84,81.56,4780484
1510929000,81.19,81.5,81.11,81.24,6129753
1511188200,81.23,81.3,80.77,80.9,4898452
1511274600,81.34,81.795,81.3101,81.61,7974451
1511361000,81.61,81.9152,81.45,81.58,4853077
1511533800,81.69,81.8,81.51,81.77,1650633
1511793000,81.77,81.98,81.7,81.84,4241438
1511879400,82.04,82.51,81.82,82.44,8290415
1511965800,82.51,83.15,82.51,82.85,8144634
1512052200,83.11,83.72,82.8647,83.47,10639564
1512138600,83.43,83.65,82.17,83.3,15315398
1512397800,83.78,83.795,82.28,82.28,9769538
1512484200,82.33,82.74,82.07,82.14,13230017
1512570600,82.19,82.46,81.71,82.07,8532978
1512657000,82.02,82.25,81.77,82.09,3979212
1512743400,82.33,83.02,82.27,83.01,8444114
1513002600,83.08,83.41,82.95,83.36,6588637
1513089000,83.39,83.82,83.39,83.69,6068627
1513175400,83.68,84.215,83.6543,83.98,8459771
1513261800,84.05,84.16,83.045,83.13,6772081
1513348200,83.11,83.74,83.11,83.71,8012239
1513607400,83.98,84.2,83.685,83.74,5655404
1513693800,83.87,84.159,83.6,83.64,4777141
1513780200,83.82,83.95,83.36,83.37,4686673
1513866600,83.63,83.68,83.121,83.18,4304185
1513953000,83.06,83.16,82.71,82.91,7023606
1514298600,82.84,83.04,82.75,82.93,2504110
1514385000,82.99,83.29,82.98,83.07,4053305
1514471400,83.22,83.34,82.93,83.19,5380553
1514557800,83.33,83.46,82.59,82.68,4877164
1514903400,82.99,83.65,82.87,83.61,6708904
1514989800,83.6,84.47,83.36,84.41,7606500
1515076200,84.68,84.835,84.315,84.53,7762520
1515162600,84.8,85.33,84.635,85.25,7579284
1515421800,85.15,85.26,84.505,84.94,5167335
1515508200,85.2,86.12,85.12,85.94,6962937
1515594600,85.65,85.81,85.15,85.79,10835795
1515681000,85.94,86.18,85.695,86.16,4247768
1515767400,86.32,86.92,86.2489,86.82,5391784
1516113000,87.36,87.9467,87.11,87.25,8920043
1516199400,87.65,88.2752,87.43,88.09,7214557
1516285800,88.1,88.2029,87.595,88.11,7954811
1516372200,88.45,88.4726,88,88.44,4802430
1516631400,88.41,89.07,88.25,89.02,11152504
1516717800,89.01,89.18,88.51,88.59,7637626
1516804200,89.03,89.18,88.54,88.85,8291063
1516890600,89.28,89.699,88.94,89.61,6339257
1516977000,90.02,91.56,90,91.54,9784419
1517236200,91.3,91.79,91.28,91.29,12643952
1517322600,89.49,90.11,89.22,89.37,14270628
1517409000,89.83,90.089,87.79,88.1,15872439
1517495400,87.76,88.529,87.535,88.13,12848665
1517581800,87.41,88.18,86.87,86.89,10539187
1517841000,86.46,86.99,82.37,83.04,34979844
1517927400,81.44,84.32,81.4,83.96,33313394
1518013800,83.72,85.035,83.43,83.86,17337953
1518100200,83.84,84.11,80.88,80.95,20252474
1518186600,81.69,82.8,79.56,82.1,35535741
1518445800,82.63,83.5149,81.89,82.87,13389160
1518532200,82.39,83.115,81.88,82.93,8415182
1518618600,82.4,84.015,82.32,83.87,10110811
1518705000,84.44,84.83,83.59,84.8,9519095
1518791400,84.38,86.01,84.38,85.41,9322953
1519137000,85,85.28,84.23,84.47,8872089
1519223400,84.46,85.59,84.11,84.12,9417367
1519309800,84.39,84.99,83.79,83.99,6316117
1519396200,84.49,85.36,84.12,85.33,5498544
1519655400,85.48,86.51,85.48,86.41,6266120
1519741800,86.41,86.695,85.51,85.51,7460688
1519828200,85.79,85.9,84.12,84.14,6279035
1519914600,83.99,84.42,82.17,82.8,12720268
1520001000,82.35,83.82,82.3403,83.64,11205969
1520260200,83.26,84.645,83.08,84.4,11028818
1520346600,84.59,84.73,83.86,84.28,9573287
1520433000,83.56,84.8,83.53,84.71,6868154
1520519400,84.94,85.35,84.8,85.28,6402977
1520605800,85.8,86.54,85.48,86.51,8253094
1520861400,86.54,86.67,86.04,86.14,5760183
1520947800,86.47,86.85,86.06,86.25,6400683
1521034200,86.55,86.75,85.55,85.83,9416354
1521120600,86.13,86.375,85.5836,85.69,5883145
1521207000,85.38,85.85,85.38,85.39,7067672
1521466200,85.23,85.34,83.325,84.01,7190194
1521552600,84.2,84.43,83.65,84.13,5534438
1521639000,84.27,84.73,83.7,83.77,5498739
1521725400,82.96,83.02,81.22,81.36,14648453
1521811800,81.44,81.6089,79.605,79.67,11048955
1522071000,80.57,81.43,79.645,81.32,9183474
1522157400,81.61,81.85,79.9,80.36,10948416
1522243800,80.59,81.57,80.48,80.79,10146839
1522330200,81.22,81.99,80.67,81.4,6926405
1522675800,81.06,81.48,78.74,79.55,11364927
1522762200,79.98,80.91,79.489,80.76,8590726
1522848600,79.79,82.14,79.79,81.91,9085808
1522935000,82.2,82.27,81.54,81.85,8031346
1523021400,81.17,81.57,79.16,79.88,12171809
1523280600,80.31,81.79,80.08,80.67,6952645
1523367000,81.47,82.35,81.195,82.03,8240833
1523453400,81.42,81.91,81.25,81.36,6205752
1523539800,81.8,82.3,81.74,81.91,5096902
1523626200,82.3,82.37,81.43,81.87,7837028
1523885400,82.47,82.82,82.28,82.52,7217208
1523971800,83.15,83.34,82.715,83.16,6500915
1524058200,83.37,83.515,82.83,83.23,4704510
1524144600,83.08,83.16,82.231,82.53,5833634
1524231000,82.6,82.72,81.815,82.09,5250506
1524490200,82.31,82.67,82.095,82.41,9257292
1524576600,82.67,82.73,81.17,81.79,8904776
1524663000,81.69,82.2,81.12,82.16,8068798
1524749400,82.4,83.515,82.4,83.2,9463278
1524835800,83.14,83.67,82.96,83.54,6663258
1525095000,83.9,83.95,82.25,82.26,7240985
1525181400,82.16,82.45,81.525,82.22,8498012
1525267800,81.79,81.85,80.91,81.09,11594285
1525354200,80.72,80.73,79.31,80.36,13524121
1525440600,80.12,81.27,79.81,81,7889544
1525699800,81.26,81.58,80.67,80.88,5886540
1525786200,80.68,80.75,79.7895,80.27,9522278
1525872600,80.42,81.08,79.98,80.73,11340180
1525959000,81.07,82.17,81.02,81.81,7845452
1526045400,81.88,83.19,81.73,83.03,10434026
1526304600,83.18,83.925,83.01,83.58,11837573
1526391000,83.03,83.13,82.23,82.5,8806830
1526477400,82.46,83.25,82.45,82.96,7013641
1526563800,82.88,83.13,82.52,82.99,6610357
1526650200,83.05,83.37,82.765,83.2,5838854
1526909400,83.59,83.75,83.155,83.28,6406467
1526995800,83.45,83.55,82.99,83.12,5770209
1527082200,82.77,83.42,82.6738,83.39,8360471
1527168600,83.34,83.48,82.685,83.06,7166498
1527255000,83.09,83.46,82.795,82.94,6853296
1527600600,82.4,82.549,81.57,82.09,18236759
1527687000,82.65,83.51,82.56,83.32,13167674
1527773400,83.16,83.225,82.38,82.41,11543475
1527859800,82.74,83.39,82.65,83.36,8037829
1528119000,83.46,83.7888,83.19,83.67,7230786
1528205400,83.7,83.8752,83.1,83.5,5444372
1528291800,83.79,84.53,83.45,84.44,7218947
1528378200,84.69,84.765,84.135,84.55,7405595
1528464600,84.52,85.1,84.38,85.04,6247131
1528723800,85.05,85.61,84.85,85.2,7074377
1528810200,85.29,85.29,84.77,85.15,6829166
1528896600,85.3,85.72,85.055,85.17,10379181
1528983000,85.34,85.66,85.1,85.61,9379776
1529069400,85.19,85.5005,84.8,85.46,9367065
1529328600,84.94,84.94,84.29,84.64,7342605
1529415000,84.06,84.89,83.93,84.86,6431697
1529501400,84.97,85.235,84.785,85.04,5900793
1529587800,84.96,84.965,84.35,84.55,7423429
1529674200,84.86,85.255,84.64,84.93,9885619
1529933400,84.61,84.94,83.51,84.15,9925144
1530019800,84.22,84.2803,83.78,83.89,5560148
1530106200,83.89,84.32,83.12,83.18,7420476
1530192600,82.87,83.5,82.29,83.29,9026946
1530279000,83.55,84.2,83.4,83.46,6483097
1530538200,83,83.77,82.72,83.72,9364654
1530624600,84.02,84.31,83.7,83.92,3023094
1530797400,84.31,84.875,84.11,84.79,7458631
1530883800,85.2,86.155,85.1,86.01,9823810
1531143000,86.35,86.805,86.32,86.64,7874410
1531229400,86.81,87.0072,86.58,86.97,6123152
1531315800,86.5,86.59,86.22,86.28,6434456
1531402200,86.71,87.295,86.66,87.24,4461646
1531488600,87.05,87.59,87,87.4,6048678
1531747800,87.47,87.47,86.745,86.87,5388542
1531834200,86.84,87.4752,86.8,87.35,5849313
1531920600,87.37,87.44,87.11,87.42,7575723
1532007000,87.21,87.39,86.553,86.93,5204046
1532093400,86.69,86.89,86.51,86.76,4822554
1532352600,86.71,87.05,86.61,86.94,3824739
1532439000,87.4,87.88,87.34,87.73,6467139
1532525400,87.68,88.87,87.59,88.85,9297528
1532611800,88.7,88.91,88.41,88.6,5763060
1532698200,88.64,88.64,87.64,87.96,5743036
1532957400,87.89,88.18,87.75,88.01,5531205
1533043800,88.33,89.05,88.2,88.93,6719131
1533130200,88.88,89.28,88.88,88.95,5733043
1533216600,88.57,89.465,88.53,89.28,5666184
1533303000,89.35,89.875,89.23,89.81,5884770
1533562200,89.76,90.1699,89.4434,89.97,4751412
1533648600,89.98,90.28,89.86,89.98,5170584
1533735000,89.99,90.25,89.79,90.12,5020356
1533821400,90.13,90.38,89.925,90.02,5680303
1533907800,89.69,90.16,89.32,89.63,5389456
1534167000,89.73,90.085,89.425,89.66,6563902
1534253400,89.79,90.24,89.7,90.08,5497737
1534339800,89.8,90.04,89.36,89.93,6829302
1534426200,90.19,90.93,90.08,90.81,6916702
1534512600,90.74,91.3749,90.53,91.09,5455285
1534771800,91.3,91.56,91.25,91.39,8144869
1534858200,91.62,91.66,91.195,91.39,6395926
1534944600,91.18,91.68,91.07,91.48,3954306
1535031000,91.43,91.67,91.23,91.45,6058378
1535117400,91.66,91.89,91.485,91.89,4029139
1535376600,92.22,92.29,91.83,92.22,4671309
1535463000,92.36,92.39,92.07,92.27,4954106
1535549400,92.29,92.965,92.19,92.87,5338515
1535635800,92.8,93.11,92.6,92.8,5266116
1535722200,92.58,92.86,92.4,92.78,5808393
1536067800,92.7,92.76,91.82,92.04,6875469
1536154200,91.97,92.41,91.795,92.41,10218935
1536240600,92.4,92.6,91.85,92.41,5940322
1536327000,92.19,92.64,92.05,92.55,5591062
1536586200,92.78,92.95,92.22,92.31,4233993
1536672600,92.15,92.41,91.84,92.23,5683869
1536759000,92.29,92.86,92.11,92.69,11056597
1536845400,93.09,93.84,93,93.84,10603828
1536931800,93.92,93.92,93.36,93.53,5929022
1537191000,93.53,93.54,93.075,93.19,5543053
1537277400,93.19,93.97,93.05,93.73,5423032
1537363800,93.67,93.865,93.5,93.6,4186602
1537450200,93.87,94.57,93.8144,94.51,5083129
1537536600,94.39,94.48,94.07,94.27,8623345
1537795800,94.21,94.65,94.075,94.46,5392620
1537882200,94.59,94.73,94.07,94.17,5199261
1537968600,94.35,95.12,94.1801,94.38,10880503
1538055000,94.51,95.12,94.4,94.86,7168813
1538141400,94.67,95.21,94.63,95.15,5995812
1538400600,95.51,96.06,95.34,95.62,7307132
1538487000,95.62,95.7,95.33,95.51,5572670
1538573400,95.83,96,95.18,95.33,6367826
1538659800,95.26,95.295,93.9144,94.4,10976848
1538746200,94.48,94.97,93.7,94.29,12291090
1539005400,94.17,94.52,93.46,94.25,11924047
1539091800,94,94.74,93.71,94.41,7463876
1539178200,94.4,94.51,92.12,92.18,22549315
1539264600,91.93,92.14,89.04,89.69,46582163
1539351000,90.77,91.41,90.02,91.07,20797355
1539610200,90.92,91.32,90.37,90.44,13909713
1539696600,91.14,93.08,91.13,92.92,13505912
1539783000,92.86,93.64,92.39,93.41,14232285
1539869400,93.36,93.37,91.61,92.35,14455855
1539955800,92.51,92.83,91.39,91.51,11318605
1540215000,91.5,91.67,90.34,90.76,8288278
1540301400,89.6,90.71,88.88,90.27,15424486
1540387800,90.23,90.75,87.18,87.29,17432153
1540474200,87.28,89.03,86.27,88.42,15725063
1540560600,87.6,88.22,86.35,87.42,25507931
1540819800,88.43,89.08,86.41,87.64,14024311
1540906200,87.65,88.72,87.2,88.58,15432052
1540992600,89.29,89.65,88.63,88.7,13460681
1541079000,89,89.97,88.97,89.82,9668637
1541165400,90.69,90.84,88.67,89.26,12952987
1541428200,89.38,90.45,89.38,90.05,7783769
1541514600,89.93,90.605,89.8,90.51,7980944
1541601000,91.35,93.25,91.29,93.17,13310811
1541687400,93,93.555,92.87,93.22,7345597
1541773800,93.11,93.26,92.5,92.95,8486522
1542033000,92.81,92.95,91.48,91.69,8423548
1542119400,92,92.365,90.78,91.05,14226950
1542205800,91.61,91.62,89.891,90.32,11664016
1542292200,89.68,91.23,88.83,91.12,15563868
1542378600,90.96,92.48,90.91,92.04,11323185
1542637800,92.13,92.19,90.47,90.87,8820959
1542724200,90.3,90.97,89.81,90.02,11604320
1542810600,90.31,90.32,89.485,89.51,9345117
1542983400,89.03,90.18,88.98,89.64,3939469
1543242600,90.36,90.75,89.98,90.51,7141247
1543329000,90.21,91.45,89.88,91.45,9261963
1543415400,91.72,93.68,91.7,93.65,11870393
1543501800,93.43,94.505,93.3,93.96,8796008
1543588200,93.9037,95.87,93.8,95.87,15875944
1543847400,95.81,95.81,94.86,95.41,12158136
1543933800,95.39,95.92,93.11,93.28,15011336
1544106600,92.12,92.93,90.135,92.93,18492882
1544193000,92.67,92.8,90.11,90.56,14930858
1544452200,90.61,91.25,88.65,90.91,15372051
1544538600,91.67,92.28,90.54,91.19,13632328
1544625000,92.2,93.17,91.91,91.97,12581032
1544711400,92.22,92.725,91.44,92.06,11567208
1544797800,91.16,91.24,88.6926,88.96,19422740
1545057000,88.04,88.78,86.59,87.19,22089533
1545143400,87.94,88.1,85.6,86.43,24712567
1545229800,86.6,87.64,84.53,85.3,23075642
1545316200,84.91,85.26,83.5,84.1,25321706
1545402600,83.85,85.27,82.51,82.68,28921621
1545661800,82.13,82.44,80.65,80.7,14235526
1545834600,81,84.3,80.61,84.22,20575130
1545921000,83.23,85.2,82.0999,85.15,14045706
1546007400,85.7,86.44,84.9,85.25,15770636
1546266600,85.73,86.59,85.67,86.51,10163087
1546439400,85.18,85.83,84.27,85.2,14191867
1546525800,85.32,85.5,83.25,83.47,17668044
1546612200,84.45,86.43,84.41,85.96,16262555
1546871400,85.99,87.1,85.73,86.29,12392057
1546957800,86.98,87.25,85.9999,86.96,13370996
1547044200,87.34,87.86,87.09,87.35,11259669
1547130600,86.96,87.58,86.52,87.52,10396767
1547217000,87.11,87.835,86.95,87.81,7187901
1547476200,87.28,87.32,86.83,86.84,5448972
1547562600,86.96,88.42,86.9425,88.4,10540620
1547649000,88.52,88.895,88.18,88.24,8288920
1547735400,88,89.39,87.93,89.02,8731630
1547821800,89.68,90.13,89.01,90.08,13368209
1548167400,89.45,89.62,88.84,89.46,12244517
1548253800,89.63,90.05,88.59,89.56,7722861
1548340200,89.47,89.55,88.39,88.81,11306954
1548426600,89.25,89.25,88.66,88.92,7241935
1548685800,88.31,88.4,87.485,87.91,7113845
1548772200,87.91,88.405,87.66,88.34,11099240
1548858600,88.67,89.8,88.45,89.55,11706927
1548945000,89.45,90.88,89.355,90.67,13410059
1549031400,90.78,90.96,90.13,90.75,9386492
1549290600,90.76,90.76,89.72,90.49,9308908
1549377000,90.64,91.15,90.34,90.36,8921434
1549463400,90.2,90.81,90.09,90.77,6135904
1549549800,90.18,90.33,89.29,89.77,9511821
1549636200,89.42,89.95,89.29,89.94,7284173
1549895400,90.14,90.2,89.58,89.83,5017407
1549981800,90.22,91.11,90.06,91.06,9093318
1550068200,91.24,91.53,90.849,91.26,6435569
1550154600,91.03,91.88,90.9,91.47,6938644
1550241000,92.16,92.9,91.47,92.85,8234221
1550586600,92.6,92.99,92.59,92.63,6284092
1550673000,92.4,92.64,92.055,92.52,6959918
1550759400,92.19,92.25,91.3,91.71,8368479
1550845800,91.89,92.6332,91.78,92.55,6488091
1551105000,93.02,93.24,92.6129,92.68,7652584
1551191400,92.47,92.72,92.24,92.35,7288017
1551277800,92.04,92.36,91.61,91.92,9827557
1551364200,91.75,92.25,91.55,91.65,9464107
1551450600,92.22,93.08,92.14,92.95,10795155
1551709800,93.28,93.45,91.06,91.69,15208819
1551796200,91.73,91.9668,91.1701,91.64,13591690
1551882600,91.65,91.77,90.05,90.3,11662385
1551969000,90.17,90.36,89.28,89.59,14431013
1552055400,89.11,89.445,88.63,89.4,11634189
1552311000,89.64,90.4979,89.3798,90.42,9694373
1552397400,90.65,91.2901,90.52,91.08,8981596
1552483800,91.35,92.31,91.285,92.06,10098311
1552570200,92.03,92.15,91.5831,91.91,9283753
1552656600,91.73,92.14,91.41,91.99,10219428
1552915800,92.08,92.17,91.52,91.85,7183529
1553002200,92.17,92.84,91.8409,92.58,11308845
1553088600,92.47,92.58,91.58,91.94,11123700
1553175000,91.17,92.44,91.04,92.3,7398197
1553261400,91.9,92.24,90.6,90.62,12162589
1553520600,90.78,90.86,89.92,90.57,9893341
1553607000,91.1,91.77,90.5525,91.19,8107248
1553693400,91.08,91.29,89.8,90.43,10817460
1553779800,90.7,90.91,90.19,90.66,6726871
1553866200,91.2,91.83,91,91.75,10120891
1554125400,92.31,92.445,91.68,91.89,9082046
1554211800,91.91,92.05,91.51,91.68,7002204
1554298200,92.09,92.14,91.285,91.56,7398696
1554384600,91.64,91.75,90.84,91.37,9212386
1554471000,91.59,92.16,91.53,92,6262046
1554730200,91.93,92.07,91.33,91.98,5961216
1554816600,91.66,91.937,91.41,91.74,7207595
1554903000,91.85,92.02,91.61,91.77,5433511
1554989400,91.97,92.02,90.2436,90.64,8534189
1555075800,90.99,91.02,89.661,89.81,11659326
1555335000,89.92,90.235,89.745,90.17,7921955
1555421400,90.92,91.03,88.165,88.32,14857099
1555507800,88.62,88.6413,85.33,85.78,34381753
1555594200,86.04,86.45,84.65,85.92,35300882
1555939800,85.78,86.465,85.51,85.97,18717732
1556026200,85.94,87.7867,85.79,87.33,30503353
1556112600,87.36,87.54,86.84,87.23,14612816
1556199000,87.04,88.39,86.675,88.13,16166445
1556285400,88.25,89.04,88.06,89.01,11322007
1556544600,89.04,89.195,88.4694,88.85,13264357
1556631000,89.11,89.43,88.48,89.26,11750852
1556717400,89.38,89.73,88.6,89.1,25596449
1556803800,89.01,89.565,88.5,89.48,18927530
1556890200,89.73,90.19,89.58,90.16,13623977
1557149400,88.85,90.85,88.7,90.62,25168305
1557235800,89.92,90.36,88.36,88.88,18011732
1557322200,88.84,89.48,88.34,89.07,13783307
1557408600,88.28,89.165,87.855,88.88,15692261
1557495000,88.59,89.14,87.01,88.91,17771753
1557754200,87.4,88.863,86.9,87.24,17436308
1557840600,87.64,88.29,87.47,87.68,13147143
1557927000,87.22,88.24,86.83,87.94,10587732
1558013400,88.13,89.39,88.07,88.63,15123987
1558099800,87.9,89.14,87.9,88.44,13354085
1558359000,88.06,88.68,87.75,88.4,10757386
1558445400,88.9,89.61,88.84,89.23,11690593
1558531800,88.97,89.94,88.89,89.74,9021899
1558618200,89.29,89.43,88.68,89.43,13545414
1558704600,89.74,90.1,89.34,89.56,9986447
1559050200,89.64,90.18,88.27,88.28,20795950
1559136600,87.85,87.8625,86.82,87.43,16302651
1559223000,87.6,88.05,87.505,87.91,12457685
1559309400,87.34,87.69,86.77,87.28,10712975
1559568600,87.36,88.24,87.31,87.49,19370992
1559655000,88.22,89.09,88.11,88.94,15837154
1559741400,89.59,89.82,88.9712,89.61,24291851
1559827800,89.75,90.43,89.535,90.07,18840935
1559914200,90.36,91.23,90.33,91.01,9302690
1560173400,91.29,91.575,90.95,91.28,8552839
1560259800,91.73,91.96,90.903,91.13,8317911
1560346200,91.15,91.6,91.06,91.57,5799156
1560432600,91.73,91.73,91.1,91.46,9031760
1560519000,91.5,91.77,91.175,91.25,5056271
1560778200,91.34,91.72,91.21,91.66,4861481
1560864600,92.12,92.76,91.94,92.44,7979937
1560951000,92.46,93.48,92.4,93.27,6988099
1561037400,94.04,94.33,93.14,93.68,9241301
1561123800,93.19,93.91,92.66,93.73,9026071
1561383000,93.61,93.6701,93.065,93.24,6493610
1561469400,93.31,93.74,92.77,92.86,14930608
1561555800,92.99,93,91.5,91.69,10498431
1561642200,92.01,92.51,91.83,92.33,7416201
1561728600,92.37,92.715,91.84,92.64,9390623
1561987800,93.37,93.41,92.72,93.1,7833409
1562074200,93.18,93.6,92.65,93.6,7952577
1562160600,93.81,94.42,93.8,94.4,4066048
1562333400,94,94.23,93.54,93.75,5934272
1562592600,93.39,93.42,92.62,93.05,15201990
1562679000,92.71,93.24,92.7,93.14,5537339
1562765400,93.35,93.71,93.07,93.46,5347279
1562851800,94.11,94.15,92.85,93.48,13691693
1562938200,93.17,93.19,91.795,92.44,11508183
1563197400,92.49,92.86,92.18,92.64,5811267
1563283800,92.57,92.7,92.115,92.18,9092557
1563370200,92.37,92.68,92.19,92.2,9567035
1563456600,92.19,92.87,91.74,92.72,6561567
1563543000,92.93,92.969,91.68,91.76,8105933
1563802200,91.86,91.92,91.49,91.57,5192693
1563888600,91.7,92.28,91.32,92.14,6688591
1563975000,92,92.2,91.17,92.19,5430541
1564061400,91.94,92.29,91.54,91.74,6618662
1564147800,92.06,92.24,91.72,92.07,3812448
1564407000,92.12,92.52,91.97,92.45,5887534
1564493400,91.74,92.09,91.36,92.05,7959161
1564579800,91.95,92.33,90.5816,91.14,8557587
1564666200,91.15,92.235,90.71,91.26,16422522
1564752600,91.13,91.41,90.4577,91.05,15956788
1565011800,90.02,90.375,88.19,88.91,17626233
1565098200,89.36,90.08,88.87,90.06,10135861
1565184600,89.33,90.34,88.2,90.09,12452460
1565271000,90.37,91.38,90.0445,91.29,12034822
1565357400,91.13,91.975,90.61,91.4,7253064
1565616600,91.06,91.4,90.1551,90.51,7097095
1565703000,90.48,92.17,90.4,91.69,12260613
1565789400,90.75,90.97,89.09,89.14,16426117
1565875800,89.52,89.79,88.87,89.45,12320668
1565962200,90.06,90.7861,90,90.55,10252416
1566221400,91.26,91.65,91.11,91.42,6427436
1566307800,91.45,91.64,90.57,90.64,4709026
1566394200,91.27,91.53,91.04,91.31,5687080
1566480600,91.48,91.69,90.5038,90.86,6486943
1566567000,90.7,91.04,88.32,88.76,9822737
1566826200,89.47,89.76,89.1,89.69,8910549
1566912600,90.24,90.55,89.1031,89.16,8251963
1566999000,88.85,90,88.72,89.81,5691503
1567085400,90.49,90.75,89.91,90.49,4360327
1567171800,90.91,91.09,90.205,90.6,4784137
1567517400,90.07,90.5,89.75,90.07,6437819
1567603800,90.66,90.71,89.71,90.13,9319313
1567690200,90.9,91.215,90.42,91.02,7897420
1567776600,91.21,91.5251,91.08,91.27,13166442
1568035800,91.35,91.38,90.1,90.43,10675897
1568122200,89.97,90.7,89.02,90.69,8770748
1568208600,90.84,91.62,90.62,91.59,8124290
1568295000,92,92.38,91.51,91.56,9344700
1568381400,91.67,92.25,91.32,91.51,6350964
1568640600,91.01,91.54,90.9,91.31,6668085
1568727000,91.26,91.7,91.13,91.45,3963154
1568813400,91.45,91.56,90.79,91.44,5412788
1568899800,91.55,92.28,91.38,91.87,5084444
1568986200,91.7,92.43,91.6901,92,9000207
1569245400,91.73,92.0588,91.48,91.51,4329101
1569331800,91.85,91.91,90.35,90.67,10615767
1569418200,90.68,90.76,90.1,90.23,8131900
1569504600,90.53,90.56,89.04,89.73,10183821
1569591000,90.03,90.16,89,89.33,10017318
1569850200,89.45,90.68,89.39,90.13,8306829
1569936600,90.37,90.57,89.07,89.25,13618966
1570023000,88.97,89.15,87.56,87.95,13505857
1570109400,87.83,88.77,87.2,88.74,12830412
1570195800,89,90.18,88.945,90.13,9313631
1570455000,89.76,90.42,89.625,89.83,8343461
1570541400,89.08,89.12,88.1,88.12,10688556
1570627800,88.66,89.02,88.36,88.76,7355855
1570714200,88.5,89.51,88.42,89.2,8236079
1570800600,90.05,90.995,89.9,89.94,10825812
1571059800,89.88,90.34,89.7582,89.9,5919186
1571146200,90.89,91.855,90.83,91.54,12622404
1571232600,91.47,91.89,91.27,91.42,7856921
1571319000,91.72,92.36,91.68,92.1,7537106
1571405400,91.84,92.235,91.35,91.76,6784975
1571664600,92.14,92.28,91.475,91.66,4952132
1571751000,92.36,92.953,91.82,91.86,8746301
1571837400,92.02,92.7,91.83,92.43,5549276
1571923800,92.59,92.69,91.63,91.96,6984395
1572010200,91.72,92.305,91.48,92.06,5536898
1572269400,92.3,93.2,92.22,93.01,6937897
1572355800,93.23,94.48,93,94.33,13768396
1572442200,94.36,94.9,93.99,94.86,10181074
1572528600,94.68,94.805,94.135,94.75,9675234
1572615000,95.26,95.67,94.85,94.87,14670803
1572877800,95.31,95.36,94.54,94.58,9878200
1572964200,94.72,94.73,93.7,93.91,13273753
1573050600,94,94.41,93.71,94.23,13130204
1573137000,94.59,94.74,94.155,94.44,7827918
1573223400,94.38,95.15,94.27,95.13,7756856
1573482600,94.77,94.97,94.48,94.74,6092506
1573569000,94.89,95.65,94.76,95.31,13801645
1573655400,95.05,95.65,94.9,95.42,6575151
1573741800,95.4,95.57,94.85,95.43,6498793
1573828200,95.76,97.63,95.67,97.46,11338575
1574087400,97.37,97.925,97.01,97.13,11251369
1574173800,97.47,97.93,97.22,97.79,10025766
1574260200,97.63,97.97,97.075,97.66,12305824
1574346600,97.72,97.98,97.05,97.91,9122428
1574433000,98.08,98.395,97.87,98.26,6141823
1574692200,98.66,99.43,98.51,99.41,11727071
1574778600,99.4,99.56,99,99.33,11073600
1574865000,99.47,99.99,99.375,99.84,6333327
1575037800,99.58,99.81,99.2922,99.49,2391998
1575297000,99.69,99.72,98.73,99.05,6684759
1575383400,98.3,98.9082,98.03,98.83,7820107
1575469800,99.23,99.88,99.13,99.75,6237742
1575556200,99.81,99.9,98.91,99.75,7390352
1575642600,100.27,100.75,100.2,100.41,5658524
1575901800,100.45,100.47,99.71,99.71,5328658
1575988200,99.69,100.02,99.295,99.93,6029427
1576074600,100.01,100.27,99.82,100.02,6064341
1576161000,100.07,101.28,100.02,100.95,9769053
1576247400,100.85,101.47,100.47,100.88,6433171
1576506600,101.47,102.34,101.47,101.97,7730256
1576593000,102.1,102.25,101.72,101.86,4643726
1576679400,101.9,102.2,101.79,102,5202934
1576765800,102.21,102.51,102.045,102.4,6637192
1576852200,102.28,102.925,102.28,102.7,8586532
1577111400,102.94,103.22,102.68,103.11,4770887
1577197800,103.11,103.24,102.73,102.98,2071790
1577370600,103.11,103.23,102.5807,102.91,2910075
1577457000,103.13,103.1429,102.71,102.94,3605004
1577716200,102.27,102.49,101.51,101.66,5675237
1577802600,101.44,101.95,101.27,101.86,4746947
1577975400,102.17,102.2899,101.4,102.13,6236522
1578061800,100.95,101.82,100.45,101.24,8247451
1578321000,100.78,101.9,100.75,101.87,6441759
1578407400,101.59,101.76,101.1,101.67,6336491
1578493800,101.72,102.785,101.68,102.33,7494732
1578580200,102.64,103.05,102.42,102.77,6661046
1578666600,103.16,103.33,102.62,102.8,9300436
1578925800,102.97,102.99,102.085,102.44,7621781
1579012200,102.13,103.08,101.95,103.06,7295065
1579098600,103.18,104.22,103.1,103.95,7521760
1579185000,104.38,104.555,103.97,104.49,5480266
1579271400,104.23,104.65,104.23,104.49,6533427
1579617000,104.25,104.84,104.21,104.6,6644775
1579703400,104.83,105.08,104.59,104.73,9431510
1579789800,104.55,104.7,103.48,104.2,8522609
1579876200,104.32,104.37,102.2,102.46,15962810
1580135400,101.22,102.07,101.0809,101.68,11762477
1580221800,101.98,102.58,101.7031,102.18,8079947
1580308200,102.28,102.64,101.88,101.9,6436020
1580394600,101.15,101.22,100.29,101.16,10989547
1580481000,100.76,100.84,98.81,99.14,14476689
1580740200,99.83,100.76,99.83,100.04,11851774
1580826600,101.29,102.21,101.27,101.8,9575109
1580913000,102.28,104.12,102.27,103.76,14131008
1580999400,104.24,104.24,103.395,103.85,6166481
1581085800,103.86,103.95,102.88,103.04,6057198
1581345000,102.66,103.59,102.58,103.59,4010061
1581431400,103.95,104.3,103.74,104.21,10277109
1581517800,104.6,104.84,103.92,104.34,4705691
1581604200,103.96,104.28,103.64,103.85,4778509
1581690600,103.96,104,103.42,103.93,5114244
1582036200,103.93,104.06,103.22,103.56,8409262
1582122600,103.83,104.19,103.73,104.04,6427863
1582209000,103.8,103.9,102.43,103.37,8080943
1582295400,102.97,103.53,102.61,103.43,6510864
1582554600,100.93,101.61,99.69,100.17,16284584
1582641000,100.53,100.75,96.79,97.13,20301851
1582727400,97.67,98.82,96.91,97.12,13721649
1582813800,96.07,97.34,93.8,93.82,22047900
1582900200,91.35,92.6625,89.98,92.61,27751750
1583159400,92.64,97.1,92.32,96.95,22359393
1583245800,97.19,98.89,93.27,94.54,33385475
1583332200,97.38,100.15,97.18,99.99,26419021
1583418600,97.85,99.19,96.56,97.67,17873011
1583505000,94.99,97.5,94.6,97.15,17917672
1583760600,91.39,94.28,90.01,92.1,21968483
1583847000,94.76,95.4201,90.94,95.26,26473553
1583933400,93.01,93.67,90.45,91.62,23217955
1584019800,86.01,89.73,82.9,84.78,20650836
1584106200,88.72,90.9,84.16,90.66,29162790
1584365400,82.52,87.05,80.67,81.72,21474783
1584451800,83.41,87.55,82.35,86.85,27899728
1584538200,82.4,85.3,79.92,83.97,28931012
1584624600,83.03,84.26,81.33,82.25,27121077
1584711000,82.96,83.81,78.64,79.09,22004958
1584970200,78.2,78.31,73.54,74.62,33633216
1585056600,78.15,80.53,77.57,80.37,16775768
1585143000,79.84,84.09,78.87,81.44,16851812
1585229400,82.17,87.31,82.01,86.85,18822472
1585315800,84.34,87.23,84.28,84.99,13043205
1585575000,86.52,89.1399,86.51,88.97,13766707
1585661400,89.05,89.53,87.64,88.58,13585922
1585747800,85.62,86.39,84.39,85.21,15255426
1585834200,84.78,87.77,83.93,87.57,13588005
1585920600,87.29,88.12,85.8,86.78,12934360
1586179800,89.54,91.85,89.14,91.33,13472925
1586266200,93.65,93.82,90.49,90.58,16699512
1586352600,91.36,94.86,90.22,94.31,32624372
1586439000,95.17,95.35,93.97,94.83,12983196
1586784600,94.49,94.82,92.66,94,9606595
1586871000,95.84,97.47,95.515,97.12,12830797
1586957400,95.83,97.19,95.285,96.62,11019107
1587043800,97.34,98.975,97.03,98.73,11331585
1587130200,101.13,101.13,99.39,100.78,11504675
1587389400,99.82,101.41,99.71,99.98,10558302
1587475800,98.27,98.83,96.62,96.94,9291372
1587562200,98.35,99.03,97.74,98.42,12007390
1587648600,98.94,100.49,98.74,98.96,16013259
1587735000,99.56,100.49,98.94,100.29,7853512
1587994200,100.99,102.01,100.83,101.58,8022181
1588080600,102.26,102.26,99.41,99.53,11517616
1588167000,101.06,101.06,99.54,100.19,9939877
1588253400,99.76,100.38,99.21,99.73,12768942
1588339800,98.59,98.77,96.95,97.83,10101976
1588599000,97.53,98,96.89,97.78,9013144
1588685400,98.64,100.615,98.39,99.9,11497928
1588771800,100.42,100.49,98.86,98.91,9493189
1588858200,99.92,99.93,98.775,98.9,9454429
1588944600,99.96,100,99.105,99.41,10374531
1589203800,99,101.38,99,101.12,15115448
1589290200,101.71,101.8,99.57,99.58,18471031
1589376600,99.45,100.215,97.71,98.5,12667228
1589463000,97.59,99.63,97.57,99.58,12021392
1589549400,99.3,100.51,99.0702,100.42,15170168
1589808600,102.3,102.77,101.19,101.25,10557491
1589895000,100.93,101.445,100.02,100.03,10561441
1589981400,100.79,101.17,99.92,100.15,10058217
1590067800,99.87,99.93,98.83,99.41,12259521
1590154200,99.42,99.7,98.9,99.62,10233264
1590499800,101.19,101.28,99.28,99.44,10829204
1590586200,99.58,100.47,98.07,100.47,15551897
1590672600,101.29,102.8,101.26,101.78,11708855
1590759000,102.22,103.23,100.69,103.01,19057044
1591018200,102.36,102.4825,101.35,101.99,8436318
1591104600,102.03,102.63,101.42,102.58,13158817
1591191000,102.88,102.98,101.945,102.38,10020912
1591277400,101.76,102.465,100.92,101.57,10848323
1591363800,102.21,104.035,101.68,103.21,14579765
1591623000,102.8,103.96,102.55,103.92,8191341
1591709400,103.71,104.2224,102.72,102.84,10371107
1591795800,103.18,103.52,102.23,102.68,10519660
1591882200,101.79,101.98,96.63,96.97,39561933
1591968600,99,99.32,95.92,97.6,19397191
1592227800,96.14,98.38,95.42,97.82,14522109
1592314200,100.12,100.87,98.58,100.23,13272884
1592400600,100.73,100.91,99.78,100.13,9086302
1592487000,99.56,100.02,99.16,99.79,7115232
1592573400,100.93,101.34,99.71,100.75,12176999
1592832600,99.91,100.0838,98.91,99.94,6889370
1592919000,100.63,101.23,100.18,100.37,5369897
1593005400,99.62,99.82,97.0399,97.75,15739714
1593091800,97.66,98.83,96.84,98.71,10506729
1593178200,98.53,98.78,97.04,97.51,16631435
1593437400,98.28,98.57,97.515,98.39,7490228
1593523800,98.42,100.6,98.13,100.07,9182991
1593610200,100.54,101.26,99.91,100.84,10933146
1593696600,101.73,102.18,101.375,101.6,6502376
1594042200,102.77,103.22,102.14,102.63,6374838
1594128600,101.88,102.97,101.6,101.74,5913221
1594215000,102.09,102.4,101.07,101.75,5624902
1594301400,101.64,102.02,99.68,100.95,10522107
1594387800,101.03,101.13,99.97,100.71,10502651
1594647000,101.29,103.145,101.02,101.28,10167371
1594733400,101.04,103.46,100.85,103.29,10890003
1594819800,104.05,104.925,103.83,104.63,9606981
1594906200,104.53,104.54,103.72,104.46,6412217
1594992600,105.01,106.25,104.86,105.89,7548607
1595251800,106.13,106.49,105.52,105.87,6776331
1595338200,106.23,106.63,105.58,105.8,7458616
1595424600,106.28,106.93,105.73,106.75,5648586
1595511000,107.09,107.53,105.92,106.27,6970160
1595597400,106.1,106.16,104.43,105.1,6240965
1595856600,105.06,106.16,104.73,105.89,5933612
1595943000,105.94,106.47,105.57,105.77,6239393
1596029400,106.01,107.31,105.94,106.88,5449855
1596115800,105.85,106.32,105,106.14,5348664
1596202200,105.81,106.1,104.15,105.53,6920437
1596461400,106.19,106.965,106,106.62,8811926
1596547800,106.38,106.63,105.49,106.15,6092927
1596634200,106.73,106.8313,106.37,106.64,4407041
1596720600,106.51,106.96,105.3,106.07,5369860
1596807000,105.96,106.43,105.655,106.41,4274009
1597066200,106.43,106.52,105.77,106.05,4640201
1597152600,106.64,106.74,105.13,105.38,8115926
1597239000,105.95,107.485,105.91,107.15,8205475
1597325400,107.02,107.12,106.29,107.01,5323297
1597411800,106.81,107.28,106.3887,106.8,3826241
1597671000,106.99,107.84,106.94,107.43,4610265
1597757400,107.65,107.83,106.84,107.4,4220527
1597843800,107.5,107.8,106.82,107.05,6308081
1597930200,106.58,106.95,106.43,106.71,4938320
1598016600,106.54,106.96,105.99,106.82,6466753
1598275800,107.33,107.37,105.675,106.33,6363195
1598362200,106.87,107.09,106.46,107.05,5096537
1598448600,106.83,107.04,105.77,106.92,6995307
1598535000,107.1,108.2608,106.34,107.76,7775548
1598621400,108.06,108.06,107.2,108,5159655
1598880600,107.77,108.775,107.68,108.26,6721123
1598967000,108.12,108.29,106.64,107.29,10999335
1599053400,107.39,109.73,106.94,109.44,8495835
1599139800,109.58,109.74,105.695,106.46,13337297
1599226200,106.83,107.02,104.41,105.7,14715567
1599571800,105.53,105.57,103.67,103.96,9660439
1599658200,104.74,106.67,104.72,105.8,8200986
1599744600,106.1,106.1,103.9,104.18,9186165
1599831000,104.67,105.09,103.79,104.59,8764261
1600090200,105.44,106.66,105.23,106.09,5847173
1600176600,106.64,107.08,105.96,106.23,5580462
1600263000,106.8,107.01,105.925,106.05,7193286
1600349400,105.07,106.06,104.73,105.7,7597328
1600435800,105.83,106.215,104.56,105.54,8649331
1600695000,103.72,103.72,101.74,103.18,8783015
1600781400,103.01,103.28,102.025,102.96,7833370
1600867800,103.39,103.428,101.8,101.9,7682189
1600954200,101.54,101.9,100.77,101.39,8434730
1601040600,101.04,103.3,100.93,103.02,6768989
1601299800,104.01,104.755,103.75,103.95,6511074
1601386200,104.13,104.66,103.41,103.82,5402704
1601472600,104.14,106.33,104.12,105.48,7565471
1601559000,105.97,106.4,104.67,105.12,9113225
1601645400,104.12,105.21,103.71,104.16,8628570
1601904600,104.91,106.41,104.88,106.3,6661164
1601991000,106.6,106.66,104.785,104.89,7747513
1602077400,105.63,107.2,105.61,106.87,7873212
1602163800,107.49,107.74,107.16,107.39,5942676
1602250200,107.99,108.68,107.71,108.36,5636183
1602509400,108.85,109.525,108.49,109.1,5065127
1602595800,108.45,109.02,107.99,108.27,6773292
1602682200,108.23,108.68,107.295,107.64,5999895
1602768600,106.31,107.06,106.13,106.86,6197773
1602855000,107.21,108.72,107.17,107.92,7462098
1603114200,108.2,108.53,105.845,106.21,8308906
1603200600,106.59,107.23,106.17,106.35,7423444
1603287000,106.34,106.64,105.57,105.82,5474401
1603373400,105.97,107.61,105.96,107.42,6127112
1603459800,107.96,108.6,107.21,107.82,5697374
1603719000,106.95,107.08,105.6,106.62,8135488
1603805400,106.23,106.76,105.83,105.89,6893116
1603891800,104.14,104.77,102.4,102.53,11431816
1603978200,102.46,102.91,101.06,101.69,15974243
1604064600,101.56,102.16,100.31,101.66,10741670
1604327400,103.16,103.73,102.41,103.49,10287508
1604413800,104.76,106.14,104.68,105,9812871
1604500200,107.99,111.42,107.78,109.66,25531475
1604586600,111.17,111.25,109.68,109.88,12864617
1604673000,110,110.67,109.21,109.92,12311222
1604932200,113.92,114.41,110.81,110.95,20442868
1605018600,111.46,111.67,110.07,111.27,12526540
1605105000,112.16,112.16,110.59,111.13,9935420
1605191400,110.92,111.36,109.98,110.72,7856407
1605277800,111.27,112.545,111.07,112.12,6576891
1605537000,113.01,113.19,111.37,111.93,7586032
1605623400,111.36,111.61,110.67,111.2,8898284
1605709800,111.44,111.48,109.1,109.13,9849992
1605796200,109.13,109.22,108.235,109.05,10411029
1605882600,108.8,109.305,108.42,108.8,7674538
1606141800,109.34,109.4,107.84,108.52,7747820
1606228200,109.05,109.58,108.47,108.84,9616222
1606314600,108.97,109.05,107.985,108.44,11671834
1606487400,108.88,109.515,108.53,109.44,4443906
1606746600,109.48,109.84,108.9,109.74,12723443
1606833000,110.8,111.865,110.47,110.66,12682367
1606919400,110.74,111.68,110.67,111.49,8552381
1607005800,111.45,111.79,110.87,111.35,9795704
1607092200,111.39,112.56,111.2488,112.54,7859687
1607351400,112.42,112.52,111.44,111.85,5803253
1607437800,111.58,112.79,111.54,112.7,7953249
1607524200,113.15,113.16,111.81,112.31,7386434
1607610600,112.29,112.74,111.89,112.12,5410980
1607697000,111.66,111.93,110.91,111.68,5222420
1607956200,112.53,113.09,110.77,110.84,8469358
1608042600,111.61,112.28,111.02,112.04,5007547
1608129000,111.94,112.34,111.23,111.71,5355406
1608215400,111.89,112.98,111.88,112.91,4263673
1608301800,113.02,113.27,111.79,113,7877006
1608561000,110.87,111.51,109.365,111.41,6129646
1608647400,111.21,111.47,110.44,111.07,13105355
1608733800,111.46,111.97,111.07,111.15,3920706
1608820200,111.2,111.68,111.05,111.47,1674691
1609165800,112.05,112.3,111.45,111.75,4390191
1609252200,112.27,112.79,111.9,112.28,5053353
1609338600,112.51,112.89,112.135,112.26,3563990
1609425000,112.27,113.62,111.895,113.44,5581249
1609770600,113.88,113.9,111.11,112.95,12911811
1609857000,112.75,114.155,112.27,113.77,11081890
1609943400,112.18,115.63,112.18,115.33,17833407
1610029800,115.48,117,115.3,116.83,12407317
1610116200,117.04,117.91,116.28,117.39,9350781
1610375400,117.42,118.13,117.27,117.94,6428454
1610461800,117.71,117.8365,116.1341,116.66,9225459
1610548200,116.6,117.38,116.17,116.98,5259556
1610634600,117.17,117.61,116.47,116.61,5792149
1610721000,116.29,117.24,115.83,116.97,10335242
1611066600,117.9,118.23,117.23,117.85,6193043
1611153000,118.05,118.6889,117.34,118.5,6871999
1611239400,118.35,118.47,117.54,117.94,5796233
1611325800,117.59,118.25,117.44,117.59,4796466
1611585000,117.66,118.43,117.415,118.36,6962045
1611671400,118.7,118.9856,117.855,117.92,5504027
1611757800,116.62,116.62,114.05,114.34,13097040
1611844200,115.31,117.47,115.09,116.01,12626273
1611930600,115.84,116.66,114.1,115.03,10462743
1612189800,115.97,116.35,115.29,115.47,10105262
1612276200,116.38,116.95,115.77,115.8,11515727
1612362600,115.8,115.86,114.615,114.98,11279192
1612449000,114.98,115.93,114.73,115.46,8451583
1612535400,116.25,116.43,115.39,115.67,5557076
1612794600,116.08,116.24,115.465,115.81,6956278
1612881000,115.8,116.085,115.69,115.98,4730313
1612967400,116.82,116.85,115.78,116.19,5405720
1613053800,116.6,116.7,115.86,116.41,4683971
1613140200,116.18,117.41,116.03,117.28,6345295
1613485800,117.43,117.54,115.74,116.12,9531893
1613572200,115.74,116.599,115.605,116.54,5025583
1613658600,115.97,116.279,115.33,115.81,7756644
1613745000,115.9,115.99,114.31,114.41,9387849
1614004200,113.86,114.49,113.115,114.14,7213401
1614090600,114.06,114.76,113.42,113.95,8730474
1614177000,114.08,115.36,113.72,114.74,9842009
1614263400,114.58,115.04,113.01,113.59,14494847
1614349800,113.99,113.99,112.32,112.61,14687164
1614609000,113.53,114.61,113.5,114.08,7361242
1614695400,114.32,114.59,113.64,113.75,8456128
1614781800,113.33,113.45,112.045,112.31,14946770
1614868200,112.06,112.8,109.93,110.8,23441139
1614954600,111.45,113.38,110.55,113.02,15645239
1615213800,113.11,114.525,112.6,112.74,12691821
1615300200,113.57,115.2,113.35,113.4,11022343
1615386600,114.15,114.8,113.62,113.66,11641102
1615473000,114.05,114.98,113.89,114.35,6549499
1615559400,114.11,114.76,113.93,114.6,7452438
1615815000,114.39,115.42,114.26,115.39,7119410
1615901400,115.51,115.715,114.9,115.32,8618552
1615987800,114.82,115.47,114.205,114.9,7524923
1616074200,114.37,115.6,114.32,114.66,8553350
1616160600,114.78,115.75,114.2,115.07,12595940
1616419800,114.6,115.75,114.03,115.67,6156842
1616506200,115.53,115.715,114.21,114.5,9170522
1616592600,114.56,115.25,114.335,114.37,12647014
1616679000,114.54,115.07,113.35,114.85,11505266
1616765400,115.14,117.17,114.83,117.02,8283287
1617024600,116.55,117.97,116.51,117.57,8959005
1617111000,117.25,117.25,116.24,116.51,6865742
1617197400,116.76,117.4481,116.56,116.74,8504094
1617283800,116.93,117.04,116.02,116.39,6676369
1617629400,116.98,117.5627,116.79,117.2,7190918
1617715800,117.35,117.69,116.58,116.75,5206716
1617802200,116.68,117.08,116.187,116.49,5753273
1617888600,116.83,117.1819,116.51,116.67,4292455
1617975000,116.74,118.02,116.67,117.95,5919162
1618234200,117.78,118.31,117.65,118.07,8279707
1618320600,117.7,118.89,117.59,118.56,6519617
1618407000,118.42,119.03,118.335,118.55,6226675
1618493400,119.02,120.9284,119.02,120.58,8438303
1618579800,121.2,121.615,120.78,121.48,7447536
1618839000,121.25,121.54,120.8892,121.51,7094305
1618925400,120.95,122.29,120.95,121.98,8063897
1619011800,122.36,123.4884,122.3,123.42,9635877
1619098200,123.32,123.6,122.4,122.87,10030936
1619184600,122.81,123.96,122.55,123.68,4975346
1619443800,123.61,123.62,123.03,123.26,6907131
1619530200,122.95,122.965,122.35,122.55,7034730
1619616600,122.35,122.49,121.96,122.18,6788235
1619703000,122.31,122.34,121.03,121.69,8148869
1619789400,121.21,121.92,121.11,121.33,7153422
1620048600,121.99,122.8387,121.82,122.71,13179071
1620135000,122.53,122.93,122,122.84,16186498
1620221400,123.01,123.44,122.41,123.06,16713749
1620307800,122.36,123.23,121.73,123.22,16114981
1620394200,123.51,124.72,123.46,124.07,7576917
1620653400,124.52,125.19,124.18,124.23,8846741
1620739800,123.58,124.1,122.606,122.89,11357836
1620826200,122.23,122.84,121.61,121.73,10946457
1620912600,121.95,123.385,121.76,122.83,11228009
1620999000,123.54,123.855,123.14,123.45,6590493
1621258200,123.31,123.875,123.14,123.22,5997915
1621344600,123.18,123.9689,122.77,123.26,9201952
1621431000,122.46,123.13,121.59,123.05,10063161
1621517400,123.01,124.87,123.01,124.34,7522727
1621603800,124.75,125.66,124.26,124.36,8423300
1621863000,125,125.2499,124.43,124.48,4958873
1621949400,124.66,124.67,123.97,124.11,6798493
1622035800,124.08,124.12,122.86,123.39,6848847
1622122200,123.65,123.75,123.05,123.12,8103209
1622208600,123.59,124.615,123.52,123.6,10059940
1622554200,123.75,123.79,121.465,121.57,13368331
1622640600,121.68,121.99,121.04,121.33,13245071
1622727000,120.88,122.02,120.61,121.7,13244609
1622813400,122.34,122.6999,121.95,122.09,11229016
1623072600,122.39,123.61,122.18,122.53,13978496
1623159000,122.83,122.9,121.21,122.15,10799556
1623245400,122.46,123.535,122.46,123.33,7965618
1623331800,123.63,125.58,123.58,125.44,9350874
1623418200,125.25,125.31,123.92,124.55,6958093
1623677400,124.48,124.68,123.78,124.66,5155991
1623763800,124.79,124.98,124.17,124.7,5409192
1623850200,124.83,125.46,123.87,124.22,11653343
1623936600,124,125.5,123.98,125.17,6527291
1624023000,124.24,124.41,123.57,123.74,11152652
1624282200,123.65,124.965,123.2,124.74,6655407
1624368600,124.82,125.18,124.4,125.01,7194053
1624455000,124.84,125.13,124.44,124.49,6506579
1624541400,125.22,126.005,124.99,125.13,7029228
1624627800,125.08,126.08,125.01,125.7,8344223
1624887000,125.83,126.05,125.41,125.89,4631451
1624973400,125.9,126.42,125.74,126.03,6165555
1625059800,125.9,126.21,125.47,125.95,8542687
1625146200,126.04,127.16,125.99,127.07,12020983
1625232600,127.23,128.41,127.005,128.29,12328134
1625578200,127.91,128.18,127.2601,128.17,11413300
1625664600,128.18,128.98,127.71,128.98,18435650
1625751000,127.78,128.37,127.11,128.27,8386584
1625837400,128.73,129.105,128.4199,128.71,5224302
1626096600,128.71,129.6,128.61,128.96,9097975
1626183000,128.8,129.2552,128.525,128.84,9698814
1626269400,129.13,129.24,128.49,128.72,7487030
1626355800,128.03,128.59,127.48,128.27,8750949
1626442200,128.6,129.085,128.18,128.62,6511034
1626701400,127.78,128.39,126.23,127.27,19460594
1626787800,127.68,129.55,127.68,128.82,15053906
1626874200,129.34,129.38,127.64,129.03,8295729
1626960600,129.14,129.98,128.79,129.98,9261132
1627047000,130.53,131.61,130.37,131.48,8303834
1627306200,131.11,131.49,130.1999,130.63,6626516
1627392600,130.45,131.24,130.105,131.24,9551785
1627479000,131.05,132.09,130.715,131.71,7432563
1627565400,132.14,132.23,131.64,132.03,5662818
1627651800,131.81,132.635,131.63,132.15,6634362
1627911000,132.67,132.85,131.94,132.33,8366436
1627997400,132.39,134.21,132.3,134.17,7701800
1628083800,133.65,134.47,133.43,133.6,8322214
1628170200,133.5,133.52,132.045,133.05,8240873
1628256600,132.99,133.11,132.09,132.94,6923733
1628515800,133.13,133.7,133.03,133.45,9852525
1628602200,133.52,133.79,132.625,133.14,5832607
1628688600,133.35,133.56,131.71,131.82,14512544
1628775000,131.95,132.97,131.86,132.86,8220335
1628861400,133.19,133.72,133.03,133.69,7923108
1629120600,133.69,135.23,133.23,135.21,8404315
1629207000,134.85,136.81,134.775,136.81,13874827
1629293400,136.63,136.78,134.65,134.73,12427698
1629379800,133.84,136.04,133.8,135.34,11669503
1629466200,135.47,136.52,135,136.11,7252909
1629725400,136.88,136.98,136.12,136.16,8471263
1629811800,136.16,136.18,135.29,135.68,6548195
1629898200,135.55,135.6217,134.75,135.31,6918537
1629984600,135.39,135.69,134.52,134.78,5972119
1630071000,135.08,135.45,134.41,134.63,8679232
1630330200,134.51,135.88,134.5,135.39,6417153
1630416600,135.42,136.05,134.73,135.21,9299100
1630503000,135.32,135.44,133.965,135.25,10571193
1630589400,135.75,136.72,135.6,136.7,6848211
1630675800,136.56,137.045,135.91,136.85,5632771
1631021400,136.34,136.56,135.16,136.05,8739238
1631107800,135.78,136.21,135.42,135.99,6986150
1631194200,135.8,136.11,134.34,134.42,8905636
1631280600,134.9,135.02,133.12,133.19,10561623
1631539800,133.89,133.97,131.7,132.37,11676713
1631626200,132.99,133.3,132.12,132.35,10436274
1631712600,132.18,133.83,131.98,133.21,10299867
1631799000,133.38,133.63,131.96,132.87,10525706
1631885400,132.76,133.11,132.13,133,13541430
1632144600,131.03,132.32,130.01,131.15,17245017
1632231000,131.75,132.7,131.33,131.35,11741913
1632317400,131.74,132.2321,130.94,131.57,11964144
1632403800,131.87,133.29,131.77,132.52,10366547
1632490200,132.3,132.79,131.7,131.98,6962579
1632749400,131.6,131.76,129.82,130.1,11631377
1632835800,129.27,129.271,127.43,127.87,17433739
1632922200,128.44,129.48,128.18,128.88,11171392
1633008600,129.31,130.12,127.19,127.3,21653745
1633095000,127.47,127.93,125.28,127.33,23188944
1633354200,126.81,127.46,124.76,125.39,27580669
1633440600,125.9,127.42,125.73,126.14,19152027
1633527000,125.44,126.02,124.5,125.91,21322290
1633613400,126.78,128.4,126.54,127.58,15806657
1633699800,127.76,128,126.68,126.94,9552253
1633959000,126.83,127.5,125.91,125.95,7843732
1634045400,126.35,126.48,125.025,125.34,13007521
1634131800,125.55,126.105,124.765,125.54,10610423
1634218200,126.84,127.84,126.84,127.34,8857911
1634304600,128,128.55,127.73,127.97,8976053
1634563800,127.41,127.54,126.55,127.1,11660799
1634650200,127.79,129.1,127.79,128.77,9486966
1634736600,129.54,130.8025,129.42,130.61,13665717
1634823000,130.88,131.215,129.93,131.14,8267518
1634909400,131.02,131.72,130.82,131.67,8009739
1635168600,131.73,131.9746,130.71,131.83,10629842
1635255000,132.13,132.86,131.41,132.48,9271663
1635341400,132.69,132.83,131.39,131.43,11851449
1635427800,131.67,133.04,131.665,132.53,9282753
1635514200,132.36,133.99,131.855,133.82,15415091
1635773400,133.94,134.49,133.15,133.66,14356751
1635859800,134.18,135.165,133.01,134.5,20851468
1635946200,134.24,135.34,133.74,135.29,14610094
1636032600,134.98,135.19,133.43,134.36,15818549
1636119000,133.15,133.7,131.895,132.86,14867391
1636381800,133.1,133.82,132.58,133.65,8948840
1636468200,133.69,133.81,132.9,133.16,7287021
1636554600,133.12,134.08,133.1,133.54,8445219
1636641000,133.52,133.61,132.83,133.15,8597304
1636727400,134,134.12,133.07,133.81,8317641
1636986600,134.12,134.19,132.85,132.98,6268910
1637073000,132.95,134.265,132.72,133.54,6150892
1637159400,133.69,134.25,133.11,133.73,8229054
1637245800,133.87,134.12,133.32,133.78,9029418
1637332200,134.18,134.63,132.855,132.97,10166202
1637591400,133.16,133.62,132.2,132.37,11146204
1637677800,131.75,132.645,131.35,132.51,12075241
1637764200,132.26,132.7,131.8,132.46,6760796
1637937000,132.94,133.72,131.5099,131.97,11896923
1638196200,132.69,133.22,132.19,132.33,17137200
1638282600,131.57,132.17,129.54,129.73,19467132
1638369000,130.35,132.09,129.48,129.5,22241709
1638455400,129.46,130.66,128.84,130.13,17531246
1638541800,131.04,131.54,129.29,130.37,22111856
1638801000,130.71,131.68,130.505,131.11,15230869
1638887400,132,133.12,131.82,132.8,11974712
1638973800,133.18,133.89,132.51,133.8,15144681
1639060200,133.67,134.55,133.57,134.11,9095914
1639146600,133.76,134.86,133.7,134.58,8554302
1639405800,134.58,136.23,134.58,135.85,12201839
1639492200,135.22,136.01,134.63,135.3,11070804
1639578600,135.59,138.14,135.47,138.07,14996251
1639665000,138.06,139.59,137.81,138.89,19227482
1639751400,138.19,139.035,137.38,137.92,21505772
1640010600,137.11,137.525,135.38,136.56,16185740
1640097000,136.95,137.19,135.68,137.13,10773365
1640183400,137.06,138.81,136.82,138.73,7245983
1640269800,139.09,139.749,138.68,139.3,7743780
1640615400,139.8,140.77,139.65,140.77,6969387
1640701800,140.9,141.15,140.03,140.4,6066669
1640788200,140.26,141.49,140.16,141.2,7103573
1640874600,141.46,141.975,141.31,141.49,7931674
1640961000,141.32,141.86,140.84,140.89,7882794
1641220200,140.29,140.55,138.24,139.44,15122472
1641306600,139.13,139.29,137.01,137.6,13718254
1641393000,137.9,138.73,136.565,136.62,15370687
1641479400,135.77,136.6,134.8,135.04,15181986
1641565800,134.72,134.97,134.07,134.35,9619354
1641825000,133.76,135.81,133.4427,135.73,15589881
1641911400,135.93,136.83,135,136.81,12168273
1641997800,136.03,136.63,135.8279,136.42,10831825
1642084200,136.18,136.35,134.055,134.3,13804867
1642170600,133.94,134.21,132.69,134.07,14341860
1642516200,132.75,132.955,131.845,132.19,16471761
1642602600,132.44,133.48,131.52,131.65,14639582
1642689000,131.97,133.32,130.71,130.79,15127778
1642775400,131.19,131.6,129.26,129.47,25804772
1643034600,128.3,129.26,124.92,129.04,37986741
1643121000,127.33,129.305,126.27,128.21,19326773
1643207400,128.42,129.58,126.535,127.54,29557376
1643293800,128.16,129.84,127.45,127.87,18489082
1643380200,127.76,130.53,126.86,130.48,20906755
1643639400,130.24,131.465,129.98,131.23,19044360
1643725800,131.7,131.82,130.53,131.58,14674817
1643812200,131.49,133.67,131.22,133.35,13595217
1643898600,133.17,133.28,132.53,132.78,13805709
1643985000,131.57,133.23,131.33,132.3,12004325
1644244200,132.35,132.81,131.7,132.07,9229161
1644330600,131.37,133.38,131.07,133.15,11071565
1644417000,133.79,134.46,133.65,134.18,10811034
1644503400,132.63,133.79,131.56,132.08,14393345
1644589800,131.9,132.9,130.09,130.25,13072313
1644849000,129.98,130.23,127.95,128.92,14386969
1644935400,130.04,130.88,129.71,130.37,8969944
1645021800,129.7,130.94,129.34,130.57,8779207
1645108200,130.04,130.11,128.275,128.47,11906813
1645194600,128.35,129.04,127.08,127.51,13505608
1645540200,127.06,128.23,126.34,127.19,13682107
1645626600,127.84,128.28,126.425,126.55,12022840
1645713000,124.29,127.32,124.06,127.06,23220097
1645799400,127.63,131.27,127.49,130.95,17012274
1646058600,128.85,130.11,128.45,129.96,17987714
1646145000,129.28,130.34,128.235,129.24,14064394
1646231400,129.81,131.9,129.64,131.19,12395631
1646317800,131.77,132.63,130.74,131.86,11172608
1646404200,130.53,132.64,130.14,132.52,12160672
1646663400,131.69,131.94,129.62,130.21,15703953
1646749800,129.35,130.31,127.47,127.55,21794622
1646836200,129.63,130.625,128.67,129.96,15576472
1646922600,128.39,130.19,128.25,129.91,10708939
1647009000,130.26,131.02,128.81,128.94,9869161
1647264600,129.98,131.72,129.47,129.85,14373221
1647351000,130.9,132.58,130.675,132.44,14374061
1647437400,133.11,134.05,131.75,134.03,13840385
1647523800,133.64,136.21,133.46,136.15,10973125
1647610200,136.07,137.16,135.66,136.99,11364223
1647869400,136.5,137.67,135.82,136.46,11473090
1647955800,136.6,136.79,135.99,136.49,8892191
1648042200,135.84,136.09,134,134.04,10013480
1648128600,134.54,135.64,134.25,135.64,7189377
1648215000,136.1,136.5,135.23,136.27,7040191
1648474200,136.5,137.3,136.01,137.26,8466953
1648560600,138.4,138.95,137.25,138.07,12327806
1648647000,138.09,138.89,137.64,138.34,10752953
1648733400,138.05,138.81,136.75,136.99,15843211
1648819800,137.37,138.12,136.45,138.07,20785728
1649079000,137.76,138,136.6,136.92,16769479
1649165400,136.57,138.84,136.5,137.21,15025053
1649251800,136.86,139.63,136.77,139.3,23197763
1649338200,138.8,142.34,138.8,141.98,18160032
1649424600,141.99,143.42,141.78,142.83,19102690
1649683800,142.42,143,139.78,139.99,16570651
1649770200,139.64,140.46,138.03,138.63,14085400
1649856600,138.62,139.45,137.9,139.31,15496408
1649943000,139.44,140.15,138.54,138.64,10993551
1650288600,138.5,138.82,136.53,137.11,10125007
1650375000,137.47,138.91,137.42,138.42,11733062
1650461400,138.8,140.82,138.64,140.28,13674762
1650547800,140.67,140.83,138.42,138.73,11409874
1650634200,137.48,137.52,133.525,133.67,17525347
1650893400,133.28,134.86,131.78,134.57,16501856
1650979800,133.76,134.48,132.01,132.2,20087676
1651066200,132.18,133.25,131.26,131.91,16726731
1651152600,132.84,134.17,131.61,133.73,15510666
1651239000,132.43,133.115,130.085,130.29,17430156
1651498200,130.18,130.91,127.38,129.48,23615284
1651584600,129.88,131.14,129.43,129.89,13585397
1651671000,129.68,133.25,128.59,132.77,19053548
1651757400,132.12,132.255,128.85,130.19,16119817
1651843800,128.93,130.14,128.27,129.78,21742337
1652103000,128.33,128.36,125.93,126.42,17289879
1652189400,127.74,128.22,125.7,126.87,21850268
1652275800,126.24,129.09,125.88,126.03,19987173
1652362200,125.57,127.33,125.28,127.25,17497046
1652448600,128.09,129,127.53,128.6,9841601
1652707800,128.45,130.43,128.42,129.55,8839812
1652794200,130.9,131.39,129.93,131.33,9058782
1652880600,130.44,130.76,127.53,127.94,10005035
1652967000,126.92,129,126.46,128.22,9672865
1653053400,129.08,130.06,127.33,129.78,12833744
1653312600,130.65,131.43,130.38,130.92,9196515
1653399000,130.535,131.53,129.7,131.31,9031266
1653485400,131.22,132.13,130.04,131.27,8532579
1653571800,131.6,132.33,131.22,131.83,9090060
1653658200,132.06,134.05,131.51,134.02,13696005
1654003800,132.84,133.08,131.16,132.23,11740800
1654090200,132.71,132.73,129.29,130.33,9259949
1654176600,130.5,131.39,128.17,131.36,9575484
1654263000,130.45,131.03,129.65,129.82,5852628
1654522200,130.75,131.02,129.49,129.84,7729119
1654608600,129.84,131.66,129.37,131.53,7219071
1654695000,131.16,131.64,130.12,130.49,5372007
1654781400,130.05,130.49,127.505,127.54,7772883
1654867800,126.03,126.66,124.9998,125.49,11289024
1655127000,123.01,123.76,121.18,121.69,14886247
1655213400,121.55,121.86,119.67,120.53,9299504
1655299800,121.19,123.03,119.89,121.75,10301639
1655386200,119.52,120.04,118.75,119.96,9383292
1655472600,120,121.79,119.85,119.89,13725168
1655818200,121.06,123.1517,120.66,122.6,7987177
1655904600,121.82,125.665,121.76,124.3,10188900
1655991000,124.88,127.19,124.88,127.09,11943316
1656077400,128.02,129.22,127.16,129.2,10448107
1656336600,129.2,130.23,128.79,129.68,8963597
1656423000,129.94,130.59,127.175,127.42,7518756
1656509400,127.59,129.17,127.39,128.53,9157664
1656595800,127.86,128.97,126.89,128.24,10697670
1656682200,128.29,129.85,126.86,129.68,9366753
1657027800,128.43,128.96,126.17,128.93,9987031
1657114200,129.11,130.47,128.88,129.8,9033298
1657200600,129.61,130.52,129.54,130.35,6805503
1657287000,129.98,132.0389,129.85,130.74,6505846
1657546200,130.01,131.14,129.87,130.41,7027344
1657632600,130,130.88,128.17,128.75,9280413
1657719000,127.66,128.53,127.17,127.5,9296486
1657805400,126.04,127.32,125.2286,127.13,7784950
1657891800,129.02,130.26,128.45,130.2,9684755
1658151000,130.33,130.445,127.02,127.45,7047900
1658237400,128.81,129.835,128.25,129.62,6585773
1658323800,129.44,129.61,127.82,128.34,7599526
1658410200,128.72,130.37,128.39,130.37,9507672
1658496600,130.67,130.92,129.04,129.83,8657252
1658755800,129.93,130.75,129.81,130.51,5489039
1658842200,130.88,131.985,130.53,131.18,7482401
1658928600,131.1,132.59,130.485,132,7680640
1659015000,132.17,133.805,129.92,132.84,11052782
1659101400,132.17,132.64,131.47,132.4,8309561
1659360600,131.66,132.38,131.115,131.42,7665402
1659447000,131.74,132.8,130.88,130.95,7935081
1659533400,131.66,132.67,131.3,132.15,6825710
1659619800,132.46,132.49,131.295,131.5,5493014
1659706200,130.68,131.51,130.37,131.45,8883422
1659965400,131.7,132.63,131.09,131.76,7075100
1660051800,131.93,132.56,131.05,131.36,5802683
1660138200,132.76,132.89,132.02,132.79,6736304
1660224600,132.39,133.69,131.645,131.93,8471414
1660311000,132.25,133.68,132.03,133.62,7515511
1660570200,133.55,134.47,133.07,134.29,7486084
1660656600,134,134.38,133.41,133.93,7138443
1660743000,133.15,133.92,132.95,133.15,7251754
1660829400,133.11,133.38,131.845,132.56,7053785
1660915800,132.56,133.56,132.37,132.92,5946717
1661175000,132.1,132.52,130.74,131.18,6420368
1661261400,130.6,130.74,128.985,129.35,7501923
1661347800,129.48,130.0069,129.04,129.51,6719608
1661434200,130.06,130.98,129.15,130.94,5636652
1661520600,130.98,130.99,127.19,127.29,9044717
1661779800,126.52,127.19,125.74,126.4,6727668
1661866200,126.85,126.85,125.25,125.56,7910498
1661952600,125.97,126.76,124.74,124.76,8954532
1662039000,124.56,126.87,124.39,126.81,11212375
1662125400,127.54,127.66,124.445,124.99,9730278
1662471000,125.48,126.68,124.76,125.11,9663569
1662557400,125.08,127.36,124.68,127.15,9038440
1662643800,126.68,129.4,126.42,129.36,9394760
1662730200,129.68,130.85,129.44,130.5,8880372
1662989400,131,132.05,130.65,131.37,7982550
1663075800,129.28,129.57,126.685,127.03,11928461
1663162200,127.45,128.2,126.26,127.1,8080138
1663248600,127.65,129.0326,127.52,127.81,8624440
1663335000,127.41,127.73,126.465,127.45,10810287
1663594200,126.14,126.29,124.455,126.26,9430349
1663680600,125.41,125.6,124.005,124.78,9010647
1663767000,125.28,126.11,122.68,122.71,11642390
1663853400,122.52,124.2,122,123.36,9505590
1663939800,122.7,122.95,121.2,122.73,16611134
1664199000,122,122.59,121.02,121.56,10450594
1664285400,122.41,123.2,120.7,121.19,13239875
1664371800,122.89,124.455,122.1,123.84,16359969
1664458200,123.47,123.77,121.97,122.8,10791664
1664544600,122.81,123.66,120.97,121.11,12389824
1664803800,121.99,124.0701,121.62,123.6,9326783
1664890200,124.63,126.52,124.335,126.47,13718048
1664976600,125.66,127.545,125.19,126.89,9913388
1665063000,126.42,126.81,124.94,125.27,9399262
1665149400,124.32,124.54,121.92,122.62,10068945
1665408600,122.91,123.08,121.38,121.85,8377954
1665495000,121.6,123.8,121.29,122.5,10792901
1665581400,122.89,123.615,121.87,121.9,9292811
1665667800,120.15,125.33,119.95,124.74,14063585
1665754200,125.47,126.4,123.52,123.9,11444396
1666013400,124.69,126.14,124.54,125.89,8420426
1666099800,127.76,127.8,125.97,126.59,10016876
1666186200,126.2,126.21,123.73,124.82,7676230
1666272600,124.6,125.51,123.6,123.76,7196824
1666359000,123.67,126.88,123.01,126.54,8433295
1666618200,127.6,129.37,127.6,128.98,7411288
1666704600,128.59,130.11,128.52,129.96,7174177
1666791000,130.36,132.62,130.32,131.4,8277066
1666877400,131.7,131.72,130.515,130.71,6497027
1666963800,130.91,132.96,130.5,132.86,6267145
1667223000,132.17,133.27,131.87,132.75,7852874
1667309400,132.91,133.57,131.41,132.83,8033434
1667395800,132.52,134.03,130.5,130.57,10230651
1667482200,129.62,130.74,128.7,130.02,7916588
1667568600,131,131.28,128.97,130.81,8082235
1667831400,131.02,132.56,130.53,132.21,6054386
1667917800,132.24,133.89,131.33,132.87,8930880
1668004200,132.66,133.55,131.28,131.44,8963460
1668090600,134.47,135.05,132.66,134.78,12416829
1668177000,134.61,134.63,131.4,133.13,10487243
1668436200,133.53,134.84,133.2,133.25,10537222
1668522600,134.1,134.66,131.97,133.08,8184215
1668609000,133.41,134.305,132.79,133.02,6122194
1668695400,131.97,133.5,131.86,132.96,6498840
1668781800,134.09,134.8,133.65,134.57,6720662
1669041000,134.29,135.21,134.14,134.63,7995562
1669127400,134.95,135.9,134.93,135.8,5931101
1669213800,135.82,136.54,135.475,136.34,5340732
1669386600,136.5,137.26,136.475,137.15,3255961
1669645800,136.73,137.54,135.85,136.12,5026871
1669732200,135.83,136.05,135.05,135.78,5439633
1669818600,135.98,139.11,135.26,139.02,9377430
1669905000,139.82,140.16,138.67,139.42,15140193
1669991400,138.02,139.965,138.02,139.78,7779758
1670250600,138.88,139.2,137.965,138.44,6921643
1670337000,138.18,138.62,136.7145,137.39,8171529
1670423400,137.39,138.915,137.35,138.52,7427063
1670509800,138.76,139.93,138.49,139.77,6765133
1670596200,139.58,140,137.94,137.98,6202991
1670855400,138.07,139.45,138.07,139.45,5669673
1670941800,141.35,141.77,138.91,139.88,9886543
1671028200,139.82,141.28,138.92,140.1,10882243
1671114600,138.85,139.2,137.04,137.53,8747994
1671201000,136.49,136.58,134.78,135.53,10843898
1671460200,134.93,135.18,133.86,134.47,6801724
1671546600,134.52,134.96,133.71,134.44,4815535
1671633000,135.26,136.63,134.84,136.21,5937459
1671719400,135.45,136.06,134.26,136.02,5483301
1671805800,135.89,136.23,135.095,136.1,3766896
1672151400,136.36,136.47,135.21,135.75,7050478
1672237800,136.2,136.86,134.82,134.87,5054288
1672324200,135.71,137.045,135.4,136.34,6297337
1672410600,135.88,136.02,134.47,135.85,6369600
1672756200,135.96,136.33,134.43,135.46,7239269
1672842600,136.22,136.57,134.94,135.82,8469936
1672929000,134.92,135.25,133.895,134.43,6714235
1673015400,135.33,136.04,133.61,135.67,7175745
1673274600,135.81,135.85,133.215,133.4,7719462
1673361000,133.35,134.725,133.15,134.52,7675320
1673447400,134.61,135.3,133.99,135.28,7307184
1673533800,134.99,135.41,133.54,134.85,7580538
1673620200,134.11,135.86,134.05,135.45,6334065
1673965800,135.38,135.6121,134.64,134.82,6664139
1674052200,134.82,135.17,132.795,132.92,10629147
1674138600,132.53,133.77,132.26,133.24,9902281
1674225000,133.54,134.01,132.52,133.91,5962205
1674484200,133.99,135.12,133.69,134.37,7211043
1674570600,133.7,134.48,132.62,133.48,5754776
1674657000,132.59,133.55,132.21,133.52,5999062
1674743400,133.83,133.95,132.73,133.77,6861168
1674829800,133.57,133.71,132.69,132.86,5854552
1675089000,132.61,133.44,131.455,131.66,7055400
1675175400,131.96,133.38,131.83,133.36,6290643
1675261800,133.36,134.81,132.36,133.99,11843040
1675348200,133.01,133.258,132.13,133.08,11274699
1675434600,133.17,133.6,132.25,132.69,10046771
1675693800,132.5,132.78,131.77,131.95,7328283
1675780200,131.49,133.19,131.025,132.8,7551007
1675866600,132.32,133.15,132.21,132.41,5614147
1675953000,132.74,133.245,131.04,131.25,8085922
1676039400,131.43,132.625,131.25,132.49,6198653
1676298600,132.51,133.595,132.51,133.59,6300295
1676385000,133.77,134.01,132.13,132.8,6905994
1676471400,132.28,132.455,131.69,132.14,6491948
1676557800,130.93,131.985,130.54,130.82,8008010
1676644200,130.2,132.23,130.08,131.99,10434450
1676989800,131.03,131.57,130.0899,130.28,9066218
1677076200,130.42,130.73,129.57,129.84,7318937
1677162600,129.81,130.85,129.235,130.19,9955508
1677249000,129.09,129.34,128.13,128.51,9008017
1677508200,129.21,129.57,127.83,128.12,6463899
1677594600,127.83,127.91,127.06,127.17,10282751
1677681000,126.56,127.24,126.41,126.96,11101021
1677767400,126.39,128.105,126.39,127.74,10203680
1677853800,128.33,129.22,127.69,129.17,10048013
1678113000,129.26,129.7,128.81,129.11,8153402
1678199400,129.37,129.52,126.81,127.03,9604352
1678285800,126.77,127.16,125.84,126.35,10793366
1678372200,126.84,127.05,124.56,125.07,13270342
1678458600,124.86,125.9,123.67,124.15,20483224
1678714200,123.75,127.02,123.6,125.31,21294203
1678800600,126.16,126.82,125.17,126.43,14583013
1678887000,125.07,126.5,124.84,126.32,17244563
1678973400,125.37,127.56,125.02,127.5,16015825
1679059800,127.39,127.49,125.455,125.86,15072931
1679319000,125.58,127.145,125.58,126.96,10594319
1679405400,127.45,127.88,126.675,127.73,8816257
1679491800,127.8,128.27,125.78,125.8,10480142
1679578200,126.32,127.08,124.84,125.56,10092300
1679664600,125.44,127.42,124.97,127.3,8163893
1679923800,128.2,128.78,127.67,127.82,9455363
1680010200,127.69,128.15,126.74,127.05,8037474
1680096600,127.68,127.84,126.85,127.4,8183112
1680183000,128.09,128.13,127.275,128.09,6820534
1680269400,128.52,129.53,128.45,129.46,9202493
1680528600,129.56,131.06,129.2,130.91,8937258
1680615000,131.05,131.69,130.69,130.93,9052600
1680701400,131.66,133.42,131.51,133.19,12325750
1680787800,133.71,134.11,133.07,133.52,8276295
1681133400,133.16,133.5,132.46,133.43,8024299
1681219800,133.74,134.365,133.66,133.88,8887512
1681306200,134.4,134.895,133.68,133.92,8988716
1681392600,134.49,135.81,134.195,135.66,9373699
1681479000,135.35,135.635,134.07,134.57,6632126
1681738200,134.61,134.76,133.755,134.46,7187113
1681824600,134.73,134.73,133.36,133.54,7194221
1681911000,133.58,134.15,133.17,133.95,7048082
1681997400,133.31,133.6,132.7707,133.4,6672031
1682083800,134.13,134.75,133.71,134.3,6536148
1682343000,134.44,135.09,134.1,135.05,6299870
1682429400,134.85,135.26,133.42,133.61,7751967
1682515800,132.43,132.52,130.92,131.71,10128764
1682602200,131.77,132.585,130.62,132.4,10008925
1682688600,132.24,133.905,132.03,133.53,7917338
1682947800,133.72,134.755,133.46,134.22,6794007
1683034200,134,134.85,132.68,133.64,14365947
1683120600,134.26,134.9,133.27,133.46,8961472
1683207000,132.9,132.98,131.84,132.4,9625315
1683293400,133.27,134.05,132.83,133.59,7650379
1683552600,133.39,133.43,132.68,133.3,5305742
1683639000,132.79,133.42,132.37,132.41,6452735
1683725400,132.79,133.11,132,132.78,6556586
1683811800,132.5,132.58,131.54,132.37,8764931
1683898200,132.57,132.85,131.6,132.19,6626766
1684157400,132.21,132.3,131.39,131.96,5725670
1684243800,131.68,131.73,130.83,130.86,7106025
1684330200,131.08,131.19,129.555,131.02,15512874
1684416600,130.74,130.91,129.69,130.7,12196872
1684503000,131,132.19,130.94,131.31,9277048
1684762200,131.5,132.36,131.13,131.44,12856105
1684848600,130.91,131.0951,129.71,130,8723112
1684935000,129.75,129.78,128.81,129.11,7953091
1685021400,128.49,128.66,126.91,127.79,13737188
1685107800,127.67,128.8701,127.29,127.53,8794874
1685453400,126.89,127.87,126.42,126.74,12114528
1685539800,126.39,128.05,126.05,127.83,15099052
1685626200,127.95,128.9179,126.96,128.67,9751882
1685712600,129.08,130.55,128.78,130.32,10293195
1685971800,130.61,131.38,130.41,130.79,8825083
1686058200,131.32,131.36,129.13,129.7,9413482
1686144600,129.59,129.77,129,129.19,7519649
1686231000,129.21,130.2,128.78,130.02,6583161
1686317400,130.05,130.87,129.34,130.42,10446128
1686576600,130.35,130.92,129.835,130.89,7321523
1686663000,130.6,131.745,130.47,131.55,8362679
1686749400,130.88,130.99,129.7,130.2,12401617
1686835800,130.21,132.4,130.19,132.22,10598620
1686922200,132.56,133.25,132.07,132.21,10535119
1687267800,130.41,132.095,130.39,131.52,8585375
1687354200,131.2,131.99,130.59,131.54,9444757
1687440600,131.74,132.63,131.57,132.44,8036714
1687527000,132.26,132.54,131.64,132,8096493
1687786200,131.67,131.88,129.98,131.25,7093029
1687872600,131.25,131.39,130.04,130.95,8578428
1687959000,130.92,130.95,130.11,130.53,10897834
1688045400,130.23,131.46,130.01,131.38,7843374
1688131800,131.91,133.04,131.83,132.73,8260918
1688391000,132.35,132.35,131.078,131.64,5240339
1688563800,131.36,131.855,131.06,131.57,7942087
1688650200,130.69,131.01,130.19,130.52,8213056
1688736600,129.8,130.26,128.93,129,8749818
1688995800,129.01,130.18,129,130.02,7476636
1689082200,129.84,130.47,129.48,130.05,7279219
1689168600,130.38,130.5,129.49,129.7,11900408
1689255000,130.03,130.36,129.615,129.75,7526169
1689341400,130.73,132.115,130.59,131.7,13298785
1689600600,131.35,131.63,130.61,131.1,7905359
1689687000,131.15,132.565,130.91,132.07,8130367
1689773400,132.72,133.51,132.45,132.68,12483992
1689859800,133.57,135.43,133.47,134.88,12650212
1689946200,135.01,136.66,134.78,136.24,11308875
1690205400,136.24,136.845,135.8201,135.94,12034090
1690291800,135.03,136.425,134.85,135.88,7803014
1690378200,135.23,136.23,134.875,135.79,8205316
1690464600,135.99,136.48,134.76,134.79,8800817
1690551000,135.2,135.42,134.415,135.19,6897797
1690810200,134.95,135,133.645,134.15,9736656
1690896600,133.84,134.33,133.115,133.45,10555724
1690983000,133.48,134.39,133.18,133.54,13873282
1691069400,133.1,133.27,132.61,132.87,11863532
1691155800,132.91,133.73,132.075,132.4,12631301
1691415000,132.8,134.055,132.73,133.93,8165679
1691501400,134.78,135.13,134.045,134.96,12601218
1691587800,134.84,135.65,134.75,134.92,9833747
1691674200,135.25,136.53,134.69,134.83,9541846
1691760600,134.79,135.83,134.47,135.67,7674453
1692019800,135.69,136.51,135.57,136.08,8723326
1692106200,135.74,136.14,135.43,135.58,9118521
1692192600,135.36,135.8,134.52,134.55,9462496
1692279000,134.07,134.54,133.415,133.48,11163782
1692365400,133.22,133.875,133.1,133.53,9463221
1692624600,133.48,133.83,133.055,133.67,6872444
1692711000,133.47,133.79,133.13,133.2,6939610
1692797400,134,134.3,133.205,133.6,7276780
1692883800,133.34,134.39,132.44,132.44,10241732
1692970200,132.87,133.88,132.42,133.41,8509077
1693229400,133.88,134.31,133.225,133.72,6768441
1693315800,133.9,134.92,133.72,134.92,10736986
1693402200,135.25,135.66,134.7,134.82,7892678
1693488600,134.84,134.91,133.18,133.21,7540165
1693575000,134.24,134.24,133.22,133.57,10183853
1693920600,133.64,133.735,132.19,132.19,11042676
1694007000,132.03,132.16,130.83,131.47,12840059
1694093400,131.87,132.625,131.77,132.06,11055727
1694179800,131.78,132.46,131.75,132.06,8717030
1694439000,132,133.225,131.98,132.97,7178983
1694525400,132.57,133.145,131.851,132.8,6941890
1694611800,132.48,133.35,132.44,132.82,6430300
1694698200,133.57,133.65,132.84,133.24,6433355
1694784600,132.92,133.5482,132.095,132.19,9612005
1695043800,131.86,131.99,130.95,131.45,6559420
1695130200,131.23,131.84,130.68,131.56,6252402
1695216600,132.14,132.51,131.55,131.57,6350825
1695303000,131.32,131.535,130.36,130.42,7979573
1695389400,130.25,130.92,130,130.15,7790307
1695648600,130.02,130.895,129.66,130.86,6826343
1695735000,130.26,130.675,129.65,129.75,8200850
1695821400,129.99,130.12,128.15,129.1,9888551
1695907800,129.32,130.09,129.32,129.72,9129071
1695994200,130,130.12,128.545,128.74,12692668
1696253400,128.33,128.6,127.06,128.56,16035101
1696339800,127.93,128.2,126.88,127.42,11971088
1696426200,127.53,128.14,126.93,127.96,10064397
1696512600,128.25,128.89,127.52,128.66,9609778
1696599000,128.3,130.42,128.23,130.01,10692361
1696858200,129.65,130.58,129.125,130.46,8047600
1696944600,130.42,131.6699,129.97,131.08,8154935
1697031000,131.24,131.45,129.92,130.5,9591851
1697117400,130.6,130.85,129.28,129.38,10927662
1697203800,129.86,130.94,129.46,130.19,11383864
1697463000,130.71,131.92,130.6,131.17,10544998
1697549400,130.54,131.705,130.435,130.99,9149878
1697635800,131.17,131.54,129.6225,129.85,10085684
1697722200,129.68,129.815,127.77,128.57,15492635
1697808600,128.31,128.98,128.04,128.06,12296754
1698067800,127.97,128.4,127.14,127.26,12344261
1698154200,126.85,128.05,126.85,127.65,9375911
1698240600,127.07,127.46,125.57,126.51,11426996
1698327000,125.47,126.41,125.16,125.26,14699250
1698413400,124.91,125.07,122.59,123.14,13566218
1698672600,123.78,124.21,122.89,123.83,15224553
1698759000,124.27,124.7,123.55,124.54,13917381
1698845400,124.39,125.41,124.17,124.8,13802706
1698931800,125.28,126.89,124.95,126.78,11894138
1699018200,127.65,128.2,127.2,127.41,11635623
1699281000,127.95,128.46,127.43,128.26,8425100
1699367400,128.21,128.66,127.87,128.35,8241885
1699453800,128.89,128.89,127.39,128.17,10021074
1699540200,128.05,128.2,125.4,125.52,13905623
1699626600,126,126.45,124.6,126.27,10401721
1699885800,126.4,127.25,125.67,127,11373790
1699972200,127.73,128.705,127.41,127.86,11217020
1700058600,127.95,128.47,127.64,127.96,9262770
1700145000,128.34,128.78,127.845,128.51,7665861
1700231400,128.78,128.99,127.864,128.25,6766199
1700490600,127.75,129.31,127.66,129.03,6910104
1700577000,129.47,130.07,129.31,129.81,8373031
1700663400,130.24,130.74,130.0698,130.43,6737701
1700836200,130.69,131.155,130.68,131.13,3708830
1701095400,130.85,131.29,130.07,130.31,10530278
1701181800,130.08,130.37,129.55,129.64,6261342
1701268200,129.5,130.38,129.44,129.68,6979033
1701354600,129.78,131.385,129.33,131.31,7743059
1701441000,131.13,131.97,131.03,131.83,9370974
1701700200,131.48,132.33,131.435,132.08,6943917
1701786600,131.81,132.12,131.09,131.91,6581075
1701873000,132.2,132.45,131.75,132.01,6210408
1701959400,132.03,132.35,131.245,131.85,6396695
1702045800,131.94,132.38,131.275,132.07,6007674
1702305000,132.78,133.19,132.13,132.94,9016882
1702391400,133.13,133.7,132.5,133.51,6779064
1702477800,132.94,136.01,132.76,135.97,9074339
1702564200,136.43,136.51,134.8,135.31,10098714
1702650600,134.68,134.94,133.66,134.16,8296654
1702909800,134.06,134.2,133.43,133.78,5944319
1702996200,133.95,134.75,133.74,134.68,6358227
1703082600,134.6,134.68,132.72,132.73,7299039
1703169000,133.53,134.445,133.22,134.35,5606916
1703255400,134.68,135.44,134.475,135.02,5355138
1703601000,134.91,135.675,134.74,135.32,3688653
1703687400,135.17,135.98,135.14,135.89,5444087
1703773800,136,136.695,135.98,136.24,5800264
1703860200,136.24,136.62,135.825,136.38,5590052
1704205800,136.04,139.05,135.965,138.78,11785898
1704292200,139.24,139.53,138.38,138.55,9584991
1704378600,138.98,140,138.74,139.24,11649191
1704465000,138.92,139.7,138.5301,139.12,9437671
1704724200,139.16,140.38,138.59,140.35,7999385
1704810600,140.2,141.56,139.87,140.33,9201275
1704897000,140.41,141.14,139.88,140.97,9773320
1704983400,140.79,141.025,140,140.87,7182331
1705069800,140.48,141.16,140.05,140.52,8026508
1705415400,140.17,140.36,139.46,139.68,7426944
1705501800,139.45,140.09,139.01,139.4,8337301
1705588200,138.2,139.515,137.52,139.38,8929332
1705674600,139.46,139.82,138.69,139.46,8842008
1705933800,139.58,140.44,139.23,140.07,7831379
1706020200,139.89,140.06,138.965,139.97,6407411
1706106600,140.34,140.675,138.67,138.69,9104974
1706193000,138.2,138.51,137.21,138.48,10050187
1706279400,139.44,139.56,138.92,139.27,5759212
1706538600,139.4,140.26,139.31,140.25,6229620
1706625000,140.48,140.82,139.805,140.57,5940340
1706711400,141.64,141.75,140.35,140.38,10223101
1706797800,140.55,142.2,139.87,142.2,8503745
1706884200,142.15,142.645,141.27,141.99,10629354
1707143400,142.5,143.31,141.78,142.43,9631688
1707229800,143.54,144.0854,142.825,143.98,10159041
1707316200,144.34,145.03,144.07,144.37,7884600
1707402600,144.23,144.23,143.465,144.12,6672616
1707489000,144.06,144.29,143.545,144.01,7447802
1707748200,143.82,144.2354,143.14,144.2,6645456
1707834600,143.47,144.47,142.15,142.86,11170135
1707921000,143.35,144.15,143.075,144.1,9701053
1708007400,144.2,145.43,143.99,145.15,9294805
1708093800,145.34,146.605,144.82,145.62,8424290
1708439400,145.73,146.19,144.765,145.13,9120550
1708525800,144.66,145.49,144.24,145.45,7213773
1708612200,145.64,147.4301,145.33,147.16,9130025
1708698600,147.66,148.2701,147.34,147.86,9194718
1708957800,147.77,148.11,146.965,147.1,7248352
1709044200,146.38,147.186,146.035,146.74,7374135
1709130600,146.12,146.28,145.32,146.01,8038813
1709217000,146,146.24,144.72,144.82,9435636
1709303400,145.15,146.439,144.51,146.34,8741586
1709562600,145.92,146.68,145.77,146.12,10657870
1709649000,146.17,146.41,144.55,145.03,9743609
1709735400,145.3,146.56,145.3,146.02,8085410
1709821800,146.38,147.05,146.175,146.7,6438276
1709908200,146.56,147.25,146.17,146.43,7802515
1710163800,146.1,146.61,145.295,146.35,7724013
1710250200,146.45,147.39,145.96,147.03,7143931
1710336600,147.59,147.7,145.89,146.46,7874171
1710423000,146.55,146.66,145.125,145.94,9605786
1710509400,145.02,145.66,144.845,145.36,10570477
1710768600,145.43,145.57,144.72,144.82,6407158
1710855000,144.94,145.87,144.52,145.78,5240260
1710941400,145.43,145.5,144.635,145.45,8268171
1711027800,145.75,146.17,145.34,145.64,8865259
1711114200,145.85,146.22,145.265,145.44,5537224
1711373400,145.705,145.86,145.011,145.24,5252964
1711459800,145.53,145.94,145.14,145.77,6942438
1711546200,147.01,147.71,146.62,147.71,8797533
1711632600,147.92,148.2317,147.675,147.73,8090182
1711978200,147.64,147.73,145.935,146.47,7378313
1712064600,144.49,144.65,143.435,144.19,10776352
1712151000,144.44,145.09,143.685,144.03,8453547
1712237400,144.93,145.02,141.87,141.95,12685712
1712323800,141.725,143.685,141.61,143.22,9073220
1712583000,143.11,143.11,142.54,142.76,9128151
1712669400,143.07,143.355,142.28,143.27,10534543
1712755800,141.84,142.24,141.1,141.59,13052725
1712842200,142.02,142.05,140.595,141.01,8153938
1712928600,140.28,140.29,138.46,138.91,13799443
1713187800,140.12,140.63,138.41,138.63,10383735
1713274200,139.83,139.83,138.585,138.68,10170538
1713360600,139.49,139.62,138.215,138.44,8480148
1713447000,138.53,139.25,138.21,138.43,8105813
1713533400,139.15,139.34,138.445,138.95,9668387
1713792600,139.38,140.59,138.93,139.48,8531342
1713879000,140.82,141.56,140.18,141.3,8615525
1713965400,140.99,141.15,140.215,140.86,7378594
1714051800,140.77,141,139.2,139.92,9693507
1714138200,139.4,140.33,139.3,139.96,6013758
1714397400,140.13,140.83,139.73,140.43,6388634
1714483800,140.9,141.2,140.23,140.33,9677720
1714570200,139.71,141.84,139.55,140.58,10710293
1714656600,141.34,141.44,139.72,140.48,8425562
1714743000,141.09,141.23,140.1,140.83,8539319
1715002200,140.95,141.435,140.64,141.4,5605118
1715088600,141.72,142.695,141.7,142.57,7720646
1715175000,142.86,142.88,141.9,142.08,5461097
1715261400,142.25,143.38,142.23,143.3,6821786
1715347800,143.49,144.09,143.39,143.59,6325067
1715607000,143.88,144.01,143.19,143.45,5351464
1715693400,143.65,144.13,143.11,144.06,6198799
1715779800,144.7,146.36,144.64,146.2,8433670
1715866200,145.89,146.44,145.62,146.03,6741009
1715952600,146,146.34,145.44,146.31,7071646
1716211800,146.16,146.3551,145.69,146,3890023
1716298200,146.26,146.88,145.88,146.25,4048888
1716384600,145.86,146.945,145.77,146.51,6831234
1716471000,146.27,146.2801,144.805,144.91,5155939
1716557400,145.1,145.33,144.33,144.42,3949525
1716903000,144.1,144.1,142.07,142.67,8375071
1716989400,141.45,141.73,140.95,141.56,6838269
1717075800,140.99,142.14,140.675,141.63,7395616
1717162200,142.08,143.775,141.91,143.7,7946091
1717421400,143.6,145.135,143.35,144.71,10298305
1717507800,144.58,145.53,144.04,145.13,6964248
1717594200,145.3,145.945,144.49,145.79,5373456
1717680600,145.68,146.58,145.18,146.27,5425770
1717767000,146.13,147.16,145.96,146.43,5222299
1718026200,146.2,147.005,145.67,146.97,5397727
1718112600,146.86,146.86,145.73,146.36,5194123
1718199000,146.99,147.04,145.67,146.05,6522859
1718285400,145.51,146.17,144.58,145.93,4720590
1718371800,145.63,145.92,145.025,145.88,4109831
1718631000,145.26,145.955,144.96,145.73,4543232
1718717400,145.89,146.4,145.6,145.92,4872625
1718890200,145.47,146.59,145.27,146.4,6653759
1718976600,146.59,147.12,146.235,146.81,8513040
1719235800,146.83,147.61,146.45,147.09,6446290
1719322200,147.26,147.465,146.275,146.63,5171672
1719408600,146.37,146.625,145.77,146.11,4572683
1719495000,146.22,146.28,145.03,145.87,4637944
1719581400,146.41,147.02,145.1,145.75,7656778
1719840600,146.04,147.485,144.6542,144.93,6562067
1719927000,144.41,144.62,143.59,144.4,7536335
1720013400,144.66,144.67,142.73,143.3,7653965
1720186200,143.61,144.49,142.88,144.41,4846865
1720445400,144.57,144.97,143.88,144.25,4001547
1720531800,144.56,145.03,143.7,144.95,8337123
1720618200,145.11,146.34,144.79,146.32,5342450
1720704600,146.33,147.74,146.15,147.35,7692935
1720791000,147.85,148.885,147.74,148.27,6614662
1721050200,148.84,148.98,147.53,147.75,5804116
1721136600,148.64,149.89,148.31,149.86,7602476
1721223000,148.83,151.33,148.64,150.54,10395531
1721309400,149.58,150.56,146.86,147.12,11033367
1721395800,147.86,148.58,147.28,147.87,5985687
1721655000,148.62,148.99,147.88,148.72,5190313
1721741400,149.33,149.42,148.465,148.63,3553334
1721827800,148.71,150.055,148.21,149.87,6870395
1721914200,149.42,151.53,148.96,149.12,11472752
1722000600,149.1,150.93,149.01,149.96,6028837
1722259800,149.98,150.56,149.26,150.05,8227400
1722346200,150.05,151.11,149.11,150.18,7269477
1722432600,150.12,150.66,149.05,149.63,8417891
1722519000,150.4,151.33,149.49,151.16,10357711
1722605400,151.39,151.77,148.62,150.86,15742298
1722864600,148.5,148.79,146.19,146.83,17575636
1722951000,147.42,149.38,146.95,147.51,13335705
1723037400,147.41,148.12,145.54,146.01,11484999
1723123800,148.29,149.365,147.62,149.24,11479079
1723210200,149.5,150.36,149.18,149.98,8550467
1723469400,150.34,150.34,148.98,149.41,5044497
1723555800,150,151.365,149.83,151.22,4815735
1723642200,151.03,151.98,150.67,151.76,4837347
1723728600,152.46,152.95,151.75,152.71,5886933
1723815000,152.66,153.115,152.23,152.87,4562665
1724074200,152.88,153.935,152.79,153.8,4729719
1724160600,154.21,155.21,154.05,154.42,4878366
1724247000,154.74,155.08,154.136,154.68,5530111
1724333400,155.2,155.35,153.9869,154.78,4951898
1724419800,155.19,155.56,154.64,155.45,4069501
1724679000,155.6,156.08,155.22,155.37,4433688
1724765400,155.52,156.04,155.06,155.61,3785444
1724851800,155.51,156.435,155.06,155.79,5150093
1724938200,156.41,156.83,155.46,156.12,4339350
1725024600,156.23,157.28,155.55,157.2,7020703
1725370200,156.88,157.84,156.47,156.9,7674912
1725456600,156.69,159.64,155.86,156.63,8235494
1725543000,156.46,156.55,153.73,154.48,7245564
1725629400,155.02,155.66,153.63,153.95,7652025
1725888600,154.34,155.52,153.75,155.03,6169412
1725975000,155.24,155.85,154.66,155.74,7337319
1726061400,155.18,155.46,152.85,155.28,6636620
1726147800,155.24,155.98,153.79,155.84,4838262
1726234200,155.91,156.64,155.7,156.16,4358649
1726493400,156.98,157.59,156.67,157.24,4711902
1726579800,157.05,157.09,155.075,155.62,6279990
1726666200,155.49,156.98,154.76,155.36,7148920
1726752600,156.76,156.76,155.51,155.92,6717643
1726839000,155.41,155.98,154.895,155.28,8541635
1727098200,155.19,155.21,154.12,154.4,6416424
1727184600,154.33,154.39,153.36,154.09,5341811
1727271000,154.56,154.78,152.525,152.59,5940096
1727357400,152.49,153.29,152.23,153.1,6173093
1727443800,153.3,154.2,153.01,153.02,7312567
1727703000,152.81,154.06,152.58,154.02,7235028
1727789400,154.14,154.355,152.63,153.21,10560380
1727875800,153.02,153.38,151.87,152.9,7158480
1727962200,152.52,152.66,151.24,151.52,5550985
1728048600,151.75,152.02,150.88,151.64,6591450
1728307800,151.65,152.11,150.685,150.97,5922859
1728394200,151.37,152.03,151.24,151.79,4726590
1728480600,151.93,153.46,151.57,153.34,7840031
1728567000,153.34,153.46,152.395,152.77,4385633
1728653400,153.25,154.07,153.03,153.89,9354102
1728912600,154.06,155.015,153.53,154.74,4819781
1728999000,152.67,154.585,152.51,152.85,9088576
1729085400,152.65,153.6059,152.24,153.28,4510189
1729171800,152.77,153.02,152.29,152.39,5430044
1729258200,152.5,153.495,152.06,153.13,9823968
1729517400,152.73,153.14,151.18,151.33,4825870
1729603800,150.53,151.39,150.4,151.11,5166889
1729690200,150.7,150.93,149.6,150.4,4910436
1729776600,150.4,151.005,149.37,149.41,5066266
1729863000,149.92,150,148.42,148.59,5314527
1730122200,149.01,149.49,148.62,148.81,4923484
1730208600,148.71,149.32,148.33,148.4,7342579
1730295000,146.14,148.17,145.62,148.12,9211829
1730381400,147.24,147.93,146.84,146.87,6701204
1730467800,147.44,148.47,147.43,147.74,6896929
1730730600,147.38,148.09,146.48,146.77,5985990
1730817000,146.48,147.89,145.94,147.85,5035268
1730903400,150.67,150.91,147.35,148.04,10685862
1730989800,148.93,149.29,148.21,149.11,9381574
1731076200,149.31,150.945,149.14,150.18,8701068
1731335400,149.85,150.6,149.08,149.3,6072124
1731421800,149.06,149.31,147.185,147.22,7022700
1731508200,147.16,147.6,146.675,146.83,5981289
1731594600,146.58,146.59,144.36,144.52,7936741
1731681000,143.72,143.85,141.57,141.84,14246068
1731940200,141.47,142.09,141.31,141.94,7933235
1732026600,140.65,141.61,140.26,141.21,6205830
1732113000,141.51,143.08,141.28,142.88,9328841
1732199400,142.88,144.23,142.14,144.03,7969570
1732285800,144.33,145.02,143.935,144.16,6330311
1732545000,144.81,145.85,144.79,145.39,6834366
1732631400,145.83,146.33,144.69,146.17,6018641
1732717800,146.31,147.7552,146.31,146.95,5953240
1732890600,146.94,147.79,146.71,147.41,3521247
1733149800,147.32,147.38,146.39,147.15,6220907
1733236200,147.14,147.43,146.74,146.82,4236349
1733322600,147.08,147.58,146.36,146.74,5597844
1733409000,146.09,146.25,144.83,145.1,8948940
1733495400,145.29,145.46,144.105,144.28,6545159
1733754600,144.42,145.09,143.92,144.7,6258634
1733841000,144.99,145.1,143.615,144.1,7200614
1733927400,143.52,143.64,142.105,142.14,6895008
1734013800,142.17,142.54,140.91,141.01,5994213
1734100200,140.83,141.45,140.1299,140.99,7599399
1734359400,140.88,141.65,139.2,139.31,9476630
1734445800,138.7,140.24,138.6,139.21,10280072
1734532200,139.12,140.04,137.225,137.32,14448057
1734618600,137.06,137.8,135.945,136.28,11929337
1734705000,137.49,139.295,137.05,138,12098414
1734964200,137.6,138.945,136.99,138.75,8050472
1735050600,138.63,139.325,138.04,139.32,3139251
1735223400,138.83,139.7199,138.68,139.6,4720422
1735309800,138.83,139.81,138.36,138.95,5948122
1735569000,138.15,138.15,136.73,137.24,6890556
1735655400,137.58,138.12,136.785,137.57,6627203
1735828200,138.26,138.77,137.12,137.61,8973032
1735914600,137.89,139.3499,137.74,138.96,8289345
1736173800,138.9,140.04,138.56,139.02,8653497
1736260200,139.36,140.93,139.36,139.71,12639744
1736346600,139.97,140.635,138.69,140.43,7827396
1736519400,139.95,140.95,139.355,139.64,10344054
1736778600,139.79,141.82,139.67,141.46,9422242
1736865000,141.27,141.27,138.88,140,10277827
1736951400,140.39,141.24,139.77,140.57,11388426
1737037800,140.13,141.34,139.58,141.13,8512136
1737124200,140.94,141.4,140.18,140.18,7668273
1737469800,140.92,142.51,140.9,142.5,7257829
1737556200,141.8,142.63,141.13,142.18,8189904
1737642600,142.57,144.095,141.87,144.08,8032946
1737729000,143.44,144.61,143.27,144.31,8127872
1737988200,145.1,147.58,144.97,147.55,12311304
1738074600,147.54,147.74,146.48,146.52,9686428
1738161000,146.09,146.58,145.3,145.66,8159200
1738247400,146.25,147.745,146.24,147.34,7705191
1738333800,147.58,148.5899,146.815,146.87,9213355
1738593000,145.98,148.1599,145.94,147.44,13001514
1738679400,145.82,147.2,145.59,147.04,11762048
1738765800,147.4,148.715,147.1,148.45,10042275
1738852200,148.15,148.46,146.9,147.12,12422219
1738938600,147.33,147.92,146.32,146.43,11199692
1739197800,146.6,146.65,145.46,146.3,7374356
1739284200,145.88,146.32,145.44,146.03,6635040
1739370600,145.68,146.61,145.37,145.82,7572280
1739457000,146.11,146.71,145.16,146.39,6293261
1739543400,146.5,146.7,144.8,144.8,5299228
1739889000,143.92,144.89,143.84,144.52,11366845
1739975400,144.53,146.4399,144.5,146.4,6296079
1740061800,146.19,147.3,146.1,147.22,6264773
1740148200,145.48,147.14,145.34,146.43,8646974
1740407400,146.59,148.22,146.27,147.62,7559370
1740493800,147.9,149.085,147.41,148.89,11981261
1740580200,148.31,148.95,147.345,147.82,6566828
1740666600,147.55,148.91,147.1617,147.22,7377044
1740753000,147.46,149.16,146.49,148.93,8453744
1741012200,149.02,150.32,148.96,149.58,9459273
1741098600,149.79,150.07,147.965,148.19,10804677
1741185000,147.52,149.91,147.24,149.68,7597734
1741271400,149,149.48,147.93,149.27,7122176
1741357800,148.66,150.2835,148.445,149.28,8532510
1741613400,148.12,149.91,147.34,147.67,13577787
1741699800,147.68,147.885,145.29,146.06,9411939
1741786200,145.73,145.99,144.12,144.6,7141081
1741872600,144.66,145.07,143.49,143.83,8041574
1741959000,143.93,145.15,143.41,144.93,6761296
1742218200,144.72,147.11,144.72,146.77,6017373
1742304600,146.82,147.06,146.04,146.84,5528032
1742391000,146.95,147.305,145.9,146.92,6156298
1742477400,146.94,147.635,146.51,147.01,8034118
1742563800,146.58,146.86,145.73,146.6,7635316
1742823000,146.42,147.385,146.11,147.15,6500813
1742909400,147.5,147.59,144.3526,145.27,6502030
1742995800,145.38,145.9725,144.39,144.74,8759221
1743082200,144.52,145.42,144.46,144.97,6264332
1743168600,144.85,145.24,144.45,144.52,6210808
1743427800,143.79,146.62,143.48,146.01,8085670
1743514200,145.48,145.48,142.895,143.34,9906066
1743600600,142.77,144.4,142.19,144.3,6392678
1743687000,143.76,145.19,143.05,143.13,10990921
1743773400,141.14,141.71,135.225,135.28,21341099
1744032600,131.71,137.37,129.66,134.47,29940306
1744119000,139.43,139.439,131.28,132.98,20860411
1744205400,130.13,139.235,129.68,138.76,39444680
1744291800,137.7,137.74,131.33,134.89,21957352
1744378200,135.15,137.76,133.65,136.87,10755630
1744637400,138.21,139.04,136.96,138.54,7437345
1744723800,139,139.045,137.29,137.69,6239000
1744810200,138.12,138.62,135.64,136.29,8150800
1744896600,135.34,136.57,135.1,135.49,9662773
1745242200,135.19,135.36,131.56,132.57,6456085
1745328600,133.64,135.28,133.135,135.06,8012486
1745415000,136.54,137.925,135.13,135.73,9503247
1745501400,135.95,137.54,135.12,137.39,5432961
1745587800,137.59,138.2,135.88,138.05,6438431
1745847000,138.24,139.0397,137.4,138.6,5803428
1745933400,138.42,139.97,137.73,139.28,7812100
1746019800,139.55,140.795,138.26,140.47,6827847
1746106200,138.81,139.11,136.47,136.64,10363184
1746192600,138.79,139.01,137.55,138.53,9777135
1746451800,138.25,138.675,137.58,138.14,5479960
1746538200,137.13,137.19,133.97,134.33,11625944
1746624600,134.75,135.75,134.4,135.36,6440514
1746711000,134.41,135.33,133.685,134.14,10558242
1746797400,134.31,134.77,132.62,132.68,7555209
1747056600,132.875,136.13,132.64,135.96,15211487
1747143000,133.94,133.94,131.83,131.87,17816962
1747229400,132.275,132.55,128.68,128.77,19579482
1747315800,128.47,130.54,127.35,130.46,18792674
1747402200,130.7,133.14,130.31,133.09,12901782
1747661400,133.02,134.435,132.645,134.37,11645235
1747747800,134.4,135.0899,134.185,134.7,11644698
1747834200,133.56,134.14,131.52,131.58,16635924
1747920600,130.63,131.24,129.98,130.55,12722641
1748007000,129.93,130.595,129.5465,130.34,9127098
1748352600,131.43,132.39,131.16,132.16,12304443
1748439000,132.11,132.58,131.13,131.48,11087470
1748525400,131.68,132.76,131.285,132.36,10673735
1748611800,132.07,133.335,130.88,132.64,11651333
1748871000,132.3,132.78,131.11,132.72,11845031
1748957400,132.37,133.52,131.725,133.03,14304622
1749043800,133.43,134.33,133.29,133.29,9986080
1749130200,133.62,133.905,132.57,133.11,13705543
1749216600,133.81,134.84,133.79,134.38,9153482
1749475800,134.35,134.81,133.39,134.15,9976863
1749562200,134.27,136.09,134.25,135.68,11488020
1749648600,135.71,136.57,135.34,135.75,13644041
1749735000,135.76,136.84,135.485,136.81,9809545
1749821400,136.06,137.33,135.68,136.13,13722759
1750080600,136.42,136.83,135.08,135.71,14170992
1750167000,135.1,135.41,133.29,133.47,13506002
1750253400,133.48,134.12,132.49,133.24,12185261
1750426200,133.7,133.8,132.41,132.6,13745102
1750685400,132.06,132.74,130.98,132.16,14181644
1750771800,132.51,134.08,132,133.78,11272914
1750858200,133.52,134.295,132.77,133.9,11996841
1750944600,134.18,135.16,133.745,134.22,13177723
1751031000,134.32,135.13,133.7,133.93,13818457
1751290200,133.9,134.95,133.8,134.79,12407654
1751376600,134.58,137.76,134.46,136.71,21204317
1751463000,136.025,136.29,135.24,135.36,13720388
1751549400,135.55,135.9,135.165,135.5,7282662
1751895000,135.45,135.45,133.65,134.36,14052702
1751981400,134.26,136.22,134.01,134.97,19486044
1752067800,135.25,135.92,134.42,135.49,13963895
1752154200,135.51,137.63,135,136.32,17670454
1752240600,135.88,135.88,134.35,135.19,14246953
1752499800,134.65,135.31,134.4,135.03,11095395
1752586200,135.23,135.4729,132.47,132.6,17095552
1752672600,133.14,134.4151,133,134.25,14142114
1752759000,133.295,133.68,132.28,132.72,15740942
1752845400,133.07,133.24,131.66,131.84,13245489
1753104600,131.91,132.32,131.025,131.09,9468736
1753191000,131.31,133.81,131.31,133.53,16681891
1753277400,135.26,136.315,134.8,136.27,16623992
1753363800,136.13,136.93,135.54,135.76,11054765
1753450200,136.245,136.7,135.74,136.48,9540321
1753709400,136.14,136.3852,134.93,135.29,9780254
1753795800,133.9,135.095,132.94,134.43,14967647
1753882200,134.88,135.185,133.64,134.19,11634605
1753968600,133.02,133.795,129.975,130.43,26441560
1754055000,130.695,131.4,129.86,131.13,20736159
1754314200,131.39,133.065,131.36,133.01,11331033
1754400600,132.45,132.95,132.045,132.5,14319632
1754487000,131.94,132.05,130.35,130.51,14342796
1754573400,129.77,130.24,127.96,129.01,24421932
1754659800,129.225,130.44,129.225,130.16,13747116
1754919000,130.29,131.32,130.1415,130.29,14473985
1755005400,130.34,131.23,130.132,131.19,17221273
1755091800,131.82,133.37,131.65,133.29,15069862
1755178200,133.06,134.1,132.405,133.96,15463979
1755264600,135.48,136.595,135.18,136.21,13929623
1755523800,136.53,137.19,135.815,135.89,12572019
1755610200,135.87,137.215,135.78,136.76,13578230
1755696600,137.01,138.205,137.005,137.5,14607012
1755783000,137.21,138.46,136.94,137.04,13218890
1755869400,137.8,139.02,137.8,138.17,11898622
1756128600,138.14,138.26,136.1,136.2,10680951
1756215000,136.59,137.17,136.34,137.05,11397519
1756301400,136.99,137.71,136.73,136.97,8321680
1756387800,136.83,136.85,135.76,136.43,9165745
1756474200,136.535,137.465,136.37,137.43,9655701
1756819800,136.89,137.74,136.4609,137.56,13325289
1756906200,137.11,137.76,136.24,136.91,12585986
1756992600,136.8,137.465,136.08,137.43,11778622
1757079000,137.28,138.375,137.05,137.9,14663971
1757338200,137.46,137.865,136.37,137.85,15753324
1757424600,138.06,138.97,137.72,138.59,12249641
1757511000,138.51,138.51,136.805,137.33,13588587
1757597400,138.04,139.995,137.89,139.72,16470805
1757683800,139.23,139.81,138.1,138.11,11345384
1757943000,138.26,138.54,136.66,136.93,11233821
1758029400,136.66,137.39,136.535,136.93,12443784
1758115800,137.13,138.29,136.84,137.2,12501479
1758202200,137.2,137.94,136.89,137.47,11472923
1758288600,137.82,137.9,137.18,137.29,11281215
1758547800,136.19,137.255,135.885,136.63,9732678
1758634200,136.26,137.35,136.15,136.94,9902975
1758720600,136.82,137.06,136.16,136.39,7472029
1758807000,136.125,136.18,133.725,134.13,14099731
1758893400,135.15,135.6199,134.64,135.5,10070970
1759152600,135.68,135.97,134.735,135.9,7735785
1759239000,135.76,139.495,135.67,139.17,19313484
1759325400,139.8,143.73,139.6,143.47,23657940
1759411800,142.15,143.57,142.145,143.19,15176210
1759498200,143.57,146.135,143.56,144.82,15829184
1759757400,144.9,145.06,143.97,144.12,12879875
1759843800,144.12,144.66,143.28,144.23,12479060
1759930200,144.595,144.965,144.02,144.51,8925752
1760016600,144.78,145.25,143.955,144.19,7657022
1760103000,144.61,144.74,141.94,142.11,13350120
1760362200,141.73,142.94,141.63,141.95,8257651
1760448600,141.6,142.86,141.05,142.34,10044898
1760535000,142.02,143.25,141.36,142.56,7260807
1760621400,142.85,143.64,141.9622,142.32,11194125
1760707800,141.58,143.4156,141.385,143.27,8160283
1760967000,143.715,144.99,143.5601,144.79,8435874
1761053400,145.05,145.625,144.34,145.13,9031769
1761139800,146.21,146.73,145.537,145.96,12705283
1761226200,145.515,146.51,145.37,146.04,7924931
1761312600,146.29,146.76,145.88,146.03,7007605
1761571800,146.09,146.45,145.22,146.37,6466708
1761658200,146.405,146.54,145.19,145.45,8652660
1761744600,145.22,145.445,143.565,143.98,12416716
1761831000,143.96,145.445,143.77,144.3,10756064
1761917400,143.02,144.49,142.7,144.25,10581213
1762180200,144.07,144.555,142.825,144.45,12279262
1762266600,143.77,145.485,143.49,145.1,14182235
1762353000,144.63,146.26,144.38,145.66,13154600
1762439400,145.14,146.11,144.94,145.94,14395750
1762525800,145.84,146.15,144.72,146.14,14522910
1762785000,145.79,147.425,145.72,147.28,12305941
1762871400,147.6,150.815,147.6,150.68,12659543
1762957800,150.99,153.16,150.72,152.82,17847485
1763044200,152.04,154.515,151.86,152.74,21807600
1763130600,152.215,152.915,151.19,151.83,15468941
1763389800,151.34,153.32,151.14,151.7,17516532
1763476200,151.75,153.13,151.152,152.59,24494241
1763562600,152.48,152.93,151.57,152.33,17352598
1763649000,152.49,153.34,151.12,151.42,25278517
1763735400,151.79,155.71,151.71,154.61,25526095
1763994600,155.14,156.16,154.48,155.26,17928640
1764081000,155.77,158.89,155.77,158.77,17298557
1764167400,158.42,158.95,158.155,158.42,12399075
1764340200,158.2,158.2499,157.16,157.65,8559710
1764599400,157.04,157.86,155.175,155.29,17321233
1764685800,155.25,155.47,154.135,154.36,16150322
1764772200,154.67,155.78,154.66,155.08,12724849
1764858600,155,155.03,153.3701,153.9,13674602
1764945000,154.45,154.63,152.96,153.26,8868992
1765204200,153.35,153.42,151.195,151.43,10996043
1765290600,152,152.675,149.85,149.96,11543305
1765377000,150.38,152.18,149.87,152.14,15534765
1765463400,152.76,154.3,152.26,153.58,14703435
1765549800,153.75,154.56,153.41,154.06,13175937
1765809000,154.47,156.31,154.44,156.1,14681832
1765895400,156.035,156.12,153.09,154.07,12491637
1765981800,154.23,154.78,153.67,153.79,9093708
1766068200,153.75,155.175,153.675,153.91,8876431
1766154600,153.92,155.77,153.92,154.94,8571505
1766413800,154.15,155.37,153.8,155.3,7063672
1766500200,154.69,155.66,154.64,154.99,7465847
1766586600,155.17,155.94,155.15,155.8,3085686
1766759400,155.685,156.12,155.35,156.05,4439338
1767018600,156.07,156.49,155.68,155.81,6357305
1767105000,155.66,155.98,155.195,155.68,4355090
1767191400,155.6,155.835,154.765,154.8,4199871
1767364200,154.87,155.57,153.575,155.51,10997959
1767623400,154.59,155.39,152.97,155.04,17756230
1767709800,155.14,158.33,155.14,158.09,17783789
1767796200,158.54,160.59,158.54,159.66,14505685
1767882600,159.15,160.5,157.605,158.12,17610979
1767969000,158.33,158.93,157.26,157.31,12352031
1768228200,157.33,157.5,156.01,157.38,12250050
1768314600,157.65,157.67,155.74,156.74,11756519
1768401000,156.61,157.985,156.48,157.86,13516844
1768487400,157.31,157.45,155.37,156.96,15303752
1768573800,156.64,156.97,155.71,155.74,11950342
1768919400,153.995,155.92,153.23,155.4,12775604
1769005800,155.2,158.51,155.145,158.26,16393897
1769092200,157.65,159.23,157.5,158.29,10881377
1769178600,157.8,158.38,156.66,157.48,10191324
1769437800,157.37,158.325532,156.9,158.1,6810415
1769524200,155.8,157.0936,155.135,155.45,12697519
1769610600,154.3,155.15,153.465,154.31,11426592
1769697000,154.25,154.67,153.5,153.82,12167310
1769783400,154.115,154.93,153.29,154.74,11863923
1770042600,154.58,156.01,154.4,155.69,11005278
1770129000,154.775,157.12,153.85,154.1,21141876
1770215400,154.81,156.775,154.23,156.03,22951614
1770301800,155.46,156.97,154.6801,154.84,21421561
1770388200,156.04,157.795,155.91,157.71,13616185
1770647400,157.57,158.15,156.03,156.32,11822965
1770733800,156.66,157.16,155.24,155.33,11103681
1770820200,155.18,156.38,154.38,156.25,11738571
1770906600,156.21,157.42,155.48,156,19409285
1770993000,156.52,158.8,156.52,157.67,16647937
1771338600,158.025,158.91,157.13,157.37,14881059
1771425000,157.195,157.8,156.48,157.67,11886340
1771511400,157.2,157.72,156.185,157.26,11227277
1771597800,157,157.25,155.87,156.82,13368518
1771857000,157.13,158.68,157.13,158.54,17053489
1771943400,158.01,158.5,157.3075,157.87,12887254
1772029800,157.87,159.23,157.62,157.83,11011486
1772116200,158.07,158.17,156.09,157.42,15344362
1772202600,156.74,160.24,156.705,160.2,14250063
1772461800,159.19,159.84,157.99,158.53,18641385
1772548200,156.66,157.39,155,156.74,21432641
1772634600,156.74,157.58,155.67,157.05,12745693
1772721000,155.13,155.7,152.72,153.91,20476801
1772807400,152.78,152.99,150.95,152.7,18174029
1773063000,151.78,154.55,151.13,154.26,18675701
1773149400,154.41,154.54,153.005,153.15,17247506
1773235800,152.835,153.155,151.935,152.85,12503797
1773322200,151.95,152.485,150.025,150.16,15670463
1773408600,151.04,152.3,149.67,149.79,15129348
1773667800,150.75,151.73,150.38,151.01,10896684
1773754200,151.22,151.845,149.54,149.64,11938614
1773840600,148.72,149.05,147.01,147.14,15565399
1773927000,147.135,148.09,146.3,146.61,16912987
1774013400,146.48,147.02,144.66,145.33,16582211
1774272600,146.56,146.765,144.6,144.77,21815405
1774359000,143.95,145.3,143.38,144.79,24230857
1774445400,145.685,146.69,145.35,146.24,17743263
1774531800,145.75,146.905,145.63,145.74,13320966
1774618200,145.72,145.8,143.07,143.26,12932181
1774877400,144.3,144.625,143.43,143.82,14799709
1774963800,144.81,146.75,144.595,146.61,17865985
1775050200,147.22,148.76,146.95,147.73,16899201
1775136600,146.93,148.36,146.27,146.81,11087896
1775482200,146.28,147.14,145.76,146.28,7272600
1775568600,146.91,146.91,144.88,146.57,10263369
1775655000,148.2,149.7,147.5,149.67,8130677
1775741400,148.83,150.215,148.3,149.33,6406585
1775827800,149.78,149.835,147.11,147.31,6217954
1776087000,146.88,148.045,146.24,147.97,6183006
1776173400,147.38,149.6003,147.24,148.83,7722277
1776259800,148.86,149.21,146.885,147.77,6669159
1776346200,147.19,148.2,146.285,146.61,9072308
1776432600,147.37,149.115,147.36,148.8,8338105
1776691800,148.45,148.74,147.145,147.42,6325730
1776778200,148.29,148.56,145.88,145.92,8735292
1776864600,146.51,147.58,146.005,146.38,8316881
1776951000,146.2,146.77,145.16,146.24,7611991
1777037400,145.24,145.53,143.675,144.18,7969746
1777296600,143.68,145.21,143.42,143.46,6571929
1777383000,144.57,144.86,143.28,143.84,8612435
1777469400,142.26,143.245,141.97,142.84,11885537
1777555800,143.68,146.29,143.66,145.99,12587761
1777642200,146.29,146.605,145.15,145.16,8865818
1777901400,144.555,145.205,144.32,144.73,10885929
1777987800,145.28,145.655,144.415,145.3,7174868
1778074200,145.36,146.15,144.9,145.4,10613462
1778160600,145.18,145.84,144.265,144.72,7608007
1778247000,144.59,145.07,143.175,143.49,10165376
1778506200,143.745,145.02,142.67,143.04,9255725
1778592600,143.805,146.64,143.19,145.85,11897200
1778679000,145.32,146.975,145.13,146.71,15841774
1778765400,146.85,147.4,145.935,146.63,7763825
1778851800,146.76,147.155,144.885,145.1,9039914
1779111000,144.5,145.79,144.12,145.72,7949181
1779197400,145.62,148.07,144.85,147.32,12388178
1779283800,147.54,148.02,146.29,147.13,10527856
1779370200,146.9,148.3,145.84,148.15,7157022
1779456600,149.09,150.32,149,149.89,6916747
1779802200,149.95,150.301,148.44,148.51,6595804
1779888600,148.69,150.2,148.28,148.79,10062477
1779975000,149.15,151.35,149.11,150.88,10399827
1780061400,150.85,151.04,149.1,149.47,13199620
1780320600,148.52,148.88,147.26,147.84,12582888
1780407000,146.75,147.27,145.31,146.4,12024268
1780493400,146.16,148.05,146.07,147.55,9836036
1780579800,150.38,152.54,150.29,152.08,14051832
1780666200,153.38,154.7,152.92,153.01,20722969
1780925400,153.24,154.47,152.41,152.65,10639544
1781011800,153.48,154.975,153.18,154.57,13125457
1781098200,154.96,155.13,152.82,152.85,11712156
1781184600,153.46,155.1591,152.86,154.09,10548828
1781271000,154.97,155.155,153.37,153.81,9110986
1781530200,153.705,153.88,151.765,152.89,9525268
1781616600,153.6,153.72,151.7202,152.94,8629974
1781703000,152.05,152.565,149.97,150.71,10991351
1781789400,151.27,151.27,148.79,149.4,10879276
1782135000,149.33,150.62,149.06,150.06,11706140
1782221400,151.49,152.425,150.995,152.18,9479891
1782307800,153.13,154.67,152.46,153.35,10070087
1782394200,153.95,157.205,153.59,155.63,9425201
1782480600,156.32,160.64,156.18,160.34,16563846
1782739800,160.7,161.09,159.88,160.74,12934972
1782826200,161.01,161.25,157.96,158.66,11559365
1782912600,159.61,159.96,158.5,159.54,10123744
1782999000,160.67,163.85,160.38,163.74,14722268
1783344600,163.2,163.4505,160.25,161.96,16123449
1783431000,164.75,165.605,163.88,164.44,12143506
1783517400,163.415,163.99,162.255,162.3,9287864
1783603800,161.8,163.42,161.36,162.17,9576421
1783690200,162.48,162.66,160.24,160.84,9497113
1783949400,160.97,162.24,160.32,161.41,6873021
1784035800,159.78,160.08,157.78,158.29,11523028
1784122200,157.38,159.35,157.25,158.29,10885301
1784208600,160.35,162.64,159.94,161.8,11819015
1784295000,161.81,164,160.88,161.09,9166517
1784554200,161,161.485,159.18,159.25,6635282
1784640600,157.53,160.37,157.23,160.25,6594892
1784727000,160.97,160.97,158.945,159.43,5599525
1784813400,159.9,161.61,159.32,161.44,6448150
1784899800,162.47,163.25,161.58,162.57,7647910
1785159000,163.01,164.57,162.35,163.4,8064899
1785245400,165.99,168.53,165.75,167.26,12774751
1785331800,167.15,168.155,165.77,166.24,11658259
1785418200,163.25,163.95,161.86,163.52,12483481
1785504600,162.31,163.23,160.73,162.55,9604930
1785763800,163.63,164.73,161.35,162.24,10986289
1785850200,162,162.49,160.97,162.1,15129627
1785936600,163.64,165.345,162.62,164.16,15216002
1786023000,166.14,167.02,163.025,164.45,9435137
1786109400,163.92,165.77,162.915,165.68,7971774
1786368600,165.68,168.5,165.55,168.44,6995859
1786455000,168.28,169.66,167.64,168.01,6680853
1786541400,166.42,168.875,165.76,168.44,7138254
1786627800,169.49,169.71,167.835,168.38,6730130
1786714200,167.66,167.765,166.445,167.37,5023839
1786973400,166.45,167.87,165.86,167.05,7225488
1787059800,168.67,170.3022,168.45,169.73,7529579
1787146200,172.47,176.595,172.29,175.68,16538936
1787232600,174.19,175.19,172.34,172.39,9673447
1787319000,171.91,175.6,171.79,174.62,10172127
1787578200,174.41,174.92,173.33,174.7,5931860
1787664600,174.45,175.82,174.04,175.29,5434823
1787751000,174.325,174.835,173.45,173.54,5619418
1787837400,171.95,173.11,171.43,171.58,7110412
1787923800,171.43,171.71,170.585,171.16,4911716
1788183000,170.25,170.98,169.2,170.54,7317681
1788269400,172.62,173.5252,171.03,171.67,7823534
1788355800,172.09,174.4825,172.09,172.95,7805407
1788442200,174.07,174.16,171.38,173.26,5937010
1788528600,171.39,172.5325,171.235,171.45,6088742
1788874200,168.29,168.75,166.935,167.13,11068966
1788960600,167.31,167.41,166.39,166.58,8019003
1789047000,166.5,167.075,165.58,165.66,7935205
1789133400,166.83,167.13,165.11,165.36,6504835
