t,o,h,l,c,v
1412602200,94.01,95.33,93.91,94.52,10599719
1412688600,94.27,95.19,93.33,93.37,10787852
1412775000,93.42,94.83,92.42,94.61,15592479
1412861400,94.05,94.49,91.63,91.82,17917680
1412947800,92.44,93.27,90.9,91.6,18173104
1413207000,91.32,92.53,90.76,90.84,14451647
1413293400,91.49,92.23,90.0601,90.55,23121774
1413379800,89,90.61,86.91,90.22,24704546
1413466200,88.58,91.27,88.18,90.6,25215899
1413552600,91.13,92.25,90.5,91.21,18194303
1413811800,90.63,91.89,90.63,91.77,10826502
1413898200,92.86,94.03,92.36,93.65,15757046
1413984600,93.96,94.585,92.98,93.13,12742932
1414071000,94.31,94.98,93.87,94.11,11352718
1414157400,94.19,94.53,93.22,94.49,9740056
1414416600,93.85,93.85,92.77,93.71,11394514
1414503000,94.44,95.195,93.93,95.1,12570452
1414589400,95.42,95.98,93.62,94.59,12410105
1414675800,93.87,94.67,93.22,94.45,9767918
1414762200,94.99,96.89,94.31,96.71,17493736
1415025000,96.56,97.1,94.8,95.26,13410561
1415111400,94.5,94.89,93.89,94.52,13498531
1415197800,95.36,95.77,94.65,95.07,12480033
1415284200,95.18,96.42,94.28,96.26,14731392
1415370600,95.8,97.16,95.72,96.59,13233484
1415629800,96.87,97.1,96.07,96.28,9087594
1415716200,95.78,96.51,95.61,96.41,7990045
1415802600,95.9,96.4,95.11,95.38,11592788
1415889000,94.96,95.21,93.83,94.66,12355397
1415975400,94.87,95.11,94.65,95.09,9352535
1416234600,94.85,95.14,94.19,95.11,8704386
1416321000,95.08,95.75,94.53,94.87,9272445
1416407400,95.08,95.74,94.13,95.61,8333169
1416493800,95.37,95.9,95.26,95.82,8422369
1416580200,97.2,97.2,96.1,96.81,12374854
1416839400,96.34,96.8,95.25,95.72,10172405
1416925800,96.01,96.03,94.37,94.78,13747362
1417012200,94.64,95.13,94.36,94.48,9822941
1417185000,91.5,91.85,90.11,90.54,19556690
1417444200,90.36,92.87,90.28,92.35,27584224
1417530600,92.32,94.67,92.01,94.19,20885295
1417617000,94.67,95.33,94,94.95,16220449
1417703400,94.13,94.61,93.07,94.37,13115285
1417789800,93.95,94.59,93.3542,93.82,11831896
1418049000,92.9,93.13,91.365,91.7,15735859
1418135400,91.23,92.06,90.76,91.38,15883826
1418221800,90.72,90.73,88.2,88.67,22279389
1418308200,88.86,91.54,88.85,89.2,21522152
1418394600,88.71,89,86.6,86.6,24568339
1418653800,87.53,88.6,86.5,86.9,21373561
1418740200,86.38,89.2,86.19,86.41,26372409
1418826600,87.24,89.9,87.15,89.02,23323043
1418913000,90.37,91.16,88.4,91.16,22882705
1418999400,90.21,93.64,89.61,93.64,38468954
1419258600,92.96,93.67,92.45,93.33,17871762
1419345000,93.52,95.18,93.0472,94.59,13706536
1419431400,94.22,94.25,92.98,93.78,6875691
1419604200,93.99,94.43,92.62,93.21,10584997
1419863400,93.33,93.86,92.89,93.07,9892119
1419949800,92.77,93.39,92.51,93.02,8743369
1420036200,92.42,93.13,92.06,92.45,11337219
1420209000,92.25,93.05,91.81,92.83,10220410
1420468200,92.1,92.4,89.5,90.29,18502381
1420554600,90.24,91.41,89.02,89.81,16670713
1420641000,90.65,91.48,90,90.72,13590721
1420727400,91.25,92.27,91,92.23,15487496
1420813800,92.3,92.78,91.37,92.1,14488415
1421073000,91.24,91.34,89.82,90.33,15176303
1421159400,90.88,91.43,89.11,90,17469028
1421245800,88.95,89.89,87.26,89.74,23272056
1421332200,90.43,90.66,88.51,88.96,18759590
1421418600,88.98,91.19,88.98,91.12,17713093
1421764200,91.14,91.78,90.38,91.09,16760994
1421850600,91.74,91.99,91.01,91.87,14276380
1421937000,92.31,92.9658,91.32,92.87,13558953
1422023400,92.28,92.48,90.785,90.89,14706313
1422282600,90.61,91.94,90.47,91.76,10672507
1422369000,91.24,91.6,90.6,90.95,12301462
1422455400,90.88,90.93,87.82,87.95,17829700
1422541800,88.22,88.26,86.03,87.58,22682981
1422628200,87.16,88.42,86.25,87.42,22679947
1422887400,87.85,89.59,87.5,89.58,20306347
1422973800,90.9,92.33,90.81,92.25,21900857
1423060200,91.64,92.27,90.51,91.46,19632169
1423146600,92.39,92.54,91.7,92.36,12809028
1423233000,92.1,92.28,90.96,91.5,12331189
1423492200,91.4,92.29,91.2366,91.56,11360679
1423578600,91.74,91.74,90.3,91.01,12952873
1423665000,90.02,90.83,89.79,90.6,12240595
1423751400,91.46,92.66,91.02,92.37,14842992
1423837800,92.7,93.45,92.28,93.37,12060981
1424183400,92.75,93.07,92.29,93.05,11758746
1424269800,91.99,91.99,90.39,91.01,19177925
1424356200,89.64,90.42,88.58,89.44,19350556
1424442600,89.4,89.94,88.85,89.92,15959865
1424701800,89.26,89.55,88.74,89.01,12771790
1424788200,89.33,89.78,89.13,89.42,9990726
1424874600,89.57,89.7,89.08,89.6,9925652
1424961000,89.13,89.18,88.08,88.65,13984008
1425047400,88.89,89.28,88.34,88.54,13090560
1425306600,88.34,88.52,87.35,88.04,13793671
1425393000,87.93,88.02,87.13,87.62,13493839
1425479400,87.96,87.96,86.93,87.18,13467554
1425565800,87.07,87.1864,86.52,86.74,12527581
1425652200,86.41,86.6,85.32,85.63,16070466
1425907800,86.12,86.38,85.12,85.16,14503802
1425994200,84.82,85.53,84.24,84.26,17195460
1426080600,84.93,84.93,84,84.02,13004655
1426167000,84.43,84.72,84.06,84.22,10792898
1426253400,83.9,84.18,82.68,83.87,16799920
1426512600,83.71,84.86,83.27,84.76,13516235
1426599000,84.54,84.85,84.015,84.08,12979713
1426685400,83.54,86.37,83.43,86.07,18745653
1426771800,85.19,85.5,84.325,84.41,12738497
1426858200,84.67,85.4,84.39,84.54,36083450
1427117400,85.02,85.7801,85.01,85.43,17450685
1427203800,85.3,85.78,84.5,84.52,10174292
1427290200,85.05,85.57,84.77,84.86,11934737
1427376600,85.3,85.57,84.09,84.32,14400695
1427463000,84.04,84.05,83.33,83.58,11579299
1427722200,84.27,85.82,84.25,85.63,15653170
1427808600,84.85,85.34,84.46,85,13353990
1427895000,85.7,86,84.26,84.46,14522257
1427981400,84.09,84.94,83.854,84.3,11297401
1428327000,85.15,85.64,84.2,85.13,10916434
1428413400,85.01,86.17,84.756,85.75,11836065
1428499800,85.8,85.9,84.02,84.06,16257095
1428586200,84,84.73,83.81,84.65,13281833
1428672600,85.37,86.04,84.77,85.56,13372433
1428931800,85.92,86.25,85.24,85.34,9880507
1429018200,85.6,87.475,85.53,86.63,15693825
1429104600,87.14,88.53,87.14,88.08,15332834
1429191000,87.88,88.16,87.11,87.73,9570809
1429277400,87.14,87.36,86.155,86.93,14430130
1429536600,87.13,88.1,87.08,87.24,11593561
1429623000,87.38,87.62,86.6849,86.88,10100460
1429709400,87.04,87.8,86.34,87.46,8663587
1429795800,87.36,88.38,87.31,87.54,9866129
1429882200,87.19,87.36,86.66,86.97,8405737
1430141400,87.41,87.6,86.755,87.01,10534606
1430227800,87.22,87.86,87.04,87.8,9633764
1430314200,87.5,88.07,86.96,87.87,12534119
1430400600,88.67,88.67,87.22,87.37,13947730
1430487000,87.85,88.95,87.7,88.85,12257076
1430746200,89.42,89.88,88.95,89.11,10343675
1430832600,89.97,90.09,88.52,88.61,11895027
1430919000,89.65,89.96,87.79,88.19,11273450
1431005400,88,88.1,86.92,87.6,9992451
1431091800,88.47,89.07,87.82,88.99,11390293
1431351000,88.53,88.57,86.65,86.78,11997787
1431437400,86.89,87.46,86.42,87.02,9788887
1431523800,87.28,87.73,86.4021,86.56,8629433
1431610200,86.93,87.34,86.75,86.97,8791275
1431696600,86.8,87.62,86.6,87.35,8422209
1431955800,87.31,87.46,86.78,86.85,6395354
1432042200,86.47,87.21,86.21,86.99,9777078
1432128600,87.39,87.4,86.91,87.13,7276571
1432215000,87.28,87.44,86.96,87.21,8357353
1432301400,86.99,87.1,86.5,86.52,7598432
1432647000,86.04,86.37,85.03,85.35,11288963
1432733400,85.3,85.89,84.77,85.11,10778275
1432819800,85.11,85.57,84.82,85.11,8038943
1432906200,85.1,85.58,84.88,85.2,14631316
1433165400,85.25,85.47,84.8,85.13,9077512
1433251800,85.12,85.59,84.91,85.14,9328322
1433338200,85.23,85.84,84.86,84.95,8179540
1433424600,84.7,84.89,83.78,84.22,12607257
1433511000,84.13,85,83.98,84.28,11388508
1433770200,84.18,85.209,83.93,84.85,12244688
1433856600,85.29,85.43,84.49,84.58,8105514
1433943000,85.84,85.97,85,85.21,10147049
1434029400,85.3,85.7,84.89,85.09,7759265
1434115800,84.58,84.68,83.86,84.02,8347341
1434375000,83.53,83.98,83.19,83.72,9563933
1434461400,83.81,84.75,83.4,84.68,9100116
1434547800,85.03,85.13,84.41,84.73,9090188
1434634200,84.8,85.96,84.72,85.48,10247825
1434720600,84.92,85.48,84.92,85.21,16129576
1434979800,85.39,85.6,84.97,85.17,9465144
1435066200,85.22,85.28,84.59,85.07,10223910
1435152600,84.89,85.34,84.66,84.68,11800118
1435239000,84.85,84.85,83.93,83.93,10259382
1435325400,83.83,84.1,83.49,83.86,19023328
1435584600,83.05,83.45,82.8,82.82,11739236
1435671000,83.74,84.9,82.8,83.2,14981145
1435757400,83.28,83.53,82.11,82.37,13529076
1435843800,82.79,83.28,82.55,83.14,9187997
1436189400,82.42,83.06,82.12,82.53,11694425
1436275800,82.19,83.23,81.49,82.87,15641535
1436362200,82.25,82.98,81.91,81.97,10056994
1436448600,82.87,83.15,81.58,81.6,11980543
1436535000,82.09,82.49,81.6,82.22,8628659
1436794200,82.11,82.6099,82.07,82.42,8026658
1436880600,82.38,83.32,82.26,83.11,9310155
1436967000,82.61,83.42,82.4039,82.76,9289210
1437053400,83.18,83.48,82.8,82.91,8267647
1437139800,82.51,82.84,81.79,82.61,12156000
1437399000,82.15,82.4059,81.6,81.76,12957060
1437485400,81.93,82.43,81.43,81.66,8677069
1437571800,82.35,82.47,81.58,81.79,13181463
1437658200,81.73,81.97,80.97,81.14,10496096
1437744600,81.16,81.16,79.72,79.94,14888464
1438003800,79.23,80.13,78.97,79.26,14996094
1438090200,79.7,82.665,79.565,82.48,19777278
1438176600,82.18,83.2,81.91,83.14,13913768
1438263000,83.18,83.32,82.42,83.01,11139943
1438349400,81.67,81.67,78.93,79.21,26232661
1438608600,78.7,78.93,77.63,78.06,15767743
1438695000,77.88,78.61,76.93,77.17,18874419
1438781400,77.87,78.23,76.9,77.17,16544386
1438867800,76.94,78.26,76.91,78.09,13005213
1438954200,77.55,77.97,76.6178,76.83,12187623
1439213400,77.09,78.75,77.09,78.75,14876012
1439299800,77.01,78.07,76.33,77.49,14486353
1439386200,77.44,78.87,76.96,78.79,16909190
1439472600,78.32,79.29,78.27,78.65,13154102
1439559000,78.64,79.28,78.25,78.36,9129284
1439818200,77.93,79.175,77.45,78.77,9365433
1439904600,78.53,78.67,77.58,77.9,9815315
1439991000,77.51,77.58,75.93,76.23,17010104
1440077400,76,76.18,74.57,74.57,17811205
1440163800,74.1,74.89,72.07,72.13,25488846
1440423000,67.99,71.38,66.55,68.72,35531225
1440509400,71.31,71.44,68.2,68.71,30409744
1440595800,70.63,72.75,69.15,72.5,34436044
1440682200,73.8,74.89,73.01,74.85,24570983
1440768600,74.71,75.98,74.41,75.07,18997331
1441027800,74.28,75.55,73.3,75.24,19570103
1441114200,73.3,73.35,71.51,72.08,24092930
1441200600,73.06,73.24,72,73.23,16936898
1441287000,73.64,74.91,73.34,73.79,13451867
1441373400,72.93,73.14,72.25,72.46,14902476
1441719000,73.72,73.72,72.9668,73.5,13626907
1441805400,74.37,74.68,71.85,72,17246222
1441891800,72.81,72.98,71.8,72.52,12353853
1441978200,72.4,72.72,72.01,72.69,12172259
1442237400,72.31,72.58,71.76,72.49,10738538
1442323800,72.44,73.3132,72.41,72.86,11979773
1442410200,73.51,74.7,73.37,74.3,15214174
1442496600,74.41,75.47,73.85,74.46,15603018
1442583000,73.26,73.56,72.12,72.68,23180160
1442842200,73.1,73.61,72.73,73.39,10852972
1442928600,72.35,73.52,72.02,72.74,14245205
1443015000,72.87,73.2,72.29,72.3,13784836
1443101400,72,73.15,71.72,72.73,14584249
1443187800,73.29,73.53,72.76,73.23,15175317
1443447000,72.62,73.46,72.4,72.6,14571908
1443533400,72.65,73.19,72.14,72.97,13754439
1443619800,73.4,74.35,73.33,74.35,18176502
1443706200,75.2,75.58,73.3,74.06,14397814
1443792600,73.39,75.9,73.03,75.88,18811345
1444051800,76.65,77.15,75.79,76.81,18486731
1444138200,76.96,78.56,76.26,77.89,18757917
1444224600,78.97,79.29,77.53,79.2,18703210
1444311000,79.31,80.11,78.54,80.03,14344692
1444397400,80.05,80.165,78.62,79.26,17384670
1444656600,79.59,79.59,78.72,79.3,9931754
1444743000,78.72,79.55,78.49,79.16,12326598
1444829400,78.97,80.48,78.78,80.16,14485998
1444915800,80.19,81.53,79.9,81.48,13640875
1445002200,82.26,82.5,81.45,82.48,14304431
1445261400,82.01,82.17,80.76,80.99,14155779
1445347800,80.55,81.055,80.2,80.83,12340108
1445434200,80.86,81.15,80.11,80.21,10286440
1445520600,80.68,82.96,80.66,82.89,14823462
1445607000,82.41,83,81.89,82.98,13215678
1445866200,82.52,82.73,81.17,81.22,12576449
1445952600,80.57,81.16,79.73,81.09,13579364
1446039000,81.31,82.58,80.9344,82.28,12473034
1446125400,81.79,83.22,81.79,82.23,10341163
1446211800,82.47,83.88,81.26,82.74,18758594
1446474600,82.3,85.93,82.09,85.28,21266523
1446561000,85.66,87.435,85.58,86.85,20115909
1446647400,86.77,87.08,85.7,85.98,14245441
1446733800,85.55,86.23,84.5,84.81,12291124
1446820200,83.93,84.47,83.22,84.47,12491678
1447079400,83.56,83.5992,81.8,81.95,13551176
1447165800,81.93,82.61,81.86,82.35,14238006
1447252200,82.42,82.56,81.4,81.62,9598043
1447338600,80.57,81.28,79.32,79.41,16050638
1447425000,79.28,79.58,77.94,78.1,17527266
1447684200,77.94,80.99,77.91,80.9,14548134
1447770600,80.71,80.88,79.63,79.96,10011689
1447857000,79.89,80.9,79.59,80.74,10884594
1447943400,80.51,80.78,80.04,80.3,9453285
1448029800,80.57,80.945,79.65,79.79,10144448
1448289000,79.6,80.709,79.06,80.28,11868403
1448375400,80.35,82.35,80.2,81.88,15055512
1448461800,81.3,82.17,81.1,81.25,8980425
1448634600,80.58,81.26,80.46,81.23,4156645
1448893800,81.42,82.65,81.25,81.66,17729175
1448980200,81.76,82.13,81.27,81.89,13916981
1449066600,81.31,81.64,79.42,79.55,16299981
1449153000,79.72,79.85,78.02,78.41,14870252
1449239400,77.35,78.98,77.0335,78.86,20156434
1449498600,77.33,77.5,75.75,76.8,17676103
1449585000,75.27,76.35,73.79,74.63,24217600
1449671400,74.84,77.19,74.73,75.63,22036336
1449757800,75.8,77.5,75.52,75.69,20142376
1449844200,74.82,75.54,74.34,74.34,20473141
1450103400,74.3,76.22,74.09,76.03,21976535
1450189800,77.43,79.6,77.33,79.43,24366833
1450276200,79.04,79.61,78,79.15,17233853
1450362600,79.02,79.23,77.95,77.96,17362915
1450449000,77.57,78.78,77.06,77.28,28835969
1450708200,77.79,78.1038,76.645,77.26,14460450
1450794600,77.7,77.9,77.21,77.65,13855761
1450881000,78.68,80.22,78.32,80.19,15184195
1450967400,80.27,80.27,79.1211,79.33,5848311
1451313000,78.12,78.86,77.91,78.74,9715843
1451399400,79.99,80.08,78.84,79.16,8838979
1451485800,78.32,78.99,77.97,78.11,9314646
1451572200,77.51,78.44,77.43,77.95,10285519
1451917800,77.5,77.94,76.455,77.46,20400084
1452004200,77.19,78.14,76.9223,78.12,11993500
1452090600,76.64,77.64,76.59,77.47,18826900
1452177000,76.06,77.99,75.9,76.23,21263761
1452263400,76.35,76.65,74.5,74.69,19033628
1452522600,75.01,75.12,72.56,73.69,21352955
1452609000,74.12,75.42,73.1518,75.2,21864130
1452695400,75.85,77.06,74.94,75.65,26052729
1452781800,76.21,79.92,75.8,79.12,33806670
1452868200,76.33,78.17,76.3,77.58,28342063
1453213800,77.93,78.24,75.19,76.4,22684537
1453300200,75.07,75.72,71.55,73.18,33300754
1453386600,73.16,74.99,72.61,74.1,22265576
1453473000,76.42,76.77,74.72,76.57,22530323
1453732200,75.75,76.34,73.9,73.98,17086643
1453818600,74.77,76.77,74.25,76.7,18724704
1453905000,76,77.4699,74.72,75.29,18106113
1453991400,77.35,77.66,75.62,76.99,16157715
1454077800,76.73,77.85,76.25,77.85,25161887
1454337000,76.66,76.79,75.4398,76.29,16754164
1454423400,74.19,75.62,73.55,74.59,21404223
1454509800,75.53,78.53,74.26,78.48,25873717
1454596200,78.58,80,77.56,79.83,23658665
1454682600,79.4,80.1,78.57,80.08,26719850
1454941800,79.3,81.78,78.91,81.16,26601176
1455028200,79.98,80.67,78.69,80.08,18418094
1455114600,79.77,81.45,79.28,79.35,16610943
1455201000,78.34,80.15,77.58,79.6,19331627
1455287400,80.08,81.07,79.81,81.03,16687846
1455633000,81.7,81.85,80.28,81.22,15912159
1455719400,81.65,82.775,81.16,82,17006669
1455805800,82.9,83.06,81.86,82.45,14873699
1455892200,82.19,82.55,80.91,82.5,13615902
1456151400,83.21,83.44,82.2,82.39,14595198
1456237800,81.99,82.37,80.879,81.23,11041630
1456324200,79.91,81.77,79.67,81.52,13777543
1456410600,81.56,82.07,80.02,82.01,13706441
1456497000,82.89,83.08,81.69,81.75,14343253
1456756200,81.88,82.4,80.05,80.15,18903553
1456842600,80.56,81.765,80.32,81.28,15730643
1456929000,80.95,82.72,80.31,82.7,14094352
1457015400,82.66,82.72,81.54,82.4,13216192
1457101800,82.66,82.9699,81.7635,82.29,18402742
1457361000,82.31,84.46,82.21,84.46,18945555
1457447400,84,84.21,82.48,82.63,14003912
1457533800,83.22,83.85,82.24,82.4,14139276
1457620200,82.42,82.66,80.93,82.18,15898276
1457706600,83.22,83.53,82.005,82.19,15370176
1457962200,81.48,82.64,81.015,82.41,13344595
1458048600,81.6,82.85,81.52,82.82,9213045
1458135000,83.02,83.16,81.94,82.87,11492063
1458221400,83.68,84.675,82.72,84.1,13673859
1458307800,84.59,84.6,83.2539,84.2,19637014
1458567000,83.84,84.139,83.5,83.62,8385359
1458653400,83.08,84.86,83.01,84.12,13005080
1458739800,83.86,84.2999,83.52,83.75,12748876
1458826200,82.94,84.025,82.93,83.98,9368327
1459171800,84.03,84.36,83.7,84.22,7490353
1459258200,83.67,84.6134,83.16,84.53,9977887
1459344600,85.03,85.05,84,84.52,10807029
1459431000,84.07,85.1,83.59,83.59,13896906
1459517400,82.4,83.39,82.39,82.96,12235334
1459776600,83.06,83.9,82.78,83.16,8050167
1459863000,82.61,83.13,81.99,82.21,10446841
1459949400,82.69,83.46,82.3,83.31,9320161
1460035800,82.76,83.17,82.05,82.37,8267069
1460122200,83.3,83.45,82.85,83.21,9376167
1460381400,83.33,84.24,83.28,83.32,9924974
1460467800,83.69,84.63,83.37,84.35,9986128
1460554200,84.5,84.91,84.04,84.83,9235668
1460640600,85,85.9,84.76,85.43,10625784
1460727000,85.3,85.66,84.78,84.97,11280211
1460986200,83.89,85.86,83.86,85.78,9096983
1461072600,85.85,86.31,85.22,86.21,10354460
1461159000,86.23,87.44,85.97,86.8,15247074
1461245400,86.59,87.84,86.57,86.79,12075295
1461331800,87.24,87.64,86.82,87.53,9150823
1461591000,87.09,87.4,86.352,87.33,8076440
1461677400,87.75,87.94,87.06,87.63,9425865
1461763800,87.95,88.715,87.33,88.46,10463503
1461850200,87.86,88.775,87.5,88.03,11276191
1461936600,88.68,89.78,87.74,88.4,17885945
1462195800,88.24,89.4765,88.08,89.13,10273739
1462282200,88.4,88.63,87.355,88.11,10137435
1462368600,88.3,88.74,87.6,87.94,10601143
1462455000,88.76,88.97,87.6201,88.04,8721081
1462541400,87.46,88.6815,87.46,88.51,7968354
1462800600,88.6,88.76,87.23,88.57,11159506
1462887000,88.9,90,88.82,89.99,12509083
1462973400,89.16,89.68,88.72,88.81,11660167
1463059800,89.8,89.93,89.15,89.67,10720505
1463146200,89.28,89.66,88.51,88.66,9721139
1463405400,89.2,89.67,89,89.57,8638664
1463491800,89.27,89.91,89.16,89.53,9835599
1463578200,89.8,90,88.65,89.35,9680277
1463664600,88.61,90.16,88.45,90.11,14397937
1463751000,90.39,90.4,89.38,89.74,13191925
1464010200,89,89.9,88.8201,89.6,11766051
1464096600,89.89,90.4,89.55,89.67,10056575
1464183000,89.85,90.37,89.59,90.26,9581349
1464269400,90.25,90.46,89.27,89.8,7867901
1464355800,89.4,90.05,89.32,90.01,7505941
1464701400,90,90.2,88.73,89.02,13178770
1464787800,88.43,89.45,88.13,89.24,7994794
1464874200,88.21,88.53,87.61,88.53,9837535
1464960600,88.44,88.83,88.03,88.37,9367092
1465219800,88.87,89.5,88.69,89.34,8572963
1465306200,89.75,90.92,89.71,90.71,12889082
1465392600,91.03,91.3,90.53,90.79,9982959
1465479000,90.18,91.03,90.11,90.67,8974331
1465565400,90.4,90.92,89.7801,89.98,10353815
1465824600,89.92,91.43,89.7,90.59,11369954
1465911000,90.45,90.87,89.85,90.43,10161030
1465997400,90.23,90.9,90,90.16,10655773
1466083800,89.7,91.39,89.11,91.22,12824808
1466170200,91.49,91.59,90.19,90.72,17483223
1466429400,91.29,91.59,91.07,91.12,9388528
1466515800,90.72,91.64,90.25,91.53,8557451
1466602200,91.84,91.93,91.005,91.17,8785428
1466688600,91.93,92.07,91.19,91.8,9464500
1466775000,89.88,90.8,89.15,89.39,20010494
1467034200,88.9,89.1,88.11,88.86,14395728
1467120600,89.73,90.93,89.52,90.91,13254272
1467207000,91.41,92.7,91.12,92.46,13920631
1467293400,92.33,93.8273,92.3,93.74,14073677
1467379800,93.36,93.98,93.07,93.84,9946278
1467725400,93.12,93.6,92.25,93.02,10744051
1467811800,93.35,94.12,92.44,94.09,13144408
1467898200,94.34,94.49,92.35,92.96,12240670
1467984600,93.39,93.78,92.92,93.54,9807645
1468243800,93.75,94.41,93.65,93.89,8335705
1468330200,94.67,94.95,94.09,94.95,9870813
1468416600,94.65,94.915,94.11,94.88,9458206
1468503000,95.05,95.53,94.62,94.95,9293450
1468589400,95.44,95.55,94.64,95.12,10334453
1468848600,94.92,95.15,94.4,94.82,9865850
1468935000,94.76,94.94,94.2,94.47,5901792
1469021400,94.25,94.4161,93.8,93.93,7383789
1469107800,93.89,94.26,93.46,93.85,7759624
1469194200,94.11,94.294,93.72,94.01,7139681
1469453400,93.47,93.62,91.76,92.2,10845892
1469539800,91.63,92.03,91.11,91.53,12143539
1469626200,91.51,91.805,90.63,90.91,10037885
1469712600,90.54,90.73,89.61,90.2,12439249
1469799000,87.61,89.01,86.12,88.95,23928098
1470058200,88.08,88.15,85.59,85.86,22908390
1470144600,86.45,87.32,85.58,87.04,18919157
1470231000,87.01,87.49,86.6,87.49,14632941
1470317400,87.5,87.65,87.03,87.48,13451350
1470403800,87.73,87.83,87.15,87.56,9617289
1470663000,88.05,88.89,88.03,88.59,10492709
1470749400,88.62,88.76,88.18,88.7,9654554
1470835800,87.78,87.92,86.01,86.41,12714814
1470922200,86.69,87.27,86.26,86.72,11616032
1471008600,86.96,87.98,86.9,87.85,9986924
1471267800,88.42,88.5,87.64,87.81,6432580
1471354200,87.83,88.1799,87.37,87.92,6817932
1471440600,87.92,88.18,87.66,88.11,7104565
1471527000,88.38,88.94,88.12,88.91,10342730
1471613400,88.63,88.74,87.79,87.8,8615269
1471872600,87.31,88.1,86.845,87.99,8235406
1471959000,87.84,88.02,87.56,87.72,6514786
1472045400,87.5,88.16,87.35,88.02,7985437
1472131800,88.02,88.03,87.24,87.46,6935261
1472218200,87.63,88.11,87,87.27,6474424
1472477400,87.04,87.92,87.04,87.84,7027164
1472563800,87.87,88.25,87.365,87.52,6441118
1472650200,87.14,87.21,86.22,87.14,12491437
1472736600,86.72,86.84,86.09,86.84,8434729
1472823000,87.42,87.58,86.9307,87.42,7099643
1473168600,87.84,88.64,87.66,88.57,9851167
1473255000,88.65,88.67,87.97,88.24,7470375
1473341400,88.55,89.37,88.04,89.05,9579545
1473427800,88.66,88.66,86.8,86.84,12820202
1473687000,86.78,87.71,86.63,87.29,10889025
1473773400,86.46,86.47,85.08,85.21,13214321
1473859800,85.04,85.83,84.265,84.6,13957013
1473946200,84.67,85.65,84.52,85.08,9251913
1474032600,84.51,85.05,83.56,84.03,21538409
1474291800,84.58,84.62,83.81,83.83,7929097
1474378200,83.73,83.95,82.54,82.54,17521975
1474464600,82.82,83.62,82.31,83.3,15055917
1474551000,84.28,84.55,83.38,83.54,10738519
1474637400,82.68,84.31,82.59,83.45,12667106
1474896600,83.52,84.5,82.93,83.06,10860320
1474983000,82.59,83.34,82.29,83.24,9595020
1475069400,83.46,87.23,83.34,86.9,28117871
1475155800,86.97,87.2,85.675,86.46,19082873
1475242200,86.84,87.81,86.65,87.28,15961506
1475501400,86.94,87.2,86.54,87.05,7111178
1475587800,87.38,87.5,86.07,86.25,8222033
1475674200,86.83,87.17,86.7,87,8796215
1475760600,87.25,87.47,86.44,87.04,7718259
1475847000,86.95,87.4,86.42,86.74,6614908
1476106200,87.54,88.67,87.51,88.44,10060038
1476192600,88.08,88.19,87.3,87.74,9309029
1476279000,87.22,87.72,86.67,87.13,8172591
1476365400,86.35,86.869,85.43,86.56,9890258
1476451800,87.19,87.535,86.48,86.54,7991654
1476711000,86.48,86.79,86.07,86.54,7263061
1476797400,87.17,87.33,86.38,86.77,5429319
1476883800,87.19,87.85,86.88,87.17,9373416
1476970200,86.79,87.5,86.6,87.21,6866873
1477056600,86.42,86.82,85.6985,86.62,10736170
1477315800,86.74,87.32,86.07,86.91,8354850
1477402200,86.67,87.65,86.6,86.72,6835886
1477488600,86.25,87.45,85.95,87.09,8488064
1477575000,87.28,87.66,86.8,86.92,9071099
1477661400,85.28,86.36,84.14,84.78,19072186
1477920600,83.88,84.4,82.99,83.32,16663771
1478007000,83.5,83.92,83.27,83.65,13050607
1478093400,83.3,83.88,82.94,83.45,11226097
1478179800,83.68,83.88,83.05,83.66,8836546
1478266200,83.63,84.33,82.76,83.57,13877124
1478529000,84.49,85.47,84.4004,85.45,13576246
1478615400,84.73,85.83,84.49,85.31,9735164
1478701800,84.05,86.71,83.66,86.25,15901269
1478788200,85.91,87.99,85.66,87.05,14106227
1478874600,86.53,86.73,84.89,85.67,13812176
1479133800,85.3,85.65,84.325,85.28,12607502
1479220200,85.77,87.06,85.77,86.82,12883542
1479306600,86.74,86.78,85.58,85.75,8201169
1479393000,86.44,86.88,85.02,85.23,8200464
1479479400,85.21,85.65,84.83,85.28,8457804
1479738600,86.44,86.69,86.135,86.49,8861469
1479825000,86.69,87.24,85.97,86.68,9390248
1479911400,86.54,87.08,86.3101,86.92,6061281
1480084200,86.71,87.14,86.54,87.12,5043042
1480343400,86.95,87.1348,86.37,86.47,7449634
1480429800,85.42,86.075,85.08,85.9,9181096
1480516200,87.6,88.19,87.2,87.3,22696209
1480602600,87.98,88.5,87.24,87.24,13005560
1480689000,87.19,87.99,86.6,87.04,9706646
1480948200,87.39,87.82,86.92,87.48,11741074
1481034600,87.27,87.87,86.6999,87.56,11293620
1481121000,87.63,88.15,87.2,88.07,11182628
1481207400,88.05,88.85,87.65,88.32,9086715
1481293800,88.64,89,88.18,89,8021683
1481553000,90.14,91.5,90.14,90.98,15545409
1481639400,91.89,93.215,91.17,92.58,18829345
1481725800,92.26,92.27,90.17,90.58,16325355
1481812200,90.1,90.98,89.76,90.89,11155111
1481898600,91.52,91.67,90.64,91.18,20560435
1482157800,91.38,91.54,90.2,90.42,9674437
1482244200,90.51,90.85,90.29,90.43,7221041
1482330600,90.68,90.9,90.18,90.28,7308044
1482417000,90.02,90.9,90.02,90.87,8003106
1482503400,90.89,90.96,90.52,90.71,4266541
1482849000,90.83,91.11,90.58,90.75,4960556
1482935400,90.68,91.11,90.26,90.3,6745940
1483021800,90.1,90.6,90.03,90.35,6684661
1483108200,90.03,90.7,90.01,90.26,9117830
1483453800,90.94,91.34,90.15,90.89,10360622
1483540200,91.12,91.15,89.75,89.89,9434240
1483626600,90.19,90.3,88.44,88.55,14443183
1483713000,88.79,88.98,87.82,88.5,16518128
1483972200,88.22,88.22,86.55,87.04,13762259
1484058600,87.17,87.31,85.91,85.93,13283083
1484145000,85.9,86.95,85.86,86.81,11183689
1484231400,87.27,87.38,86.07,86.34,10407049
1484317800,86.27,86.68,86.17,86.35,8415603
1484663400,86.58,87.39,86.25,87.36,13237348
1484749800,87.06,87.41,86.05,86.28,11831695
1484836200,85.97,86.1,84.59,84.73,16382903
1484922600,85.44,85.96,85.05,85.89,18739659
1485181800,85.68,85.88,84.75,84.97,11433897
1485268200,84.98,85.47,84.825,85.09,11858111
1485354600,85.34,85.88,85.25,85.34,9578522
1485441000,85.69,85.83,85.12,85.6,8779446
1485527400,85.3,85.75,85.0441,85.51,10947882
1485786600,85.42,85.45,84.175,84.86,12789183
1485873000,85.04,85.07,83.13,83.89,19128106
1485959400,84,84.16,82.54,82.94,15111832
1486045800,83.21,83.53,82.55,83.45,12200100
1486132200,83.7,83.72,82.9,83.54,12746286
1486391400,83.55,83.65,82.93,83.31,9938198
1486477800,83.23,83.62,82.45,82.77,11705199
1486564200,81.99,82.12,81.17,81.48,14006281
1486650600,81.8,82.05,81.665,81.84,9602988
1486737000,82.26,82.77,82.13,82.52,8739814
1486996200,82.77,83.1837,82.35,83,9071638
1487082600,82.91,83.1,82.06,82.82,11370525
1487169000,82.64,83.18,82.4634,83.16,11768513
1487255400,83.12,83.42,82.17,82.3,10614956
1487341800,82.09,82.19,81.44,81.76,15645973
1487687400,82.12,82.15,81.3,81.89,16419612
1487773800,81.65,81.7,80.87,80.93,12917374
1487860200,81.42,82.22,81.03,81.78,13847038
1487946600,81.6,81.8,80.76,81.08,11338715
1488205800,81.13,81.71,80.81,81.54,13465948
1488292200,81.53,81.99,81.05,81.32,16834163
1488378600,81.7,83.33,81.7,83.02,17482122
1488465000,82.8,84.25,82.79,83.3,14170309
1488551400,83.56,83.6,82.26,82.46,12304096
1488810600,82.44,82.9,82.331,82.83,9617240
1488897000,83.11,83.29,82.14,82.52,12711508
1488983400,82.35,82.38,81.01,81.03,16817743
1489069800,80.64,81.72,80.31,81.67,14721795
1489156200,82.44,82.47,81.155,81.61,11355151
1489411800,81.5,81.94,81.05,81.42,9571361
1489498200,81,81.229,80.44,80.99,11335678
1489584600,81.35,82.06,81.045,82,11970300
1489671000,82.03,82.2,81.67,82.07,9923804
1489757400,82.03,82.26,81.82,82,18834129
1490016600,81.72,82.04,81.44,82,7700258
1490103000,82.16,82.35,81.6,81.83,13387665
1490189400,81.96,82.09,81.43,81.76,11168417
1490275800,81.63,82.22,81.46,81.86,8927991
1490362200,82.03,82.03,81.149,81.23,9128489
1490621400,80.82,81.43,80.791,81.25,8481162
1490707800,81.32,82.02,80.96,81.84,11028598
1490794200,81.69,82.2833,81.547,82.02,8487583
1490880600,82.03,83.87,81.935,83.7,44704931
1490967000,83.26,83.31,81.86,82.01,21750398
1491226200,82.02,82.31,81.35,82.07,11438652
1491312600,82.1,82.42,81.33,82.37,9270872
1491399000,82.85,83.55,82.47,82.53,13809062
1491485400,82.75,83.21,82.46,83.01,9554910
1491571800,83.24,83.36,82.68,82.76,8909620
1491831000,83.12,83.47,82.92,83.13,8885298
1491917400,83.08,83.17,82.42,82.84,8576521
1492003800,82.86,83.35,82.7,82.97,9516100
1492090200,82.72,82.729,81.57,81.69,8667873
1492435800,81.85,81.97,81.435,81.58,9577168
1492522200,81.32,81.82,81.03,81.05,8821414
1492608600,81.17,81.51,80.3,80.49,10764437
1492695000,80.95,81.74,80.7,81.01,11643797
1492781400,80.93,81,80.47,80.69,9816669
1493040600,81.28,81.4,80.81,81.11,8729701
1493127000,81.43,81.9301,81.2801,81.73,10681636
1493213400,81.52,82.33,81.3901,81.4,9445925
1493299800,81.07,81.3,80.94,81.26,12385262
1493386200,82.46,82.49,81.56,81.65,12072169
1493645400,81.51,82.21,81.48,82.06,8664074
1493731800,82.14,82.59,81.9,82.05,9102893
1493818200,81.97,83.0699,81.91,82.7,10289047
1493904600,82.29,82.36,81.4,81.64,16164528
1493991000,81.63,82.235,81.61,82.02,10213004
1494250200,82,82.94,82,82.89,8097077
1494336600,82.96,83,82.16,82.31,8647093
1494423000,82.12,82.37,81.65,81.91,9520322
1494509400,82.59,82.71,82.1,82.61,10047312
1494595800,82.39,82.71,82.25,82.55,7480240
1494855000,83,83.1829,82.65,82.8,10881472
1494941400,82.9,83.23,82.45,82.55,9574192
1495027800,82.3,83.04,81.96,81.99,11151066
1495114200,81.77,82.15,81.42,81.75,9905799
1495200600,82,82.09,81.695,81.93,13028511
1495459800,82.11,82.33,81.93,82.29,9218736
1495546200,82.32,82.885,82.24,82.58,6857205
1495632600,82.42,82.54,82.01,82.29,8263795
1495719000,82.33,82.71,81.52,81.75,12370873
1495805400,81.61,81.8,80.83,81.55,8227074
1496151000,81.28,81.34,81.04,81.1,8973580
1496237400,80.94,80.95,80.47,80.5,13572313
1496323800,80.37,80.9,80.19,80.7,9884090
1496410200,80.59,80.68,79.26,79.5,21687305
1496669400,79.44,80.39,79.4,80.12,11527068
1496755800,80.3,81.32,80.22,81.21,12208648
1496842200,81.05,81.4,80.34,80.91,13096541
1496928600,80.51,81.08,80.49,80.62,11720670
1497015000,81.15,82.14,80.69,82.13,13553887
1497274200,82.67,83.69,82.64,82.93,18172938
1497360600,82.85,83.27,82.57,82.96,12175524
1497447000,82.81,82.82,81.56,82.07,13713956
1497533400,81.78,82.4,81.58,82.26,11862610
1497619800,82.61,83.54,82.2,83.49,39726069
1497879000,83.22,83.45,82.55,82.76,10445743
1497965400,82.07,82.466,81.41,82.31,13232586
1498051800,82.04,82.63,81.14,81.44,11422346
1498138200,81.45,81.58,80.9,81.08,8139916
1498224600,80.85,81.69,80.76,81.61,10611159
1498483800,81.57,81.75,80.9073,81.24,7718724
1498570200,81.45,81.73,81.11,81.11,9221642
1498656600,81.41,81.76,81.185,81.53,9189671
1498743000,81.37,81.84,80.41,80.7,20525077
1498829400,81.08,81.241,80.7,80.73,14000606
1499088600,80.79,82.49,80.72,82.1,8422283
1499261400,81.68,81.68,80.515,80.85,9830764
1499347800,80.86,81.08,80.09,80.12,9822388
1499434200,80.2,80.595,79.81,80.22,10777832
1499693400,80,80.41,79.96,80.16,6338262
1499779800,80.33,80.7547,80.0399,80.6,9681117
1499866200,81.19,81.515,80.75,80.96,7973953
1499952600,80.97,81.09,80.73,80.97,5582349
1500039000,81,81.41,80.77,81.28,7497160
1500298200,81,81.43,80.83,80.86,7914701
1500384600,81.02,81.08,80.41,80.6,8046119
1500471000,80.44,80.87,80.27,80.85,9393178
1500557400,80.97,81.49,80.75,80.86,9680965
1500643800,80.65,80.84,80,80.12,12268605
1500903000,80.06,80.22,79.76,79.87,9402997
1500989400,80.77,81.05,80.27,80.27,11465272
1501075800,80.58,80.9,80.2,80.37,10465120
1501162200,80.24,80.88,79.8966,80.83,11149690
1501248600,79.65,79.92,78.27,79.6,22800785
1501507800,79.83,80.39,79.6,80.04,12820175
1501594200,80.16,80.54,79.97,80.17,10421212
1501680600,79.9,80.64,79.8,80.6,10410075
1501767000,80.34,80.82,80.2999,80.49,10136708
1501853400,80.44,80.56,80.05,80.21,8292204
1502112600,80.17,80.17,79.86,80.16,7893753
1502199000,80.02,80.215,79.83,79.96,9028396
1502285400,80.25,80.35,79.78,80.21,8087101
1502371800,79.76,79.78,78.91,78.97,12580300
1502458200,79.21,79.25,78.2,78.21,10192375
1502717400,78.62,78.79,78.12,78.23,8862475
1502803800,78.12,78.25,77.68,78.04,10350948
1502890200,78.04,78.17,77.31,77.47,9117145
1502976600,77.26,77.28,76.21,76.26,13400356
1503063000,76.18,77.11,76.05,76.64,14324342
1503322200,76.47,76.62,76.08,76.38,10084930
1503408600,76.55,77.335,76.53,76.74,9503600
1503495000,76.7,77.01,76.47,76.61,7054254
1503581400,76.5,76.65,76.2,76.33,8678316
1503667800,76.56,77.13,76.43,76.72,6844875
1503927000,76.9,76.94,76.26,76.47,8229665
1504013400,76.21,76.49,76.08,76.45,7060375
1504099800,76.24,76.45,76.06,76.1,8217965
1504186200,76.27,76.49,76.05,76.33,15641735
1504272600,76.37,76.85,76.32,76.57,7361092
1504618200,76.64,77.36,76.61,77.18,12784845
1504704600,77.89,79.225,77.58,78.78,18574383
1504791000,79.02,79.3299,78.61,79.03,9836447
1504877400,79.01,79.04,78.63,78.82,8436033
1505136600,79.41,79.42,78.9,79.25,12955773
1505223000,79.4,79.69,79.24,79.5,7644403
1505309400,79.5,79.77,79.38,79.77,8369659
1505395800,79.85,80.23,79.77,80.09,9072627
1505482200,80.12,80.21,79.55,80.07,16043707
1505741400,79.79,80.14,79.7,80.09,8594362
1505827800,80.06,80.39,79.985,80.22,9277072
1505914200,80.28,80.66,80.26,80.55,10606860
1506000600,80.49,80.53,79.76,79.89,11984170
1506087000,79.72,80.3,79.67,79.92,10205789
1506346200,80.03,81,79.98,80.98,10496637
1506432600,80.71,80.995,80.56,80.89,8755080
1506519000,80.89,81.45,80.79,81.43,9724511
1506605400,81.63,82.45,81.56,82.19,15581727
1506691800,81.94,82.055,81.575,81.98,9943991
1506951000,81.3,81.819,81.245,81.63,6777857
1507037400,81.41,81.97,81.3,81.76,6081997
1507123800,81.8,81.87,81.45,81.79,6357088
1507210200,81.72,82.24,81.59,82.02,7375872
1507296600,81.77,81.89,81.355,81.71,6070620
1507555800,81.84,82.18,81.76,82.03,7489884
1507642200,82.34,82.735,82.09,82.26,7218534
1507728600,82.16,82.74,82.14,82.6,7023706
1507815000,82.31,82.5,82.17,82.43,6647544
1507901400,82.73,83.08,82.36,82.41,7180046
1508160600,82.7,82.95,82.54,82.81,5734007
1508247000,82.63,82.97,82.54,82.96,6444106
1508333400,82.96,83.391,82.54,82.76,6367060
1508419800,82.35,83.05,82.33,82.74,7945461
1508506200,82.85,83.13,82.62,83.11,9574086
1508765400,83.15,83.76,83.0401,83.24,9829896
1508851800,83.55,83.8065,83.31,83.47,7551187
1508938200,83.45,83.73,82.9465,83.17,9153318
1509024600,83.37,83.65,83.11,83.47,9154478
1509111000,83,84.24,82.01,83.71,14866246
1509370200,83.71,83.95,83.41,83.54,7811142
1509456600,83.65,83.68,83.17,83.35,9754213
1509543000,83.39,83.94,83.26,83.87,9429983
1509629400,83.6,83.705,82.91,83.53,7775467
1509715800,83.42,83.64,83.16,83.18,6903526
1509978600,83.3,83.87,83.06,83.75,9276669
1510065000,83.74,83.82,83.03,83.58,8471825
1510151400,83.36,83.5,82.86,83.47,8691551
1510237800,83.3,84.14,83.08,83.97,10528803
1510324200,83.01,83.08,82.42,82.94,8693652
1510583400,82.65,83.09,82.6,82.89,6720400
1510669800,82.42,82.75,82.09,82.24,9251742
1510756200,81.75,82.09,81.15,81.21,9663606
1510842600,80.44,80.85,80.145,80.56,10527200
1510929000,80.32,80.66,80.16,80.24,9536383
1511188200,80.23,80.64,80.01,80.55,8468631
1511274600,80.69,81.25,80.64,80.87,8838367
1511361000,81.16,81.4051,81.05,81.1,7941632
1511533800,81.44,81.7,81.22,81.42,3807947
1511793000,81.32,81.4,81.02,81.11,9127527
1511879400,81.41,81.999,81.31,81.67,9794574
1511965800,81.65,82.31,81.48,82.27,9724992
1512052200,82.45,83.4,82.41,83.29,18592679
1512138600,83.44,84.13,82.41,83.46,13779254
1512397800,83.21,84.175,83,83.57,12597705
1512484200,83.5,83.77,82.71,82.89,9357185
1512570600,83.08,83.2,82.21,82.28,13398866
1512657000,82.4,82.62,82.17,82.55,11359598
1512743400,82.75,82.9,82.26,82.66,11988633
1513002600,82.95,83.25,82.74,83.03,8760735
1513089000,83.09,83.38,82.7,82.76,11307030
1513175400,82.61,83.3,82.48,83.12,10172650
1513261800,83.03,83.33,82.89,82.9,9492394
1513348200,83.16,83.28,82.87,83.03,26582332
1513607400,83.18,83.6744,82.91,82.94,9363466
1513693800,83.03,83.17,82.33,82.44,10285052
1513780200,82.6,83.14,82.5201,82.87,10620305
1513866600,83.35,84.27,82.96,83.85,13578133
1513953000,83.88,84.02,83.6,83.97,10161447
1514298600,83.96,84.36,83.9,83.98,4777216
1514385000,83.99,84.1,83.74,83.9,7000612
1514471400,83.98,84.05,83.8,84.02,7495254
1514557800,84,84.2,83.64,83.64,8523411
1514903400,83.82,85.195,83.66,85.03,11469254
1514989800,85.16,86.965,84.82,86.7,13957739
1515076200,86.79,87.22,86.43,86.82,10863030
1515162600,86.75,86.88,85.705,86.75,11047571
1515421800,86.7,87.15,86.6034,87.14,10927088
1515508200,86.94,87.15,86.65,86.77,8131631
1515594600,87,87.19,85.98,86.08,10822328
1515681000,86.36,87.37,85.93,86.93,14366028
1515767400,87.2,87.99,87.18,87.52,9834511
1516113000,87.74,87.76,86.6,86.97,10882786
1516199400,87.2,88.21,86.93,88,10545961
1516285800,87.77,88.19,87.34,87.43,9223679
1516372200,87.57,87.76,86.61,87.15,13090032
1516631400,87.17,88.29,87.05,88.25,10270380
1516717800,88.25,88.46,87.74,88.3,10281817
1516804200,88.49,88.918,88.01,88.53,10316111
1516890600,88.55,88.87,88.2,88.37,11271867
1516977000,88.64,89,88.47,89,10514408
1517236200,88.59,89.3,87.95,88.01,9315696
1517322600,87.54,88.38,86.78,86.78,12407974
1517409000,86.56,87.47,86.33,87.3,14404736
1517495400,87.5,89.25,87.35,89.07,17971012
1517581800,85.13,86.01,82.9978,84.53,29822144
1517841000,83.28,83.99,78.13,79.72,30452693
1517927400,78.51,80.35,76.9,78.35,36262761
1518013800,78.44,79.41,76.92,76.94,21994450
1518100200,77.44,77.58,76.03,76.07,25650789
1518186600,76.25,76.48,73.9,75.78,29491592
1518445800,77.05,77.621,75.841,76.42,19340419
1518532200,76.1,76.75,75.73,76.3,11926610
1518618600,75.79,76.66,75.165,76.46,17188405
1518705000,76.62,76.7,75.45,76.21,14432424
1518791400,76.15,77.12,75.85,76.54,13722431
1519137000,76.47,77.47,75.461,75.75,13387346
1519223400,75.82,76.435,74.87,74.89,11714985
1519309800,75.3,76.84,75.185,75.86,14020186
1519396200,76.09,77.62,75.95,77.53,13378795
1519655400,77.74,78.93,77.56,78.84,16940419
1519741800,79,79.87,77.5,77.5,14629517
1519828200,78.16,78.25,75.7,75.74,17087816
1519914600,75.53,76.6808,74.855,75.2,15696665
1520001000,74.89,75.87,74.48,75.55,15630250
1520260200,75.23,76.56,75.121,76.27,14890975
1520346600,76.67,76.98,75.861,76.18,10754291
1520433000,75,75.24,73.56,74.26,27255463
1520519400,74.5,74.77,73.69,74.12,19299848
1520605800,74.82,75.06,74.21,74.56,19714061
1520861400,74.87,75.58,74.69,75.24,14226706
1520947800,75.33,75.82,74.25,74.53,13739675
1521034200,74.64,74.79,73.53,73.6,14820676
1521120600,74.35,75,74.1,74.42,15640605
1521207000,74.36,75.12,74.36,75.12,32089802
1521466200,75,75.01,73.865,74.15,12744781
1521552600,74.22,74.7,73.95,73.99,13003183
1521639000,74.23,75.64,73.98,75.04,15418459
1521725400,74.42,74.7,73.39,73.5,17737019
1521811800,73.81,74.21,72.67,72.89,20157333
1522071000,73.65,74.15,72.7548,74,15032698
1522157400,74,74.8949,73.275,73.7,15821908
1522243800,73.74,74.01,72.78,72.81,18163875
1522330200,73.33,74.89,73.26,74.61,14882885
1522675800,74.27,74.4,72.155,73.22,17891083
1522762200,73.45,75.14,73.1,75.02,15999151
1522848600,74.05,75.06,73.44,74.87,13122170
1522935000,75.06,76.32,75.02,76.02,14199993
1523021400,75.64,76.12,74.215,74.87,14299567
1523280600,75.22,75.79,74.8,74.87,11103111
1523367000,76.08,77.77,76.06,77.07,19292201
1523453400,77.11,78.04,76.75,77.43,13733954
1523539800,77.86,78.135,77.005,77.22,13270354
1523626200,77.8,78.19,77.6,77.84,10924966
1523885400,78.12,79.085,77.71,78.54,10743642
1523971800,78.54,78.76,78.04,78.33,10478093
1524058200,79.04,79.76,78.94,79.22,12061415
1524144600,79.32,79.82,78.81,79.42,11291467
1524231000,79.32,79.4,78.335,79,12072220
1524490200,78.92,79.6,78.75,79.57,11729830
1524576600,79.8,79.93,77.97,78.35,14101979
1524663000,78.2,79.62,77.485,79.5,13867464
1524749400,79.6,80.9,79.53,80.86,14554442
1524835800,76.95,78.65,76.48,77.79,16346833
1525095000,77.91,78.56,77.74,77.75,15028835
1525181400,77.26,77.26,75.98,76.95,16231035
1525267800,76.45,77.23,76.3,76.8,13883683
1525354200,76.39,76.605,75.4038,76.54,12243149
1525440600,76.13,77.22,75.94,76.9,9887192
1525699800,77.74,79.08,77.4,77.74,15071534
1525786200,77.8,78.16,76.37,78.09,17430440
1525872600,78.98,80.24,78.95,79.93,17142097
1525959000,80.64,81.79,80.5,81.72,17710327
1526045400,81.18,81.97,80.91,81.28,14751042
1526304600,81.7,82.3232,81.61,81.83,11852098
1526391000,81.85,82.03,81.4,81.79,12595736
1526477400,81.76,82.045,81.17,82.02,9569958
1526563800,82.2,82.28,81.44,81.88,11224123
1526650200,81.55,81.8,81.26,81.3,10030931
1526909400,81.73,82.35,81.52,82.28,8822364
1526995800,82.44,82.65,81.35,81.64,10753428
1527082200,80.95,82.23,80.57,82.15,15140896
1527168600,81.35,81.36,79.95,80.27,13360454
1527255000,79.28,79.33,78.09,78.71,14561988
1527600600,78.15,78.73,77.53,78.42,14644813
1527687000,79.25,81.66,79.22,81.5,16627467
1527773400,80.81,81.55,80.69,81.24,15803095
1527859800,81.87,82.35,81.55,81.83,9906117
1528119000,82.05,82.53,80.805,80.97,10954709
1528205400,80.59,81.65,80.41,80.68,12059328
1528291800,81.48,82.09,80.87,82.06,11603278
1528378200,82.73,83.29,82.56,82.88,13502457
1528464600,83.11,83.66,82.5,83.6,14350376
1528723800,83.72,83.79,82.93,83.1,10831599
1528810200,83.11,83.75,82.32,82.42,12351787
1528896600,82.44,82.6,81.47,81.51,12049278
1528983000,81.94,82.2999,81.5,81.89,11477252
1529069400,81.72,81.82,80.51,80.66,23797456
1529328600,80.4,81.38,80.3,80.82,9192567
1529415000,79.89,80.9601,79.71,80.7,8759708
1529501400,80.85,81.13,80.27,80.45,8917708
1529587800,80.02,80.38,79.325,79.69,10990663
1529674200,81.16,81.9401,80.92,81.38,16707364
1529933400,80.78,81.24,79.3,79.74,10557249
1530019800,80.15,81.0146,79.97,80.64,10382781
1530106200,81.06,82.48,81.06,81.71,12725864
1530192600,81.73,82.07,81.03,81.97,9390654
1530279000,82.45,83.54,82.29,82.73,17323207
1530538200,81.89,82.13,81.32,81.76,9998318
1530624600,82.58,83.45,82.08,82.24,7197258
1530797400,82.59,82.77,82.05,82.31,9035873
1530883800,81.96,82.7,81.66,82.33,7637116
1531143000,82.81,83.125,82.555,82.9,7158596
1531229400,83.7,84.12,83.51,83.66,8806167
1531315800,83.03,83.53,82.025,82.59,10405268
1531402200,83.01,83.24,82.31,82.69,9762532
1531488600,82.68,83.75,82.56,83.31,8721525
1531747800,82.52,82.79,82,82.49,8307109
1531834200,82.26,82.75,82.04,82.31,7373347
1531920600,81.8,82.32,81.49,82.22,8711884
1532007000,82.2,82.62,81.72,82.01,8659127
1532093400,81.72,81.9332,81.25,81.4,9209376
1532352600,81.95,82,81.18,81.4,8425921
1532439000,81.52,83.02,81.48,83.01,11120967
1532525400,83.01,83.74,82.51,83.59,9730668
1532611800,83.83,84.4,83.37,84.24,13210099
1532698200,80.97,82.38,80.805,81.92,18223602
1532957400,82.13,82.13,80.711,81.74,11282875
1533043800,81.64,82.15,81.44,81.51,11716849
1533130200,80.89,80.93,80.225,80.39,8936719
1533216600,79.89,80.255,79.45,79.91,8364294
1533303000,79.97,80.3,79.63,80.2,7811180
1533562200,80.25,80.43,79.74,80.18,10041825
1533648600,80.91,81.59,80.31,81.27,10698498
1533735000,81.02,81.23,80.35,80.73,7275062
1533821400,80.73,80.905,80.11,80.32,9828499
1533907800,79.51,79.524,78.855,79.42,12954268
1534167000,79.45,79.75,78.43,78.56,10308844
1534253400,78.99,79.07,78.08,78.31,8005941
1534339800,77.78,77.9,76.51,76.94,16307784
1534426200,77.28,78.1,77.2,78,11519944
1534512600,78.34,78.49,77.8,78.26,10178657
1534771800,78.26,79,78.17,78.81,8152096
1534858200,79.05,79.58,78.67,78.83,9192229
1534944600,79.11,80.05,79.02,79.96,10098237
1535031000,79.56,79.63,78.895,79.08,7203899
1535117400,79.52,80.05,79.42,79.62,6545216
1535376600,79.91,80.47,79.8592,80.4,6671872
1535463000,80.58,80.82,80.2,80.28,8823352
1535549400,80.44,81.04,80.095,80.86,8004792
1535635800,80.45,80.78,80.12,80.51,7450853
1535722200,80.24,80.46,79.77,80.17,10700016
1536067800,80.41,80.69,79.81,80.29,8855027
1536154200,79.9,81.43,79.6,81.36,13878418
1536240600,81.11,81.64,80.34,80.46,13320645
1536327000,80.15,81.93,79.82,81.83,16417783
1536586200,82.2359,82.74,81.655,81.71,10854918
1536672600,81.96,83.19,81.63,82.86,11891917
1536759000,83.25,83.78,82.87,83.13,11556657
1536845400,83.15,83.25,82.01,82.32,11162714
1536931800,82.42,83.15,82.27,82.92,9442579
1537191000,83,83.61,82.99,83.41,8403325
1537277400,83.9,84.13,83.45,83.63,9219890
1537363800,83.64,84.77,83.64,84.63,10413591
1537450200,84.86,85.34,84.54,84.82,11198171
1537536600,85.01,85.43,84.52,85.17,26639437
1537795800,85.79,87.085,85.72,86.6,13549454
1537882200,87.0312,87.36,86.37,86.5,12200690
1537968600,86.02,86.5,85.69,85.78,10275498
1538055000,86.085,86.375,85.59,85.77,7895430
1538141400,85.25,85.9299,84.99,85.02,9884941
1538400600,85.35,86.03,85.255,85.81,8568210
1538487000,85.8,86.665,85.622,86.46,8453138
1538573400,86.51,86.89,85.975,86.15,10206722
1538659800,85.5,86.0753,85.25,85.58,10204586
1538746200,85.31,85.7,84.9324,85.34,9217393
1539005400,84.79,86.305,84.65,86.13,13242364
1539091800,86.38,86.88,85.74,86.51,10177885
1539178200,86.73,86.82,84.5,84.52,16573426
1539264600,83.94,84.17,81.17,81.6,20320055
1539351000,82.13,82.24,80.27,81.38,15216300
1539610200,81.38,81.735,80.82,80.82,10558752
1539696600,80.51,81.265,80.01,81.2,9781778
1539783000,80.94,81.52,80.34,81.5,12247748
1539869400,81.2,82.47,81.2,81.85,17448566
1539955800,81.66,82.4636,81.51,81.97,12098692
1540215000,82,82.18,80.64,81.15,9474105
1540301400,80.06,80.46,78.715,79.84,15465125
1540387800,80.13,80.26,77.55,77.62,16085735
1540474200,78.49,79.05,77.74,78.31,12315457
1540560600,77.87,78.41,76.96,77.53,18160517
1540819800,78.07,78.43,76.22,77.05,15707035
1540906200,77.62,79.03,77.42,78.78,17758234
1540992600,79.34,80.3501,78.9,79.68,16629070
1541079000,79.83,80.75,79.3,80.67,14159250
1541165400,81.76,82.45,80.23,81.95,19350357
1541428200,82.5,82.87,81.44,81.64,15814958
1541514600,81.74,82.1,81.35,81.99,9063313
1541601000,82.21,83.14,81.6599,83.03,12699787
1541687400,83.13,83.745,81.535,81.71,16865480
1541773800,80.26,81.4,79.695,80.87,15070124
1542033000,81.66,81.73,79.73,79.83,11906573
1542119400,79.8,79.85,77.64,78,15530229
1542205800,78.86,79.09,76.75,77.39,18552107
1542292200,76.67,78.19,75.91,78.19,18976021
1542378600,78.37,79.19,78.1,78.96,13704889
1542637800,78.46,79.36,78.43,79.22,9430819
1542724200,78.42,78.9,76.37,76.97,15533723
1542810600,77.43,78.38,77.26,77.56,9685726
1542983400,76.05,76.2,74.7,75.49,10875425
1543242600,76.24,77.32,76.12,76.98,13741093
1543329000,76.57,77.45,76.4,77.05,10353290
1543415400,77.04,78.45,76.84,78.45,11482133
1543501800,78.22,79.53,78.195,79.06,10255232
1543588200,78.45,79.6,78.32,79.5,14040141
1543847400,80.24,81.46,80.14,81.22,19414847
1543933800,81.38,81.95,79.35,79.43,18540692
1544106600,78,78.44,76.92,78.39,23218054
1544193000,79.39,80.36,77.335,77.64,16224694
1544452200,77.86,77.86,74.797,76.54,17946162
1544538600,77.7,77.8,75.68,76.68,15742418
1544625000,78.04,78.2,76.015,76.02,14559839
1544711400,76.03,77.22,75.95,76.98,13749746
1544797800,76.72,76.87,75.09,75.58,12669300
1545057000,75.26,75.6,73.48,74.04,15464117
1545143400,73.63,73.86,71.62,72,18681179
1545229800,72.45,73.27,70.2953,70.78,21679608
1545316200,70.09,70.66,68.05,68.63,28723650
1545402600,68.14,70.37,67.67,68.12,47287319
1545661800,66.87,67.53,65.44,65.51,14262825
1545834600,66.18,68.655,64.65,68.64,24887738
1545921000,67.74,68.94,66.08,68.94,22077044
1546007400,69.18,69.58,67.82,68.17,19710603
1546266600,68.32,69.1453,67.66,68.19,15807007
1546439400,67.35,69.87,67.255,69.69,16727246
1546525800,70,70.25,68.355,68.62,13866115
1546612200,69.64,71.27,69.36,71.15,16043642
1546871400,71.25,72.1,70.74,71.52,10844159
1546957800,72.54,72.59,71.94,72.04,11438966
1547044200,72.6,72.6,71.645,72.42,13473519
1547130600,72.07,72.08,71.12,72.05,13151117
1547217000,71.85,71.89,71.07,71.72,9790134
1547476200,71.21,71.78,71.12,71.63,11012361
1547562600,71.95,72.36,71.32,71.67,10298309
1547649000,71.42,72.375,71.31,71.64,12595640
1547735400,71.19,72.34,70.8994,72.13,10141743
1547821800,73.27,73.29,72.125,72.99,15759166
1548167400,72.39,72.71,71.68,71.89,15035601
1548253800,72.01,72.2966,70.93,71.3,13187221
1548340200,71.1,71.97,70.6394,71.4,11272716
1548426600,72.07,72.27,71.535,71.72,8998323
1548685800,71.02,71.28,70.37,71.24,13678449
1548772200,71.7,72.19,71.48,71.51,10513242
1548858600,71.77,72.57,71.505,72.29,11524722
1548945000,72.29,73.49,72.02,73.28,19876696
1549031400,74.92,76.49,74.32,75.92,22968697
1549290600,75.76,75.76,74.4,74.82,15483835
1549377000,75.18,75.64,75.0101,75.59,12786736
1549463400,75.58,75.77,75.13,75.26,10866901
1549549800,74.95,75.19,73.9,74.68,14418911
1549636200,73.76,74.07,72.73,73.98,11959689
1549895400,73.88,74.22,73.4,74.1,10434911
1549981800,75.08,75.45,74.82,75.4,12599206
1550068200,75.58,76.54,75.51,76.25,13214556
1550154600,76.26,76.65,75.71,76.27,12773209
1550241000,76.94,77.76,76.75,77.71,14330339
1550586600,77.56,78.48,77.45,78.23,13551469
1550673000,78.3,78.81,78,78.53,12633126
1550759400,78.21,78.66,77.61,77.82,10266012
1550845800,78.71,78.95,77.62,78.42,9519281
1551105000,78.43,78.85,78.2,78.5,9274378
1551191400,78.68,79.13,78.39,78.66,10990586
1551277800,78.88,79.7538,78.66,79.47,12398206
1551364200,79.45,79.75,78.71,79.03,14597883
1551450600,79.38,80,79.03,80,15419422
1551709800,80.24,80.545,79.0116,80.31,18090161
1551796200,80.12,80.4,79.7507,80.19,13745465
1551882600,78.85,79.38,77.86,79.28,18633599
1551969000,79.55,80.26,79.32,80.16,16541732
1552055400,78.89,79.32,78.25,79.01,16274374
1552311000,79.98,80.29,79.65,79.78,11060876
1552397400,80.11,80.58,79.89,80,11320150
1552483800,80.59,80.76,80.2,80.71,10260235
1552570200,80.8,80.91,80.35,80.44,9976797
1552656600,80.18,80.5516,80.1,80.15,25316599
1552915800,80.44,81.25,80.44,81.08,9840552
1553002200,81.58,82,80.64,80.87,13936496
1553088600,80.75,81.92,80.56,81.32,13133738
1553175000,80.81,81.89,80.8,81.79,10116958
1553261400,81.23,81.44,80.3,80.48,12497707
1553520600,80,80.44,79.59,79.92,11320413
1553607000,80.33,81.27,80.18,80.96,9468583
1553693400,80.97,81.31,79.82,80.34,7258729
1553779800,80.03,80.79,80.02,80.74,7412348
1553866200,81.33,81.48,80.48,80.8,10889251
1554125400,81.23,81.78,81.08,81.73,10816444
1554211800,81.75,81.95,81.11,81.38,7646036
1554298200,81.77,81.77,80.605,80.9,8562912
1554384600,81.12,82.0764,80.77,82.05,9360593
1554471000,82.15,82.53,81.9516,82.49,10059368
1554730200,82.67,83.2,82.59,83,9108518
1554816600,82.52,82.58,81.74,81.93,8561582
1554903000,81.92,82.08,81.41,81.56,10324305
1554989400,81.54,82.07,81.02,81.95,9115235
1555075800,82.81,82.81,80.575,80.92,16638655
1555335000,80.89,81.06,80.52,80.65,8536136
1555421400,80.81,81.345,80.69,81.2,7005715
1555507800,81.55,81.7,81.08,81.43,8311362
1555594200,81.56,81.83,81.07,81.13,9493885
1555939800,81.87,83.22,81.64,82.9,10770596
1556026200,83.19,83.49,82.68,83.38,10595101
1556112600,83.01,83.08,81.73,81.76,11684021
1556199000,81.65,82.84,81.4,82.22,11135004
1556285400,80.27,80.63,79.56,80.49,18053468
1556544600,80.12,80.38,79.66,79.97,10023667
1556631000,80.37,80.525,79.93,80.28,13721521
1556717400,79.94,80.26,78.62,78.67,13909751
1556803800,78.28,78.5,77.24,77.29,15360385
1556890200,77.79,78.21,77.44,77.47,12180737
1557149400,76.92,77.66,76.71,77.13,13367124
1557235800,76.5,76.79,75.7671,76.72,13498822
1557322200,76.54,77.29,76.42,76.84,11352859
1557408600,76.35,76.88,75.96,76.77,13221649
1557495000,76.18,76.79,75.17,76.56,11055957
1557754200,75.65,76.23,75.36,75.71,12176298
1557840600,76.13,76.8,75.76,75.81,10548424
1557927000,75.57,76.55,75.21,76.37,8918004
1558013400,76.4,76.95,76.22,76.36,8105630
1558099800,75.65,76.3,75.59,75.91,9279383
1558359000,76.05,76.36,75.67,75.9,7154620
1558445400,76.27,76.46,75.93,76.25,8490107
1558531800,76.02,76.22,75.385,75.56,7858317
1558618200,74.77,74.8,73.04,73.79,14657221
1558704600,74.14,74.25,73.44,74.1,7056566
1559050200,74.24,74.25,72.485,72.61,14912925
1559136600,71.89,72.43,71.62,72.16,13645182
1559223000,72.02,72.13,71.53,71.97,9362146
1559309400,71.19,71.55,70.63,70.77,13983305
1559568600,71.09,72.01,70.9659,71.88,11831255
1559655000,72.45,73.66,72.17,73.59,10423019
1559741400,73.64,73.64,72.585,72.98,10617831
1559827800,73.71,74.6155,73.59,74.31,11738903
1559914200,74.51,74.9632,74.43,74.58,9095481
1560173400,75.19,75.33,74.45,74.91,7760402
1560259800,75.51,75.81,74.82,74.84,9415134
1560346200,74.48,74.61,73.81,74.03,7921018
1560432600,74.7,75.17,74.38,74.68,8986427
1560519000,74.68,74.81,74.23,74.35,8575907
1560778200,74.16,75.19,74.04,75.09,9355715
1560864600,75.42,76.22,75.35,75.74,10091483
1560951000,75.4,75.853,75.1735,75.32,9757390
1561037400,76.24,76.975,76.08,76.61,16229715
1561123800,77.14,77.76,76.87,77.69,23108130
1561383000,77.53,77.76,76.81,76.95,10012236
1561469400,77.08,77.22,76.19,76.27,9739970
1561555800,76.68,77.13,76.47,76.6,11365476
1561642200,76.59,76.75,75.76,75.82,8147803
1561728600,76.19,76.73,75.9407,76.63,14781298
1561987800,77.13,77.925,76.29,76.56,11453769
1562074200,76.14,76.27,75.41,75.72,10475419
1562160600,75.82,76.5,75.625,76.44,5246096
1562333400,76.19,76.35,75.59,76.13,6881115
1562592600,76.14,76.7,75.915,76.48,7876097
1562679000,76.45,76.77,75.73,76.43,7863026
1562765400,76.8,77.63,76.74,77.51,8077369
1562851800,77.41,77.61,77.05,77.57,6404194
1562938200,77.75,77.8799,77.5,77.63,6139299
1563197400,77.63,77.74,76.89,77.08,7116356
1563283800,76.92,77.07,75.79,75.93,10197358
1563370200,75.74,75.96,75.35,75.48,7419314
1563456600,75.03,75.27,74.18,74.84,11425663
1563543000,74.9,75.25,74.535,74.99,11243310
1563802200,75.24,75.3,74.5,75.07,8370141
1563888600,75.15,75.77,74.75,75.37,8551205
1563975000,75.39,76.05,74.85,75.36,8260245
1564061400,75.78,75.78,74.8,74.93,9083914
1564147800,74.87,75.08,74.6,74.81,7677427
1564407000,74.88,75.38,74.7,75.34,7091889
1564493400,75.06,75.555,74.89,75.35,6961197
1564579800,75.04,75.66,74.26,74.36,13104592
1564666200,73.74,74.2684,72.265,72.46,17132815
1564752600,72.61,73.26,71.18,71.75,21376742
1565011800,70.78,70.92,69.61,70.28,19080930
1565098200,70.29,71.01,70.28,70.96,12282362
1565184600,69.86,70.875,69.4,70.5,15231052
1565271000,70.85,72.41,70.62,72.38,14304052
1565357400,72.13,72.25,70.47,70.84,13686606
1565616600,70.06,70.16,69.33,69.63,11371683
1565703000,69.27,70.62,68.92,70.49,12438513
1565789400,69.07,69.09,67.65,67.65,18114362
1565875800,67.46,67.555,66.525,67.25,12874373
1565962200,67.78,68.46,67.2691,68.3,12649037
1566221400,68.97,69.65,68.86,69.45,10032824
1566307800,69.3,69.3,68.71,69.03,9744252
1566394200,69.96,69.98,69.37,69.72,10134525
1566480600,69.91,69.96,69.25,69.57,8973175
1566567000,68.82,69.525,67.03,67.49,15373737
1566826200,68.12,68.26,67.53,67.85,7344634
1566912600,68.13,68.44,66.97,67.19,9494621
1566999000,67.53,67.98,67.16,67.68,9656818
1567085400,68.3,68.67,68.09,68.43,9004455
1567171800,68.61,69.08,68.0644,68.48,9181055
1567517400,67.89,68.6799,67.63,68.56,9849840
1567603800,69.5,69.61,69.09,69.29,6973483
1567690200,69.84,70.55,69.7,70.27,9902285
1567776600,70.35,70.95,70.12,70.93,10418504
1568035800,71.16,72.07,70.98,71.49,12840418
1568122200,72.14,72.85,71.62,72.07,13810789
1568208600,72.78,72.84,71.55,71.93,10525669
1568295000,70.98,72.155,70.7,71.98,9100653
1568381400,72.26,72.72,72.06,72.64,7337194
1568640600,75.04,75.18,73.6,73.73,19830182
1568727000,73.82,74.08,72.63,73.17,14644957
1568813400,72.65,72.97,72.33,72.82,7375224
1568899800,72.97,73.19,72.19,72.33,8316785
1568986200,72.49,72.5,71.855,72.08,19862816
1569245400,71.52,72.36,71.46,72.13,7808263
1569331800,71.81,71.87,70.815,71.14,14306865
1569418200,70.98,71.47,70.82,71.35,8056587
1569504600,71.22,71.35,70.6826,70.97,8443867
1569591000,70.7,71.67,70.63,71.48,8224747
1569850200,71.24,71.45,70.58,70.61,10159343
1569936600,70.83,70.91,68.91,68.95,11431460
1570023000,68.27,68.59,67.005,67.15,14635321
1570109400,67,68,66.305,67.98,12782931
1570195800,68.11,69.07,67.82,68.97,10589034
1570455000,68.7,69.03,68.02,68.02,11576036
1570541400,67.54,67.92,66.64,66.7,10349381
1570627800,67.3,67.7,67.2,67.44,8627471
1570714200,67.43,68.36,67.38,68.25,8447220
1570800600,68.98,69.49,68.885,68.98,10176021
1571059800,68.6,69.37,68.59,69.18,6864352
1571146200,69.06,70,69.01,69.42,6655121
1571232600,69.21,69.53,68.21,68.23,9811267
1571319000,68.48,68.8847,68.08,68.14,9931755
1571405400,67.87,68.15,67.61,67.61,13473727
1571664600,67.82,68.77,67.82,68.74,10473346
1571751000,68.78,69.76,68.65,69.09,9503140
1571837400,68.96,69.76,68.78,69.75,8722963
1571923800,69.96,70.05,69.02,69.09,9069090
1572010200,68.9,69.48,68.9,69.25,7607192
1572269400,69.46,69.67,68.585,68.64,11209579
1572355800,68.48,69.03,68.24,68.44,13894441
1572442200,68.37,68.37,67.27,67.72,12840564
1572528600,67.46,67.72,67.14,67.57,16169055
1572615000,68.39,69.605,68.31,69.6,14108731
1572877800,70.07,71.87,69.94,71.67,15858154
1572964200,72.04,73.12,71.85,73.09,14930416
1573050600,72.73,72.87,71.2,71.49,13996462
1573137000,72.03,73.03,72,73.01,13073780
1573223400,71.61,71.8,70.66,70.77,12107599
1573482600,70.21,70.61,69.97,70.34,8675982
1573569000,70.27,70.41,68.98,69.37,13918873
1573655400,69.02,69.15,68.6,68.8,12042872
1573741800,68.86,68.97,68.18,68.5,11281012
1573828200,68.71,69.3,68.67,69.19,11253689
1574087400,68.7,68.82,68.3,68.52,10098937
1574173800,68.4,68.56,67.78,67.82,12614042
1574260200,67.67,68.54,67.32,68.03,16931767
1574346600,68.02,69.75,67.92,69.67,14080938
1574433000,69.71,70.18,69.33,69.37,12143555
1574692200,69.37,69.44,68.7083,68.91,10671464
1574778600,68.92,69.035,68.435,68.74,15461901
1574865000,68.76,69.09,68.41,68.7,8396166
1575037800,68.33,68.53,68,68.13,7980847
1575297000,68.5,68.88,68.37,68.42,11117997
1575383400,68,68.25,67.52,67.88,12867766
1575469800,68.25,68.76,68.14,68.65,11051691
1575556200,68.89,68.97,68.205,68.41,13110776
1575642600,68.76,69.87,68.76,69.51,13711715
1575901800,69.08,69.97,69.02,69.66,12406434
1575988200,69.66,70.15,68.7,69.06,14283625
1576074600,68.74,69.76,68.67,68.96,13748805
1576161000,68.96,70.38,68.9,70.34,17074900
1576247400,70.48,70.54,69.12,69.23,12276521
1576506600,69.7,70.25,69.7,70,15209258
1576593000,69.98,70.38,69.31,69.68,14457719
1576679400,69.63,70.29,69.28,69.87,13652308
1576765800,69.99,70.05,69.24,69.39,13278703
1576852200,69.86,70.2267,69.39,69.94,35093469
1577111400,69.86,70.3,69.53,70.29,14173807
1577197800,70.35,70.5,69.9101,70.02,3979442
1577370600,70.19,70.5,70.01,70.13,8842249
1577457000,70.2,70.3123,69.88,69.89,10518520
1577716200,70.09,70.435,69.4,69.48,12691254
1577802600,69.02,69.8,69.01,69.78,13158024
1577975400,70.24,71.02,70.2368,70.9,12406912
1578061800,71.34,71.37,70.16,70.33,17390568
1578321000,70.32,71.355,70.23,70.87,20082493
1578407400,70.5,70.52,69.51,70.29,17496314
1578493800,70.11,70.285,69.17,69.23,15140731
1578580200,69.14,69.9,68.625,69.76,14812442
1578666600,69.93,69.96,69.12,69.14,11997133
1578925800,69.2,69.87,69.11,69.8,9965210
1579012200,69.38,69.5799,68.89,69.2,16267403
1579098600,69.2,69.5899,68.89,69.09,11390257
1579185000,69.3,69.585,68.8,68.82,13340349
1579271400,68.75,69.08,68.29,68.56,18144097
1579617000,68.38,68.42,67.51,67.58,17982599
1579703400,67.56,67.7,67,67.19,17033140
1579789800,66.71,66.93,66.05,66.77,19605865
1579876200,66.54,66.675,66.04,66.32,18238553
1580135400,65.42,65.73,64.7,64.74,21231010
1580221800,65.11,65.2,64.63,64.65,19664697
1580308200,65.03,65.13,63.9,64.11,14229484
1580394600,63.78,64.88,63.43,64.79,18544663
1580481000,63.2,63.2,61.86,62.12,34282899
1580740200,61.38,61.42,60.37,60.73,27397306
1580826600,61.45,61.91,59.89,59.97,31922057
1580913000,60.75,62.925,60.6,62.73,32099203
1580999400,62.93,63.01,61.78,61.88,16055371
1581085800,61.41,61.655,61.06,61.47,15112535
1581345000,60.48,60.52,59.62,59.96,20934456
1581431400,60.58,60.89,60.17,60.53,14908715
1581517800,61.34,61.53,60.56,61.27,17862134
1581604200,61.06,61.4157,60.56,60.93,16949364
1581690600,61.15,61.16,60.2829,60.65,10855299
1582036200,60.15,60.39,59.45,59.88,18954757
1582122600,60.11,60.6225,59.83,60.34,12804907
1582209000,60.23,60.54,59.72,59.86,14817238
1582295400,59.51,59.51,58.79,59.13,20315705
1582554600,57.62,57.8,56.36,56.36,32096615
1582641000,56.75,56.75,53.97,54.2,36414538
1582727400,54.55,54.82,52.93,53.01,29812354
1582813800,51.71,52.435,49.8,49.82,48141281
1582900200,48.77,51.44,48.01,51.44,62468380
1583159400,52.59,53.89,51.1299,53.88,38127634
1583245800,53.95,54.15,50.98,51.3,50580657
1583332200,52.23,52.48,51.12,52.42,24079615
1583418600,50.42,50.7,49.04,50.11,40788165
1583505000,48.84,49.01,47.2,47.69,55640488
1583760600,41.71,44.57,40.8,41.86,72896300
1583847000,46.17,46.26,41.45,43.41,60376720
1583933400,42.39,43.48,41.75,41.98,52015036
1584019800,39.9,40.65,37,37.18,65725310
1584106200,40.01,40.14,35,38.12,79891532
1584365400,34.4,37.88,33.25,34.49,48924723
1584451800,35.21,37.3774,34.2,36.81,41204445
1584538200,34.55,36.71,31.23,33.12,54036416
1584624600,33.73,34.9,32.35,34.43,49412441
1584711000,34.84,35.18,31.56,32.74,76534632
1584970200,32.53,32.7,30.11,31.45,56952490
1585056600,34.42,36.17,33.333,35.44,61835603
1585143000,36.51,38.59,35.18,37.29,56607669
1585229400,37.5,39.56,36.72,38.82,46754736
1585315800,37.13,37.68,36.2,36.95,51558552
1585575000,36.23,38.15,35.86,37.5,45834987
1585661400,38.34,39.45,37.37,37.97,41491612
1585747800,36.86,38.7,36.34,37.53,36045930
1585834200,38.74,41.96,37.9,40.4,62000162
1585920600,41.45,42.18,38.52,39.21,48425662
1586179800,39.88,40.83,39.23,40.47,41344025
1586266200,42.9,43.315,41.16,41.24,49004026
1586352600,41.95,44.04,41.47,43.85,33355550
1586439000,45.46,46.71,41.74,43.13,60208060
1586784600,44.45,44.69,41.97,42.76,29651941
1586871000,43,43.75,41.91,42.43,30768967
1586957400,41,41.06,39.38,40.48,33125000
1587043800,40.48,40.48,38.93,39.15,30933970
1587130200,39.88,43.32,39.87,43.22,40829135
1587389400,40.75,42.735,40.54,41.18,39260780
1587475800,40.4,42.13,39.63,40.96,44381590
1587562200,42.6,42.93,41.86,42.13,27084692
1587648600,43.13,44.66,42.81,43.45,35270950
1587735000,44.4,44.89,43.13,43.73,28667004
1587994200,43.59,44.32,42.23,43.94,28274373
1588080600,44.37,45.39,44.11,44.97,26545071
1588167000,46.26,47.6,46.16,47.46,29502522
1588253400,47.68,47.68,45.77,46.47,37076298
1588339800,45.63,46.39,43,43.14,35399315
1588599000,42.51,44.94,42.22,44.88,27465643
1588685400,46.26,47.15,44.66,44.83,29276154
1588771800,44.93,45.27,43.9,43.99,22659018
1588858200,44.96,45.27,43.97,44.24,22160320
1588944600,45.31,46.22,44.975,46.18,19998701
1589203800,46.11,46.2,45.51,45.74,22258025
1589290200,45.42,45.6699,44.12,44.12,25439095
1589376600,43.74,43.87,41.6,41.93,30827912
1589463000,41.07,42.55,40.2,42.3,24856521
1589549400,42.38,43.005,41.85,42,22445564
1589808600,44.3999,45.58,44.06,45.34,32046113
1589895000,45.55,46.63,43.93,43.94,21771647
1589981400,44.62,45.58,44.5701,45.37,19352436
1590067800,45.44,45.79,44.39,44.56,19130740
1590154200,44.05,44.67,43.45,44.6,15406404
1590499800,45.74,46.3,45.47,45.91,20356452
1590586200,46.66,47.14,45.405,46.24,20788290
1590672600,46.43,46.46,44.93,45.04,19705894
1590759000,44.82,45.69,44.37,45.47,25886238
1591018200,45.32,46.45,44.8,46.28,19038401
1591104600,46.86,47.45,46.7474,47.31,22318978
1591191000,48,49.4,47.95,49.24,23418047
1591277400,48.88,49.145,48.16,49.1,18731361
1591363800,51.65,53.45,51.6,53.08,41328943
1591623000,54.72,55.36,53.46,54.74,33579420
1591709400,52.88,53.9699,52.45,53.52,27276943
1591795800,53.5,53.5,50.6,50.65,31156787
1591882200,47.53,48.84,46.1,46.18,39182998
1591968600,48.04,48.6233,45.905,47.17,30978124
1592227800,45.35,47.76,44.75,47.14,27929288
1592314200,49.57,49.75,47.24,48.2,26203378
1592400600,48,48.13,46.6,46.63,19279402
1592487000,46.11,47.33,45.77,46.92,21478681
1592573400,48.22,48.26,45.98,45.98,48899935
1592832600,45.69,46.44,45.4,46.42,17565387
1592919000,46.9,47.22,46.5,46.7,18916587
1593005400,45.91,45.96,44.25,44.5,27626940
1593091800,44.05,45.24,43.69,45.17,19353595
1593178200,44.88,44.94,43.5,43.62,31518584
1593437400,43.81,44.575,43.54,44.32,17052128
1593523800,43.43,44.97,43.16,44.72,22153616
1593610200,44.49,45.38,43.67,43.71,17290059
1593696600,44.62,45.185,43.93,44.08,18216593
1594042200,44.67,45.08,43.84,44.39,22692048
1594128600,43.9,44,43.11,43.24,17407625
1594215000,43.15,43.93,42.84,43.14,18291392
1594301400,42.9,43.1,41.29,41.36,25881977
1594387800,41.12,42.71,41.1,42.65,18950975
1594647000,42.98,43.287,42.225,42.66,20028282
1594733400,42.53,44.19,42.26,44.07,21444117
1594819800,45.03,45.0886,44.21,44.63,17332448
1594906200,44.31,44.81,43.79,44.28,14673677
1594992600,44.33,44.685,43.39,43.52,17965089
1595251800,43.21,43.51,42.475,42.5,18553910
1595338200,43.15,45.19,43.11,44.65,28833574
1595424600,44.15,44.15,43.37,43.61,21345403
1595511000,43.4,43.82,43.02,43.7,17934429
1595597400,43.88,44.42,43.1903,43.43,16415314
1595856600,43.23,44.09,42.9715,44.07,18547862
1595943000,43.91,44.25,43.46,43.55,19190502
1596029400,43.71,44.09,43.34,44.03,14143181
1596115800,43.13,43.18,41.825,41.87,29901095
1596202200,41.16,42.17,40.91,42.08,32123002
1596461400,42.05,42.5,41.47,42.25,23040541
1596547800,42.34,43.6,42.24,43.47,17724024
1596634200,44.15,44.31,43.53,43.85,17445784
1596720600,43.4,43.9,43.25,43.64,14434935
1596807000,43.23,43.52,42.81,43.44,18757929
1597066200,43.99,44.6,43.595,44.51,24367750
1597152600,45.5,46.42,44.73,44.97,28987456
1597239000,44.46,44.94,43.63,44.09,22508884
1597325400,43.5,43.87,42.92,43.01,17338689
1597411800,42.6,43.28,42.41,43.2,13595695
1597671000,43.17,43.17,42.47,42.64,15554630
1597757400,42.59,43.19,42.29,42.43,13014042
1597843800,42.35,42.655,41.865,41.96,14473088
1597930200,41.69,41.885,41.3,41.32,15678549
1598016600,41.3,41.34,40.71,41.01,25517743
1598275800,41.28,42.5078,41.09,42.22,18208876
1598362200,41.66,42.065,40.7,40.88,31285583
1598448600,40.64,40.835,40,40.01,26794969
1598535000,40,40.3,39.305,39.74,32034320
1598621400,39.84,40.92,39.76,40.69,33477089
1598880600,40.64,40.72,39.895,39.94,25259605
1598967000,39.75,39.75,39.045,39.43,22478197
1599053400,39.23,39.715,38.95,39.19,26413358
1599139800,39.2,40.03,38.88,39.11,28817178
1599226200,39.46,39.79,38.65,39.08,24632503
1599571800,38.25,38.68,37.35,38.18,38496439
1599658200,38.35,38.84,37.92,37.95,25886147
1599744600,38.27,38.37,36.9,37,34381244
1599831000,37.125,37.31,36.49,36.9,26838556
1600090200,36.91,37.01,36.49,36.66,26129942
1600176600,36.8,37.3792,36.21,36.27,23724212
1600263000,36.46,38.15,36.27,37.81,30915806
1600349400,37.35,37.98,36.97,37.8,24696211
1600435800,37.53,37.8235,36.7,37.19,46853817
1600695000,36.43,36.71,35.68,36.43,35351771
1600781400,36.46,36.84,35.47,35.53,27303218
1600867800,35.65,35.79,34.35,34.39,31251419
1600954200,34.4,34.82,33.76,34.32,26796036
1601040600,34,34.94,33.88,34.64,23486012
1601299800,35.14,35.9,35.095,35.31,23396542
1601386200,35,35.11,33.99,34.28,20788842
1601472600,34.64,34.92,34.13,34.33,22223657
1601559000,33.79,34.1,32.94,33.13,36890240
1601645400,32.25,33.35,32.21,32.98,32694347
1601904600,33.32,33.75,33.17,33.74,22965210
1601991000,34.12,34.42,33.31,33.39,26731758
1602077400,33.64,33.74,33.21,33.5,23779272
1602163800,33.88,35.34,33.76,35.26,34413653
1602250200,35.68,35.95,34.65,34.74,29228621
1602509400,34.54,34.73,34.23,34.63,17912760
1602595800,34.73,34.87,34.1,34.22,20995131
1602682200,34.06,34.83,34.03,34.15,17756487
1602768600,33.695,34.46,33.265,34.45,23251591
1602855000,34.37,34.64,33.875,34.1,22636950
1603114200,34.1,34.37,33.39,33.42,23645846
1603200600,33.66,33.93,33.33,33.7,23040596
1603287000,33.51,33.62,33.14,33.16,28619325
1603373400,33.18,34.96,33.02,34.86,31831452
1603459800,34.97,35.08,33.86,34.16,27429113
1603719000,33.61,33.77,32.95,33.35,30888694
1603805400,33.15,33.2,32.7,32.82,27100739
1603891800,32.1,32.38,31.52,31.57,42136363
1603978200,31.41,33.13,31.11,32.97,38622834
1604064600,32.41,33.14,32.01,32.62,47897924
1604327400,33.14,34.455,32.57,33.99,40130308
1604413800,34.49,34.49,33.13,33.41,36772973
1604500200,33.27,34.14,32.53,33.23,35410056
1604586600,33.37,33.92,33.14,33.17,30824105
1604673000,33.1,33.66,32.62,32.78,33985603
1604932200,36.42,38.01,36.06,36.93,76879374
1605018600,37.05,37.43,35.98,36.86,49055366
1605105000,37.09,37.12,36.19,36.48,34124484
1605191400,35.86,36.29,34.87,35.23,30955266
1605277800,35.4,36.25,35.38,36.08,29260240
1605537000,37.59,38.17,37.1,38.16,38596815
1605623400,37.81,38.705,37.38,38.67,26521077
1605709800,39.02,39.125,37.2,37.21,31068017
1605796200,36.86,37.5,36.56,37.4,26954361
1605882600,37.35,37.41,36.78,36.94,18359574
1606141800,37.5,39.43,37.28,39.36,29367591
1606228200,40.51,42.08,40.22,41.98,46979252
1606314600,41.67,41.71,40.65,40.81,28178174
1606487400,40.7,40.94,39.865,40.19,14971948
1606746600,39.8,39.88,37.97,38.13,45614336
1606833000,38.96,39.65,38.47,38.5,32503112
1606919400,38.39,40.4184,38.34,39.94,29369501
1607005800,40.07,40.635,39.73,40.21,27038943
1607092200,40.77,41.76,40.65,41.68,28723633
1607351400,41.42,41.54,40.67,40.9,24899416
1607437800,40.53,42.59,40.44,42.24,32573849
1607524200,42.71,43.73,42.38,42.8,37824821
1607610600,43.2,44.469,42.761,44.01,38058672
1607697000,43.7,43.925,43.21,43.8,25478805
1607956200,44.34,44.46,42.18,42.22,30595042
1608042600,42.44,43.22,42.06,43.04,27239694
1608129000,43.75,44.11,42.96,43.7,34273033
1608215400,44,44.04,43.4,43.48,21204637
1608301800,43.27,43.7801,42.42,42.73,46596771
1608561000,41.11,42.08,40.53,41.95,27869522
1608647400,41.58,41.9,41.23,41.24,21811972
1608733800,41.51,42.39,41.46,41.77,19085878
1608820200,41.65,41.85,41.38,41.6,8039006
1609165800,41.69,42.55,41.52,41.74,23877548
1609252200,42.04,42.12,41.2,41.27,20287740
1609338600,41.33,42.42,41.27,41.6,23807314
1609425000,41.47,41.68,40.97,41.22,22786478
1609770600,41.45,42.245,41,41.5,27764696
1609857000,41.84,44.8,41.83,43.5,44034808
1609943400,44.41,45.1,43.7,44.61,36484795
1610029800,45,45.57,44.53,44.96,29528115
1610116200,45.2,45.82,44.95,45.46,28628224
1610375400,45.04,47.135,44.75,46.84,38290907
1610461800,47.46,48.17,46.91,47.88,36915073
1610548200,48.53,48.71,47.69,48.42,29000268
1610634600,48.5,51.08,48.5,50.31,35474755
1610721000,48.91,49.08,47.29,47.89,42411257
1611066600,48.45,49.44,48.35,48.84,24932592
1611153000,49.11,49.74,48.9907,49.53,22342398
1611239400,49.33,49.39,47.68,48.11,29058601
1611325800,47.01,47.64,46.64,47.43,23264836
1611585000,46.9,47.05,46.16,46.9,26395838
1611671400,47.26,47.86,45.85,45.87,23976788
1611757800,45,46.66,44.53,45.35,32410346
1611844200,45.94,46.59,45.69,46.06,24967246
1611930600,45.55,46.04,44.51,44.84,38961077
1612189800,45.58,45.58,44.29,44.92,24412394
1612276200,45.81,46.9861,45.2805,45.63,31940403
1612362600,45.63,47.67,45.42,47.42,28459278
1612449000,47.88,48.38,47.25,48.33,25280258
1612535400,49.18,50.12,49.04,49.95,34980138
1612794600,50.92,52.36,50.71,52.1,36998718
1612881000,50.67,50.96,49.77,50.63,28976969
1612967400,50.63,51.42,50.391,51.12,25723789
1613053800,50.89,50.93,48.78,49.84,26972159
1613140200,49.43,50.7116,49.41,50.52,19756699
1613485800,51.96,52.53,51.62,52.04,28060142
1613572200,52.35,53.2695,51.8,52.85,25552226
1613658600,52.81,52.935,51.86,52.02,20627637
1613745000,52.11,52.56,51.915,52.37,22607163
1614004200,52.59,54.81,52.59,54.3,36435112
1614090600,54.98,55.255,53.74,55.05,33527945
1614177000,55.19,57,54.8733,56.7,28728642
1614263400,56.98,57.245,55.3516,55.76,29670884
1614349800,54.41,55.055,53.12,54.37,35291031
1614609000,56.47,57.61,56.13,56.4,36998309
1614695400,56.65,56.96,56.02,56.07,30302647
1614781800,56.42,57.96,55.88,56.52,35358928
1614868200,57.12,59.4684,57.1,58.71,52137543
1614954600,59.83,61.05,59.11,60.93,51429766
1615213800,61.58,61.61,59.82,60.87,38154583
1615300200,60.61,61.39,59.47,59.93,35645897
1615386600,60.52,61.915,60.03,61.77,31579095
1615473000,61.78,62.55,61.26,61.31,24802645
1615559400,61.55,62.37,61.5,61.97,20422690
1615815000,61.49,61.855,59.87,60.39,31263556
1615901400,59.54,59.66,58.44,59.11,30624760
1615987800,58.69,59.73,58.62,59.37,25575478
1616074200,58.81,58.965,56.52,56.81,38622825
1616160600,56.71,57.465,55.8101,56.49,84439408
1616419800,56.5,56.86,55.9,55.91,29315083
1616506200,54.94,56.29,54.45,55.22,33493304
1616592600,56.08,57.28,56.08,56.34,29781777
1616679000,55.21,56.5,54.5,56.18,31495919
1616765400,57.3,57.78,56.5239,57.71,34226459
1617024600,57.34,57.82,56.74,57.4,21144403
1617111000,56.86,57.36,56.49,56.69,20303427
1617197400,56.35,56.63,55.8,55.83,23686451
1617283800,56.32,57.45,56.14,57.39,23194473
1617629400,57.3,57.32,56.14,56.5,23264844
1617715800,56.84,57.5399,56.26,56.34,18926270
1617802200,56.39,56.77,56.24,56.59,22384956
1617888600,55.93,56.08,55.32,56,21999295
1617975000,56,56.435,55.53,55.87,20020746
1618234200,56.755,56.79,55.31,55.5,20238760
1618320600,55.3,55.98,55.09,55.71,19370640
1618407000,56.41,58.01,56.25,57.32,28051133
1618493400,57.42,57.42,56.78,56.98,23250269
1618579800,57.36,57.68,56.44,56.66,22752001
1618839000,56.75,57.14,55.96,56.48,21123332
1618925400,56.47,56.47,54.78,55.29,21782054
1619011800,54.5,56.13,54.3,56,16625585
1619098200,55.99,55.99,55.02,55.27,21600105
1619184600,55.27,55.9419,55.18,55.57,15341434
1619443800,55.47,56.285,55.44,55.68,16083788
1619530200,56.01,56.63,55.81,56.41,19278584
1619616600,56.91,58.46,56.79,58.11,24729795
1619703000,58.92,59.48,58.15,58.94,27318358
1619789400,58.33,58.89,57.16,57.24,30518360
1620048600,57.98,58.99,57.74,58.82,20509578
1620135000,59,59.5,58.51,59.19,23522218
1620221400,59.77,61.05,59.4,60.97,31526221
1620307800,60.86,61.64,60.03,61.55,26836752
1620394200,61.07,62.47,60.8488,62.43,33610609
1620653400,63.24,64.02,62.53,62.58,31956561
1620739800,61.625,62.385,60.385,60.59,34563768
1620826200,60.01,61.68,59.75,60.04,34426479
1620912600,59,60.45,58.75,59.3,24268233
1620999000,59.93,60.875,59.93,60.77,20735400
1621258200,60.54,62.25,60.43,62.19,25282521
1621344600,62,62.3,60.4,60.43,25170801
1621431000,59.1,59.855,58.415,58.98,28889805
1621517400,58.95,59.15,58.24,58.84,20692495
1621603800,59.42,59.8317,58.85,58.92,20792672
1621863000,59.08,59.8,58.69,59.61,18400267
1621949400,59.5,59.54,58.12,58.26,25616114
1622035800,58.25,59.12,57.9,58.94,21698688
1622122200,59.23,59.7,58.02,58.56,33556026
1622208600,58.73,58.8,58.11,58.37,19250009
1622554200,59.45,60.695,59.45,60.46,28474171
1622640600,60.75,61.31,60.17,60.94,22978321
1622727000,60.55,61.41,60.3538,61.18,20272753
1622813400,61.46,61.7,60.7758,61.45,20427829
1623072600,61.33,61.73,61.02,61.05,15477933
1623159000,61.5,62.48,60.67,62.13,28953425
1623245400,62.67,63.42,62.19,62.65,29133005
1623331800,63.61,63.975,62.25,62.75,27488724
1623418200,63.01,63.1922,62.14,62.17,17631706
1623677400,62.3,62.78,61.57,62.07,16997233
1623763800,62.48,64.4,62.35,64.33,30717113
1623850200,64.32,64.8,63.56,64.1,24803172
1623936600,63.86,64.46,61.27,61.99,28491845
1624023000,61,61.55,60.24,60.4,39590708
1624282200,60.93,62.7,60.9,62.59,33145434
1624368600,62.85,64.01,62.23,63.79,25140396
1624455000,64.05,64.7,63.58,64.26,20701591
1624541400,64.15,64.56,63.805,64.52,19568378
1624627800,64.61,64.925,64.359,64.66,18438313
1624887000,64.56,64.56,62.75,63.01,20570045
1624973400,63.21,63.77,62.585,62.62,19579251
1625059800,62.7,63.23,62.45,63.08,17875493
1625146200,64.33,64.42,62.77,63.26,22530263
1625232600,63.01,63.32,62.421,63.17,14569537
1625578200,62.75,62.76,60.9,61.37,22110788
1625664600,61.18,61.81,59.62,60.41,21671385
1625751000,59.45,60.705,59.31,60.14,18935949
1625837400,60.695,61.45,60.2375,61.23,20085985
1626096600,60.42,61.5,60.16,61.17,21809420
1626183000,61,61.51,60.5099,60.88,17147347
1626269400,61.17,61.73,59.355,59.53,21573590
1626355800,59.17,59.7,58.765,58.95,15851096
1626442200,59.18,59.26,57.15,57.32,27049513
1626701400,55.64,56.2,54.595,55.35,37969064
1626787800,55.5,56.6,55.03,55.96,26756115
1626874200,56.86,58.3,56.83,57.76,20908727
1626960600,57.73,57.7397,56.66,57.11,13493809
1627047000,57.29,57.29,56.47,57.04,14088194
1627306200,57.16,58.65,57,58.48,18387606
1627392600,58.01,58.01,57.205,57.83,16861419
1627479000,58,58.625,57.62,58.22,16855288
1627565400,59,59.33,58.56,58.93,18607819
1627651800,58.88,58.88,57.32,57.57,28652808
1627911000,57.55,59.06,57.4,57.58,20873766
1627997400,57.57,58.41,56.9299,58.2,18208175
1628083800,57.19,57.875,56.81,56.84,20868323
1628170200,57.13,57.7,56.83,57.2,15180188
1628256600,57.66,58.07,57.53,57.86,14888494
1628515800,57.13,57.52,56.83,57.2,17828210
1628602200,57.42,58.36,57.3,58.18,16340241
1628688600,58.19,58.5,57.72,58.35,18278629
1628775000,57.4,57.79,56.87,57.35,19227450
1628861400,57.03,57.07,56.3,56.77,20062990
1629120600,56.02,56.09,55.2738,55.94,16969045
1629207000,55.5,56.2967,54.995,55.56,16243655
1629293400,55.4188,55.805,54.31,54.39,21890519
1629379800,53.47,53.705,52.1,52.73,30923509
1629466200,52.27,53.135,52.11,52.74,16918278
1629725400,53.95,55.06,53.95,54.91,21632614
1629811800,55.29,55.85,55.01,55.36,17915557
1629898200,55.24,55.77,54.8701,55.46,13270317
1629984600,55.2,55.54,54.625,54.71,11842622
1630071000,55.4,56.2139,55.4,55.77,15822454
1630330200,56.24,56.34,55.12,55.16,14086122
1630416600,54.93,55.31,54.46,54.52,27104134
1630503000,54.49,54.755,53.6,53.77,21644066
1630589400,54.29,55.64,54.27,55.08,23302226
1630675800,55.12,55.32,54.595,54.87,13847890
1631021400,54.67,55.27,54.47,54.55,14356405
1631107800,54.79,55.18,54.01,54.05,18756725
1631194200,53.62,55,53.3,54.09,19110784
1631280600,55.19,55.23,53.95,53.98,15123693
1631539800,54.65,55.925,54.62,55.37,22052269
1631626200,55.69,55.77,54.41,54.58,19940299
1631712600,55.37,56.534,55.31,56.42,23240876
1631799000,56.46,56.46,55.5,55.82,17907200
1631885400,55.34,56.75,55.1,55.16,30034434
1632144600,53.78,54.17,52.96,53.69,27555060
1632231000,54.37,54.51,53.25,53.64,19696793
1632317400,54.43,55.905,54.37,55.21,25690630
1632403800,55.42,57.2399,55.28,57.08,23069407
1632490200,56.7,57.82,56.68,57.59,22328565
1632749400,58.85,59.8,58.82,59.3,32972244
1632835800,59.9,60.48,59.51,59.92,37619271
1632922200,59.84,60.1858,59.05,59.88,23422802
1633008600,60.12,60.17,58.81,58.82,31289624
1633095000,59.41,60.99,59.41,60.93,24407339
1633354200,61.32,62.07,60.9499,61.72,33946677
1633440600,62.515,62.695,61.02,61.62,29641561
1633527000,60.47,61.115,59.75,60.49,25284920
1633613400,60.61,61.08,60.14,60.66,19513600
1633699800,61.25,62.415,61.25,62.18,22186890
1633959000,63.03,63.06,61.5,61.56,22121487
1634045400,61.57,61.98,60.85,61.24,20198556
1634131800,60.78,61.39,60.21,61.07,14991717
1634218200,61.71,62.22,61.17,62,18594501
1634304600,62.73,63.07,62.44,62.59,16092605
1634563800,63.09,63.14,62.27,62.56,18282798
1634650200,62.87,63.61,62.67,63.5,18933153
1634736600,62.89,63.8725,62.72,63.85,14305157
1634823000,63.47,63.64,62.345,62.69,16564635
1634909400,62.77,63.22,62.345,63.12,14266846
1635168600,63.72,64.415,63.58,64.35,17939771
1635255000,64.49,65.94,64.36,65.84,25585099
1635341400,65.16,65.25,63.975,64.13,21764456
1635427800,63.82,64.47,63.63,64.31,16626405
1635514200,65.05,65.36,64.33,64.47,23966325
1635773400,65.065,66.0795,65.02,65.63,19656447
1635859800,65.03,65.447,64.66,64.82,16300049
1635946200,64.04,64.45,63.66,63.93,17372767
1636032600,64.675,64.89,63.83,64.41,17720122
1636119000,65.05,65.3254,64.56,65.02,18565134
1636381800,65.55,66.38,65.38,65.72,17696033
1636468200,65.77,66.37,65.31,66.36,18781338
1636554600,65.32,65.65,63.773,64.19,20177215
1636641000,64.195,64.825,64.02,64.31,13319297
1636727400,63.955,64.37,63.58,63.82,18158875
1636986600,63.76,64.767,63.22,64.37,18849164
1637073000,64.34,65.37,64.34,65.02,17028697
1637159400,64.38,65.24,64.18,64.31,15496983
1637245800,64.16,64.53,63.11,63.61,16948183
1637332200,61.89,62.03,60.41,60.67,32035483
1637591400,60.32,62.54,60.32,61.51,21998749
1637677800,62.19,63.38,61.92,63.13,21185932
1637764200,62.58,63.845,62.58,63.48,15869658
1637937000,60.52,61.42,59.54,61.25,24979586
1638196200,62.57,63.14,61.29,61.59,18946364
1638282600,60.46,61.185,59.66,59.84,34979825
1638369000,60.9,62.03,59.75,59.79,30670130
1638455400,59.74,61.58,59.14,61.28,29216045
1638541800,61.92,62.23,60.345,60.89,22014734
1638801000,61.72,62.16,61.4199,61.58,19210511
1638887400,62.34,63.03,62.1,62.27,19800377
1638973800,62.61,63.19,62.34,62.45,18214420
1639060200,62.05,62.7684,61.81,62.61,16910332
1639146600,63.27,63.35,62.225,63.01,17942383
1639405800,62.47,62.72,61.35,61.63,17793708
1639492200,61.26,62.465,61.22,61.54,22551145
1639578600,61.19,61.5,60.01,61.27,19961862
1639665000,61.44,62.45,61.3,61.37,21187783
1639751400,60.95,61.275,59.69,60.03,44454945
1640010600,58.79,59.25,57.96,59.16,21819305
1640097000,59.75,60.6808,59.72,60.5,19798891
1640183400,60.34,61.365,59.97,60.99,14058338
1640269800,61.17,61.84,61,61.02,13543291
1640615400,60.93,61.95,60.42,61.89,12596340
1640701800,61.91,62.31,61.4,61.69,12786873
1640788200,61.48,61.5983,60.915,61.15,12733601
1640874600,61.22,61.6,60.765,60.79,11940294
1640961000,60.74,61.47,60.7,61.19,14071965
1641220200,61.24,63.6,61.21,63.54,24290187
1641306600,64.13,66.185,64.1,65.93,38584046
1641393000,66.5,67.61,66.48,66.75,34033275
1641479400,68,68.48,67.07,68.32,30668514
1641565800,68.52,69.18,67.98,68.88,23985401
1641825000,68.97,69.17,67.95,68.47,22760316
1641911400,68.89,71.4,68.58,71.35,32936140
1641997800,71.14,71.81,70.64,71.14,23045051
1642084200,71.12,71.58,70.31,70.63,21043176
1642170600,70.65,72.145,70.6,71.87,23012866
1642516200,72.82,73.88,72.01,73.08,32862824
1642602600,73.75,73.86,72.55,73.11,26431636
1642689000,72.5,74.37,72.26,73.27,26774550
1642775400,73.18,73.18,71.04,72.17,35120462
1643034600,70.88,73.08,69.805,72.79,41576131
1643121000,72.59,75.235,71.39,74.93,39278417
1643207400,75.43,76,73.49,74.17,35252385
1643293800,75.46,76.01,73.985,75.12,29174687
1643380200,74.97,75.62,73.95,75.28,30595660
1643639400,74.97,76.42,74.265,75.96,36085479
1643725800,76.45,81.51,76.27,80.83,61033081
1643812200,80.06,80.81,79.15,80.62,30299322
1643898600,80.09,80.31,79.02,79.68,28529399
1643985000,80.87,82.53,80.87,81.41,32197543
1644244200,81.14,83.08,80.64,82.39,34949215
1644330600,82.27,82.4962,79.92,80.26,34356264
1644417000,79.58,80.03,78.7051,79,40106115
1644503400,78.72,79.68,77.792,78.24,28527663
1644589800,78.62,80.32,78.23,80.21,42002092
1644849000,79.58,79.84,77.05,78.98,34652780
1644935400,76.9,78.19,76.42,77.99,25089507
1645021800,78.79,79.73,78.04,78.35,21733753
1645108200,78.48,79.12,77.95,78.23,23738816
1645194600,77.16,78.17,76.89,77.36,23394776
1645540200,79.67,79.79,75.31,76.46,35947769
1645626600,76.46,77.47,76.13,76.77,25385006
1645713000,79,79.03,74.03,75.8,46199851
1645799400,76.69,77.99,76.26,77.84,28310258
1646058600,76.51,78.93,76.2,78.42,32204637
1646145000,78.77,80.65,78.33,79.17,40002342
1646231400,80.6,82.15,79.82,80.53,44321369
1646317800,79.86,81.77,79.63,81.04,30196611
1646404200,81.05,84.275,80.66,84.09,42844527
1646663400,84.92,87.23,83.9,87.12,55207908
1646749800,89.05,91.505,85.43,87.78,72082261
1646836200,84.03,86.57,81.6,82.79,65466651
1646922600,84.01,85.68,82.9,85.36,44644244
1647009000,84.07,86.23,83.97,84.92,35303368
1647264600,83.06,83.45,80.5,81.88,37462621
1647351000,78.82,79.17,76.37,77.22,47957901
1647437400,77.81,78.62,76.25,76.93,37812299
1647523800,78.18,79.15,77.07,78.98,34041918
1647610200,79.06,79.3898,78.1,78.67,41461477
1647869400,80.12,82.515,79.74,82.2,33089287
1647955800,81.63,82.2,80.79,81.84,23132202
1648042200,83.34,84.27,83.05,83.13,27716309
1648128600,83.46,84.6499,82.75,83.38,19871630
1648215000,82.92,85.49,82.79,85.2,22408177
1648474200,83.17,83.31,82.02,82.81,21552383
1648560600,80.81,82.49,79.76,82.37,27036251
1648647000,83.06,84.01,82.71,83.78,22079009
1648733400,82.87,84.4,82.55,82.59,27861456
1648819800,81.99,84.14,81.99,83.12,18671077
1649079000,83.56,83.66,82.05,83.16,20880035
1649165400,83.5,85.07,82.555,82.73,21753103
1649251800,83.42,84.7,82.94,83.65,24768200
1649338200,83.83,85.44,82.71,85.05,26121980
1649424600,85.17,87.21,85.17,86.84,24866507
1649683800,85.78,85.93,83.5,83.85,21800100
1649770200,85.71,86.82,85.375,85.6,22444175
1649856600,86.61,87.11,85.19,86.81,19306829
1649943000,86.67,88.46,86.2323,87.83,24566440
1650288600,88.5,88.89,87.75,88.55,19032299
1650375000,88.01,88.66,87.27,87.76,20382626
1650461400,87.97,88.5,87.3,87.96,20689408
1650547800,88.95,89.8,86.79,87.03,29010859
1650634200,86.66,88.12,85,85.13,23591604
1650893400,82.37,82.655,79.29,82.26,37698264
1650979800,82.73,84.72,82.18,82.29,28941487
1651066200,83.39,85.475,82.28,84.64,32773024
1651152600,84.88,88.135,84.07,87.2,33683758
1651239000,88.14,88.14,84.7,85.25,34656462
1651498200,85.01,87.035,84.63,86.41,36335203
1651584600,86.26,88.78,86.12,88.19,33908096
1651671000,89.5,91.88,88.91,91.7,46188367
1651757400,92.04,92.05,88.39,90.31,41013416
1651843800,90.98,91.815,89.35,91.69,29619347
1652103000,89.44,89.56,84.02,84.46,45851625
1652189400,85.64,86.89,83.515,85.02,34483209
1652275800,86.43,88.94,86.28,86.79,33020628
1652362200,85.95,86.38,83.4,86.3,29491522
1652448600,87.36,88.945,86.345,88.86,25798443
1652707800,88.98,91.975,88.97,90.95,26101216
1652794200,91.73,92.45,91.12,92.11,23120664
1652880600,92.51,92.92,89.83,90.65,25451243
1652967000,89,92.3,89,91.14,24387369
1653053400,91.93,93.59,90.4,91.86,28795031
1653312600,92.66,94.77,92.55,93.89,27239334
1653399000,92.82,94.79,92.32,94.4,24293327
1653485400,94.58,96.53,94.47,96.3,29947847
1653571800,96.6,97.43,96.2019,96.64,24314829
1653658200,95.945,97.93,95.3,97.59,25588794
1654003800,98.56,99.775,95.705,96,44888128
1654090200,97.02,98.7124,96.62,97.84,25815365
1654176600,97.29,98.1,96.79,97.67,19089105
1654263000,97.9,99.66,97.9,99.09,21038164
1654522200,99.18,99.78,98.67,98.84,20682050
1654608600,99.7,103.43,99.49,103.37,37810233
1654695000,103.49,105.57,102.98,104.59,31613155
1654781400,103.42,104.57,102.16,102.33,26634335
1654867800,101.94,103.35,99.79,100.46,30958348
1655127000,97.52,97.77,93.92,95.85,33421049
1655213400,97.41,98.67,95.2702,96.1,31264024
1655299800,95.99,96.57,93.27,94.89,29620780
1655386200,92.41,93.13,90.28,91.39,35696748
1655472600,90.96,91.35,85.655,86.12,64610192
1655818200,88.58,92.53,88.52,91.48,35951458
1655904600,87.54,89.76,87.53,87.86,29769627
1655991000,88.66,89.05,83.52,85.21,35757209
1656077400,86.95,88.4,85.81,86.9,26638991
1656336600,87.81,90.04,87.67,89.03,25478683
1656423000,91.12,93.24,90.35,91.5,33123000
1656509400,92.98,93.2,87.755,88.12,25400938
1656595800,86.14,87.6,84.67,85.64,39948066
1656682200,86.74,87.88,84.71,87.55,26327857
1657027800,86.34,86.7,83.01,84.81,34601325
1657114200,83.76,85.23,81.01,83.28,33375726
1657200600,85.38,86.76,85.3,85.94,23817363
1657287000,86.95,87.3,84.93,86.08,17673819
1657546200,85.17,86.12,84.3601,85.64,15608348
1657632600,83.78,85.05,82.86,84.5,21013014
1657719000,83.38,86.3126,83.3,84.84,19928602
1657805400,81.85,83.31,80.69,83.14,26343031
1657891800,84.8,84.88,82.9,84.54,17243749
1658151000,86.58,87.9387,85.75,86.1,19395810
1658237400,86.415,88.52,86.25,88.27,18248903
1658323800,87.58,89.65,87.25,89.24,16584414
1658410200,86.93,87.8,85.21,87.75,21375666
1658496600,87.55,88.47,86.63,87.08,15479475
1658755800,88.16,90.13,87.42,89.98,17536371
1658842200,91.13,91.28,89,89.63,15141195
1658928600,90.28,92,89.4,91.57,18046956
1659015000,92.18,93.25,91.01,92.64,20353087
1659101400,94.45,97.515,94.1,96.93,29825829
1659360600,94.79,95.35,93.23,94.48,20793152
1659447000,94.69,95.2,93.82,94.07,16722504
1659533400,94.42,94.42,90.79,91.02,23580814
1659619800,90.31,90.34,86.43,87.19,31821467
1659706200,86.36,89.69,86.28,88.45,17408032
1659965400,88.61,89.6,88.22,88.95,14467146
1660051800,90.05,91.61,89.95,90.59,19083427
1660138200,90.68,91.7901,89.185,91.45,18301995
1660224600,91.84,94.3,91.4391,93.19,18797867
1660311000,92.48,94.02,92.11,94,15058217
1660570200,90.53,92.73,89.66,92.32,20755230
1660656600,92.03,92.89,91.29,91.46,14038213
1660743000,91.27,93.21,90.92,92.2,13678045
1660829400,93.15,95.31,93.09,94.38,17770365
1660915800,94.16,95.2,93.8,94.08,16128557
1661175000,93.42,94.4889,91.86,94.01,16019928
1661261400,95.55,98.41,95.45,98,23764738
1661347800,98.01,98.965,97.36,98.58,17050307
1661434200,98.92,99.86,98.1003,99.09,15305729
1661520600,98.77,99.91,97.42,97.87,15531368
1661779800,98.18,101.555,98.14,100.12,23059214
1661866200,98.36,98.62,95.82,96.31,17086838
1661952600,94.03,96.84,93.59,95.59,18340884
1662039000,94.42,95.065,92.2901,93.87,16422987
1662125400,96.35,96.79,95.11,95.59,18206807
1662471000,96.16,96.59,94.51,94.95,19201532
1662557400,93.19,94.5919,92.3,94.14,16274657
1662643800,94.66,95.42,93.72,94.91,18759208
1662730200,96.52,97,95.32,96.5,17161438
1662989400,97.65,99.19,96.8765,97.61,16118943
1663075800,96.61,97.78,94.91,95.33,18229124
1663162200,96.19,98.56,96.15,97.67,22655682
1663248600,96.22,96.54,94.05,94.83,21092271
1663335000,95.07,95.34,92,93.21,37874705
1663594200,91.01,93.49,91,93.2,15342110
1663680600,92.73,92.925,91.64,92.44,14712518
1663767000,93.57,93.88,90.87,90.95,17332419
1663853400,92.2,92.66,90.52,90.57,16139391
1663939800,87.5,87.5,84.85,85.75,27738816
1664199000,84.9,86.22,83.89,83.98,22043356
1664285400,85.61,86.955,84.81,85.74,17307293
1664371800,86.12,89.2999,85.92,88.86,19543315
1664458200,88.18,89.3582,87.13,88.68,17896011
1664544600,88.17,89.04,87.31,87.31,21357564
1664803800,90.04,92.36,89.72,91.92,23881332
1664890200,93.24,95.36,92.71,95.27,22133711
1664976600,95.75,99.99,95.66,99.12,34857698
1665063000,98.47,102.18,98.33,102.06,29124717
1665149400,102.19,103.315,100.18,101.03,24507647
1665408600,101.49,102.03,98.72,98.84,16786088
1665495000,97.22,99.76,96.75,98,17804127
1665581400,97.5,98.91,97.23,98.43,12635769
1665667800,97.55,102.45,97.4,101.87,22019142
1665754200,101.12,102.24,99.04,99.19,15229626
1666013400,101.07,101.97,100.5,100.62,14283231
1666099800,101.54,102.35,99.23,100.8,14065435
1666186200,101.25,103.99,101.23,103.79,20921704
1666272600,104.32,105,103.41,103.93,17649025
1666359000,104.45,106.4,103.905,105.86,22814149
1666618200,105.66,107.68,105.12,106.6,17024239
1666704600,106.41,107.33,105.07,105.88,15719805
1666791000,106.26,107.83,106,107.14,17390414
1666877400,108.41,109.58,107.42,107.55,18214023
1666963800,109.46,111.21,108.12,110.7,28169441
1667223000,109.5,112.91,109.44,110.81,26401838
1667309400,112.37,112.57,110.65,111.91,22213143
1667395800,111.58,112.1,109.31,109.61,20661778
1667482200,108.58,111.82,108.31,111.1,17103672
1667568600,113,113.5,110.8,112.31,17541462
1667831400,112.41,113.99,112.13,113.64,16008044
1667917800,113.48,114.6642,112.595,114,14661028
1668004200,113.1,113.28,108.57,108.9,19522755
1668090600,110.19,110.7,107.5701,110.5,20146732
1668177000,112.58,114.5,112.49,113.95,20518854
1668436200,112.63,114.64,112.49,113.37,20858291
1668522600,113.8,114.53,112.87,114.13,19373750
1668609000,113.44,114.2599,111.86,112.91,13590973
1668695400,111.29,113.2,110.75,113.06,12435740
1668781800,110.9,112.48,109.61,112.08,15415025
1669041000,109.99,111.2041,107.48,110.97,20972978
1669127400,112.21,114.47,111.43,114.18,17719088
1669213800,112.32,113.9488,112.1,113.61,11546685
1669386600,113.88,114.61,113.06,113.21,7136013
1669645800,110.66,111.46,109.62,109.81,23017671
1669732200,110.61,111.8,109.792,110.54,14453174
1669818600,111.54,111.9,109.78,111.34,23158059
1669905000,111.64,112.07,110.18,110.8,14398314
1669991400,109.51,111.71,109.2,109.86,15248385
1670250600,110.7,111.36,105.94,106.85,19287746
1670337000,105.9,107.04,103.145,103.88,21196977
1670423400,103.78,104.8548,102.37,103.65,20061729
1670509800,106.28,106.795,103.71,104.42,21128762
1670596200,104.59,105.95,103.3,103.54,21298194
1670855400,103.83,106.24,103.585,106.09,20413173
1670941800,107.8,108.54,107.02,107.25,24305345
1671028200,107.99,108.3,105.75,106.46,17597334
1671114600,105.33,106.17,103.7,105.44,15367888
1671201000,103.69,105.58,103.1301,104.7,54596623
1671460200,105.26,106.2,104.38,105.17,13611124
1671546600,105.17,107.51,105.07,106.69,14680004
1671633000,108.29,108.585,107.16,108.06,13565365
1671719400,107.89,108.19,104.1,105.88,13215496
1671805800,106.95,108.74,106.9,108.68,11539448
1672151400,109.27,110.465,108.83,110.19,11962058
1672237800,109.91,110,107.902,108.38,10702075
1672324200,107.99,109.72,107.99,109.2,10534028
1672410600,108.61,110.5,108.61,110.3,11799640
1672756200,109.78,110.02,105.49,106.51,15146168
1672842600,104.8,107.155,104.76,106.82,18058396
1672929000,106.34,109.95,106.31,109.21,15946559
1673015400,110.08,111.99,109.67,110.53,16348131
1673274600,111.64,111.64,107.81,108.47,17964591
1673361000,109.79,110.33,108.005,110.09,15104595
1673447400,110.99,111.45,109.085,111.37,16710366
1673533800,111.82,113.74,111.74,113.22,15357321
1673620200,113.11,113.49,112.16,113.15,12011358
1673965800,113.41,114.08,112.67,112.93,16542201
1674052200,113.26,114.12,110.3987,110.61,16399690
1674138600,110.07,112.13,109.58,111.32,12928021
1674225000,111.36,113.44,110.61,113.35,16515614
1674484200,113.64,114.59,112.64,112.76,16584422
1674570600,112.655,114.12,112.63,113.81,13583025
1674657000,113.23,113.65,111.39,113.21,11912947
1674743400,114.72,117.78,114.335,117.76,21019678
1674829800,116.95,117.67,115.39,115.61,15179207
1675089000,115.09,115.49,113.1519,113.56,18672053
1675175400,112.1,116.4,110.43,116.01,27861849
1675261800,115.83,117.38,113.34,114.74,19464873
1675348200,114.85,115.07,109.83,111.15,24562123
1675434600,111.9,114.11,111.56,111.92,20226609
1675693800,112.36,113.09,110.32,111.73,13855205
1675780200,112.39,115.31,112.021,114.92,16013314
1675866600,115.05,115.83,113.85,113.92,18459678
1675953000,114.62,116.24,114.18,114.35,17439311
1676039400,116.51,119.63,116.16,119.17,24918616
1676298600,117.72,118.18,115.9,117.8,14536241
1676385000,117.01,117.81,116.0169,116.42,12078992
1676471400,115.72,116.09,114.14,116.07,13673360
1676557800,115.31,116.78,114.8,115.73,11360604
1676644200,114.19,114.19,110.9799,111.28,20758331
1676989800,110.81,112.38,110.81,111.17,14469431
1677076200,110.48,110.97,108.64,109.73,13973841
1677162600,110.73,111.83,109.9,110.74,11289402
1677249000,109.33,110.96,109.02,110.75,14351036
1677508200,110.8,111.26,109.9601,110.55,11710453
1677594600,111.24,111.36,109.22,109.91,18107031
1677681000,109.31,111.86,109.24,110.89,13199955
1677767400,110.615,111.695,110.17,111.4,10343084
1677853800,110.05,113.37,109.95,112.81,13006713
1678113000,111.99,113.84,111.87,113.81,14347410
1678199400,112.81,113.17,111.17,111.61,11525289
1678285800,111.23,112.42,109.065,109.98,13509818
1678372200,110.87,112.23,109.03,109.13,12961244
1678458600,109.56,111.035,107.15,107.78,15796424
1678714200,105.34,107.86,103.72,106.54,20745625
1678800600,106.35,109.01,104.96,106.94,18263512
1678887000,102.82,104.2,100.2203,101.62,25733781
1678973400,99.11,101.68,98.02,101.03,27476785
1679059800,100.6,101.6149,99.14,99.84,43199470
1679319000,99.63,102.48,99.5,102.45,32042306
1679405400,104.17,107.28,104.13,107.04,31592310
1679491800,106.8,107.175,104.56,104.59,14952666
1679578200,105.36,106.34,102.44,103.41,14385865
1679664600,101.47,103.85,100.9132,103.53,13405812
1679923800,104.74,106.48,103.91,105.8,14805911
1680010200,105.44,107.65,105.19,107.12,11047587
1680096600,108.06,109.16,107.49,108.96,14219122
1680183000,109.55,109.57,108.52,109.49,11578171
1680269400,109.68,110.17,109.0499,109.66,14417961
1680528600,113.39,116.85,113.12,116.13,28087681
1680615000,116.26,116.7,114.17,115.02,16365489
1680701400,115.35,117,114.31,116.99,16479469
1680787800,116.86,117.18,114.77,115.05,15777957
1681133400,114.78,116.18,114.17,114.54,13006552
1681219800,114.96,116.1999,114.38,115.35,11758461
1681306200,116.16,116.59,114.93,115.23,10919022
1681392600,114.6,115.89,114.13,115.77,12399652
1681479000,115.9,116.66,115.12,116.05,11530828
1681738200,115.49,116.51,114.42,114.7,13260352
1681824600,114.39,117.21,114.3,116.94,17436140
1681911000,116.08,116.9,115.77,116.57,10682605
1681997400,115.125,115.68,113.2298,115.64,17038747
1682083800,116.49,116.88,115.26,116.01,14315329
1682343000,115.92,118.885,115.88,118.2,15831314
1682429400,117.55,117.74,115.63,116.52,12179825
1682515800,116.03,117.09,114.68,115.45,15566086
1682602200,115.62,117.01,114.8818,116.83,16279188
1682688600,117.25,119.92,116.83,118.34,24381946
1682947800,115.99,117.3,114.45,114.67,17354987
1683034200,113.94,113.94,109.29,110.1,24324102
1683120600,109.08,109.81,107.755,107.93,16212343
1683207000,107.9,108.75,105.91,106.04,17177150
1683293400,108.55,109.43,107.53,108.68,14968197
1683552600,110.5,110.97,109.04,109.11,11187752
1683639000,108.34,110.23,108.21,109.14,11370769
1683725400,109.74,110.01,106.71,107.74,14884793
1683811800,106.49,106.82,104.933,105.79,17165897
1683898200,106.31,107.01,104.775,105.78,12613254
1684157400,105.51,105.925,104.58,105.07,13715576
1684243800,104.63,104.81,102.02,102.52,14800200
1684330200,103.39,105.23,102.85,104.82,14064742
1684416600,104.55,105.91,104.13,105.77,12005609
1684503000,106.57,107.05,105.82,106.26,13359630
1684762200,105.84,107.04,104.88,104.97,12882000
1684848600,105.99,108.22,105.75,106.4,14394440
1684935000,107.38,108.51,106.73,107.59,16340293
1685021400,105.94,106.43,104.71,105.66,14316463
1685107800,106.47,106.95,104.8327,104.97,12370326
1685453400,103.29,104.12,102.61,104.04,11938025
1685539800,102.29,103.04,101.74,102.18,24926117
1685626200,101.75,105.58,101.26,103.36,13551936
1685712600,105.16,106.13,104.53,105.76,14112041
1685971800,107.19,107.29,105.09,105.29,12248272
1686058200,104.15,106.27,103.98,106.15,12209768
1686144600,106.79,108.89,106.73,108.53,16027086
1686231000,108.77,109.14,105.9,108.19,13517919
1686317400,108.455,108.61,107.16,107.39,12252531
1686576600,105.81,107.06,105.555,106.42,14115160
1686663000,107.38,108.34,106.275,106.44,13533780
1686749400,107.45,108.11,104.39,105.16,16627681
1686835800,105.5,107.03,105.44,105.89,16224117
1686922200,106.36,106.77,104.955,105.13,43128871
1687267800,104.68,104.77,102.12,102.72,17519379
1687354200,102.5,104.63,102.33,103.87,13285741
1687440600,102.84,103.885,102.65,103.3,12458807
1687527000,102.59,102.82,101.62,102.4,17933599
1687786200,102.2,104.905,102.2,104.29,14283407
1687872600,104.045,104.61,103.27,104.55,13227486
1687959000,104.305,105.82,103.2,105.4,13084062
1688045400,105.66,106.73,105.13,106.7,11364436
1688131800,107.32,107.875,106.8101,107.25,13544664
1688391000,107.49,108.46,107.07,107.46,7396992
1688563800,107.63,107.92,106.1,106.91,12491205
1688650200,105.09,105.72,102.43,102.92,17964883
1688736600,101.92,104,101.56,103.16,21929158
1688995800,102.97,104.75,102.75,104.69,14877615
1689082200,105.26,106.16,104.81,105.97,12581080
1689168600,107,107.65,106.13,106.49,13238236
1689255000,105.97,106.23,103.32,104.54,26826838
1689341400,104.05,104.05,100.53,100.94,28181920
1689600600,100.72,101.665,100.22,101.38,18055849
1689687000,100.92,102.2,100.34,100.92,24617795
1689773400,101.05,102.4,100.8,101.62,15556541
1689859800,102.535,103.66,102.36,103.41,15740202
1689946200,104.16,104.38,103.26,103.89,17121487
1690205400,104.36,106.16,103.96,105.52,15090856
1690291800,105.06,106.0901,104.54,105.68,14116084
1690378200,105.11,105.72,104.6391,105.09,15159624
1690464600,106,106.99,104.74,105.42,17677887
1690551000,105.11,105.16,102.32,104.16,17571675
1690810200,105.19,107.86,105.19,107.24,24200295
1690896600,106.95,107.32,105.53,106.62,14212939
1690983000,106.26,106.375,104.57,105.29,13489809
1691069400,105.89,107.88,105.3,107.12,16283107
1691155800,107.96,109.24,107.33,107.42,14279634
1691415000,107.9,108.42,106.505,107.2,12410827
1691501400,106.04,107.75,104.835,107.73,14065573
1691587800,108.71,110.415,108.31,109.56,19919601
1691674200,110.19,111.63,109.44,110.12,15837170
1691760600,110.37,112.07,110.05,111.83,14047044
1692019800,111.68,111.98,110.78,111.92,12973383
1692106200,110.745,110.86,107.965,108.16,14909578
1692192600,108.28,109.33,106.275,106.34,13695121
1692279000,107.42,110.145,107.42,108.4,16709544
1692365400,107.64,110.195,107.62,110.04,16223953
1692624600,110.36,110.9793,108.1416,108.71,11092380
1692711000,109.17,109.72,107.95,108.1,10520842
1692797400,107.04,107.3,105.72,107.15,11435553
1692883800,106.42,107.765,106.07,106.35,10818478
1692970200,107.43,108.93,106.62,108.25,13579304
1693229400,108.45,110.04,108.44,109.16,10382122
1693315800,109.66,110.02,108.42,109.81,9665010
1693402200,110.44,111.14,109.98,110.88,11922060
1693488600,111.12,111.4166,110.615,111.19,17479834
1693575000,112.2,113.82,112.2,113.52,14843482
1693920600,114.1,115.825,113.5,113.53,18304013
1694007000,113.48,114.59,113.23,114.51,13325542
1694093400,114.65,115.85,113.7,113.95,13248541
1694179800,114.53,116.05,114.32,115.61,14286483
1694439000,116.18,116.68,113.565,114.16,14383562
1694525400,115.34,117.665,115.27,117.49,20145761
1694611800,117.41,117.96,115.9,116.44,13472800
1694698200,117.55,118.66,117.33,118.52,15210701
1694784600,117.9,118.51,116.5,116.7,34568393
1695043800,117.53,118.24,116.7,117.64,14045311
1695130200,118.62,118.84,116.61,117.33,12569724
1695216600,116.54,118.02,116.32,116.4,11883207
1695303000,116.98,117.37,114.6,114.76,14409635
1695389400,115.705,116.68,114.805,114.94,13200212
1695648600,115.09,116.645,114.83,116.23,11316012
1695735000,115.5,116.73,115.37,116.41,11805429
1695821400,117.89,120.5,117.4,120.2,23976160
1695907800,119.98,120.7,118.19,119.47,16808116
1695994200,119.1,119.18,116.733,117.58,18813565
1696253400,117.53,117.79,114.55,115.63,14394999
1696339800,115.44,116.44,115.0341,115.83,13297056
1696426200,114.05,114.09,110.5018,111.5,19622226
1696512600,109.8,110.9,108.7,108.99,20128783
1696599000,105.73,108.27,105.11,107.17,25367466
1696858200,110.44,112.07,109.52,110.92,22369887
1696944600,111.02,111.45,110.12,110.45,13891952
1697031000,106.96,107.17,104.83,106.49,57939024
1697117400,107.59,107.84,106.09,106.47,31182957
1697203800,108.03,110.2,107.84,109.87,30290328
1697463000,110.5,110.68,109.13,109.95,18451996
1697549400,109.73,111.8,109.68,111.39,19775440
1697635800,111.82,113.39,111.7,112.95,23380266
1697722200,112.72,113.965,111.325,113.02,20972488
1697808600,112.92,113.32,110.79,111.08,22445269
1698067800,110.63,110.96,108.675,109.45,18184950
1698154200,109.7,109.82,108.12,108.39,16786108
1698240600,108.52,109.5,108.13,108.59,22047319
1698327000,107.45,108.34,106.495,107.6,18768285
1698413400,108.89,109.86,104.96,105.55,23092017
1698672600,105.74,106.42,105.2122,105.88,19379917
1698759000,105.58,106.16,104.54,105.85,22185150
1698845400,106.53,107.165,105.46,105.64,28984865
1698931800,105.88,109.19,105.5,109.11,25212686
1699018200,108.4,108.78,106.54,107.78,30555554
1699281000,108.17,108.27,105.77,105.87,19097267
1699367400,104.47,104.86,103.29,104.21,20272486
1699453800,103.73,104.9,102.89,102.93,19184067
1699540200,103.67,103.97,102.855,102.96,18380538
1699626600,103.93,104.41,102.905,103.75,17831341
1699885800,104.05,105.135,103.805,104.84,15308382
1699972200,104.3,104.815,103.87,104.29,18260516
1700058600,103.96,105.15,103.5,103.66,20137561
1700145000,102.9,103.27,101.15,102.46,22469073
1700231400,103.06,105.43,102.75,104.96,22991823
1700490600,105.38,105.88,104.43,104.5,17464016
1700577000,104.21,104.695,103.215,104.46,14988984
1700663400,102.58,104.12,101.94,104.01,18073240
1700836200,104.02,105.465,103.91,104.57,9480768
1701095400,104.1,104.4,103.18,103.96,18013518
1701181800,104.24,104.91,103.88,103.9,20629512
1701268200,104.27,104.58,101.64,102.34,26802092
1701354600,103.11,104.4778,101.81,102.74,29254687
1701441000,102.5,104.22,102.22,102.99,17845276
1701700200,102.13,103.36,101.59,102.43,21523942
1701786600,102.27,102.34,100.29,100.44,22250251
1701873000,100,100.72,98.34,99.11,31154792
1701959400,99.86,100.835,98.09,98.42,29990727
1702045800,99.02,99.7867,98.75,99.55,22074945
1702305000,99.8,99.86,98.58,99.62,22252250
1702391400,98.68,98.68,97.48,98.05,26083964
1702477800,98.04,99.03,97.655,98.92,19915444
1702564200,99.85,102.135,99.72,101.58,26165653
1702650600,100.59,101,100.31,100.9,55527018
1702909800,102.13,103.11,101.52,101.65,21610428
1702996200,102,103.19,101.79,102.99,18904662
1703082600,103.5,103.94,101.125,101.27,20988863
1703169000,101.47,102.005,100.805,101.73,19250933
1703255400,102.31,102.94,101.82,101.91,12927831
1703601000,102.74,103.03,102.115,102.14,16835144
1703687400,102.04,102.55,101.335,101.66,14558830
1703773800,101.39,101.61,100.13,100.19,16329252
1703860200,100.37,100.59,99.62,99.98,17746408
1704205800,100.92,103.1,100.85,102.36,23483049
1704292200,102.27,103.62,101.66,103.22,23490779
1704378600,104.08,104.57,102.05,102.32,19395154
1704465000,103.17,103.3987,102.125,102.63,15827392
1704724200,100.73,101.04,98.9,100.92,23370127
1704810600,101.29,101.29,99.19,99.67,19496647
1704897000,99.8,99.8,98.16,98.69,18206088
1704983400,99.04,99.5,98.56,98.67,15833360
1705069800,100.14,100.65,99.1703,99.95,18041683
1705415400,99.82,100.01,97.53,97.69,20235699
1705501800,96.6,97.96,96.58,96.98,18384015
1705588200,97,97.09,95.82,96.8,20940275
1705674600,96.72,97.0156,96.41,96.95,20088432
1705933800,96.7,97.095,95.77,96.82,19955946
1706020200,96.81,98.5,96.73,97.91,15863433
1706106600,98.32,99.65,97.74,99.6,17330646
1706193000,100.31,102.18,99.615,102.13,22089510
1706279400,101.97,103.08,101.1901,103,20817240
1706538600,102.98,103.2,101.86,103.13,18317549
1706625000,102.41,104.88,102.1,104.85,19610934
1706711400,104.74,104.88,102.7714,102.81,22415291
1706797800,103.57,104.01,101.62,102.39,19240687
1706884200,103.75,104,101.611,101.97,21973405
1707143400,101.45,102.38,100.5,101.55,17190890
1707229800,102.07,103.04,101.57,102.25,13353286
1707316200,102.25,102.73,101.18,102.22,13826832
1707402600,102.34,104.42,102.11,103.97,19636898
1707489000,104.1,104.84,101.7,101.77,20410510
1707748200,102.16,103.4,102,103.17,18173061
1707834600,102.76,103.09,100.6,101.34,18917431
1707921000,101.87,102.615,100.42,100.84,17651253
1708007400,100.6,103.935,100.6,103.73,23196310
1708093800,104.01,104.63,103.52,103.73,20151426
1708439400,103.84,104.12,102.645,102.75,17650010
1708525800,103.02,104.98,102.99,104.85,20999189
1708612200,104.16,105.41,103.45,104.76,20470668
1708698600,103.88,104.09,102.88,103.84,15975888
1708957800,103.72,104.935,103.05,104.25,13360800
1709044200,104.68,105.15,103.85,104.03,16359978
1709130600,104.47,105.43,104,104.32,14810486
1709217000,104.675,105.07,104.215,104.52,17566066
1709303400,105.72,106.39,105.375,105.84,18460120
1709562600,105.66,105.85,104.03,104.36,18137989
1709649000,104.53,106.27,104.32,105.64,19952712
1709735400,106.62,107.57,106.15,106.77,20472790
1709821800,106.6,107.98,106.6,107.37,15195406
1709908200,107.23,108.4,106.77,108.38,16281468
1710163800,108.25,109.12,107.34,109.02,17577285
1710250200,109.06,109.28,108.025,108.32,14957247
1710336600,109.14,110.35,109.1101,109.53,17122239
1710423000,109.83,111.55,109.69,111.47,22121014
1710509400,110.85,112.3,110.85,111.27,38264401
1710768600,111.79,112.86,111.1,112.3,16770462
1710855000,112.22,113.485,112.06,113.09,14878756
1710941400,112.72,113.4,112.13,112.99,16119703
1711027800,112.92,113.91,112.57,113.49,14878022
1711114200,113.48,113.685,112.8239,113.49,14701933
1711373400,113.83,115.775,113.83,114.65,14011734
1711459800,114.66,114.98,113.41,113.79,13152287
1711546200,113.48,115.06,113.41,114.97,12415674
1711632600,115.53,116.45,115.06,116.24,18482055
1711978200,116.41,117.24,115.38,116.99,13816996
1712064600,117.92,119.6,117.33,119.28,19919643
1712151000,119.48,119.7479,118.73,119.3,16504307
1712237400,119.05,119.88,118.64,119.72,18467362
1712323800,119.98,122.15,119.64,121.37,21720591
1712583000,121.08,121.735,120.205,120.55,17513939
1712669400,121,121.6492,120.34,121.18,14135720
1712755800,121.22,122.47,120.73,122.2,17409184
1712842200,122.69,122.69,120.34,121.79,17555869
1712928600,122.95,123.75,119.67,120.37,21556218
1713187800,121.09,121.69,119.45,119.68,15029528
1713274200,119.555,120.22,117.92,118.69,18082228
1713360600,118.55,119.35,117.12,118.63,14538577
1713447000,119,119.72,117.97,118.52,13821356
1713533400,119.155,120.925,118.95,119.88,21572367
1713792600,119.26,121.565,118.43,120.56,16340694
1713879000,120,121.06,119.45,121.03,13929816
1713965400,120.3,121.255,119.39,121.05,12101161
1714051800,121.03,121.76,119.4,121.33,16041029
1714138200,119,119.1,116.22,117.96,27289468
1714397400,117.76,120.05,117.76,119.64,17343755
1714483800,119.11,120.2,117.98,118.27,21083294
1714570200,118.28,118.47,115.66,116.03,27789759
1714656600,116.26,117.26,115.9,116.24,25513648
1714743000,116,116.07,114.13,116,28023313
1715002200,116.67,118.34,116.4,116.75,31401260
1715088600,117.28,117.58,115.93,116.17,30121973
1715175000,115.71,116.9542,115.41,116.15,18957166
1715261400,116.2,118.53,116.19,118.44,17563975
1715347800,118.54,118.66,117.58,117.96,13648130
1715607000,118.42,119.04,117.12,117.91,15060619
1715693400,116.79,117.74,116.48,117.67,15079131
1715779800,117.61,118.84,116.08,118.58,18244303
1715866200,118.54,119.3,117.54,117.87,15745202
1715952600,118.3,119.83,117.96,119.64,15104469
1716211800,119.73,119.89,118.55,118.67,11551250
1716298200,118.4,119.45,117.78,117.85,14494980
1716384600,117.46,117.46,114.96,115.48,17879252
1716471000,115.6,117.51,113.36,113.51,15979835
1716557400,114.84,115.08,113.035,113.42,12212949
1716903000,113.52,115.11,113.07,114.86,13978305
1716989400,114.525,114.545,112.81,113.63,13902001
1717075800,113.27,114.13,112.955,113.99,14691976
1717162200,114.12,117.49,113.99,117.26,29037378
1717421400,116.3,116.36,113.76,114.45,19589338
1717507800,113,113.09,110.92,112.67,19412238
1717594200,112.89,113.19,111.48,113.12,14863516
1717680600,112.75,114.04,112.11,113.97,13154094
1717767000,113.79,114.895,112.6735,112.75,13289196
1718026200,113.06,114.2199,112.7,113.08,15245227
1718112600,112.49,112.6701,111.31,112.17,12462403
1718199000,113.3,113.3,110.54,110.93,13606788
1718285400,110.84,110.86,109.72,110.04,14466868
1718371800,110.02,110.207,108.59,109.11,13313430
1718631000,109.17,109.46,108.18,108.36,21152036
1718717400,109.03,110.72,108.8,109.38,17762915
1718890200,109.91,112.62,109.59,111.74,17433192
1718976600,111.9,112.695,110.76,110.76,52220574
1719235800,111.64,114.525,111.64,114.05,16266688
1719322200,114.11,114.55,113.455,114.37,16213682
1719408600,114.39,114.815,113.14,114.41,15771751
1719495000,114.99,114.99,114.11,114.9,16812731
1719581400,115.86,116.54,114.675,115.12,24565910
1719840600,115.71,116.74,114.53,114.96,11972881
1719927000,115.9,115.94,113.49,114.18,13326703
1720013400,114.27,115.66,114.27,114.76,7732928
1720186200,114.61,114.63,112.685,113.37,12630986
1720445400,112.39,113.55,111.42,112.18,13350549
1720531800,111.11,112.54,110.62,110.94,11729085
1720618200,110.92,111.96,110.42,111.92,10004094
1720704600,111.43,113.315,110.93,113.25,13084875
1720791000,113.99,114.15,112.63,113.27,11684946
1721050200,114.27,116.16,113.575,115.21,13032503
1721136600,114.35,116.35,113.71,116.04,13614050
1721223000,116.74,118.175,116.55,117.64,13602766
1721309400,117.95,119.92,117.435,118.8,13033563
1721395800,118.59,118.8793,115.87,116.07,16157707
1721655000,115.18,115.94,114.58,115.27,12065877
1721741400,114.81,115.17,113.17,113.41,11251733
1721827800,113.765,115.2,113.065,115.01,14925184
1721914200,115.17,118.03,114.56,117.43,17021698
1722000600,116.77,118.03,116.47,117.33,11252479
1722259800,117.32,117.39,115.38,116.1,8861806
1722346200,116.36,118.595,116.23,118.17,12483857
1722432600,119.64,119.76,118.56,118.59,15137710
1722519000,118.35,119.49,116.36,116.95,15051482
1722605400,115.97,118.87,115.42,116.88,20403773
1722864600,115.54,116.03,113.25,114.77,18025858
1722951000,114.45,115.63,113.63,114.16,13647778
1723037400,115.45,117.119,115.26,115.68,13660657
1723123800,116.08,118.105,115.73,117.89,13850993
1723210200,117.885,119.31,117.36,118.85,12151867
1723469400,119.55,120.1699,118.02,119,13228911
1723555800,118.275,118.51,117.5,117.86,11585067
1723642200,118.1,119.9,117.63,118.95,12194520
1723728600,118.25,119.63,118.12,118.73,11579432
1723815000,117.99,118.48,117.66,118.17,10056024
1724074200,118.4,120.5,118.17,118.53,12417467
1724160600,118.65,118.65,114.51,114.58,15631967
1724247000,115.01,115.57,113.76,113.85,11752358
1724333400,113.78,115.01,113.635,114.73,10609501
1724419800,115.025,116.72,115.025,116.32,10381431
1724679000,117.76,118.94,116.92,118.81,13671016
1724765400,118.96,119.41,117.4,117.68,9991631
1724851800,117,117.58,116.26,116.52,10742867
1724938200,117.2,118.79,116.35,118.13,10753895
1725024600,116.79,118.02,116.29,117.94,13284689
1725370200,115.84,116.09,114.04,115.47,15725139
1725456600,115.29,116.15,113.975,114.06,12620584
1725543000,115.07,115.28,113.07,113.17,17200770
1725629400,113.59,114.18,111.732,112.64,13467747
1725888600,112.87,116.15,112.66,115.01,21645325
1725975000,115.1,115.4,110.17,110.82,20913405
1726061400,110.775,110.95,107.77,109.72,19571945
1726147800,109.9,111.33,109.7609,111.23,15923318
1726234200,111.47,112.47,110.93,111.15,10035392
1726493400,112.05,113.085,111.69,112.71,11729034
1726579800,112.32,114.37,112.12,114.18,12202556
1726666200,114.11,115.63,113.81,114.58,12569929
1726752600,116.16,117.575,115.19,116,12660642
1726839000,115.46,115.51,114.25,115.27,36206195
1727098200,115.33,117.793,115.12,117.36,16066285
1727184600,117.84,118.16,116.83,117.05,11984863
1727271000,116.485,117.05,114.04,114.77,13816041
1727357400,111.14,113.48,111.14,112.8,16887908
1727443800,113.76,116.09,113.25,115.82,15963973
1727703000,115.46,117.39,114.96,117.22,13250657
1727789400,116.04,120.6,115.93,119.93,23235878
1727875800,121.93,122.82,120.2,121.52,17129676
1727962200,121.9,123.17,120.929,122.58,16524334
1728048600,123.2,125.19,122.43,124.83,19759207
1728307800,125.25,126.34,124.86,125.37,15714440
1728394200,123.88,124.02,121.26,122.04,14818475
1728480600,120.9,122.5799,120.8,122.09,11144864
1728567000,123.16,123.7013,122.29,123.14,10243320
1728653400,123.1,124.0339,122.94,123.61,8294839
1728912600,123.24,124.26,122.615,124.08,9808122
1728999000,120.82,121.95,119.78,120.35,15771317
1729085400,120.89,121.435,120.6,120.66,8426770
1729171800,120.76,121.58,119.71,120.35,11204857
1729258200,120.44,120.64,119.15,120.01,12898640
1729517400,120.98,121.48,119.72,120.08,10177777
1729603800,120.26,121.19,119.94,120.7,9201408
1729690200,119.97,120.75,119.4,120.27,8320330
1729776600,120,120.44,119.125,119.59,9905556
1729863000,120.2,120.43,119.315,119.49,10714583
1730122200,116.79,119.01,116.77,118.9,11844545
1730208600,118.58,119.1719,117.0701,117.28,14731024
1730295000,117.66,118.27,116.48,116.69,12303738
1730381400,117.15,118.67,116.68,116.78,20511977
1730467800,119.93,119.95,114.84,114.95,20939321
1730730600,116.07,118.7,115.93,118.61,14965433
1730817000,119.08,119.21,118.01,118.96,10436744
1730903400,121.145,121.91,119.3,121,20807681
1731076200,120.98,121.42,119.66,121.11,12835969
1731335400,121,121.62,120.07,120.47,11969663
1731421800,121.13,121.31,119.8365,120.35,11972802
1731508200,120.565,122.05,118.8,121.47,15127877
1731594600,121.66,121.88,120.33,120.56,13041845
1731681000,120.4,121.24,119.13,119.31,19051713
1731940200,119.79,120.62,119.27,120.31,14243701
1732026600,119.75,119.75,118.2,118.63,11584382
1732113000,119.17,120.47,118.64,120.32,11360932
1732199400,121.08,122.5547,120.27,121.93,14675422
1732285800,121.82,123.21,121.64,121.79,13323431
1732545000,121.43,121.88,119.61,119.97,26580295
1732631400,119.53,119.68,117.845,117.97,14827327
1732717800,118.09,118.73,117.43,117.66,11079122
1732890600,117.44,118.5,116.95,117.96,9426499
1733149800,118.05,118.2,116.82,117.85,12687317
1733236200,118.72,118.72,117.255,117.67,11756566
1733322600,117.5,117.55,113.8612,114.28,19520583
1733409000,114.71,115.62,114.06,114.78,15751204
1733495400,114.54,114.77,113.5,113.57,16171066
1733754600,114.64,114.94,112.745,112.9,17412565
1733841000,113.585,113.88,111.75,112.67,20990943
1733927400,112,112.39,111.11,111.92,32392238
1734013800,111.59,112.38,110.78,111.82,14543256
1734100200,111.899,111.899,110.25,110.84,13106079
1734359400,110.2,110.4,108.16,108.47,20256088
1734445800,107.235,108.17,106.7869,108.01,17553995
1734532200,107.57,108.83,106.31,106.42,17114542
1734618600,107.39,107.67,105.21,105.51,20565557
1734705000,105.45,106.135,104.84,105.87,40141153
1734964200,105.31,106.6,104.92,106.3,12285078
1735050600,106.52,107.19,105.7,106.4,7806997
1735223400,106.52,107.03,105.94,106.49,9653408
1735309800,106.3,107.99,105.77,106.48,11943906
1735569000,106.3,106.56,105.51,105.76,11080770
1735655400,106.17,107.9,105.78,107.57,12387756
1735828200,108.275,109,106.88,107.31,12685447
1735914600,108,108.49,107.46,107.86,14237885
1736173800,108.24,109.78,107.52,107.74,15623677
1736260200,108.94,110.06,108.28,108.75,12625890
1736346600,107.31,107.71,106.01,106.93,17858110
1736519400,108.7,110.1,105.78,106.54,19304499
1736778600,107.125,109.63,107.125,109.29,17073395
1736865000,108.79,109.76,107.83,109.72,11191175
1736951400,110.05,111.73,109.47,111.51,14521095
1737037800,111.19,111.69,110.55,111.32,10366585
1737124200,111.03,112.8651,110.82,112.32,19298504
1737469800,112.05,112.175,111.1305,111.47,20416286
1737556200,111.2,111.57,109.4,109.53,15718012
1737642600,110.31,111.1425,109.61,110.15,13726784
1737729000,110.24,110.71,108.41,108.66,14235885
1737988200,109.01,110.4506,108.39,110.17,15926670
1738074600,110.41,110.87,107.79,108.04,15862029
1738161000,107.71,108.78,107.47,108.67,12345523
1738247400,109.24,109.85,108.7,109.57,14346335
1738333800,110.55,110.55,106.095,106.83,20381446
1738593000,106.64,107.3,105.3225,107.09,14623197
1738679400,106.705,110.28,106.53,109.96,14835692
1738765800,109.74,110.01,109.1,109.88,13364387
1738852200,110.77,111.05,107.985,108.43,13411401
1738938600,108.78,109.7304,108.32,108.89,10051626
1739197800,110.005,111.03,109.875,110.97,12142197
1739284200,111.6,112.51,110.82,111.565,9080587
1739370600,110.05,110.2269,107.18,107.35,18244122
1739457000,107.15,108.41,106.52,108.13,15459952
1739543400,108.52,110.23,108.1,108.24,15733529
1739889000,108.63,110.99,108.32,110.14,20060298
1739975400,110.755,112.13,110.055,110.3,10964698
1740061800,110.57,112.42,109.95,112,16325803
1740148200,111.32,111.85,110.56,110.69,14709985
1740407400,110.925,111.86,110.32,111.27,13153471
1740493800,111.3,112.13,108.8902,109.73,14496964
1740580200,109.74,109.87,108.52,109.46,10446405
1740666600,110.01,111.29,109.28,110.15,15293173
1740753000,110.11,111.58,109.34,111.33,18821665
1741012200,111.7,112.1563,106.51,107.76,18706879
1741098600,106.36,108.96,105.94,107.54,19394905
1741185000,105.84,106.33,103.67,105.44,24822245
1741271400,105.43,108.11,104.36,107.62,17150233
1741357800,108.41,110.4,108.3,109.02,19624965
1741613400,109.275,112.565,109.08,111.8,22749073
1741699800,111.92,112.1,108.785,109.09,13668262
1741786200,109.05,110.13,108.42,109.13,14051500
1741872600,108.33,110.82,107.625,108.67,17767836
1741959000,108.94,112.18,108.31,111.9,15890063
1742218200,111.8,114.495,111.73,113.76,19908789
1742304600,114.09,114.54,112.57,113.64,15998713
1742391000,114.2,115.815,113.83,115.41,17315001
1742477400,114.72,116.47,114.2125,115.9,16230772
1742563800,115.5,115.99,114.35,115.5,41102795
1742823000,115.68,116.91,115.58,115.8,14207469
1742909400,116.43,117.635,115.9628,116.59,12081795
1742995800,117.68,119.18,117.68,118.27,14112756
1743082200,118.1,119.07,117.258,117.89,12740786
1743168600,118.1,118.46,117.235,117.73,10233433
1743427800,117.79,119.905,117.79,118.93,21652345
1743514200,119.22,119.28,117.93,119.04,12425434
1743600600,118.39,118.84,117.66,118.67,12614605
1743687000,114.37,115.45,112.2315,112.43,21204636
1743773400,109.865,110.83,103.83,104.34,30841318
1744032600,100.39,105.8,98.46,102.94,35068450
1744119000,105.455,105.6,99.01,100.77,27147750
1744205400,99.37,106.58,98.13,105.8,30063287
1744291800,103.71,103.78,97.8,99.93,33999317
1744378200,100.3,103.93,98.79,103.14,22884628
1744637400,105.03,105.09,102.7205,103.39,18019969
1744723800,103.635,105.405,103,103.1,13164863
1744810200,103.95,105.59,103.695,104.19,13607024
1744896600,104.69,108.55,104.46,106.92,17916471
1745242200,105.61,105.63,104.12,105.35,16926493
1745328600,106.14,108.94,106.14,108.3,13147049
1745415000,108.81,109.3,106.47,107.37,14235710
1745501400,107.97,108.88,106.96,108.63,9849553
1745587800,108.14,108.755,107.42,108.57,11245793
1745847000,108.75,109.2497,107.68,108.63,13890869
1745933400,107.74,108.8299,107.5212,108.36,9483135
1746019800,107.415,107.415,104.15,105.63,20379282
1746106200,105.095,106.92,104.98,105.78,18610256
1746192600,107.72,109,104.55,106.21,16581870
1746451800,104.65,104.6575,103.07,103.27,19623970
1746538200,103.89,105.98,103.48,104.71,16303449
1746624600,104.99,105.29,104.07,104.61,12335924
1746711000,105.34,107.385,105.34,106.07,19196548
1746797400,107.14,107.745,106.38,107.31,10992080
1747056600,110.27,110.44,108.32,109.16,14244559
1747143000,109.32,110.51,109.02,109.46,13350836
1747229400,108.86,108.86,107.93,108.48,15494932
1747315800,106.49,108.65,105.97,108.58,15004291
1747402200,108.65,108.89,107.45,108.19,14042535
1747661400,107.57,107.57,105.719987,106.47,16802719
1747747800,106.39,106.715,104.775,104.95,12429321
1747834200,104.53,104.965,103.64,103.66,16716079
1747920600,103.06,103.47,101.89,102.97,13417378
1748007000,102.595,103.47,102.07,103.03,12061606
1748352600,103.49,103.855,102.9,103.52,13043604
1748439000,104.29,104.43,101.7918,102.11,14292377
1748525400,102.28,102.845,101.75,102.69,13832487
1748611800,102.16,102.39,101.185,102.3,28645787
1748871000,103.75,103.85,102.22,103.05,17290462
1748957400,102.9,104.66,102.21,103.8,19194335
1749043800,103.915,104.92,102.3,102.3,15648515
1749130200,102.98,103.05,101.73,101.83,13942218
1749216600,102.76,104.5,102.675,104.27,15487844
1749475800,104.33,105.845,103.83,104.97,17087328
1749562200,106.075,107.645,105.9272,107.22,17634793
1749648600,107.76,109.39,106.46,109.31,22648191
1749735000,108.92,110.19,108.22,109.73,17469408
1749821400,112.35,112.53,110.68,112.12,28540165
1750080600,111.82,113.16,111.13,112.48,22986113
1750167000,113.95,114.93,113.11,114,19451701
1750253400,114.61,115.24,112.94,113.19,17968893
1750426200,113.45,115.035,113.18,114.7,36273288
1750685400,116.7,116.95,111.16,111.74,26631056
1750771800,109.25,110.94,107.91,108.34,24828277
1750858200,108.11,109.24,107.7,108.37,17483231
1750944600,108.94,110.435,108.55,109.99,18304841
1751031000,109.935,110.1,108.37,109.38,22002079
1751290200,108.64,108.84,107.72,107.8,19199048
1751376600,108.13,109.64,107.15,109.24,15536896
1751463000,110,111.36,108.825,111.05,11892160
1751549400,110.86,112.47,110.6187,112.2,11223580
1751895000,111.54,112.05,110.2226,111.11,15415889
1751981400,110.885,114.46,110.85,114.19,17913404
1752067800,113.92,114.27,113.27,113.8,10652062
1752154200,113.71,115.27,113.07,114.93,14903884
1752240600,114.85,115.76,114.5053,115.43,11683884
1752499800,115.225,115.225,113.22,113.92,13220303
1752586200,113.66,114.055,112.595,112.91,10959347
1752672600,112.875,113.5,112.1,112.23,11158852
1752759000,111.49,112.23,111.09,111.66,13151446
1752845400,111.11,111.73,107.34,107.77,32366594
1753104600,107.6,108.77,107.44,108.05,17010405
1753191000,107.98,109.44,107.61,108.54,13970885
1753277400,108.93,110,108.85,109.93,12002687
1753363800,109.66,110.95,109.125,110.79,15647208
1753450200,110.73,110.98,109.7,110.4,10548938
1753709400,111,112.1078,110.84,111.44,12352966
1753795800,111.9,113,111.41,112.88,15927998
1753882200,112.41,112.61,111.26,111.9,12996905
1753968600,110.36,112.495,110.36,111.64,17233744
1754055000,112,112.54,108.86,109.64,19652030
1754314200,109.22,109.92,107.085,107.37,19129474
1754400600,107.22,107.8151,106.07,107.24,21314254
1754487000,108.305,109.05,106.37,106.51,15321811
1754573400,107.14,108.06,105.89,105.95,13468287
1754659800,106.5,107.51,105.95,106.8,14417734
1754919000,107.11,107.5346,105.525,105.83,13570661
1755005400,106.34,107.28,105.78,106.13,14113216
1755091800,106,107.6,105.74,107.6,17958695
1755178200,107.55,107.59,106.441,107.38,13683472
1755264600,106.19,107.56,105.95,106.49,19271861
1755523800,106.1,107.2276,105.67,106.72,13040018
1755610200,106.2,107.46,106.15,107.42,16113611
1755696600,107.88,109.33,107.68,108.53,18959716
1755783000,108.42,109.565,107.96,109.23,12194897
1755869400,109.6,111.41,109.6,111.28,13586668
1756128600,110.9,111.92,110.54,111.74,9744897
1756215000,111.37,111.81,110.355,111.49,18143880
1756301400,111.42,112.98,111.42,112.75,15262630
1756387800,112.87,113.645,112.07,113.35,14189829
1756474200,113.715,114.79,113.58,114.29,14597872
1756819800,114.18,115.24,113.33,114.69,15206667
1756906200,113.97,114.43,111.46,111.91,14920087
1756992600,112.105,113.125,111.38,112.4,12864438
1757079000,111.6,111.78,109.02,109.23,16826692
1757338200,109.73,110.045,108.35,109.85,15440513
1757424600,110.525,112.51,110.525,110.65,14899502
1757511000,111.16,112.56,110.84,112.5,15837583
1757597400,111.4,112.765,110.87,112.14,11534502
1757683800,112.86,113.22,111.875,112.16,11105690
1757943000,112.18,112.455,111.315,112.35,12880487
1758029400,112.955,115.315,112.775,114.68,17208044
1758115800,114.525,115.485,114.05,115.29,13302030
1758202200,115.17,115.35,113.4,113.93,14628726
1758288600,113.9,113.98,112.64,112.82,38746517
1758547800,112.45,112.8,111.56,112.02,15611495
1758634200,112.72,114.7488,112.475,113.95,25369106
1758720600,114.57,115.76,114.47,114.56,14756050
1758807000,114.64,115.8999,114.41,115.59,15012553
1758893400,115.96,118.36,115.92,117.22,18568916
1759152600,116.06,116.5,113.665,114.22,19189260
1759239000,113.35,113.49,111.9393,112.75,18076211
1759325400,112.56,113.02,111.2925,111.99,16613992
1759411800,111.97,113.09,111.025,111.29,13062563
1759498200,111.9,113.745,111.9,113.26,12950118
1759757400,113.29,114.77,113.18,114.2,12036830
1759843800,114.07,114.51,111.74,114.26,11945032
1759930200,114.38,115.01,113.41,114.02,12300968
1760016600,114.425,115.51,112.735,112.91,10976215
1760103000,112.255,112.62,110.71,110.73,13811577
1760362200,111.54,112.3,111.315,112.24,10296499
1760448600,110.755,112.962,110.71,112.29,11167154
1760535000,112.8,113.57,110.97,111.61,12182935
1760621400,111.88,112.19,110.385,110.64,11782202
1760707800,111.63,112.91,111.18,112.24,13460069
1760967000,112,113.15,111.98,112.7,9523617
1761053400,112.89,113.3601,111.99,112.71,9202349
1761139800,113.45,115.18,113.08,114.71,12938790
1761226200,116.63,116.85,115.36,115.98,15001088
1761312600,116.35,116.47,115.18,115.39,9919409
1761571800,115.695,115.985,115.1,115.94,10975412
1761658200,115.49,116.18,114.99,115.03,9535211
1761744600,114.92,117.05,114.81,116.45,12570572
1761831000,116.425,116.52,114.53,114.69,16172943
1761917400,113.975,115.225,112.6225,114.36,20213352
1762180200,114.5,114.99,113.64,113.76,12290304
1762266600,113.38,114.3501,112.51,114.14,16860741
1762353000,114.09,115.18,113.67,113.68,12400921
1762439400,113.64,114.935,113.64,114.5,14219654
1762525800,115.21,117.505,114.9,117.22,17181149
1762785000,117.44,118.45,115.455,118.22,13047958
1762871400,118.83,120.8099,118.83,119.78,16077101
1762957800,119.1,119.28,117.79,118.12,13790889
1763044200,118.63,119.76,118.28,118.79,17291874
1763130600,118.45,119.48,116.6564,119.29,17064267
1763389800,118.97,119.5,117.11,117.68,16034860
1763476200,117.26,119.48,116.48,119.03,15808518
1763562600,116.85,118.18,115.93,117.35,15919239
1763649000,117.98,119.005,116.74,117.02,14401011
1763735400,116.99,117.38,115.65,117.08,15667596
1763994600,117.2,117.2,114.74,115.97,18034923
1764081000,115.18,115.9,114.19,114.51,14434558
1764167400,114.41,115.7391,114.31,114.77,11650597
1764340200,114.95,118.74,114.82,115.92,7240825
1764599400,116.1,117.41,116.1,116.63,12658100
1764685800,116.44,116.6,114.69,115.38,14607704
1764772200,115.945,117.98,115.875,117.8,16819130
1764858600,117.5,118.34,116.66,117.14,13686897
1764945000,116.75,118.775,116.41,116.54,12516864
1765204200,115.83,117,115.04,115.98,14904164
1765290600,116.9,120.47,116.89,118.25,23790815
1765377000,118.725,119.865,118.37,119.54,19845192
1765463400,119.11,120.36,119.065,119.54,14781787
1765549800,119.44,119.92,118.31,118.82,14459538
1765809000,119.01,119.03,116.85,117.76,16358669
1765895400,116.765,116.84,114.61,114.68,17638716
1765981800,115.21,117.62,115.17,117.41,18502152
1766068200,116.99,116.99,115.63,116.54,13705560
1766154600,116.75,117.57,115.955,116.69,45412814
1766413800,117.335,118.46,117.335,118.15,11768611
1766500200,118.47,120.03,118.32,119.42,12567630
1766586600,119.33,120.05,119.1177,119.22,6137406
1766759400,118.885,119.55,118.53,119.11,8066129
1767018600,120.15,121.2998,119.4,120.53,14782512
1767105000,121.1,121.796,120.63,120.99,11150486
1767191400,121.18,121.26,119.865,120.34,10559866
1767364200,120.09,122.68,119.6067,122.65,14175055
1767623400,125.21,125.93,122.39,125.36,30112238
1767709800,125.35,125.8,121,121.05,23328636
1767796200,119.8,120.12,118.274,118.49,20352950
1767882600,118.98,123.625,118.655,122.91,20232721
1767969000,123.23,124.86,123.095,124.61,16137674
1768228200,124.46,124.5,122.56,124.03,15314895
1768314600,125,127.14,124.81,126.54,21619727
1768401000,127.35,131.721,127.13,130.2,27593938
1768487400,129.13,130.195,128.3,129.13,17400039
1768573800,128.91,130.16,128.87,129.89,16592354
1768919400,131.51,131.94,130.07,130.46,16477282
1769005800,131.91,133.725,131.91,133.61,18879887
1769092200,133.05,134.18,131.85,133.64,16600126
1769178600,135.085,135.98,134.48,134.97,17758214
1769437800,136.93,136.9398,134.17,134.84,16056066
1769524200,135.245,136.93,134.71,136.83,14517025
1769610600,137.69,138.01,136.67,137.58,15637279
1769697000,140.32,142.34,139.11,140.51,35760620
1769783400,138.74,142.205,137.83,141.4,29657667
1770042600,139.83,140.32,138.06,138.4,27735570
1770129000,138.64,145.01,138.31,143.73,37577844
1770215400,144.115,147.84,144.115,147.59,29426241
1770301800,146.58,146.73,143.795,146.08,18431739
1770388200,146.62,149.57,146.09,149.05,17216025
1770647400,149.26,151.55,148.63,151.21,21297302
1770733800,151.35,151.78,149.82,151.59,15800255
1770820200,153.97,156.93,153.57,155.56,23091488
1770906600,153.89,155.25,149.88,149.93,30652471
1770993000,150.55,151.66,147.98,148.45,20166031
1771338600,148.2,149.13,145.15,146.19,19766567
1771425000,148.15,150.98,147.61,150.68,19849670
1771511400,152.2,153.38,150.835,150.97,20305026
1771597800,150.49,150.8055,146.46,147.28,25908581
1771857000,148.15,151.27,148.13,150.76,16073091
1771943400,150.42,150.72,148.03,149.26,14185457
1772029800,149.91,150.18,147.33,149.06,15225745
1772116200,147.805,150.96,146.77,148.54,15632097
1772202600,151,153.65,149.25,152.5,30275132
1772461800,159.35,159.605,153.03,154.22,31493082
1772548200,155.43,156.049,150.3,151.83,25198873
1772634600,150.72,151.16,147.86,149.82,16764761
1772721000,151,152.33,149.47,150.76,22969271
1772807400,153.15,153.8,149.96,151.21,21136428
1773063000,152.015,153.8899,149.47,150.44,25532656
1773149400,149.25,150.4,147.7,148.13,19617590
1773235800,147.99,151.81,147.66,151.58,15297412
1773322200,152.265,155,151.63,153.53,26053965
1773408600,154.3,156.89,152.975,156.12,22414094
1773667800,156,157.78,154.76,157.23,22835633
1773754200,158.25,160.45,156.8,158.81,21592171
1773840600,159.66,160.18,157.53,157.59,18947142
1773927000,158.26,159.56,154.84,158.16,27082733
1774013400,159.35,162.44,159.1,159.67,53942143
1774272600,156.115,161.42,155.02,161.13,25021289
1774359000,161.71,167.48,161.25,165.38,26131824
1774445400,163.87,165,162.93,163.26,17192333
1774531800,164.09,165.68,162.06,165.43,18625249
1774618200,165.58,171.23,164.8,170.99,30338314
1774877400,172.505,176.41,171.05,171.47,29813504
1774963800,172.67,174.38,165.97,169.66,32006724
1775050200,165.77,168,159.53,160.78,37927639
1775136600,164.49,166.9,159.59,160.69,25377657
1775482200,160.57,163.75,159.53,163.37,16344261
1775568600,164.22,166.24,161.77,163.91,25227501
1775655000,153.52,156.35,150.98,156.22,31311201
1775741400,156.86,159.23,154.31,155.04,25868377
1775827800,154.04,155.12,151.92,152.51,21065019
1776087000,154.27,154.62,151.28,152.64,18685605
1776173400,150.065,150.11,146.7201,149.24,18528163
1776259800,148.6,150.231495,146.9,149.01,15626519
1776346200,149.53,152.78,149.345,151.98,15191033
1776432600,144.86,146.8,141.97,146.44,28947445
1776691800,147.38,149.37,146.35,147.68,16354430
1776778200,147.37,148.8099,146.24,148.36,17515930
1776864600,149.365,150.68,148.18,149.5,13738700
1776951000,149.85,151.23,148.495,150.53,12970401
1777037400,149.64,150.3,146.9505,148.91,13735857
1777296600,149.155,151.18,147.9701,148.19,13940841
1777383000,151.53,152.31,149.83,150.56,15173622
1777469400,152.015,154.95,151.01,154.67,14669140
1777555800,152.43,155.69,151.34,154.33,22885900
1777642200,152.61,155.01,151.13,152.75,15458208
1777901400,152.67,154.47,149.515,153.69,14238533
1777987800,153.1,155.29,152.407,154.88,12494644
1778074200,149.07,150.33,147.09,148.69,20526977
1778160600,146.8,147.08,144.19,146.58,22509403
1778247000,145.85,146.5,143.9201,144.57,19550073
1778506200,146.02,149.72,146,149.68,14849473
1778592600,151.25,151.81,149.7701,150.63,16443098
1778679000,150.06,151.79,149.68,151.57,15772782
1778765400,151.9,153.1183,151.26,152.78,11331469
1778851800,153.75,158,153,157.92,27882407
1779111000,157.315,161.73,155.23,160.49,20065227
1779197400,161.5,163.32,159.6402,162.55,20715553
1779283800,161.61,163.68,156.27,156.28,18509731
1779370200,158.42,159.39,153.46,155.29,17061717
1779456600,154.03,155.5499,153.17,154.92,12948454
1779802200,153.5,154.55,149.47,149.81,13057760
1779888600,147.225,148.685,145.7528,147.9,16241133
1779975000,149.34,150.21,146.87,146.96,14012470
1780061400,146.185,146.93,144.71,145.26,27959898
1780320600,147.02,149.65,147,149.38,16732078
1780407000,149.025,150.83,148.5,149.56,10462402
1780493400,150.605,154.91,150.02,152.53,14372958
1780579800,152.05,153.4271,150.94,152.04,11799385
1780666200,152.005,152.13,149.3,149.92,16583962
1780925400,151.155,153.81,150.9,151.75,13870875
1781011800,150.91,151.13,147.78,148.91,18163527
1781098200,151.23,152.49,149.56,150.62,14596495
1781184600,152.3,152.49,146.42,146.6,17285829
1781271000,145.63,148.91,145.15,147.01,17713141
1781530200,139.74,141.98,137.72,140.92,23631398
1781616600,140.19,142.15,139.98,141.86,18925363
1781703000,141.22,142.34,140.3201,140.74,16663230
1781789400,138.32,138.46,135.85,137.81,48063443
1782135000,138.54,139,137.02,138.47,15783290
1782221400,139.46,140.39,138.5,139.73,13699424
1782307800,137.12,137.64,135.59,136.9,16212918
1782394200,135.64,138.07,134.95,137.55,13297155
1782480600,136.97,137.58,135.915,136.54,22684232
1782739800,136.58,137.39,135.3925,136.06,11972701
1782826200,136.48,137.3,135.33,136.72,28784045
1782912600,136.53,137.49,135.63,136.28,12433376
1782999000,137.15,139.14,136.33,137.09,13708010
1783344600,136.545,137.37,136.01,136.44,13915097
1783431000,138.56,141.74,138.13,141.69,14667799
1783517400,143.435,143.99,139.81,141.13,18291407
1783603800,139.66,140.05,137.12,137.46,14110195
1783690200,137.9,138.965,137.14,138.88,9753512
1783949400,140.92,145.23,140.485,144.51,18724339
1784035800,145.505,146,143.89,145.09,16096428
1784122200,145.09,145.09,142.03,144.51,13444492
1784208600,145.275,146.87,144.55,145.95,13518027
1784295000,149.03,150,147.17,147.36,19031355
1784554200,146.5,149.09,146.23,148.36,12149247
1784640600,149.01,151.76,148.48,151.71,13145278
1784727000,153.86,154.8,152.95,154.45,13788729
1784813400,156.6,158.57,156.06,156.89,15822786
1784899800,156.99,158.71,155.68,156.94,12091569
1785159000,153.07,155.42,152.5,154.77,13958932
1785245400,154.17,156.18,151.875,153.04,16299897
1785331800,157.72,159.0722,155.855,156.75,14581267
1785418200,155.09,157.78,154.525,156.97,12578058
1785504600,153.74,156.16,152.14,155.44,15714152
1785763800,153.455,155.91,152.65,155.06,14532755
1785850200,151.62,154.84,149.09,153.96,14347938
1785936600,155.035,155.04,151.1501,151.63,12227544
1786023000,154.22,154.87,151.84,154.84,11879075
1786109400,152.64,153.67,151.53,153.04,18455203
1786368600,154.5,160.37,154.45,159.79,19761555
1786455000,159.655,161.67,159.27,159.8,13744513
1786541400,158.55,160.23,157.56,159.75,13219468
1786627800,158.03,159.76,157.43,158.61,10542836
1786714200,159.71,161.255,159.25,160.1,10231344
1786973400,160.1,162.51,159.0906,161.46,12858118
1787059800,164.35,165.67,163.254,165.56,18952655
1787146200,166.065,168.21,164.66,164.77,13648940
1787232600,167.02,168.64,166.07,166.15,13803014
1787319000,166.54,168,164.61,165.11,14314260
1787578200,163.87,165.22,162.25,164.05,10843400
1787664600,161.45,162.805,160.46,160.64,17525316
1787751000,158,161.13,157.76,158.19,14847885
1787837400,157.625,158.19,156.14,156.44,14297271
1787923800,156.6,157.42,155.32,156.71,11362130
1788183000,159.94,161.59,158.74,160.95,18369118
1788269400,163.6,164.7,162.215,164.55,11389651
1788355800,163.93,165.02,162.76,164.15,11289258
1788442200,164.43,165.65,162.09,162.21,13761099
1788528600,161.02,161.48,159.16,159.47,16206352
1788874200,160.61,163.11,158.75,160.66,12616378
1788960600,162.875,165.18,162.55,164.23,13133546
1789047000,167,167.37,163.18,165.23,16623704
1789133400,165.07,167.09,164.08,165.99,11369957
